100,100,100,100,100,100,100,100,100,100,100,100,100,100,100,100,100,100,100,100,100,100,100,100,100
99.9248681749283,99.9002242122044,99.9922943389695,99.9549790152917,99.9676537584395,99.8950674115808,99.8703789283696,99.9437872198651,99.9530809310688,99.9134715613954,99.9334072617945,99.853926524692,99.9247602896273,99.8337674166831,99.9171356906113,99.9092082356199,99.9650819389844,99.9775371861473,99.9587705926537,99.9173968109538,99.9277960174673,99.9128970139433,99.9478711225439,99.9686708752657,99.9607099557826
99.8465035520716,99.7919578914984,99.9822836299229,99.9088050240421,99.9323548472816,99.7811838772371,99.7334346847926,99.8837686824808,99.9046702640143,99.8230265091688,99.8632538002373,99.706121458663,99.8428916433456,99.6598173492112,99.8299442718295,99.8108688183848,99.9272935176606,99.9539940056649,99.9150984094993,99.830315619224,99.8508813005014,99.8197008725241,99.8910277122205,99.9364235806954,99.9171098799079
99.5194683964198,99.3443446123265,99.8914475014004,99.6986424424898,99.7531906143747,99.3126341542256,99.1928094168076,99.615934563171,99.6857488292148,99.4525928795749,99.5620771344851,99.1487301197052,99.4909579669252,98.9936632800718,99.4677902386666,99.3998682380141,99.7391377426155,99.8211996188592,99.7089654825316,99.469483621429,99.5229132773112,99.4312939862156,99.6312435656433,99.7746406934701,99.7046639527172
99.6002797589953,99.4448364515804,99.9300315902323,99.7591438158768,99.8067952583163,99.4190966929688,99.3116433349059,99.6866318753928,99.7487784661645,99.5435077151665,99.6373971618069,99.2746921316961,99.575931665318,99.1317312787859,99.5564125342609,99.4953206989683,99.7961519119736,99.8686885413646,99.7699437290976,99.5558939355816,99.6018918758523,99.5219575776217,99.7006592864115,99.8266495208279,99.7654107534446
99.7622967770292,99.659560179974,99.9958113842067,99.8723593004896,99.9074393782903,99.647483618238,99.5653207099351,99.8269449635963,99.8677718930959,99.7284868908165,99.7882566164695,99.5345595681388,99.7526343633898,99.4294878980006,99.7374216900665,99.6969818326942,99.9039389495373,99.9522523533597,99.8856496773147,99.732360562754,99.7628990119752,99.7109612582155,99.8391828192272,99.9203625836218,99.8838250110558
100.1193018939,100.153199988964,100.128773558376,100.111522158192,100.122976848253,100.1710777036,100.143554994107,100.136082660349,100.119347415662,100.136212078153,100.12284755799,100.107442203911,100.152856467934,100.113437152796,100.140027313643,100.156825595513,100.134259898774,100.12161564051,100.131358921692,100.125753352913,100.124603199165,100.139359913196,100.145358805698,100.113684501187,100.142043288786
100.346277442891,100.456282089896,100.216073271733,100.267838288654,100.262834137249,100.485350860653,100.49959065411,100.329444739761,100.280031231406,100.386415224925,100.33598773082,100.464000800302,100.39795800798,100.548026704979,100.388261357333,100.437171582298,100.279149240402,100.231819760738,100.284963336197,100.373737410279,100.354565075146,100.405779051765,100.334147905082,100.24124009856,100.301898884368
100.529457786999,100.70225855793,100.290298100885,100.394885439352,100.378679436452,100.738262433406,100.784624201289,100.486947386184,100.409603239196,100.585335124163,100.509601953257,100.74305336457,100.597310431619,100.897812496823,100.587651412488,100.664141983733,100.397862916601,100.322256523962,100.409140062078,100.573966622356,100.542473089999,100.621976951992,100.488166108859,100.345654137833,100.432861053986
100.615055626206,100.814918137353,100.332777573234,100.457613341542,100.437862546894,100.853234809685,100.91158753473,100.563024314603,100.473125722428,100.676507025954,100.592107119999,100.864195107829,100.69092407444,101.051036787354,100.680076483503,100.768828871944,100.458013268561,100.370378371512,100.470805931398,100.666700512453,100.631175083232,100.722128826221,100.563012197896,100.39933951824,100.49819307946
100.907633219104,101.232253633996,100.451183253666,100.653259680287,100.624592822963,101.27996050342,101.380196758454,100.82250763823,100.67208656371,100.990838295678,100.876463544549,101.288549713691,101.028156333009,101.623506707502,101.00558350802,101.152187496788,100.649457461004,100.507401634186,100.664928625596,100.990675459022,100.9434452339,101.083889819752,100.81896236049,100.558054138284,100.712885273839
101.025400847241,101.392247681059,100.505881227537,100.736893464888,100.704421419381,101.440951532411,101.558542892331,100.927608152127,100.755760640264,101.113500043398,100.99171615774,101.450924258997,101.159643751846,101.843142540969,101.133527706283,101.299622760725,100.729948837025,100.569044203952,100.745846508555,101.119134842896,101.06869586816,101.225410292835,100.921767012679,100.628245955591,100.800679136804
100.795965491523,101.045871896697,100.43314733318,100.595739606121,100.568489716155,101.09236393787,101.172399965717,100.724940551634,100.61451340019,100.873062667127,100.764803816662,101.121683701723,100.886021164111,101.356970619569,100.874132885603,100.985530559103,100.591512456156,100.482267754416,100.609367584039,100.861318404322,100.814712088325,100.928481513461,100.723723411941,100.520862337649,100.642572913701
100.571245335693,100.71081591076,100.364111218548,100.456719653542,100.439353436594,100.746552507079,100.792911006507,100.523109783171,100.472247789965,100.630298100989,100.544289294438,100.791140516343,100.616330315554,100.89365139028,100.612106478213,100.676117276644,100.452176898749,100.394038436727,100.470481621104,100.610255627318,100.57177463668,100.639084673472,100.526112927968,100.414824429025,100.486481529798
100.384953379649,100.433588162807,100.310207140159,100.342253859963,100.335975869068,100.454281210659,100.474869539936,100.35415971243,100.352713521845,100.423362394708,100.362837995023,100.510134332189,100.390816035457,100.515006272835,100.389108835929,100.416804141265,100.335373407409,100.320529894007,100.352690770867,100.402546556302,100.373851884873,100.399085216426,100.360181774794,100.328019401907,100.356683414334
100.535112334792,100.642229021502,100.376813185824,100.446853941361,100.433320783892,100.67491437148,100.70967680655,100.494545751254,100.461528785098,100.58887290196,100.509834804998,100.720904055349,100.567571138131,100.783269884791,100.564904892359,100.615272303462,100.44290453756,100.400215197422,100.461246972269,100.566238570335,100.530734593347,100.583921533644,100.499222382439,100.415274623899,100.472547162484
100.909111766476,101.186342105954,100.527570486942,100.695281834261,100.667884908503,101.248735006005,101.316652578524,100.844638028075,100.719998290187,101.000493996045,100.879446120685,101.242698874985,101.021387324184,101.479601336764,101.008588899087,101.128769355437,100.70215457119,100.581072058092,100.72055937632,100.978694415321,100.930435983725,101.059407822946,100.84684540712,100.616893490485,100.757473660479
101.225733621873,101.625868759633,100.650901079522,100.910537031764,100.865836430306,101.699795202266,101.814384089457,101.130341479968,100.938061220343,101.335432209496,101.190647829703,101.680794053684,101.383804673696,102.075361352715,101.369543605508,101.539053288207,100.912506945578,100.733341097023,100.932026156261,101.324261977662,101.26631344518,101.449469498895,101.124365889607,100.791688798658,100.984756209928
101.774267525715,102.381994303113,100.851229910682,101.280943423569,101.202941411508,102.463848170403,102.675011604345,101.614523781779,101.307424346639,101.902405940706,101.728726195211,102.436166998934,101.999264264847,103.135933903994,101.983932149212,102.238348286098,101.262875089724,100.985415898114,101.283928041972,101.922519902099,101.849776711195,102.121554885748,101.590240691006,101.088908599883,101.363306037671
101.871560980739,102.500707063167,100.894619343014,101.353888902316,101.267944145892,102.579542756949,102.812284039539,101.697632648825,101.378179373662,101.998025726675,101.822894148438,102.565370279608,102.097366653714,103.312620843327,102.085328098296,102.347867458201,101.327100397093,101.038448110928,101.349230455237,102.025672181976,101.949980414623,102.231283071664,101.668542778215,101.150582248012,101.429772072183
102.060697419079,102.744844711968,100.968271717361,101.487833049708,101.388489397883,102.817449662002,103.092977191298,101.857937231465,101.507976387103,102.184020188565,102.006122232927,102.817901415402,102.294623728052,103.678509053811,102.285244858372,102.570817413136,101.445775322188,101.130175210547,101.469137012729,102.229377071761,102.148216810582,102.452150932504,101.820378228742,101.260275660735,101.555565084334
102.382051998394,103.173945873036,101.086969944289,101.708781043499,101.590311136988,103.234906621866,103.581550918401,102.130659935438,101.72161509969,102.498777409325,102.318553236954,103.242213410148,102.638040319425,104.320359869427,102.627493545172,102.960608775935,101.643669748847,101.277036778635,101.667276744971,102.57863180014,102.489748661449,102.835644122547,102.080200563185,101.438399728268,101.768529685533
102.380265579963,103.164713348689,101.099857862105,101.714148143349,101.597119909779,103.2268436769,103.568071783632,102.132598409351,101.727701613442,102.497912792999,102.317442349975,103.233424424171,102.635017569512,104.294871004945,102.624556160376,102.954312156821,101.650980662492,101.287920049133,101.674621978221,102.574885497867,102.486496707408,102.829588510603,102.08314241844,101.446886374713,101.774819538513
102.241097423387,102.962685270318,101.065316968965,101.629074407151,101.518852112199,103.032368861844,103.339383161019,102.016981254229,101.646975929257,102.364429269658,102.181424462246,103.049525188844,102.47924944093,103.982403484031,102.473588109943,102.774113107777,101.575491452773,101.241490888126,101.600892188137,102.419892003919,102.333432816024,102.653878641362,101.973168066032,101.384211824771,101.690218033967
102.237527222076,102.949188426226,101.076982306326,101.633610988418,101.524224020937,103.019604466092,103.32219473433,102.016402986335,101.651959906952,102.361363888437,102.178201928614,103.039707551778,102.472444038004,103.953734406697,102.467667521599,102.763660989815,101.5809069273,101.251483775706,101.606668860046,102.41390645519,102.327715209626,102.644459244043,101.973261173864,101.392011334128,101.694230645928
102.484823709584,103.303682929258,101.180970467064,101.800574280112,101.687833760028,103.368320941647,103.706015339938,102.240486207291,101.815598243964,102.604836545361,102.425542224271,103.337683258808,102.76153576755,104.44116813634,102.742767064633,103.088501088858,101.74553696452,101.367952011666,101.765470040672,102.686163531032,102.600819848135,102.955972936581,102.192644528674,101.527990585713,101.874250550271
102.771554052647,103.714266763856,101.299433351794,101.993859120202,101.876915738605,103.76899263813,104.149641046436,102.499992707908,102.003311035166,102.882848521788,102.713972924177,103.676603890582,103.09572666609,105.010912698716,103.060785856706,103.463823301154,101.934555435056,101.500880519213,101.946479679056,103.001389970682,102.919696772078,103.317958968764,102.445175402748,101.684701751717,102.079969013894
102.951931403163,103.965294739439,101.377613124962,102.11899011587,101.998361434669,104.011613861596,104.421000104797,102.662616140944,102.123723328914,103.05482937344,102.895633918027,103.885249412283,103.301171085848,105.363200619418,103.257846324188,103.693352204409,102.054701173178,101.58845028682,102.061572856487,103.198043624186,103.119504201875,103.541759603361,102.602295874159,101.787564840651,102.208888778012
103.190393506231,104.305006138686,101.478806018711,102.281504414402,102.158072474376,104.339605548297,104.784690397044,102.879663531103,102.279807921116,103.281026858559,103.137867202473,104.15490125995,103.578649039871,105.83511763487,103.521222710485,104.003626855576,102.213028501274,101.70058440046,102.211523394189,103.459196430826,103.3873759665,103.843136404347,102.812481915196,101.919953185445,102.379676237008
103.022404642959,104.050552803726,101.428680690692,102.178421742932,102.057313978032,104.0966485319,104.510863132301,102.729733430733,102.183059162782,103.125733154695,102.96566029236,103.965079565814,103.377288011846,105.466708035315,103.332110184539,103.774532197895,102.113953652445,101.64126369515,102.120369095062,103.272104554713,103.192952379509,103.62076025089,102.668982875561,101.842863447885,102.270509069178
102.596995506185,103.416677588098,101.281576789595,101.907264261774,101.793889066508,103.477874536989,103.829394006152,102.33905877296,101.921787288266,102.720083945166,102.530743172718,103.486069381166,102.862585137296,104.587010754553,102.843141048841,103.193487406535,101.843833203882,101.468728535375,101.868551615455,102.801891420424,102.709289168657,103.062873837064,102.291150048348,101.632621915676,101.977468601647
102.936714166771,103.876875008124,101.407367452142,102.140566097438,101.999837355101,103.952435798891,104.353168230021,102.651443916129,102.156123638107,103.066112499993,102.863772310835,103.900216046361,103.252636900375,105.226446199747,103.241998669093,103.632471413037,102.074443525847,101.635000369367,102.095662578707,103.168147564054,103.062490042432,103.479603729811,102.593336871018,101.821720570085,102.216341937305
103.459838372271,104.582939947892,101.590371963508,102.497340478091,102.312915072241,104.67036138149,105.159920609496,103.119330342477,102.509631352349,103.588853652214,103.373773909784,104.535024936969,103.840526465514,106.239354351373,103.843072766362,104.298091132386,102.415152923447,101.880469853926,102.432997683635,103.73273429056,103.607026119115,104.117018583071,103.043214119846,102.108019195157,102.572329932334
102.739545468746,103.654008082955,101.389720369549,102.009492824504,101.90918678536,103.755511774717,104.062819324894,102.519345001273,102.042109829076,102.900239337875,102.685513599373,103.642372650086,103.091794039792,104.763837172487,103.054538833415,103.43967073481,101.996046733568,101.576546183536,102.010496836208,102.96044017675,102.869949188121,103.269996934175,102.483882599085,101.727910393092,102.138954200412
102.744363335096,103.656200349978,101.405906781632,102.018784149754,101.921443965564,103.756751363341,104.059987749452,102.526920856338,102.051355018549,102.904562924467,102.691851059966,103.64125668264,103.096930069195,104.754459740442,103.057378375585,103.442499880507,102.007014238974,101.589445747869,102.020782644292,102.964511362408,102.876049670823,103.273342869823,102.492325155701,101.739447310014,102.150029653851
102.815642836279,103.739198339284,101.43935794974,102.074120132028,101.968289483764,103.843015321121,104.158860765014,102.588849314868,102.10703444696,102.977855660038,102.758035332788,103.731409027009,103.168661901035,104.875710834104,103.135156499673,103.522533153852,102.05752897097,101.632857359518,102.073592330457,103.039097373802,102.94386494503,103.350844343212,102.552096531598,101.787319127392,102.201415350481
103.041803748286,104.021936998369,101.515650678185,102.2335767536,102.098617378316,104.139063582546,104.501617177484,102.777478318413,102.268405026373,103.21288586633,102.963894463355,104.02779885355,103.401774599278,105.309785845817,103.386922582728,103.790687525915,102.200431037121,101.745329274267,102.225568735611,103.281107562826,103.158936234792,103.606157658581,102.734560344029,101.917215854846,102.351855015672
102.534858412662,103.354791897375,101.387227116841,101.900944108569,101.831307002112,103.44098706281,103.689750598363,102.367892381427,101.93159947967,102.685297386704,102.508064786753,103.353863841681,102.870364980479,104.25635348192,102.819403336666,103.16741028245,101.907548576029,101.53271588584,101.910267601172,102.729261790881,102.674020802095,103.018518703638,102.337043847106,101.659562772091,102.032217199146
103.193729013309,104.176493159224,101.573284192291,102.352954694085,102.178815103511,104.332860051083,104.724578924429,102.903598381601,102.402841750473,103.404799816131,103.085573658635,104.283431328698,103.54285678456,105.55177527872,103.569002629098,103.953964773883,102.308701533244,101.845240229512,102.355142475417,103.436840995459,103.271507333345,103.752660917749,102.858764281224,102.020123390587,102.458473405966
103.356095181939,104.365503965043,101.627497082057,102.471198891675,102.270612952309,104.530698030722,104.964081787832,103.031316295472,102.522337966723,103.574344634694,103.22745256125,104.509054967031,103.696752757063,105.865986817133,103.742280689094,104.132344833618,102.407309767704,101.928403747532,102.464535833302,103.608739542073,103.417972349699,103.924790355035,102.980932840833,102.117197990812,102.561603038887
103.628962186724,104.696095243986,101.710832109427,102.662719411864,102.420815648923,104.87673828252,105.380372373783,103.242823654329,102.716438994422,103.860438685769,103.464240648294,104.888155234054,103.960101428181,106.419101717066,104.033534777977,104.440835954326,102.567081626743,102.058503326833,102.642956425287,103.901511574336,103.665910046179,104.219500320189,103.185117840345,102.271584423425,102.733650937064
103.649730607163,104.717127769819,101.731066789312,102.683228308381,102.441245964464,104.897817783495,105.401607980209,103.263464853331,102.7369601521,103.88126265102,103.484947203549,104.909256148845,103.980929885301,106.440661011208,104.054396402924,104.461797300117,102.587546404639,102.078842006478,102.663450899269,103.922351936497,103.686667688915,104.240405766655,103.205742692108,102.291985547476,102.754161129971
104.047995378556,105.230404590925,101.854412929052,102.952607875558,102.664218712884,105.431901120551,106.029889242233,103.573572315803,103.010227825824,104.298474778247,103.83292552863,105.447065226829,104.381867297123,107.285496547013,104.478527594684,104.933439018616,102.818646188133,102.258509451545,102.918891911214,104.357890642686,104.059341577242,104.685272392381,103.510333871357,102.507017186601,103.01347298851
103.679197996555,104.749812950448,101.768819221111,102.714776848303,102.474741106762,104.938759916811,105.431635293493,103.300539060165,102.772547281432,103.919126431388,103.516092752421,104.938015122576,104.018907867385,106.441270751489,104.093123537735,104.499532878697,102.626931280476,102.117148036923,102.70328707582,103.951334529815,103.715643824836,104.273186358048,103.245408257797,102.325771501122,102.793675936407
103.438888077398,104.438582268431,101.719625793848,102.561651551109,102.358442124664,104.610364360565,105.034683732653,103.122856829517,102.615457063386,103.661893539271,103.313888366237,104.588015093873,103.782143575928,105.891152395759,103.835634444772,104.214860085215,102.502695977352,102.026231776388,102.560045228586,103.686529801548,103.498758878768,104.006642324985,103.072391647893,102.210414673067,102.651920129282
103.180804838454,104.09947183765,101.664064675312,102.398033563227,102.232536114272,104.248671970565,104.604284462522,102.92915542776,102.445221901815,103.380231825762,103.096630876127,104.209196008494,103.522739289496,105.30325461679,103.555468596694,103.903429488338,102.366112582694,101.926934895917,102.402505985049,103.401014270026,103.265628561422,103.717947675701,102.882033450242,102.086719975286,102.4950700285
103.159800948714,104.066010258361,101.672799304981,102.391110459522,102.231110835694,104.211129456351,104.557156548615,102.917339410197,102.436935010841,103.354815759578,103.081747319759,104.16951019355,103.500966543284,105.233815795049,103.530619971554,103.873857327624,102.362700257843,101.929193718898,102.39582290546,103.375835078726,103.248464372767,103.692208394679,102.870509536112,102.08563614299,102.488515177493
103.141642365792,104.034371488397,101.681680048224,102.386451047114,102.230603981413,104.175687609052,104.513779743152,102.907137896592,102.430974092793,103.332513985083,103.068778019409,104.135399077967,103.480710890221,105.169865950076,103.508622655924,103.846201981469,102.360522430279,101.93284890782,102.390931198073,103.353387153579,103.232950183428,103.668531618904,102.860300513145,102.086318863134,102.482904372306
103.375350262635,104.354221783449,101.767979820894,102.542684116149,102.368909124048,104.51667275461,104.893254717653,103.100790381831,102.594499641698,103.589256137892,103.277296539554,104.449994158964,103.734721705997,105.661805097854,103.76618470339,104.142087272011,102.507665958468,102.043918313176,102.550785689975,103.613041962444,103.457908214924,103.940103651216,103.055145959496,102.213167833012,102.651464368782
102.969855957626,103.770936507054,101.65203996346,102.291873949252,102.148992845943,103.897463596893,104.198928410588,102.77160757127,102.331868449251,103.144369378123,102.916244732059,103.896754185674,103.284367543582,104.736642580288,103.315179836689,103.609650484362,102.273522136058,101.883935783995,102.295500366816,103.154987730405,103.061506703117,103.453821224709,102.724835344319,102.020739634649,102.374307237356
102.998963270948,103.803323211525,101.674788092264,102.317775259227,102.173878874473,103.931070690723,104.23417924748,102.799142788827,102.358196236329,103.174787697874,102.944255815979,103.929926367884,103.314269338502,104.776105887339,103.345576727475,103.641287017152,102.299082122359,101.907990222623,102.321674620936,103.185094434025,103.090027821489,103.484398444471,102.752354944555,102.045390522489,102.400595734712
102.607815261207,103.244452794014,101.565719005797,102.075831470081,101.968403031403,103.31638166406,103.555514386177,102.474676001621,102.096763952188,102.724135719847,102.598503237514,103.372382985846,102.874096403196,103.906774317344,102.894549855214,103.120605110987,102.06562131319,101.747778756898,102.062996983897,102.744412341904,102.716734156849,103.016198960836,102.425290882114,101.859234330152,102.127868930892
102.847902685122,103.564332191481,101.650802592616,102.237650952128,102.103588326742,103.675969641793,103.950403718217,102.679065092719,102.273052380686,103.007051098319,102.810346904997,103.721502518536,103.136386527087,104.39129782812,103.172812493046,103.426233862196,102.222803990427,101.867804110093,102.238059042843,103.008901507116,102.938707966022,103.29179707245,102.630629754782,101.991085831001,102.302931059266
103.164083173577,103.994483894147,101.760494151121,102.44728860807,102.281648820542,104.155462433953,104.476796291828,102.946555894786,102.500228290113,103.376754918527,103.090855046679,104.1762435873,103.484457114107,105.045821770189,103.536570943546,103.83318130666,102.425922115018,102.020096273861,102.46363092622,103.359513838061,103.235709386987,103.659146466985,102.8996552276,102.160487224531,102.53278640621
103.202475762837,104.039878365744,101.786128399484,102.47911825538,102.31162138396,104.20341988715,104.527959352491,102.981778562071,102.532939659178,103.417993572619,103.12716534624,104.222872317441,103.524593031413,105.105665405129,103.577504262285,103.8769050057,102.45710956226,102.04820659354,102.496098158997,103.400034013499,103.273162218866,103.700690993149,102.934858987291,102.189805628984,102.565628241832
102.959084216027,103.683246375524,101.721592247476,102.332314059891,102.185142123172,103.81021085529,104.095814170037,102.779904244313,102.373651252025,103.134334810991,102.909974679361,103.873143441247,103.246855633647,104.550474110079,103.296025871269,103.546793850372,102.314584331356,101.953525746838,102.337656373726,103.123592745238,103.036682224854,103.404437077199,102.731430098243,102.078498381024,102.395894751636
102.968451137602,103.688030071701,101.738232332514,102.345601781389,102.19932544939,103.813241170705,104.097389653905,102.790860843445,102.386323947826,103.141778060304,102.920434314174,103.877927474923,103.254738069767,104.547415638419,103.303634579675,103.552530952553,102.327941446715,101.96884712334,102.350302543841,103.131627469083,103.04643131186,103.411657104315,102.742300864607,102.093218496775,102.408168986223
102.908617878099,103.590211075486,101.731272608607,102.315579710932,102.174060993107,103.702828057296,103.978312253631,102.741313195011,102.351983789555,103.068255461838,102.867121440511,103.787531401439,103.180790969452,104.39533425497,103.23001649563,103.462502777093,102.296942577254,101.953710315648,102.315073207642,103.061301850531,102.986936797867,103.333170662855,102.691768286339,102.073741872803,102.36833464124
103.175955587144,103.985057801172,101.838932632217,102.489456050593,102.337871476513,104.136253514707,104.432094038731,102.981932938584,102.538747295113,103.376824786131,103.118986563947,104.139511059821,103.500513885437,104.945530618337,103.54300636009,103.832080047179,102.478279418324,102.0826222155,102.506534576662,103.362314629028,103.259851229872,103.665507526558,102.936161985506,102.21540200313,102.578523205615
103.268239997673,104.113479275463,101.884559073361,102.554842928553,102.400341120563,104.273716026775,104.577093587841,103.066108990028,102.606995108299,103.47893572336,103.207537173936,104.254536491537,103.606887457616,105.121062439217,103.647331474145,103.952527880263,102.544816507288,102.134200129751,102.575411872896,103.464103785204,103.354776996119,103.776568740049,103.020627059118,102.271279599765,102.652863081416
103.233015143856,104.048305953214,101.884106352137,102.540471350031,102.387102223191,104.201926011912,104.500984811991,103.035892366942,102.590603002258,103.436707823695,103.174061038537,104.204726096993,103.558847185889,105.022649883343,103.602248089863,103.893751696232,102.528551595065,102.130179113625,102.558129876878,103.421343995721,103.315946675316,103.725266498778,102.990027680146,102.264098699777,102.630320806164
103.156424396746,103.915727423131,101.866624284415,102.500619861477,102.347569070532,104.058046282763,104.352348322306,102.965580627468,102.547408770422,103.348568022645,103.09845788189,104.107178063816,103.456119097865,104.838494313638,103.506755259832,103.772450177461,102.483446802733,102.107908249356,102.512643110314,103.331343530764,103.230380694059,103.617567077483,102.918827004093,102.236657322439,102.574002786662
103.235366978555,104.03016627216,101.910302578008,102.557178102465,102.40448011081,104.179443723499,104.475236279577,103.042090248605,102.605965619984,103.434340674282,103.177863207841,104.196904041931,103.552790333919,104.980428305415,103.598362092158,103.880268267697,102.544183549761,102.15406263475,102.572934666471,103.418401817823,103.315964166964,103.716858752869,102.995901156102,102.285727783525,102.641443032342
102.932094278838,103.521730997515,101.795329939926,102.377153508019,102.217579055238,103.635279095899,103.931110767695,102.744424180568,102.416297759831,103.09783130745,102.864751925767,103.851859349451,103.141110993265,104.343542068795,103.220921112385,103.408496226789,102.335970281433,102.030147502669,102.372061533096,103.070456741554,102.966971903373,103.292466648908,102.695019015329,102.146448785747,102.396239956427
102.82405078954,103.34322260486,101.766488177733,102.316238425081,102.160708908472,103.435043596677,103.729094007002,102.638651404359,102.3492347139,102.970260377033,102.756038675772,103.71750978942,102.99481528175,104.114907166057,103.078686518359,103.238544166793,102.264389041371,101.990261435824,102.300594073568,102.947003632932,102.848725373125,103.142039192686,102.58888170444,102.101836415535,102.31370400687
103.007949194302,103.620893934999,101.850341033473,102.439486433968,102.280333743114,103.740974517058,104.034266537778,102.820975628433,102.480414551334,103.179270709105,102.942063523466,103.931676037193,103.230731022756,104.449169003054,103.307574377953,103.505040738836,102.402684292319,102.087090050719,102.438232458174,103.150900465111,103.047702657892,103.382639496732,102.772370713569,102.204387201081,102.4669773511
103.421833708944,104.264319119877,102.02553383673,102.707690948526,102.543294867349,104.444396766269,104.736770452699,103.230227070083,102.76431897137,103.645086988847,103.365059337828,104.404415410875,103.770026935515,105.223153163385,103.825037754183,104.117524531742,102.704718201398,102.289583229258,102.73622448979,103.612835837319,103.504838409957,103.936280487265,103.183316550924,102.422687803571,102.806065463986
103.51110901107,104.386356105184,102.070484464179,102.772701448375,102.605251415212,104.572033549943,104.871713891062,103.314779264805,102.830439256538,103.739482717292,103.45506504609,104.504338400898,103.873488240246,105.37777636495,103.927734849475,104.233007775612,102.770838478366,102.341034700131,102.802252046883,103.709354168848,103.60048133194,104.045692931375,103.26594452076,102.478534096406,102.876794415722
104.139883331122,105.330646649675,102.317682341102,103.183187257905,103.001279404591,105.564019668253,105.912829210206,103.909611655365,103.250460483226,104.410577578557,104.096564301514,105.20368074693,104.647890611005,106.582404892277,104.679285214101,105.115111822488,103.201038606054,102.634643007128,103.226409356792,104.406129392353,104.298106905651,104.86826778946,103.848963867127,102.809320167074,103.354241329279
104.374141128134,105.635634724081,102.404378653365,103.347352546699,103.147715777358,105.865514116448,106.268267914077,104.111841631511,103.410666255989,104.643006537441,104.328678290232,105.469516932052,104.893249975799,107.033506157353,104.934084591109,105.3944887003,103.348269644175,102.747970112384,103.375844302486,104.658315664275,104.546890981223,105.146310123696,104.036772379757,102.943376113336,103.508461143268
104.701419304521,106.072065362134,102.521744717698,103.572269374903,103.351112336821,106.295411302482,106.772624063283,104.392672266751,103.62947053972,104.965968359532,104.652446904496,105.836133414822,105.240792346559,107.680380524643,105.289523771038,105.791678938602,103.55056694278,102.899960254025,103.580370876129,105.013202583211,104.897230523538,105.53953294398,104.299564791456,103.125260321372,103.723804255477
104.718914600361,106.08868579051,102.541056101353,103.590629710034,103.369657301191,106.312189508948,106.788670570135,104.410642699348,103.64793043266,104.983614733182,104.669986398091,105.853470443703,105.258215837676,107.694951719768,105.30689104286,105.808685536866,103.569200106317,102.91898970178,103.598989423653,105.030464244054,104.91452071784,105.556515420743,104.317704751386,103.14399555398,103.742325924926
104.578840714373,105.884469797461,102.508217218505,103.505467563987,103.291889984482,106.112984183938,106.55399449833,104.294067670782,103.566367718332,104.847661813325,104.531439115614,105.699581947412,105.102670274755,107.381955305359,105.15259622056,105.626877203162,103.493600883358,102.871634417325,103.523672714461,104.874371769348,104.759772026218,105.378607925567,104.208346416083,103.081084825643,103.657628049678
104.734486097339,106.098404090685,102.574390906192,103.613869576279,103.395181390532,106.324766748956,106.792242500142,104.432125886629,103.672820044,105.001834532531,104.686025313099,105.866271683755,105.275791163225,107.682028570035,105.323251061702,105.82255337229,103.596796256736,102.949362428524,103.626187271294,105.044184862579,104.928185138861,105.568693387694,104.341518024556,103.170905096865,103.769193712897
104.756602553109,106.121410222196,102.595213913223,103.63529084489,103.416529439058,106.347794470487,106.815595916487,104.454027478961,103.694234303756,105.023985516078,104.708133396486,105.888683260018,105.298226134972,107.706156243186,105.345644538211,105.845320103345,103.618183548451,102.970355365829,103.647562702196,105.06650928814,104.950486934299,105.591343209963,104.363361655127,103.192057154066,103.790706108067
104.471532147425,105.680483494979,102.502211578158,103.460532353733,103.242373745542,105.91108026843,106.335988454556,104.196958574445,103.52274823686,104.74244235764,104.418522902314,105.597857921908,104.951203024429,107.099665541978,105.017909867956,105.446966681652,103.442607386547,102.860714621672,103.479390586713,104.745969919593,104.625280817997,105.212496253518,104.112916601284,103.058056986728,103.591980914233
104.227866644882,105.312910176636,102.429116468544,103.310409937073,103.101741827077,105.534287398202,105.923562560193,103.975567523311,103.371100520476,104.491159152027,104.175766076576,105.335594197596,104.65613986516,106.595277438867,104.728280736848,105.10736778683,103.290085055121,102.764135642595,103.329774660615,104.474190760821,104.358531092502,104.893663826704,103.8971797861,102.943194323911,103.423319435045
104.537849617118,105.756057288192,102.549677686837,103.517997805263,103.294654048533,105.996579337477,106.421952355498,104.262626450542,103.583836737748,104.817906827401,104.481794089851,105.675099898607,105.023592033482,107.181516123738,105.095523965253,105.524650234127,103.502528373533,102.915279841886,103.541655346732,104.814162813346,104.687562459913,105.28427332604,104.179042067792,103.11216433215,103.652429215463
104.555038838211,105.771921019562,102.568812066715,103.536225030427,103.313025230321,106.012342604183,106.437274506201,104.280106446928,103.602051646896,104.835031234564,104.499023642671,105.692198643839,105.040268968466,107.195766565368,105.112217752231,105.540823601594,103.520768968747,102.934119323146,103.55990940938,104.83104873372,104.704537073858,105.30066763605,104.196592859016,103.130790861443,103.67049824698
104.97681298832,106.390786909449,102.732632830224,103.814163934008,103.578696129365,106.648309054689,107.120903658993,104.669130882312,103.88347213829,105.270571548674,104.919718582526,106.136931729252,105.546447953675,108.00960805202,105.606728799097,106.116718708096,103.804882827434,103.131723402441,103.840077999963,105.296667520602,105.162938298119,105.841115194083,104.579344635726,103.355305720542,103.982457678419
105.424885845919,107.015238453322,102.895464268423,104.115224209854,103.856270891852,107.27213232901,107.825833815079,105.064475145524,104.180060905477,105.71537405889,105.362246288827,106.611042432526,106.049850927995,108.891890798923,106.110208692449,106.690813173615,104.090303971302,103.337232570343,104.123961080035,105.786094448326,105.644052159265,106.395227845303,104.958727240204,103.597382043246,104.290047411172
105.470390957604,107.069575964254,102.92358180569,104.152339565153,103.891459940088,107.32564972585,107.885475953745,105.105951413208,104.216506442413,105.75986519034,105.407124576933,106.658390834715,106.096999317307,108.9640766614,106.157896660602,106.741978545738,104.125407324277,103.368179398413,104.159118867354,105.833796822156,105.69114079965,106.445970371675,104.99889962729,103.630895587778,104.326166032303
105.319078456427,106.850164347409,102.887242731411,104.059575988872,103.807697662542,107.11174990683,107.634803897636,104.979386599093,104.127748058601,105.615203179295,105.258743768426,106.500700020656,105.927976610002,108.630176700413,105.989999770921,106.545179336381,104.04247489309,103.315893502753,104.077155075525,105.665954381772,105.525948726932,106.254433753748,104.879285406696,103.562107531497,104.234253995521
105.543142804179,107.160861476961,102.976268782278,104.21287355439,103.951779530296,107.419316339386,107.981011349707,105.177325275782,104.278035238921,105.834759083415,105.479677176319,106.732271403144,106.179304415967,109.068419182616,106.238257098303,106.830129269707,104.188231353626,103.423032501773,104.221338463846,105.910546847663,105.76691686446,106.529771543216,105.070630183513,103.687256458184,104.391665874034
105.523884770864,107.124213226316,102.982856207478,104.20739078206,103.947706897173,107.383611756276,107.938100759285,105.162959849493,104.273273788184,105.81677865061,105.460788614213,106.712586497191,106.154331790227,109.007251059327,106.214409045248,106.798674570963,104.184055817651,103.426511901253,104.217700227572,105.887217086667,105.743920251803,106.500192957041,105.057468759199,103.687208098493,104.38510128349
105.544388202728,107.144822038957,103.00313279246,104.227788292606,103.968059809783,107.404279591806,107.95881367479,105.183435408623,104.293690278475,105.837351375936,105.481277917167,106.73333080716,106.174878105867,109.027989456251,106.234990011038,106.819276403514,104.204451912313,103.446849172579,104.238112945841,105.907744710099,105.764417369243,106.520762742573,105.077933019127,103.707561254629,104.405507289205
105.478697242508,107.033129378552,102.990634070521,104.193380645053,103.933286270563,107.293788714281,107.838410606058,105.124181955568,104.260191352035,105.773685256737,105.413853543141,106.671519626614,106.08902832569,108.873716216694,106.155762833753,106.719056263987,104.168486210777,103.430411202501,104.205097503344,105.832075622862,105.686803148268,106.42703828864,105.01998879105,103.68458939454,104.363011653681
105.368531303646,106.84883163664,102.959349545146,104.131171011386,103.869031309447,107.110082230396,107.643647489909,105.020532889482,104.198782166581,105.665690015478,105.29923559814,106.56989169931,105.943294722464,108.633593805742,106.021915348145,106.55152137804,104.100986535665,103.394351253429,104.143210523596,105.706454192594,105.556455758124,106.270926648416,104.917731689475,103.639502113354,104.285281581388
105.428888673754,106.93257071765,102.995648813314,104.176739527383,103.915228752551,107.194335316166,107.730388863759,105.079678300607,104.244359234772,105.725930697866,105.361274622411,106.627641326536,106.015605265479,108.732183859087,106.090576454702,106.630545951544,104.148845513469,103.432183128184,104.189207448287,105.771520841478,105.623167159357,106.34600708755,104.976537024068,103.679840389861,104.336204744123
105.374229799761,106.831242268253,102.984464737219,104.149943439742,103.885969792557,107.092044143157,107.625865007073,105.025400208535,104.217520596938,105.67174112728,105.302017582015,106.580927877035,105.93555710635,108.608788983567,106.019035577642,106.538022417843,104.116201541379,103.419337969036,104.160951766646,105.707862226521,105.554709880153,106.261505980946,104.922578136933,103.662661018439,104.297491454104
105.484418840572,106.99948471562,103.043319515631,104.226570206493,103.966087568871,107.262189258382,107.796489391229,105.136966569752,104.294442548428,105.781803370186,105.418922180919,106.680363063273,106.078832077003,108.797541827482,106.151336041898,106.696230334383,104.201259529312,103.479720084553,104.240122397853,105.828813398607,105.682693579538,106.409378364396,105.033928189823,103.727825285574,104.38984622381
105.697366205578,107.340607460014,103.148315287798,104.367647198608,104.116126634977,107.606831667546,108.138724394581,105.356029678948,104.435813590382,105.993294565184,105.649273608445,106.865074537957,106.367062361624,109.171312801721,106.413889924794,107.016096785471,104.362294036824,103.5864135483,104.386874996594,106.064584774275,105.937371966098,106.706816447055,105.252411668855,103.844468533496,104.566425169933
105.828248884927,107.541674076844,103.216355491514,104.458115037496,104.210696625839,107.807938462428,108.340986276852,105.489496091684,104.525539816022,106.121279042113,105.790659858228,106.978470628976,106.538245673007,109.391943042052,106.571825475681,107.204887873219,104.462276754122,103.656249252297,104.478595927766,106.207682714684,106.092456993304,106.884837618421,105.384244112186,103.920716179362,104.674113189764
106.032466739879,107.865224746371,103.317422593764,104.595120000353,104.355587260836,108.13104091305,108.66362256109,105.700116759474,104.661084455449,106.319744114083,106.014334726993,107.14980900662,106.812584993409,109.739288943311,106.822590745791,107.508247927114,104.616417317522,103.759221880606,104.61784949683,106.432002595494,106.339409507138,107.170087440802,105.592177578631,104.034151089369,104.8409828751
105.842742991072,107.543951220682,103.246355181765,104.480862948028,104.233568350193,107.813181640537,108.343178748179,105.504237596158,104.549839668132,106.139752380904,105.801588345957,107.000620002701,106.546607400791,109.391586506006,106.581708184822,107.210033418719,104.485167554056,103.685031624244,104.5038174159,106.22064097783,106.100358744577,106.889639803181,105.401014664535,103.947043122926,104.696857603202
105.993991828021,107.773388459515,103.321529927597,104.585599162287,104.339777164187,108.045715460369,108.57649890552,105.660040397855,104.65439642392,106.288963291467,105.965293801311,107.1307433372,106.744745660102,109.634048519702,106.768679033619,107.42853974757,104.601307107357,103.765908205055,104.610586964151,106.384437710594,106.277895834417,107.095403234614,105.554024297199,104.034837343955,104.819600636645
105.937041322115,107.669127943348,103.30885557773,104.556162525553,104.308770202701,107.940191692131,108.471258805313,105.600117110314,104.625279177184,106.233844956443,105.900404645762,107.088072339615,106.659268591478,109.525016350009,106.690770725261,107.331045686837,104.564929163619,103.750578315914,104.580056422177,106.320026245764,106.204399213235,107.005419126783,105.495602455944,104.015353559904,104.77898459012
106.116017710351,107.949284442259,103.398082347551,104.67796312753,104.435123056273,108.224200818877,108.751289235981,105.787045716267,104.746996877652,106.410136449898,106.096605045327,107.23677303923,106.90078160065,109.806779146184,106.914870615743,107.597594252004,104.703080087562,103.844158463354,104.705696598443,106.514725423587,106.418792464481,107.254940592438,105.68036566475,104.1168576369,104.926721538629
106.446790592448,108.476827464471,103.55310563756,104.897482501003,104.663742632625,108.75567306434,109.276924389502,106.132203158645,104.964809570964,106.732049964007,106.462467174208,107.504229881559,107.351850688188,110.333252837415,107.331429244878,108.097278561732,104.952326464465,104.007118573349,104.929980183694,106.875545230756,106.821053596727,107.723740923495,106.020111503806,104.296467136224,105.194312003076
106.321521453544,108.272341383131,103.514565989592,104.822097190633,104.588040436182,108.555185591296,109.068068754363,106.006742120641,104.892719758675,106.61610181527,106.322519049193,107.408407126719,107.183468581672,110.115403691428,107.173355753796,107.907163023821,104.870869612521,103.961408047878,104.858608306178,106.738200714384,106.665000506859,107.541624654535,105.900659789484,104.240435499206,105.107092707007
106.003724474035,107.76559990136,103.39708402392,104.621289025088,104.386108909507,108.050987858356,108.551590201464,105.684912026898,104.696597773123,106.3139459833,105.971861703574,107.157011898838,106.758504231081,109.591862712021,106.77277834882,107.430803342016,104.650764405113,103.826707486979,104.661480731799,106.391739240313,106.277866549376,107.089063684828,105.590020857455,104.084154719076,104.872480183833
105.901432768795,107.603084104702,103.371511887049,104.560278378442,104.330755918986,107.881761581367,108.377032666494,105.581955233392,104.63480049353,106.211256481223,105.861957704281,107.071290029024,106.621315899593,109.421955234696,106.636332576272,107.274490612213,104.583066470731,103.788360184977,104.599175810117,106.280516289765,106.158985889513,106.943335437805,105.491126805213,104.039381827881,104.801736620992
106.005685736267,107.751209848345,103.423783164524,104.635628955673,104.403312591946,108.035141077983,108.532415702093,105.686834974651,104.711062758271,106.31659693191,105.971347725805,107.164202619124,106.751203985477,109.57258151763,106.764325404158,107.417978798198,104.663887619166,103.848540468277,104.676420961071,106.391457819484,106.275115740629,107.078505380194,105.594066846527,104.103713071551,104.885769068979
105.82039549678,107.450791488743,103.363057431112,104.522468028209,104.29307525694,107.722607387109,108.219336980196,105.498820287291,104.595808508019,106.129303188638,105.771928409984,107.01161006352,106.497995236422,109.275121502472,106.521064959097,107.130743401785,104.535174905324,103.772107141172,104.557437054222,106.188432729841,106.056971370579,106.813265904395,105.409168284641,104.017244120112,104.746417595729
105.503553640008,106.947352453272,103.252026626425,104.323781100985,104.102193960061,107.191305741688,107.690313857658,105.176781743424,104.390653843697,105.80183456064,105.434904699516,106.741973742633,106.069308060292,108.783203086544,106.104121502019,106.645259057221,104.309063141311,103.631550653962,104.344662008832,105.842926859688,105.691769605917,106.367405129446,105.09096315725,103.862168328868,104.503004692915
105.536159909856,106.986038697649,103.276738814621,104.352150552371,104.129786206839,107.231594819965,107.730731929322,105.209395206835,104.419468734953,105.83539931656,105.467854163503,106.773887738904,106.10552656742,108.8220502586,106.140609536242,106.683606784563,104.338320021293,103.657869898816,104.373742378181,105.876482488322,105.72544142137,106.404197192847,105.123416409461,103.888927159947,104.532734920996
105.620467086856,107.105019457077,103.32105731891,104.413907479439,104.189006618034,107.358855366084,107.856752062373,105.294239948407,104.483506148817,105.92447669801,105.554568370143,106.851938983771,106.210684912078,108.937757774553,106.245170543737,106.800192740678,104.405580764363,103.709185067526,104.439748173668,105.966241147927,105.816726443213,106.511966847939,105.208089428482,103.94244214519,104.603581877864
105.747551946287,107.294207441064,103.382888272964,104.502639659054,104.275659944742,107.561278570683,108.054918777814,105.422807422731,104.575781305131,106.058929937279,105.686707034671,106.966077130211,106.375186496986,109.117188187491,106.405658672963,106.984168801324,104.504456759841,103.780550387043,104.535911183152,106.103187838456,105.957754951275,106.680537812442,105.337070086275,104.017553912921,104.709976280554
105.845935091246,107.440092116424,103.434376070416,104.572677731043,104.345328565126,107.716065040624,108.2057485602,105.522544524845,104.648074000946,106.161970456037,105.789531284383,107.053568453586,106.502084952592,109.253831515863,106.527939224556,107.12541552036,104.582186753943,103.837750065256,104.611189322673,106.20913176052,106.067813636392,106.810468077236,105.437277388311,104.077674089584,104.793910978433
105.899328592353,107.514525351576,103.468274165642,104.613937128746,104.386903478293,107.794005431642,108.281581325138,105.576761748426,104.69017521703,106.217090468262,105.845168206235,107.101882504915,106.568177127362,109.323398205493,106.591379250956,107.197602539973,104.626920168292,103.873549200074,104.654639316077,106.265867147094,106.126794124968,106.877803093351,105.491757566916,104.114750369072,104.841515602603
106.104046842634,107.843289221541,103.567318259107,104.750312690527,104.52814536082,108.141451728506,108.612858118584,105.789068658146,104.830797651862,106.430131262839,106.065298805008,107.272787114561,106.849378317858,109.614272134757,106.853298918469,107.512800637524,104.785145344765,103.979918401603,104.803757404054,106.489918380395,106.367123028214,107.164958443556,105.706114870101,104.228038974413,105.017029098639
106.064467837502,107.764488359791,103.562141618975,104.732611863906,104.50896503592,108.058067552426,108.533445966952,105.747448888088,104.812300246221,106.389204171718,106.020313537551,107.245280341576,106.786172045101,109.547497574103,106.796225928703,107.438863616074,104.761251618124,103.972463072049,104.783062107585,106.444323567655,106.31545290306,107.099022651028,105.664449448604,104.217910694697,104.987929414253
106.329414250121,108.195582260969,103.689077676367,104.907484360895,104.692243149238,108.50800645535,108.962976865443,106.024144209209,104.990503776439,106.65963001516,106.309751110598,107.459321755316,107.153448850744,109.92080798107,107.134916931292,107.849839490441,104.96434639185,104.106208083575,104.971283772054,106.734446892121,106.633223836681,107.475953294778,105.941945615501,104.362038791635,105.212970483373
106.312420334466,108.155287844282,103.693678936629,104.903823108006,104.687825187156,108.466221468903,108.92235829673,106.00624784317,104.986859325675,106.642999612049,106.289047512845,107.450593013364,107.12290569321,109.88761581212,107.10793788015,107.812928129149,104.957646931802,104.109378364447,104.966799224501,106.713973470506,106.608282319364,107.442972451661,105.924621865194,104.363171191192,105.203518128532
106.066352284552,107.735050762739,103.598468416886,104.75414872117,104.529334503465,108.034829946102,108.504920806998,105.749702923237,104.836779903541,106.398891990179,106.014249228946,107.265056912973,106.772408407037,109.527842605135,106.787653338555,107.417050370843,104.782050953468,104.007220686758,104.809008966905,106.441980608622,106.30180795344,107.077503382545,105.670641268933,104.247402013053,105.006909113941
106.634149584699,108.629644568401,103.840974372685,105.128013540935,104.899125368785,108.979938822758,109.425716230889,106.338158747112,105.22003339342,106.984271096989,106.627518579544,107.735119126202,107.541137727611,110.307035433919,107.524769790128,108.28007152752,105.208752239372,104.288104581735,105.208687714077,107.057345190984,106.96452559308,107.872181957839,106.25245346767,104.551155787434,105.466528547639
106.762433913049,108.801978014463,103.898058950386,105.221264220089,104.985402366102,109.151850687747,109.612487441947,106.4594616355,105.311585907817,107.108407221378,106.761204361779,107.8470925742,107.687349712258,110.482100336994,107.674105623042,108.443299227404,105.299778011748,104.358131436519,105.297278433656,107.192282667173,107.106511731523,108.032371903406,106.366895264085,104.629586510054,105.559658418077
106.800274105359,108.8477094072,103.924529326555,105.253235179723,105.016584311296,109.197579258739,109.660246836105,106.496223214039,105.343343472886,107.145696837223,106.799893296188,107.882348332137,107.728595756839,110.528080409023,107.715388342821,108.487403756706,105.331645961827,104.386408925772,105.328715127902,107.231388104439,107.146740768203,108.075713598328,106.402786244986,104.659179552383,105.592155395393
106.945825399835,109.055683411543,103.990694579391,105.355647781482,105.116171363331,109.40544339852,109.879162271056,106.635533127548,105.444477628608,107.287250952103,106.952392515181,108.00522868081,107.903051372916,110.730658155615,107.886513365918,108.682807834638,105.435681043256,104.463133551049,105.428800551466,107.387059070582,107.311691759711,108.263980470461,106.537286190568,104.744847383353,105.702373959128
106.949595739486,109.050619912091,104.004751384286,105.365215087774,105.125825148984,109.400502775409,109.873082487219,106.639977174137,105.454238809958,107.291678517981,106.955106994441,108.012642927461,107.902566624593,110.727175162349,107.886854631756,108.679526656443,105.444838167936,104.476059212738,105.438606040768,107.389404287084,107.312600225317,108.261755388357,106.542255808112,104.756608226904,105.71056811547
107.365609363319,109.694496361856,104.180351160189,105.639456731086,105.404419097979,110.044628872592,110.533722245932,107.04625220797,105.725677167674,107.695869259786,107.398824427858,108.344967658023,108.434936681068,111.324596224668,108.390321734866,109.279834651125,105.73704835658,104.672731179886,105.712782718681,107.842655674636,107.802249694656,108.830614900988,106.939766670521,104.979075133594,106.02968878458
107.408355287101,109.74779582018,104.208717504268,105.674565745063,105.439001844859,110.097037890511,110.589049098362,107.08730076988,105.760214379701,107.737152686022,107.442724202541,108.383603887714,108.481961287503,111.378536857485,108.436725946985,109.330485330425,105.771817468343,104.702883432575,105.746805891417,107.887186651372,107.848541798852,108.880540928325,106.979752774985,105.011127785627,106.065466281758
107.169393266431,109.374492817352,104.131755274682,105.52616553192,105.291057583072,109.734008645738,110.19998483393,106.863472958734,105.617743887097,107.515056163348,107.187968854951,108.200750856252,108.183036792204,111.013537417389,108.152097136456,108.989037396908,105.62161695981,104.609990890563,105.60759659525,107.625574247761,107.563524412364,108.551046697377,106.765566622694,104.897534349774,105.900910012833
107.235198555996,109.463001348051,104.168678795909,105.576181922067,105.339995326493,109.822595846294,110.292675207879,106.926931678584,105.667398628244,107.579518882218,107.255777053882,108.258666449123,108.259455699932,111.100623184191,108.227218557619,109.073024715655,105.672400751186,104.650731217732,105.656914361279,107.695195846588,107.635829030997,108.632121263139,106.827544341977,104.941464141675,105.95391211875
107.317063562965,109.578330893822,104.212389591423,105.636186887024,105.399744641094,109.938150888581,110.412099018056,107.006507511851,105.72705445195,107.659718533771,107.340902472749,108.328763664259,108.357907733148,111.211322382971,108.322306129719,109.181907985168,105.73459773236,104.698534050119,105.716684363241,107.782699413879,107.727612879343,108.736265213419,106.905681095304,104.99334406369,106.01981343714
107.611620108661,110.03342704819,104.34095628544,105.831526800169,105.598710928061,110.39448492288,110.878485850446,107.295362529166,105.921205228057,107.946960784466,107.653085090563,108.565333998929,108.736113777996,111.632767130628,108.678960497443,109.607147177786,105.944604779256,104.840895599775,105.913556214103,108.10405504681,108.071700396707,109.137356949544,107.190015993446,105.152899617214,106.248691203709
107.555333880247,109.935491424056,104.331937974858,105.802322514257,105.569392799443,110.298152006926,110.776472587889,107.24223024558,105.893224820435,107.894609991745,107.592059893108,108.525737744778,108.659719508742,111.540523428251,108.607471114064,109.518045777682,105.913406987247,104.827482420122,105.885904530219,108.040810585839,108.001870450717,109.053163803131,107.139124950114,105.133891440148,106.21300525575
107.409190007059,109.692914987249,104.286242728081,105.715977834078,105.480579359604,110.057522881807,110.528190695645,107.099839498599,105.808716330666,107.755542413753,107.434298647842,108.41689758169,108.463944517809,111.317315450027,108.425338738903,109.294412546357,105.819277591779,104.774154323259,105.800549948527,107.878674051041,107.824262138494,108.842566057207,107.000289340611,105.069404718805,106.108010441707
107.204268253117,109.356343359871,104.216825438274,105.592074065716,105.354384889708,109.718443368246,110.182829871085,106.896942863404,105.685391801498,107.555924511318,107.213978905696,108.259831166852,108.188024992698,111.012937961266,108.166603477239,108.980596210714,105.681702440584,104.693103123663,105.674640714464,107.652233208102,107.578631257661,108.549334851776,106.801262982451,104.974864626197,105.956114652981
107.214502540957,109.360756404083,104.233206467547,105.605927933374,105.368282135308,109.722432097575,110.186694717134,106.907148610415,105.699165891524,107.566178986504,107.223581267799,108.272301811928,108.194977698258,111.019341943135,108.174124290178,108.985828936753,105.694826253463,104.708790076554,105.688240172546,107.661547924437,107.587228142534,108.555627440064,106.811617246207,104.990031863229,105.968664891189
107.206219038073,109.334931145908,104.241923807738,105.608066257894,105.370062265162,109.695341234722,110.159908153514,106.898477829787,105.701042406378,107.557831195878,107.2132558063,108.270170488369,108.176578486898,110.9996279024,108.158025046597,108.962487663853,105.69450642076,104.716015238933,105.689418634967,107.650463651494,107.57381541254,108.53557179013,106.803158174445,104.995846603746,105.966388442047
106.750767491775,108.573664067246,104.062314738174,105.327551220185,105.076992664174,108.912358655464,109.392486906778,106.430167234242,105.415878623194,107.100452343249,106.71877977506,107.91821425577,107.540170262286,110.353063196978,107.56934563644,108.243802495174,105.366789737557,104.518333095353,105.389766539442,107.146407921947,107.02511740669,107.875100567749,106.335990880466,104.775810716414,105.602512387689
106.942068193754,108.8505091072,104.143280206016,105.459190506838,105.197877933688,109.213775600371,109.694399580445,106.62278084038,105.554014944505,107.305290085376,106.914414158056,108.090081784722,107.78295385425,110.60266908421,107.816140947643,108.516773003537,105.512560085784,104.622236964042,105.532575981865,107.35120389651,107.229878942078,108.125127680759,106.526566749911,104.885305861425,105.754611350216
107.140742747699,109.142888996575,104.227740332341,105.59469854816,105.324772492055,109.529774353868,110.010107459547,106.820817428863,105.695506018954,107.516505070816,107.117785305017,108.26611550619,108.035874162786,110.865389810951,108.069536334584,108.802199807991,105.661933126037,104.728057436314,105.679025297415,107.565110837671,107.444868799266,108.386485249384,106.723410727031,104.997758285547,105.913396642287
107.25057970437,109.301424501441,104.280698324989,105.672525512759,105.399363407131,109.698957357385,110.179088777125,106.929479908344,105.775871989766,107.631688942635,107.230172868222,108.363644322937,108.172947837036,111.008987678808,108.205264524515,108.955901228587,105.746192504615,104.790564577415,105.761782193277,107.683034502844,107.563998836498,108.528299775696,106.831705964958,105.064018045603,106.003441794894
107.238724694805,109.270686018954,104.288916778257,105.672425323866,105.399789214783,109.664531113198,110.145458942675,106.917852765053,105.774915420232,107.618087644161,107.21710146086,108.357257755717,108.150448202919,110.985230798661,108.184118996465,108.927267010076,105.743454945496,104.795939854682,105.759765657959,107.668036596137,107.548125160533,108.504196671495,106.819983481668,105.068044516678,105.998158098979
106.876727204135,108.671161259905,104.159544929504,105.451874715831,105.178696696628,109.022673472274,109.520728597635,106.555087777925,105.544578022696,107.236039760927,106.83690618383,108.062796634221,107.652723933056,110.477150582272,107.711856391536,108.356113969307,105.487464143169,104.639607990467,105.514750851143,107.266300695603,107.130997372034,107.989247973903,106.453994221239,104.895977636286,105.70765477107
107.208178264182,109.169560358011,104.290310001659,105.671797717167,105.382306487917,109.575088987683,110.065350055408,106.883948729651,105.778771940601,107.600747849857,107.172395184913,108.362136799701,108.080265970449,110.915350525663,108.142865564329,108.844126410182,105.733522241095,104.810094533247,105.760679079642,107.625657673473,107.485467089168,108.428844309244,106.783781912569,105.076021633671,105.974346059839
107.335317527844,109.350976127567,104.347620150863,105.761190580591,105.465695051345,109.771139461049,110.263245052286,107.006856284239,105.871654010575,107.736273312284,107.300380189078,108.478110887987,108.23546938467,111.082081978453,108.299540489354,109.019882070196,105.828301437477,104.880832177764,105.855860546681,107.762124152923,107.620568659594,108.590681122814,106.905890548909,105.151472525155,106.07622017917
107.206321588085,109.140394789048,104.314551389937,105.686047645089,105.396070889552,109.540976331999,110.033162873634,106.883312540477,105.791942595239,107.596345074239,107.169155483501,108.36811227887,108.064015855429,110.896736189646,108.129967494598,108.819071652161,105.744441362443,104.831724504225,105.772152549958,107.618939970194,107.477646111048,108.410286026505,106.782448584156,105.095670853108,105.980307214218
107.164573892516,109.063239443662,104.312224890732,105.666958239057,105.378717014611,109.45518879872,109.948536562404,106.843375487468,105.770748618465,107.549555000292,107.126290412661,108.334564085856,108.003446535869,110.83185615695,108.070879777932,108.746105228284,105.721078665489,104.823205253846,105.748917468061,107.571028037846,107.429666596645,108.346389483998,106.742213801842,105.084560666934,105.951462898139
107.307538588734,109.280413601159,104.379125298674,105.764562905316,105.474987203476,109.689041800169,110.177684979751,106.984055056416,105.872380569557,107.70223263883,107.27272500226,108.460305250687,108.186710099978,111.022017238063,108.248300844991,108.954024246059,105.828543495991,104.900219449026,105.855250252583,107.726919368903,107.587305739165,108.535612436621,106.88408299472,105.166573185994,106.070936410767
107.274915892365,109.214269170011,104.378787931051,105.75171536725,105.461963058359,109.616264997818,110.107589660421,106.951994576675,105.858035693196,107.666019841231,107.237948672726,108.436556899038,108.135711901386,110.969343350934,108.200918399985,108.892372717317,105.811128668063,104.896333417,105.838778241032,107.688520117516,107.547229781896,108.482045728866,106.851463877814,105.160441854738,106.048005864879
106.924670885492,108.61909109884,104.248793015483,105.540739979281,105.244543335265,108.976162981243,109.493356885753,106.599949855332,105.637115083361,107.292069190223,106.867719195534,108.152368292664,107.647328053779,110.478746714772,107.745245977254,108.330111909174,105.563514248745,104.747073190848,105.601305776647,107.296588440922,107.137544138952,107.977843584506,106.494603206245,104.996024359453,105.760073822573
106.820845077327,108.44507067014,104.223726075461,105.481949570124,105.190863348543,108.778855648201,109.301963000802,106.496477963558,105.572430034497,107.173381931099,106.761484852136,108.061704306816,107.503255213287,110.334023085006,107.601735387113,108.161280473004,105.493433916831,104.707781310677,105.53116769625,107.180856969518,107.023018229953,107.829343989907,106.390410366958,104.953024897484,105.680078599169
106.886080819655,108.536690759363,104.260897734598,105.53075322545,105.238346207025,108.87885907303,109.399269259501,106.561656918895,105.623359476867,107.244055103319,106.827753196009,108.122284138994,107.583616227979,110.414736880885,107.681186998462,108.250701378952,105.546537319767,104.749589557416,105.584232110401,107.250613518236,107.092603493558,107.911200339927,106.456074355866,104.99616511809,105.737200398935
106.86483555295,108.489003862519,104.265076996876,105.525061540693,105.23297948159,108.823542752411,109.347610503733,106.540020312264,105.615804639546,107.218047133512,106.804987365252,108.106921605297,107.547002798354,110.379698842761,107.646680743161,108.205515699125,105.536328622248,104.750335121233,105.574406934196,107.224874962034,107.066250912763,107.873378473419,106.43370948085,104.995680763738,105.722660968537
106.81413722123,108.390804836277,104.256752671355,105.501185266698,105.208463803777,108.712850509512,109.244489529954,106.487893726123,105.588989741598,107.159774440824,106.750758108895,108.067452561498,107.4683397825,110.3051729931,107.573356029839,108.112205495634,105.504074541866,104.737416748471,105.543447854861,107.166169777494,107.005227535283,107.792873029648,106.380110382456,104.980628687265,105.682404412014
107.211456603028,109.049080784272,104.433735134368,105.755633197509,105.47049407809,109.435375737246,109.921418923874,106.89701240997,105.857960011357,107.594924140707,107.171364922068,108.40157219436,108.021480342565,110.829443558908,108.091761724108,108.74267930002,105.805842072053,104.933955949705,105.835223248947,107.606843142946,107.464171494789,108.354763982049,106.797369584432,105.188519874063,106.027999071881
107.462133289385,109.430361439106,104.541026419053,105.923672548605,105.635253735224,109.837670697277,110.325505674802,107.14109773618,106.029303019079,107.855604615414,107.433165043084,108.615957696346,108.337833487441,111.163789282703,108.399206941985,109.102792957757,105.985583894969,105.059663590342,106.01120152956,107.879853735374,107.747718347469,108.689341702723,107.037581776947,105.326735659574,106.226670434343
107.376223879877,109.285173232789,104.521480214724,105.875668544076,105.588650096622,109.685183250882,110.170272133718,107.059353021454,105.980666574129,107.767203746904,107.342015519656,108.548143819218,108.223270648484,111.038375237613,108.289154197809,108.968382031263,105.933570765839,105.032060833459,105.96122914973,107.783764440077,107.646051762988,108.565369241632,106.95808850608,105.292632759532,106.166110402227
107.127787394134,108.879249557661,104.437834427123,105.724321370835,105.437762176856,109.259304426767,109.743335257398,106.817683376227,105.826785848222,107.510963086748,107.078910289773,108.34691489465,107.894853856185,110.690354360029,107.976325867361,108.58963658423,105.767692348093,104.930735142597,105.802035661649,107.50840623317,107.355205714276,108.21594794611,106.720225747432,105.176065987968,105.977140473786
107.016836046292,108.695596285475,104.409244824842,105.660210298161,105.377161559993,109.061033750875,109.544735757012,106.709628489195,105.759714939524,107.391942699786,106.962944958283,108.254285229645,107.74597411402,110.534333219856,107.830597586339,108.416089669051,105.695917329596,104.890002034221,105.731991671392,107.385131159626,107.228107256609,108.058177748409,106.613903994342,105.128966122561,105.895541862536
107.238782065441,109.03387239927,104.506445235984,105.80944911065,105.522859538138,109.42300184247,109.903690965515,106.928776439321,105.91409994229,107.627567781246,107.193200417825,108.448094450621,108.030273820331,110.826159719961,108.107546884775,108.73866356905,105.859185543718,105.004224099901,105.892117559746,107.626808753011,107.476260060319,108.354652968728,106.831647324913,105.252322860257,106.075198443345
107.625309838135,109.631785071179,104.666805034358,106.064144970449,105.772757809419,110.056475682226,110.536119935109,107.307526398584,106.175296806272,108.032269269162,107.596300938629,108.779067585782,108.527017246333,111.34367699972,108.587907226304,109.304285174156,106.135793111197,105.192798888015,106.161645030798,108.049248431365,107.914046035945,108.876559770904,107.20656620924,105.459693454824,106.381859670572
108.229620279255,110.527254411777,104.895896564795,106.46606021662,106.153741016411,110.979098420413,111.50382957176,107.874128966362,106.576675364139,108.641343010061,108.220741171391,109.297616041999,109.258413261071,112.172591013812,109.310283519776,110.140277601801,106.542101388561,105.475810830116,106.560323060206,108.704220815616,108.592145882177,109.668652983412,107.754051314072,105.783449287739,106.825301081686
107.736554773747,109.857649148475,104.75780298913,106.137180207719,105.868554966773,110.323440505249,110.738158207296,107.455159647612,106.263544904468,108.176064325402,107.72440446909,108.868693275286,108.732846656406,111.459553912057,108.760810571981,109.530911356015,106.257434538313,105.271834449649,106.273682239072,108.17794003069,108.054386971762,109.060463436881,107.370535379168,105.527595656505,106.52500160784
107.83558757027,109.97955149481,104.800537009675,106.211678455709,105.932774880775,110.447859122472,110.879662286509,107.542322930293,106.337451035582,108.275210070585,107.820904003216,108.964253147689,108.835146108518,111.590292675321,108.87096705447,109.646331734707,106.325095784937,105.328082407659,106.343565065396,108.281354547521,108.154814434574,109.174000158362,107.452677123406,105.590866621465,106.594120663789
107.843804253953,109.983758194167,104.817452346792,106.223846537007,105.946304856597,110.451738530774,110.881029217594,107.552448864965,106.349710453205,108.283461049558,107.82954366654,108.97353459064,108.842655503033,111.593679566453,108.87753876539,109.651713430731,106.338240241172,105.343078568322,106.356371138706,108.288771858599,108.162692097634,109.179781805742,107.463455287005,105.604769473774,106.606840549581
107.225412839584,109.119222144419,104.640415516233,105.819824203617,105.595158488109,109.566028901263,109.886291270869,107.023748257603,105.946920414995,107.660032895851,107.229214820624,108.40737799125,108.158522683699,110.693776158057,108.167031524586,108.853467260494,105.968125295347,105.080717785931,105.972876534182,107.620049881952,107.51436157254,108.414867304154,106.959145927411,105.289330377443,106.203010286233
107.04508492102,108.881038087739,104.60689304418,105.703864503297,105.509725339678,109.305810550665,109.587920826034,106.874419931923,105.825644730006,107.463652828415,107.064373289871,108.221661203664,107.967489472541,110.434900661266,107.950309066362,108.626107891384,105.865131699196,105.00706137723,105.858421539015,107.427380544099,107.343291428004,108.201427168015,106.817823784602,105.201591433248,106.094300934765
106.944034455511,108.740986456088,104.593895385825,105.642882613645,105.46536720381,109.151482950229,109.412587603255,106.792356625109,105.760811068038,107.35146543618,106.973233719245,108.117569021684,107.857843869725,110.2842416296,107.827234705383,108.493587470562,105.810759892692,104.9711074512,105.796682372916,107.317717601189,107.247363028221,108.078967593914,106.739234020302,105.157493945786,106.034517789022
107.125064116944,108.980608283123,104.660484148237,105.769255247298,105.573253331641,109.410515445775,109.695889824559,106.948936496154,105.892705131841,107.548188676748,107.141571069989,108.301187304414,108.054498743306,110.534994337783,108.037405552208,108.721527914229,105.930699021313,105.065141044596,105.926055007078,107.511906052284,107.423855289856,108.291504534771,106.892976732148,105.261867323559,106.164374702289
107.46528024243,109.449296460572,104.776136104902,105.997924836246,105.771261406046,109.916238425693,110.245668458016,107.240870405444,106.131795998963,107.918384591377,107.457932170136,108.640881788677,108.431931621091,111.021599125662,108.433601069672,109.162759545875,106.1490974382,105.229555013854,106.161889081742,107.881259652089,107.760095249911,108.699885927926,107.181475616126,105.447084454368,106.407053326945
107.770379769411,109.867318339575,104.881316126772,106.203952983894,105.950859506158,110.360827864522,110.734848821652,107.499120383934,106.344445161838,108.244415996835,107.741697940685,108.943645444345,108.76541226515,111.465627483215,108.781364370095,109.552540524138,106.341791783972,105.375677364587,106.36940689921,108.212639203676,108.063343418365,109.063750214122,107.435546092213,105.614059065659,106.621943261789
108.074829047483,110.285847840963,104.987199005659,106.409249121034,106.13163430893,110.800949880868,111.222164053585,107.754942715588,106.554302486385,108.56522376607,108.025454661818,109.243101730118,109.096699062604,111.916536231557,109.123478774187,109.939660357547,106.531802733472,105.51942215988,106.572982166329,108.544062661073,108.368449579035,109.426925086418,107.686750479447,105.780197690794,106.834973559318
107.980769318551,110.145563206197,104.972915266081,106.355213179244,106.08686804406,110.653990781302,111.055033100546,107.681170880551,106.499270919415,108.466490229343,107.939490052765,109.152470692454,108.99251005991,111.760831214082,109.016137517272,109.813206619849,106.484740861575,105.490939730904,106.520988437186,108.438909241938,108.273190895029,109.309268368509,107.615084505694,105.742044806926,106.77844935337
108.183433787696,110.429347957292,105.051436751096,106.492773615323,106.213018919199,110.949440381829,111.377790077521,107.855022547321,106.639105851642,108.677838744431,108.131139409732,109.348006536596,109.217966890141,112.063809753019,109.242592028237,110.074444995143,106.615225729558,105.589262933621,106.657849850416,108.66065056418,108.480886943262,109.554167106872,107.78687353852,105.854726228523,106.925450575582
108.626471359511,111.071442805888,105.210913166301,106.783035147327,106.482503039625,111.615010164421,112.102698941526,108.235495685561,106.933306171606,109.137395225844,108.553035806816,109.767001635449,109.722047133459,112.746111182294,109.74122160205,110.661252845122,106.892912606007,105.788775777982,106.946411035081,109.149913526968,108.943047733984,110.102347761042,108.163106264162,106.087564387266,107.242964761542
108.289288026324,110.591176381836,105.120016903404,106.570257123081,106.294618098473,111.130192353231,111.544955543118,107.962243067554,106.723647334114,108.800492489894,108.235989539833,109.448572940002,109.357005673209,112.195095638655,109.372840190872,110.230437226284,106.705850693379,105.660195423711,106.750005933375,108.777589557539,108.593083905517,109.690667634859,107.900433157972,105.924947295794,107.029039688474
109.016682177886,111.586592658934,105.353420030657,107.053444786661,106.712574716007,112.163042342687,112.71778126724,108.568223461268,107.211994205489,109.554850872415,108.91268707611,110.173764800111,110.140225284378,113.330491233713,110.182647172105,111.144946337735,107.144432491568,105.984005017781,107.214914572395,109.571312415209,109.322659340479,110.556229605522,108.487581373564,106.309149747525,107.514753124775
109.248565709614,111.869595623344,105.42917040855,107.217708100427,106.847727157515,112.442641292393,113.064511925635,108.749063132249,107.371491845141,109.781375404136,109.124369563898,110.410850836633,110.360479433128,113.697070327344,110.421120839004,111.400957224575,107.277311854544,106.092407654615,107.357926667408,109.818588627141,109.548322017019,110.811416048633,108.655953316649,106.442012450346,107.655439304887
109.747400126301,112.500491800731,105.57870984536,107.55916080727,107.131650210317,113.064596391072,113.832554105801,109.133668021015,107.702399424067,110.267594684295,109.577855939429,110.914566238093,110.843033927385,114.516014601518,110.934319024229,111.966253185073,107.553216311554,106.308749502139,107.654774174674,110.356682462191,110.038117066178,111.370411369807,109.016658044922,106.71299533647,107.95445690929
109.645737288623,112.369278812028,105.567419835702,107.496838893848,107.085317055954,112.938471511309,113.665323947095,109.064214516964,107.644403749305,110.172414886077,109.488967542602,110.811402261783,110.750083222445,114.327319758947,110.833137495198,111.852789473232,107.511025169805,106.280307948784,107.607161734106,110.24547430894,109.939761764724,111.256511239958,108.953953867927,106.669076045396,107.906849959961
110.106088142534,112.957144039364,105.708490764503,107.810418421079,107.350753081972,113.511531871339,114.374692778687,109.415847298173,107.945444724895,110.614402224481,109.905557545135,111.27285197024,111.196446227162,115.11065819349,111.298800468563,112.374981793606,107.76336906732,106.476460986109,107.876470397299,110.744974890013,110.394061689837,111.77264791089,109.286240495033,106.91759293348,108.183630608318
110.359558864626,113.272187144834,105.791439882473,107.987427410897,107.500474036737,113.814539394725,114.755258836121,109.607989197433,108.113248595214,110.853019650408,110.134585444082,111.527470536102,111.43644003286,115.545172732789,111.549438995652,112.654007556142,107.903387873713,106.588488821879,108.025099350862,111.018449774022,110.643359611298,112.051525619865,109.467029212933,107.059534070596,108.335519810478
111.067402091798,114.181962640053,106.002139300456,108.464729183548,107.907179735041,114.686870904387,115.84864282803,110.140223921241,108.563405376935,111.51529820583,110.773043220631,112.229127436508,112.119541356689,116.809408340125,112.251277042288,113.453341525967,108.280162102004,106.876155430405,108.422779070057,111.790264864481,111.346764138542,112.845316224567,109.969870786819,107.434049524396,108.751685345223
110.344333032394,113.32085593068,105.838543653891,107.974154001071,107.521984333857,113.895511011619,114.76256721777,109.643820246354,108.121198048876,110.877583287271,110.139435400024,111.496322328167,111.494895816193,115.440547178823,111.580323842854,112.713503711003,107.945666993037,106.61440175356,108.06113459612,111.011262028069,110.649135095155,112.079029639358,109.52103583796,107.060271174258,108.39135603638
110.096004801716,113.040623473037,105.799702987037,107.806534724657,107.40804436195,113.622922384054,114.381821699145,109.478957734039,107.964299453357,110.643554417207,109.934269065684,111.214868321169,111.289117702386,114.973600868106,111.341877890256,112.465625799892,107.836007514416,106.527165563267,107.934766649451,110.746483007044,110.430889660942,111.827318145784,109.372777403069,106.935305831936,108.27657168489
110.854689092544,113.911751460029,105.987987063007,108.335716046549,107.800413911944,114.480932464009,115.52551842419,110.011707360975,108.470520746932,111.375187470061,110.571260239908,112.068251314084,111.947947420171,116.352280884363,112.080201925427,113.244873751385,108.218347346419,106.842080921279,108.364392272346,111.557624515928,111.108031585358,112.605492375492,109.867941588824,107.348952171167,108.681777443014
110.392715146737,113.404642062477,105.906478860068,108.017131575503,107.581995539207,113.996475430532,114.832740847953,109.716178500266,108.176347024116,110.948367664544,110.196777578391,111.536207498849,111.580644491341,115.454454066428,111.65576753183,112.80225047914,108.017775577069,106.675421729535,108.130931750521,111.065522583054,110.707639729584,112.151434450178,109.60156289502,107.10855734932,108.469274708887
109.883855179753,112.844251571675,105.815730788936,107.666957850601,107.345018383168,113.448032192997,114.061055389955,109.388810326107,107.845350537386,110.461591429898,109.791281940267,110.928021339556,111.171126982647,114.468929205925,111.179716781584,112.307966227881,107.792143427146,106.487325349834,107.864225469815,110.522303735353,110.276755681918,111.65322250592,109.302047209738,106.843591472343,108.22873682905
110.2087162971,113.198428320006,105.899338115514,107.900051026607,107.510005633468,113.803888866313,114.542984676469,109.609822421631,108.072274996794,110.78468717587,110.052158258545,111.326413724396,111.440633182438,115.066620090442,111.491216142138,112.627501512246,107.95613805117,106.630006506516,108.055325630823,110.867251998804,110.549905411169,111.970076960488,109.509119577559,107.027949617936,108.401875590035
109.385470398408,112.272094758905,105.739133835121,107.33780795789,107.12331580249,112.876514977791,113.272602914222,109.075882569055,107.527676645192,109.968354978717,109.406911468454,110.31024832688,110.760510907527,113.452870339789,110.711471601431,111.805880191321,107.579858543818,106.317641998862,107.605683514192,109.980686570682,109.863064973276,111.160993068204,109.007993840434,106.599905125221,107.990610908383
109.569123530859,112.466650938296,105.791382349536,107.472767360428,107.216701703997,113.080465865941,113.543824936354,109.20285440532,107.663558176348,110.161382414149,109.550969377875,110.551928356452,110.912865349335,113.781098653472,110.891771549171,111.98588209784,107.678057407003,106.405828077565,107.7224612509,110.174585344988,110.010623745637,111.335845283631,109.128807527705,106.708717110831,108.093437143202
109.562313049781,112.457462060691,105.806601934036,107.47441817412,107.224974527924,113.069759450662,113.521723211751,109.205923991549,107.665026539209,110.15294886658,109.551110448167,110.535638738488,110.911293446727,113.748519361405,110.885958579475,111.979497692989,107.685844084749,106.415338337149,107.727028184887,110.165743096544,110.009939776184,111.330517675306,109.132675929849,106.714736750772,108.100051165486
109.13662370524,111.965720265618,105.731643369596,107.193192723175,107.03701489704,112.55180882191,112.832400881949,108.932759081623,107.378983613902,109.697773924884,109.23208629632,109.968726623578,110.551096000254,112.890840717608,110.471190223762,111.53810940193,107.491830848873,106.257285203215,107.484100750645,109.700554228213,109.671680143351,110.912937199607,108.868086957525,106.502967654598,107.879544720714
109.51885275843,112.403571026419,105.829910338542,107.45728177662,107.224373480229,113.019272102364,113.435549743342,109.193328612221,107.651767051345,110.115488529739,109.525504513656,110.481669439185,110.88376336677,113.623286907144,110.850512160622,111.937878951115,107.688890059919,106.424614835689,107.723805239829,110.11562768561,109.9792766184,111.288803825873,109.123369075673,106.711152535356,108.098917016839
110.178179017924,113.171976470104,105.99103378371,107.904539846932,107.543481473422,113.833486128023,114.491406175835,109.63546865063,108.111360220438,110.831318555601,110.029266629641,111.365972288932,111.457985435435,114.935504078699,111.496464015972,112.631630156164,108.017860706494,106.699077776382,108.125408782603,110.837220587765,110.513097268335,111.940745047172,109.557180956028,107.059718565363,108.47206091262
109.141762607405,112.001092837608,105.78774483195,107.207800922282,107.072659825521,112.622193220398,112.839957606171,108.98480121969,107.412172309173,109.739531872543,109.256765591681,109.945325292702,110.609590179385,112.757952602018,110.525648857597,111.594421206812,107.552539857252,106.308931300872,107.54214246041,109.704548559076,109.689483437746,110.946286800684,108.932200846359,106.530603505735,107.94170495832
108.194275409872,111.017927763207,105.632648943871,106.553264090872,106.689773153951,111.53412213589,111.335024898935,108.399328159729,106.723757284409,108.659949685834,108.589695831095,108.472417769202,109.873490678008,110.851879180512,109.604117704934,110.686384544435,107.123547878439,105.927015869076,106.969600195493,108.688812624451,109.012471963988,110.09112361349,108.372808468841,106.032034660815,107.47488301905
109.130872776853,111.952521111145,105.805820710626,107.21888241704,107.068791308291,112.605840042795,112.810060311758,108.984229361849,107.444513751926,109.780068981922,109.236078097239,110.031692080502,110.590529916521,112.670913176729,110.534958291376,111.569161654325,107.569505984379,106.341846059175,107.576788565774,109.682979176716,109.653467664319,110.912659630872,108.935033929526,106.549058495349,107.950476577588
108.661428609158,111.498355747253,105.748657687149,106.8912298826,106.899090319411,112.092570385252,112.064067966461,108.718735396961,107.094796614228,109.227627682253,108.928243733836,109.219204370314,110.258818585762,111.693937358322,110.091170476271,111.150268340232,107.376047819401,106.157964364219,107.296411561769,109.183640518957,109.346382016649,110.517920832877,108.684078476252,106.302790555535,107.73985143728
108.59547910694,111.433992929196,105.755487860968,106.850942820679,106.886196747631,112.016739153511,111.947327837002,108.689400910193,107.049802943972,109.144996897244,108.89175649992,109.090036141275,110.216967347935,111.535825571827,110.02987894493,111.092503892732,107.359056036156,106.142646270026,107.263233022589,109.111737559218,109.309744568248,110.465303461647,108.656669047496,106.276771762617,107.71892423089
108.526053116655,111.362652576398,105.760964830824,106.809444054635,106.87106675755,111.933207803233,111.822343370179,108.657931785312,107.003185751138,109.057625277887,108.85284349197,108.956906945932,110.170794259779,111.366200738133,109.965624821837,111.029147901344,107.340442373735,106.126612275999,107.227876066082,109.034857953234,109.26973022809,110.408259264621,108.626402005169,106.249879368071,107.694744558631
108.303267570819,111.123815631632,105.737734355748,106.665377854401,106.792043172509,111.66080821514,111.442178513014,108.535825919519,106.844781414503,108.785030709103,108.710862754832,108.56879875075,110.004292446618,110.862578410553,109.756567811319,110.814740637171,107.253692212077,106.049737357664,107.09686638757,108.788594390698,109.122168934639,110.213532108159,108.50561449666,106.14459254112,107.589245236767
108.425678267063,111.25709327058,105.777949392745,106.753770170869,106.855434514125,111.80874567125,111.633225567868,108.617450614978,106.939591086648,108.929364722584,108.800429632898,108.759013838948,110.1061241519,111.105299219816,109.874074241926,110.937066557733,107.320144195752,106.110846019499,107.181411058213,108.921933969494,109.214892109623,110.326538436748,108.587307008663,106.217043328744,107.664682030004
109.095689648091,112.022565525503,105.93082746756,107.198844909484,107.155492579238,112.668630823767,112.761331274795,109.032002048484,107.426037454182,109.741787639834,109.265094402177,109.848401083354,110.660090118895,112.580187381566,110.512209774191,111.624919742953,107.635608619094,106.384973105523,107.608701205285,109.670154055549,109.705930082887,110.949141263466,109.006000968917,106.561835841086,108.045653114894
108.87143125868,111.77218290169,105.903179607101,107.057165551165,107.071215576737,112.3919265747,112.373102033969,108.909186779664,107.272937735567,109.473442076097,109.119150240277,109.461780094205,110.489495226181,112.033817317742,110.309698752485,111.406271073132,107.550250607452,106.312388437573,107.482737325275,109.417758586685,109.549612052924,110.748733101623,108.884662674535,106.458950808206,107.938040327396
108.818033711418,111.708699289172,105.908535272646,107.029358933931,107.059666983233,112.319946532276,112.268338960484,108.885682348023,107.241301538401,109.405718965882,109.089079253807,109.359222323364,110.450671535644,111.880663999095,110.262359734203,111.352716643224,107.538274822384,106.304974931142,107.458674447622,109.355167210585,109.51602685531,110.701408570692,108.86124032731,106.442722967349,107.918764962819
109.054336113147,111.98625263634,105.977670014783,107.188594501268,107.177731431814,112.622656804524,112.66044051677,109.040492183768,107.411924496561,109.684206430577,109.261969439517,109.730282765754,110.654207281194,112.413445788608,110.484535624558,111.59973136543,107.657624596405,106.406955782245,107.610385902175,109.620773079021,109.70125636,110.927977235968,109.016868540463,106.56896404984,108.06137917587
108.983720053991,111.895476621392,105.976769965787,107.151215304795,107.156206003427,112.521781082998,112.52247467269,109.003293813219,107.369980036954,109.596237350438,109.217151461495,109.604570967207,110.595523983407,112.212651214032,110.419882714456,111.522667653242,107.635949070598,106.393597658241,107.575943445912,109.536968283781,109.650547808145,110.859823209434,108.979203831496,106.545422945812,108.029385288821
108.872650927335,111.748787289062,105.96391205368,107.089293157117,107.113881100637,112.360312547896,112.311204027289,108.936728597383,107.301373230532,109.459946377252,109.140341605622,109.418702728504,110.495851144536,111.911241806645,110.314956983238,111.396387826776,107.593035700611,106.365111457725,107.516481331097,109.405625010443,109.564212491408,110.747598486928,108.911551027922,106.503075337536,107.970805414178
108.954187302843,111.849876658422,106.00125522216,107.147695997682,107.16469370572,112.468465153226,112.440205160838,108.999931683332,107.362934834426,109.553244312101,109.207845193352,109.532521916188,110.57526070683,112.080323925542,110.395428411527,111.488062536689,107.644591653508,106.408757657225,107.574667928724,109.496904455675,109.636478357265,110.832237574285,108.975354871129,106.552628991095,108.029733748413
108.934341859005,111.815364687934,106.010171647021,107.14354322353,107.164761850811,112.429356439502,112.387938831917,108.991432582956,107.356743580063,109.525674547736,109.196619353072,109.492426090604,110.555442505965,112.00044315743,110.375896986102,111.460100336885,107.644173864592,106.414203168019,107.570383263222,109.470191154262,109.621780345138,110.809207914848,108.966371926996,106.554280869347,108.024202109655
109.077358034813,112.00984343186,106.069200136105,107.238494819942,107.250316880889,112.637638716165,112.630554186151,109.105671079127,107.457613790606,109.691110818518,109.318391060938,109.689342184955,110.705890952118,112.321759528432,110.522336292909,111.634928055385,107.732183499174,106.481635609221,107.667336590621,109.634452604098,109.75489490556,110.968239358816,109.082125106882,106.632127999077,108.127704929856
109.031345790598,111.933378900684,106.067856774185,107.218863897596,107.234608694972,112.554151197558,112.529822238558,109.073463251845,107.435060835328,109.633665824986,109.282172039271,109.61672838285,110.653340628322,112.17770556847,110.473304883287,111.569316823638,107.714995980137,106.476666472758,107.646455049696,109.576623777292,109.71211041096,110.911313613363,109.049199955318,106.621700957067,108.102154175946
109.208074330273,112.188946402536,106.143278022583,107.333485984225,107.343349618676,112.826172413969,112.835665249581,109.224495968551,107.556219516019,109.835932949054,109.441702584085,109.847258372376,110.854080676745,112.577824501186,110.662765569008,111.800207098045,107.828744103539,106.558641999054,107.765663966509,109.781095083449,109.887727886195,111.120964617055,109.201862135143,106.71522930457,108.235100541954
109.195813292564,112.159384627516,106.152001245129,107.334294155773,107.34502844102,112.79359465456,112.796354310805,109.216932170696,107.55588732442,109.818915134655,109.432260790174,109.82497272375,110.835938201264,112.518129369966,110.647427906445,111.775877360271,107.829370598686,106.566300242388,107.765677252924,109.763002020212,109.874756653628,111.100942831432,109.194109120416,106.720465787109,108.231858571077
109.269418613201,112.263282691245,106.192974654616,107.38688151042,107.397270668583,112.902323374222,112.913353486838,109.285308817848,107.610195499558,109.899574895324,109.503373853563,109.91135641938,110.922040595254,112.664003016754,110.728126997564,111.871779004556,107.883878566486,106.608462728969,107.820110005426,109.84580944986,109.951759738876,111.189634939319,109.262792828024,106.766086426221,108.292404485631
109.334115930174,112.354848050285,106.231316437583,107.434113092603,107.444919665948,112.997723417628,113.01402820365,109.347192209873,107.658701334292,109.969549468861,109.56739820837,109.984221363626,110.999161368703,112.786677299103,110.800032893663,111.95690378886,107.933718598432,106.647336165518,107.869099994009,109.918052141874,110.020873958075,111.268636768572,109.324905627438,106.807608110937,108.34712705335
109.339942854219,112.351021081758,106.245749544249,107.445849204259,107.456275151815,112.992723700799,113.007667239892,109.35352110434,107.670085272434,109.973825388453,109.573044669131,109.988109693182,111.000147311546,112.772963527512,110.80313121754,111.955253728726,107.944284882158,106.661839014351,107.880236717897,109.921312276704,110.024703172666,111.269099059568,109.331153772777,106.821253856442,108.356061617321
109.481208045603,112.574180948028,106.318886521899,107.539554584144,107.554414627756,113.225448185032,113.246240833903,109.494969655724,107.766458742247,110.126265698783,109.719598326227,110.138443857981,111.185947094639,113.059408012926,110.970975466428,112.162139773348,108.050127494661,106.73411073134,107.979732781865,110.082362477142,110.186136815773,111.458532128086,109.473143025427,106.899690385269,108.474467501524
109.399857332166,112.422871176537,106.294402801946,107.497904778882,107.50859703066,113.067403174996,113.084679497595,109.411576686681,107.723240520282,110.037663111191,109.631486620632,110.054207369663,111.06516600077,112.860569503104,110.865725812513,112.024078766026,107.997666591236,106.710609093676,107.933886581017,109.985074321559,110.085295588928,111.334439213029,109.38986717139,106.870957084625,108.412252983028
109.547232566598,112.658179442594,106.371820221195,107.596471228769,107.612302290808,113.312193223043,113.330364014691,109.564362699338,107.823966721562,110.193914339214,109.789257510898,110.201647183207,111.264658493678,113.142926319312,111.046432137328,112.244780247553,108.111404633984,106.787441529478,108.038580118657,110.151198303593,110.25838091661,111.537303480306,109.542454125767,106.953595132258,108.537206177999
109.480430724488,112.530524816428,106.35292941065,107.562961805072,107.575012258026,113.179245791004,113.197491574302,109.492917113161,107.789544298447,110.122806163575,109.713835784518,110.138381874946,111.161120033411,112.987238078858,110.956077931134,112.126970128267,108.067403396924,106.769121405152,108.001573337862,110.072085964477,110.1722107177,111.431059487437,109.471571853896,106.931115017746,108.486020139006
109.32768395223,112.255237458747,106.294056974087,107.475830911362,107.479986513588,112.892397211803,112.915195162843,109.327800073442,107.70036089619,109.961842229428,109.541840102084,109.997394127062,110.931547041904,112.671388716965,110.752823942091,111.869347358929,107.957347868455,106.71122172639,107.906377056471,109.895960247218,109.979156579833,111.197152300097,109.30732416165,106.865712821852,108.362312790748
109.209006210638,112.041610183115,106.252309358821,107.409028306096,107.409366798713,112.665966134846,112.69382708136,109.198056903069,107.630927431435,109.834435245772,109.408205329256,109.887283347265,110.751449041305,112.432845053539,110.590025806208,111.666732611692,107.871525049364,106.667087914747,107.831747085623,109.759931371299,109.830576096745,111.014304631819,109.178452391446,106.816384547492,108.267110763776
109.12840160927,111.892210017526,106.227779285424,107.365903589874,107.363914097814,112.505988822211,112.539073394321,109.108680074026,107.585537950538,109.746868297368,109.316534962699,109.813778863366,110.625410463527,112.271246201094,110.475754920593,111.524232477682,107.814022400366,106.640045506715,107.782227702925,109.667246683204,109.728480231969,110.886672958926,109.089533981753,106.785931398201,108.203046352633
109.000638401456,111.661890057203,106.181509806282,107.29306568636,107.287016177822,112.259621844494,112.303094575843,108.966946870168,107.509281041737,109.609070438393,109.1716078283,109.699282805399,110.428948615635,112.032426310656,110.297259331126,111.30348437349,107.719169867805,106.59041712591,107.699347169009,109.522134315314,109.568030280634,110.688326737717,108.948023570662,106.731581626041,108.098200452979
109.064513428325,111.75514935393,106.221446706722,107.341072204346,107.335885051263,112.358141029659,112.398243170587,109.034919200257,107.558467756955,109.676265495796,109.240330645291,109.759477464545,110.512694450301,112.126194346046,110.376362598245,111.394381209226,107.773627019536,106.63181691763,107.750561258399,109.59083749283,109.641020267847,110.772553473316,109.015967851664,106.77422037059,108.155458722278
108.959832066404,111.561467796682,106.184728110441,107.28276112284,107.273281275174,112.150247577288,112.202887230252,108.917057276449,107.497253343382,109.563599551054,109.119815511437,109.670399237154,110.347232522996,111.939184387033,110.227135325139,111.208128299253,107.695631978507,106.592748674982,107.683049657682,109.472042642761,109.507009852539,110.605980680667,108.897742063653,106.73143505064,108.068451033723
108.901071658682,111.446436294461,106.169090789674,107.253250098063,107.241287238466,112.025567965328,112.087032013891,108.849545157571,107.465750589665,109.499543929446,109.050883959754,109.622230318364,110.24956205353,111.832189684882,110.13935116495,111.097242002849,107.653384459374,106.575255615816,107.647387132386,109.404647098475,109.42974914955,110.507803470166,108.829944083789,106.711755243107,108.020626315317
108.96048014751,111.533590640286,106.20764746678,107.298394869392,107.287836263159,112.117383105421,112.174146082036,108.913292812525,107.511852137067,109.561433684002,109.115388650637,109.676121544722,110.32816965844,111.91363096092,110.212933259928,111.182336391504,107.704817487719,106.614578207972,107.695592260666,109.46822868133,109.498415274186,110.586657061653,108.893898991978,106.752132451382,108.074917275018
108.944612794541,111.490460102139,106.211013135215,107.296064609983,107.283705414092,112.07018934776,112.132199303707,108.892834732111,107.508795062498,109.543774907944,109.094119183943,109.667018791929,110.293188984535,111.878426182954,110.183499377464,111.141270620456,107.696241665211,106.617782102735,107.690460126184,109.448423568292,109.472917441361,110.551553799607,108.87316904859,106.754301002069,108.06347594274
109.049001121189,111.658047160423,106.271882546923,107.369464072106,107.361733691083,112.246640455459,112.295899304769,109.008037962187,107.583726366868,109.651765644536,109.211356133049,109.755045122588,110.441946225167,112.024134207076,110.318915807334,111.303942421133,107.784125234837,106.678535295815,107.770225474367,109.561755970092,109.60011729706,110.70061459403,108.989041260295,106.817447845245,108.158126017086
109.121343904519,111.76943763261,106.317531160047,107.422777212213,107.418058064839,112.362874267808,112.404263214066,109.08710624897,107.637753374383,109.725665127162,109.291979648911,109.816422625515,110.541661556654,112.120267587425,110.410165527203,111.412142539714,107.84620778039,106.723896062155,107.827101525136,109.639477087591,109.687042269839,110.800739513874,109.068365432779,106.864419738735,108.224321553636
109.065468134219,111.654473842219,106.300573411392,107.395113217669,107.385364230178,112.241427427762,112.295498922191,109.020424460016,107.609324058039,109.668466956674,109.222877705005,109.779100826817,110.443882901503,112.032321556043,110.325921758083,111.301973515425,107.805134933378,106.708094677207,107.794412015315,109.575768854221,109.608236868173,110.702467488001,109.001333151398,106.846166710384,108.17714968851
108.942781704534,111.421498519216,106.250559228494,107.325009946725,107.306078477012,111.996021704753,112.074702465897,108.876706208112,107.537682540674,109.543393943278,109.075058777884,109.691987578098,110.242156879948,111.855214277271,110.149169390537,111.077265981254,107.709490075616,106.659988459461,107.714692854974,109.438859614138,109.442534360471,110.500105922895,108.857041052153,106.793670764536,108.070525329224
108.820301448571,111.192953153486,106.202327012548,107.254373415138,107.228693473912,111.752523628522,111.855338600445,108.733269204114,107.464753725543,109.416814618506,108.928717062376,109.603322489808,110.042610985122,111.684540218905,109.970925053995,110.854822382305,107.613538152155,106.610875506436,107.633708840275,109.303114221268,109.280059337472,110.300210828407,108.713364569033,106.740675892127,107.964986978052
108.57979190111,110.764399562325,106.0996279222,107.107652832146,107.072786761161,111.292970520768,111.4393381575,108.45524771189,107.312651456996,109.166034563849,108.646851852705,109.421674625518,109.66444795299,111.364699383157,109.626691664186,110.434699671449,107.42106973514,106.50277145208,107.466791341721,109.03953419183,108.970949174973,109.921752362602,108.435033851328,106.626193201117,107.756381563114
108.237905076878,110.188397901493,105.961901816958,106.892510451671,106.860631623047,110.657172098139,110.856719037474,108.066490582096,107.084746752313,108.796276154837,108.258956800493,109.143842156695,109.148340678508,110.927922783194,109.133442399159,109.859260324899,107.146146486617,106.338881763425,107.218676391372,108.669837322439,108.555782909321,109.405725055246,108.047411015151,106.456210184016,107.465958371767
107.86874556537,109.6034721154,105.829923779133,106.655089519517,106.647854526673,109.984915544189,110.231083582395,107.655779150045,106.825504442869,108.376242215476,107.857263478202,108.815617341379,108.616029219585,110.472097967721,108.591908901745,109.260998334357,106.850363011479,106.153105427959,106.938153131437,108.276065966228,108.138446311434,108.873911487987,107.639564965871,106.26791798249,107.162034319547
107.422987086571,108.930032703789,105.683331989451,106.363202735031,106.404022533132,109.185612617618,109.478592734149,107.171284259059,106.498442969581,107.846392182419,107.390156037828,108.38758710224,107.998174467393,109.93433890418,107.93203282523,108.561048686989,106.495051574755,105.919228747479,106.585552095527,107.804950582715,107.663375014377,108.256887664843,107.158546465738,106.035278165564,106.802357822539
107.120644770201,108.491570972423,105.598877983932,106.164678235754,106.252161977398,108.644580630765,108.963366447822,106.850444283834,106.268324794994,107.467322714693,107.085994039517,108.07202100822,107.593450743434,109.575765187428,107.475407510885,108.097054750546,106.257526888231,105.757890251013,106.337683134104,107.487964541716,107.360998482683,107.852876178595,106.840055349431,105.878143992225,106.565522076554
107.338402025604,108.791927634223,105.68222886381,106.318561276508,106.376980536564,109.01115064061,109.313958683254,107.075634222332,106.44340626928,107.737233569957,107.301237882038,108.304173371491,107.870793615413,109.828983369975,107.786726198502,108.412434359588,106.433917594859,105.889727222955,106.524365923352,107.715275223089,107.575386980228,108.129914191711,107.065349503397,106.006832945952,106.743730272099
107.695827494081,109.300130631778,105.811610339691,106.564187888167,106.579226790984,109.627998514485,109.902794068882,107.438868486603,106.72291184721,108.179656910695,107.653745811924,108.680238531937,108.329396362869,110.255215555528,108.293790626603,108.938888363433,106.714488970977,106.094940838797,106.82356669395,108.092028025744,107.931615039665,108.590825758438,107.43112127851,106.209436193809,107.035201092518
108.086072769608,109.851006587911,105.949431706744,106.832116647082,106.800676376526,110.283890587674,110.54222232425,107.821867752574,107.02284061925,108.652137739952,108.036082096756,109.088442327494,108.815251667581,110.731912779209,108.828983080955,109.499955399506,107.007819450935,106.31192780976,107.13922122582,108.504077890696,108.321884338285,109.088003565726,107.814501677566,106.429366939156,107.34426334366
108.225778826611,110.039611805973,106.006998334855,106.932836675457,106.886346497179,110.501142995152,110.7597578719,107.954755983687,107.13204939913,108.814355235403,108.172307901334,109.233607050714,108.97996171552,110.903371396917,109.008812917046,109.68876820506,107.112200829844,106.393970325357,107.251278233788,108.650788935077,108.461684287151,109.259340554845,107.946433776102,106.514336263258,107.454363732812
108.125644724717,109.885007976978,105.988956868745,106.87345235384,106.839605461632,110.318200327494,110.578469815862,107.861835777351,107.064447490659,108.692165094768,108.075216271754,109.130908008278,108.852169741032,110.76917562552,108.869491736782,109.535817262986,107.048414187139,106.353783050747,107.180128787698,108.54237301889,108.359294924151,109.124935075358,107.853467586359,106.47083896186,107.382517486839
108.069066466426,109.790704764012,105.983948316557,106.843589669858,106.816341798334,110.205752027913,110.468588940487,107.809558376338,107.029334878869,108.621409175891,108.02021220842,109.073868140147,108.776159651774,110.690031015208,108.788152851398,109.443378415561,107.014923012431,106.336074891349,107.142192321431,108.479829559197,108.300083134201,109.045043126278,107.800559025587,106.451035251803,107.342711721086
107.846650078713,109.439729452649,105.91984686349,106.707161834798,106.695209818653,109.798956030976,110.074792002304,107.598704611375,106.87696859514,108.355552838308,107.800413846664,108.854821961063,108.486246384557,110.393482328915,108.489120044546,109.101198555255,106.864105772913,106.237580183954,106.97927497267,108.236473919281,108.064190680203,108.743979335042,107.586150181547,106.345857861368,107.168569034219
108.291627024166,110.107399107076,106.087884652804,107.001912750653,106.9609989424,110.571490556412,110.82285684724,108.024700152427,107.202502200218,108.884808493188,108.238635966114,109.303162573757,109.04941805065,110.965171422706,109.072072854407,109.756208324826,107.185830732134,106.468026773998,107.324680947445,108.718010900698,108.52852871429,109.324521759309,108.018774522735,106.586235898698,107.530400731293
108.350676704077,110.18351621304,106.121146942761,107.047930869207,107.003684955482,110.654323461914,110.907176511906,108.08018829747,107.250432635673,108.949419794952,108.29669987073,109.362882940547,109.115633830961,111.037174033146,109.140841912156,109.830252370327,107.232018104506,106.507197555214,107.373101997613,108.779988750106,108.588963338541,109.393873471956,108.073854291324,106.627172372474,107.579532840859
108.534302842087,110.44740970682,106.197536094052,107.174541674112,107.119914096778,110.946272186062,111.201526654518,108.250398958819,107.384882448618,109.15590009748,108.477734404708,109.544599319731,109.335064998877,111.277251549993,109.365820430136,110.083536574039,107.361890611766,106.605011256564,107.510956696701,108.97760877063,108.78208227122,109.625607755389,108.24364515877,106.732403880569,107.724225020428
108.396545966553,110.227668784987,106.162526115306,107.092948724509,107.046066994671,110.701477283239,110.955392315879,108.124945486114,107.296601410117,108.998182140804,108.34108833483,109.412418320942,109.16017451542,111.08295566884,109.189238528926,109.875854232503,107.276417409637,106.55189007835,107.419230821049,108.825439353156,108.632235359491,109.43875191869,108.1183628858,106.671568152744,107.623314182316
108.615728777206,110.553824037571,106.254884324807,107.241036159599,107.186169650657,111.06036704134,111.312710758408,108.331384446836,107.453640816356,109.243731126769,108.559961573194,109.624331567057,109.430261545972,111.373013433607,109.459133542054,110.187032420337,107.432187330665,106.665340516275,107.581811718273,109.063451742706,108.86804892184,109.722182146164,108.325341981803,106.79392318672,107.79901129981
108.37224191972,110.166293144825,106.178775848638,107.092249923266,107.045875354191,110.635064384242,110.88749985719,108.104744969208,107.295233620635,108.9707169468,108.314654874112,109.395789770278,109.118913911859,111.032716882052,109.151887588299,109.822063652283,107.274154652057,106.564261542696,107.41719165928,108.794558559523,108.598533473082,109.391717341436,108.098965337789,106.67953758453,107.614487650931
108.578485713091,110.469949551929,106.266095318208,107.232529215184,107.177136412284,110.970419959388,111.22230485737,108.300434615753,107.444249050606,109.202786505304,108.520465834601,109.597713739781,109.372496450629,111.303696903967,109.406869128724,110.113204006901,107.422166160288,106.672423831347,107.571183418649,109.017924023906,108.81887456594,109.657036233273,108.294496581829,106.795718056458,107.779390794143
108.973150071453,111.066594150329,106.423419373812,107.493402123446,107.423903155213,111.624049729571,111.875779830993,108.673875042122,107.719882152517,109.64268377433,108.917321500102,109.976182262645,109.864543905444,111.833570687752,109.895164232264,110.680431801314,107.698015443739,106.866749506448,107.855943191992,109.448234063459,109.247983054235,110.17431226167,108.667151834178,107.007951033648,108.09058197088
109.217918284841,111.416870489718,106.521571272546,107.660801452198,107.578748649996,111.996339203439,112.264875552918,108.897684199142,107.891820967054,109.90449758058,109.161824615843,110.211637805913,110.151266961426,112.165582192795,110.184323154974,111.009827801836,107.863903931605,106.989320441119,108.027363987156,109.71215885669,109.511484829248,110.48326289552,108.885753786137,107.145277588439,108.2736414762
109.136261898801,111.286172021642,106.506586125377,107.614655091664,107.537575147293,111.857372989815,112.117688403182,108.825827621148,107.84431341935,109.816836310124,109.07986976601,110.136076728337,110.050298115116,112.042703337907,110.08363036141,110.889582873901,107.818754917369,106.964199190362,107.980400600166,109.621531686847,109.420185400178,110.371811085467,108.816319870527,107.112939223354,108.220463389249
108.700735175891,110.61556260336,106.361447253838,107.340312499511,107.277730836717,111.14819798245,111.383494267432,108.42577087479,107.562563792517,109.352894811707,108.639053058562,109.733808570555,109.512978283943,111.422524207251,109.557260993535,110.266166171189,107.53931568914,106.78028659175,107.696834461354,109.14306999613,108.935019075415,109.792987258654,108.423570889091,106.899198832956,107.902086718703
108.719380447697,110.633339380148,106.381599691118,107.359683669972,107.297357023908,111.165633016477,111.40076446672,108.444608257082,107.581861196021,109.371304158858,108.657764125732,109.752607468678,109.53125342189,111.440658515994,109.575384474093,110.284037075396,107.558710126816,106.800093636974,107.716149554073,109.161573394598,108.953623315549,109.811088335487,108.442464790486,106.918874602732,107.921379476078
108.664313205384,110.542193135301,106.376634273959,107.331232134883,107.274014777227,111.06304314737,111.294594720646,108.395373119337,107.550402393983,109.30697755273,108.604113239131,109.698282486,109.459992965309,111.357406428372,109.502364636449,110.198022095265,107.52869747003,106.785613088677,107.683775107156,109.09977246392,108.894689877562,109.73432744532,108.393939835347,106.90047143121,107.885593147784
108.629164982503,110.478042663673,106.377647396314,107.316159034875,107.26155397392,110.990507004535,111.220780508755,108.363910661322,107.533122601805,109.265094040815,108.569476456927,109.664920072117,109.4111695725,111.301044770692,109.453757207153,110.138132820483,107.511607762932,106.780637297076,107.665359506776,109.059197395649,108.855579491256,109.681820938655,108.362560175358,106.892717444772,107.863535270339
108.50478439704,110.272357580512,106.344759795656,107.244837890591,107.194012779416,110.76349720447,110.994010249933,108.246993798145,107.456224849322,109.123791219997,108.444578325761,109.548274207741,109.246612059372,111.120527034298,109.293669920025,109.944624058536,107.432670705839,106.734941836587,107.584380687735,108.919668582391,108.717665468415,109.508681491758,108.244953906735,106.840130283902,107.770182512549
108.584136129462,110.385609505715,106.387731787408,107.302659741617,107.25075313152,110.885702882228,111.115163743228,108.32408476014,107.516437612288,109.210296865413,108.524548834755,109.624471836273,109.343332641949,111.222494594813,109.388086695398,110.053037114356,107.494294981568,106.782731786437,107.646571279905,109.005285846483,108.802978905817,109.608474130526,108.32249234216,106.890474874488,107.837766211019
108.789686657694,110.705304420851,106.481293381141,107.439358283985,107.387399554773,111.232376230434,111.454399482409,108.525503727719,107.660008564347,109.436548000257,108.735062937374,109.814550618288,109.60953970251,111.499068879445,109.64223733337,110.356151935475,107.645586632351,106.888093188268,107.797359987222,109.231547723367,109.032040404455,109.883463658817,108.525919084879,107.00377494482,108.009147477258
108.885934998914,110.847913662215,106.532058947047,107.507700289237,107.455996911736,111.384270248496,111.604168797571,108.620060407334,107.730491541314,109.539589112978,108.834070981159,109.903307974533,109.730115341396,111.624793768001,109.757448885368,110.491438236816,107.719367285846,106.943204732921,107.870332122909,109.336129727674,109.138910189987,110.00823338375,108.620777872873,107.062514973884,108.090795921215
108.843829508967,110.765040620835,106.526995596735,107.489082797553,107.436205933614,111.294179580621,111.517159869087,108.578203263623,107.710336123594,109.492592463054,108.788577319454,109.869546828761,109.665758609595,111.558833796745,109.698995045415,110.414936727356,107.695340804228,106.93553569612,107.847844162062,109.286889806082,109.086385741108,109.940710151367,108.578557565453,107.051866081368,108.060009953736
108.962857230756,110.950141275458,106.589528603564,107.571298055807,107.52133841179,111.490389933697,111.706636759903,108.698703046581,107.794906978928,109.618891115441,108.914271494459,109.974316143593,109.822225836645,111.714532882059,109.844821227727,110.59014883597,107.787465400826,107.00111387408,107.936550497947,109.417226519213,109.223401745408,110.101446791948,108.699798577409,107.121777647891,108.162752356063
108.979487622712,110.963722857481,106.60850685383,107.589521918983,107.539360062024,111.503571700257,111.720256752637,108.715132721892,107.813079599119,109.635354306392,108.930475647792,109.991995113296,109.837027692565,111.729908369799,109.860236047625,110.604170390236,107.805190341007,107.020070685389,107.954538191087,109.433374567033,109.239070012894,110.116095656908,108.716199948322,107.140536412486,108.180022631111
109.162496347719,111.263039724767,106.702197294108,107.711551140186,107.669518066209,111.818589451653,112.019032468302,108.90627734863,107.937912219363,109.826709670093,109.129726621565,110.144048777973,110.089937796854,111.969191682434,110.090618555509,110.88692837758,107.94721133842,107.11515266278,108.086974711193,109.635133744827,109.458477911898,110.37471194983,108.908484562474,107.242441154722,108.339253744758
109.054455950404,111.064957837076,106.665345638615,107.651209453505,107.603181528779,111.610955046076,111.82204853947,108.791794856494,107.876456076249,109.71498812102,109.007602691777,110.062855204319,109.927988631324,111.818021635442,109.94598932714,110.702163409717,107.872269449465,107.077055796649,108.020528655639,109.512975198291,109.320349922885,110.207004589673,108.794348876277,107.198265754567,108.252047953159
109.028624408613,111.006526160714,106.665228524203,107.642569848236,107.592591500958,111.548513327884,111.764076721512,108.762928340962,107.86724040376,109.687542230599,108.976460406551,110.046915198483,109.881941124993,111.777918126305,109.905950467493,110.647964982078,107.857837757726,107.076236268875,108.009348438644,109.482197234958,109.283679829909,110.159251467732,108.765586022155,107.195468400502,108.233488549736
109.269024606945,111.404433928336,106.786844163807,107.801810653259,107.762796202639,111.965115637841,112.156191524018,109.020425775102,108.029270995587,109.935079075866,109.243909495269,110.239254572124,110.222129436091,112.083807397277,110.21538999939,111.02625405173,108.04669550263,107.199469281636,108.181479257903,109.746058487355,109.57781554787,110.506246085587,109.023194759083,107.327451695175,108.442074005685
109.567566993176,111.887744574157,106.930666111143,108.000419886282,107.971195880435,112.462771667912,112.636572070487,109.334377638142,108.228047777908,110.234639566374,109.576234470355,110.475836198002,110.63287801544,112.465495509389,110.593379442946,111.483302482204,108.274127367088,107.34881527584,108.388359478067,110.071670901084,109.943076517298,110.932118271927,109.332707030307,107.490827112463,108.690122437953
109.315599787242,111.47414021124,106.837152676985,107.843189741212,107.810115774122,112.045661275799,112.218579009176,109.076739562457,108.074666770725,109.990737039627,109.293428978563,110.284774023003,110.290204945909,112.129600791082,110.274408599586,111.097289746531,108.100211194395,107.244861746846,108.232891304273,109.796208931514,109.629227929667,110.566563396957,109.084638020538,107.369225810582,108.500871430563
108.960382895042,110.912595478966,106.708482534946,107.616451936565,107.590607029237,111.461793288679,111.633474027626,108.713795276694,107.847160812866,109.632416340786,108.905092883601,109.997239194094,109.815690420422,111.670099191924,109.815795036453,110.562232946217,107.849106880569,107.087851928132,108.001346681088,109.411535134044,109.207397732186,110.065270496685,108.73393153573,107.191655073312,108.233487194852
109.149244953843,111.182106911178,106.790327433638,107.749381651996,107.712173547297,111.751294307659,111.925579586385,108.904121222349,107.983970604852,109.831445899447,109.10237433653,110.167467923765,110.051593804414,111.900522445416,110.055945797216,110.826015609746,107.991988377904,107.191371760763,108.14008945882,109.611725168628,109.414192127997,110.311495183496,108.918885127381,107.302481844786,108.38081189741
109.061106047985,111.038944374928,106.771014969842,107.698149692557,107.666691417896,111.596417216486,111.769681982309,108.81593004036,107.930663387072,109.737820669498,109.008650383466,110.093471997416,109.932146779955,111.784161920669,109.936119736549,110.688027585684,107.934494156056,107.159613098687,108.0853863709,109.515588591423,109.313042249683,110.1850844594,108.833477389375,107.265570712231,108.318909579789
109.053371997925,111.015751922347,106.781070574897,107.700314171248,107.669912266109,111.570075276733,111.743708570426,108.808026676056,107.932231925668,109.72859155219,108.999345445227,110.089965280316,109.915470654942,111.76909891542,109.919959114859,110.666356272712,107.934676028077,107.166799074177,108.08637953578,109.505568550284,109.301533725597,110.166770085627,108.826035898572,107.271462747545,108.317567967791
109.257780128524,111.327184837401,106.87415812767,107.839668054532,107.806529908591,111.901472330504,112.068634320995,109.014705587187,108.075601098926,109.94286554227,109.215034661948,110.265971242973,110.182358772041,112.024239131782,110.178389198715,110.966136396584,108.089228962533,107.274670002617,108.234965942786,109.726322031025,109.533504853639,110.443102257788,109.031479671841,107.387282847126,108.484757172438
109.559830361839,111.794635902324,107.006376866834,108.041911731629,108.006395230117,112.394531261564,112.553932131733,109.318434786855,108.282121416532,110.255611308642,109.535533498985,110.520873664718,110.578750173362,112.406724676204,110.558951231426,111.41279939181,108.312628208988,107.427065506615,108.448364318565,110.053756361863,109.880814633802,110.855971518257,109.332704524598,107.553319958336,108.728406196204
109.888678355879,112.292263167506,107.145397475554,108.263648931672,108.222564840591,112.909805671148,113.074712695553,109.641086670676,108.504615424378,110.587458775639,109.883307638717,110.797230577449,110.996311540934,112.829035315266,110.962870984082,111.883990290366,108.547839003771,107.589666375598,108.673413324811,110.408704216087,110.258297815071,111.298390958103,109.648577448131,107.734580198831,108.9832585732
109.656628645159,111.932979672602,107.072659774404,108.117508593095,108.083920302484,112.544248056568,112.693071877137,109.421087240524,108.361159160958,110.360142866744,109.637364587041,110.608894324095,110.704016817536,112.515744504016,110.678410202919,111.549047973376,108.398873544049,107.496004745112,108.532030081715,110.156772501994,109.987899883127,110.980389101436,109.437234655059,107.622427330612,108.820374595635
109.836804518026,112.191930684733,107.151478323521,108.243549054616,108.203133250651,112.812197396365,112.96954532578,109.594476547188,108.487592023995,110.542065778438,109.824082399289,110.766386370862,110.922875363624,112.745268748797,110.895261856904,111.795263241314,108.528290866065,107.590498847068,108.658076220355,110.349296642108,110.188190740432,111.213450577112,109.60605070086,107.727185680844,108.958088997692
110.014176141998,112.450616125532,107.230568925261,108.366938127557,108.321955834181,113.078536126342,113.242820535976,109.765504143099,108.611044825575,110.720165009342,110.008575161641,110.91931070729,111.140559378984,112.973040775924,111.108001547044,112.040099848571,108.655853438878,107.68287057016,108.781620460375,110.539626197152,110.38736558619,111.444832335633,109.773325676192,107.829766695162,109.095113978259
110.050682709864,112.495559213107,107.257425154653,108.397995179158,108.352754636337,113.124201356044,113.289042093354,109.80143056432,108.642120325785,110.756769340188,110.04583770078,110.953473884566,111.181287485655,113.014972684855,111.148007270687,112.083560122399,108.687443274028,107.710878955648,108.812773753571,110.577512559883,110.4261902745,111.4868808916,109.80894855488,107.858772355116,109.127764741438
110.247897797185,112.796130160718,107.348236613291,108.532300272604,108.487570090005,113.432185562054,113.5984477886,109.995432416716,108.776466850514,110.953791979625,110.254158050475,111.117476495362,111.43324727,113.270887999597,111.386838735256,112.366543411948,108.831108739444,107.811329814987,108.949307007005,110.791323986201,110.653930226393,111.752200131559,110.000650787557,107.970059298809,109.284765213151
110.611872942333,113.363189615952,107.506410551448,108.773811225057,108.731720656229,114.009573305708,114.179420806727,110.353919440723,109.016537138839,111.313483514704,110.641969113942,111.412795326595,111.904743534653,113.750651463072,111.830287525398,112.89774189606,109.090531632562,107.986084524126,109.193016802922,111.187695850057,111.080869805724,112.250647809671,110.353847044562,108.166688830427,109.569795872915
110.356998197382,112.966942904161,107.423640573451,108.613509024995,108.575818523767,113.61617524981,113.763736291167,110.113698721648,108.862012617691,111.071873614879,110.370571918207,111.212150554692,111.584975569804,113.397583692786,111.524165976869,112.53253213176,108.928728040589,107.885064370835,109.042150826773,110.910057418735,110.779488686122,111.900647573977,110.123785732815,108.043646662562,109.392763970858
110.319403560824,112.900604597418,107.423264516602,108.595841723147,108.560385983979,113.548217015363,113.691503743671,110.078877359365,108.844746157488,111.035228647898,110.33044358127,111.18424976995,111.53361926791,113.340659713505,111.474057927839,112.471413842166,108.910244024043,107.879427356038,109.025409481812,110.867890354014,110.734020689025,111.843678585346,110.090900160702,108.03387593286,109.371517440582
110.307947141005,112.871793041084,107.431934644046,108.595694052384,108.560826578679,113.518441125217,113.660259680495,110.06849201572,108.844734515341,111.024223128496,110.3173092993,111.178802139479,111.513359725798,113.318474552185,111.455337259133,112.445649032535,108.909014884634,107.885745559348,109.025376937794,110.85365068276,110.717623237483,111.820639241213,110.081273092372,108.038040616746,109.368386252349
110.439644850554,113.067659786189,107.496609273285,108.687844886805,108.653135721071,113.718263476158,113.861967456757,110.198306816936,108.936908249413,111.155298625992,110.455740272531,111.28958506852,111.679185172529,113.488223076458,111.613267105205,112.630664448314,109.007176871977,107.956675591815,109.118800053217,110.995758304386,110.868099524847,111.994792448868,110.20949270469,108.115717818471,109.474297681922
110.3620740527,112.930298508855,107.477533058054,108.645803058752,108.609675564138,113.577928231538,113.721576534461,110.121167894221,108.895014996553,111.078927712398,110.37105201253,111.232734955259,111.568866450639,113.377308928934,111.511796095675,112.503328392154,108.958702339707,107.933339537253,109.075400252287,110.908611689597,110.772043410192,111.877519897884,110.133494366907,108.086479274211,109.418507496474
110.292688612562,112.803821567944,107.460828066102,108.609284541883,108.571087839125,113.447966110496,113.593640065918,110.050582990423,108.858292217572,111.010044804399,110.294350945305,111.18299474456,111.466874634386,113.278341101597,111.418936037337,112.385710338355,108.914762211133,107.913389926591,109.036652307357,110.830221076991,110.684765572609,111.770052520848,110.063556866762,108.061580944144,109.367615880348
110.299621039412,112.801465822559,107.475767264676,108.621360402545,108.582699653722,113.445040696182,113.591396297228,110.057023192037,108.870332495933,111.017103552673,110.299942400306,111.193408678063,111.468256228908,113.281102010754,111.421968804029,112.384685134065,108.925442851897,107.927980247828,109.048295598079,110.83573911577,110.688663628242,111.770720091572,110.070052027376,108.075452003815,109.37720000149
110.337822626376,112.851369049689,107.504294026785,108.653197246124,108.61524521209,113.495836609822,113.641114000841,110.095967511383,108.902317022838,111.055443855962,110.339842400493,111.227920765267,111.513525540385,113.324924899313,111.465105472276,112.432952948338,108.959189206144,107.956856651017,109.080888097162,110.875754200944,110.730662642088,111.816765888275,110.109000341871,108.105123397071,109.412400270644
110.099792906712,112.428546037059,107.407342694422,108.51138271716,108.459147464994,113.061056992144,113.229659255169,109.840501274483,108.759018254751,110.818177135038,110.071021221744,111.055462557833,111.159387472926,113.010958984721,111.148961898426,112.034579148698,108.78427686555,107.858887618733,108.927197929095,110.610266486993,110.428635031463,111.453127837026,109.852929754782,107.995700755232,109.21525445733
110.115109911812,112.440109718087,107.425878283938,108.528745274148,108.476425939447,113.072106837667,113.241258416861,109.855339062356,108.776295500134,110.833403277395,110.085710362099,111.072309630935,111.17219292398,113.025188727263,111.162319056857,112.046438942647,108.800877946635,107.877172930963,108.94424449912,110.62507490616,110.442762207012,111.465796434954,109.867787884748,108.013783265801,109.231522517396
110.069210855099,112.348625308683,107.417491159138,108.507340263433,108.453138388595,112.974374096636,113.150343167042,109.804333147916,108.75364396142,110.785514039473,110.032604625156,111.041668038392,111.096523102082,112.962774126522,111.093988090301,111.959205586574,108.770381750634,107.866453747817,108.918538965025,110.572634420744,110.382535429961,111.388447221303,109.816590324392,108.000736680969,109.196073650212
109.953080715135,112.136175478036,107.376966528874,108.441712770311,108.382348848603,112.749114738975,112.941250767139,109.676559643602,108.685485125711,110.665388208707,109.900562974348,110.957893835285,110.916870517003,112.813569733585,110.931243751502,111.755767692508,108.68502731347,107.822465892063,108.843601808623,110.442800197451,110.235243452242,111.205882950766,109.687987547141,107.952136235123,109.099811143322
110.025017898617,112.243544903991,107.420681374974,108.494964160854,108.43721427796,112.861906764209,113.047833687234,109.752928038145,108.73989249544,110.73940655633,109.978279552889,111.018625941314,111.012357363019,112.897488767189,111.020940223138,111.860140894531,108.745715628761,107.86784161305,108.90062439607,110.519738665295,110.318374916087,111.302312132377,109.764675870398,107.99907682635,109.1644527138
109.894499120534,112.003714941726,107.372241081156,108.420316634822,108.355854327894,112.607177786034,112.81416805684,109.607551427274,108.662389400382,110.604294719745,109.82849824777,110.925252377017,110.808398593053,112.733707078049,110.83726397826,111.629908594386,108.647806580629,107.816682853423,108.814990504846,110.374102761497,110.151355003091,111.095952229339,109.618050137722,107.943139643881,109.054013293214
110.017977668952,112.199462946983,107.439527516617,108.506305763004,108.44523061927,112.814673068018,113.007365699453,109.741201923685,108.750816619872,110.732249327887,109.964479386227,111.025407545577,110.98091751872,112.878458989832,110.997796257243,111.820246698379,108.74958340016,107.887116407941,108.909020862543,110.507435817262,110.298156152484,111.269837283463,109.752430200967,108.016470832569,109.163707912164
109.907020400162,111.994034345079,107.400050281753,108.443608383089,108.377146322192,112.595932942717,112.807429749384,109.616844274259,108.685735061769,110.617386101507,109.836146103138,110.947017574027,110.806002651509,112.74131186084,110.840004167541,111.622615188706,108.666755087858,107.844923814728,108.836964547557,110.383796891695,110.15508411853,111.092726221919,109.627328470037,107.970104985478,109.070370185611
110.156943620452,112.406481914426,107.525342362786,108.610099556383,108.551679135278,113.034060074642,113.212058439272,109.890623415014,108.857168560135,110.876167877751,110.115713776921,111.142812054869,111.166932043067,113.034534588484,111.173182020038,112.023094037314,108.86869642685,107.976465655813,109.020846091561,110.655281366037,110.459196151357,111.456828651207,109.90242767483,108.108295036474,109.289934730799
110.031017637247,112.183844851868,107.481753562989,108.536353822604,108.474610613825,112.800538575285,112.992132482259,109.753658064928,108.782270479119,110.749068983151,109.97123556557,111.052450405326,110.978216058047,112.880109712131,110.999479691102,111.809850179929,108.777544199404,107.927491752176,108.940687291878,110.516692207607,110.299035623533,111.262053616276,109.767128562238,108.053141421104,109.189178080553
110.410698816717,112.799895680173,107.659673586696,108.788336933588,108.733259182779,113.448720810798,113.60409619467,110.161617195284,109.039194795364,111.136469118378,110.394470329129,111.349488179423,111.513328880732,113.326937206616,111.500196310638,112.405600541777,109.074294448369,108.120722892827,109.211821041077,110.927247835914,110.75910783018,111.809738803044,110.172250038782,108.259916435223,109.509248857031
110.679586701925,113.204490007262,107.779397047764,108.973350887605,108.914811589689,113.860527218353,114.018081155635,110.434538533364,109.222308477509,111.39937544097,110.688931825262,111.563905948295,111.859620619097,113.648434659632,111.835069368418,112.791692604875,109.272494556582,108.258098294685,109.39613904869,111.213789751578,111.077418765843,112.177336971721,110.435505172384,108.412305543475,109.717737434561
110.5159490865,112.943218414142,107.728139037267,108.871640734101,108.816208256779,113.597621542897,113.749228768316,110.271435477176,109.123551923944,111.243525983527,110.507252362024,111.441932434266,111.643187004711,113.443235871008,111.626889140035,112.545934995455,109.164491361271,108.193694920038,109.298103286688,111.03731372122,110.877346577198,111.942910794351,110.280269468245,108.335207838438,109.602168699334
110.477892031776,112.873359790389,107.726030609692,108.853583323417,108.799255545835,113.526040988319,113.676705059761,110.233128317985,109.105909500489,111.206892521087,110.463864996875,111.416710745888,111.587323314436,113.392496311455,111.573527666806,112.480513821066,109.143667872334,108.187124758697,109.280294118551,110.995044183949,110.828302050237,111.881999367435,110.2440165918,108.324971554289,109.578794236545
110.649424799893,113.131971907865,107.807945543906,108.972861044634,108.918420300012,113.789952520154,113.939283142352,110.40688214269,109.224818821593,111.376045809386,110.649498623399,111.555106744502,111.809000523564,113.598359207829,111.785376309901,112.727156516009,109.272710521167,108.278140690658,109.401094519633,111.178562170815,111.029595634877,112.11497024439,110.414145268373,108.424626964469,109.716191595033
111.068038271246,113.787015320961,107.991939166431,109.252286906574,109.200994264257,114.455773619351,114.599854477961,110.831947496558,109.502204238183,111.785469665036,111.107048839779,111.881655305824,112.363783608328,114.110128757479,112.30898308398,113.348091667971,109.578827838959,108.48239605464,109.68378602543,111.629961265263,111.530971259843,112.699578881175,110.830429537304,108.65227199534,110.046093613085
110.923391693447,113.562246035102,107.951216466865,109.162549815828,109.115634865963,114.235121578455,114.364874191985,110.694180140901,109.416895833296,111.651961669247,110.949224856765,111.773832143828,112.1813270105,113.922593297858,112.131580985817,113.13970266248,109.489204632241,108.428643822814,109.601734111813,111.474215479206,111.356204835252,112.497301066841,110.701045868317,108.585080421683,109.950512687915
110.848174933924,113.438370634481,107.935891697063,109.119760342786,109.074933780541,114.11192074606,114.235425988428,110.621955466733,109.375829100319,111.581575150796,110.866778907467,111.719531929866,112.081801190782,113.822786868381,112.035597225935,113.024786173758,109.444832887321,108.405932679302,109.561721927628,111.392131060347,111.263960655084,112.387582786855,110.6327484937,108.555250283678,109.902151031623
110.807693767941,113.364507161689,107.932957585044,109.100472546102,109.056071483245,114.037979068392,114.159103246284,110.582530674632,109.35732163561,111.543660376145,110.821438735786,111.692964534227,112.023725447023,113.766554401467,111.980984006638,112.956688695876,109.4233291978,108.399029497166,109.543296948018,111.3468479666,111.211996693049,112.323743618603,110.595222306177,108.544138050061,109.877530816079
111.261301385318,114.070556381946,108.1284450805,109.401629959218,109.36128562585,114.748159270147,114.874255185452,111.035440179279,109.655187465447,111.983271171811,111.311936736678,112.047011470428,112.616467013519,114.334477827285,112.540223673205,113.621382665553,109.748936975501,108.616456323267,109.844948355808,111.837419937579,111.751890360777,112.951924536554,111.038785011713,108.788686083228,110.229275949714
110.878416771331,113.50268179799,108.003226425034,109.152517492209,109.124312068501,114.198084513663,114.275751215083,110.678550178924,109.418555337706,111.63233000765,110.90291019258,111.751607602356,112.154796931386,113.833284945155,112.08766876731,113.097067098737,109.50701786459,108.457863775864,109.61935878863,111.427133921048,111.300861299562,112.437659933833,110.703455876833,108.595029484174,109.973893380323
110.40495349415,112.830361319916,107.858656818738,108.83899062765,108.84821103855,113.517698125519,113.535081543805,110.239153913107,109.109806280019,111.173011725328,110.415171152636,111.35375649719,111.596360863024,113.229500415252,111.512654862925,112.460124615887,109.202041106529,108.249625549027,109.32332194477,110.924694048715,110.777728413038,111.823046648861,110.288785896384,108.34963193811,109.659244170092
110.504686464577,112.957136491472,107.90377546628,108.913894406965,108.913496106422,113.65053890651,113.678076135673,110.332537036049,109.185809038185,111.275009754891,110.514043491035,111.447694745633,111.707137318356,113.348274096132,111.630905508202,112.583859926547,109.275239681716,108.308666638824,109.397363487067,111.028335630552,110.879830672154,111.941716808103,110.378499300924,108.413647587912,109.733045622599
109.98577656325,112.22915470707,107.753871192799,108.571272358651,108.624475085098,112.881864376567,112.850827852618,109.857804327376,108.835162218413,110.740374389381,110.000588816951,110.979184923124,111.099558380236,112.689906579686,110.988119537441,111.883637454642,108.93844523734,108.073663967986,109.055508797753,110.4767107924,110.33694608419,111.282647873805,109.922184800427,108.144874991268,109.381516869542
109.822466467638,112.00648823458,107.722024330189,108.466412191518,108.546759464911,112.634678741493,112.581401353041,109.712226201508,108.723187166859,110.560939987372,109.846358122297,110.817925283756,110.912956159679,112.484088760009,110.777407748012,111.664519275377,108.837133018058,108.003686822429,108.94670287268,110.304172873704,110.178079984948,111.080350090468,109.782694865287,108.06543507784,109.277755406858
109.986821041877,112.222337383337,107.785391792667,108.583886502833,108.645737097636,112.870620796393,112.83193007041,109.862380122335,108.846842162895,110.739451551463,110.003219849232,110.980630144898,111.098101574728,112.684640391013,110.978248761652,111.876148837351,108.953272298084,108.094658797238,109.069206742402,110.477198632985,110.340015837306,111.276938575947,109.929832253422,108.163407946294,109.398515403783
109.800957352091,111.954327683941,107.74334567055,108.467625370563,108.551944644812,112.574615573235,112.51790046839,109.697690436225,108.722031651737,110.533904246331,109.827698584922,110.801141153683,110.878676184176,112.442516572949,110.741941081174,111.61722232632,108.837733051236,108.016776206648,108.944848893988,110.276788462443,110.154527967217,111.041284989606,109.767658223225,108.075083301816,109.272573955422
110.002295946237,112.232130480052,107.820727803436,108.607110500213,108.673898174496,112.878757891684,112.834681192596,109.881077224461,108.869933288709,110.754919750305,110.019853196237,110.99798709743,111.112335359298,112.695192074281,110.98798775974,111.886308873192,108.978449494499,108.12372296274,109.09374212243,110.492077477599,110.356350556413,111.287942156267,109.95027451042,108.190490195608,109.424499624605
109.856142477376,112.010386856572,107.788006654421,108.519310018401,108.599625565546,112.634311214145,112.579837770334,109.751808882854,108.775079921219,110.59209101935,109.88128407252,110.859179689095,110.934258728084,112.498561885673,110.802428414201,111.674916882522,108.889147024483,108.066561338632,108.997606821212,110.331826007795,110.207023800731,111.097620754509,109.821081648034,108.124943318484,109.322761636333
109.979649200938,112.183285580729,107.843145436182,108.606452030848,108.67984569548,112.821935433912,112.771829174506,109.865938462663,108.866905991095,110.726828655595,110.000676534241,110.978244800457,111.079654564575,112.654168588646,110.950752983854,111.841068693042,108.978581908691,108.135457364595,109.091019034751,110.464646541946,110.333578772139,111.249806601381,109.93576842144,108.198618151408,109.420792816055
109.982588939861,112.176826235133,107.857993939056,108.615950357822,108.690258669353,112.81300915934,112.762438435971,109.870395961051,108.875653462864,110.727978423173,110.004148192402,110.9826494005,111.0782859688,112.651519535161,110.949344819692,111.835988895767,108.987518513196,108.148213181335,109.099413956284,110.465824959218,110.335594798742,111.247282839176,109.940057049765,108.210496562717,109.428023904396
109.765235397169,111.824716515764,107.792051247438,108.486459143782,108.566908925154,112.429053072444,112.378929564444,109.668296943381,108.736541711792,110.487330583418,109.789550304384,110.787223127372,110.795422248351,112.355428815399,110.673449798011,111.504160152882,108.845885590636,108.060290170987,108.953440969258,110.223236924608,110.099333496556,110.950990481211,109.734543207513,108.111691574943,109.261314183707
109.668609370312,111.662885813988,107.770518390974,108.432941380605,108.517684065241,112.248783532056,112.19971876025,109.578084303928,108.677343317414,110.376660757132,109.694541302304,110.698937303336,110.666069868805,112.221847536929,110.545702932234,111.350709569625,108.785521460648,108.026589004884,108.890431837208,110.114505894019,109.994719916782,110.8158720536,109.642747260514,108.073292582765,109.189344301944
109.890544561105,112.002129848925,107.866864952325,108.580507998117,108.66066877703,112.619980746613,112.565052535799,109.791947394446,108.834605225454,110.622899647127,109.916125162624,110.904837359861,110.949013814994,112.50781818463,110.822282076188,111.674940653221,108.947456990945,108.141064420023,109.05544517758,110.358030428481,110.233837064016,111.107517710411,109.859920243942,108.195332778583,109.372319554494
109.691622417242,111.674878972014,107.804627832479,108.462601823623,108.5465627491,112.262972508308,112.211890428895,109.602255372842,108.708257401902,110.402318255561,109.715342206572,110.727484734092,110.684661258539,112.237006101854,110.567090947678,111.366349599177,108.815654069026,108.061034106853,108.92202101163,110.135602269773,110.012636969305,110.831653395432,109.668107573476,108.105572260892,109.217880847774
109.866129671136,111.937695460601,107.883495509904,108.580890194306,108.660880430478,112.549790760684,112.494805686582,109.771788160892,108.833538799031,110.594949433033,109.890930545852,110.89011363161,110.905599172411,112.459852357736,110.783669832538,111.618091157083,108.944840593823,108.153852204025,109.052833008486,110.326125959023,110.201226606367,111.059537641966,109.839105470663,108.204309673483,109.361970576946
109.725296270252,111.700921829503,107.84221077654,108.499601700718,108.581918313866,112.290329061439,112.240013916732,109.635465652458,108.746037177981,110.43772218262,109.747012273244,110.765556253746,110.714180465873,112.267304019983,110.599739097487,111.394503887144,108.851925109406,108.100059015028,108.959691247938,110.168046138686,110.042345126155,110.860297641045,109.701495096573,108.143663517979,109.252806857946
109.579589892834,111.454728275152,107.798165907807,108.415323579742,108.499650844709,112.019155689095,111.976048714195,109.492323676559,108.654864105719,110.273814807557,109.597169422713,110.636517036846,110.51371079157,112.069914014399,110.407417659128,111.161020681995,108.753903771697,108.043356329921,108.861942473343,110.004529852611,109.877281815466,110.652865414393,109.556766822169,108.080525262399,109.138152919698
109.888685466532,111.939707358383,107.932806829129,108.618243795946,108.69936799061,112.55042231876,112.491211881486,109.800091851117,108.870617343784,110.616964609192,109.914726250482,110.918139601668,110.921283939409,112.46622181798,110.800805938675,111.62561297461,108.983200907714,108.199928245142,109.090267669358,110.344386016528,110.220637245107,111.070821451129,109.867644970245,108.247150932378,109.395899981791
109.917001321138,111.972100943473,107.956709333569,108.643967126643,108.724969371738,112.583697250379,112.524460901348,109.828194220169,108.896577095675,110.64595338032,109.943239527781,110.945993288858,110.951692770211,112.497125793504,110.830951461183,111.657398835114,109.009366624405,108.224410546981,109.11642620152,110.373439329041,110.249801214534,111.101664596758,109.895718316352,108.271960741913,109.422709082233
109.823811987964,111.809683273491,107.932294281626,108.59255971161,108.673691166453,112.408423100689,112.352406234989,109.736492112466,108.842102335554,110.54422145571,109.844999406075,110.86756729924,110.821287826272,112.367557233913,110.70794088052,111.505239365775,108.949501245486,108.192949497427,109.058401052453,110.268210089552,110.140086891848,110.965014278383,109.804071676971,108.23513395205,109.352000228946
109.646789853863,111.508504023562,107.872499801823,108.488372804647,108.568059141906,112.084111897767,112.037490675944,109.558944835758,108.732328658618,110.351972289718,109.657361855352,110.717879909321,110.574940792944,112.128889262693,110.476673050114,111.221387041746,108.827892717996,108.122431049198,108.941370005793,110.069958249756,109.932111823819,110.709366555093,109.625983711395,108.156008421095,109.211248780955
109.808887132618,111.757392251794,107.950622688091,108.59898961481,108.678223714838,112.352415463568,112.298098835078,109.722621920171,108.84790247522,110.527409229117,109.826596919344,110.863140088862,110.786882320501,112.332734268188,110.680065650191,111.459959478957,108.95191091753,108.209944178125,109.062589989904,110.246673572059,110.114518384621,110.92692782773,109.790082062035,108.248848134312,109.347925774863
109.742659683217,111.63619839176,107.935810986307,108.5647092479,108.643390774478,112.220633671702,112.171310974987,109.655091230434,108.811166093728,110.454464767963,109.754984779641,110.809483052655,110.689035769521,112.240825195141,110.588850664331,111.345813130829,108.909350836987,108.190325053631,109.022513221501,110.171319478841,110.034141696745,110.825324171846,109.722419480485,108.225606171174,109.297351215565
109.630096233335,111.436237365845,107.900404683413,108.501368871682,108.577735172521,112.004448924203,111.965373486825,109.538582195913,108.744101091082,110.331897802553,109.632710940324,110.717975942754,110.524736080344,112.089775994229,110.436749369441,111.156681212729,108.831623457707,108.148967942398,108.949658140205,110.044485423883,109.897864771927,110.656127303544,109.605259109918,108.179021476004,109.206900552897
109.467472816991,111.15230103253,107.843008248001,108.406321162357,108.479338042808,111.696840231543,111.674219644566,109.368390331898,108.643542333124,110.154702012203,109.455744022932,110.584657030531,110.288419400971,111.876702491308,110.217412896014,110.886482476537,108.71511543196,108.083426213003,108.840485907274,109.862436576893,109.701971268678,110.414172820007,109.433945296412,108.106899657691,109.073253901106
109.356055269756,110.955229086855,107.808168308289,108.343245862125,108.415292507531,111.480335912925,111.470257073625,109.250680054407,108.575762189405,110.030937984715,109.334368187132,110.492733545918,110.123814778259,111.731532238794,110.062961063604,110.697537520647,108.635964516377,108.041040339122,108.766192730868,109.737564475155,109.568103666806,110.246202971018,109.315479825978,108.060357290035,108.982654800684
109.060737923728,110.45295897069,107.694219290855,108.163411043071,108.232204830086,110.93011280834,110.953614972078,108.938025139787,108.384266770684,109.705162434872,109.013957480281,110.244689031926,109.697994891815,111.358427954519,109.662538229444,110.213717694073,108.41565211515,107.909745982004,108.558121736339,109.410132187673,109.217773593349,109.813669290258,109.000345972488,107.919815456376,108.734642809662
108.48526381873,109.531742364263,107.479725785438,107.799299650134,107.888431031358,109.889641822396,109.966004317256,108.335089514114,107.988454929679,109.046473056615,108.407905605334,109.723534409633,108.900666852237,110.655970625311,108.873909726253,109.306719245658,107.979642457982,107.632498100206,108.131272333076,108.781710582473,108.572967881188,109.006178310721,108.395509960824,107.630407776501,108.259093405421
108.39833087725,109.397887012261,107.465451567515,107.74854514636,107.850866204476,109.72438876135,109.805611036396,108.246145359172,107.92842638609,108.935083117343,108.322030796247,109.633302254365,108.783152229946,110.551725812741,108.743741892331,109.168875262734,107.918215350985,107.596035939221,108.065961535387,108.68771281815,108.48604337375,108.887221881029,108.307235038848,107.593471914553,108.194786182608
107.949999042446,108.727225789377,107.328601979598,107.46175210725,107.611047684121,108.918035342224,109.029182777955,107.793727071648,107.601760591142,108.380439836268,107.878792401713,109.176865924153,108.195460614087,110.017965782509,108.114617694086,108.488692375129,107.58362258176,107.371521612342,107.713056104764,108.203699733662,108.031439604671,108.293472875626,107.851910216765,107.366055743068,107.836244277497
107.996611277378,108.784560413199,107.357722620262,107.499769602632,107.645706283404,108.983775163771,109.093723186446,107.840029675554,107.642452000859,108.434203791812,107.924301012054,109.226038914641,108.248589413569,110.069179361772,108.171405595786,108.546996092912,107.623938958495,107.406385149665,107.755203485248,108.2520868981,108.077120997851,108.346904541548,107.898391363888,107.400846153098,107.877660300101
107.64889696343,108.265289605535,107.260137997839,107.280346521131,107.46658354755,108.343235984873,108.478933787658,107.499141238744,107.385513315496,107.984754759554,107.591525019196,108.853171635812,107.799439413903,109.652131957366,107.681340830248,108.019684325567,107.369647169886,107.233547212335,107.474601081515,107.87481760257,107.736325074814,107.893679616791,107.550718502984,107.227904200468,107.598513242391
108.233863779136,109.101335505326,107.456144885867,107.669860939915,107.786357775499,109.380579379204,109.478899727131,108.066067626231,107.839598228636,108.746239030383,108.14315439489,109.503366652374,108.528742448192,110.341681396122,108.488696151826,108.872164186725,107.809138670132,107.55469832017,107.966486040926,108.504143605658,108.296430863974,108.628615110755,108.129591814551,107.546254783569,108.076438898408
107.933382751365,108.684649388113,107.38547080555,107.476084578473,107.639373784491,108.875831860311,108.960466289819,107.796887698039,107.616808353636,108.364270058275,107.867060064997,109.161874743232,108.180623077349,109.9693291814,108.089608371395,108.456689873275,107.610902844128,107.410454411248,107.735454263295,108.181653639343,108.014663193419,108.261578007526,107.86241152585,107.394845549586,107.859998693017
108.190275612858,109.028411540034,107.473739546866,107.653886340189,107.783061950336,109.288222256898,109.381224370893,108.029064502415,107.817942357208,108.686764351117,108.103434917744,109.455201955655,108.472380311664,110.281080195859,108.419337117191,108.799299499605,107.792369081491,107.552974183015,107.94386755224,108.455639094241,108.255486269135,108.566267124866,108.094788874628,107.541753723065,108.056979433579
108.238040946878,109.08665900775,107.50272032919,107.692562003012,107.818375092478,109.353803460362,109.447751385572,108.073739313888,107.859072932138,108.741593433045,108.148914724745,109.506823254215,108.524130178449,110.33605965871,108.474652916181,108.85689492459,107.831335422715,107.587524119499,107.985815580356,108.505564406353,108.301811449637,108.619615860479,108.139608433762,107.576962314005,108.098138436182
108.165669625206,108.973202338958,107.495317900438,107.653109939726,107.788654702797,109.214694856133,109.307474050041,108.011877222814,107.811286383896,108.644907198478,108.083891114722,109.42427500477,108.435296379509,110.237843160581,108.376299720949,108.746986088661,107.789890652633,107.562656609349,107.934458843585,108.424668538596,108.232596168113,108.525498560846,108.076450312384,107.549628917108,108.047298162014
108.231582345259,109.060663014783,107.530910394173,107.702913595282,107.834846059261,109.31429603508,109.406702734635,108.073105760694,107.864980915782,108.722336202885,108.146710397161,109.494429674581,108.510248924344,110.317305427616,108.454421785434,108.832170665273,107.841208100112,107.605573674329,107.990200328941,108.495100961358,108.297949916303,108.60279055634,108.138604088594,107.59372441995,108.103797909885
107.771487740524,108.348291712986,107.389122033669,107.419577428068,107.579606555742,108.474854803776,108.582235144933,107.657676561142,107.542230524011,108.143643567004,107.713084884185,109.005442593295,107.938717836128,109.708496796693,107.864663980135,108.150032217759,107.535509029089,107.396495586388,107.642529290954,107.982537816392,107.831393498595,108.008106617571,107.710934745168,107.371298016065,107.736213360175
108.055398560231,108.747696666224,107.490877238731,107.610146042184,107.741251592762,108.958769400852,109.064233217647,107.914955179374,107.760507316056,108.509803024274,107.974206098047,109.331125049435,108.271936857847,110.064870458484,108.227488502336,108.543368736325,107.73595489892,107.549102823132,107.874253551039,108.291233519985,108.102000974833,108.352291280175,107.973232542136,107.528249457399,107.963624175465
107.722361809648,108.255991354848,107.401983637265,107.403503581666,107.569881527005,108.36230221763,108.465917387784,107.622140549107,107.520224192906,108.074236298617,107.670715922652,108.948082490644,107.875683301056,109.625875967969,107.798159785969,108.066260279162,107.52031012501,107.397050323935,107.618193753448,107.923427114587,107.782226850915,107.937750666811,107.674394878342,107.367182901403,107.70878740123
107.777943824366,108.326340253571,107.433662296878,107.446890633142,107.609410776679,108.443672247322,108.547523665193,107.673731097566,107.567294946876,108.140986010283,107.723009568449,109.010338117386,107.937073923689,109.691811897956,107.863498623937,108.135554596752,107.564597637594,107.43536417517,107.666908249371,107.982319972949,107.835817899993,108.000747905312,107.726612379675,107.40616089737,107.756759843921
107.410310185509,107.774455901532,107.330930342115,107.220519650349,107.417654792641,107.768995287812,107.879202827514,107.34866958034,107.301142515887,107.650637644393,107.388342410753,108.581479372527,107.49330915727,109.203777042523,107.38810825489,107.60097659273,107.323877966494,107.266709340346,107.379538423358,107.573595901041,107.481460754766,107.54004861938,107.391802330246,107.229254126922,107.467902716541
106.902734619226,107.036685768733,107.190505122657,106.901986918595,107.158722555011,106.848090348417,106.962895949892,106.900743104339,106.920673815338,106.953702755956,106.934013145767,107.957969055595,106.892329319435,108.541393286531,106.725199589107,106.876825366034,106.987171878269,107.023111882723,106.969314022575,107.013549871736,107.008021409261,106.918650580166,106.931482529089,106.978207567217,107.071346493207
107.064618046703,107.250542960458,107.251178419483,107.014904506245,107.250108981865,107.117254992737,107.233619120651,107.04507385436,107.053374476132,107.175411543339,107.077643610813,108.165380689184,107.073678064147,108.74128403051,106.931785943678,107.091065706684,107.103601317864,107.117415503077,107.109981087433,107.187848687881,107.153496703315,107.104817856235,107.078658904937,107.073024120467,107.20120466198
107.212773483554,107.450561787215,107.309372354473,107.117757624265,107.336357446861,107.366427787227,107.482394376488,107.176931184101,107.173322975501,107.376395260084,107.210060246332,108.35135675199,107.241359466866,108.927040364782,107.11823830931,107.289181384928,107.210054581505,107.20306245646,107.237690214402,107.348521507923,107.289306683967,107.277012826561,107.213940301087,107.159667903854,107.322228590708
107.259083207181,107.508120621146,107.338262876215,107.154918804251,107.370832502636,107.433467763834,107.548998533217,107.220042726034,107.213697651792,107.432859189046,107.253492759764,108.404595827214,107.291983856826,108.981620315535,107.17174598232,107.34591907161,107.24806994737,107.236768191262,107.279708524525,107.397559664644,107.333747989823,107.32855048199,107.2578606718,107.193661915655,107.363553064564
107.69331178925,108.146826549953,107.491513995994,107.435009954259,107.616145145031,108.227111436442,108.325468367631,107.60526111379,107.54404708558,108.029854096324,107.645940702782,108.93577984509,107.809089049071,109.554935928407,107.722402842629,107.965312947884,107.546693006966,107.459255191051,107.639668872401,107.880487497789,107.748025584588,107.859625605936,107.658534358051,107.421945918701,107.723010618123
107.607563604755,108.014222698205,107.479914709636,107.388014301314,107.579431382165,108.061833962059,108.156234073474,107.535717770754,107.48632229742,107.907965521282,107.571213896889,108.825340856039,107.708798474637,109.43003872321,107.612619362371,107.839896678368,107.499745217008,107.429709207577,107.577545390416,107.782996483608,107.66738869838,107.752321803658,107.587364784323,107.388795530137,107.662111240899
107.479203273024,107.814524577426,107.452975883102,107.314834301643,107.517619349994,107.816873839428,107.908988626632,107.428073550402,107.398577073414,107.729864876242,107.4564718468,108.666045329675,107.555810054358,109.244930890248,107.450504738328,107.651627960924,107.424461819593,107.380623974516,107.482618910036,107.6370536028,107.542968876999,107.590351716662,107.476697411718,107.334755273137,107.565759328125
107.543489910979,107.900614865185,107.48867385657,107.363061887608,107.56322993607,107.915973033958,108.007972591807,107.487017659693,107.450942110576,107.808433747874,107.517325334076,108.738858585322,107.628260110891,109.326197437046,107.524712885575,107.734209792617,107.473894741579,107.422062424649,107.537307261274,107.706637309852,107.606866270463,107.665139328065,107.536643822984,107.377542460262,107.621502313683
107.885812580512,108.419675696061,107.623212679706,107.58368914138,107.77120445979,108.529483907177,108.612960728388,107.795442630402,107.700238373384,108.252270077062,107.840118359432,109.131366308658,108.042613745695,109.796519936644,107.942010173887,108.223947786488,107.708505373757,107.592125892235,107.805628356956,108.09058629489,107.95569356562,108.095367857765,107.853404822838,107.557917037639,107.905654082357
107.592644966891,107.967616359914,107.535981860005,107.40655599851,107.609067262149,108.00288427209,108.076548864085,107.540908940226,107.500941304442,107.875539275197,107.564584214625,108.79318408301,107.692720560995,109.371704700312,107.587514766879,107.804407924288,107.527290083562,107.470038989951,107.594892155495,107.759148015411,107.654311503903,107.72273582452,107.5965283303,107.421144585729,107.681649310895
107.383800851093,107.649189422195,107.480071883645,107.281452115208,107.499714465263,107.62349575728,107.689891776733,107.358654497384,107.356951007301,107.598075159201,107.37078824098,108.541001154143,107.443428353512,109.071693834101,107.3285081542,107.504773610077,107.398035760206,107.38357915652,107.442004867038,107.523808183352,107.445109559812,107.458867648188,107.412820893834,107.325609534873,107.524075500453
107.236689049647,107.420848613342,107.444382048053,107.195732708388,107.425455572043,107.348710799371,107.41166083523,107.229480906794,107.256662071142,107.3985662396,107.23446321142,108.360459880321,107.264671632377,108.858854137497,107.142672391017,107.289261617894,107.307740660835,107.325361247101,107.334456219122,107.357228767516,107.297820730664,107.270589384407,107.282139987922,107.261421775803,107.413149492975
107.422826573715,107.690443442387,107.522979920518,107.321182377825,107.541455836132,107.66429410687,107.727865785908,107.399943165721,107.396433182018,107.636389931343,107.411332495071,108.578184545229,107.485351158515,109.110245448385,107.36797081584,107.545996183394,107.4396449613,107.424458699588,107.482247688841,107.563060477292,107.486109914902,107.499636043615,107.454718215235,107.365975266002,107.566017373399
107.78296296112,108.229779843599,107.665489054045,107.555784148606,107.761475406105,108.291515369858,108.355113264127,107.729863761316,107.657295699943,108.094711961545,107.756874838477,108.992613144492,107.921134419243,109.608870853674,107.805696812489,108.055166180195,107.688361645325,107.603483311008,107.759063253218,107.964806924359,107.85812828254,107.953466166521,107.788733946732,107.557667884963,107.859029406445
107.691621341501,108.084520612213,107.647815667832,107.504990124344,107.716763142902,108.123411910024,108.18012528309,107.651262543138,107.599911909626,107.976470201073,107.67029518823,108.884552815986,107.810393429701,109.469190242204,107.69325151936,107.921322175547,107.636873373503,107.573300072243,107.699078396826,107.860600931732,107.762648874726,107.833901309044,107.710790696121,107.521517836491,107.794733861999
107.754659892417,108.169044153417,107.684178738716,107.552772172957,107.763020307621,108.216355310166,108.274670053211,107.71030853097,107.650121211621,108.049344763674,107.732063449235,108.953118978798,107.881983848814,109.550680874198,107.764544142508,108.001468556772,107.685684455641,107.613665943574,107.750569691594,107.928652041763,107.827999479557,107.908411440666,107.769835211781,107.563949703395,107.848547151976
107.65687705937,108.005139477176,107.660497577098,107.499107916606,107.711390170448,108.029405785451,108.086232597672,107.621436540948,107.590100534944,107.925375993949,107.635775310257,108.844954999791,107.755359606234,109.401142520193,107.642100297753,107.850646922181,107.626933475923,107.580876174669,107.686171073265,107.816007045615,107.720435975817,107.774347522122,107.680457048122,107.525417772932,107.774888501771
107.458138182555,107.678951777316,107.595938617907,107.382261373357,107.596008871062,107.660860254482,107.719546236373,107.434650688885,107.461727774491,107.679548959294,107.436784723474,108.631588635902,107.496874418867,109.108486915665,107.394522041385,107.54809277198,107.497035964876,107.501599220935,107.548528217112,107.589500155958,107.500029956603,107.503937725456,107.492194985244,107.436281832311,107.617503612723
107.567315466055,107.837917670626,107.651235678321,107.459038007316,107.671211131569,107.838318930792,107.895662587871,107.540127785914,107.543668712641,107.808921836601,107.546016564359,108.748338253032,107.630459865595,109.253605158431,107.525129214545,107.699073855214,107.579795149164,107.563936465947,107.634440669476,107.70934257368,107.616921361123,107.641596651844,107.598210225018,107.502024259567,107.710362665786
107.918237240189,108.386290838966,107.804587588981,107.687397958012,107.899040762882,108.451850769213,108.498339238998,107.882037720612,107.78925221682,108.229101375228,107.902686312759,109.115022076539,108.082076465022,109.738814548426,107.957668892303,108.215415369961,107.834205210893,107.738093932209,107.895811607289,108.101259919984,108.005141288442,108.107537002186,107.942795490057,107.689219109582,108.004003764676
108.783441411906,109.696756527933,108.145366044276,108.250159470644,108.443877244349,109.878068663484,109.963205794226,108.69586246021,108.378986579849,109.226107914535,108.780216581188,110.014909921257,109.144680338531,110.965646826764,108.992859574916,109.434482527744,108.424477396757,108.143842902643,108.502099882379,109.060969364406,108.961386051027,109.2353628158,108.743477895406,108.143038024598,108.674983254042
108.632602315272,109.501446652184,108.117111312114,108.153640190585,108.365339865955,109.684802105304,109.717111007459,108.577579947525,108.28466846974,109.067687907455,108.634345281695,109.849004487744,108.998913624833,110.730254083861,108.832067396192,109.261498424821,108.348663944365,108.089810255593,108.418550502216,108.897524256674,108.803286557361,109.058388173288,108.639884610616,108.070959429128,108.594919724667
108.977621506146,109.942663269343,108.234261442232,108.393168033303,108.576366333546,110.124867469909,110.249653879033,108.862936913141,108.522128917771,109.430508796493,108.968429795069,110.220768297824,109.343542418855,111.241158795253,109.198553381966,109.65917910983,108.555007854496,108.251894432867,108.639135014471,109.269471786489,109.162797824799,109.457857504178,108.902331718075,108.265168442572,108.81373830637
109.399261232741,110.485873524577,108.374008796723,108.6834915133,108.83338218584,110.662179155779,110.903174330681,109.206358787588,108.807597141337,109.86837400111,109.374134704776,110.67191840475,109.763545295303,111.881203643199,109.640716681279,110.145087045964,108.80189738416,108.444197824873,108.902741929746,109.725809687503,109.60249136873,109.945842443038,109.219638209261,108.499128306464,109.078585455068
109.256530754505,110.29628334018,108.347812268093,108.593968219263,108.758347411032,110.477895829816,110.668276009859,109.098752674941,108.72172769981,109.722840101577,109.23938997145,110.517804324272,109.625079221673,111.643521485152,109.493605671763,109.980078240937,108.733190600761,108.396717716737,108.827367060608,109.569093985633,109.45335598136,109.778614036777,109.122708352349,108.433072531581,109.002543155693
109.418094042155,110.503392011217,108.411356337251,108.708739266085,108.862949421285,110.681874542472,110.912047410048,109.232105391556,108.834374044017,109.888445961233,109.394095506682,110.68842966177,109.787749187718,111.888587476597,109.661038979534,110.165983218724,108.833276715167,108.476871961544,108.932607378532,109.74385611808,109.62113843571,109.963917487503,109.248643411511,108.528097905512,109.110336889443
109.239242060511,110.251764497589,108.369906553318,108.598315415661,108.763393592024,110.434835220709,110.61260998996,109.091029479657,108.726743805177,109.704306908678,109.223978158707,110.501512453679,109.600932878122,111.587473943824,109.472130269212,109.94562998466,108.740187316226,108.414848832313,108.833846719697,109.54455825615,109.430672792476,109.746819521729,109.116280546589,108.445560207382,109.004401531969
109.358890299437,110.409769279234,108.422957188598,108.683829972154,108.844236258709,110.592217889335,110.793343493983,109.19377771029,108.811724174559,109.828150749043,109.339399580308,110.625668855158,109.72749676594,111.767463702828,109.598876027629,110.08887536122,108.819268681153,108.477586358545,108.915421982887,109.674708148119,109.556023467582,109.886794212743,109.215590864867,108.517564508504,109.090207640023
109.435442271036,110.51028228616,108.463000846459,108.740780955209,108.899653382643,110.692435899532,110.905176240991,109.261887176664,108.868471035039,109.906998363944,109.414176090257,110.703462237664,109.810061268922,111.878628345142,109.680185530858,110.180892605082,108.873825904883,108.522134193458,108.970803623108,109.757581856222,109.636813729681,109.976281167901,109.282214695042,108.567039066825,109.149005612707
109.497010242412,110.591174780005,108.498699591334,108.787774822979,108.946333344538,110.773208555178,110.993144680267,109.318269751549,108.915404212602,109.970215261443,109.475025862275,110.764890580304,109.877765987451,111.965640065394,109.745977986957,110.255520146055,108.920082903038,108.560424830623,109.017174437489,109.824035090819,109.702335043849,110.048530466416,109.337813199854,108.608674103835,109.198641372786
109.741269881229,110.952589356839,108.603488002989,108.949905725106,109.110687382643,111.134348016501,111.386919567987,109.53973527243,109.077477109835,110.222843783805,109.719084841349,111.000747415527,110.166101491398,112.349275183067,110.018483135384,110.582210828585,109.083655621551,108.675997374823,109.178314247036,110.096509968541,109.973671293427,110.359301827715,109.556236085547,108.741490708827,109.381997724533
109.693093061676,110.868336416417,108.598698799218,108.92707310387,109.087254275097,111.051106783612,111.293267817112,109.498308127819,109.055147989988,110.173457569879,109.670344407813,110.956681083129,110.104209536856,112.257658357217,109.961582426939,110.508712409387,109.060585386566,108.667966048087,109.156573397127,110.03980745217,109.916418812202,110.290208498117,109.516150803428,108.727870459416,109.353264848337
109.706204861557,110.876856902541,108.616845685463,108.943224301674,109.103239200528,111.05972527811,111.30093026153,109.511983122451,109.071354897562,110.186487755577,109.683245312315,110.970721721771,110.11532144581,112.265956384927,109.973441855644,110.518462887088,109.076515383814,108.685826173817,109.172784891068,110.051897464483,109.928281724121,110.300577329129,109.529947263485,108.745110424633,109.368520317848
109.876809176268,111.13681953178,108.699588963397,109.058202249948,109.223939006346,111.319215237058,111.572570600129,109.676483089114,109.186109068083,110.359941212679,109.860243546382,111.125666927657,110.328548425313,112.526251108546,110.170255803509,110.756441215709,109.199428313561,108.771686758943,109.289235087357,110.241738284867,110.124687258605,110.525419236079,109.693127229359,108.840915268627,109.504531335332
109.96281640952,111.262021503736,108.748004904717,109.120260951823,109.288673063532,111.443871004851,111.701808175841,109.76074185264,109.247877968136,110.446470505417,109.949886109707,111.203731178348,110.433950104423,112.650428626158,110.268241078751,110.872340972181,109.265322842475,108.821200512748,109.351779059091,110.335893074971,110.222765594944,110.635743026987,109.77663411607,108.894683567645,109.575811152082
109.672055477846,110.773030252558,108.634182973189,108.945495986796,109.097791761637,110.957008225211,111.202008354424,109.470551879913,109.074411065156,110.154889689472,109.636001848015,110.9607967405,110.038121480498,112.184167222431,109.912886251378,110.426584407094,109.06614708406,108.705268383484,109.172548519829,110.005923186999,109.867344838448,110.219232651208,109.489279851129,108.759619760588,109.350661031174
109.531659354845,110.542185924976,108.590989082026,108.863277358146,109.01584002025,110.71699641068,110.954416400264,109.330151119205,108.989912825684,110.006575973123,109.487877074232,110.835680029752,109.847993178013,111.962731307608,109.73260436126,110.210469681718,108.971365803191,108.651872392826,109.084923611706,109.847835209527,109.703853540264,110.020220252876,109.351057816231,108.698134018238,109.246445831912
109.667696109681,110.743804785807,108.658507063407,108.957904128035,109.110456665173,110.926773589437,111.167467370308,109.467014275055,109.086784448588,110.149597472427,109.629513360497,110.961396299466,110.021014887107,112.154780097909,109.898512619573,110.402280325628,109.075967905823,108.726720860394,109.184682568559,109.996477422376,109.856265270342,110.198752463645,109.486966409178,108.778180825019,109.358212530747
110.076590385944,111.384747503443,108.839451497727,109.225665891581,109.383051282067,111.59258248513,111.83832170776,109.88099229189,109.360860343433,110.578222111102,110.061464898714,111.325988876073,110.562169143043,112.751368935385,110.408495253763,111.007631929611,109.379432097473,108.927449238589,109.469538323699,110.448961985509,110.327710631411,110.75826168769,109.898897697268,108.996852912565,109.688890184283
109.618613483462,110.690740335659,108.679896530004,108.933242102416,109.099802619092,110.894275630105,111.088886394916,109.442946366874,109.070965806816,110.119312186259,109.581428103205,110.920109572018,109.992876612941,112.050915814792,109.85615007735,110.363452109279,109.074836116937,108.731009031414,109.182225866779,109.945054945106,109.802020611241,110.144393923557,109.477552858076,108.767770517379,109.361757645233
109.322140388315,110.266906694076,108.595019315396,108.742270736679,108.935698261452,110.443912892818,110.599981057775,109.1635095148,108.873733563975,109.802088655101,109.284591323579,110.629243073034,109.637409821624,111.610759387432,109.485251224732,109.957099566039,108.878460921743,108.600074708939,108.987103679927,109.623395918959,109.488674983029,109.763424455188,109.209683224609,108.619261938292,109.157984125167
109.220847582635,110.117214116119,108.576377670216,108.681780724598,108.886866398,110.280720500821,110.422885204894,109.069549503588,108.809343798945,109.689243348636,109.185199385341,110.526290477738,109.513759333648,111.455322814521,109.353674449262,109.813048163094,108.815603292648,108.5619394602,108.922976931791,109.512396132648,109.383698230454,109.630839582443,109.11929147529,108.575117113183,109.091811813458
108.886457884894,109.628680554398,108.477817656091,108.468814891309,108.700818068236,109.751929514296,109.861748877629,108.756060492033,108.584198575611,109.319604319755,108.85577280443,110.19131354295,109.106391181542,110.959353067561,108.931896673876,109.344225865487,108.591869298744,108.412521748241,108.695493412344,109.146666112563,109.034239874832,109.199549101569,108.812107563572,108.408950766797,108.85211464212
108.928029547346,109.678581902105,108.50581680611,108.503540416608,108.73367532371,109.804797165982,109.916420335259,108.79630535539,108.619921145319,109.363978492558,108.896669513375,110.234132151443,109.151847214917,111.010066305406,108.97872173301,109.393276767699,108.627214065365,108.443817923036,108.731430613139,109.189976723209,109.076047419615,109.246227814202,108.852083807162,108.441037745588,108.888352648813
108.975268878431,109.737702882269,108.536024841038,108.541754965421,108.77011249694,109.867666838144,109.980970494085,108.841940215456,108.659383920783,109.414730056343,108.943228893813,110.282256504902,109.20478632914,111.069335062938,109.03259814859,109.4509810005,108.666524030311,108.477680745385,108.77138874059,109.239700299046,109.124122747096,109.300621383255,108.897640731473,108.475911952603,108.929300124092
108.96905654191,109.717604230401,108.547694807711,108.545408606354,108.775135297239,109.843636616856,109.955862667792,108.837198966653,108.661778058586,109.405002745279,108.937450761258,110.276359304947,109.191641274473,111.050614309747,109.019240939955,109.432633016279,108.668679081572,108.485983396641,108.773065657441,109.230647420725,109.116415627327,109.286064986646,108.892772959407,108.483122989841,108.929319041205
108.725901550181,109.329638587864,108.470887365731,108.398634877628,108.635197748746,109.419084475692,109.527706094839,108.605103874158,108.503396936161,109.129162510074,108.694963038629,110.04113027628,108.873938879049,110.683799002062,108.707696165627,109.064370863721,108.503762854315,108.38297803144,108.605705745679,108.958090043525,108.85228259017,108.956160041509,108.65768142237,108.369898138029,108.740075044419
108.621872656186,109.159408578505,108.446681362874,108.339877224672,108.581663497527,109.228145654473,109.335624882649,108.505894394129,108.437935682553,109.006425684894,108.592245597646,109.937293612163,108.735189153309,110.524201498327,108.569004770678,108.901524789024,108.436026307114,108.344239809604,108.535625971946,108.840700774939,108.740705763645,108.812385141819,108.557090417151,108.327051850455,108.661616778065
108.330695520786,108.694704387311,108.350775205602,108.162714784542,108.413337527542,108.711366215276,108.822192556593,108.223889598102,108.244091027643,108.668445036474,108.301582343872,109.65055282048,108.350916905867,110.095005105748,108.190439491867,108.456677535983,108.233341677851,108.216203552376,108.328472954063,108.514892402678,108.425939900948,108.416995365048,108.270269744794,108.189186436165,108.429431451564
108.532476184009,108.989714804304,108.43701416042,108.299758745061,108.540568385971,109.042907979375,109.152523862036,108.420013980086,108.393119966016,108.903767404946,108.500277390744,109.858634367324,108.603115467326,110.37182898284,108.446330116527,108.744115893789,108.384824252312,108.326125628181,108.485489763385,108.735328118263,108.635464779566,108.67473653368,108.468805967393,108.303491973928,108.595896143969
108.997723696134,109.692566956283,108.620906498626,108.6045706834,108.826843192316,109.8278332647,109.934488012731,108.869252939742,108.723743374774,109.443372043293,108.961492944698,110.329336785449,109.193668895383,111.027662154614,109.037256344776,109.42195253756,108.72273695688,108.561387866994,108.834617750245,109.248050340438,109.127766518494,109.281927037433,108.923697513878,108.552250054193,108.974451058512
109.581809000636,110.524622778251,108.831848438612,108.994569207162,109.178450409551,110.724599011836,110.885221210646,109.402102251803,109.13307514209,110.089974383919,109.5337059069,110.924562220478,109.877655456572,111.873364270294,109.740345052759,110.210503221604,109.116574742555,108.846497525366,109.246509122042,109.884553107566,109.738146623023,110.013276778201,109.446745567061,108.868060265769,109.407386372593
109.804994410752,110.814284253119,108.914288659378,109.152241802849,109.315339691634,111.023705204855,111.22554625207,109.594006256368,109.29241095934,110.323710445037,109.748616022082,111.15537372728,110.11292883379,112.199793254787,109.990163713901,110.480777784947,109.260190975011,108.959696407957,109.39853899767,110.123275019464,109.965796480387,110.274888243017,109.629284542396,108.997772529702,109.560314347201
109.96590094975,111.025363789787,108.979125020322,109.266851974652,109.417879769298,111.240487307384,111.469286626883,109.733359368526,109.407923228112,110.491146570254,109.904004716127,111.31932733609,110.284565201021,112.43550097341,110.168666916522,110.677007807202,109.366106449449,109.043579424093,109.509637436805,110.295993171513,110.131397133627,110.464245165264,109.763254937906,109.093171047017,109.674276922797
109.896009798066,110.919187243201,108.971072426301,109.228019469981,109.385241754044,111.13088455733,111.343763150169,109.676795058171,109.368547723605,110.417369844604,109.837201985212,111.249739867193,110.205151557354,112.315492133746,110.087057301839,110.581281195848,109.331688293613,109.024636308245,109.472511465869,110.217650075484,110.057003073899,110.373850264511,109.709469498153,109.06681394135,109.633613513285
110.056035056617,111.140477403955,109.039511721841,109.339687463564,109.490380017521,111.357984158723,111.591231706129,109.818941295371,109.481526792594,110.584048639288,109.993710774298,111.407436238653,110.384803276095,112.553326423965,110.266544777988,110.786053875571,109.439739262268,109.107181840137,109.583579836418,110.391715115041,110.226210216552,110.568617734761,109.848678297492,109.159871771524,109.752613110048
110.159727188261,111.283301233369,109.089961369194,109.414218916668,109.562409562855,111.50390663336,111.747727991571,109.913145251936,109.556734495534,110.691253943595,110.096174793428,111.508082074985,110.502432009021,112.704083394782,110.382244420603,110.918602460211,109.513320605577,109.164679061562,109.658148491812,110.504215028343,110.336861616219,110.694696893932,109.94152867653,109.223461955182,109.833216739142
110.116935912598,111.207365648337,109.087768271679,109.394597710273,109.543599740163,111.425686321848,111.662937781964,109.876427181065,109.536622765366,110.646081532106,110.053407984796,111.469772768326,110.446344862713,112.624912694444,110.329223265216,110.850887543498,109.493164449736,109.158072442802,109.638037273081,110.454204724779,110.287209928638,110.632612242625,109.905536746208,109.212307372461,109.807224176813
110.363626155678,111.579437492743,109.196101296751,109.558824549602,109.708885960869,111.806582169667,112.060237666479,110.107324781068,109.703050387073,110.90159197905,110.303481245545,111.697023690993,110.748739676954,112.998804866443,110.615954858008,111.194009627158,109.664494291956,109.278411877541,109.806610332576,110.727376666453,110.562731151446,110.953505718622,110.13507528516,109.347321064615,110.00011414497
110.415285307168,111.647540976761,109.229248682282,109.599559924824,109.749743537427,111.875355371605,112.131592707803,110.156860060445,109.743860205801,110.953911730669,110.3558098339,111.745939440106,110.80757583758,113.067877036168,110.672707448388,111.25814298507,109.705959471669,109.313114930715,109.847529593646,110.782487543455,110.618498758858,111.015033010005,110.184208222456,109.384120554959,110.044251760771
110.643071546206,111.99631993461,109.333966651193,109.751642667402,109.906081576027,112.228772629858,112.496242194719,110.375529386115,109.896529119703,111.185302546074,110.59184907253,111.947975545479,111.093333195795,113.410958821048,110.93949448288,111.579882661192,109.867747204815,109.425239871402,110.00269683143,111.034616027647,110.879336698652,111.316871590529,110.401119961065,109.509588611113,110.22498875928
111.121365905833,112.737894456111,109.539538602402,110.064187779285,110.22708271855,112.973608228566,113.270441611685,110.834511645449,110.2071652574,111.663368607043,111.092189841642,112.36275339228,111.697241295773,114.143889458358,111.502135721758,112.26120700371,110.198991730518,109.647134545952,110.316339735644,111.564863039685,111.43475099216,111.959207160238,110.852948120938,109.762742139948,110.594385455046
110.72803015165,112.163712511824,109.412571966928,109.811280935341,109.984934925815,112.420671242964,112.643270743521,110.484102944857,109.966409148849,111.292833848445,110.68653113038,112.021388950324,111.244375884706,113.507048418659,111.061019582458,111.744109927081,109.96098966907,109.489736792763,110.089034909202,111.133454707166,110.984398171895,111.450603212303,110.523766379994,109.566653947294,110.336528431619
111.111185531035,112.685114207306,109.553666306096,110.074764380873,110.222337316554,112.945430816932,113.233054609154,110.829308818561,110.226980385671,111.674702324139,111.068592586238,112.384491443313,111.672677156715,114.087944805695,111.498776491642,112.229615818451,110.212214999469,109.674058432101,110.338483304662,111.546042313223,111.393698381221,111.921460587228,110.851513769845,109.780408000317,110.599597097711
110.731275652427,112.16083144839,109.445592616597,109.825847317391,110.004396187403,112.425764846534,112.631728780863,110.501099852917,109.985492851261,111.305016972422,110.692926830467,112.028249280305,111.255115051138,113.477715749938,111.070386139886,111.749214145363,109.986609530873,109.518048216203,110.113653278076,111.134385563504,110.986399755376,111.451780530943,110.543989146574,109.587577772838,110.36044760392
110.747241733459,112.175080994148,109.4654599493,109.843574385222,110.022783960567,112.439879695517,112.644690627299,110.517804993471,110.003255974786,111.320998646584,110.709094981411,112.044496258205,111.270668421481,113.490923835326,111.085541540571,111.763900090599,110.004693641408,109.537044933985,110.131672122564,111.149984533482,111.002264584834,111.466674399136,110.560978749112,109.606096119598,110.378435953476
110.327712043035,111.586961430411,109.344651091586,109.571522361684,109.785626317191,111.837525937343,111.966582895407,110.152132716153,109.730317707322,110.89292104534,110.302549710096,111.636315964415,110.798091023615,112.82211788098,110.599751921813,111.218024196584,109.748286978112,109.360131865132,109.870688170912,110.692782902288,110.563674145203,110.946635628597,110.210086134168,109.394634821254,110.101960402753
110.295493896639,111.536565841146,109.349952977035,109.556928047164,109.777228711219,111.782835764444,111.902549917871,110.126730871655,109.714590640089,110.857167215015,110.273382442061,111.602072611006,110.760432672029,112.761445888848,110.558012484663,111.171255684337,109.735660162675,109.356640730894,109.856368713568,110.65642216648,110.531851790633,110.903817125472,110.18636552964,109.387458354563,110.087468502546
110.504417247466,111.818514034768,109.430895541057,109.702171258847,109.905791635246,112.080026486313,112.227548002327,110.313132887261,109.864209854224,111.079267543662,110.472829477052,111.815216223062,110.994411521076,113.07437951518,110.800378063257,111.438279773896,109.877265355019,109.464178871807,110.003193787538,110.882046183272,110.743062336013,111.154533201447,110.369108382674,109.507286877058,110.239170968988
110.76063180234,112.173067979098,109.529008558909,109.877210911126,110.063733323974,112.451845057024,112.631770467889,110.541354225387,110.044018680884,111.350259213765,110.718509239161,112.072403441031,111.285549088914,113.465497531655,111.096881222885,111.771512370036,110.048900311767,109.591807362379,110.180322094396,111.160732430813,111.005821129184,111.466528515204,110.593881565883,109.65066889487,110.426094398327
110.83192405156,112.265963868574,109.567110891178,109.931161695574,110.114608408131,112.547767676904,112.734539351032,110.606599564067,110.098723760612,111.424118397624,110.787827894424,112.143372350551,111.364440115631,113.566570981534,111.176134463082,111.859353093824,110.102054716055,109.635540786826,110.234434483053,111.236982179218,111.079153189741,111.550008566554,110.658426435296,109.69791567616,110.482811733039
111.05077016001,112.579605935773,109.657514220786,110.079590548195,110.255106740895,112.87321903186,113.081857617526,110.804692704613,110.250195681798,111.652715603049,111.0013974764,112.355258676544,111.620654161239,113.904323790295,111.428338897224,112.151571686748,110.251093284473,109.744422290237,110.385371285751,111.477049485219,111.310632511404,111.822852919586,110.855141494851,109.820105340192,110.648121222616
111.394533524707,113.083333538584,109.793962827814,110.307792434181,110.473497812509,113.392542136788,113.635571995543,111.116286072691,110.48178279238,112.008459350486,111.339667936259,112.681816541867,112.028727241477,114.445617046106,111.825406522104,112.618079538674,110.481138515968,109.907426283896,110.616115897847,111.856171519719,111.680135662055,112.258557576767,111.164146786803,110.005496678054,110.905446280848
111.059791544239,112.584876614041,109.691323151171,110.097926570536,110.277658309387,112.887109821677,113.079869773292,110.822959136223,110.272680119189,111.670636989121,111.010810253654,112.368421886095,111.635919605745,113.886430284203,111.441454313854,112.163166470476,110.2780945838,109.774289258707,110.412980223686,111.484652275772,111.316736911658,111.829219981857,110.878147249403,109.843858554673,110.675959732568
110.698039565077,112.061325769811,109.585306747797,109.868281033414,110.07485547293,112.33866439859,112.478671139043,110.503972542255,110.037373728258,111.289625285314,110.662557992085,112.009047750445,111.215175455186,113.297668142442,111.015127733944,111.675232926016,110.05376204811,109.623339776654,110.182959970702,111.086355976944,110.93989159997,111.374113683719,110.56667235049,109.66611370764,110.427917032144
110.608007127506,111.92793765604,109.571482420695,109.816172922026,110.033650103019,112.193430849746,112.318205905099,110.426498251035,109.981768203801,111.189383054217,110.578684618363,111.913622769015,111.109346282607,113.145000970033,110.903505930444,111.549540516229,110.002996969291,109.593157246809,110.128625111854,110.986410450546,110.84976492714,111.259402280823,110.491179099595,109.629137905156,110.371242346522
109.745906011909,110.687119779469,109.300486865628,109.261450003267,109.546849730805,110.857070264302,110.883254752488,109.656250746864,109.397549532213,110.242932214329,109.759021807327,111.02209477072,110.097226405979,111.778851429981,109.867721304186,110.376619245766,109.445435388873,109.207667743949,109.546072625048,110.038225753291,109.971756499147,110.182988079394,109.72847849548,109.192450316663,109.753879746899
109.90624038033,110.885179670988,109.358670772618,109.376736623018,109.637415948878,111.084697442596,111.132133365701,109.798713892638,109.522815646695,110.430698611384,109.903591083971,111.210526275921,110.268956929894,112.007589338215,110.062042717946,110.57397540955,109.557982912786,109.298319365012,109.670142128036,110.208218590459,110.116786279652,110.363389280995,109.868480199791,109.288770933725,109.869988977244
110.149545021461,111.197880973437,109.440189180374,109.545520799453,109.771592112912,111.444626653762,111.522700465498,110.011357551027,109.707393752977,110.717979468318,110.12126387761,111.494564523471,110.533587099312,112.3673621322,110.356801867502,110.881801530474,109.723393554823,109.42774408798,109.854490802016,110.469657716994,110.338224024468,110.641842388903,110.079762374717,109.427558221833,110.046252382185
109.847035658493,110.784120885505,109.372238765991,109.354449146873,109.62537428786,110.964057666895,111.000025400162,109.756952345585,109.494301919689,110.353094931373,109.85644360934,111.138466580235,110.197775183539,111.885237542406,109.98459234257,110.480622645668,109.537483260927,109.295053571771,109.640614970766,110.137621366527,110.063994080712,110.285025049434,109.824932068485,109.280092286491,109.838422570489
110.103734628726,111.124338508932,109.458833561111,109.529298019098,109.768312915854,111.356753439113,111.421012879002,109.977712112254,109.687100604763,110.660584446777,110.08392939982,111.439636148742,110.479477982807,112.274345877983,110.292917297287,110.811330059643,109.709527585142,109.428715722543,109.835362784052,110.416833614837,110.298692235911,110.581016197328,110.047539396567,109.423516662332,110.028624360933
110.531418343237,111.707373622874,109.595427186033,109.812961182266,110.003386294521,112.026445181,112.13805388489,110.3402604798,109.999735686276,111.172266110404,110.462143190797,111.937108966848,110.952567842946,112.943487421727,110.803030576563,111.371148058611,109.987619390098,109.639702285136,110.151906322757,110.886665841276,110.693909025351,111.080393047691,110.4148751125,109.653071654225,110.344038829449
110.161135621825,111.194669398354,109.507477779366,109.580176957708,109.817803280265,111.443303769254,111.496361365685,110.041885820185,109.744003784813,110.732298932286,110.140656604165,111.501662984114,110.551553273631,112.32657107065,110.368087721667,110.887692844871,109.77045924006,109.48263941414,109.897883371419,110.476053254598,110.353666608214,110.647282086305,110.115113242715,109.473314542531,110.090629943473
110.286518202931,111.356777887813,109.55762659366,109.669171869427,109.893204728268,111.626892256694,111.6950338184,110.148169844096,109.840425491809,110.879811333353,110.251924863788,111.649322947922,110.684766111479,112.516617436801,110.512097591188,111.043083532578,109.855700845136,109.552321908898,109.994284336486,110.612053034836,110.46916909153,110.788286636978,110.222071807979,109.548313338586,110.185417546453
110.056506132508,111.027263426037,109.506727163599,109.529571564921,109.781035967679,111.246147302654,111.282622750696,109.96307555778,109.683408234466,110.597264659518,110.05404774125,111.372432047124,110.429739198997,112.124846727447,110.238057574649,110.733178435913,109.722409150354,109.459230595281,109.835477640058,110.353831408581,110.258090177242,110.515150160233,110.033644535348,109.442278508506,110.025097941494
109.677805543737,110.483928263276,109.410456860537,109.295988364633,109.588704690738,110.616620256055,110.608530195926,109.652995466353,109.419952461692,110.128715252871,109.725741207017,110.915213389458,110.005733235749,111.488627788674,109.786060089803,110.221005542014,109.494989953243,109.297627480729,109.56668231576,109.928776154061,109.908090617088,110.064730220868,109.716741968354,109.261657276867,109.752453398215
110.073515454176,111.024742024368,109.538953989804,109.557200443672,109.804588489262,111.250141997832,111.283963487513,109.984687720969,109.714439541032,110.623673281572,110.069804739603,111.406318147898,110.44043982263,112.118649484192,110.257304909741,110.738751297715,109.751061713526,109.494266816212,109.867235132958,110.366273387398,110.268088523874,110.521753820536,110.054792551518,109.473361924232,110.048300699308
110.02177524246,110.945644630696,109.539768404917,109.531597864924,109.787824884724,111.155331286838,111.178721873398,109.946838117357,109.683280997803,110.554729207153,110.028141653387,111.336728199396,110.383036367044,112.018693864134,110.193267929555,110.665359180045,109.728125704907,109.482329255117,109.835866489185,110.306398713764,110.222854214971,110.458830151081,110.016306090978,109.457612210655,110.017613907204
109.981300127772,110.879205147087,109.542813180536,109.513788260276,109.776061068272,111.075652463593,111.091702794764,109.91737779393,109.660863460812,110.499828126747,109.995454466669,111.282862389313,110.335853406027,111.93636775423,110.142285394301,110.604433984077,109.711585079834,109.475886453381,109.812715233338,110.258438703183,110.186457478571,110.407307481164,109.985903902999,109.448029031372,109.993661231858
109.88245489998,110.724463977773,109.526272271467,109.459835854324,109.731008745083,110.895540595453,110.900428298868,109.837918485548,109.598249317197,110.373499201989,109.909809385998,111.161466402486,110.219896462722,111.754662280715,110.022545447257,110.461606571533,109.657966865337,109.443553312624,109.747621389844,110.144020497608,110.092332277327,110.283627074147,109.90401566124,109.40980490944,109.92427779126
109.884056787868,110.716120020791,109.541289206877,109.468983309098,109.741343387941,110.882973451074,110.886462402402,109.842387428996,109.605995707214,110.370614253764,109.913309600346,111.159951174935,110.218064385031,111.742653848453,110.020492726981,110.45531558432,109.666868636388,109.456239926035,109.754829873765,110.142946272796,110.094302275928,110.280637351519,109.90803330605,109.421547127238,109.930457051893
110.388987637531,111.48563310128,109.732757310643,109.788538006767,110.044575944915,111.751993608328,111.775878810678,110.289396676001,109.957631991131,110.980629650869,110.383379326255,111.72813777527,110.825423232089,112.584601708886,110.617885220342,111.170441898524,110.002414727763,109.692584065854,110.123685428197,110.716332727514,110.606590243279,110.913173114277,110.367342950629,109.679588231491,110.335880140993
110.398583540624,111.490137333664,109.750581503336,109.802479643332,110.059375112165,111.755042944213,111.776962744848,110.301032074203,109.971112926497,110.988498831868,110.393953294873,111.736264902284,110.83383860201,112.58556854009,110.626009057729,111.176425869564,110.01681234434,109.708998344253,110.137267792345,110.724483358483,110.616210062575,110.920383084778,110.379123226165,109.695150012486,110.349024097944
110.387005944033,111.462724378728,109.761007669677,109.803184147294,110.06155712037,111.723649329021,111.741182711223,110.294330464178,109.970541513684,110.97217270217,110.384504241622,111.721323000404,110.817534134374,112.54952548781,110.609959218471,111.153368075362,110.017944074519,109.716276218903,110.13659011331,110.708597109122,110.603760226716,110.901080916205,110.372563314034,109.70023243073,110.346334106037
110.460128566474,111.562952428062,109.801100986683,109.856917471996,110.114235869973,111.829980877528,111.852713950498,110.361194416735,110.026234317674,111.052553980669,110.45532166456,111.798558987907,110.900255097689,112.661153413187,110.690794591302,111.246552980054,110.072284046976,109.760198650337,110.192991478813,110.788786449958,110.679710866504,110.987941758622,110.439511378085,109.747311513493,110.406994939206
110.627903657873,111.813669386317,109.877710737342,109.969070544722,110.226055625816,112.097352585232,112.130747987941,110.514945702084,110.143518526202,111.239471509313,110.619562383662,111.972470603061,111.10119624426,112.936975937455,110.882769881812,111.476880435102,110.189184016131,109.845160918296,110.313341551271,110.977187211009,110.85957874688,111.199381220222,110.593943416677,109.840784963019,110.542250573573
110.090951621619,110.951061523566,109.682626792848,109.64396703096,109.896877822459,111.17873365226,111.177957557798,110.021610215249,109.802293565265,110.63955322373,110.086027159682,111.429750625226,110.425856194982,111.993765529933,110.249443990329,110.692582634676,109.840809475856,109.624011431609,109.960004294601,110.362061247851,110.26413203711,110.485192387762,110.099371915823,109.586903447701,110.126005480208
110.24396759668,111.16214673944,109.747235927164,109.749731680138,109.992042557333,111.415524548424,111.427160862934,110.162804093918,109.915773084931,110.818430593688,110.231656788068,111.601598866572,110.602465054312,112.231510617609,110.431370537055,110.894748648173,109.950333996336,109.706939882751,110.075929420722,110.530061031935,110.416573710501,110.669494715887,110.239624060248,109.675613127717,110.245972429306
110.32631208387,111.273639431938,109.789374119152,109.809821576662,110.048453388741,111.538486099388,111.554850642383,110.239722328819,109.97923677825,110.91228715842,110.310992914407,111.69123649398,110.696892392793,112.354262661802,110.52669423881,111.001281561318,110.012553171826,109.756485264105,110.140838521171,110.619823962252,110.499793188274,110.767426868859,110.316558372281,109.727895188457,110.313956159991
109.867278961891,110.564116770733,109.642263420209,109.530047067781,109.787985485678,110.740781128107,110.73116346261,109.819612293097,109.674160028769,110.366128679384,109.870549527725,111.1909076956,110.128972261949,111.573245972753,109.964718637811,110.33608911479,109.710406323557,109.559524197205,109.821179145828,110.098648484377,110.023213529358,110.173718933178,109.892899178713,109.509371113651,109.959721552687
109.964754294893,110.695182352553,109.688076423376,109.600104117295,109.851225678176,110.890202358194,110.885981519438,109.910243719238,109.7499008752,110.482108925159,109.962666279128,111.302342736025,110.240568167033,111.718020851684,110.080790546951,110.463147298594,109.78341939214,109.617269834597,109.899219042424,110.204834144467,110.118638446334,110.288860667461,109.983812531148,109.569684299032,110.039277993509
109.930448686703,110.633758948718,109.691287510017,109.586461275588,109.841466718186,110.815481600899,110.808467931768,109.880851746818,109.732266993638,110.434615990081,109.931876926994,111.259745135808,110.194547943966,111.648236719508,110.033038177424,110.405422601705,109.767156792299,109.612736661242,109.879554252569,110.163632967107,110.08471612781,110.240341324663,109.953770202665,109.563182418987,110.01725718498
109.768532353323,110.374861214331,109.649624164751,109.493583021148,109.757235986698,110.513675696849,110.502022409413,109.733544446185,109.626767222115,110.2304463221,109.779392789631,111.075434141138,109.989108812853,111.367685855225,109.827177757303,110.160887554242,109.663512363924,109.549378543462,109.766050185346,109.977596713794,109.919760450668,110.027373141592,109.803021291028,109.493432766226,109.891931626604
110.584249750314,111.626867411988,109.950120432634,110.00843867017,110.240277273922,111.958135868926,111.953814153884,110.491988312789,110.197778813331,111.235035197606,110.558528008016,111.986429000361,111.006119958684,112.69546166194,110.839887623393,111.349504473713,110.231486099198,109.939191230027,110.375714245517,110.899896788579,110.755376620348,111.073777167702,110.578939784641,109.908892478863,110.557900706484
110.115980490158,111.000525412529,109.832980584543,109.708230518663,109.991521524698,111.286624436204,111.162422573228,110.112232638172,109.882056992041,110.701514247825,110.128662153514,111.439570413732,110.52433413714,111.879526905602,110.314455549312,110.775603878538,109.963597484144,109.741916112078,110.07306064162,110.382094577847,110.297826601985,110.527630398184,110.220334509486,109.675260006495,110.26029562497
109.79629763058,110.580329398105,109.762565761565,109.504334174364,109.832001213784,110.822176121468,110.614792898378,109.856236644019,109.661477906963,110.321128626571,109.844019042075,111.042341439378,110.19931706983,111.324982105989,109.948408065026,110.385333583618,109.782277721734,109.606991946787,109.860891411469,110.029473602589,109.999179524785,110.161656061377,109.977254589819,109.517811720525,110.059756347817
109.822542250436,110.608089760592,109.785547619419,109.528991431085,109.856145487778,110.85064418556,110.644257206875,109.881651357823,109.686426242519,110.348379971724,109.869768379007,111.06996177798,110.225743938068,111.354621577251,109.975324185804,110.412672793772,109.806723940207,109.63079490752,109.885796081825,110.05621246156,110.025141301215,110.188574357708,110.002563238665,109.541868828084,110.08454361988
110.04242245448,110.898103484833,109.863334187229,109.678666745709,109.984997019893,111.170122011677,111.005333147902,110.065047265485,109.847664651155,110.608522774238,110.068135759642,111.335098108819,110.455936620275,111.717650399802,110.223434055834,110.683057038256,109.947511343833,109.742281344419,110.045345541267,110.29839569479,110.234131391874,110.439736685954,110.182431877593,109.665134194098,110.241715649651
110.540171808236,111.579506766421,110.024259111243,110.004614073788,110.268869617946,111.918827656603,111.849256587339,110.47558882584,110.199522278908,111.198895558445,110.516430355243,111.931091435433,110.986198193133,112.57318193421,110.785480035145,111.311342444394,110.254763995008,109.975922043149,110.394845214146,110.853438662176,110.712824555377,111.019665634765,110.587255470984,109.92796803651,110.59390443929
110.163918774258,111.069209378244,109.934057060746,109.767970651877,110.0725270888,111.369301909452,111.19992030284,110.18415465529,109.948051942441,110.761759565041,110.184248132823,111.472003135857,110.603544944836,111.881551829625,110.373399540543,110.850284748228,110.04876346595,109.824313985707,110.15412388715,110.432130302122,110.354705002576,110.587226076092,110.305722725236,109.745547922641,110.354362332334
110.099638255135,110.977196712676,109.932115523713,109.733707284851,110.048332065681,111.266240665694,111.075798111196,110.137988572988,109.909422874546,110.681292389356,110.130669043247,111.385674462975,110.537877146254,111.750752164524,110.299731230917,110.767547634839,110.020663078624,109.807788089737,110.117528407879,110.358347686081,110.296456186997,110.511756197558,110.261347883781,109.722989990225,110.319331928301
110.264889838842,111.195629339609,109.995533393292,109.847408511304,110.148619480428,111.503431873348,111.344539910939,110.27464640624,110.030567386305,110.873959683413,110.279238692733,111.584826262244,110.710245154168,112.030655262624,110.481335674488,110.969054810313,110.126746612057,109.89265251765,110.236816080034,110.54102180793,110.454407345665,110.699338534569,110.396395522236,109.817466915414,110.439117214394
110.667125383009,111.753590569646,110.132876845794,110.110270841716,110.383246309668,112.109227403627,112.027335867759,110.605015855763,110.312057597402,111.346106179672,110.641129518071,112.066308866845,111.141584582402,112.745330673656,110.927323316208,111.478384287411,110.374328807368,110.079686861615,110.515748769523,110.992460980815,110.84493169926,111.169211500007,110.724590979578,110.02982264463,110.726806719104
110.399148430589,111.375434132,110.067851136779,109.946417612567,110.242513669617,111.704289399052,111.554500540589,110.396109380614,110.138069896196,111.0349032706,110.403659323065,111.740362719199,110.860071638868,112.23034827639,110.634529636168,111.139763360976,110.228721146375,109.977562071584,110.34797420455,110.688401062847,110.584994641142,110.854393764664,110.520204413631,109.905139349816,110.553094945479
110.433867536508,111.41528774158,110.093555181884,109.976428779812,110.271513045564,111.745669490768,111.598666156418,110.428363579088,110.168686964374,111.071965948263,110.437000298448,111.778228199196,110.895676291459,112.276199178212,110.670649149654,111.177959162802,110.258144586942,110.004948792317,110.37843594321,110.724776031422,110.61929787669,110.891326143262,110.552336946897,109.933421212232,110.583811266461
110.456131436622,111.43789920814,110.115512240013,109.998472222329,110.293593969242,111.768386223489,111.621420928617,110.450565368913,110.190783842658,111.094415999513,110.459232162144,111.800826129156,110.918067458242,112.299128599106,110.693000577292,111.20047660165,110.280233717698,110.026927576989,110.400572615263,110.747144639422,110.641594989617,110.913749827953,110.574561891944,109.955409602049,110.606002582211
110.683272022194,111.764433635375,110.206780972982,110.148368522822,110.435882447306,112.117842256521,112.003892731386,110.646762885453,110.349337878719,111.355291994237,110.671023406792,112.060185875794,111.174703699579,112.703011799932,110.946538829454,111.498326306101,110.428795080953,110.136920941244,110.560101727879,111.003288225719,110.872337634846,111.187995657447,110.771121562685,110.078546072839,110.778279094559
110.608736802406,111.642249180415,110.195118718811,110.109949135736,110.400257375486,111.98648323955,111.857438601443,110.585756998852,110.307612516402,111.266995895104,110.602337560337,111.973429491869,111.085224799653,112.545175533064,110.85977256321,111.389982626789,110.390714183307,110.117490856483,110.518079758596,110.915191801048,110.794314845472,111.090163144081,110.710258502703,110.052691492434,110.729346001246
110.700523046525,111.771477301389,110.242394450479,110.175161535845,110.464622317158,112.122630226544,112.002400697382,110.669526162356,110.375289554972,111.36878880935,110.69114522562,112.072594138646,111.190736350412,112.697147337844,110.961856189594,111.509164265744,110.457291090352,110.169404970681,110.58663642748,111.017132896784,110.890289421651,111.201015292994,110.79422250832,110.108902239545,110.804082946616
110.523390328982,111.480898710667,110.188204004864,110.073939033376,110.362597576181,111.813526513342,111.673852041273,110.510033893673,110.267788691482,111.165817958548,110.518164464679,111.882915605948,110.967018640459,112.352519675401,110.752295639473,111.24724769638,110.348415289379,110.10518790216,110.475392527439,110.810783096093,110.695728799165,110.963698164731,110.633824421717,110.033010148704,110.671779354608
110.699594659247,111.745209923565,110.269287188289,110.191606540526,110.479908984172,112.095255228313,111.967848382825,110.675631746525,110.3912458679,111.36429284311,110.692224862904,112.070161323957,111.182272630593,112.653374248965,110.957914168803,111.491839489524,110.474219733904,110.195287549386,110.602581726384,111.008974130154,110.885308965294,111.187981470075,110.80010246898,110.131117818027,110.814535338806
110.685608138958,111.710418657164,110.27701551466,110.19109560965,110.479226931986,112.05699735233,111.927055042701,110.663661181546,110.389678193765,111.345981798475,110.678139594251,112.055053624071,111.158726636538,112.611148521215,110.937028515232,111.461671955697,110.471704763833,110.201254957767,110.600203806337,110.989987765071,110.8674783882,111.162309452336,110.788093833029,110.135146664231,110.808220999104
111.060306833476,112.305114260737,110.443782536505,110.431538270604,110.72763202778,112.685612558333,112.56933454295,111.027443139282,110.640157217307,111.761193723447,111.061205477972,112.430740148192,111.642438063175,113.259607433409,111.386418965355,112.010469572274,110.739300397278,110.379826531186,110.861602348291,111.415003215995,111.289960721134,111.663965218929,111.153614451592,110.331394836321,111.114771286337
110.906422173017,112.058486851742,110.398243459824,110.341283721111,110.638273844349,112.431858762211,112.294455223479,110.885457663749,110.548537239627,111.596382073457,110.90388667666,112.277168591376,111.449465276022,112.967431957337,111.203630304442,111.787440541951,110.644782264787,110.324392050786,110.769749711526,111.239190786832,111.114244256399,111.455462300149,111.015681065541,110.263987492318,111.005967073936
111.037022683068,112.248096906867,110.462256674866,110.432320943675,110.728837457153,112.627808438552,112.500961907518,111.010487597941,110.641174269541,111.735256187728,111.036967997863,112.407909485426,111.606958669483,113.181029139681,111.354756817422,111.963632806619,110.740276773797,110.394770725741,110.863358470741,111.383321306707,111.258362038372,111.62128231897,111.138800465616,110.341002419855,111.110249295995
111.218816448285,112.521521358209,110.5481381025,110.55545016048,110.853495015176,112.909741818916,112.794925538582,111.186492778826,110.766304780718,111.927649864428,111.224557639827,112.585087217867,111.832898361053,113.483126617417,111.568262225832,112.21698624119,110.872040450534,110.487929794672,110.99072832482,111.58535236565,111.463276398393,111.858574086601,111.312655384842,110.443659386089,111.255615370272
111.236036999616,112.536174589009,110.568099006011,110.57431178211,110.872338761889,112.924267928141,112.80910410933,111.203842293386,110.785171452822,111.944766653321,111.241550429067,112.60284626905,111.848845234919,113.497213149999,111.584579947535,112.232192368031,110.890687687838,110.507692253382,111.009572726824,111.602040583111,111.479772516013,111.874181893846,111.330099001403,110.463119297651,111.273933018121
111.530050405511,112.999813889676,110.705271307388,110.767622128519,111.074431500842,113.399534086208,113.293831733605,111.496586884898,110.980688548533,112.25130112434,111.552969548142,112.873560108245,112.232377738076,113.986473974766,111.938347377357,112.661549691461,111.105226808701,110.651327263495,111.21113407123,111.930759315588,111.823552133359,112.274275248116,111.620539819542,110.622009861257,111.512554140118
111.609003236628,113.111436814158,110.750448133251,110.826043010935,111.133842931245,113.511884892565,113.410549593781,111.574135734709,111.038865238894,112.331143616702,111.635542465358,112.947351153718,112.327450344871,114.106586296721,112.028387622938,112.765842635123,111.166415391793,110.698571969456,111.269665579867,112.016393701078,111.912727723468,112.374034582411,111.696720364151,110.67304948459,111.577906152215
111.706405252865,113.2547649959,110.804283078703,110.895969744928,111.206186676787,113.656252347466,113.558468392926,111.671233630431,111.108562320514,112.429476222001,111.738745938496,113.035829434538,112.448998586942,114.256761213225,112.141785778259,112.899574110098,111.241466862428,110.75416068417,111.340430064838,112.122820184397,112.025116288297,112.501013404262,111.792483932291,110.733318563679,111.658800847873
111.858988361896,113.490527647905,110.883158579468,111.000724123463,111.316578074661,113.893771926104,113.798803706658,111.82580694962,111.212949718176,112.582996655458,111.903136882713,113.169514122855,112.647540648013,114.497119030955,112.324171471334,113.119050609539,111.357173021897,110.83470738221,111.447438486144,112.291085185555,112.205971999858,112.707873125958,111.945265142144,110.821498279113,111.784858442058
112.161402842886,113.974015917483,111.029026428277,111.200831225883,111.52981204841,114.379447626745,114.287541157875,112.135480235125,111.411570657828,112.884579179427,112.233799137392,113.425473029488,113.052471009248,114.980964774422,112.692745199896,113.568241982967,111.582239175545,110.982998162036,111.651883607401,112.626404433259,112.572491695356,113.130185014225,112.250847273167,110.986052104832,112.031361641136
112.314702070049,114.203371386474,111.106101922404,111.307845613663,111.640172311414,114.605910885163,114.522309442521,112.288529942283,111.516181447442,113.033551282144,112.399602253629,113.556867725669,113.245684800247,115.219307187451,112.872972677508,113.781303095794,111.696055590736,111.063712339313,111.756754179869,112.793483191952,112.754310698628,113.334910754677,112.39959367655,111.075964038057,112.152834173933
112.476253197813,114.448327841457,111.187679048232,111.419924351708,111.756867335162,114.847658526062,114.770663308642,112.45124771489,111.625740296095,113.189978952797,112.575393656714,113.692837884979,113.452440951764,115.469009518017,113.064422743232,114.00911470987,111.816707743055,111.148207783252,111.867129310112,112.969757562163,112.947635377386,113.553154678098,112.55826983078,111.169949333856,112.281902219106
112.123622167379,113.868588585859,111.047143321835,111.199867816865,111.522697757598,114.277497764606,114.187265708077,112.092254923418,111.412756503979,112.853359354122,112.182195461453,113.415306781479,112.97352253232,114.888465525951,112.629126057186,113.474407196383,111.571296557611,111.001588696514,111.65120553164,112.578133403611,112.506679343665,113.044845200201,112.209438414596,110.998288356085,112.014051729222
112.225597353276,114.011949070241,111.100120855652,111.274442619476,111.59514429596,114.425013581576,114.338570925214,112.19503418381,111.487688101612,112.956622904131,112.289524858685,113.507493419032,113.099128790754,115.034212117793,112.752095479009,113.61228527494,111.650985602551,111.061425514831,111.726827143331,112.687154276148,112.620578824135,113.175692161987,112.309845312848,111.062420755958,112.096502508126
112.059468115475,113.74188814976,111.046770534372,111.173819594112,111.496169767259,114.14578189995,114.054641475394,112.026125792859,111.386260683225,112.788218455616,112.109713216533,113.368997478822,112.872859351966,114.766643664374,112.536569516189,113.356496770136,111.536462251077,110.994995116887,111.622590219111,112.503395666531,112.423392709908,112.938056995415,112.144811570149,110.986078523659,111.972958946119
112.085384481882,113.770201668086,111.070275780208,111.198270192598,111.520645103487,114.174424840926,114.083301107118,112.052104262252,111.41079785653,112.814387894081,112.135888425393,113.394671060858,112.900152987183,114.795014328133,112.563600273884,113.384479675699,111.561288214059,111.018763699037,111.647250900561,112.529747917241,112.449959495615,112.965557145171,112.170759905403,111.010019343835,111.998062020385
112.132720698091,113.832991329539,111.102713721447,111.236461690731,111.559125862041,114.238965406571,114.147393882181,112.100160635409,111.449342907209,112.862565877361,112.185178359669,113.438299940088,112.956724338612,114.85578463319,112.618101324575,113.44528085687,111.601971139705,111.052597268708,111.68655752283,112.579702843919,112.501820039873,113.023298479191,112.218682179098,111.044989596858,112.040462450835
111.942080289311,113.506709344456,111.033399431327,111.12278286429,111.439983240171,113.898986826853,113.816360463809,111.900700144204,111.33311817228,112.666779034657,111.975623252451,113.285999044131,112.6830213487,114.559117013472,112.366311790365,113.136245625537,111.465008842987,110.974891228674,111.562943481932,112.366723026576,112.269207698687,112.741112056864,112.01930153984,110.958007456937,111.887639442721
111.824518708901,113.303132069609,110.99677603935,111.055192538815,111.371241070706,113.682570141727,113.606598017942,111.776846330946,111.262598251996,112.542766695073,111.846912652277,113.190692647292,112.511677662318,114.377072948897,112.20590644114,112.941532484371,111.381656904013,110.930053376488,111.487190219653,112.235264869218,112.127186939146,112.565121960808,111.895491625754,110.907933210137,111.794897761865
111.639662286654,112.988331195416,110.931007066422,110.944709768865,111.258392799421,113.346830449594,113.283872778229,111.581381423468,111.147102050688,112.346805530401,111.645073701968,113.039071076608,112.244521530389,114.100616852475,111.955757276247,112.639339000345,111.246294915679,110.852563179966,111.363013409382,112.029654556593,111.905506704071,112.292135080142,111.699346802411,110.823279119046,111.644798066312
111.611638117928,112.929762957382,110.932114284656,110.934485234162,111.248276910272,113.282111996495,113.222567643849,111.550716613123,111.135317558726,112.315242321338,111.613315732302,113.018414163014,112.196862944904,114.05216983801,111.911236951799,112.583144807289,111.229977129604,110.850081343986,111.34902352939,111.996844689764,111.869437917955,112.243305893628,111.668496679392,110.819294587202,111.625166125868
111.717742181469,113.090519352382,110.990195908353,111.010037389553,111.325194633967,113.453041841128,113.38598333404,111.661879197198,111.21342758452,112.427221738958,111.72655127816,113.111262600358,112.338161584939,114.193010767907,112.045150941138,112.739124350137,111.316649307891,110.912707448878,111.431354248834,112.111551350026,111.990809338438,112.38629227288,111.780474588471,110.884424390016,111.718515948836
111.640452282877,112.946794079289,110.968406781824,110.968856573301,111.281259530702,113.298390064774,113.241427272678,111.577996783257,111.169730910041,112.344330508959,111.639719665811,113.052250799718,112.21792096558,114.076623736549,111.935429741867,112.601663684708,111.262045885962,110.886949237114,111.382613748732,112.024007816688,111.893659926717,112.264057051195,111.695545201765,110.85549513621,111.655506633544
111.512428898097,112.716205304422,110.923128743464,110.89554331842,111.202892415283,113.050979079389,113.011432447468,111.438621144152,111.092589316322,112.207829532943,111.496170322562,112.953075807809,112.022737070585,113.892347938415,111.757447387613,112.380490046517,111.167347534346,110.836650433637,111.297382084469,111.880416222505,111.734166527267,112.066431249504,111.554354897432,110.800616459501,111.547714269135
111.294767012061,112.336197051918,110.837946676772,110.764807112495,111.065431097882,112.641337417719,112.631216061172,111.201520500408,110.954943977208,111.97460173923,111.253713659072,112.780149743002,111.697297122993,113.590867962981,111.457530093453,112.013631424766,111.001584862404,110.74198104984,111.146362045409,111.638564544519,111.467410869734,111.737929155612,111.314461867963,110.699306273323,111.361833801883
111.162355191246,112.106004284899,110.793858569849,110.687355912816,110.987939223116,112.387060879436,112.394818882245,111.057138328726,110.871468985852,111.828034036261,111.10782333331,112.671560022771,111.498988623085,113.409871939295,111.26936385074,111.788505987303,110.902114720093,110.686954391323,111.054221065692,111.491864894765,111.308743437336,111.538129242051,111.168757841849,110.640907433602,111.251436231404
111.05016403152,111.908313110321,110.758302398937,110.622999498461,110.923453536886,112.167444922526,112.191851987942,110.934492025351,110.801572078093,111.702691301448,110.984030551687,112.579846692461,111.329070074006,113.257389149095,111.108278251425,111.595025845832,110.818334330162,110.641855624092,110.976452530416,111.367232695185,111.173821122604,111.367195330427,111.044626111301,110.593069743527,111.157717851088
111.56475203859,112.743762519913,110.992952056053,110.960686724624,111.264098489869,113.085786690684,113.043795024971,111.488332304799,111.160105821499,112.267470738364,111.542299753906,113.018802404974,112.060135136125,113.916648911887,111.803632319462,112.414055587348,111.229054919396,110.909343216841,111.365336311926,111.928472806668,111.774490560116,112.101146000914,111.605337110587,110.870268161016,111.607657882497
111.538345873417,112.69450037068,110.996958008555,110.950255094458,111.255883221275,113.033498696618,112.989258512474,111.462694020952,111.149204058324,112.239807862277,111.512900830399,112.999224148679,112.021765713394,113.874758634156,111.764843568531,112.367790854552,111.216923427161,110.907902844096,111.354254957897,111.898687822105,111.741485513982,112.058492140313,111.581619391397,110.866177898103,111.593723767193
112.080629948049,113.508569392952,111.218923698451,111.314759229378,111.608512080688,113.881275002371,113.847825779444,112.000289155931,111.520067808947,112.797897148578,112.089362166378,113.462784803533,112.710278011298,114.592941608538,112.442093935457,113.144391198116,111.608454093005,111.177991242047,111.732236670901,112.48286051279,112.363276065198,112.788586091238,112.105135173954,111.16335837641,112.013668502529
112.172017536857,113.627255857893,111.264469353933,111.38393500346,111.673266895578,113.999846709315,113.976326642951,112.085832885513,111.588265213271,112.887604602746,112.18353669592,113.545153755086,112.811549766004,114.710843616831,112.545506947788,113.256683333698,111.675274150073,111.232085875817,111.798435873807,112.578636772069,112.462966880552,112.899148806938,112.186540060677,111.223056498804,112.08252441677
112.286397164631,113.782280701092,111.319088088515,111.467749115639,111.753253949449,114.154852152586,114.142209624675,112.193202489665,111.671049202825,113.000015464802,112.301845896484,113.645946409573,112.942222052928,114.861695477651,112.676354340784,113.402453315879,111.757656327539,111.296324675642,111.879502192324,112.699795986897,112.589689908121,113.041226306698,112.289614988594,111.294427306175,112.169020767381
112.458087786842,114.02613565152,111.395997337067,111.588593019918,111.870826279326,114.398752203875,114.400173803329,112.355120079904,111.790514057377,113.168670578508,112.480602646076,113.79308112707,113.145179582936,115.093801898176,112.875656091611,113.630334949846,111.878780861271,111.38616675655,111.997496648326,112.883730482223,112.783565604002,113.261194272066,112.446148171703,111.39535113881,112.2986046152
112.383808464467,113.9030511447,111.381660550885,111.547402290865,111.830546323695,114.27604777592,114.269820677315,112.286386541197,111.750325298616,113.096880432715,112.401316669285,113.736361729144,113.048839800587,114.980521495324,112.783459409241,113.51796535044,111.836479503611,111.364773394498,111.957865885147,112.801160110986,112.693907924487,113.154494924912,112.380337486948,111.366895188253,112.25027897673
112.343786591996,113.829422298214,111.379415472013,111.529070163297,111.811962294472,114.202183421343,114.192697636373,112.24883584675,111.732367413904,113.058050952151,112.357666541032,113.7083443423,112.992462478857,114.915732438458,112.730898800502,113.451189082886,111.816158361616,111.358740045291,111.93970214651,112.755458776747,112.643295200697,113.092240991677,112.344163404905,111.356662315967,112.2256705973
112.536447486362,114.121676177358,111.470645329323,111.660774440833,111.947182976505,114.496245965553,114.490901112679,112.438039675124,111.863723426627,113.24867402979,112.561995483336,113.86686715621,113.236680227895,115.177176286559,112.960874516857,113.724334154505,111.957085437765,111.457846852516,112.073300695162,112.964898447888,112.867852299991,113.350559726117,112.530892975766,111.466375330041,112.379744498429
112.868458920235,114.636627855668,111.619857898594,111.882158494453,112.176155629967,115.01188000883,115.013556351378,112.765308930492,112.083289217898,113.573984284696,112.917299579031,114.133426649471,113.664269248785,115.634104016341,113.360322134084,114.203748753423,112.195578192257,111.619469864711,112.296594402057,113.327368690688,113.260768218294,113.803861082384,112.853134343156,111.647751660498,112.641668902775
113.13988416014,115.040319109515,111.739548455098,112.067339673759,112.362693067312,115.40885971265,115.42909639102,113.026149434075,112.263661038214,113.833031311911,113.205880530602,114.352937638607,113.998115047516,116.009814682377,113.677603540219,114.577524187318,112.385609044044,111.752595055935,112.475326118896,113.620938400525,113.578516026868,114.164151716967,113.105751737874,111.799901760787,112.846613958456
113.056116392244,114.902382879115,111.720532206371,112.019685582699,112.31496605363,115.27521872667,115.285977673623,112.947768310584,112.218781966451,113.75617614474,113.114956984033,114.29200837414,113.889665035012,115.881303889599,113.575820653188,114.452548818594,112.337189642886,111.72774596072,112.431863772452,113.528128427648,113.475198332504,114.043802087525,113.031336989343,111.766399141179,112.792409288088
112.988328707465,114.78566360254,111.706633723874,111.98308522638,112.277303828028,115.161045982657,115.166276084236,112.882824683808,112.183939424479,113.693247670418,113.040615028684,114.244136869189,113.797718260023,115.776332582743,113.490846914086,114.346447666972,112.29793269563,111.709685535936,112.39733134477,113.452237689321,113.390117790653,113.943047206546,112.968987540838,111.741649480404,112.747773212739
113.004029099938,114.797828342789,111.726027680696,112.000959705683,112.295076780848,115.173398877479,115.178404746447,112.898584110125,112.201944603557,113.709377387275,113.055784969842,114.261601373327,113.811528925774,115.789844439409,113.50522300463,114.359297858193,112.315523182811,111.728834509219,112.415336077557,113.467391093189,113.404533560078,113.956317235991,112.984906456363,111.76035079952,112.765013061279
113.370658234235,115.378238794802,111.895590955509,112.243747522772,112.551487728875,115.749760614317,115.75607745079,113.268631976293,112.441230794928,114.062671252748,113.454546316351,114.545794036356,114.29720567853,116.294199180867,113.951354392039,114.900163268211,112.583643552813,111.905999474708,112.660002000048,113.868534949462,113.84756287929,114.467119192847,113.349986616087,111.958870691069,113.057844646208
113.448684325465,115.485954781009,111.939870088489,112.302504082041,112.610824337126,115.854846386796,115.865616143444,113.344879327637,112.49851151176,114.136753121065,113.537123560617,114.611194672261,114.389634858791,116.395858196997,114.039696466312,115.001119268429,112.643625945253,111.952917283823,112.716745665818,113.951419319226,113.936867122357,114.565571410712,113.424070890103,112.010178483116,113.120626904765
113.707723970807,115.880091852552,112.059588254509,112.478452027386,112.792960107236,116.238960796233,116.261763342804,113.600871733862,112.669090814974,114.379975358582,113.8176114793,114.81269028427,114.71879502495,116.75276821817,114.3464461899,115.366683458279,112.829806382229,112.080491000598,112.887259267933,114.232296920762,114.247332689272,114.917285760187,113.672967849074,112.155017715189,113.320333141255
113.444023657039,115.460041771088,111.965443555464,112.31342131567,112.622465782567,115.834244323003,115.837874162602,113.343414556464,112.512321917568,114.139136488921,113.528379506909,114.619470755677,114.376294015183,116.37059726421,114.028785956047,114.981339884919,112.656256806192,111.975660036421,112.732573473881,113.943514995839,113.922366500107,114.545429049225,113.425716255291,112.027886846878,113.132225621997
113.491676575045,115.521000824483,111.997422633854,112.35227790307,112.661065601408,115.895162665832,115.900320941157,113.390618467939,112.550912454287,114.185901761165,113.5777574321,114.662225497565,114.430902735745,116.428446200599,114.08213211481,115.039911610365,112.696119963774,112.009427161362,112.771133350757,113.993305644218,113.974352711967,114.602280410818,113.472110741656,112.063354530279,113.173183590799
113.551108849003,115.601448926698,112.034539637396,112.398590454527,112.70770531521,115.975636935753,115.981981150605,113.449917010841,112.59693109768,114.244120005246,113.640036215873,114.713803858834,114.501821726178,116.502597015521,114.150263525196,115.116726154293,112.744584300515,112.048526062084,112.817447252428,114.056112613231,114.040770631511,114.676104683359,113.530581311791,112.104787549343,113.22367371741
113.855832055589,116.075919233642,112.174787121954,112.602592633116,112.918663242442,116.450657270479,116.458326471365,113.758250354126,112.799117361611,114.539514965642,113.969412609236,114.952843874154,114.903242476991,116.91490160751,114.524209581094,115.563142051588,112.969730141879,112.199447545161,113.024026741019,114.38768532235,114.403490046319,115.096848074455,113.834646696783,112.272332948823,113.466405775452
113.794785307635,115.969164177361,112.163331754334,112.570313058484,112.885621322429,116.345890285311,116.349644075297,113.698181754479,112.768376695972,114.483321479426,113.901488382722,114.91140242793,114.817980977481,116.821853628605,114.445368576859,115.465103746418,112.933910275963,112.183941734953,112.993332553414,114.319453004721,114.326015993666,115.00414852104,113.777035231006,112.251003927606,113.426379238631
114.043814963365,116.3515612426,112.279611410869,112.739172614674,113.059623115935,116.72530530796,116.733516971269,113.948313862421,112.934384970484,114.721737582661,114.170820391169,115.106464519747,115.141106557219,117.157996828391,114.747017495262,115.823844109658,113.117071469643,112.308808689389,113.161449188213,114.589449143961,114.622496377423,115.344893866417,114.022379806978,112.390353776026,113.622894462601
113.777905193769,115.922267949933,112.183426986343,112.573592957737,112.888990199479,116.303771655438,116.30144505372,113.683785886684,112.774349336826,114.473380674872,113.879105775464,114.910523838537,114.787037665444,116.781225151967,114.418548961255,115.425510509525,112.937387243956,112.201039866133,113.000827999942,114.298041318333,114.296371378088,114.965829336131,113.765751493978,112.262584673743,113.427643164571
113.660376997451,115.731040611929,112.15089551096,112.503922652577,112.821477611737,116.109614945485,116.102624158364,113.566555752584,112.705128030673,114.359053394265,113.752090487897,114.82114712136,114.628418444682,116.614825220402,114.26640052714,115.245084961593,112.860211309809,112.15799069833,112.93085794469,114.169221398177,114.156115566782,114.796880836015,113.652143033085,112.211251967995,113.34464030213
113.846047440346,116.007599707902,112.238068630072,112.632530490354,112.949043012872,116.391689010929,116.386693964554,113.753240003779,112.834213540736,114.543193539454,113.949068088209,114.974449493608,114.866076052337,116.857790600541,114.494647734961,115.509046562443,112.99989564925,112.2564467846,113.062147598816,114.36896504266,114.369135834546,115.045182932015,113.835909276099,112.318593578375,113.492620576777
114.109517666033,116.409041584302,112.357553183624,112.811222262879,113.128385080024,116.799274143796,116.796093164912,114.01809110027,113.012826573684,114.802610422584,114.230473632965,115.187409858593,115.207989726131,117.206965820976,114.819433097291,115.890078416006,113.194950045837,112.390166830603,113.244109028284,114.653856461571,114.675810573247,115.403215678947,114.096828277593,112.465945458216,113.701406112086
114.187580309434,116.518228427465,112.401930479694,112.869780522508,113.186972504444,116.908919662644,116.907322718326,114.09567016065,113.070956140838,114.87893547079,114.312661153006,115.253785754593,115.302955330175,117.305776991033,114.910563271959,115.994041997044,113.256369554925,112.437829682473,113.302578013313,114.736792632133,114.764006361671,115.502604082848,114.173144698615,112.517159622891,113.765939695697
113.900641245552,116.048555662367,112.296242017128,112.692073795469,113.004125122167,116.436641891352,116.434108081208,113.806635868117,112.895254100929,114.601863538415,113.999762713522,115.037880681891,114.912744258149,116.907813268696,114.548396185322,115.553944131918,113.057735050491,112.318763398059,113.122731462007,114.421491850563,114.415700649277,115.090751588463,113.888978718375,112.379511387947,113.547713659212
113.346296929142,115.183842723282,112.093800612786,112.337118155016,112.661711453326,115.53748684221,115.531493325351,113.248739299411,112.53432829636,114.041889580839,113.411181365396,114.587426323722,114.17843151417,116.166850193262,113.836524367451,114.725468188902,112.663091294052,112.067590205667,112.752803695201,113.819709346235,113.777105096579,114.322309090401,113.340570871857,112.099483158173,113.125420556156
113.143469508528,114.888535816304,112.041635614882,112.208079694731,112.556347493864,115.208483084804,115.194193425632,113.049336130189,112.396290253023,113.819848007926,113.20786623452,114.401560363181,113.921971163899,115.903502442721,113.562922855905,114.431175357192,112.522329336074,111.976222754223,112.611967318811,113.603080364919,113.566498523289,114.054545701414,113.146286633288,112.000171840076,112.98132730098
113.066880221591,114.769250800771,112.030956042817,112.164466908977,112.522272542766,115.073351896767,115.056814824675,112.975001844008,112.348173460963,113.733459083996,113.131822358526,114.331928334541,113.821112339545,115.799688059446,113.455404576028,114.312915164488,112.473208709198,111.948799436153,112.561994618227,113.519805389048,113.486676471262,113.949089358461,113.073193037219,111.969500315713,112.92924530833
113.330165081526,115.147873533682,112.135725355758,112.344562005252,112.684537791933,115.490978365403,115.474821866376,113.232227361249,112.53952011914,114.021676749109,113.394341600506,114.575898625318,114.14910931899,116.134957219384,113.792772829208,114.685526134025,112.668910665533,112.089771858041,112.759910422903,113.802112317356,113.761726364783,114.287599237814,113.33011083245,112.118340682155,113.137393734931
113.582399702591,115.512794836033,112.237289614572,112.516802025489,112.842107747964,115.888913155971,115.874982394738,113.47520786048,112.720803169103,114.294288051902,113.645960027022,114.807163243888,114.460996716994,116.460956173388,114.109969417681,115.040708576023,112.853272753378,112.222903659498,112.946508249836,114.073495762723,114.0276252626,114.611743009994,113.572838809048,112.260646823761,113.336204134943
113.653901518838,115.609179548757,112.276657294488,112.570972076588,112.893695944884,115.991534638447,115.978386560958,113.544193885348,112.776593997839,114.369541131338,113.717449212867,114.87382045279,114.545072088407,116.549597104435,114.194360912306,115.134187702671,112.909637228144,112.268367719885,113.003297719974,114.149347533603,114.10267156372,114.69884098831,113.641772047288,112.308378562928,113.396163008158
113.626687995073,115.555241631644,112.280786071705,112.561350948769,112.885723487902,115.931578507864,115.918782553352,113.519038794254,112.765457830134,114.33892848099,113.689768871644,114.853002672038,114.503970972116,116.505584676792,114.154272038643,115.0835779664,112.897253169133,112.26735489241,112.990865976719,114.117476477992,114.070936681806,114.65497893313,113.616346313444,112.305119066898,113.379596599177
113.581710830162,115.471079865487,112.277354737615,112.540767517521,112.866011813337,115.839377335472,115.828670692345,113.47596851866,112.742856155717,114.289426986279,113.643323922677,114.8178672294,114.43801543309,116.437290069131,114.091524794769,115.004540146013,112.871902252818,112.258266060609,112.966009720209,114.06566436157,114.018291784031,114.585671931948,113.572524218545,112.293085384636,113.347781214397
113.376785615746,115.125339281395,112.20950196567,112.419549976819,112.743817341982,115.466800131144,115.468212289315,113.27399760464,112.614932153086,114.069407689619,113.430378509494,114.649260887838,114.155425379096,116.152715413435,113.825052666049,114.677559215377,112.731206526399,112.175192460915,112.828998847657,113.836329034798,113.782544635291,114.293116690963,113.367152538847,112.200491868702,113.183372154128
113.094369306052,114.65913089826,112.112410202543,112.248411162881,112.575370741645,114.957563910085,114.976625031291,112.993312755958,112.432420702903,113.760385195337,113.138500419784,114.408947382509,113.769238138528,115.769566332703,113.454636067792,114.232063186034,112.532331600651,112.053468377078,112.633440051702,113.522390117802,113.463308000808,113.89551270975,113.082307969877,112.067699770918,112.955006574288
113.42069574999,115.156945034282,112.248233377482,112.465256830725,112.781134348762,115.509858620016,115.512935837817,113.317481376638,112.664593392746,114.124087123227,113.46932130456,114.706827507551,114.193551847307,116.18968797693,113.875585452706,114.716098242619,112.77659721797,112.223046151721,112.87914683882,113.878030296708,113.815808532297,114.329611999827,113.409907440507,112.246099619601,113.224911542622
113.793697315707,115.717145636087,112.398453513981,112.713989604677,113.015527221465,116.119411548982,116.119429100028,113.678596242255,112.926043752976,114.529249268598,113.847017183771,115.044982241143,114.664187933693,116.678387237003,114.343640604168,115.254289986375,113.045704386058,112.411704007797,113.150288645053,114.283583331361,114.220127966965,114.81977815514,113.770498075096,112.44963212214,113.522176641561
113.672667652758,115.526482276229,112.370157709165,112.642373584396,112.951306785619,115.914637605432,115.908201854283,113.566948017818,112.851486515466,114.400125330703,113.724839056109,114.938728470748,114.511348957412,116.507217265605,114.190276641346,115.074809561207,112.971257142565,112.367209615977,113.074690779668,114.1501842431,114.086817883146,114.655301145277,113.661208855128,112.396906328288,113.43748645405
113.800144095814,115.708718732925,112.430474895538,112.732741649053,113.037733356311,116.107993471113,116.104110053103,113.688592439842,112.944440728572,114.53451555417,113.853604410811,115.055196801323,114.665016850187,116.67261592879,114.34248455331,115.248432231831,113.065328513374,112.438208498847,113.169277850244,114.287481456614,114.224436335613,114.816657127462,113.781929323328,112.47353313534,113.540103436218
113.735346897437,115.59588855738,112.419913174304,112.698987010414,113.005769500561,115.986585042774,115.982157113406,113.627702561577,112.908783114412,114.464733184305,113.786835972756,115.001709031727,114.576434092949,116.576577702327,114.257192795312,115.143355018559,113.027555955679,112.420328934115,113.131869853265,114.214127318913,114.149577350519,114.722125400026,113.721393371718,112.451026250105,113.494580170293
113.17410134431,114.692470247544,112.21396047938,112.349097925607,112.658343422596,115.02504191614,115.030533190865,113.083136628384,112.545471418433,113.8691180678,113.20582508087,114.52312726603,113.837649520751,115.80464622489,113.552928187905,114.293890081601,112.64074987055,112.174122637593,112.752429024729,113.592289339655,113.510326587072,113.948326390656,113.176029117729,112.175714762907,113.051597005874
113.384159762469,114.98622207234,112.297712732731,112.494601596027,112.786345584396,115.355605922585,115.36488857569,113.284431129258,112.701078108515,114.105732612723,113.41168979911,114.728570167218,114.090574999163,116.07185987666,113.81759389053,114.582838264857,112.795141206738,112.288609499587,112.912652175787,113.817463319091,113.723896100968,114.210772967621,113.37585653644,112.296740231355,113.216553977985
113.231013525393,114.750275961685,112.261240362486,112.40267710907,112.707909453513,115.087229755514,115.094174243751,113.141028447261,112.600514272411,113.929515183018,113.262249831164,114.582980239521,113.89638836663,115.862325297945,113.616447858708,114.354178929724,112.695310361799,112.226235016979,112.807525583695,113.648958367046,113.565189873696,114.007158745444,113.232759007967,112.227567284217,113.104086976107
113.159179157257,114.631524150513,112.251310745358,112.364200047493,112.675539551396,114.950532990614,114.957817353833,113.074320243837,112.557146763617,113.844611419431,113.192379565894,114.515597364297,113.801107166359,115.759662147476,113.518784332346,114.239936807307,112.651871275207,112.20331134494,112.761120843251,113.568302362177,113.489719939252,113.907239271345,113.165504146202,112.201183735526,113.052714454273
112.87974920635,114.189641173414,112.166585644568,112.194026150287,112.518932844642,114.451492660674,114.466303885602,112.809582828388,112.371412980655,113.523274107879,112.917004082641,114.254703102285,113.439127320017,115.377216992334,113.156945652446,113.815871378788,112.462440777295,112.082368186821,112.563503268551,113.258049715849,113.193087046952,113.5316529605,112.896759518756,112.069381379521,112.833341927696
112.955906926435,114.294058522991,112.207448763275,112.250687231092,112.572471058533,114.567572443585,114.580968755807,112.88305601358,112.431443021022,113.608571907102,112.991847985719,114.329651664377,113.529686400943,115.471612574914,113.248644331928,113.917699814412,112.522664672361,112.130543393831,112.625851755683,113.339628764644,113.271262133193,113.62438172567,112.971011405526,112.119179330275,112.898751079332
112.825267252986,114.077484379626,112.174422662234,112.17611087538,112.503650963778,114.318990487259,114.339693791831,112.758916651084,112.347944251123,113.453507629966,112.86324251855,114.207127935394,113.35450551402,115.28908938863,113.074638979446,113.710229832059,112.436590848558,112.079975806749,112.534993608159,113.192585073794,113.131481832526,113.443524440235,112.843781957585,112.063847136978,112.795934349784
113.167613771671,114.60778764425,112.315008356318,112.39974901882,112.718576237228,114.917666597004,114.917982982103,113.090252426033,112.590545293705,113.8484323547,113.203550551641,114.531322822416,113.795995209695,115.741687444373,113.509425899827,114.220085176099,112.687206855417,112.254120991862,112.794607578425,113.570665854305,113.496836965983,113.895653191049,113.182614614913,112.24744199597,113.083797747103
112.672408616771,113.831814609656,112.150565627002,112.091675913513,112.428735850969,114.05574244168,114.061066199253,112.626111330137,112.260165586412,113.28799639782,112.711680769538,114.068952403459,113.167113752954,115.058763148715,112.886896679795,113.485196667505,112.353580262793,112.034911701787,112.447266172155,113.021068796716,112.963300715156,113.236382896318,112.715170868694,112.005519109155,112.695705981779
112.926149154589,114.18877662477,112.246765994957,112.264722234525,112.579329228662,114.467217906829,114.476117296331,112.863152918616,112.449061277429,113.586828811164,112.954625483345,114.330789041363,113.468780034437,115.38710795849,113.20580363105,113.834576129819,112.535681430526,112.170670787477,112.643490647044,113.295334336513,113.215755037665,113.549799377523,112.952402172759,112.148578919789,112.895694544563
113.01874752419,114.314248637698,112.291836566954,112.332445203533,112.641250406396,114.608113174754,114.618235429317,112.949934479705,112.521144101903,113.692191317147,113.044084272962,114.424963732181,113.575961826041,115.504373874254,113.316740848965,113.956499079466,112.605740509855,112.226651073848,112.717696633835,113.394629651016,113.308916342565,113.660994436421,113.039435428368,112.207184712069,112.972099160808
112.882821212494,114.098079895427,112.260429486228,112.253521573198,112.571998575698,114.358168243571,114.368877034532,112.826236487617,112.43292107851,113.528798697438,112.913870880897,114.290072235763,113.403416753305,115.311772640517,113.140392880454,113.750282023411,112.520010292447,112.174005240114,112.623747306877,113.242355963191,113.168484922974,113.47997537972,112.914015009925,112.14852668902,112.869742839678
113.284959862137,114.70434003653,112.414986337934,112.516578213191,112.816745523496,115.047308349129,115.049916384869,113.201904399026,112.718874448331,113.998952759741,113.304468461395,114.687905155945,113.901456163704,115.853626375918,113.641411631916,114.33045149913,112.80349677553,112.375126053031,112.92579735443,113.686014211001,113.586097943712,113.996517144177,113.295757420119,112.363303980185,113.196606315476
113.053319874716,114.349832734339,112.351957791326,112.375250368796,112.69061502206,114.650725086257,114.642583256314,112.995951329181,112.566720141875,113.732580486934,113.081496189398,114.459966000509,113.621058767188,115.522325092844,113.356022338272,113.997567259875,112.658867996425,112.280198977402,112.768919860468,113.428536950511,113.344656545913,113.696626905985,113.090390451432,112.25509521589,113.026307148081
113.459416549272,114.944105031597,112.503298114509,112.644008100608,112.935643173182,115.315559824751,115.319627155216,113.365604623785,112.854791459022,114.198935616908,113.473076352758,114.867622074116,114.104754086076,116.078291574861,113.848834963204,114.561460802001,112.936086922732,112.481083547688,113.066137625942,113.874236849371,113.763026737706,114.206839940175,113.460614280514,112.474023023454,113.342635394329
113.70942344321,115.296298753758,112.599696283438,112.814296389925,113.089828938882,115.699538675896,115.722991148351,113.587603379104,113.032936322264,114.476296862142,113.713561129167,115.118232197234,114.389496629929,116.424161414083,114.140570060677,114.892132395069,113.103458708045,112.607048939123,113.245122510885,114.146524873729,114.020024913464,114.512609705595,113.679746104753,112.614041303226,113.531053850937
113.120950705274,114.425800810443,112.418435206217,112.440643570438,112.752677930515,114.753893726706,114.72526558085,113.074312022019,112.641963138325,113.823979733165,113.147393945482,114.538715573863,113.704618614586,115.569074821011,113.447349983163,114.085370299623,112.737824445132,112.354452689748,112.852697954247,113.496292438799,113.404933805219,113.770348742906,113.173584755607,112.321510858267,113.106375201234
113.283280923078,114.638636974002,112.48142043864,112.555713433275,112.849879812785,114.994522015362,114.981232277999,113.217795805489,112.764982319171,114.011593599264,113.298395476412,114.715207956445,113.882014306048,115.786117867614,113.639116359247,114.29082424232,112.849643558921,112.443362351128,112.975732546522,113.670282286608,113.561078153108,113.959222686976,113.314834131715,112.417715174583,113.227718113463
113.468527539995,114.889256150749,112.552776577902,112.684423626688,112.96132440073,115.276790006854,115.278748811523,113.381010454816,112.902635368394,114.225623120165,113.471039494019,114.913594657718,114.088049232508,116.03902231211,113.857333257905,114.530464841592,112.975908560234,112.541723374905,113.114456196306,113.870770555519,113.741785156897,114.178275072481,113.476895541616,112.524688819112,113.367874777526
113.174773808797,114.458295265342,112.476286060248,112.502351198436,112.806778398405,114.787123882117,114.763682571046,113.129460270355,112.704321569759,113.878752509774,113.199884629165,114.601609517492,113.748526790582,115.608477722818,113.502249008091,114.124888495775,112.796512689559,112.418626013791,112.912722630616,113.544972916668,113.451486151718,113.813971676787,113.225682128275,112.384424960832,113.157426530899
113.289348471131,114.612877235327,112.52715470625,112.584173486851,112.880037031527,114.960925917719,114.944217295238,113.231970339093,112.791838678976,114.011412018343,113.307161659448,114.724547925102,113.876851952852,115.762963714304,113.636078978871,114.272776039688,112.878186461974,112.483829627937,113.001705073279,113.668980168936,113.563912892995,113.948859944831,113.328434230453,112.454082195156,113.24821117098
112.912639000415,114.047386802731,112.419770604864,112.351779008639,112.676086931582,114.314856262907,114.277270605181,112.904004708493,112.536071906999,113.559694312627,112.957846433408,114.323205651143,113.43032071007,115.209267138834,113.17722915541,113.740805328081,112.641691000776,112.322695694121,112.737045076495,113.24824334828,113.187833308013,113.475568083674,112.996923200593,112.273668934811,112.967168184456
112.896479605936,114.01462491996,112.430092845739,112.349255842716,112.677372971557,114.272934615878,114.233163357949,112.892580054194,112.530726038056,113.534764792749,112.944990503939,114.302652972477,113.408095704372,115.177285942902,113.152323870179,113.710358756697,112.638815017317,112.326753065692,112.73079915469,113.228151797147,113.173084544517,113.451054357089,112.985201178438,112.276167467201,112.960481739574
112.641387143357,113.625973791083,112.361736697315,112.195304334005,112.543776985749,113.819131154383,113.770430140018,112.668871934859,112.35695454276,113.217280517183,112.710356456797,114.02179203036,113.100407115792,114.801239769402,112.834370402365,113.342180390761,112.478074475228,112.219603402138,112.548060922012,112.941720681355,112.921114405647,113.128123009974,112.757218896221,112.15797732232,112.767687045194
112.700772717611,113.703373262181,112.396121679714,112.24108767363,112.586771502848,113.905921600097,113.858106554039,112.724265990859,112.405686557988,113.285902564616,112.766937587558,114.085736821896,113.167100337662,114.876981646133,112.902660221559,113.417045963438,112.525053922097,112.259335136957,112.598189349011,113.005346896719,112.979915464369,113.196647830328,112.813265963383,112.198995605313,112.818977303333
112.613571087051,113.558721646236,112.380798623977,112.194560153786,112.546200734579,113.734326497008,113.686484793691,112.647520681315,112.351026906138,113.172838965824,112.686430187776,113.989497016407,113.055232234179,114.741744735275,112.789320461935,113.280969786084,112.473688940753,112.23058090759,112.538786823798,112.904929087844,112.891693834123,113.079826881241,112.734073680661,112.166368908598,112.753670892935
112.660313631079,113.619326153847,112.411828320089,112.232034702357,112.582844375547,113.800911337678,113.752541072611,112.692307038519,112.39028814124,113.225353753802,112.73205447763,114.038055729036,113.108254409668,114.799779884325,112.842053488705,113.339443426173,112.512635293896,112.264161122362,112.579292444212,112.95481101445,112.939276087687,113.133841632214,112.779498531047,112.20077026908,112.795965729368
112.873089979675,113.947093164758,112.505729373442,112.372129461265,112.719984542554,114.17351455392,114.116434865373,112.893345135942,112.543062594884,113.479910180876,112.939820842328,114.256736249717,113.375939028245,115.098497691067,113.102235536967,113.649251217499,112.666715384435,112.374065204818,112.742572824483,113.192766916054,113.163988480764,113.408399620855,112.985848910944,112.317159599514,112.977230274467
113.166595533848,114.405371821024,112.631784274344,112.562801912286,112.908350563679,114.688408543808,114.621371770925,113.171371465157,112.748828910535,113.825450685209,113.230190744043,114.55195808104,113.747849685943,115.516019050013,113.460300180698,114.079563488881,112.876059387804,112.520031012363,112.961579114342,113.521762968341,113.479988256956,113.792171834871,113.269395445491,112.47391466377,113.223985402449
113.079838331148,114.256143165575,112.612861265932,112.516427374709,112.863550815473,114.521062113175,114.453624639607,113.092023900114,112.698029065227,113.722050488514,113.143923491448,114.466446592754,113.633091417619,115.37865860083,113.350476260176,113.942459787898,112.824678416275,112.493048402935,112.907246893193,113.421544809466,113.38330293123,113.67064229539,113.189491966806,112.441417262283,113.159200876342
112.930734764983,114.004072780079,112.568070644661,112.431246759477,112.778716911679,114.240630484446,114.176344048429,112.951086878325,112.605963198661,113.54738996666,112.993162621165,114.322451686608,113.434703107706,115.151279523075,113.16268356537,113.709342922059,112.728720392084,112.437552174037,112.808612112794,113.250885573547,113.215449156427,113.462996549002,113.047194166088,112.377842206743,113.041946808675
112.963783243022,114.043804365907,112.594622413453,112.46023312921,112.807753141501,114.282266045959,114.217617994612,112.983806737149,112.635443878178,113.582215635703,113.026403672267,114.355458827812,113.471106702279,115.189461845125,113.198376071924,113.747931934975,112.758567922219,112.464753156668,112.838586605173,113.28531913123,113.24976415237,113.499898875107,113.080025181336,112.405483509561,113.073129502325
113.021169828817,114.123977195412,112.631425759289,112.50437586229,112.852532060457,114.368299866964,114.301623708332,113.040833158741,112.680994787832,113.644711110924,113.085063394065,114.410954145471,113.540532380441,115.262473682236,113.264702304833,113.82433988662,112.805983849831,112.503120080623,112.885856226424,113.347226247005,113.312142730474,113.570727517481,113.137479284579,112.44527169262,113.124936192412
112.819604732612,113.771248760182,112.55743905199,112.38721755702,112.728415067972,113.980642434622,113.931801869494,112.836833410722,112.556061761643,113.414650410536,112.871045477397,114.230536111367,113.255376551222,114.966875052662,113.003866510521,113.495735715711,112.664960604576,112.422462395487,112.749337522811,113.116911055433,113.073145303065,113.277908756957,112.930588612297,112.355706587343,112.95600448701
112.688148947572,113.541077403374,112.515308461385,112.312669874265,112.652418631922,113.722787014161,113.686192154474,112.702322240153,112.475020162794,113.260760969618,112.731795771716,114.11024017935,113.067448966985,114.776322715677,112.828008342073,113.278483732498,112.573426132791,112.372088409077,112.66017940862,112.967115520217,112.919231464131,113.085677784025,112.79463300565,112.30016072841,112.847766379121
112.774459364614,113.668966130594,112.564629923734,112.37527731862,112.715725988936,113.862598388888,113.820160166243,112.790560382786,112.540466774328,113.356703132465,112.821712036709,114.192039523118,113.178135496665,114.886645567842,112.933617001941,113.401339658377,112.64364154039,112.424863182321,112.729229136782,113.060998766091,113.015196541523,113.197861779676,112.88355779344,112.354886604942,112.924837612136
113.114788751181,114.224587547407,112.72533558602,112.597320077873,112.945695207386,114.473524496032,114.396739121426,113.14433682655,112.774778467638,113.739338021699,113.18489835207,114.499563959185,113.647144290844,115.342608828743,113.37055785464,113.930274638468,112.905971436745,112.597825900631,112.981986450316,113.439376954043,113.41101381401,113.673698786302,113.241264613029,112.537935487264,113.222465736456
112.917784527519,113.898422678142,112.657904029959,112.478371073122,112.826410766392,114.122915952015,114.050493038141,112.946994700087,112.651773056637,113.524312430632,112.973433059139,114.326158982744,113.380574021428,115.063553220372,113.11849866703,113.624966946165,112.771012849407,112.517734939833,112.852810243798,113.219334819693,113.177981250817,113.393782849825,113.047117504491,112.446837103275,113.068666617577
113.252292422924,114.413908395484,112.806000934795,112.702108708069,113.047091746166,114.680222572645,114.599078162926,113.283948512967,112.88400830496,113.890653995978,113.326245193621,114.633206883866,113.815585335305,115.509337091291,113.537803651713,114.115457437804,113.019968516495,112.68827497417,113.095098294997,113.585679545796,113.558610694347,113.845081167775,113.380458194845,112.631018396568,113.342727523228
113.087763769324,114.150882380866,112.755954000646,112.601996484009,112.951225589861,114.400299295391,114.314071929565,113.123810017697,112.781712378786,113.714184580037,113.151809366356,114.486407778741,113.601547937369,115.275595439493,113.330246516894,113.869490142703,112.911898644083,112.623293688794,112.990589462626,113.403648669034,113.367470934122,113.616525698687,113.225244567257,112.555173054546,113.22180508247
113.219932896844,114.342443702777,112.82107683584,112.695922360617,113.042861486114,114.603430932919,114.518424263086,113.254317281865,112.877706502918,113.854983202351,113.289516494318,114.609155601943,113.764745145467,115.447962193214,113.489476674026,114.051721257949,113.011901367945,112.697320674501,113.088618349785,113.546323175169,113.514855683962,113.787186548982,113.353603592453,112.634939627188,113.329659190915
113.033102730651,114.036641336059,112.759389232663,112.582771775988,112.930871680943,114.27741069095,114.193437132069,113.068966421826,112.761185170315,113.653961870822,113.09034617751,114.445693767045,113.514171421166,115.185066282384,113.251001928292,113.764905008381,112.885225556724,112.621878997803,112.967411598491,113.338668546533,113.295465876375,113.523267896583,113.171213498439,112.548568025688,113.186495934569
113.047750755769,114.047090684613,112.778659843862,112.600069101444,112.948339684561,114.286999988041,114.203131363921,113.083618665477,112.778329877487,113.66806677768,113.104586993488,114.461373363894,113.52648230012,115.197435858243,113.263626806553,113.775909225549,112.902009152092,112.640534475615,112.984386207667,113.3526164293,113.30905100888,113.535153678302,113.185969037336,112.566850631345,113.202750603748
113.221129755896,114.312194440417,112.863627787226,112.719249743327,113.068605365628,114.569111972861,114.479057889487,113.259181280312,112.901017542326,113.85351432614,113.287970446113,114.616620789487,113.752226649778,115.423607071599,113.478117420808,114.028230741988,113.03475515765,112.734011604968,113.112282909137,113.541698375142,113.507504749943,113.768119488632,113.361007830973,112.666988931367,113.34849227665
113.566184964554,114.856702803558,113.02171457574,112.948395836207,113.302557021064,115.145016640014,115.041412465818,113.609794395221,113.135776885437,114.2190335888,113.657206091734,114.916518955064,114.21128556994,115.881332271839,113.909272762763,114.543496202282,113.292710503443,112.907230701399,113.357582841746,113.920398301246,113.910796670566,114.243517120167,113.710074629478,112.855400231638,113.634508927663
113.171227222052,114.235102328534,112.877801671827,112.697560867871,113.054203896169,114.502472538888,114.387002777602,113.222725408946,112.88484327241,113.814552114704,113.234081027018,114.580584167699,113.700174853609,115.335144119583,113.422194196195,113.963558889447,113.023904021119,112.737085649978,113.10326101921,113.486891792621,113.445247975327,113.698074513286,113.333900453977,112.658865581596,113.337410133867
113.216379579216,114.290960271226,112.908363952151,112.735033646474,113.09031620818,114.561016411271,114.446487271213,113.267280414042,112.922869089758,113.861635146724,113.279897054216,114.624555131588,113.750866297082,115.388003353317,113.473223819177,114.018108024334,113.062310407285,112.770428886074,113.141515151615,113.533881196192,113.492533930379,113.750360651165,113.377846807031,112.693351400249,113.376890956756
113.452480384245,114.636215249121,113.010623771484,112.897498689355,113.244442531434,114.930638019798,114.819809678931,113.498938734268,113.090289162611,114.114398731055,113.52350881664,114.842411961876,114.044879440135,115.695580984226,113.764330134814,114.349157532066,113.236075528691,112.894646450244,113.312609493871,113.788797013835,113.752452752741,114.058054935645,113.605985509983,112.828125295238,113.563933084734
113.567336871679,114.799165261868,113.067833979293,112.980319898286,113.32446122316,115.102546781325,114.993829245686,113.611109647846,113.174683369382,114.23506914052,113.641815744179,114.948260489349,114.184495065636,115.842948547642,113.901495997146,114.50487141546,113.32315643526,112.960413120555,113.39832233309,113.912044242912,113.878558700446,114.204152826777,113.71666955282,112.89892835027,113.657335800371
113.68642004312,114.972129277094,113.127924349957,113.065265765234,113.408272567916,115.284377531469,115.175953524987,113.728265489828,113.261170370943,114.359702594858,113.765365352725,115.055900496394,114.332068344528,115.996645095727,114.044113404961,114.669490048991,113.413748602783,113.027749041201,113.486774102652,114.040523752255,114.011237912969,114.358011022805,113.83291494906,112.971426387944,113.755561735344
113.561223945817,114.760398340136,113.090782044319,112.992718103303,113.335230792176,115.060158912317,114.953906669466,113.604398319539,113.186599435463,114.227357066703,113.631827599082,114.951907707825,114.159859575055,115.819306482588,113.882581791473,114.471297959561,113.330997518158,112.981829558264,113.408576126851,113.90041942047,113.862601982121,114.176905330514,113.709816210069,112.91772698968,113.660197193801
113.299511489691,114.328176400209,112.996749815433,112.832845524481,113.17338371907,114.601080891369,114.503892785422,113.341568040439,113.021595290119,113.949538048176,113.352922846928,114.731232106892,113.802217083635,115.460348010883,113.546660555637,114.063616558248,113.147821587404,112.871581081986,113.234967311678,113.609725449968,113.554838290988,113.804565342542,113.447449814857,112.79386761545,113.452479342079
113.359978047296,114.410157026915,113.034057827145,112.87981795408,113.219601949588,114.688158553787,114.58981947756,113.402237106453,113.069797081483,114.013560236888,113.415056874048,114.788042232283,113.87504320188,115.533206547886,113.618054708478,114.143230944856,113.198037460486,112.912226381258,113.284445447232,113.673836831766,113.620102991238,113.879056276869,113.508035507592,112.836005161609,113.505535735315
113.284427565494,114.275932806823,113.016572705016,112.839379188003,113.179383690277,114.541514455245,114.448306353919,113.325192999355,113.026510691985,113.92993426815,113.334102855902,114.725229560224,113.76512550067,115.426918493125,113.514337548726,114.015775225218,113.148235257345,112.887959802902,113.237401760824,113.588475686239,113.530150173051,113.765320487537,113.430643602883,112.807889623764,113.447449525335
113.018511762096,113.829791647774,112.918312533897,112.677832761082,113.014950889807,114.058739566718,113.986144766828,113.051580338162,112.856493326179,113.640414806441,113.04961857331,114.500185512983,113.391433369148,115.071450344723,113.163586362241,113.5902927974,112.955782876099,112.773124533842,113.054764382742,113.29269934725,113.217583138362,113.382010193645,113.154808586012,112.682321431048,113.228789068584
113.128429654759,113.990510338777,112.975498580234,112.756600464159,113.09191929308,114.234012657902,114.155716173752,113.163677719412,112.939017626473,113.760624789201,113.163578113727,114.601792796209,113.532241632107,115.206520623738,113.301343833426,113.746968362525,113.043848790703,112.838360586655,113.141266005237,113.410968907731,113.338236386523,113.525243983735,113.267370899214,112.750121778864,113.323566145507
113.233091418081,114.14560125901,113.031609444046,112.831578564544,113.16666191119,114.401970288998,114.317056002708,113.270764740926,113.017178131593,113.874083247689,113.272899811531,114.696810652116,113.667567221503,115.335283407337,113.431739843239,113.897368510516,113.128047212437,112.90052970102,113.223427459292,113.523919199364,113.454742717077,113.662792716905,113.375246352466,112.814854008804,113.414995235149
113.076703625237,113.875000952716,112.978447944936,112.740133110484,113.073109463798,114.105450475864,114.037453914272,113.107788497522,112.91971084759,113.701034227925,113.104261056747,114.566287416354,113.44124347457,115.127594379831,113.220044147517,113.638380883269,113.015574369198,112.837143868001,113.116932173503,113.348989590024,113.268926573676,113.431827193692,113.210154167623,112.745569598638,113.285533780905
113.510248470548,114.570523121561,113.173893127551,113.024594012111,113.360341347874,114.866270770612,114.756218130894,113.55899835636,113.219875120939,114.17767424322,113.565777544703,114.944408755528,114.037712682694,115.67434049858,113.786121516886,114.310348312601,113.350550747833,113.058681468797,113.439040025849,113.82450776992,113.768099977758,114.037168040534,113.666387227324,112.979155560369,113.658417315003
113.325108381353,114.278437823526,113.11705120039,112.910445841183,113.251916131315,114.557176800305,114.442727795096,113.378242080243,113.102982081099,113.982887052436,113.369779664138,114.785762999417,113.797130372796,115.427026250043,113.550299868449,114.034245087233,113.227082391255,112.982861049683,113.319535443285,113.621807365009,113.554433817477,113.780534139958,113.490693283196,112.891940567114,113.521966065813
113.312304204474,114.24736215118,113.126008699281,112.909716275467,113.252273615616,114.522645787373,114.407906428953,113.366010024593,113.101549631488,113.967962307991,113.355344861427,114.777310393681,113.774576516684,115.404255520682,113.528424468845,114.005602630133,113.22447809351,112.988436394655,113.317493508973,113.606020054007,113.537130909754,113.755577521164,113.479118199568,112.895758537258,113.517121522126
113.385029277487,114.348699388314,113.168426060034,112.964665751929,113.306879253612,114.628932832082,114.513291251384,113.438527816159,113.157591104939,114.043889951825,113.430878500015,114.84350332692,113.863048023773,115.492446592514,113.614402611165,114.102983440687,113.283045608475,113.034625279769,113.3749072994,113.683510714484,113.617371568698,113.84707334964,113.551193992289,112.944303098251,113.579642886439
113.264521130621,114.142134447574,113.131846433413,112.895258531087,113.236088588417,114.409111965384,114.299183775095,113.316755210096,113.085398469344,113.915541563107,113.300785693196,114.745717053149,113.69372507389,115.329278454811,113.455640910936,113.908382920404,113.20151329981,112.989815989915,113.298067826625,113.548849483315,113.47269758404,113.670099947219,113.429880707587,112.892931301642,113.485775637165
113.234833054926,114.080509198725,113.132460092559,112.884234653954,113.224456633296,114.342211546077,114.235172364362,113.285998532728,113.0732059117,113.882724862771,113.267406259572,114.724592383133,113.645368281016,115.284837218255,113.411327208035,113.850837548883,113.1855173978,112.987531977917,113.283953262155,113.513996562867,113.434056449368,113.619358580844,113.399139145964,112.888447508932,113.46528437006
113.372993368541,114.293778386577,113.204964220651,112.980310338438,113.323786960254,114.567065543951,114.451017009932,113.428316472552,113.171874485884,114.02770643593,113.415209976773,114.842549121518,113.828577480624,115.456502125058,113.582977339789,114.054534849612,113.294422089511,113.064619862074,113.387653937194,113.664223585001,113.594434132803,113.80705719104,113.541993139541,112.97014154397,113.585025781801
113.636166955086,114.716557610683,113.333567605394,113.15589963051,113.508071462041,115.011131819531,114.874887563419,113.701999908769,113.351681900233,114.301876523923,113.701097407305,115.059261097823,114.188371541898,115.788274830369,113.91561237048,114.456364738133,113.497425572261,113.200295944404,113.577789271672,113.952567164247,113.907692227569,114.176267198658,113.816478322265,113.115828702099,113.810646608424
113.697970315808,114.802851901081,113.372892775759,113.203682402895,113.556880390812,115.099674611651,114.961823847409,113.764767285734,113.399704611049,114.364464421137,113.766606202533,115.113532730734,114.264301429681,115.861889970034,113.987689262447,114.538927314892,113.548631186506,113.241061962077,113.62691120536,114.018226261087,113.9776441809,114.254543011944,113.878802235279,113.158629165172,113.865065190592
113.47162647934,114.414998873991,113.284985693787,113.066537631364,113.410122031662,114.698495327685,114.576226653979,113.528203777448,113.261274038322,114.134938713226,113.513971847135,114.941326167813,113.941462272903,115.565334795259,113.693942017491,114.174696513132,113.386266824025,113.147430549092,113.480313083412,113.767024647765,113.695560105284,113.918935193446,113.643930897167,113.05271117584,113.681595435035
113.700932532031,114.770208557604,113.39511551028,113.222866208563,113.568165640655,115.073027132083,114.938204075965,113.766607965884,113.421368436619,114.373530061062,113.761603413692,115.133520675236,114.248158339837,115.847570404602,113.984990827522,114.515981578441,113.564186233813,113.269275738238,113.647670479606,114.015330472578,113.963114223111,114.234401158651,113.880674009737,113.18300595124,113.873965940156
113.922003088204,115.109931783528,113.501144625884,113.374383137928,113.721389544795,115.426929849272,115.283862607349,113.99388764228,113.57483054308,114.599630300986,114.000557911082,115.317139837577,114.539822066661,116.121208666073,114.261319059183,114.840470076347,113.733347903593,113.386000026203,113.806513520276,114.254296634877,114.222034418445,114.536813702123,114.105269615462,113.309281620216,114.056775574199
114.125028697592,115.419706494139,113.599359650738,113.514465025585,113.863318152863,115.746309336302,115.598217490862,114.200988031393,113.715445773338,114.804273289512,114.220186589473,115.484489635953,114.804845623709,116.373457008305,114.511811425059,115.135009465549,113.887510685556,113.493277214259,113.950962767361,114.473411054529,114.460559043541,114.813132744799,114.309252204542,113.426250263855,114.223211322034
114.547454789011,116.079379662413,113.790169016804,113.797533854055,114.151979151977,116.421717848591,116.264927852358,114.631083477046,113.997670644187,115.225061873126,114.68070266782,115.823510895331,115.363515269985,116.906877991712,115.035797223758,115.758548380674,114.199773925022,113.70204383321,114.240402139005,114.931470299651,114.964693864034,115.398668428029,114.731767284359,113.65791889879,114.562711780208
114.741902813836,116.357511347648,113.878637046363,113.935128539174,114.286246586118,116.697724119344,116.55400742675,114.819231781676,114.131345635501,115.411371285816,114.888520552473,115.984121413427,115.597675502856,117.153756623221,115.263124045316,116.019051385222,114.338607888535,113.803043146677,114.371629537063,115.138650994775,115.189972898508,115.651886985036,114.911861458829,113.77245490709,114.709081808202
115.129864980852,116.931151551711,114.043695909719,114.200572966509,114.548484684534,117.265299620323,117.145896393474,115.194830068223,114.388280999226,115.780639773427,115.305474914858,116.296133517184,116.075607578463,117.656602077367,115.721014844506,116.553441608863,114.609158591153,113.99104999626,114.624593718758,115.555237379127,115.64648655493,116.168855702294,115.272513346073,113.989080479985,114.997914044147
115.124753665752,116.913904540878,114.055998608688,114.204338878057,114.553119989097,117.249382413935,117.126624695211,115.191647769065,114.393127953399,115.777872213581,115.298534547733,116.296926383823,116.06555760626,117.64257242474,115.711781273975,116.539322717138,114.613729496741,114.001197746059,114.63032301823,115.548261009725,115.636680401841,116.155205455103,115.270859677589,113.996642752206,115.001496522342
115.129801908556,116.910493822782,114.071768659775,114.215157958446,114.564136075123,117.246734541651,117.122386182887,115.197609353273,114.404540682154,115.784318891617,115.302323139998,116.306062115367,116.066766175013,117.642028371639,115.713950807341,116.537919418314,114.624634103256,114.015897487125,114.642096310586,115.551991730622,115.638508599223,116.154385219893,115.277579206501,114.009821837565,115.011598031295
115.224265871574,117.044099466721,114.123203347032,114.284836846961,114.634773049351,117.378036758276,117.257730230146,115.289937445611,114.472412963197,115.874313130827,115.402652172205,116.384252865837,116.180710423378,117.761572618197,115.821921666321,116.66300132203,114.696198014986,114.070417613933,114.709578462372,115.652728900377,115.747614445858,116.275571683677,115.367679663016,114.069954797641,115.087434875907
115.711006198478,117.800530013194,114.338923849534,114.608914152677,114.971772573517,118.12111745297,118.014906297505,115.77177803514,114.786363071246,116.333393709446,115.931749624833,116.758353861132,116.809995550019,118.40727105927,116.403589878974,117.364509472258,115.041857096657,114.299944141993,115.024907179827,116.182186734896,116.335971558605,116.946368038498,115.838328511373,114.333205512584,115.463103994596
115.719567392928,117.803152595052,114.356308649841,114.621961814802,114.985157441559,118.124950950486,118.016629582816,115.781451483889,114.80010595434,116.343615462834,115.939369971709,116.770371503122,116.8163151998,118.411000862772,116.410368108435,117.368862522026,115.055459079318,114.316320799292,115.039199081193,116.189808894072,116.342030076081,116.950694336006,115.848861692053,114.348185208709,115.476323883747
115.882144541689,118.034738341147,114.432659401532,114.737231310872,115.100845204446,118.346579683418,118.253919576977,115.936020460234,114.909968586466,116.492777914156,116.11237887634,116.899928601365,117.009219610933,118.626848063263,116.594345212395,117.582509982449,115.169990237401,114.400065656703,115.146024482441,116.363763662849,116.532227064532,117.161060970734,115.997037928733,114.444474058662,115.597053652472
115.922974340099,118.085278038843,114.462403520192,114.771723235185,115.135663988479,118.39596368409,118.304932674175,115.976057985433,114.94385171579,116.532062158785,116.15466896479,116.936560456326,117.054605946149,118.675033113411,116.638234313633,117.630667851974,115.204736261157,114.430564323079,115.179684299993,116.406215836024,116.576874154297,117.208536042357,116.03639455278,114.476511859295,115.632769282981
115.784826745457,117.856579180323,114.41883097148,114.689777230267,115.048703816309,118.176955751232,118.076311868261,115.841497615062,114.866771635403,116.407643459941,116.002201252994,116.840212706626,116.870473745425,118.476545247293,116.470371931158,117.422375846245,115.117200308405,114.382449406944,115.103260112904,116.253321970131,116.403020906303,117.008256760248,115.906574789984,114.415797838344,115.536076046866
115.759577666338,117.8039594014,114.421528083502,114.681277972353,115.038911198749,118.126122747397,118.023665050288,115.816493061212,114.859281994556,116.385623133047,115.972719262054,116.827164516768,116.830462137948,118.434480588047,116.43501880714,117.375147476447,115.10621315773,114.383553124983,115.095617674132,116.223713889511,116.367529072999,116.964135954587,115.882736981776,114.413553530815,115.522463239988
115.728220776392,117.739718277819,114.420898255638,114.669109762593,115.024546860059,118.063449792295,117.960542371382,115.784298099817,114.847997670136,116.357488225612,115.93601209884,116.810066136536,116.780408602851,118.384600216699,116.391223260019,117.316883525073,115.090087133237,114.381788039828,115.083656972156,116.187192214604,116.323815173994,116.910116951705,115.851474504392,114.408343496828,115.503027219503
115.920034876174,118.040854883358,114.518352408056,114.79974090367,115.164078312356,118.361379113936,118.255160098783,115.982206627015,114.976715893505,116.54095422907,116.146507739401,116.956978255793,117.037084572645,118.634020503149,116.625537312295,117.599642540291,115.236605761311,114.4810473191,115.216019846028,116.395943925144,116.556873514885,117.177322726822,116.047441167867,114.517385890378,115.660897046853
116.127838084647,118.367213039276,114.622873161156,114.941111043769,115.314781025136,118.683054551608,118.573977039466,116.196886554293,115.115370692858,116.738273177704,116.375760001506,117.114807749587,117.315191917751,118.903914545216,116.879505197884,117.905895960821,115.394587842844,114.587611308613,115.358092037204,116.621762708307,116.810734701228,117.467654531094,116.259146136792,114.635029287833,115.830577882421
116.080131543266,118.275627361479,114.614470480314,114.918256107218,115.288747172412,118.593879452898,118.485233002045,116.146754351274,115.093880927712,116.695328248807,116.319696633979,117.086687442548,117.241617806249,118.833432776263,116.814708685942,117.821885287849,115.366025410536,114.578248694872,115.335669825758,116.56753898821,116.745445455052,117.389051539413,116.210540782778,114.621231114276,115.797990772408
116.21402033726,118.482420966629,114.687216209962,115.012214178346,115.388752092801,118.79825327118,118.686043614817,116.286530233391,115.186346667434,116.823066937544,116.467710869971,117.189850505689,117.420136302614,119.002766708049,116.977956780328,118.017146281112,115.471174262726,114.65169613976,115.430578260303,116.712142418449,116.908280312273,117.574255948793,116.348586161816,114.700999004134,115.910038302086
116.512467267274,118.965184192995,114.835923838639,115.211577512533,115.604252968086,119.275084707056,119.150853291318,116.602307060989,115.382013475125,117.105926613447,116.803362066539,117.409873017305,117.833442188039,119.385682347212,117.351376528753,118.471750918384,115.70015415582,114.800739590455,115.632894598074,117.037093825625,117.281119260385,118.003158596669,116.660281323364,114.865313881753,116.156210558883
116.513770040093,118.953902849605,114.849242723832,115.220187214397,115.61216262899,119.264879491883,119.140372023047,116.602931152073,115.391212247222,117.109095445307,116.801957490017,117.417439509619,117.827380956009,119.380765887589,117.347650783309,118.462672305047,115.707371878131,114.813583763906,115.642027091743,117.036647388275,117.277021631402,117.995317660975,116.661645758883,114.876698980586,116.162518195811
116.843973094195,119.480278659768,115.009419131019,115.441708220542,115.84892064164,119.779579718552,119.649698775966,116.948595491184,115.6065002274,117.417276527785,117.173705732833,117.659492406867,118.276777299717,119.804337832488,117.756817843814,118.957074567473,115.95633364133,114.976620989327,115.861872772087,117.394528109375,117.689700173911,118.466442981736,116.999700983839,115.058641174001,116.427863691316
116.826090372084,119.439878376905,115.014974389913,115.437507685429,115.843821526142,119.741868968791,119.61017422494,116.9301878625,115.603709986772,117.403483955421,117.150832506854,117.653226271764,118.246371603295,119.774147925997,117.730182135773,118.921018449657,115.950391881354,114.980857357764,115.859372744867,117.373537539967,117.661776099283,118.431990432785,116.98310224824,115.05980416469,116.420512961275
116.623672551955,119.102645729852,114.93980155022,115.313107767688,115.710787154294,119.416810415388,119.282120034849,116.720756388123,115.485481038976,117.22064268353,116.919367337096,117.515488790407,117.965202948284,119.502989566161,117.47465510533,118.607674646776,115.810895465279,114.901252340748,115.740131696237,117.152238586015,117.400932474312,118.131631064585,116.781198740708,114.964767088285,116.270926359967
116.600031799206,119.052362578876,114.942851456121,115.305331345439,115.702307475772,119.367253267822,119.232401696652,116.695375514381,115.478376336618,117.199706484437,116.890465072082,117.504057894761,117.925405319205,119.466759362195,117.438805778905,118.561170968068,115.799633034031,114.902245082277,115.732615915004,117.124966185934,117.366853517028,118.088505988476,116.757210382531,114.963006393705,116.257976035504
116.377170965844,118.678361327655,114.858515357074,115.168557707195,115.55779066054,118.99530348886,118.866225917457,116.460074944718,115.344075544111,116.989003375205,116.638018202469,117.346870973144,117.608563647251,119.176373584444,117.148269458479,118.207844391521,115.639925899853,114.810482328191,115.593827874677,116.881169849558,117.085169881392,117.756529749453,116.526992859898,114.857758603695,116.086481096367
116.13239501254,118.277238497805,114.76895351838,115.016438838795,115.404184932187,118.58567009485,118.463890767897,116.201466071776,115.191111493774,116.748923784632,116.365782345152,117.164685895868,117.264179694642,118.864986677713,116.823218373466,117.822914227875,115.461819840586,114.705153423281,115.435057770828,116.615123256555,116.786320964095,117.398314354388,116.273470386126,114.739971027768,115.897830253771
115.949452898568,117.980156670895,114.708667489753,114.903981767367,115.295520661685,118.274369957465,118.158573828945,116.008613889523,115.075346928074,116.563073661379,116.165655910585,117.022805275484,117.007474635987,118.635254350217,116.574456709589,117.53418255307,115.329203738297,114.627137058077,115.314210564494,116.416821142266,116.569226449359,117.13256501308,116.084054799055,114.653913861088,115.758348548732
116.201227062747,118.360472918256,114.822980677697,115.076582276493,115.46325454039,118.675031597751,118.550088797298,116.271154940914,115.253382985385,116.82250262152,116.434849775192,117.232601772009,117.342538269407,118.938501707938,116.901867657091,117.906229380184,115.525396277541,114.762472089801,115.499082525018,116.68613552371,116.856737168227,117.476422477224,116.34407781502,114.797209034512,115.963430055945
116.451353016546,118.737143971642,114.936065041633,115.248268301368,115.630857780268,119.067248887667,118.937152160303,116.527806433713,115.428519671406,117.076318151646,116.702154737576,117.439338855039,117.670737847279,119.243110284009,117.220966457992,118.271421441739,115.716383058274,114.8949652936,115.679298709522,116.953833877145,117.143773238362,117.816382226037,116.597393228458,114.939545503669,116.164539027455
116.550448051038,118.878563086461,114.988969821294,115.321005523837,115.702514941266,119.212508324146,119.081821673906,116.627964848669,115.501850882957,117.175539062737,116.807023159937,117.523501716127,117.794829483846,119.361863934982,117.341484579057,118.407998290438,115.794498111665,114.953900624269,115.753868647999,117.058921496389,117.255757448885,117.945273128129,116.696191796233,115.002343154611,116.246417223029
116.825942412446,119.303280603029,115.11504665583,115.507723828063,115.890039672071,119.649310611196,119.511475529479,116.9091896604,115.690436833811,117.450841481628,117.103701551946,117.745124057305,118.159751522015,119.702716152971,117.68838925776,118.81488844471,116.002007319243,115.095581991052,115.948097524154,117.355810191619,117.578358471793,118.3246799932,116.974633726038,115.15651769838,116.469161223424
116.59408508582,118.927967731246,115.035241452807,115.363833871364,115.746662081328,119.267729310568,119.129798909147,116.676135344754,115.547165463607,117.224422226259,116.850946068296,117.568887652967,117.846150106246,119.402794681021,117.391484891333,118.459911271766,115.842845617558,114.99976614932,115.801981700547,117.103348772434,117.299104774743,117.992586036602,116.746673078161,115.045822828177,116.295719784846
116.664104626613,119.024075607607,115.076454548075,115.417474479736,115.79945207879,119.366630710037,119.228386310588,116.746554976646,115.601304066619,117.29493972133,116.924216711766,117.630263361511,117.931381511941,119.485146193075,117.474697144105,118.553021643056,115.899709467278,115.044863308133,115.856902203939,117.177127964926,117.376691154125,118.080778210841,116.816302859762,115.093298974295,116.355047892912
116.562599787912,118.849787259055,115.048556411168,115.359551536958,115.741588879677,119.185342957121,119.050776613841,116.642722534096,115.542152397732,117.192643702457,116.813097393293,117.554484069925,117.786534953802,119.352272518053,117.338262734686,118.38731820047,115.831742848888,115.008965928452,115.794909585637,117.065077251031,117.253136497725,117.929009842106,116.713640124885,115.051341051256,116.279302216921
116.883462455274,119.353177800761,115.194916110904,115.574276955353,115.958848782447,119.708160377972,119.559088710067,116.972414558515,115.760943735074,117.518014347655,117.158518927044,117.813511571324,118.218361066568,119.748654236399,117.746371688954,118.870038492043,116.074513974624,115.172255956492,116.022511786463,117.412521615481,117.629401722153,118.375226171302,117.042076761173,115.228041948542,116.542590513841
117.006509898099,119.53273937724,115.257622960237,115.66245790789,116.046601057961,119.890876360511,119.742109634066,117.095473793993,115.849136500862,117.639793193338,117.289349092062,117.915967319073,118.373090822524,119.899038260279,117.89488176595,119.04140515815,116.168518051581,115.241498437797,116.111850855256,117.543847857112,117.770570025005,118.53738988985,117.163091403414,115.303123360751,116.642486955698
116.990354701905,119.493731485246,115.264301273718,115.659896821822,116.043710889673,119.850816344394,119.702607468052,117.078927185545,115.846624934186,117.624380382478,117.269874815744,117.908720024484,118.343816480897,119.872756872822,117.868760459053,119.005707013593,116.163311353996,115.246179707107,116.108736394895,117.524364589811,117.746841467534,118.505460255079,117.147150118808,115.305583422077,116.634772943317
117.234725909996,119.878251542089,115.381352831759,115.824810990012,116.214548041165,120.242212512904,120.085051091526,117.329390454568,116.011905517977,117.865857628685,117.53569211879,118.101205639092,118.671280906453,120.177320436888,118.17296830783,119.370402395062,116.347753587251,115.371045565027,116.279489079301,117.789349795819,118.03875543555,118.84598150625,117.395709894791,115.442161446818,116.83556949731
117.061690290219,119.586168219045,115.321624246735,115.720824598658,116.10638017415,119.947791009247,119.794054889726,117.152979217378,115.909197111759,117.698877544958,117.343466306329,117.975298417978,118.42963655616,119.950752081131,117.950565070662,119.09678885564,116.229675405634,115.303984903605,116.173721310527,117.598961464713,117.823494229151,118.590533651743,117.222686240716,115.363462235147,116.7044197821
116.723662133509,119.031100069121,115.193669543655,115.509766874461,115.89129369525,119.379132000382,119.235921184883,116.80525636772,115.697112278415,117.364235074679,116.972281537028,117.717695495933,117.962340117581,119.520108906011,117.51367381988,118.57029469135,115.98877666682,115.158146805278,115.954115315021,117.229648214633,117.413479473661,118.10170275709,116.880124906332,115.198780051163,116.441032105602
116.583243259345,118.804268250454,115.153745835805,115.425139188419,115.812884238972,119.136449324534,118.996078588421,116.661578455669,115.608892152658,117.217491855742,116.822234125379,117.603871773237,117.769376479875,119.343639894671,117.323402833474,118.350116485692,115.891347342845,115.101407740532,115.862403043663,117.077065190087,117.251428050373,117.900530624424,116.739166113326,115.135267466215,116.336728625485
116.638051402794,118.877037549819,115.188909346174,115.468711400353,115.85560763326,119.212659731398,119.071187601822,116.717098824339,115.653336809191,117.273990698333,116.878930551531,117.653791532487,117.835119632426,119.40613475811,117.388199015277,118.421418753439,115.937769929717,115.139627174027,115.907780235827,117.134496474391,117.310684193796,117.967714470195,116.794417265809,115.17471403048,116.384902466586
116.640033533988,118.86686249406,115.203232469805,115.477975770004,115.865120836596,119.200371771522,119.060071230941,116.718479808254,115.662103315624,117.275116439389,116.8795331894,117.659767542214,117.829595119614,119.403733423237,117.383774583137,118.412292985008,115.945036431805,115.152320461179,115.915861444229,117.134723488326,117.309467784224,117.961371344944,116.795833262959,115.18660803571,116.390833034914
116.805247839129,119.1227664405,115.285469900185,115.591624501081,115.980385247095,119.47050027814,119.318896036631,116.889358964434,115.779185807126,117.446559927923,117.056003197322,117.797153896812,118.051153316344,119.60310799697,117.5934692377,118.659268518504,116.074579825796,115.242738173139,116.038821426784,117.313397072301,117.500269972855,118.187899257024,116.967463516609,115.282334678181,116.531681503875
116.469705429338,118.5559466532,115.155876659685,115.385609994247,115.767434848426,118.872797821484,118.749972569449,116.539133730873,115.566554669113,117.100009220494,116.689220337086,117.537192520754,117.572731591814,119.181898704308,117.149311350901,118.117612731681,115.829284212922,115.09631184436,115.812062984819,116.943702439295,117.095387083488,117.695778372271,116.615953017174,115.1213636818,116.256966573186
116.804419808148,119.0681038843,115.299841974671,115.610659140305,115.982758123637,119.43040113627,119.287780469283,116.884127040587,115.803226298809,117.459711556246,117.04116624571,117.825989683056,118.019093638356,119.581329251372,117.588400097748,118.619882749144,116.086583435759,115.272291113644,116.061058103329,117.304168988756,117.469832605174,118.152075205492,116.960538551093,115.306810238327,116.532780970243
116.400317656511,118.436939477839,115.161353565681,115.353665150585,115.741758136667,118.753177534829,118.617996442858,116.47992808256,115.536258601355,117.034229649642,116.615879488554,117.486515900361,117.484311164905,119.08057203343,117.060599817676,118.009932976825,115.800848871374,115.089457590028,115.784629357011,116.866535629682,117.012037984257,117.593077565427,116.561998823222,115.105060254802,116.222676484157
116.55735162581,118.65700805638,115.230619867502,115.46544048195,115.842630335469,118.995102436096,118.859330826651,116.635442161712,115.653916479602,117.205015448275,116.775030425604,117.632576736257,117.677627128609,119.265057257871,117.260240294505,118.227518443538,115.920854102653,115.179169891123,115.905380815457,117.03282957706,117.177634126206,117.793015419403,116.715638363915,115.199323194299,116.348261262966
116.675405612779,118.823371281254,115.28732761515,115.550578476579,115.921990790108,119.176248081254,119.038756560965,116.752035321684,115.742955556346,117.332278219886,116.894938694538,117.741279880551,117.822969761624,119.404491673167,117.407386510675,118.390636250545,116.012201425043,115.248508501454,115.997044718395,117.158312844481,117.303406566125,117.943071647017,116.831677309782,115.272120876958,116.445270206454
116.416257838863,118.411226460722,115.205874064055,115.390591981998,115.77351544343,118.722345147669,118.594875067764,116.496615831344,115.572218872412,117.047828010361,116.628445275268,117.516083414638,117.477438815695,119.079847489198,117.064344864367,117.991568340352,115.831853066976,115.135254777034,115.817146415008,116.87507318816,117.016221331994,117.584253916006,116.5758646813,115.148279959577,116.243978938533
116.671379840662,118.789744513928,115.312674079561,115.564067823658,115.934756942561,119.141242599804,119.004751156942,116.748399963219,115.756907155523,117.330015875742,116.886991961366,117.750210149412,117.80264745102,119.387621629254,117.391945020464,118.361730627481,116.022744955949,115.271553365732,116.010230489536,117.149767297646,117.289922825774,117.919120995281,116.828491010344,115.291983920384,116.451670309213
116.754657481696,118.905656456934,115.357475131681,115.625963360543,115.994047030859,119.26633586893,119.128205302704,116.83011164444,115.821216325264,117.419282913096,116.971369164426,117.827454648207,117.903645103128,119.486071198729,117.492668005336,118.47446867201,116.088505775295,115.323277706534,116.076411389438,117.238346828282,117.378815311014,118.023246837731,116.910285045255,115.346082706695,116.522229666481
116.882584876581,119.094552247053,115.420142670922,115.716019955717,116.0817424673,119.470590474087,119.327401220076,116.956270865129,115.915205104672,117.556958546302,117.102337013804,117.942496893312,118.06524599672,119.641151558518,117.650766218865,118.656728169273,116.186508002154,115.395800033504,116.174279899415,117.376269291301,117.518821546263,118.189835216925,117.037230905566,115.422733593926,116.629881617607
117.103596053197,119.436713452181,115.52073796641,115.864775590202,116.229310411568,119.839860225286,119.684295825748,117.175696788306,116.070577029369,117.794426004641,117.331402125873,118.135095579196,118.353975524791,119.914570682693,117.928176859704,118.984476009036,116.351848852109,115.511452292764,116.337574377033,117.617133368078,117.766787933099,118.487592945137,117.258641705248,115.546385333513,116.814958411943
117.163054222443,119.518746065976,115.558019311666,115.910847598605,116.275415514233,119.926145448773,119.768704024151,117.234785433977,116.117596452632,117.856323825945,117.392647985236,118.189043517739,118.425819221697,119.984440542099,117.997562762808,119.06343913328,116.400767949598,115.55117791181,116.385883608821,117.680307527681,117.831759592679,118.561398883353,117.317904586486,115.587784353306,116.867516435204
117.200579414791,119.565986814132,115.586839908764,115.942875179199,116.307753539372,119.975039461788,119.816520998059,117.272421135867,116.149996539947,117.89480988038,117.431117220193,118.22422737504,118.468838307629,120.026425346064,118.039205238087,119.109332455703,116.434199757799,115.580702967127,116.418907097996,117.719432409585,117.871871682517,118.605114234475,117.355672099436,115.617949084722,116.902528711713
116.853990945077,118.968314062332,115.451041666477,115.733191672346,116.086123681085,119.338722915045,119.215273037305,116.916212330142,115.932488071816,117.529431728855,117.055377743334,117.951062377195,117.975101785579,119.580758065914,117.587143653382,118.545430544305,116.18498296268,115.432769837879,116.184775823944,117.332872271424,117.453356450896,118.096618175507,116.995566177237,115.454354354128,116.613454310567
116.695134117827,118.703120640026,115.403114071751,115.639240440579,115.996837555332,119.042966744957,118.93277730637,116.753734225576,115.831164938301,117.351962578531,116.888224580734,117.816065888208,117.752420777158,119.380892806138,117.370129198544,118.288353209086,116.07286211387,115.367466693657,116.07544636993,117.157335240868,117.272434404627,117.867987969936,116.832509149377,115.383318561226,116.487125390311
116.669529762544,118.64876992475,115.40691054569,115.630974087453,115.989704068916,118.980046180897,118.873949654625,116.727058252471,115.820783404815,117.321018742314,116.860455920229,117.796840197404,117.709439395294,119.344787253602,117.328769441475,118.236104276514,116.059527310701,115.366682975301,116.062752909146,117.127224854755,117.240961147131,117.823628510892,116.805480442626,115.381124218865,116.469797430334
116.303666646216,118.036778986668,115.271813973221,115.406987472699,115.766850882599,118.301742336982,118.236269594567,116.349511088067,115.580693117312,116.914183350885,116.472856285467,117.487950013891,117.193913843694,118.889254412628,116.837070871604,117.645269817272,115.790686593242,115.202449041711,115.801877478232,116.722377387155,116.819099081698,117.298330417924,116.422746158786,115.205492624254,116.163850532184
116.466848227201,118.278129967261,115.34671606718,115.520304578965,115.873071843369,118.574712855051,118.497393859716,116.515418883278,115.7024739023,117.099345939067,116.639499119746,117.640273243755,117.405090598596,119.081049461431,117.049646765357,117.883958816627,115.919042321297,115.295367690079,115.931151239323,116.89789361548,116.993773774791,117.512451267006,116.589821362735,115.301160288443,116.302511411247
116.37696114414,118.122679782912,115.326597845629,115.470851349529,115.827526586024,118.395468057387,118.328504369829,116.423875190879,115.646926854014,116.993405294322,116.546164500435,117.561708190822,117.275784485515,118.967311354922,116.921896468554,117.732289279829,115.857742739483,115.262740946971,115.869561000179,116.797514238005,116.892704147484,117.380402235617,116.496915118238,115.265819311932,116.231480769592
116.749923789306,118.711001049639,115.486178832223,115.716047735773,116.066072101628,119.05728014122,118.952124712767,116.803632169423,115.910723535189,117.415966152999,116.932372490145,117.896056937249,117.778378480716,119.418370513549,117.412269409038,118.3056677941,116.142532553221,115.455965314787,116.153879965937,117.205274177503,117.306196085952,117.890604130106,116.882801612887,115.467454065134,116.550562200145
117.085161897245,119.219700684912,115.625424633889,115.940557298617,116.28034606626,119.614337076016,119.498005658294,117.132700008072,116.146168055661,117.782359693776,117.277607465891,118.196548556621,118.206729377191,119.830869229139,117.835401237112,118.794870735357,116.387510890003,115.627418405889,116.399596385301,117.56906870438,117.676240790962,118.336578162572,117.210741211509,115.651945246644,116.82206887654
117.536070825424,119.895997616152,115.804160593142,116.241968608157,116.565683681202,120.341543132014,120.227566342317,117.564736704632,116.457034621179,118.263363077231,117.740886587271,118.597566957486,118.768279973402,120.397025004107,118.391372432938,119.438007421253,116.704782896269,115.849972554171,116.717951953872,118.057712205428,118.175200584707,118.930808605816,117.636714490165,115.897521559261,117.173573526545
117.809093598155,120.282962769949,115.912583862149,116.430702733879,116.740024626496,120.745564234537,120.652009816691,117.815981969971,116.64666316555,118.543714192202,118.018158151249,118.842887104007,119.08637014014,120.745186026357,118.712011887043,119.801641188238,116.890149062882,115.986861342981,116.905279654614,118.350425536766,118.473046345149,119.276120778987,117.879536714009,116.052516344551,117.375124503426
117.460475934081,119.762626822569,115.806812935582,116.207699111738,116.535608107091,120.205427851588,120.079930131253,117.501702483509,116.424298384966,118.189169892894,117.663251272039,118.539698707247,118.671202806541,120.278881733297,118.297792500985,119.31933635544,116.673519453167,115.842404925614,116.687154684971,117.971567421783,118.085133355783,118.819736641212,117.577095548385,115.879687758472,117.132978968865
117.437325629907,119.719843700732,115.814385960655,116.199854604943,116.53137681661,120.158358164002,120.028923579236,117.482805190811,116.415812341166,118.16358555484,117.64036322084,118.52018816522,118.640345275759,120.242397151321,118.265391518808,119.280112328871,116.66633118104,115.843868457042,116.679096647135,117.944964107348,118.059083375557,118.784352492668,117.559536737877,115.878053363864,117.12310413194
116.672422495359,118.578702697807,115.563340925918,115.706008865186,116.079254873685,118.943784834776,118.768567885903,116.781139179159,115.909179421315,117.354502980942,116.873497161867,117.828517478703,117.714328409455,119.232296775377,117.337888055791,118.207648615672,116.167706409465,115.505025716154,116.171156302646,117.112235960473,117.228163275911,117.788100561633,116.872114802983,115.48898681348,116.566041472648
116.290200184782,118.063038709549,115.470983647853,115.454387427741,115.888102236463,118.350028907801,118.135867019699,116.440277854468,115.636928547575,116.912801208585,116.516128541305,117.428979835478,117.281957052704,118.748287510406,116.853470562218,117.699315492452,115.921605138529,115.32775243141,115.900463978335,116.705350146805,116.862958931886,117.324723749682,116.541644374566,115.292358749455,116.305967295719
116.540657593317,118.38940405404,115.557251766214,115.63056768833,116.029603176893,118.725252164488,118.53159280294,116.665135778673,115.827338389813,117.203427884456,116.748878962731,117.696766332413,117.559851210519,119.057956877945,117.162672342373,118.02174918256,116.094971787732,115.463452601914,116.091186678512,116.97053187586,117.09992491574,117.618939234928,116.762580020746,115.437756388789,116.489250443287
116.91459357958,118.891717137961,115.680026985938,115.886855095557,116.238836306328,119.300588496605,119.135997464605,116.995725177615,116.104502342807,117.637456233314,117.094846799461,118.092209394419,117.978682603782,119.533164947283,117.621184009153,118.511892734004,116.346761579819,115.656348238271,116.370026005021,117.370621855795,117.45688432917,118.063746747416,117.090006908586,115.64681336203,116.763003699091
117.222929068655,119.306431560107,115.784279096415,116.098738716882,116.414853537865,119.768930702772,119.632021326585,117.263440717107,116.331082187556,117.989910867582,117.379402123734,118.415757146727,118.319499102305,119.932942994688,117.990085955146,118.911472940248,116.550882864975,115.814116652153,116.596347991003,117.701590642771,117.753137262214,118.428523225031,117.355284653935,115.820059413485,116.987972518556
117.11424774564,119.146775474857,115.768933956215,116.034967618598,116.3660778207,119.586560215913,119.436432164706,117.174831994585,116.261336314064,117.862663586914,117.281742629289,118.301994424865,118.196185059315,119.779022623065,117.85622152662,118.76080702771,116.49148203473,115.775986188817,116.52696111821,117.581740638551,117.648830389235,118.293532149926,117.267475207181,115.774089377549,116.917572565084
116.945556500117,118.896019536423,115.733718581902,115.933414655967,116.282473095453,119.302309611937,119.137079083944,117.033944011425,116.150754653919,117.666167242721,117.128062283771,118.128391228508,118.001129875728,119.541074033135,117.650569670399,118.525039096615,116.39351824733,115.710967561609,116.415218336197,117.394931186299,117.483526771927,118.082672674732,117.126164108876,115.698123486843,116.800842280824
117.237061141263,119.311181727575,115.840617476778,116.128861010817,116.456419118152,119.766443844203,119.617398178923,117.288952165506,116.359843724157,117.999284297813,117.399753677873,118.426434412926,118.335862282911,119.933272330743,117.995873227712,118.917860636247,116.58764673277,115.856505700024,116.628019753779,117.713759827931,117.773153004726,118.437754838144,117.383355205107,115.858048521335,117.023795657475
117.51133782431,119.703500183946,115.943502959,116.312877833523,116.622622731874,120.199496342918,120.067811169456,117.52813182984,116.55463013055,118.307952300145,117.656957655095,118.703375431029,118.650039368003,120.307695456109,118.316245372725,119.285986042344,116.769047371676,115.992293391793,116.825244218192,118.014379838881,118.049067573009,118.772567773815,117.623859983713,116.008714482075,117.232924150123
117.523432980804,119.710650455562,115.962859381368,116.32877561121,116.6392716648,120.20513977723,120.072591634873,117.541796495841,116.570177618831,118.318866862498,117.66976208826,118.71576657328,118.660561248832,120.315661085707,118.326590136492,119.294255813535,116.785180891006,116.010333282529,116.840771131558,118.025369065746,118.061036324888,118.782144297696,117.637513094173,116.026042751759,117.247892577262
117.172564214286,119.163581742615,115.857162780895,116.115191134673,116.440153563282,119.605870251037,119.455514150728,117.235628041241,116.343677522406,117.9249747324,117.335652502326,118.376654063964,118.235691404437,119.805620587554,117.908926512916,118.790076102258,116.568786217648,115.868337005065,116.608512563555,117.631363058864,117.692789575281,118.328102063563,117.328306267117,115.861377191244,116.986235084321
116.890590986303,118.734441278003,115.779551233689,115.943170896419,116.288814535375,119.121941704249,118.956197180447,116.988461811491,116.15649953119,117.595625038269,117.071807264081,118.088006490795,117.89712163179,119.402332423869,117.564056653376,118.387320276264,116.393408392919,115.752075059318,116.416007372351,117.316770369138,117.407440897376,117.968756920596,117.07935629912,115.729341247249,116.778684037024
117.045539995902,118.952574488714,115.845549781278,116.050457081821,116.386156177626,119.36685340095,119.206809385013,117.129104614365,116.271637819529,117.77459076235,117.218259851599,118.249859588354,118.07720178565,119.609108081971,117.748555750496,118.595422632972,116.503134091058,115.836080698728,116.534074321166,117.485752843112,117.562363051305,118.156880711757,117.221029309803,115.819358585594,116.902008247442
117.542703798576,119.694069394623,116.029509741277,116.37357324178,116.682665317879,120.200545972215,120.053616496407,117.578632255394,116.620878540494,118.353260082929,117.690549463701,118.759673515051,118.675579432787,120.299114970517,118.350351926311,119.295353390948,116.839331568364,116.075596556343,116.89587548461,118.03663297739,118.070143555153,118.783383430668,117.676038605733,116.080970665914,117.291898435416
117.595700128402,119.760393349616,116.061984750388,116.415885657754,116.72274743907,120.270841831304,120.12729454751,117.627431354184,116.664240553681,118.409987845201,117.741801707492,118.813858327813,118.732663007262,120.365723999363,118.408307947951,119.35853156616,116.880962480132,116.111878059041,116.939150997963,118.092734787537,118.123644716576,118.843328908233,117.724459993413,116.119236037038,117.336342306926
117.896062132125,120.195249154918,116.177859217748,116.615896545359,116.907973186758,120.741450202431,120.622407628437,117.892951818755,116.873546185103,118.743114129895,118.029124073682,119.116144724572,119.079689729328,120.792495723501,118.755688473492,119.762173810463,117.079319936996,116.257444928675,117.149829110367,118.423859073671,118.434437127529,119.214668032334,117.9884790177,116.282488979619,117.563472998165
117.642380166436,119.808696391591,116.107228501934,116.461611017515,116.767351721211,120.325696243468,120.17854231192,117.6749244312,116.712513579026,118.46299507473,117.786837011145,118.864725684326,118.781565900219,120.408368023046,118.459456870038,119.408995761588,116.92889673734,116.159301250123,116.989178494965,118.139675386028,118.16747343905,118.890450545106,117.773240743593,116.165065092047,117.385163732858
117.959055123702,120.266601068628,116.229133992984,116.672552533621,116.96178592644,120.821577498005,120.700739482665,117.957203797672,116.933471901131,118.814828175129,118.090557995716,119.186008874228,119.149229099103,120.860583086154,118.828041369369,119.835334534617,117.139379419737,116.312975508425,117.211404983824,118.488498098083,118.495225910762,119.282697168215,118.053414326186,116.337053986611,117.624103117395
118.054040178226,120.395915565017,116.276366800763,116.741698416713,117.02714481503,120.958467023135,120.845284101319,118.043305733317,117.004406164309,118.916842173239,118.182739361768,119.281421763839,119.255994915845,120.990560263934,118.934519707205,119.956216962377,117.207689017189,116.367515054871,117.282151970519,118.591350247757,118.593677646681,119.396128760937,118.138631654328,116.396562095676,117.699230622306
118.430861703162,120.956518887138,116.424575660124,116.989288573173,117.263339336082,121.55503197815,121.470663696972,118.382859537233,117.260385040066,119.326159634452,118.550801067995,119.650085252858,119.703433441575,121.540979306597,119.371150730377,120.47323458351,117.457807486013,116.545053903382,117.540030751276,119.009216242989,118.995808050871,119.873520902254,118.475944029749,116.59746072623,117.985583361142
118.752376853089,121.421176696476,116.55034479631,117.204233145841,117.465806951807,122.03931493848,121.992057507323,118.667677553448,117.478252506955,119.665168066888,118.865096170634,119.963236122457,120.072881954721,122.015891612794,119.734492354112,120.898915043474,117.667010170616,116.696739232316,117.754704046863,119.36332912574,119.338887540529,120.273748430927,118.754839684513,116.772201660564,118.22142366804
118.401443290861,120.896120843735,116.444614059294,116.985232860999,117.26259383801,121.497997717533,121.398073474213,118.364729363629,117.258982136561,119.300770991037,118.521928485965,119.627227200492,119.66675486428,121.467123460254,119.336806997429,120.424511336132,117.459140334768,116.559677171121,117.542171445412,118.972545058026,118.958742056922,119.826382116334,118.461279655839,116.603981552501,117.982308129932
118.196992344823,120.59352945166,116.392532309067,116.859825875518,117.153245079301,121.175824455076,121.044738769862,118.188050905242,117.129726416495,119.07906982683,118.326147500621,119.420234718245,119.429959468601,121.149441566025,119.096930600614,120.146127566919,117.338972649965,116.481834190824,117.416296617351,118.745533223254,118.745302629663,119.567600122308,118.289932589246,116.509451031583,117.845950557463
117.980635775232,120.269591331785,116.335272294547,116.727531189841,117.036706008946,120.827809681268,120.668394970367,117.998450979726,116.991702159646,118.840873421337,118.118833077869,119.199712546385,119.174686839775,120.814905399134,118.839518240547,119.846528741747,117.208821796549,116.397844711901,117.280053388675,118.504703567974,118.519412817469,119.291542216956,118.104374354547,116.40933535501,117.697768272225
117.702349543895,119.85209757057,116.256152268142,116.555811669115,116.884234260205,120.375161665959,120.185174244438,117.750916599718,116.810567843172,118.530005595559,117.851994351835,118.913165862966,118.842278099025,120.390020446707,118.50466171034,119.457723766086,117.036019376421,116.284796092998,117.099126699864,118.195061400892,118.229687202256,118.935752768334,117.860296175001,116.277782643816,117.501490532623
117.919208664433,120.157843038335,116.343963232855,116.704008395635,117.018352146635,120.708529972172,120.536283031389,117.949120594591,116.966905002122,118.773123012385,118.060228186779,119.14114981863,119.095200197456,120.699040240769,118.761861190616,119.747473634169,117.186562947478,116.396692921377,117.256357173018,118.431880239463,118.451181121791,119.202054964313,118.056950610539,116.400223520334,117.666761302674
117.524996596235,119.563253680608,116.22327567049,116.458762444381,116.797401459457,120.060062328677,119.852825993827,117.594108182967,116.706430006211,118.328245553781,117.680918160567,118.732842594998,118.618407551494,120.101726602239,118.284319800571,119.191422372045,116.935161674262,116.230388088163,116.993414925971,117.992987594808,118.039638640125,118.69599366194,117.704320851652,116.210141584899,117.380484345927
117.564149998819,119.609682255609,116.251470638364,116.492156454686,116.829414884515,120.109349516067,119.903471012664,117.631762774307,116.74073012162,118.370218174405,117.719203638857,118.773814752538,118.660608316124,120.148611284935,118.327223923182,119.236772118282,116.968880235411,116.26088242871,117.027892772239,118.033787733939,118.078867426991,118.739183201363,117.741896489019,116.241384625342,117.415397666583
117.728924269877,119.843166118984,116.322595508841,116.605842272292,116.933723694839,120.367184908724,120.170099274251,117.784392942297,116.861878640121,118.55829296863,117.877632427429,118.948828950256,118.855503440605,120.380379376136,118.524441378465,119.459559431,117.086838492593,116.34943475117,117.151452050856,118.213894078992,118.246981373462,118.942084315012,117.894866668929,116.336505235273,117.545598445038
117.604294560886,119.642558114418,116.293509264733,116.5349714308,116.870062420691,120.142802449573,119.938704602768,117.671406467177,116.783982543922,118.411306244259,117.757889020638,118.817907174926,118.696632476124,120.185054470798,118.366700290924,119.271550725541,117.010504838627,116.304796413782,117.070552418785,118.072552322971,118.115723104801,118.775012796646,117.78104942294,116.284804810027,117.455178053132
117.430367080614,119.361741377128,116.244833551402,116.433520936048,116.775765322893,119.829573214651,119.620353707673,117.510273850715,116.672956179554,118.207106013187,117.588408314134,118.638163956868,118.471993341096,119.917434114621,118.146608483548,119.007837203051,116.899041032332,116.237479150509,116.954179507245,117.875584451824,117.929918875578,118.54067416621,117.618011697695,116.208673307914,117.323758911098
117.396399052695,119.296335859809,116.246766598014,116.420509670847,116.764711272397,119.754226918156,119.544392903627,117.479347970144,116.657001720812,118.163938972835,117.5554138383,118.602661274764,118.42251113425,119.857282820406,118.098539139609,118.947064501136,116.882581157975,116.234073545046,116.936413795586,117.834967743268,117.892274745818,118.488735786706,117.586438005862,116.202934278911,117.301536399064
117.836907389842,119.986307999815,116.430470745321,116.704521167412,117.043120333454,120.515627853239,120.299268455449,117.904904967506,116.961555949988,118.669344109705,117.99629802186,119.043789011188,118.991790227832,120.492416159131,118.646033227101,119.599909031659,117.198830210991,116.448887460905,117.257417544217,118.326843940961,118.371500415168,119.073891608024,118.018524742829,116.434176960765,117.663930544929
117.926314618374,120.109341775788,116.477211526654,116.770085329486,117.106188132685,120.645619131185,120.434530545866,117.989024519341,117.028934854938,118.765524017275,118.085360501416,119.133651528098,119.095486654155,120.614818008021,118.74855240374,119.716071748967,117.265695275095,116.50175162184,117.325257227882,118.423472919168,118.466426065591,119.182946777844,118.101722047808,116.491012911252,117.736443449157
118.242595178675,120.586218661493,116.609809967187,116.979349062981,117.31014642773,121.15202545166,120.956843732104,118.286677392154,117.245717593049,119.10958338303,118.404018445863,119.442796091023,119.484960951342,121.076897656005,119.125094909914,120.160860298566,117.485644650873,116.656067322758,117.546235726613,118.7733909466,118.813720850394,119.593929984959,118.397160797054,116.662213328157,117.983784786218
118.187779627453,120.49106138292,116.604087856991,116.952346461866,117.284989890119,121.051426788368,120.849703078256,118.237806049843,117.217684114244,119.049803675126,118.34839403858,119.391079726636,119.412966774359,120.982730051313,119.056157168885,120.074733068029,117.457417292618,116.644512607733,117.518073734588,118.710103524816,118.750412054849,119.51510924323,118.349671828418,116.645453150098,117.949018547776
118.031508585786,120.234532452894,116.558156682023,116.861270061888,117.194977682069,120.781944884288,120.570389102902,118.091496020408,117.12392011608,118.882028688072,118.187909956092,119.245727423535,119.210152542161,120.736264830184,118.864428455539,119.839249785674,117.359653490577,116.587830189677,117.422326534927,118.53334160571,118.570978838689,119.298484446444,118.205301965301,116.577658905364,117.834997911116
117.950862396209,120.094798706266,116.540755295489,116.818363455041,117.152643272231,120.633264950465,120.41802646797,118.014910462213,117.078917747538,118.7936618091,118.104363358721,119.171530279361,119.100387079879,120.605530811533,118.761107219024,119.710661740258,117.311349555373,116.564080474413,117.375541116988,118.440918570228,118.476833504722,119.181807665047,118.129496624664,116.548107672294,117.777513910972
118.103920020928,120.326414453542,116.61599434037,116.923434258578,117.258715182686,120.876713318759,120.66271009042,118.165364169957,117.186873204978,118.956714982302,118.262691327869,119.314686084419,119.294379842374,120.820740920577,118.944833174908,119.92838138556,117.425592451051,116.645872964586,117.486781896061,118.609218208467,118.649074287541,119.383302913678,118.279622685609,116.636588736936,117.903874023085
118.383036706435,120.765570417787,116.744531951742,117.107807971525,117.44775782349,121.336646200221,121.121841506442,118.44249453892,117.375825204985,119.252152747207,118.555700460523,119.567782243927,119.659160804678,121.22053948107,119.285485266317,120.339367035965,117.629979099302,116.784465119867,117.682655823531,118.918536393205,118.970901124097,119.762410984656,118.556134183165,116.788420938805,118.132364409795
118.289325338567,120.602994244648,116.720233629663,117.056268356547,117.395051673899,121.168041177609,120.949948054304,118.351078726447,117.323573885684,119.154463262263,118.455244167797,119.487686322225,119.530086257188,121.071926778627,119.166184525124,120.190091025754,117.571807811499,116.755034406423,117.628750683579,118.811962769837,118.85740696113,119.624955256515,118.466440508703,116.751938134315,118.064627100761
118.497925335686,120.92616991513,116.820193608121,117.197097187437,117.539359032209,121.502469951323,121.284984199189,118.559518843652,117.466271455164,119.370548964148,118.676275118532,119.673067637621,119.800732171147,121.365656149583,119.419250815351,120.492982565582,117.72658789339,116.861989652875,117.775542590454,119.041408210363,119.099511645089,119.907005933928,118.673102304861,116.869053208071,118.235043833666
118.43933356557,120.81756466113,116.809091644784,117.168006178712,117.508609399042,121.39024586175,121.172132845368,118.500845132236,117.436910057373,119.310214936615,118.611573709988,119.626475979792,119.715017371375,121.270449319371,119.341556189601,120.393450818276,117.691717186931,116.848108995543,117.744716595511,118.973923017476,119.02536711687,119.815918561324,118.615550274284,116.850425455812,118.193670558587
118.293971109725,120.564140509513,116.759658060145,117.084079193756,117.419402599549,121.128520003242,120.91350528218,118.352003993665,117.352002252623,119.160925605883,118.451680676847,119.508418667412,119.508183971734,121.052158552476,119.153711638753,120.158172364269,117.592786658779,116.794511071629,117.65551931282,118.809876402596,118.845439802759,119.599695484673,118.468169455132,116.787864651987,118.080841784609
118.476114166815,120.848649851022,116.851002664108,117.208220383784,117.547612868389,121.423954777388,121.203554632272,118.539545657661,117.478144637051,119.349103005138,118.647716876403,119.66606284704,119.750737328032,121.299552107834,119.37964999515,120.427674840045,117.732994355271,116.891079560406,117.78655830835,119.009271349472,119.059318167149,119.849670926028,118.654669305341,116.891899230466,118.233494700263
118.533798253402,120.928875854825,116.889000018536,117.253257011403,117.593724723422,121.506180458861,121.284594325012,118.598474375517,117.523476908478,119.407737075408,118.708700488373,119.71808298156,119.821719341911,121.371503078453,119.446772648904,120.504490821013,117.781499508487,116.930025458585,117.832917499356,119.070700205925,119.124333675049,119.922392820137,118.713306532048,116.932545200982,118.284722527893
118.457570473555,120.785603148972,116.867570439907,117.213276933318,117.549514078324,121.357664256267,121.1418019818,118.516942472769,117.482857751525,119.32983441722,118.621645693901,119.661451420193,119.704549584146,121.257367300316,119.342486017511,120.370878822034,117.730284315912,116.907174091553,117.788939278975,118.983736996813,119.025236711644,119.800976077706,118.632266334041,116.905015968536,118.22550088914
118.34614746698,120.581454460158,116.829398617653,117.1510257287,117.481029960379,121.145492048382,120.939940217126,118.39630141588,117.419418336574,119.215744777044,118.494475706191,119.577732466085,119.534779637407,121.097617012045,119.190900434452,120.178962547691,117.651149448929,116.867489251089,117.720297579546,118.857887435211,118.881803303114,119.626479388874,118.51195299954,116.859527444692,118.135587190807
118.249285004579,120.401902589456,116.797695276202,117.097823347596,117.422740089123,120.957311281125,120.762535357007,118.28988757545,117.364702709958,119.115636604494,118.383226619838,119.505637865609,119.384520551946,120.960887532468,119.056249411658,120.009053469612,117.581876337936,116.833858964934,117.660527151863,118.748527470772,118.756633410649,119.472803423725,118.405700039069,116.821222977771,118.057150110159
118.528869848157,120.860604905775,116.938402444284,117.283820173894,117.619686038275,121.436940418803,121.215537463695,118.592356881145,117.554717638457,119.403777323766,118.694638349318,119.73223916267,119.781944000737,121.321342961954,119.420170951098,120.448717664798,117.804386579329,116.978932295153,117.862350481711,119.05459492585,119.097437571821,119.876158934429,118.708329518508,116.975442380175,118.299181037274
118.503168140791,120.803875586658,116.939931605877,117.275292927745,117.609906547541,121.378082960033,121.159067709726,118.563732217349,117.546145041737,119.378139471345,118.663064736382,119.717152286897,119.736870288537,121.280589526072,119.380272769463,120.395965698908,117.790814311456,116.97897690628,117.852509521074,119.024401162627,119.060432438113,119.828604713378,118.680576858738,116.973098129128,118.282646077038
118.447263376203,120.695272222077,116.927211037535,117.247592343434,117.579130486357,121.265845651419,121.052532538917,118.502045230625,117.518222025205,119.322231809891,118.596991867471,119.679407227639,119.647296444762,121.200988897382,119.30052238184,120.293862587868,117.753764386828,116.964806484963,117.821989044333,118.960931618836,118.985085632191,119.735665539403,118.619775551811,116.955318591018,118.240254543743
118.412807270509,120.621332674946,116.923694862685,117.233787846011,117.562683228759,121.18902395143,120.980968302671,118.462648678702,117.504153712003,119.287704913901,118.554732727941,119.658826081213,119.587031142922,121.150313007278,119.248020673373,120.224482929298,117.732464648244,116.960624709792,117.805743438507,118.920916646458,118.935941268745,119.673381637918,118.580781008824,116.94868927899,118.214915809309
118.330481944632,120.464411759075,116.897088973235,117.189571515916,117.512730971248,121.026556183745,120.830095636246,118.369956497534,117.459321678216,119.205161394693,118.457248725835,119.60285474445,119.455021615543,121.039622124604,119.131533822672,120.075776315385,117.673288992609,116.933677470571,117.756409556441,118.828252729443,118.825487666345,119.538368760365,118.488422396656,116.91753769092,118.147979799859
118.649227362618,120.994867075088,117.060054691758,117.401129662141,117.740349619305,121.575425663011,121.342656453006,118.720544471609,117.673575170962,119.526551646064,118.819443617287,119.848332378266,119.917169806245,121.433682476765,119.550038223083,120.584966813605,117.929284089784,117.097883079811,117.984385322781,119.175809063604,119.223562249069,120.007254522852,118.838651273363,117.09254381,118.425573392397
118.625496804638,120.942046302147,117.0623862413,117.393568725314,117.731557981097,121.521892416882,121.290982176113,118.693876516124,117.66643435737,119.504299010762,118.789342581439,119.836367699012,119.87518386683,121.398086182812,119.512960132663,120.535940741439,117.917305018051,117.098845062763,117.9763714539,119.148218418394,119.188124083553,119.962341461824,118.813281102555,117.090967251875,118.411242592568
118.536326422531,120.77936965417,117.034466463529,117.343892352307,117.6773820594,121.3569017001,121.133153985532,118.596238947662,117.617358756415,119.418046291733,118.684264466629,119.776160573301,119.738810567,121.280748375371,119.390450555444,120.382442315255,117.855161845543,117.068987483654,117.924292770939,119.049222600437,119.069559507214,119.820071023855,118.71779870116,117.055494886425,118.342529632757
118.628761861022,120.918377452034,117.089256800684,117.41165181346,117.748142160565,121.498313019387,121.26894415991,118.694582327279,117.685163714491,119.509589109032,118.786547399887,119.851264811628,119.861751030981,121.39030237898,119.504556238659,120.516136735597,117.931515488342,117.124909301026,117.994409944181,119.147887240414,119.180140957946,119.946026782622,118.815208333497,117.114531268668,118.423166980671
118.890140273507,121.344882841371,117.223596993241,117.587709881386,117.936709661846,121.932524769634,121.680113817491,118.978547234217,117.861226782058,119.76693214459,119.083600171475,120.049517251156,120.232784830741,121.707613225599,119.841726138067,120.924091878527,118.13918105288,117.260724407269,118.179218041177,119.431071740352,119.506874582774,120.326239972699,119.096829034571,117.260785788836,118.646492640322
118.513049430241,120.711616198027,117.066319564153,117.350007147364,117.684093470784,121.296804696925,121.064976974495,118.573682603655,117.627844701474,119.405910426535,118.648954407465,119.778786943763,119.692758762642,121.236149157546,119.349549900053,120.324157712287,117.861053312108,117.095806073897,117.937375857559,119.0206959064,119.023842778964,119.76209289915,118.701658183328,117.074145441309,118.346901904674
118.336659459061,120.428491931983,117.00993067995,117.240322932637,117.581019956403,120.996691169902,120.770813667125,118.386179117207,117.51562284487,119.22580669478,118.453499781362,119.640576617607,119.446488327504,121.021813732921,119.108116909373,120.047180824293,117.733069688791,117.020120886346,117.821115258242,118.831092562821,118.814047952442,119.50589947693,118.519811547213,116.990214227188,118.213953250179
118.50192830886,120.671851843676,117.089435803623,117.357332472852,117.693682858293,121.254478954878,121.022538544118,118.558826508553,117.635511101161,119.396259330114,118.631058070261,119.780588642212,119.662636615152,121.214764446108,119.320682179174,120.286206674367,117.863944463656,117.113592674573,117.944763482185,119.006387264265,119.002002024256,119.728278703755,118.68968255857,117.088974494258,118.349748044875
118.364567928789,120.442682954208,117.047609368469,117.2751175675,117.614097137819,121.010695546305,120.786844844536,118.414050648321,117.550642552499,119.254534587465,118.479459958338,119.674541699139,119.466607675881,121.045208622062,119.132017291069,120.063844797318,117.766216318268,117.058367347598,117.855429914618,118.856895375841,118.837005929344,119.524965227697,118.547150932265,117.027275099852,118.244424458529
119.023109024188,121.477835111572,117.329546773936,117.71201570858,118.044332394429,122.111018422958,121.845566747259,119.103317369474,118.001180652188,119.937814503623,119.19294709271,120.212077558051,120.366540039407,121.832871093855,119.998416275948,121.071445030652,118.269672235191,117.390977398161,118.327399404329,119.566217248703,119.605384545401,120.45010107988,119.231819782687,117.383428058575,118.78324766936
119.055506528247,121.514201080349,117.35580712649,117.741364410088,118.073131613958,122.147514597969,121.883119629264,119.135205317952,118.030471616164,119.970084550717,119.225833384992,120.243265658372,120.400676138259,121.86798638922,120.032813023518,121.107082374056,118.298959993611,117.418401719632,118.356515969872,119.599196169804,119.638990188255,120.485370588223,119.263184788171,117.411512284034,118.812759493063
119.080201607201,121.539863175953,117.379471313429,117.765445388067,118.097229168155,122.173305791512,121.908964777302,119.159858492528,118.054599825125,119.994928930369,119.250619100951,120.268004272743,120.425854713558,121.893520980672,120.057926053079,121.132574162394,118.32315024414,117.442197473555,118.380691618162,119.6240692729,119.663949565244,120.510691228096,119.287812263509,117.435383597995,118.837086351373
119.350638343702,121.933414791976,117.493540050764,117.951600302063,118.277728028655,122.568468083397,122.32167347126,119.419531827046,118.23927472168,120.259242714039,119.535244193397,120.490729610004,120.755430127557,122.232500375764,120.381747914219,121.503406541221,118.513874043647,117.578814928601,118.564095576725,119.913323945613,119.972646714277,120.866461576559,119.538896558316,117.588759256518,119.039793482143
119.499324726416,122.145092272759,117.562956327802,118.057363882033,118.381164338899,122.779624121339,122.542428975601,119.561761663187,118.343683838491,120.403590087909,119.69095303428,120.614611366646,120.933511076802,122.418330474346,120.555809657632,121.702458438509,118.621159862993,117.658804200192,118.66752365088,120.071843172192,120.141245118875,121.058261449367,119.676871227037,117.677803311863,119.153685443617
119.323962610827,121.863992194769,117.510401525014,117.950897399273,118.27541987564,122.499723451567,122.251072977397,119.394714580848,118.239324012428,120.235524534043,119.503392130642,120.481726265972,120.706741914854,122.183482318397,120.339610190589,121.442333966348,118.509789775944,117.592482659561,118.56355695304,119.879804057199,119.93180298147,120.811306378171,119.515173212453,117.597522507464,119.030242957
119.191716366501,121.647435416615,117.473843082503,117.872910782178,118.19832522895,122.280774918283,122.0259807791,119.267162823893,118.161643593337,120.106057223361,119.362160189554,120.381038807149,120.531475048613,122.006080854944,120.172307997904,121.240686909992,118.425730167965,117.544669916752,118.485105600294,119.734277293531,119.774206845792,120.622229750971,119.39089438884,117.539870170549,118.936608438461
119.366057417941,121.907592617074,117.556121589006,117.99367739439,118.31920566394,122.545588866314,122.293469072485,119.438918079341,118.283108899055,120.279948464352,119.545555234152,120.525549016476,120.751540159724,122.22456448857,120.38331494474,121.486857772979,118.554888411549,117.637157001225,118.608562245552,119.922196791759,119.973639237972,120.854025593713,119.560479515241,117.641035008334,119.075885478345
119.376633619674,121.910978933776,117.574198885084,118.00865561553,118.334105459324,122.548782310061,122.296509369621,119.449649576594,118.298119445626,120.290835847858,119.555282740649,120.539125319958,120.758237209577,122.231836758446,120.390928138599,121.49144347178,118.569179692735,117.6545189039,118.623439947241,119.931667718275,119.981984338844,120.859755062154,119.571398303909,117.657636261037,119.089344469717
119.542866300928,122.167170202865,117.656902292449,118.12294049727,118.452439627548,122.808864445698,122.553745826317,119.617056729617,118.412928725835,120.456012727104,119.732982021676,120.673257454701,120.975149754935,122.440576586351,120.593601899181,121.733183038502,118.694969874903,117.74281062755,118.74162542414,120.112046248293,120.176773004286,121.086002725077,119.737942010503,117.753665552061,119.226509653008
119.448605858982,121.997929975029,117.630186681735,118.071210179406,118.396696999889,122.637351002492,122.385345037121,119.520849773687,118.361196807645,120.363747120382,119.628202628276,120.607199983353,120.83804085417,122.312235374412,120.469363321949,121.576045548669,118.633374010614,117.712488848447,118.687131371667,120.006188022032,120.057598401098,120.941376157332,119.642588511094,117.716887192051,119.155648360679
119.372116188765,121.85616216215,117.610199267191,118.030943339855,118.352672581455,122.492526516584,122.245175212029,119.441025217522,118.320534026577,120.288135836498,119.542093181878,120.554863085784,120.722825622831,122.208135346256,120.365651273411,121.443897553946,118.58326406537,117.689793491487,118.643537187418,119.919780914394,119.959392343101,120.820777245615,119.563184964242,117.689210319231,119.097676802271
119.828128561515,122.605547564029,117.824228651412,118.328373644756,118.668975601854,123.259418641357,122.982949930762,119.91853494773,118.621139455803,120.743675326045,120.043589599633,120.905706406824,121.358232689467,122.781388715256,120.947198359977,122.153145777453,118.929733126137,117.913175381814,118.959499566671,120.419695470447,120.51383530631,121.475820023789,120.040236747091,117.932329766861,119.479083865224
120.074437122715,122.970781138241,117.934723885915,118.498047897989,118.83852353014,123.619347353485,123.357057114478,120.160472724467,118.786990531071,120.978292349733,120.308859396059,121.101410351262,121.664445048152,123.0942479426,121.240989722945,122.494681421537,119.10614662984,118.03747273014,119.124129030362,120.684084160543,120.803649569578,121.805461673946,120.272957298301,118.072499362699,119.665697334071
120.334354911668,123.357635767636,118.05066772779,118.676531173409,119.01758280362,123.99880049914,123.75213296104,120.414582390559,118.960573112629,121.223952462539,120.588742958085,121.306365379496,121.987548459981,123.427499371736,121.549360260514,122.855223441497,119.290863838163,118.167009800526,119.296029682144,120.963448479153,121.110514460424,122.153801771319,120.517643082011,118.21956851497,119.861822228367
120.237509933019,123.197225263059,118.026864512352,118.620730098409,118.961510850462,123.843358766037,123.587907326656,120.321461773936,118.907860680156,121.135716998947,120.481913404726,121.238372719296,121.859660415649,123.292727168015,121.429254639342,122.708596491957,119.23279086372,118.136587061355,119.244623104295,120.856853372725,120.989727581114,122.012726683468,120.429386020436,118.179778448894,119.798031980163
120.09601592026,122.963364068334,117.983873982047,118.536536139371,118.875289811166,123.613971883748,123.350947751956,120.182352390045,118.826722474178,121.003826723763,120.326234946147,121.136679747918,121.670100662106,123.099799897881,121.252584787609,122.492952357024,119.14204428573,118.085759468336,119.163658306468,120.701161843481,120.814542417756,121.807423953834,120.295410515324,118.117268107089,119.698418556561
120.02687595525,122.841122349109,117.969530465008,118.499744580747,118.83733714682,123.492440299049,123.227117395773,120.113279651179,118.790910142894,120.938571983204,120.249222391319,121.089373304895,121.571948528866,123.003014299522,121.161776302606,122.380032602824,119.100102351802,118.066910350238,119.127255073116,120.623930223902,120.726929928128,121.701648262659,120.228619691085,118.092520110831,119.651382600223
120.156286854794,123.035446143447,118.037044470245,118.591211911413,118.93146590785,123.687203866203,123.421652711517,120.244354825917,118.881852679901,121.064800707243,120.388417362974,121.193718413602,121.738352061649,123.16453521696,121.317982813364,122.56375081534,119.199584875927,118.138523687577,119.219895835282,120.76325298106,120.878763898537,121.875582896573,120.357914234834,118.170292082172,119.757559913032
119.707682082672,122.288380091754,117.857843602438,118.312004647304,118.635608835767,122.939014669194,122.682438606598,119.782741311679,118.605269474584,120.63187324069,119.891960818983,120.863427537737,121.115293220507,122.576958304045,120.74745091123,121.864295645928,118.879910561722,117.94634443932,118.933904173315,120.269627554905,120.324044174275,121.221818695926,119.902676794455,117.951475829567,119.406352699583
118.943088588424,121.123067142382,117.587994040313,117.816921559363,118.176039517261,121.700914412622,121.439074531128,119.007500196046,118.094091361782,119.840602810548,119.087821157095,120.226888871576,120.111043229484,121.621838216593,119.746115693072,120.730232729835,118.326252260341,117.587108839573,118.408387653351,119.44590446678,119.466631489107,120.175105399716,119.143291926698,117.558669891401,118.826543512088
118.900879157154,121.057603377269,117.591414432956,117.795635660825,118.164130613375,121.622818902612,121.35785332628,118.966357842152,118.069227414149,119.790487144946,119.046850454971,120.187355219208,120.055032091432,121.567756871205,119.681302510979,120.663076753401,118.301675410201,117.576199804218,118.382690186951,119.400433371574,119.425301434968,120.116084922551,119.103996195092,117.546057346153,118.802364189495
118.654658336935,120.702414307771,117.530942754375,117.639081330783,118.039317466747,121.215292069721,120.943260176696,118.727356167854,117.897642767246,119.510526429352,118.806465005179,119.95520279688,119.746887636203,121.264614527966,119.345546239244,120.305869664073,118.129869992603,117.462130171807,118.205134904591,119.137135214015,119.179053021581,119.79603486469,118.868502037482,117.424784541085,118.624660668544
119.303579150672,121.61912639907,117.748699318729,118.0751726748,118.407054887365,122.261861145078,121.998216562748,119.352999948703,118.372517931163,120.248547379192,119.435993166918,120.578156450123,120.543139189284,122.055333091897,120.201241760819,121.222479131407,118.602783545407,117.801456167367,118.697950941305,119.830391705468,119.826230073541,120.618367620123,119.492418150353,117.779474691496,119.121810245492
119.879497898493,122.389442111015,117.929810004377,118.470327817552,118.729720868396,123.112761724249,122.90689153604,119.87298131028,118.789997702639,120.877393954261,119.984155357296,121.138087074402,121.193394394832,122.77954363314,120.916488250277,121.976643363362,118.992006746014,118.094578810967,119.112185786423,120.440609947231,120.391122718915,121.315908950573,119.998484186532,118.099780880139,119.528819021936
120.146603723831,122.733383553646,118.019593608887,118.659153676668,118.884341758079,123.483249406172,123.314945839884,120.105021105807,118.985009989561,121.160441734335,120.235587389675,121.399624330157,121.479306519166,123.121759519296,121.231903291534,122.30812549743,119.16778848029,118.233398475921,119.300886774043,120.722247948268,120.651221337818,121.628602419032,120.222237979575,118.254738227865,119.713096659034
119.947235681362,122.457727399322,117.980457253132,118.532861064142,118.785618552008,123.184964895849,122.983955295354,119.939480992012,118.853590092738,120.947674884809,120.05105344355,121.208471410181,121.261025734034,122.848356052314,120.991811480318,122.047112692808,119.05317404005,118.153161906272,119.174503740982,120.507689685429,120.456261004664,121.385851982514,120.062494305582,118.159187086732,119.587199921477
120.233672071652,122.843294604216,118.079499220417,118.730488674928,118.954414089704,123.599944848565,123.432780727415,120.186667138686,119.05884914122,121.253673094116,120.319377598471,121.486060145071,121.575321516999,123.227084027515,121.327560252145,122.413658004582,119.240338072039,118.297779716103,119.376122436258,120.814462642943,120.738812950853,121.727119942522,120.305397807824,118.320865312972,119.791355570839
120.806902178988,123.636069169488,118.264903490758,119.115087723942,119.286140017927,124.448351045711,124.351060079741,120.675003748452,119.457066998077,121.862957359987,120.855472917251,122.034133423613,122.20991192037,124.007707536299,121.996010511631,123.159005305976,119.602724641129,118.569763232067,119.767102562514,121.433892753283,121.310038307793,122.419188748278,120.786724133298,118.630460343555,120.195105944108
120.87768569975,123.723223129678,118.301443778295,119.170021189429,119.335776805558,124.538327664094,124.449972937942,120.736710648793,119.512371263791,121.935213556385,120.922561935709,122.103392445756,122.282990422338,124.098606013663,122.072587097155,123.241292112813,119.6536811869,118.613930036161,119.82068363577,121.508365839156,121.380225358611,122.49845021723,120.847089231221,118.67870740208,120.249184172137
120.524908415533,123.22540903544,118.21372269251,118.945922268109,119.145362598308,124.01899527927,123.868001515105,120.452239093474,119.285045908842,121.57130219625,120.596942985539,121.771949008856,121.901262384881,123.582071795044,121.673632059874,122.785601647623,119.454959911819,118.473277558878,119.603732274868,121.122745428469,121.026099434729,122.070717927222,120.569871159558,118.506704523814,120.020914879522
120.419580502048,123.071812264573,118.199502335764,118.884499160763,119.097149289771,123.854218181004,123.682769453457,120.369620644801,119.220843135089,121.45811591494,120.502442669084,121.669334981183,121.78566981102,123.422223224309,121.549984622395,122.644519751657,119.401203239061,118.439336158874,119.542530712912,121.006353002877,120.923175534097,121.940884777857,120.489263107289,118.463027625996,119.95746594526
120.498515569657,123.174380243142,118.239768980421,118.943802296975,119.151973767712,123.961990187142,123.79791058324,120.439560710885,119.281581274693,121.54101062739,120.577195451318,121.746779047722,121.871098059278,123.526030626224,121.637437255011,122.741248031725,119.458388616192,118.487127041753,119.602611850928,121.09067676279,121.002124003187,122.031950558823,120.558819807609,118.514759203691,120.019588624408
120.709519000682,123.473536772806,118.323579796036,119.087073999491,119.284281525065,124.27832029609,124.134560955277,120.623120256294,119.42962510525,121.764930160719,120.776370276008,121.948090517536,122.110405809682,123.823004193954,121.878199177328,123.019061160331,119.597941544077,118.592431630288,119.750064671932,121.321516058791,121.217369019638,122.28884707111,120.74229477305,118.632866478985,120.177821613171
120.664431508497,123.394829226583,118.323947876775,119.066809525038,119.267104199298,124.194107790413,124.043568541965,120.587362849439,119.407941173419,121.715951817687,120.734826790163,121.908103538903,122.053860568128,123.746047393151,121.822458435383,122.948638362199,119.578542816814,118.586018647606,119.728475660523,121.268939587441,121.169492910776,122.226025498656,120.706540916326,118.62171210319,120.151389826862
120.737510350611,123.49491903727,118.364748614601,119.121355019962,119.320490504182,124.298439516996,124.151302633825,120.654910586294,119.463648438385,121.792179066371,120.806231402786,121.976997287018,122.137515087341,123.843057999027,121.904218924027,123.04248198387,119.633727275094,118.630847428449,119.784674491373,121.347887180173,121.245932198161,122.313731982467,120.774350771027,118.669715527937,120.212095572098
120.726934820748,123.464810149766,118.375414677866,119.123442065421,119.322786110598,124.265687602441,124.117068733382,120.647327351334,119.46506351004,121.779862831337,120.79616889637,121.970585614588,122.118586247389,123.81668673318,121.887425919692,123.016738750957,119.634795783266,118.639409148871,119.785570510929,121.333200807587,121.232214170854,122.292321103639,120.766517964836,118.676187716578,120.209315681212
120.525008888656,123.123182381055,118.310767309406,119.006950398422,119.203474213148,123.906141302917,123.754519664704,120.458839972526,119.343962929016,121.566125553149,120.592681720374,121.799646962878,121.851236082445,123.509511712993,121.6395491952,122.704384604356,119.506124656917,118.564489424592,119.658948846072,121.10284197748,121.002936147839,122.010689207279,120.5757712407,118.588495353969,120.054262736561
120.612008026216,123.249173316482,118.358744052505,119.069927441777,119.26654079486,124.038861941823,123.887328818072,120.543158985417,119.408781893871,121.657906809795,120.68032858147,121.879361900837,121.957515322757,123.62498524742,121.741365749287,122.823288734595,119.573353319805,118.616202990458,119.725644991535,121.197607495902,121.097177209812,122.120407295647,120.66062980673,118.643346448457,120.128323381188
120.889825204975,123.691523026052,118.484889730618,119.251174439506,119.452135292077,124.506651412456,124.349498996321,120.815535512003,119.596578744288,121.952538503045,120.965682902399,122.121152662575,122.320810902496,124.014259595544,122.081103666008,123.236524212726,119.775437547027,118.753177244718,119.92221810488,121.507139319655,121.410669719235,122.4959693888,120.935578664003,118.792445097536,120.358489832512
120.905943954664,123.703351055773,118.505257453673,119.269891002977,119.470805871034,124.518085492686,124.360837635261,120.831869452508,119.615252319307,121.968562167615,120.98152321718,122.138712751466,122.334782058003,124.027527867403,122.095691722097,123.249196989058,119.793761213544,118.773242550443,119.940781357739,121.522455510874,121.425728669335,122.509472698,120.951962176208,118.812078852342,120.376160843066
120.862955583076,123.617138698975,118.500888204304,119.251703942757,119.450825748192,124.427391955374,124.271448855145,120.789263354185,119.596212294337,121.923420818584,120.934831976474,122.107623167757,122.26879628118,123.956296806705,122.036814063909,123.170896716901,119.770139747662,118.766930974822,119.919828007931,121.471501746055,121.371273893478,122.439845318179,120.90932915423,118.802283642988,120.34586459238
120.888355266422,123.64405129353,118.525011135077,119.276249771207,119.475465399628,124.454565564477,124.298527977492,120.814671947575,119.620846276649,121.949078498567,120.960348139244,122.132999453716,122.295014993991,123.98289774834,122.062813504387,123.197555698654,119.794930109307,118.79113419739,119.944576527656,121.497194519157,121.397047860297,122.466163754715,120.934765953337,118.82656233687,120.370913434532
120.87272093957,123.600796149002,118.530881536247,119.27526962492,119.472522178127,124.408749395958,124.255450379008,120.797461454336,119.619425443344,121.932529034571,120.941138608825,122.125959986051,122.263218557203,123.952182178002,122.036513197278,123.158750613144,119.789439870824,118.796778920147,119.941602537882,121.476845335885,121.372956080326,122.432867979925,120.917380919455,118.830422572282,120.36148474597
120.76924026945,123.404456885501,118.49595807112,119.219619742174,119.409365102451,124.203935298352,124.062333471551,120.68621585008,119.562318096699,121.826203997795,120.823963973678,122.051706083889,122.103373036255,123.801683823747,121.896114988069,122.976403525725,119.717220300535,118.762182394476,119.878816726234,121.358071792571,121.239535992152,122.269019680933,120.805411858541,118.790438525094,120.27653167002
121.096397021958,123.953929428781,118.658992978385,119.432838422718,119.639009173795,124.777491617059,124.604051592789,121.036413144257,119.780050642179,122.16250582658,121.185954296536,122.310117340091,122.569735992395,124.233883839327,122.31791548303,123.496116923088,119.972916566231,118.926298364466,120.111047820787,121.72056576092,121.638790377495,122.743130575663,121.157068334325,118.966163513053,120.560653003026
120.605583494914,123.134618918194,118.460099171167,119.12632619246,119.31808235583,123.941885933146,123.780756356183,120.526582355378,119.474766776606,121.676360784787,120.639651908464,121.934875268763,121.88852141148,123.563620241,121.690952987237,122.730198316442,119.620725671223,118.713373516968,119.794782414868,121.177882730826,121.033099800658,122.029445782612,120.658290336892,118.725226271476,120.173116020743
120.327050281244,122.704733693637,118.372611103035,118.950472880898,119.16020503715,123.473477549443,123.310050235824,120.242330589192,119.29123053327,121.378705698969,120.345915227914,121.694906241976,121.520438950975,123.198141633616,121.318951579492,122.311364992036,119.422361219459,118.588729309848,119.605583565994,120.875774542849,120.722642417318,121.645540210429,120.382582509017,118.58852960127,119.965303071808
120.674997242471,123.214099951891,118.512034149988,119.187432968813,119.375093017862,124.032510072804,123.86948330879,120.593568977492,119.539998181416,121.756034481665,120.704835004053,122.01061989956,121.96308798875,123.638462376991,121.770849952446,122.811016411506,119.683830186236,118.772485720905,119.861935239331,121.249321810941,121.098020449338,122.103497812258,120.72705248202,118.783469897175,120.23855538896
121.063940533887,123.780646244845,118.663718381565,119.451846526164,119.615219732429,124.644882716586,124.492343028685,120.975581892086,119.81390247125,122.169939537996,121.103880440817,122.361131308227,122.446981656645,124.140515343203,122.26339959396,123.359834205538,119.966164380614,118.972244611465,120.14039832639,121.667301166114,121.51858518891,122.611087055616,121.100229478789,118.999925905042,120.536780172183
120.90202219299,123.533865448396,118.623675019504,119.352103336499,119.5285584423,124.380910001562,124.216169578099,120.823049249354,119.711660608941,122.000403171454,120.938303553092,122.219598284436,122.244935047426,123.917008220912,122.05665234053,123.125154735859,119.863270498642,118.908083450773,120.038546441057,121.491112475648,121.341099692828,122.393328098279,120.953437948921,118.924910120392,120.425538984452
121.076288417066,123.781905296478,118.699602992064,119.474533031765,119.642150736104,124.644608982685,124.486818542172,120.990204795492,119.837047998462,122.182922012464,121.115232335394,122.377820174938,122.455112811667,124.142924283073,122.268570296913,123.362824226673,119.99016515232,119.002380886532,120.164892704631,121.678068113922,121.528641351243,122.615104827976,121.11743902185,119.02739677576,120.561070221037
120.741552191186,123.261416058421,118.594138039806,119.264755825315,119.447246247054,124.089888649798,123.920442030932,120.671647771445,119.621146813434,121.831216775748,120.772288752875,122.088035931408,122.028991417363,123.682199210485,121.846793222269,122.870684183793,119.767566154284,118.859392016424,119.945311499007,121.310993468164,121.156766733171,122.162227224232,120.804123804592,118.864589664217,120.313830810747
120.594925714438,123.032259002167,118.558844857548,119.176716875311,119.370558269866,123.837982708071,123.662960831521,120.533050599314,119.527701228968,121.67030857414,120.625151085123,121.955286714546,121.84131508122,123.479598969613,121.65510086921,122.651251635468,119.673204506837,118.801677827687,119.849666135725,121.149976535809,120.998832566057,121.963384616182,120.667713277714,118.798866935471,120.20921427635
120.591384015324,123.015052155514,118.572665795621,119.182541866764,119.37790437167,123.817059181305,123.641629360561,120.5306571404,119.532619303916,121.664426800729,120.62148289752,121.95431282055,121.830820394923,123.467399734232,121.644348360905,122.635660144247,119.677796872827,118.812211360588,119.854088850098,121.144046375159,120.993315914436,121.951284319079,120.66548279554,118.808188897076,120.211947380721
120.824887372765,123.366635968974,118.673518216275,119.340394516355,119.529215313302,124.197811247231,124.019925688873,120.757454313478,119.697785820462,121.916994431664,120.858274565948,122.166001764405,122.12619180363,123.773817011569,121.935006239528,122.972093888369,119.848956130348,118.934069343534,120.025259850771,121.398504469551,121.24738498285,122.257909535359,120.892927965362,118.939050177901,120.401209784899
120.507777679448,122.856084192601,118.569236976546,119.14578787357,119.342375658429,123.646545149663,123.470902697762,120.452201774691,119.49387536904,121.574999860886,120.533505679825,121.889956551894,121.709508225233,123.335795204821,121.530458251966,122.489628264709,119.634690161789,118.799641412333,119.812860558274,121.04704089555,120.89225557484,121.82095940295,120.587486907548,118.788271201331,120.15665979236
120.493367579011,122.821845876698,118.579025770852,119.144695358245,119.343248741392,123.606372781347,123.430848474084,120.439108895084,119.491257356326,121.556578077845,120.518913165311,121.878678572068,121.684718591415,123.309273431565,121.505484644168,122.457541051773,119.631430715102,118.804950046164,119.809260679583,121.02914060411,120.87504951544,121.79421803326,120.574428374296,118.792052598192,120.150554262025
120.80636815516,123.301394919577,118.71062775844,119.352644370733,119.5430503789,124.131087498296,123.947288936844,120.745029735479,119.710846280255,121.900478315878,120.836645426799,122.163949722702,122.087028766284,123.720834409875,121.90025423718,122.917245764423,119.860513322321,118.964670322787,120.038942542151,121.371711788587,121.216538790714,122.209955358941,120.882419904106,118.963058558939,120.405972389326
120.836726480645,123.335778190616,118.736542898225,119.380428699417,119.570681020578,124.166422444695,123.982611652359,120.775109710677,119.738880676175,121.931557200782,120.867125904149,122.193904312835,122.119414535166,123.754043912453,121.932438750152,122.95103210527,119.888718329199,118.991235450722,120.067182901854,121.402814364994,121.247645203805,122.24277229496,120.912506966635,118.989939074021,120.43483809422
120.827078633544,123.306581361846,118.747110456785,119.382754098411,119.5733438315,124.133361486365,123.950257556365,120.766324935185,119.740369820906,121.919617146227,120.856417501471,122.188831412238,122.099520362668,123.732890914211,121.914329973221,122.924751475408,119.888890777539,118.999374400019,120.067737266932,121.389718656896,121.233765084317,122.221003535132,120.903642168321,118.996483924554,120.431864786472
120.892422910752,123.398696147132,118.787339441413,119.432511804857,119.623527041661,124.230457453576,124.045370590674,120.831325784087,119.791261069578,121.988065043774,120.923705924481,122.248250401013,122.179443521012,123.813607040496,121.990929310394,123.012896130719,119.942211551185,119.041956421766,120.120201007982,121.459766751013,121.30547743252,122.302989364746,120.968986017937,119.04093618941,120.489587818987
120.929612336632,123.445223243047,118.816438670802,119.464482609323,119.655871230842,124.278617842224,124.092573902052,120.868647335818,119.823613038715,122.026299246083,120.961738192277,122.283443433125,122.221882756025,123.85602422295,122.031981271667,123.058052822834,119.975589692008,119.071622134974,120.153168839249,121.498579871775,121.345070951043,122.346020307653,121.006469213771,119.071175815315,120.524501243017
120.859686612147,123.309978343598,118.799179210814,119.429547331798,119.617245585276,124.133565026199,123.956154083355,120.795750795995,119.786747966385,121.951394120197,120.884231331674,122.231892274491,122.113689397721,123.754593044805,121.935297545115,122.932110586212,119.930023344147,119.052170493194,120.112001274563,121.417816491974,121.256494098268,122.23444264551,120.932486605827,119.047826584852,120.468683175895
121.191542776996,123.863216130493,118.959544036017,119.645477233605,119.847076590868,124.720151628212,124.508991454997,121.142907980019,120.009265428002,122.299933243233,121.244924194761,122.501220734897,122.579275521231,124.186966229928,122.360353803773,123.455761697393,120.184990065079,119.218060445851,120.34995409462,121.78542836999,121.65408762333,122.709297048427,121.283286230442,119.225634692909,120.756924272685
120.882925141121,123.344601477945,118.843382053026,119.456488842239,119.650868119241,124.182286006557,123.981341709823,120.829142234779,119.818968658758,121.986866202708,120.906744052656,122.260218123779,122.153487100234,123.768046702847,121.966297557417,122.971445690395,119.969627815364,119.089492795567,120.151629930983,121.443003218056,121.27817301111,122.261870200333,120.974208651153,119.078992052363,120.514073254918
120.584582682237,122.862606885551,118.740330119225,119.271268905367,119.472072494007,123.665044496457,123.471578972633,120.526258654548,119.627099468458,121.670714156166,120.588182756791,122.010751204298,121.749879834402,123.374659068143,121.575131779399,122.510952186685,119.758938210174,118.959824044723,119.951543507286,121.115545404239,120.932590895732,121.840646817875,120.676362887662,118.935021184866,120.282958329462
120.439419979359,122.627179021848,118.700387602232,119.184597517604,119.393070440923,123.404986524855,123.21514647291,120.379450335115,119.534663560088,121.510521676439,120.435848503246,121.884481410968,121.55234138243,123.183567775267,121.377874618085,122.283142031057,119.658976957071,118.901011713206,119.8544095844,120.956149303704,120.768999215047,121.635132505589,120.531881516967,118.870000163433,120.173745693914
120.345363792294,122.467669902503,118.678955316981,119.13182616376,119.344556171788,123.227534981504,123.042147384406,120.284006142258,119.477515497468,121.40516548148,120.336789476031,121.803933747671,121.420000988521,123.05753427316,121.247099669188,122.129249801833,119.596036990207,118.867269336497,119.793307768469,120.851665600731,120.661506264676,121.497852913211,120.437180165363,118.832201274276,120.103220592348
120.157189023434,122.155060423243,118.619411814275,119.019222129115,119.236451826627,122.882378554863,122.709131198508,120.092184907997,119.356885451133,121.196334033349,120.138447538671,121.642267594028,121.158297423868,122.810939589694,120.992456006802,121.828045894152,119.463030258601,118.788429442823,119.664240165252,120.643499297315,120.446240624107,121.228296876894,120.245162083563,118.746329042046,119.954117645463
120.128166380293,122.095233153439,118.622265972049,119.008901189546,119.227415894772,122.813787642105,122.644029474878,120.062106696568,119.344333881077,121.161590350521,120.107058865817,121.619530876613,121.11083297798,122.768219405908,120.946478164115,121.770721197062,119.447428858453,118.786281726553,119.649426763284,120.609564430874,120.410813834718,121.179148979695,120.214888553072,118.742610609874,119.934504407693
120.59470017899,122.840847180251,118.825151679794,119.313954857999,119.53052005729,123.63216002827,123.423177783363,120.541281407743,119.667584367704,121.675266126094,120.598381237962,122.026863895979,121.74582522608,123.356081548645,121.556667494808,122.490734987101,119.802265864521,119.022872314159,119.9946705045,121.120907500083,120.941306002146,121.826613424299,120.698644570291,118.992354973589,120.329130601161
120.541678662124,122.748631906563,118.820312338756,119.287248461081,119.506627056238,123.533217210185,123.321901067044,120.490779750228,119.639655680117,121.618584559287,120.542192964015,121.983764388641,121.673197204605,123.280420380747,121.484785579089,122.40444451472,119.772727147636,119.010357350548,119.965992666132,121.061449671266,120.878787823117,121.747756351624,120.650022502577,118.975637420835,120.29486221357
120.690889140234,122.967979512539,118.89188827527,119.391974540019,119.609255432402,123.764063758135,123.553313386426,120.63728853578,119.746725476705,121.77442696819,120.697458566534,122.11554256952,121.858960383609,123.468644138918,121.666021666071,122.613208191154,119.884375353487,119.092379305557,120.075501000823,121.222346743,121.045725983951,121.942609480382,120.794708612696,119.064130577136,120.415948163701
121.039787589007,123.508003414755,119.043611977919,119.624294700369,119.84095070667,124.33143595446,124.117414830924,120.981842114147,119.984234937212,122.137834432149,121.064871616594,122.413040056935,122.309561395886,123.920034967776,122.097854257859,123.123510643493,120.137503643389,119.266124677542,120.320487210221,121.602999850819,121.446113525913,122.41555220712,121.135964354445,119.2547015133,120.695801139178
121.255234144946,123.827286287549,119.140099291095,119.772599164587,119.986562756112,124.660144669004,124.453547680737,121.18978616685,120.13301088342,122.356057756261,121.290386227995,122.597990506383,122.575425725889,124.199561939378,122.355433374507,123.423353403495,120.291849135591,119.376914537356,120.470322357429,121.835868969353,121.69101573202,122.698813838298,121.339256384763,119.377815423634,120.863728772396
120.746983658246,123.025880346512,118.957557556276,119.450774329607,119.667820134496,123.838584506653,123.613125486478,120.700860837223,119.812008323197,121.846070239593,120.751683527189,122.181910526525,121.92349223605,123.511101918638,121.733255039979,122.678493174356,119.9522265051,119.159897052441,120.146451256039,121.278456621565,121.095763499211,121.999076847431,120.862462681871,119.125667693351,120.485336261021
120.857296576551,123.17490974727,119.010331227524,119.531832119881,119.742062613838,123.998199590483,123.777709932311,120.806999037858,119.89529887434,121.962791023011,120.862739252803,122.285669689677,122.052664926067,123.647034435101,121.865864514134,122.823128064087,120.035471580178,119.224902760163,120.230127009254,121.395268807656,121.211756929602,122.134894016015,120.966296821854,119.195191948797,120.572374096925
120.578942296654,122.749835194977,118.928063866646,119.357592379072,119.585045781811,123.537700562279,123.306144486651,120.542599599717,119.713590129292,121.663442465946,120.580544168808,122.037066389422,121.701660571142,123.276473218778,121.511542883041,122.416942047967,119.85065033735,119.105927618212,120.044995356639,121.091655340043,120.908628811974,121.762123477249,120.706842952436,119.060563557995,120.369338526501
121.075070542056,123.474345164524,119.11420038418,119.690009123444,119.886439252513,124.329800557318,124.11191828142,121.016310184362,120.062812589632,122.205186893668,121.076910290776,122.49976356169,122.311954236981,123.914913407054,122.133685568211,123.116059786779,120.202004771791,119.354930485785,120.401887204212,121.62754445097,121.434841381777,122.402978025387,121.175293660157,119.331136149238,120.749940659769
120.953862068357,123.292770897622,119.090696499275,119.617143552746,119.825627746189,124.134905470544,123.902515225262,120.908622486215,119.987547844832,122.076098070524,120.957403941369,122.388421450621,122.167113178692,123.745874782054,121.98254566257,122.945007852443,120.130956662616,119.311031847947,120.328147958729,121.495402369715,121.306081089622,122.243999684489,121.071850677044,119.277813439378,120.671363577357
121.215149105022,123.663037389951,119.193880400128,119.796663237382,119.989635332965,124.528669568277,124.314621163063,121.149401008694,120.172046423844,122.352500050771,121.216442511393,122.63220828445,122.474028750936,124.089481207047,122.294589317103,123.296372327249,120.311297751196,119.444289045477,120.512439760587,121.776851866382,121.582461517797,122.572138661985,121.308146026239,119.425611267668,120.867429032872
120.921718628664,123.220104586038,119.109119307921,119.612919567415,119.823232654624,124.058973997222,123.820411189711,120.88452158459,119.983402736941,122.043108617642,120.925058067121,122.366882614684,122.118940705353,123.681338135173,121.937834400055,122.8820761051,120.127210197146,119.323436118798,120.324420665259,121.455370683291,121.265421476419,122.187950352779,121.048702857259,119.284131427992,120.660299638936
121.060659815183,123.412710893183,119.171355211217,119.71183449644,119.914486755307,124.264794622156,124.034147136128,121.013559940406,120.085553663024,122.19144527216,121.06194207284,122.499557171082,122.280772889417,123.861201380375,122.102246816037,123.065846035051,120.227231245195,119.400395550398,120.426970849706,121.60444731888,121.410553244512,122.359183457845,121.176249217622,119.36770315434,120.768468481406
121.34220911473,123.824467774089,119.284981896914,119.90198186346,120.09268777447,124.704810002886,124.486890353498,121.275100787247,120.282506603294,122.492679285813,121.341207684504,122.761490203174,122.620361401295,124.237414481912,122.440643070273,123.455219908412,120.42298604037,119.541961979486,120.626462679964,121.910681565401,121.711067685359,122.718618266659,121.436164479745,119.523906438989,120.985524009965
120.853364862748,123.077217205162,119.127540399493,119.594053864712,119.80555601499,123.911799236649,123.663589757926,120.828616888962,119.965123822341,121.974291752767,120.85457005073,122.318576561882,122.019844731733,123.553513139048,121.847649268067,122.757418571346,120.10795166277,119.333733577638,120.306579951665,121.372495624447,121.17929797534,122.075344385814,120.994575939566,119.28367013909,120.627705164726
120.118326778432,122.022052888757,118.908485931863,119.117662866637,119.401458744394,122.740343156276,122.43598428593,120.161504707628,119.457122386493,121.149919759345,120.149762531229,121.586905250579,121.149443853654,122.560913728927,120.932711374097,121.742576948638,119.625348626286,118.996865721793,119.795270955788,120.575368564911,120.43524124509,121.150248572492,120.33702517996,118.908377878337,120.099231417004
120.255286490277,122.195009832502,118.963096708374,119.217630406886,119.482719273694,122.93945011142,122.64658649393,120.286111893086,119.565385857112,121.309580269653,120.276530699212,121.737626003929,121.299809896934,122.731706878831,121.100876458249,121.914973559604,119.724557792634,119.077362770668,119.903714754759,120.719599855896,120.5631006592,121.307765158887,120.45975921396,118.992990426723,120.202264128289
119.79320491153,121.559327928825,118.848753522414,118.918752789287,119.252905108668,122.19304757207,121.8594954754,119.880043053576,119.231723414088,120.75145512381,119.857973712516,121.227410852339,120.772484097674,122.11402960314,120.511715092733,121.289503800354,119.426170355226,118.861774402759,119.56569436357,120.22091411906,120.133175176761,120.750476455746,120.056248606795,118.759072729685,119.876818093586
120.019696881974,121.855062184764,118.927738465532,119.077110778491,119.379404293292,122.541324372631,122.224837832773,120.081102688195,119.407748147288,121.026450220851,120.06232498392,121.485195887941,121.023579145737,122.40503402121,120.793850403818,121.582872836288,119.583954042432,118.986719627373,119.744256101565,120.462532466923,120.340728500391,121.013085532709,120.257156823479,118.890276298152,120.046156233003
120.343248460233,122.291621531991,119.035781266796,119.297272330978,119.55849528755,123.053775786518,122.759386345982,120.364862161118,119.652908289549,121.419958964956,120.353674736962,121.849428631281,121.386906793668,122.832216308161,121.194885915972,122.010777691363,119.803769694605,119.156749997707,119.994445115388,120.811472313588,120.640730192777,121.393939282937,120.542945856683,119.070569896157,120.288771099176
120.890624496363,123.045560348628,119.209362592395,119.661765445571,119.857987636888,123.931694069889,123.678780297814,120.836530360813,120.05717869137,122.081774003612,120.845476359316,122.46051393706,122.001980738766,123.575908584921,121.865315024279,122.740317590836,120.163470899152,119.430083689757,120.406102370522,121.406444818493,121.153235666122,122.043424856903,121.018853407652,119.365340860624,120.694563773759
120.918339854432,123.075008449237,119.234044300544,119.687966185228,119.88372867856,123.962018257649,123.709568833571,120.863564324332,120.083676247008,122.110391061532,120.872759446018,122.489005766201,122.030183816236,123.605694577642,121.893900768698,122.769456574614,120.189582211416,119.455511513256,120.432634685931,121.434583367276,121.180741901252,122.071978130539,121.04589927015,119.390973450786,120.721085971216
120.92567605326,123.076124663772,119.25285462685,119.700916699962,119.898523884682,123.960195190022,123.705795453205,120.873741153788,120.095739087853,122.115005905454,120.881835828546,122.494981824968,122.036030524653,123.606325194277,121.898421913368,122.771838605344,120.203206609415,119.471605565461,120.444757374268,121.440396462167,121.188942773667,122.076402314754,121.056072339787,119.406107213835,120.733172916068
120.656691983931,122.676533319629,119.186220559458,119.537473634562,119.759628549323,123.506646807671,123.226251922521,120.650966946293,119.915750152937,121.795076918304,120.640027537493,122.204543623816,121.727310791144,123.205484259202,121.576162156639,122.398854890224,120.044779332047,119.36313155282,120.261925477296,121.139916540002,120.927246454477,121.744446616582,120.830532266571,119.281464641643,120.541853361791
120.870564037972,122.976760245414,119.26887996839,119.68229128557,119.888294179211,123.845574232724,123.579844988497,120.836626448142,120.072854870266,122.04633162529,120.836157431947,122.43653071345,121.969417212611,123.504806881005,121.827698532486,122.683030395914,120.188391281995,119.473406600531,120.421986385896,121.374561152541,121.13574578165,122.000144655854,121.01845016096,119.401180528513,120.706869547103
121.506680656202,123.908892198906,119.489825703085,120.09323583558,120.257333210529,124.895033595518,124.671306065951,121.386244392361,120.519724908271,122.794756684694,121.422343440019,123.116517754436,122.707128262918,124.427148810504,122.581325428207,123.556292272393,120.599250914038,119.772131281988,120.879546441096,122.081152736637,121.767533127515,122.781764015503,121.575885836813,119.731732043798,121.190805193767
121.77545181147,124.268125345697,119.584887920236,120.2768057963,120.416090683995,125.281427698972,125.103637121576,121.607148241906,120.711219027829,123.092738660356,121.667926237217,123.40709490446,122.988946515916,124.821742140284,122.878760764369,123.887905478557,120.765501254311,119.902835076439,121.065051283371,122.373941368265,122.030112352163,123.092549659015,121.791739839711,119.881507540404,121.378490089523
122.322971249812,125.022159713892,119.765828353678,120.639592118862,120.733265247147,126.088184376182,126.005503888844,122.054439269693,121.088688570546,123.697175252428,122.169019725589,123.991847224999,123.572160277579,125.65112126208,123.484550491116,124.577673247371,121.094429956812,120.152067562023,121.43085962559,122.975957933332,122.571974001187,123.736863384959,122.229977014605,120.17235191592,121.756551547594
122.3471413572,125.046831366455,119.789563290447,120.663462715049,120.757164911769,126.113061739431,126.030340665136,122.078578441608,121.112647255637,123.721611182445,122.193168993876,124.016340764431,123.59657710918,125.675893359992,123.508944320166,124.602270109691,121.118401257198,120.175865417192,121.454890762432,123.000247947057,122.596195424716,123.761298905192,122.254154272019,120.196144109844,121.780646224873
121.92548097845,124.453358722676,119.677989002192,120.398108953777,120.527032625238,125.493768576879,125.317249901686,121.746959316425,120.841967588082,123.269404826493,121.809375874953,123.57214168532,123.151845744844,124.990398371008,123.052615406184,124.070881512181,120.888338806386,120.012791882641,121.199144379366,122.531497252033,122.173499027694,123.259939035144,121.932709250862,119.992658270297,121.510475631421
121.638387315577,124.055886498347,119.610835304365,120.218586234855,120.380286690053,125.065557686618,124.824773841029,121.520728414558,120.653520840262,122.947809703396,121.553852097099,123.250951947335,122.849809374365,124.527679643924,122.732479132744,123.708447483242,120.731398276571,119.901670194916,121.020266741087,122.213532499549,121.896840587726,122.922743778747,121.713010444372,119.856297765544,121.32893208305
121.790594667815,124.255669541364,119.672285478216,120.325735590338,120.474033301978,125.280716541548,125.064474920205,121.648956602921,120.765619822263,123.117422530989,121.692648706479,123.420147346317,123.010504744887,124.752727397656,122.900695364196,123.894554054865,120.830989726608,119.981545715146,121.129375022706,122.378932381827,122.044112601653,123.096637488168,121.839325229388,119.945722810546,121.439124466419
122.423234831164,125.139555996479,119.883694781934,120.739929351354,120.837664286942,126.235134974095,126.123193609787,122.175055196024,121.202218753002,123.8294735586,122.268307267742,124.117052083218,123.701669741743,125.742065881758,123.610980249019,124.707734294547,121.218757382022,120.268563459107,121.556499574211,123.079427090172,122.666249941694,123.847009105238,122.360277568545,120.276994391888,121.883671852742
122.181206039083,124.813044699836,119.831904529474,120.588293247993,120.715613819891,125.89404229667,125.713269343217,121.991579121356,121.047127694647,123.567620439188,122.054254403983,123.843656573397,123.458327457797,125.332770479664,123.351731861039,124.415074080518,121.09440827066,120.179930632693,121.414547949524,122.811745142589,122.433030622913,123.568450708014,122.185616213297,120.1630750511,121.740803685033
121.946548589007,124.49024080258,119.780417368094,120.442871536114,120.597064155439,125.553319524222,125.310719048966,121.810782684628,120.896383820265,123.309329061792,121.846728840775,123.57662112107,123.216165069332,124.934784478681,123.096233068281,124.124330708142,120.971205525325,120.093684975166,121.274409228432,122.550863859883,122.206626054426,123.294998747341,122.01143997202,120.053912168368,121.59823125246
122.341076002072,125.020812071411,119.914286821141,120.707063836987,120.825449337238,126.11546926398,125.954272834011,122.132751691322,121.171057100236,123.744449374243,122.202957145954,124.020820807284,123.630961126426,125.565566464384,123.527248744334,124.61006941864,121.2099339136,120.275928814334,121.537124833367,122.984934785626,122.590344988172,123.750684229462,122.326493212756,120.266590214164,121.86669734859
122.241100347017,124.876771615731,119.901103182018,120.650123709219,120.780306079055,125.963797100178,125.773385797093,122.058037662576,121.111932754239,123.634039961153,122.115470065309,123.905827611266,123.525974139208,125.383486615211,123.417682111237,124.482012001697,121.163050064022,120.247411109744,121.482976869403,122.871902174621,122.493177855991,123.631088708835,122.254643769329,120.226976518378,121.81019095469
122.555488721449,125.308637503144,120.015512738758,120.860471569469,120.96891410326,126.415547249317,126.285463992729,122.318758974723,121.32850798718,123.974997600516,122.403855172164,124.250744095583,123.863942529628,125.894812406702,123.759529511278,124.875222142793,121.356772752635,120.393332180129,121.691310801151,123.219601688906,122.806611996618,124.000248645444,122.511027461945,120.397209768447,122.02935472761
122.597018291511,125.357779655754,120.044792772768,120.895508900998,121.002803286563,126.465815801664,126.339320774181,122.357114592541,121.363883435362,124.018073765891,122.443954934575,124.294119102203,123.907195266082,125.949014886395,123.802799658131,124.921888955734,121.390911972086,120.424398823894,121.726233065843,123.263252090211,122.848358221841,124.045418875449,122.549127119221,120.429775569837,122.065117830711
122.421513096404,125.090774152958,120.001368033564,120.792759312316,120.908999690947,126.188329813424,126.026300128449,122.212862424237,121.258162409813,123.828369216007,122.281158743036,124.107562026757,123.705899106255,125.633678177944,123.606567572697,124.683297213856,121.29465536968,120.36495929572,121.624364955732,123.063196245439,122.665693704061,123.824408456815,122.406955887589,120.354074915065,121.950102971478
122.504481068073,125.202605976909,120.04545260356,120.853788643814,120.967767420842,126.304361055366,126.151302185182,122.287892569099,121.32051682157,123.916573128278,122.360928823051,124.1940522111,123.79856743695,125.757765634396,123.697380786678,124.787163840516,121.35508826442,120.413673745457,121.68617812737,123.153632221629,122.751310112214,123.922218077851,122.481632565666,120.407138862687,122.016179328087
122.500729898256,125.184567699653,120.059064887444,120.860207878084,120.97472715315,126.284663863318,126.128142052566,122.287155464714,121.326454459143,123.910856835063,122.358097823685,124.190017230248,123.789348628159,125.73536953984,123.689723481957,124.772882396878,121.361290004094,120.425664882205,121.692208518672,123.146345570379,122.745581747575,123.910837046162,122.480993495573,120.417179591621,122.019720615066
122.601405370897,125.329529220466,120.112104460526,120.931629931994,121.046225790947,126.434961644699,126.285206109502,122.381650311554,121.39950041673,124.017586293073,122.457863156417,124.290186955018,123.909307121988,125.888396106394,123.803550349399,124.907286310469,121.435516635972,120.482148986568,121.766014107873,123.257436630655,122.854025670699,124.03601217911,122.575652847314,120.478569143915,122.101967860112
122.3477639175,124.907440014544,120.024854221005,120.783509402414,120.893640320498,125.995223182666,125.828741101252,122.142824913431,121.246414682705,123.745405396006,122.201165274002,124.048931224561,123.575897135061,125.451778216272,123.497732969922,124.522908567843,121.272085048621,120.386466328271,121.608485521046,122.966067469304,122.564692419642,123.685891692669,122.336010773495,120.366127189788,121.90973241911
122.134122254249,124.557323268996,119.956360609143,120.658500660532,120.77064835111,125.621377127163,125.442462542182,121.938660532879,121.114526691276,123.50917669782,121.986022068308,123.838542786705,123.294251185479,125.092948817697,123.23157166194,124.1980586733,121.132057614727,120.304258977386,121.471994146977,122.722486094447,122.326314076725,123.392245260415,122.13178392764,120.271640493413,121.748787179958
122.140705858653,124.55434420272,119.973367859871,120.671344813099,120.783826697979,125.616437151762,125.436801506188,121.945720309577,121.126816432549,123.514015026849,121.992460541279,123.845435656792,123.29585634902,125.089838665792,123.234059012722,124.196614710312,121.143722470049,120.320096237977,121.48392783877,122.727032373782,122.331243402146,123.393106292875,122.138859809008,120.28666999717,121.759110210096
122.16501503239,124.579177515316,119.997202658765,120.695334600375,120.807838932645,125.641490044224,125.46181948651,121.969989921012,121.150899118159,123.538604577602,122.016742115706,123.87008077164,123.320419206442,125.114775455854,123.258603940717,124.221369928174,121.167812491182,120.34400372609,121.508083721444,122.7514672418,122.355599505464,123.417691232092,122.163168213941,120.310574077891,121.783329139906
122.338680076718,124.850361011874,120.083403294282,120.812053447518,120.927429626695,125.930087974843,125.747616706592,122.144747126015,121.272368048865,123.727074254853,122.196937968682,124.034466130558,123.548963828462,125.372454066672,123.472166999401,124.477611970923,121.300046794861,120.435688176824,121.635306280588,122.944533530734,122.551825489009,123.651056034384,122.339430918757,120.408486437462,121.930347852672
122.181459006685,124.574285127948,120.030134938052,120.722934155491,120.833671996646,125.636009403169,125.457837182738,121.984650578134,121.178889490918,123.555744075266,122.029043395976,123.893951461099,123.324039849294,125.117078247891,123.267055916351,124.220057422447,121.19219814252,120.377261751694,121.535283119699,122.764460752366,122.363850529181,123.419663432056,122.178287371717,120.342050562845,121.805159592418
122.654257064416,125.341383072233,120.243972229386,121.027529271891,121.14668993859,126.455716150742,126.260578054479,122.470165411331,121.49655793024,124.06889406281,122.529919479049,124.327444062322,123.969967417688,125.819655150532,123.868568561904,124.9471167405,121.547234381567,120.608102253728,121.870994015263,123.292073282265,122.911558135402,124.078915921676,122.666368466329,120.59045349818,122.200676831821
122.370975691197,124.898541675548,120.150856759352,120.852173876753,120.977376578915,126.000133117979,125.778104960842,122.197922291964,121.320115177532,123.776762629428,122.232076868276,124.068920794136,123.609982049687,125.372491807064,123.520595395375,124.535937110948,121.361789881404,120.492851118039,121.694784847897,122.977792413309,122.584546993307,123.692000364558,122.40422840538,120.455448635677,121.997937289135
122.79530074954,125.523928821322,120.32192364075,121.136349503699,121.245748442413,126.656876047615,126.466463252782,122.608862683795,121.611161185984,124.225752076539,122.669011196277,124.475322950322,124.134055398201,126.000296169536,124.039724518713,125.128340917662,121.661812697632,120.702091556042,121.987430846237,123.440882167671,123.053647767717,124.246695112779,122.803868495655,120.687025586922,122.318347445199
123.133793060128,126.004725923592,120.456006702308,121.367592795073,121.460296063001,127.15068823044,127.001191763227,122.925497247346,121.842998907321,124.572898489438,123.014560811726,124.799502543617,124.532450437628,126.50705501018,124.438848675472,125.57914001387,121.892798140238,120.868608052945,122.214371932593,123.807560041477,123.424802916327,124.677153388295,123.107670580668,120.875849025108,122.563171950696
123.346708265514,126.301796389252,120.54541708842,121.516279503255,121.599125222096,127.452236065356,127.330040082484,123.122416379857,121.990573435131,124.787640034953,123.231128983285,125.002255334236,124.778309363863,126.825091741708,124.684287343881,125.856410782406,122.038623614418,120.976809537668,122.357816849124,124.037362868198,123.657731879354,124.94389406684,123.296680087042,120.998792115375,122.717778188824
123.614143601503,126.68445027594,120.655885540076,121.699650745738,121.773232688755,127.839434241647,127.749071362548,123.370291880366,122.17220482003,125.056038533176,123.504314899037,125.252156870953,125.092868672693,127.230661981265,124.993598654987,126.21193020628,122.220337923235,121.108306416427,122.535230579328,124.32781827599,123.954051824907,125.28441395767,123.535948145549,121.149197672401,122.912855726538
123.502448848557,126.507858098502,120.630759288255,121.634677879617,121.712542190076,127.662014184565,127.554018786961,123.269638424125,122.10890398208,124.945747431831,123.389000684225,125.152669074657,124.954658292617,127.04114485558,124.859738984387,126.05117001438,122.156529206467,121.072582922435,122.474453972592,124.203217995108,123.825159500865,125.131577067437,123.439945775735,121.102557920553,122.84134387725
123.08308182076,125.860990222629,120.489489220543,121.371030784176,121.457183752026,127.00728335059,126.854364097141,122.878685436941,121.847941766434,124.526185618953,122.955367465539,124.776902746456,124.433260126073,126.370660757755,124.359392633931,125.454937668015,121.887207221047,120.900776808727,122.217169394087,123.739343524308,123.345452523765,124.56805796299,123.060287197203,120.898070808146,122.543743610349
123.16718499877,125.972346158292,120.533792255546,121.434374533569,121.516503003959,127.123659296309,126.977124304892,122.958751144222,121.912284247972,124.613788041515,123.03944828815,124.859816084729,124.529715515485,126.486405560905,124.456817135698,125.561837557264,121.951367922558,120.952306829887,122.281156149439,123.828824526285,123.433777184212,124.669431635048,123.138827098122,120.95330313394,122.610704862446
123.416146623494,126.333047635133,120.637634567901,121.604028035253,121.676100056334,127.502462956251,127.374159446057,123.194616843028,122.085606746005,124.874981756361,123.290237972608,125.098051944009,124.8317691585,126.854850981511,124.756009189023,125.903806749925,122.127343331703,121.078706664777,122.455026454779,124.099714373821,123.703043238019,124.988436435484,123.371103341325,121.093108537918,122.800353833156
123.164193669257,125.941152078299,120.561634070565,121.449436820782,121.531241944853,127.092346897231,126.942048288397,122.959396879062,121.928087498979,124.61203862107,123.034635064111,124.864516148458,124.514135714375,126.454311282799,124.445696908791,125.537378620424,121.965775685908,120.978057424234,122.297181003639,123.82035016994,123.422845551665,124.64907673187,123.140143981151,120.975042240566,122.620599802933
123.534177341123,126.486177685537,120.709068285343,121.696890731684,121.76332610609,127.669790493581,127.542855203966,123.310490829563,122.182972536422,125.004879122436,123.406546228019,125.219826159264,124.96911138404,127.004896808949,124.896345045655,126.054882517302,122.225207524131,121.160503031253,122.554460462556,124.224404454931,123.82282649046,125.128066496091,123.487271533452,121.176823620003,122.902400532403
123.046631620435,125.755498320591,120.553670283151,121.386990030177,121.478756615935,126.906965333413,126.72858688283,122.86207598815,121.868426408735,124.497979791088,122.917198570406,124.758101665432,124.375208880659,126.241536925593,124.30665704978,125.370854752803,121.911270582198,120.953405836903,122.243292840904,123.688756766049,123.290546508825,124.489525661747,123.049687079509,120.93546268889,122.557451704166
122.663859789462,125.208803335003,120.447767022917,121.141152134902,121.273651107053,126.309635549813,126.08604139429,122.513524284197,121.609750282199,124.076507169667,122.547267203504,124.362168784158,123.922228260387,125.658212102609,123.829338423666,124.845175596073,121.664225334109,120.785041727149,121.987354605878,123.273038690906,122.90013139178,124.005643392643,122.710207257426,120.744526784401,122.293499134211
122.702072141832,125.252897022564,120.475944069013,121.174400844744,121.305318095254,126.356118512092,126.133970253573,122.55046089999,121.643729168948,124.116820914559,122.584765358487,124.401799553818,123.96296990763,125.703675967257,123.871233436156,124.888657187763,121.697638115004,120.815680158948,122.021367841784,123.3124715073,122.938261518846,124.04735450216,122.746941950455,120.775825638074,122.327609946659
122.689644954897,125.224908202655,120.487996809839,121.174427872313,121.308698942139,126.322637390699,126.097407409191,122.541165417642,121.642170625063,124.099881208694,122.573903687824,124.387759932391,123.943681485745,125.673534073249,123.85001367353,124.862524340869,121.697121087615,120.822266810135,122.019639361464,123.296841471792,122.925465339961,124.025729026105,122.737921611305,120.780663461358,122.324972798047
123.09798900744,125.820398216576,120.641401596583,121.44548078736,121.554299781829,126.977505760801,126.774156930114,122.91955879894,121.930557879944,124.557815881111,122.969360298528,124.80692813938,124.438598203978,126.278981822057,124.352882565238,125.433175111695,121.980588031028,121.025132893817,122.314126989408,123.743839833166,123.34688006692,124.543293991162,123.117318316162,121.001264240587,122.638481717327
122.742501167352,125.293337266394,120.540100047146,121.22267182647,121.358773312398,126.406396457605,126.165657286153,122.603224201796,121.696175296255,124.166111582413,122.627355174045,124.443484859835,124.0143913593,125.720069856631,123.91942427235,124.936365865285,121.757449564027,120.875582531361,122.080098489314,123.351956300987,122.977929107154,124.088605171377,122.804680257237,120.8291597573,122.387616707399
123.272415999638,126.042435196783,120.725383707908,121.576379082931,121.666648140942,127.232000447123,127.039345123012,123.081259255702,122.0725459228,124.762970210482,123.131711015849,125.007428866616,124.633293960887,126.511997353357,124.56449191838,125.653912912604,122.113705130034,121.135599918396,122.457922617379,123.928721913943,123.511673678361,124.743758828271,123.278977404364,121.115231437925,122.778228443416
123.017319433496,125.683343901388,120.664638254521,121.415105019018,121.534973384386,126.844601936978,126.607379018304,122.865981445305,121.904058144492,124.482965723635,122.893307032094,124.732886663488,124.348670390807,126.102781813176,124.261620665083,125.317111095258,121.964411708489,121.032310116856,122.295739703026,123.650101318786,123.256712001314,124.430812944637,123.070587904093,120.992360588433,122.612729649313
122.922245038847,125.54211604749,120.651922443602,121.360491659111,121.492520805306,126.68949357925,126.435087596435,122.787276638007,121.845465433492,124.375172214708,122.805818224712,124.628241502696,124.239288181823,125.942252089791,124.144891266191,125.18507411788,121.913623917649,121.001647109047,122.239040812242,123.544554634864,123.162119546883,124.310396532387,122.993991177898,120.953972290749,122.55432939614
122.654871742585,125.148938020845,120.582257877266,121.194927000253,121.350576252328,126.261384705417,125.972349096835,122.556705584792,121.669540258754,124.075448977983,122.554756185068,124.342469103995,123.927562365533,125.511192738276,123.822789087774,124.816644170676,121.752290766761,120.893212915749,122.064827654707,123.248845563836,122.890762591686,123.973966588432,122.765975864362,120.827589066413,122.370391661825
122.80914018636,125.360728374556,120.647989235019,121.303190935733,121.448065072031,126.491682955056,126.216318593526,122.695487545446,121.783682193529,124.247374755556,122.701273254059,124.507917468673,124.103387759329,125.737966095087,124.003819665595,125.0183011559,121.860128152749,120.976824685081,122.179078509633,123.416045293973,123.045938015011,124.159691717831,122.904215486955,120.918404071359,122.488623268
123.287974172644,126.058167092045,120.824439309533,121.618382967567,121.734895758995,127.250857089272,127.014700401908,123.124728910053,122.117948010552,124.784231052867,123.158338661464,125.013050402963,124.669556454805,126.475500539095,124.575712342175,125.675640238264,122.179262465127,121.206644351734,122.516469656742,123.943384065361,123.538078184504,124.758820138203,123.333863828027,121.173356439846,122.848948509348
123.124119740672,125.815886661436,120.788113026268,121.519674464195,121.65088609749,126.992378603074,126.728059616202,122.987479567872,122.014924255405,124.604734699271,123.004381752467,124.838613801926,124.481980743099,126.199441794224,124.382756703347,125.452399522074,122.087080761996,121.147121811662,122.416781129675,123.761326754449,123.369737260313,124.552297199967,123.200082047163,121.100222289747,122.742620444828
123.219678294415,125.943977248914,120.835576767155,121.589758938819,121.716308074088,127.127584403182,126.872235245883,123.073942829356,122.087098857962,124.707293840368,123.096556474368,124.938186351524,124.588869958494,126.338236449625,124.490618610262,125.573193445827,122.156088717851,121.202779779406,122.488421100105,123.864327623052,123.46772666368,124.665666253032,123.285772173107,121.160645560142,122.817622366637
123.461106975418,126.293699082232,120.934852338223,121.752364644412,121.86946595033,127.498134367713,127.26446196242,123.291523198834,122.255733728365,124.968721254337,123.330808707303,125.184971380975,124.87244970962,126.71197530781,124.770996096269,125.899216691556,122.319452291898,121.322572775165,122.657256949934,124.129939498245,123.721773113097,124.967270361323,123.502330430655,121.294355232,123.001168819454
123.452420453526,126.268599154991,120.947059800633,121.755383610531,121.873621185629,127.470571217946,127.233662532985,123.286211556527,122.258139942795,124.957812643483,123.322825805299,125.176560839154,124.857271982404,126.683507743269,124.756771441643,125.877865626165,122.322371317457,121.332109476511,122.65972720097,124.117646377525,123.710654998523,124.949321668021,123.497269836463,121.301683742624,123.001127514575
123.371132086458,126.128983777395,120.931536418102,121.712821323554,121.832445520218,127.322623195748,127.078742011265,123.213223456441,122.213414292463,124.869110062744,123.24195910913,125.098524679442,124.750252966488,126.538234828529,124.655630472979,125.750725623539,122.276842348747,121.309846695215,122.614020826818,124.023932065683,123.618760578066,124.834477105898,123.42442305639,121.272850379644,122.945166997162
123.572481578223,126.435276334461,121.02414755094,121.847883726309,121.967594613976,127.644212342876,127.407045684812,123.404798199804,122.352566646976,125.083749514559,123.445341944749,125.291649098176,125.001760954054,126.845824760609,124.894241979049,126.036264486462,122.420755484253,121.411883183746,122.756442019339,124.246929713088,123.841462506143,125.097398275232,123.616450328961,121.384995782446,123.107247362172
123.448826965407,126.223153562763,120.989447367458,121.77899298703,121.897566743278,127.421603977685,127.179563762758,123.287553986291,122.28127404555,124.951775281359,123.317793232434,125.178938838143,124.834744202831,126.635303703956,124.739530490609,125.8417351024,122.343983407464,121.370671539481,122.68261232921,124.105516054213,123.697323701455,124.920733985003,123.49940601676,121.335118310151,123.015962290719
123.623349665925,126.491018389613,121.074144504108,121.897272842051,122.01764251394,127.702160775596,127.461599396492,123.458667102447,122.402681547141,125.136227606357,123.497854997552,125.341636010012,125.057810280785,126.895384088958,124.949366776799,126.092866371189,122.4729880333,121.461758603876,122.807714160565,124.298207902,123.894103198259,125.152167442836,123.670679129701,121.434130553846,123.159567284168
123.44106449962,126.178604589137,121.012635838994,121.79158768517,121.907840849928,127.375030006609,127.13423224349,123.278465888584,122.293905545188,124.943748509131,123.304875291522,125.181347897046,124.806090602473,126.599148140945,124.718177756029,125.803673289379,122.351561594918,121.39341965896,122.6938990687,124.091360360219,123.677440276494,124.889025210755,123.490774269429,121.354730174599,123.018699964207
123.925729105448,126.951760440753,121.225604305396,122.105819518381,122.22661475218,128.192042156863,127.94555248963,123.764876824146,122.618530884356,125.459534130915,123.813722947835,125.622523524435,125.451261208699,127.324023499068,125.324172718406,126.532655562142,122.706077102969,121.627483449382,123.032011447363,124.629024326189,124.234762032381,125.555651131083,123.976725798403,121.610377748913,123.413235190188
123.962718304623,126.995555800849,121.254249647844,122.138125136768,122.258613086228,128.236418563566,127.99116386957,123.801139591318,122.650916662245,125.496969568217,123.851159178558,125.658783081549,125.49132062187,127.368471026656,125.363826225846,126.575020680718,122.738669460485,121.657163484193,123.06436931843,124.667340602676,124.273478779975,125.596960762928,124.012582909277,121.640932318064,123.446657480861
123.804623718599,126.738114760673,121.207695285348,122.04481906415,122.166387378047,127.973872667935,127.715394303318,123.650094965543,122.557616113462,125.336897542297,123.684219708791,125.52109293599,125.285355666859,127.111581179167,125.168412069907,126.338020510082,122.63907733006,121.599827721481,122.970860695246,124.490566469428,124.087246536334,125.374978832519,123.866283863504,121.57151173681,123.335053449432
123.969132698502,126.982005225727,121.286456274001,122.158739509524,122.279752761699,128.224491166781,127.973041131042,123.811076162703,122.672651235675,125.505371674186,123.855650146659,125.670703654048,125.490277091716,127.350350383141,125.364904111885,126.567319667736,122.760173527421,121.687093465917,123.087224956447,124.669762698875,124.273272110851,125.590596964112,124.024556289514,121.667123628151,123.465776737039
123.966524490668,126.963986404624,121.299609192044,122.165622315623,122.286439129399,128.205593756009,127.953154821092,123.808848087779,122.679491686106,125.502542687927,123.85140436365,125.671947050405,125.479583933552,127.334214991956,125.356289373784,126.552140522021,122.765550701424,121.699008214992,123.093798928222,124.664388889705,124.266110695475,125.577954483946,124.022804969741,121.6774291471,123.469313167725
124.09959137857,127.165814716678,121.368884384126,122.258495575106,122.382019720775,128.412350107582,128.160378192827,123.942401317069,122.773161064016,125.637909667569,123.992385364615,125.788825116826,125.650520375035,127.523148417682,125.516350499829,126.742110295829,122.867132368165,121.771975168105,123.189855123525,124.809643398072,124.419892215966,125.755679671065,124.155378618804,121.756343834271,123.579662720341
124.463659470979,127.75223724427,121.538042707409,122.49686623431,122.632290979322,129.012580115581,128.756005955175,124.312985031393,123.01330021454,126.006461977354,124.385556800076,126.094596446653,126.140847194226,128.056045000096,125.967617531449,127.291281821752,123.136263595218,121.949031863248,123.438608372854,125.21197176643,124.854586712171,126.265591055379,124.523489846558,121.951484918518,123.876639277609
124.683345766918,128.084926855852,121.64072605107,122.646874349087,122.784583958743,129.345810103156,129.099534556011,124.52979804662,123.161319701773,126.222056433313,124.620641555652,126.281098450291,126.418734473291,128.3748796095,126.229692787883,127.601426269498,123.295365332117,122.060153158569,123.587186731831,125.451184231063,125.112401635926,126.560831199478,124.734636454132,122.075843648391,124.047837982291
124.836913087937,128.314291343289,121.717190147286,122.754233203741,122.894008181131,129.574740815365,129.334803048799,124.6817894106,123.267038369412,126.371960073615,124.784945078862,126.411270611889,126.611676279145,128.593934556574,126.411303632912,127.815617894224,123.408931222967,122.141626007096,123.693297458246,125.617695531668,125.292179478189,126.765238188209,124.882983879606,122.166202860279,124.169485516305
125.479114662353,129.33395444394,121.997860640341,123.174156736901,123.330203070876,130.591311730699,130.370508630851,125.32442171855,123.679120705741,126.994343357003,125.483886590558,126.930429012251,127.457170408054,129.542672601549,127.193456518841,128.762481092439,123.865903867868,122.440117215453,124.110154427349,126.322995007721,126.068059846607,127.661561318901,125.510800384776,122.505622720981,124.666848256556
125.112907603794,128.807693428019,121.886205690629,122.935649460715,123.105874845052,130.097328252576,129.798869990763,124.994776092753,123.458130510563,126.666662696144,125.094590682053,126.632591041018,127.039140572375,128.967202217291,126.778606506923,128.286861440986,123.647125372476,122.295020495928,123.906751991577,125.92810286098,125.63755728428,127.182265302451,125.209731198752,122.32153052284,124.440253068376
124.929647779873,128.54417721878,121.841140005574,122.819686206351,123.002988153114,129.841572579709,129.503949142432,124.830829027848,123.347908121262,126.49585586809,124.904475396874,126.476592575126,126.828814737328,128.67825035487,126.563685971844,128.045056325861,123.540124294408,122.226483466874,123.804964681644,125.730438415402,125.429762338756,126.943050938114,125.059265104208,122.234401327683,124.330064442362
124.650401447732,128.138486126425,121.762229603183,122.641142380179,122.840786120531,129.44220834368,129.054636049889,124.57783039981,123.175080191707,126.229552617645,124.61687450985,126.236072375961,126.502159325509,128.243966173843,126.233873691701,127.670643705747,123.369668462397,122.114809113482,123.641517753347,125.428120824149,125.115422405368,126.578138818294,124.82215223066,122.097532513557,124.151636556103
124.572549141532,128.018062827485,121.751928087283,122.597234929606,122.803189953594,129.321168144189,128.918287010556,124.508480369943,123.13191852345,126.153490346922,124.537543923957,126.169057270302,126.407501326856,128.115474041824,126.13717831792,127.559530350641,123.327501902684,122.092505734653,123.600904768889,125.342465905267,125.027878382717,126.471924473389,124.75730107353,122.067524602268,124.106573585625
124.555832330459,127.982716934862,121.761622818376,122.594386649364,122.802108113141,129.28547286858,128.87750859253,124.494770070491,123.129260639376,126.137390667788,124.520055293178,126.157461813201,126.382815243196,128.078429936929,126.112676274294,127.528118419923,123.324683740196,122.098059422045,123.59889774529,125.322318179434,125.006746922238,126.443010321998,124.744954406581,122.070146577316,124.102082824539
125.249285549261,129.021949131537,122.029423751583,123.050832511755,123.245039642716,130.337175979849,129.990155590663,125.148955353606,123.586278807673,126.828731638544,125.231793275038,126.760943416362,127.236982390404,129.116222414104,126.944095807528,128.497952282873,123.796475388049,122.421285975451,124.054017384067,126.07974917717,125.785847615534,127.358924705303,125.384827775012,122.437818705482,124.612568234565
125.92098474003,129.924627045802,122.255645569805,123.510598379934,123.658255201822,131.206429704252,131.008646451692,125.72963756352,124.027122164075,127.458009845803,125.903482248374,127.360719265396,127.959533781351,130.153618936607,127.688817548625,129.323240608047,124.208350845408,122.726147106065,124.462042892704,126.798377802252,126.514717046174,128.181391639796,125.925422050055,122.806121833178,125.040015703137
126.262283279573,130.35252444255,122.369957450175,123.753200286669,123.868353616865,131.607711200615,131.50378055748,126.0097514564,124.253867035416,127.766441933595,126.237948738504,127.671726801446,128.298167833244,130.689617015864,128.046909423577,129.710026891718,124.408900579519,122.884091351553,124.664078653016,127.158877715133,126.875763809156,128.577822296158,126.181209458552,123.002008074893,125.244713023382
126.207979067258,130.275904752565,122.371285092213,123.723467642815,123.845981526185,131.538240952027,131.411390796469,125.971052147458,124.228316109577,127.720970082761,126.185710442938,127.625951712327,128.244237545185,130.585209042875,127.989357106254,129.644145513609,124.389595056316,122.875439825963,124.644559680168,127.099483579932,126.816416364279,128.509818849045,126.147976360934,122.983788337592,125.223792083002
127.094750634617,131.459328843153,122.656685491052,124.326425155976,124.388824189939,132.652754563999,132.750714136554,126.699789876423,124.792846658088,128.523836651294,127.052465967637,128.411376455805,129.166645492541,132.043796610968,128.927648295057,130.704535722437,124.902366201178,123.255696301697,125.155720025038,128.053569398732,127.770539838767,129.574387462508,126.829207077176,123.462126402327,125.767737359559
127.167432424753,131.542236482668,122.693293606827,124.384299715532,124.440841480593,132.729914674262,132.845272734296,126.760191124427,124.847220589681,128.589511272672,127.122592764739,128.48005725017,129.235101348056,132.151963361927,128.999515702436,130.780204733037,124.95117698183,123.299158501095,125.205222172363,128.129066285402,127.845008406591,129.652823948167,126.885652853404,123.512526001743,125.817160571498
127.193467701039,131.569339214715,122.717856627487,124.409530573607,124.466004008829,132.757156152568,132.872810113149,126.785948623921,124.872488253223,128.615713258769,127.148576585958,128.506269375309,129.261499421056,132.179592747101,129.025903760099,130.807030811028,124.976385106826,123.323941846099,125.230487948336,128.155346998154,127.871215356148,129.679461857252,126.91137940671,123.537462581955,125.842559575647
126.966465896391,131.267229570993,122.669703057222,124.264443619061,124.339774145818,132.484056977958,132.521485810248,126.616500506044,124.742952680675,128.422651970902,126.933890994475,128.309618436683,129.038992345603,131.758363565484,128.798683683882,130.545480690986,124.866991090251,123.24887735497,125.120462655636,127.908340142567,127.629107122609,129.41137114808,126.756191730239,123.429585887906,125.72408802263
126.317531140938,130.397321087591,122.494529497786,123.83963471566,123.960880640768,131.677406837489,131.523347157351,126.110374680167,124.352116706089,127.849593050158,126.319377354123,127.735907749065,128.38013426475,130.590443253101,128.1328864884,129.779640002209,124.522276459902,123.004002640407,124.774657084772,127.201774731254,126.941943232694,128.641870753483,126.281593060857,123.103107283265,125.351141186399
126.330074800883,130.407454176421,122.515507396383,123.855713575975,123.978587505271,131.688063227381,131.530348130711,126.125578322823,124.368616748787,127.863084306778,126.333056791298,127.748962044003,128.393248890713,130.594865743759,128.144996702876,129.791007323266,124.540014188665,123.023128458964,124.792102394811,127.213596848588,126.954905953963,128.653219970366,126.297407282135,123.120885253983,125.368743622219
126.264759972705,130.315121995443,122.514573165499,123.820103522482,123.952345888847,131.597661525619,131.416012845863,126.078910154885,124.335008332695,127.802109614866,126.275558347143,127.687157149327,128.3264299754,130.463396674199,128.073776673515,129.709249031237,124.513722716532,123.009870008224,124.76372092903,127.140866962574,126.89041865065,128.574134425999,126.25386688103,123.09821951397,125.338946751007
126.322602290744,130.385459665752,122.548508073894,123.86614876202,123.995758304466,131.667802596313,131.49392022816,126.130363993414,124.380623350638,127.85904929208,126.330783212159,127.743607422314,128.386550118126,130.546979941639,128.134582618505,129.775342876395,124.557267777192,123.047847957748,124.807933365909,127.201991723823,126.948662142924,128.63845128622,126.304563666329,123.139453080917,125.384444643582
126.381407033378,130.458843891669,122.583287357586,123.912476550724,124.040164825336,131.74109048658,131.574223175746,126.183185365868,124.426632190347,127.917104552156,126.387265880621,127.800310688692,128.449037671163,130.6327609712,128.196849376978,129.844119908061,124.60179385943,123.086151385741,124.85288974391,127.264519009687,127.008580423854,128.704917257817,126.356899462963,123.180917106606,125.431403859357
125.769210724203,129.55580949464,122.398323071549,123.531595037367,123.681881640511,130.842592366267,130.562796145315,125.669289043194,124.051648993696,127.321917668795,125.809706448146,127.24631340296,127.748625143403,129.524636190231,127.516467926096,129.028766431586,124.242313029651,122.848245736023,124.492212625152,126.579949781784,126.363157265853,127.937291701452,125.848317958319,122.887441325378,125.022632180149
125.219099746244,128.799387986478,122.25588240696,123.181579864388,123.391244144454,130.044237236278,129.654207516637,125.211045568164,123.692027750094,126.748123606801,125.313366404867,126.690018541437,127.14415267766,128.567206209963,126.881292479525,128.320037116435,123.915553381786,122.620953389379,124.146771945296,125.975286115536,125.831810383368,127.28027485814,125.397642929614,122.617231038775,124.666739714032
124.676119606479,128.076405249929,122.125651497943,122.832630237846,123.119320250916,129.253734495265,128.753365467886,124.762555817688,123.322579069551,126.153719892457,124.837678790761,126.100148169977,126.559555046608,127.640133328876,126.24099201032,127.630249544814,123.591114627417,122.388187580239,123.790719667877,125.382598157027,125.333024317323,126.648905225086,124.955770615031,122.347327447296,124.318131417979
125.668099431978,129.352380501373,122.399704384483,123.495315708903,123.628957504439,130.682408986572,130.372209773575,125.585196407054,124.037410086353,127.277897926751,125.693935803273,127.235673567486,127.608227034698,129.274430716032,127.417526163113,128.864717752357,124.210276202335,122.860190881307,124.484880385371,126.456243995671,126.216289655565,127.770963177142,125.77030298343,122.874835274487,124.976349973564
124.98808349075,128.544839140186,122.26331073153,123.038923256322,123.309641669661,129.815934217799,129.290681598223,125.078376180021,123.562972861241,126.545978671935,125.128624295493,126.431495923157,126.974403532277,128.082677494029,126.667978560899,128.104680151371,123.845336480585,122.569339633027,124.057349848993,125.72861845277,125.633395653268,127.049481118481,125.290334878423,122.522151801531,124.595110617217
125.72855538947,129.400878302101,122.442559650903,123.552868425011,123.669306409199,130.757512119369,130.452075650632,125.6361131764,124.108784136368,127.372753119425,125.735461863958,127.350924795423,127.659230101966,129.336951656239,127.491127211708,128.922141076348,124.265199930115,122.920520006151,124.556461602562,126.515974622545,126.250073165926,127.817248128422,125.824642839519,122.930429089946,125.031480323988
126.261343791171,130.005198637884,122.573283289131,123.926456128614,123.93092640196,131.409311116729,131.276364798224,126.022944510874,124.498466354815,127.953919145877,126.167536865604,128.01459333693,128.133443887122,130.264217515115,128.060650114728,129.49026308546,124.556365702913,123.169972638848,124.905636394432,127.082051121374,126.692112984901,128.357992467654,126.193029444153,123.227491498736,125.337263025533
126.410561581752,130.173721357875,122.623840390555,124.035881626574,124.014025013887,131.588163091892,131.498322705374,126.134570697929,124.611177330269,128.113838661848,126.291450965884,128.195476540086,128.267729066802,130.516702642999,128.216196366162,129.648062535264,124.644655788385,123.248089746731,125.008217914,127.240292874075,126.819607428536,128.509142860949,126.300618147707,123.318029388968,125.430626420488
126.78825857743,130.620492145591,122.726549011186,124.296908233562,124.208624881926,132.064103610531,132.091128877147,126.406652895385,124.881965220251,128.522682268517,126.598183282906,128.655718901198,128.611020152532,131.20045644393,128.610320156214,130.060038865936,124.850672038247,123.422058669951,125.253712169432,127.64789856038,127.140457049506,128.898515566581,126.564672720676,123.526428207773,125.656690100981
126.589558964982,130.373836877092,122.699429620991,124.172890309185,124.123510149743,131.801103796019,131.754916502163,126.275301265616,124.752670320488,128.306220881185,126.444027395273,128.40807579142,128.432620090102,130.799700578885,128.404321722114,129.837982672761,124.761016077534,123.353392627416,125.139974226257,127.428726612995,126.975488068464,128.691035686719,126.43750732832,123.435440521931,125.552239234145
127.058942731207,130.957511980775,122.830870026299,124.488316358832,124.36946295819,132.421303819755,132.512213430088,126.615372437224,125.081030031082,128.816778348778,126.826917184154,128.972896422728,128.874880676297,131.683500262192,128.892596019777,130.369775257173,125.016313089161,123.56144185273,125.442022458179,127.943599790353,127.383365999262,129.187666479571,126.772685955089,123.685779688074,125.84229038111
127.244855205221,131.18546768607,122.894478659092,124.618156404151,124.47495485975,132.659874429132,132.802201795896,126.753476361629,125.214289189075,129.014994241413,126.981893563237,129.192503793529,129.050141312481,132.027220955801,129.082549769525,130.577207038647,125.123226726737,123.651142726166,125.565016235235,128.146460192702,127.548390762948,129.383499376718,126.908605485332,123.791815515015,125.962156931751
127.420442827649,131.407042977312,122.957766769866,124.739802346918,124.57714971251,132.891226869133,133.078683768138,126.886527645112,125.339185758557,129.202108415677,127.130247466955,129.396204626861,129.220621495377,132.355112348238,129.262782115885,130.778204715937,125.226257812314,123.735994085787,125.681722777273,128.339449589873,127.707611913016,129.572236821985,127.040480372637,123.891487024101,126.078838801004
127.059886718113,130.914463870648,122.876070718111,124.518955032297,124.397663214183,132.375210729643,132.455845963196,126.627408490528,125.110445695538,128.813673444331,126.833591285877,128.974563299549,128.860842248873,131.599042352514,128.88815390144,130.340779423192,125.045641728549,123.6067073869,125.470620160921,127.931434501485,127.380032719107,129.168693500449,126.782739848149,123.725626745126,125.860667382793
126.540257167273,130.209605705624,122.750198752794,124.196364701123,124.13796968403,131.622148139264,131.559458845844,126.242774799596,124.770175250708,128.237962957966,126.40450830923,128.348707643034,128.334723991315,130.534149467196,128.334750918902,129.705127058124,124.772536657547,123.408588119109,125.152251152099,127.345714874892,126.912117918201,128.587095511778,126.399316312849,123.480261411799,125.537158983135
127.398527570434,131.322634086695,122.992741189678,124.756646752922,124.577778401189,132.847115029754,133.005181147369,126.897735237229,125.373373637196,129.224743588079,127.111274565667,129.437623819485,129.195780529735,132.199291970838,129.269888043541,130.735128491229,125.260046712354,123.785637995186,125.723218053516,128.298859721816,127.662222219392,129.524349560509,127.051819821822,123.921764040682,126.091953864337
127.339682689157,131.247458003944,122.997302200042,124.725616229133,124.561544495118,132.766582288485,132.894430905544,126.863720100094,125.34035573649,129.158456494123,127.068865252647,129.353723692227,129.145525860945,132.054038606139,129.20981062234,130.669451985335,125.242164669315,123.775657963978,125.696796216876,128.232007721578,127.615847610473,129.463147013337,127.020351958727,123.903136141319,126.069357603788
127.682258986995,131.670611649248,123.100714118336,124.957051957416,124.744640218421,133.212160730167,133.447237945066,127.115681448121,125.580614720252,129.532312330325,127.351606587063,129.785469055789,129.467856819818,132.737656881647,129.560654882181,131.053086830876,125.430795497749,123.928894148843,125.916171127478,128.609474573321,127.917458419315,129.824728704711,127.265819731324,124.087792812942,126.280994476217
128.105738108005,132.204758147402,123.227413200369,125.239079007775,124.971564882854,133.771090765728,134.138511426903,127.426919009304,125.872122949311,129.99153255877,127.702612560109,130.314188745043,129.871397483983,133.605485973209,129.992332424009,131.533865527887,125.661472771019,124.112584601582,126.182623908151,129.079281899462,128.295296380634,130.27717132495,127.570038574423,124.311404999684,126.543185326093
128.739561022423,133.011369430772,123.410285950053,125.656344873297,125.308632573626,134.606444987812,135.179964446857,127.888339933266,126.299350296971,130.669929538091,128.228728876608,131.102154395789,130.474733520713,134.946548257476,130.631352389852,132.253864960815,125.998402021083,124.376674213823,126.5699339868,129.785366502346,128.8657901667,130.957370451424,128.019778209115,124.639141169499,126.928864989812
128.304272085421,132.46801147266,123.31932046144,125.379171566935,125.098277358871,134.056944439918,134.456436650881,127.59331422711,126.022411524603,130.218143101002,127.876518210005,130.547894939507,130.083034762799,133.952434228491,130.209119925411,131.778777220167,125.796425762833,124.223226773805,126.331598252605,129.299254201645,128.480279805137,130.500027176409,127.739154834718,124.431177868882,126.695505789789
128.330846544198,132.495674829078,123.344067323559,125.404780530131,125.123658449649,134.084970698492,134.484950935667,127.619418354111,126.048163133057,130.245175492496,127.902798271866,130.575255653744,130.109870660814,133.981466840661,130.236067835129,131.806154439966,125.821948939746,124.248316323041,126.357323409589,129.326149090188,128.506750875173,130.527090968711,127.765258159923,124.456431573418,126.721281425963
127.756859719832,131.7509685426,123.209616644314,125.043406147378,124.839411617045,133.313975144825,133.511201850102,127.211238266232,125.677528653565,129.627811994629,127.433580805774,129.836565785545,129.561566406879,132.677565122383,129.657969329803,131.146089966799,125.53683156826,124.037556228052,126.026371059777,128.67963550341,127.993272851025,129.906425664722,127.367988655238,124.182930066993,126.3894828895
127.249531277936,131.112919858349,123.100447730268,124.721232431342,124.602618382682,132.627751331874,132.645845576608,126.848993706826,125.33653677071,129.054288275897,127.028848369745,129.134776615194,129.082043812008,131.549817613007,129.130873327443,130.567083717222,125.280743895969,123.844215031921,125.720317078889,128.112751319852,127.560725294772,129.369415543572,127.015171144322,123.939007706567,126.09832377995
128.014145404657,132.051677924298,123.305195358576,125.228321343581,124.980265415899,133.657892005158,133.921931452965,127.413490203846,125.881492253688,129.941868586368,127.64210006005,130.219753529345,129.808628883202,133.166192439865,129.939266318058,131.434933773101,125.70023514872,124.178054236441,126.219180124126,128.95873296702,128.205312525321,130.169271080995,127.569027094798,124.337303618905,126.564742227326
127.666183743996,131.637603032943,123.243745500634,125.005065738272,124.828427420287,133.214552006365,133.334484864075,127.179592434371,125.646560601399,129.548864738862,127.373689000947,129.705069906448,129.502861209513,132.364501591197,129.588866416494,131.061462571789,125.537742302697,124.05054832987,126.016706841483,128.573118404966,127.92082667206,129.817549397364,127.345881948579,124.17046827357,126.38210313358
127.30815483535,131.203535140864,123.178049925849,124.777254380975,124.671115883193,132.744891447892,132.722774168789,126.936195234833,125.403517676537,129.136620135285,127.097859845341,129.169290583264,129.181274252755,131.538094458149,129.223939081823,130.668771229216,125.367373084982,123.918242080746,125.804061165039,128.174239286102,127.627760754124,129.451956701521,127.110796353685,123.999975304355,126.188243455915
127.333015667289,131.229081581533,123.20239522016,124.801751253089,124.695663109383,132.770699836982,132.748435708384,126.961099053235,125.428119249405,129.161777785475,127.122765165423,129.194325912446,129.206537703837,131.563303395894,129.249167299868,130.694253855509,125.392041872686,123.942665309052,125.82877096145,128.199227319937,127.652752870166,129.477231178208,127.135740996598,124.024377285295,126.2130481377
127.724633425621,131.720068554542,123.319911116079,125.061904272544,124.899724992246,133.302658825809,133.402516413454,127.250437911626,125.706549848771,129.614882405008,127.439566499696,129.753229967234,129.582987299652,132.419176500251,129.655108888292,131.142519999463,125.609528677094,124.116224207487,126.085295852118,128.636354704511,127.99058557766,129.890524901563,127.422423538893,124.230927941171,126.46054609661
127.807736085423,131.820270573487,123.359400741321,125.123715611334,124.95325319898,133.408733648421,133.527946314125,127.317388384863,125.770932146614,129.707052777058,127.51129020808,129.862050909793,129.66429321691,132.578757273822,129.740197750949,131.235343283546,125.664678914631,124.164003453047,126.146235210292,128.726989938842,128.066110883203,129.977895211567,127.488917231169,124.284145210445,126.520758940021
127.274096529079,131.101558560416,123.228769660603,124.795623522537,124.690921950552,132.636606548125,132.584764818033,126.927457100376,125.419361936059,129.090248784258,127.077527374442,129.104794508869,129.129451487186,131.30570748366,129.18480714472,130.590983616897,125.389215991434,123.965717485939,125.822139031999,128.116906853737,127.591168804273,129.389384163929,127.100312371706,124.035971879273,126.192316388297
127.071410774306,130.833300149231,123.193317811027,124.674790884291,124.603942165218,132.336300986007,132.214819310454,126.782029461378,125.284629843131,128.841833868689,126.918857164176,128.789338740963,128.92882874506,130.815147213341,128.966324176331,130.345923046007,125.289172431886,123.895602958907,125.698444300377,127.885450971465,127.420635129478,129.169357156854,126.955764586115,123.947724962441,126.073974872882
126.95115026969,130.666479283697,123.177990538343,124.607553567998,124.55605941234,132.148045481916,131.985295028327,126.696397850182,125.208095027999,128.691147003144,126.825306295522,128.598741768872,128.806029355832,130.510234515122,128.834491721805,130.194351630282,125.232869985886,123.85974717265,125.627623558317,127.745892323366,127.318710045603,129.035139168718,126.869884208114,123.900949043225,126.004782998507
126.999381420419,130.723939748227,123.209060443793,124.646672853296,124.592575471481,132.209310709081,132.052466214227,126.739478246306,125.248835179302,128.744651260306,126.869623284438,128.657864155727,128.855876886303,130.588807268196,128.885243546076,130.249148716716,125.270839964188,123.89386410375,125.667793409595,127.79754752115,127.364656769549,129.086703529241,126.913167881904,123.936715789065,126.045197888079
127.231360814114,131.043569235787,123.296687140529,124.798925398225,124.726682985645,132.560458042047,132.450757918412,126.930128457969,125.414215889993,129.020224628493,127.070985476618,128.97608542495,129.107913512842,131.090282602357,129.139345425742,130.543934885645,125.416270733724,124.003615154911,125.829664510601,128.060776183662,127.581983464317,129.352518570042,127.106345531815,124.060498804074,126.213420025318
127.504646210492,131.429237394729,123.400009323319,124.975981641595,124.885950985534,132.981094718035,132.924432668657,127.157713239543,125.605413818418,129.341968378068,127.312410876029,129.343713263254,129.411106304869,131.690348123435,129.440165788132,130.89807331039,125.587718623958,124.129902144554,126.017579573574,128.372352147905,127.844371583023,129.672275966308,127.336634440186,124.203686447315,126.412813907588
127.775204630782,131.815035981297,123.504649884972,125.151402705904,125.046470869544,133.397465973756,133.39188383708,127.386033151839,125.792807917535,129.655438544656,127.555948975595,129.699413430771,129.714699039791,132.287277455193,129.738129126686,131.251264680632,125.758722715811,124.254706764637,126.201755546437,128.680860956442,128.110009335321,129.993107694301,127.566565381694,124.345692847928,126.611002321098
127.4514821098,131.324575345721,123.411990620166,124.961427854759,124.874204084082,132.87004757365,132.794072292392,127.117811262383,125.588899979236,129.278863449636,127.264229842818,129.267465110931,129.340184531828,131.500399768714,129.375712456323,130.808352729766,125.573718487562,124.136863373133,126.00262737345,128.303856802794,127.785427892958,129.593125764386,127.297669013816,124.202792766014,126.38877268568
127.101991143812,130.803400471089,123.313166943977,124.753708441998,124.691890517011,132.29704462076,132.149948462056,126.8223896398,125.361937607361,128.860952513867,126.949654098608,128.786321495729,128.934028541697,130.675949414992,128.972812302054,130.329140062091,125.367489381367,124.003256260522,125.779119605987,127.900044741665,127.441130701935,129.163192722398,127.001933613526,124.045470683386,126.146911585554
126.51383103167,129.946949601554,123.140775215956,124.394978063182,124.385194777472,131.336313702041,131.078448991204,126.317499068371,124.96429698942,128.140328491381,126.421893755876,127.953570718693,128.253014796792,129.343633751571,128.280701871278,129.528229942556,125.007080158594,123.760947056927,125.384696076966,127.227179403614,126.872947873103,128.448036365326,126.496533999493,123.769140156273,125.733612609854
126.896240215066,130.458952669964,123.268261135679,124.647287195514,124.589309399996,131.931365016863,131.74334815431,126.648605394555,125.248121791766,128.62511528596,126.758256873673,128.525343988192,128.676430466351,130.134377039208,128.736644508185,130.022558459188,125.257960974959,123.948733148189,125.666326005996,127.653413278305,127.221659251741,128.888878831798,126.826640845372,123.972752338455,126.007654888433
126.246543735751,129.561822342623,123.096645237443,124.242473060942,124.269227633357,130.893813892618,130.568024388252,126.10471620581,124.790651988881,127.798517439076,126.193345818122,127.533672063039,127.956948146236,128.693810900955,127.96569054842,129.169238521336,124.86451138727,123.670836072977,125.216519306023,126.919599878573,126.627502477219,128.129462989545,126.285294565119,123.659889015752,125.565178630448
126.189754477052,129.480928490722,123.099463944035,124.214204454536,124.254721117953,130.791808073432,130.448209018227,126.061583306189,124.754113138081,127.714979452747,126.149268786226,127.42487247048,127.894845620506,128.546524311394,127.892156167553,129.09090524927,124.838376552205,123.657093121422,125.181070283846,126.853789959791,126.582028620936,128.063079150536,126.242620917298,123.642766069704,125.534548628132
126.002759987853,129.220580828946,123.065420360795,124.103884394299,124.174935487239,130.476247228969,130.091512484027,125.909660640666,124.622535800347,127.458432458987,125.993820178515,127.110122488571,127.688269648271,128.118637856899,127.662267794355,128.840306799073,124.731047404897,123.584112034651,125.050102822541,126.640830282539,126.420036274159,127.845915170099,126.08969379643,123.561091878485,125.411139876916
125.957753532809,129.149381661942,123.069889692388,124.084422151039,124.164415079104,130.386630998095,129.989670051165,125.875954411174,124.596054943758,127.390241623472,125.958844122208,127.02416178812,127.635599713565,127.993532936217,127.60322709464,128.772857014885,124.711968210093,123.57668460919,125.023309713794,126.586807293672,126.382355763713,127.790000074548,126.055173748556,123.550908823069,125.385874846363
126.340724508161,129.68747009918,123.201490215578,124.331368077288,124.374260886757,131.020080362686,130.676159326332,126.204229880448,124.87837126174,127.891863747904,126.295076257573,127.603705689358,128.070563305375,128.796016219162,128.059959341049,129.286761301232,124.962494608197,123.762277342336,125.311015739609,127.020106868381,126.73733287951,128.240634950625,126.390366698331,123.750414223786,125.674586610122
127.070726235762,130.720442931221,123.437593129622,124.79500458545,124.768478255868,132.219182131938,131.99446003452,126.818674354257,125.402643919024,128.833843979055,126.937579480638,128.706640616929,128.891554005299,130.379658319458,128.916954929043,130.261382155492,125.422001439975,124.097852376152,125.839227810727,127.849012594201,127.421674206902,129.102484402716,127.013311385313,124.119878831853,126.209466734575
126.2143767837,129.586184447709,123.222708005838,124.252099436106,124.33994561004,130.954689513586,130.481383499212,126.155858035019,124.808218838012,127.778215116389,126.201694866304,127.366271935243,128.021801085479,128.404369409208,127.971217928877,129.215844368108,124.948160245867,123.743776280279,125.277837956295,126.885632592778,126.637181225594,128.139619391414,126.368570575117,123.700259438925,125.666946192962
126.355277225883,129.753621845567,123.274495703313,124.353096528496,124.418682629314,131.147589823689,130.709216042168,126.269883598391,124.919677176364,127.955626431124,126.321903946574,127.592120554982,128.159541268189,128.683153737847,128.128426523203,129.37702016386,125.038854348091,123.821039466694,125.384503015548,127.038569805918,126.759464623904,128.288245689576,126.479954861273,123.784690498018,125.764016221904
126.678750363221,130.157778954729,123.372270255065,124.57095257719,124.586144652639,131.61721730086,131.263792944236,126.523995362781,125.164034577142,128.372823859997,126.592845064722,128.125023093138,128.48095004028,129.374508286496,128.49161422499,129.760788986254,125.233255582269,123.978631384271,125.619230601843,127.39656558968,127.039405370138,128.636782893882,126.730330492158,123.960610052115,125.980327226351
126.500486410645,129.919997954019,123.345278037456,124.465282731309,124.511500116755,131.337185614057,130.927024466986,126.393754674216,125.041500714277,128.133339788237,126.449770882143,127.809671452628,128.302720398798,128.937701558543,128.289525435656,129.539710999974,125.143397498823,123.914301057529,125.502811675147,127.193362388918,126.888206066036,128.439826365288,126.601653271252,123.883178091506,125.873145112048
126.192030652627,129.50112842527,123.281723217445,124.278732722448,124.369907391928,130.847267325911,130.351220984843,126.161538088318,124.826693731533,127.722385409115,126.197206387408,127.282748213555,127.985891998164,128.199517897143,127.940552846348,129.15091968392,124.978110190619,123.794107584548,125.294929340708,126.841035072177,126.619476544153,128.094213159878,126.369422832943,123.742411722909,125.6751218678
126.5249121651,129.94220014868,123.38875044887,124.497258582261,124.548360116207,131.359066909503,130.93784177668,126.426082248915,125.07348778905,128.156645858725,126.478524923988,127.823530006238,128.331626228478,128.930070770874,128.314944560239,129.564546825952,125.180376263823,123.952934817445,125.537528099649,127.215732701794,126.916142073301,128.464535147056,126.635487560679,123.91880396601,125.90938771124
126.827194765985,130.347372256264,123.489612545234,124.695641604731,124.714217595447,131.823495656816,131.469675860094,126.666695122243,125.295138066718,128.54516850757,126.736497506683,128.3057330414,128.647288061566,129.601700013463,128.651086272022,129.941407048184,125.363949138822,124.096370583787,125.755200755933,127.557002131112,127.190352491364,128.803419939847,126.877465001162,124.079268030765,126.123514476766
127.067841050089,130.673058909983,123.5754421925,124.854701028139,124.850978943485,132.192137107672,131.889839648991,126.860295785779,125.47071816758,128.849112100297,126.944877421282,128.679712059769,128.900955330536,130.137041901961,128.916376316637,130.242611210064,125.512174977392,124.212081661554,125.927843900946,127.828991608441,127.413191266946,129.075597781079,127.072147567743,124.208897977334,126.296638583115
127.534666148742,131.327651535156,123.730968912185,125.152699417187,125.110744574273,132.929856077981,132.727750578302,127.235677913465,125.799824364475,129.438891295052,127.35163987944,129.403096878352,129.403936158542,131.219739465865,129.433145179192,130.842759813152,125.792142210116,124.421383783804,126.252523040379,128.362370163157,127.853351390812,129.615947474313,127.450301816993,124.447124218351,126.629928438505
128.271984954204,132.346572012653,123.9631208723,125.622881010445,125.515572889318,134.054730611616,134.041059930074,127.816205304454,126.309170394194,130.345750090371,127.994844843551,130.546833041807,130.177637538813,132.986120347294,130.230677889461,131.766954501332,126.217223067323,124.73891880729,126.743695539091,129.20298288778,128.551945435932,130.461793739023,128.026332592705,124.819229659467,127.132773626826
128.373461654842,132.470704731596,124.007793162889,125.696903073568,125.580147845892,134.185031661869,134.198923929255,127.89728142655,126.385521873559,130.460514815412,128.085284043713,130.693976387585,130.27584606731,133.204270044498,130.333982010984,131.880148061318,126.28176117236,124.794170881661,126.815316368769,129.314270280669,128.647971557203,130.570654122803,128.10488450222,124.882131394774,127.20353410936
127.981871935938,131.939569966636,123.915691558027,125.456516369312,125.381546106561,133.622104949829,133.496405464671,127.609635155659,126.132932461095,129.999328616313,127.749256648463,130.072221602395,129.888281316176,132.170373010564,129.930167798271,131.41131296929,126.084629670598,124.652649841327,126.584390745498,128.865907193264,128.277816759941,130.129140778818,127.827610873348,124.70069746235,126.969007622291
128.029381217115,131.995167876815,123.946400185546,125.495502476836,125.418038977173,133.680391568984,133.561800114168,127.651793712956,126.172987192602,130.051685358795,127.793611770431,130.133509257358,129.936205890143,132.252077081707,129.97929826268,131.463881952962,126.121706761849,124.686421199201,126.623500647837,128.916551351839,128.323855328728,130.179694748146,127.869346153756,124.736413387889,127.008143128429
128.133854254579,132.130621934697,123.994190470963,125.570045522717,125.485624623405,133.824623414943,133.72920504748,127.738822710886,126.250997783131,130.172249602678,127.888026349175,130.282621500768,130.044416486034,132.478221090385,130.089522606528,131.588163981564,126.190905580283,124.743268823895,126.698824347235,129.032547060541,128.424838118934,130.296471295369,127.955392098934,124.799840584703,127.085119084005
128.410437379966,132.516312160278,124.096739391848,125.750704278454,125.649865217284,134.23719538317,134.208078835488,127.965650163298,126.442084751276,130.497668278573,128.137006568942,130.688291085665,130.342467456245,133.142860015995,130.387131643709,131.937041512921,126.359983547792,124.869674600674,126.883846310511,129.347319729725,128.696781591289,130.61945436997,128.180537960868,124.946065473254,127.280566409685
128.371893180923,132.44978333773,124.100893037193,125.736004166226,125.638635342722,134.165081572261,134.119666366691,127.938903169775,126.425309624481,130.44840199217,128.104528448777,130.619793807358,130.297832157766,133.005725337703,130.343549442038,131.880033766655,126.347933030765,124.868616915795,126.868631582659,129.299198111622,128.658245485777,130.568568409653,128.154346152867,124.939917771745,127.262061164563
128.61207645722,132.797738085713,124.198063042907,125.892666476976,125.78797205992,134.533457870577,134.535285654465,128.145125883071,126.589428954147,130.725219627756,128.328535804923,130.951718771338,130.570007508599,133.57861397263,130.606975534668,132.195147581612,126.501650573746,124.980445317667,127.030257503621,129.573463639857,128.904604266482,130.859712889546,128.359961483045,125.067684285646,127.439287662824
128.694728286378,132.910749997835,124.242587165452,125.952712341935,125.84661855289,134.651466750911,134.665114296945,128.219617550965,126.651211758033,130.816824622906,128.407839860378,131.056664967808,130.662645993057,133.750295077965,130.696574261169,132.29924171715,126.561522142364,125.028463276937,127.091555774989,129.665289125756,128.99018111597,130.957374756046,128.434199736327,125.119948069126,127.505387935208
129.196431174978,133.681595644471,124.441561939762,126.267931859463,126.159263443013,135.460961299083,135.556415792496,128.668176462318,126.97917258874,131.385704856003,128.893096044235,131.714445305461,131.267016577983,134.977341777774,131.264616657094,132.996442002931,126.886008783796,125.248215102113,127.419542829864,130.243567456628,129.530029114179,131.598592055076,128.882007839427,125.372447665159,127.881659414856
129.146881445889,133.597885079129,124.440727043854,126.245764957441,126.139608675064,135.375698474771,135.452371014853,128.629484791295,126.95674541939,131.330264004277,128.846368479805,131.64103261827,131.208084004236,134.812249509198,131.208424138682,132.924348400179,126.866309062434,125.242579739339,127.399352319111,130.183572970461,129.475412439841,131.531227622044,128.84553051722,125.360359284302,127.856241816261
128.741759058705,132.973322113389,124.311841810514,126.002679756329,125.90306167662,134.738536663615,134.723646339965,128.275780704064,126.710508777363,130.889740703463,128.450791067568,131.116006721625,130.727442841862,133.751641985215,130.752963697351,132.366381289006,126.625723717669,125.091285202919,127.160520776249,129.715723399982,129.031393327062,131.007537793776,128.500951986422,125.17488039569,127.579537798677
129.08002374701,133.456141944153,124.44088455417,126.225026494193,126.108120527784,135.248294675341,135.299034051901,128.578374909142,126.941001388224,131.269275443989,128.775606858244,131.566227963507,131.117103364812,134.541228329355,131.140554351616,132.813034802438,126.847777120722,125.24989765138,127.386477618002,130.09580001524,129.382391100411,131.424336769599,128.796798168396,125.35495794906,127.822491488769
129.53170117373,134.104641596797,124.607838536645,126.519518888796,126.380634542495,135.925423514898,136.068596057338,128.978442261418,127.243037379122,131.767605538052,129.210770632422,132.159715608178,131.635714087907,135.61783057138,131.653575069224,133.408822845871,127.1378795845,125.45495418649,127.680395106776,130.603971463579,129.855447088186,131.983230533598,129.186699522627,125.591558786916,128.141546179749
129.644654899542,134.255333046109,124.660759395939,126.600515692171,126.456256301622,136.079535631393,136.244663299141,129.078772377853,127.324511676239,131.887492616621,129.320050607249,132.301191595103,131.759192251726,135.862781660572,131.776780552038,133.547936753108,127.215589296609,125.516233897132,127.759004902266,130.728037110312,129.972660392812,132.116614858556,129.284082564856,125.660309493039,128.224676067269
129.728730116468,134.367748099544,124.70524285613,126.662549362067,126.51591815018,136.194418298121,136.37243679943,129.155376690548,127.386993441955,131.97623299549,129.402343368562,132.402103134831,131.852758656764,136.035574059469,131.868664689633,133.652269888857,127.276683831901,125.56540203595,127.820219491586,130.820036092045,130.060861701335,132.216279202849,129.359254834171,125.714212510267,128.2900703769
129.974133474013,134.72802014436,124.807956656085,126.825082335352,126.674100804178,136.563348040888,136.782406279659,129.377681335469,127.551114838929,132.237423103997,129.644517002772,132.699669043751,132.142168040892,136.609284402197,132.146216320594,133.981779360134,127.440305896983,125.681712969778,127.98169866901,131.096003060813,130.326830504016,132.526218711647,129.577763244631,125.84711787608,128.471213379243
130.333460049219,135.266593180203,124.953421309511,127.058743851871,126.903767218602,137.111932607333,137.389684425831,129.705074745741,127.785772586968,132.615849751159,130.002665920649,133.126405186347,132.572985621617,137.464942853713,132.555626455682,134.472905297985,127.677316533699,125.845315613949,128.212831317674,131.501523618151,130.722509805121,132.988054776845,129.899274431095,126.035976336628,128.734753127033
130.304280405848,135.210455040555,124.958623257285,127.04916682082,126.895189213683,137.055783123876,137.322811561984,129.681524905307,127.776745909402,132.585498526908,129.973431410908,133.087866856451,132.533835458972,137.355198292245,132.519526787798,134.424536791722,127.668249834126,125.847502363339,128.204997263127,131.465378248399,130.687271938553,132.943206881167,129.877244658782,126.033658388431,128.722053233744
129.852557191291,134.495852624615,124.805236716545,126.775279859163,126.621487991292,136.3356899419,136.527098411697,129.267677583571,127.504974019534,132.119634275913,129.514529081497,132.570393399179,131.970803802048,136.210554395918,131.993467204971,133.778038638997,127.385984756502,125.673274048707,127.937525060266,130.94937502177,130.17215517591,132.336140876714,129.472594041617,125.823245791828,128.403552825769
130.347811268918,135.214989081761,124.988917649521,127.09981332371,126.919858985428,137.093694399055,137.362629811802,129.725041499643,127.837806351136,132.656325405746,130.001803614895,133.174299114112,132.561867538841,137.343790663282,132.58222912555,134.45289061265,127.718361727344,125.904480405075,128.266532318355,131.500516191527,130.696503599196,132.964503760321,129.919694206425,126.084479811297,128.760937052959
130.625022219364,135.599762924716,125.09470063959,127.287741233295,127.090283809217,137.489931933666,137.812861040824,129.972993696762,128.026369651313,132.946806768729,130.272694783545,133.509051635081,132.87563991604,137.973872412702,132.898708043185,134.810629311781,127.900363695389,126.037713633574,128.448214088609,131.805727248803,130.987523354966,133.304877133191,130.158769330515,126.237531239914,128.954687752625
130.44681838589,135.331602872418,125.052462219567,127.181596576146,126.995872718752,137.214789763763,137.495939841847,129.818454567994,127.920569601086,132.760577591062,130.098759124706,133.290398079086,132.666353684969,137.508768278976,132.690533421052,134.565873267109,127.798744988392,125.975730554715,128.347664425999,131.604406630417,130.795850377414,133.074155795517,130.010577283624,126.159243076973,128.842184858229
130.425575727238,135.28898272483,125.06141803294,127.176739412513,126.993266579627,137.170213659719,137.44295473831,129.802004020713,127.915599278685,132.737256909641,130.07832659456,133.26070682268,132.636995276536,137.423315436855,132.661912158572,134.528428751126,127.794247339041,125.980519765825,128.34355074259,131.57781319226,130.771312468273,133.040402092974,129.995241357713,126.160584874233,128.835002418994
130.604183171871,135.548450868748,125.140058211004,127.298273066412,127.110578944933,137.43797932996,137.733290001039,129.967205265817,128.038437031135,132.92461651817,130.255905902138,133.463408659558,132.849838676051,137.814536380986,132.868369797386,134.76965495839,127.918284157891,126.070805951741,128.465581947164,131.775836522525,130.964257311682,133.266406309301,130.158310267816,126.261493530766,128.970356600731
130.552526163027,135.454726854212,125.13660802736,127.274917558783,127.088179038713,137.340911436433,137.626501358615,129.921150711947,128.014739613185,132.869729374903,130.203712892995,133.403093951556,132.779424623181,137.658071367842,132.802669565634,134.685321834852,127.892901629372,126.062732934783,128.441990080248,131.714410046976,130.903911510579,133.18977082352,130.113118846828,126.248215830319,128.939074195662
130.438151193824,135.25782932287,125.108109669072,127.21292670983,127.025685481724,137.137087891254,137.409618128459,129.813964880783,127.951722871451,132.749071958847,130.086331121602,133.277593701843,132.625366044904,137.357829967747,132.65997361742,134.505599408971,127.82428339332,126.027611719049,128.377802162457,131.581665326891,130.77082264369,133.025769942029,130.006680188542,126.204360366282,128.858745085192
130.6763297641,135.628843181089,125.215795700751,127.369762078806,127.184746825276,137.521692769604,137.808259368573,130.045221528433,128.111244969149,132.999060764829,130.331317344141,133.529170750317,132.931169311591,137.870951997864,132.946696556886,134.851356914397,127.995101144314,126.144640750324,128.540901056628,131.848305728772,131.040110974721,133.344831407608,130.237613854983,126.33352541691,129.048121272127
130.755520769315,135.742163328963,125.261621289413,127.428186843935,127.243858827209,137.63798314994,137.9280951713,130.122792466997,128.170148153925,133.08069507085,130.412724096329,133.610587738146,133.027728175851,138.018926944051,133.038265818063,134.958071450433,128.056984656593,126.192733260145,128.600625560657,131.934643535573,131.127864787298,133.445044873756,130.314875851732,126.38483256037,129.114650339413
131.227743278204,136.510451897228,125.4689545404,127.729587173788,127.557905336601,138.428724911135,138.734501737543,130.592089464542,128.474643457103,133.568377351988,130.911595091186,134.080054955606,133.658960971575,139.039260017386,133.618713526639,135.671847119929,128.394583849167,126.411752779352,128.914717373683,132.466010428222,131.681671577709,134.102676284193,130.78304829614,126.62876029535,129.491576058898
131.001765946163,136.148560684436,125.399798566965,127.593978304043,127.423821012829,138.068626470901,138.340942394031,130.380188895397,128.342737326216,133.346556554129,130.673502195672,133.855891241858,133.372091050443,138.502714896963,133.347056591138,135.342195935904,128.254754562761,126.328699623476,128.785609084157,132.211903171304,131.415282058468,133.789478489286,130.579889516887,126.526668843703,129.337347435987
131.209100183299,136.455934440484,125.49199025156,127.735020607262,127.562247711987,138.38051002074,138.673444840706,130.579233124453,128.483295412436,133.555884122065,130.888357181014,134.065085759853,133.626896576156,138.927248532841,133.592839603295,135.628946237445,128.40152153661,126.433127815259,128.925546061291,132.439563904832,131.649169796271,134.060981374104,130.773778119224,126.643385394816,129.494502032295
131.582678105618,137.028594546829,125.648563771121,127.981037660658,127.80702012843,138.959906032755,139.287336723857,130.939153853353,128.727716389781,133.930653418969,131.278860974702,134.43286927559,134.097212481727,139.712367972075,134.040541227011,136.160610217226,128.660725593613,126.609492684839,129.169868691024,132.85276482283,132.078296046639,134.562331369786,131.1251393205,126.84317753369,129.775397714809
131.722008531262,137.229164845686,125.715092043969,128.079181624308,127.903517300755,139.160190009394,139.50263137141,131.071594142888,128.824228096377,134.06791264609,131.423265386966,134.569640950473,134.263901839181,139.987743317645,134.201355829598,136.347052594876,128.760305724174,126.683385202981,129.264960057193,133.004379758293,132.23530994583,134.741140079817,131.253647462591,126.925829177487,129.881279364751
131.865870935586,137.441248043268,125.784814439586,128.179510822445,128.004023070548,139.372239070507,139.727097211024,131.210093970281,128.923115885489,134.209702143157,131.573498289458,134.707660133985,134.440210931542,140.270947021259,134.369059120732,136.544156372782,128.864196380757,126.759167963759,129.363350572363,133.161599795465,132.399526638925,134.928960802,131.388963867999,127.010241553097,129.992646619659
132.007535321764,137.653823645315,125.855127250247,128.277906312218,128.104165756516,139.585008156096,139.94911107647,131.348359737284,129.020291377796,134.349323460491,131.722625855883,134.840564464452,134.617403161358,140.546439583927,134.535690742211,136.741904760696,128.967968650965,126.834062617123,129.460872606413,133.316775471701,132.563073244898,135.116481747045,131.524767982387,127.093171158374,130.104402122942
132.332864477394,138.170389726074,126.00104392504,128.491244036183,128.32558935511,140.101998689726,140.482672241473,131.670141748605,129.230635823704,134.668421075291,132.070812500606,135.134624737764,135.04307609487,141.206396961155,134.929217400092,137.220354800184,129.199605574967,126.988412159649,129.67388605418,133.677372250115,132.949825607787,135.566444067336,131.841392531815,127.267176177931,130.357490614869
132.544654391436,138.49428530446,126.09908859883,128.634696973707,128.471919504068,140.422689685416,140.819040696421,131.877006963107,129.370661441123,134.872789428015,132.296622923213,135.325465051218,135.31093338721,141.62454486731,135.180081588643,137.520183034544,129.350503476826,127.093382931859,129.813553410033,133.909694945937,133.199127492435,135.852216000106,132.042987831958,127.385743233893,130.519809574461
132.242675878595,137.993214341284,125.992907425325,128.451738476459,128.281940359744,139.928968537148,140.30155168274,131.580787090836,129.194362607669,134.586474063269,131.967633665978,135.068001562304,134.906881359506,140.971184768473,134.808579765807,137.061059081524,129.152730938062,126.977224360153,129.637364875331,133.572149362192,132.828184629781,135.417789804599,131.755655444226,127.246008503364,130.302189661241
132.459573548528,138.320166619588,126.090500099599,128.599341715572,128.427375723002,140.261851859671,140.647211045951,131.795130279706,129.341378857994,134.802355515058,132.196345623936,135.267771776858,135.182250382986,141.381297515521,135.073231405982,137.369568749637,129.310366812038,127.08750996893,129.785174894509,133.808461374194,133.076727593136,135.708386822023,131.965133167781,127.368112655069,130.469233536418
132.151037971487,137.815840631632,125.985958767049,128.41116876101,128.239785351961,139.750235192351,140.116467736563,131.490303479928,129.15532905984,134.498946242255,131.86525363819,134.996949282537,134.769173351884,140.742748816,134.68337017725,136.899069439498,129.104176763656,126.964259288892,129.597396468354,133.465831299815,132.709196742541,135.268885678224,131.667969047445,127.223920359934,130.245040526489
132.416436555647,138.215486478125,126.099587425635,128.590263415072,128.412002959596,140.166179122276,140.545048653498,131.753149017408,129.336661916442,134.770059773133,132.142200614273,135.245720404368,135.107891051361,141.233179577662,135.014406655434,137.280395216874,129.297357837741,127.098599686186,129.7809636078,133.754451461143,133.007671488701,135.624112493095,131.925871754682,127.371180963142,130.449319617474
132.835410119606,138.857773839451,126.270909784834,128.867431086082,128.680636509881,140.829848251151,141.230423166124,132.164959928551,129.615427849646,135.193487159035,132.581151388354,135.63082567207,135.645791819001,142.021733900509,135.535423862942,137.888667187542,129.594957972805,127.300637247824,130.06247399503,134.212076656943,133.484625375526,136.19146964688,132.329644985604,127.596100552604,130.767476772284
132.613392763126,138.5089729777,126.207242687191,128.731597242832,128.553408776443,140.476340546001,140.851301525241,131.955314728565,129.482143964365,134.976513810036,132.348314976459,135.431617655539,135.363747649744,141.564927817969,135.259918734582,137.563979363149,129.455628721803,127.215903466708,129.931952964712,133.967850823647,133.228065899665,135.884850399012,132.128485292752,127.493675267007,130.617334851828
132.658079669178,138.564500169067,126.238862318626,128.769025757,128.590134334409,140.533053715152,140.909653525079,131.999082282045,129.519719225606,135.021716481674,132.393637685165,135.475419843266,135.413749590415,141.628371094663,135.309469904413,137.617680030942,129.493698946574,127.249374647633,129.969549894088,134.014498882122,133.275260676741,135.936576012901,132.171793686478,127.528388410199,130.656511636446
133.033993113826,139.142808915969,126.394370103828,129.017575517134,128.833421201054,141.127620853222,141.52366718968,132.364691644967,129.769147007224,135.39975499053,132.786050651334,135.816047028504,135.894162361391,142.326449427327,135.771723659834,138.162187060232,129.758438725069,127.430022959543,130.221205786804,134.425748959552,133.703904102777,136.444785945156,132.531391099946,127.730385726284,130.942744276232
133.063913763752,139.175843064178,126.420728302797,129.045446761701,128.861172320059,141.161114800458,141.557561527057,132.394298409817,129.797135974994,135.430077955443,132.816076591951,135.846140376934,135.92555361516,142.36148060888,135.80294497224,138.194655114978,129.786523839772,127.456853150398,130.249259306811,134.456280079657,133.73447780184,136.476630867661,132.560931834111,127.757526455389,130.971256480819
133.381349553751,139.665696647946,126.556050750035,129.256173306757,129.070891111057,141.657873297269,142.071885070076,132.701795308251,130.006322126701,135.743494783825,133.149382835764,136.126201703666,136.329967206843,142.946876369664,136.187485180818,138.652300265393,130.009139373685,127.609315729507,130.459445150441,134.803804513264,134.100900175712,136.906468044111,132.862918760703,127.929358281825,131.213125376568
133.396174965425,139.675128808643,126.576799377881,129.274371234603,129.089129932791,141.667640619829,142.080820308937,132.716994566368,130.024821020924,135.759156530198,133.163516974382,136.143187598801,136.342155983279,142.952956239378,136.200397837123,138.662876976732,130.027179304317,127.629590131654,130.478082732198,134.817757250392,134.113890720109,136.917640276465,132.878447759871,127.948853888988,131.230692772625
133.398026463611,139.663061884219,126.59228979829,129.284446838303,129.098875674442,141.655722258952,142.067838147489,132.719280690168,130.035279879712,135.76214493772,133.163663019888,136.149521425877,136.336759905616,142.934718689172,136.197165547537,138.653504101632,130.036201783437,127.644235378361,130.488485573898,134.817293119522,134.111217775851,136.910257029194,132.881196469454,127.961917330803,131.238241258793
133.74745935127,140.226332001217,126.748657831764,129.512546137602,129.335938867638,142.224247675143,142.641466973337,133.068173366187,130.261448972425,136.104505803262,133.539170832794,136.441253088444,136.802555319591,143.565464112445,136.627169304388,139.178447335713,130.287133331366,127.810085178478,130.719593186358,135.202624583711,134.528398136287,137.400130402071,133.22649384827,128.147686808802,131.51386485824
134.033592587195,140.671436626945,126.875482899999,129.703409672017,129.530060124324,142.666996819247,143.099551994924,133.348460743154,130.447974415662,136.378989865025,133.845547842928,136.680521832076,137.169799579702,144.077618301432,136.971312325199,139.591660081029,130.488939182494,127.947603465903,130.906253535531,135.515377912845,134.8673351226,137.792126272346,133.499946362375,128.303762847914,131.732006541017
134.216637503984,140.949083536421,126.961529754888,129.829108420545,129.657331599224,142.941704833684,143.385195198363,133.527167867194,130.57037475274,136.553510853531,134.040992396716,136.834362726133,137.400257556775,144.396653640359,137.188236768861,139.849624088377,130.620044741176,128.040306793442,131.028080011576,135.714179766349,135.082596676442,138.038470449233,133.673905403422,128.40823996393,131.87246516057
134.484678923445,141.368240166252,127.082707446912,130.008282658922,129.841236180612,143.356336972869,143.812593871821,133.79142181679,130.744673256839,136.808236621691,134.329963031606,137.05381381386,137.74666587279,144.869397052853,137.51061868678,140.238359442028,130.810307324933,128.169616399835,131.202624223688,136.00701647119,135.403088580252,138.407839680242,133.931766938148,128.555033892402,132.077811930531
134.579562627803,141.50628021617,127.13495304917,130.077566990993,129.911725468046,143.492847456607,143.953219338434,133.885012435568,130.812447672392,136.899132974079,134.430892331748,137.134852383912,137.863722659394,145.022822715052,137.62097717543,140.367576567427,130.882506058949,128.224347400404,131.270329426229,136.10896782434,135.513105561743,138.531743189446,134.023349500943,128.614918907995,132.154216807079
134.289503543963,141.011696734606,127.030175275516,129.903113769059,129.727001261855,143.005391480013,143.456513899576,133.593770111244,130.644462729418,136.628205046681,134.109295107723,136.916624791123,137.462403043951,144.481491085026,137.256449075615,139.912208652636,130.688769045499,128.113000536005,131.100306722862,135.786415700752,135.148928775602,138.103180146048,133.739331070908,128.481919954377,131.94058629747
134.433820459463,141.228907834461,127.101349985647,130.003953479035,129.827679891651,143.22651024543,143.680742487141,133.738938272778,130.744955272825,136.770577243869,134.262933134926,137.039747026325,137.647652319544,144.71476542311,137.433280388633,140.118461255529,130.797677885739,128.191091072973,131.202093512198,135.942195363395,135.315582624994,138.297188795642,133.88189968359,128.566958364043,132.055582387782
134.388046904886,141.138126521741,127.097498741287,129.983887696445,129.806647938458,143.134018460696,143.587910253182,133.691793805876,130.725302488388,136.726777868034,134.210785964896,137.008962792213,137.575950026323,144.618553880013,137.368107610258,140.034434572729,130.772126100559,128.184249113847,131.181392076633,135.889515643659,135.255214097249,138.220660634527,133.835984498593,128.556078981181,132.026046919055
134.346319378633,141.051600857459,127.094429209861,129.966722668206,129.787662085503,143.045503082959,143.500893417198,133.647736315864,130.708331422054,136.686600179554,134.162397700917,136.982306535012,137.507615852918,144.53106727321,137.307197189449,139.954333203508,130.748684795755,128.179166309123,131.16291360119,135.840993882333,135.198695329961,138.148393814535,133.79264455548,128.547468246945,131.998338021656
134.251437866724,140.87234446054,127.067927661872,129.916614982286,129.732970359963,142.861755517911,143.322777531747,133.546916107067,130.658164023338,136.593629185656,134.054455587384,136.915318811746,137.36136138588,144.356987183452,137.1761371389,139.786630208779,130.685475869364,128.150192115177,131.109186330703,135.733444720846,135.075607741372,137.99606955503,133.692475337272,128.512623231097,131.926661690093
134.717721797231,141.657706988136,127.282874338356,130.216267539283,130.050423432216,143.670047268873,144.102479367299,134.04000359188,130.960315498241,137.058621721704,134.5706856176,137.281289475638,138.02580144376,145.103294838197,137.783136237633,140.531454394609,131.038416564685,128.373953841088,131.426885892463,136.247079293624,135.647395758797,138.679719007306,134.184571069643,128.756142192091,132.311951291442
135.00294152555,142.097805282991,127.408768438282,130.408272759327,130.243141710266,144.108606548318,144.554358036239,134.324908128612,131.148346207105,137.33158172251,134.880773072959,137.510793368916,138.394006656088,145.558378238937,138.133324744878,140.944279256267,131.242972448263,128.513933777368,131.614984569831,136.555548736575,135.987538231606,139.073259025003,134.459780993904,128.913487061295,132.52821324172
135.601266638936,143.034727077569,127.655004494346,130.801905894104,130.638446771836,145.035924553004,145.516051978293,134.917473992328,131.53050976099,137.8968633011,135.533136776231,137.982326995631,139.169493246562,146.531641801355,138.867829913816,141.817861818509,131.6592173141,128.790184262998,131.995105940971,137.204742978292,136.707921719733,139.907731002459,135.030432972666,129.230359628389,132.970711141535
135.701928088749,143.170419688119,127.705557802725,130.876927295318,130.710503804589,145.16690258704,145.659871598695,135.012137255198,131.602438971915,137.990268717104,135.638891244985,138.0683345001,139.283618879017,146.685297341749,138.981012852007,141.944306846573,131.731519710919,128.847358777315,132.064165183664,137.310875293523,136.821831388008,140.033288607297,135.120039478429,129.294689436262,133.044754753188
135.607897769406,143.016792798104,127.687860439103,130.82371801257,130.659550849002,145.021138864511,145.497084772271,134.925981262224,131.553953567732,137.908219305896,135.536139075241,138.001075433074,139.164477077457,146.509658646895,138.866534568735,141.805723160238,131.680464012977,128.821343463655,132.019192234413,137.207526821868,136.705127907462,139.897478117086,135.040538002662,129.257910725741,132.989889579003
135.38176175445,142.654056380683,127.62013137385,130.686078696661,130.523045374915,144.670933641754,145.119013488914,134.712412929993,131.424099532098,137.703159972413,135.291221087691,137.831793241133,138.875427966875,146.11267768605,138.592090276474,141.474389326512,131.54139896097,128.738649103068,131.893758501575,136.959722891294,136.429535941045,139.577282128277,134.837881874528,129.154450861355,132.840155419725
135.686091177744,143.113127578776,127.74714879042,130.890780846581,130.724514618612,145.12549254226,145.598934491641,135.005642826974,131.623804097699,137.992456029075,135.613766569678,138.079667222481,139.255025769707,146.601912625983,138.957846622071,141.90249033236,131.752157620152,128.884959330817,132.090886126604,137.288659945284,136.783834671867,139.987187596884,135.121204483816,129.321328523345,133.063216642224
136.232837809961,143.948211527433,127.962516775362,131.251731733533,131.080117986968,145.946981302807,146.471306052872,135.527912893703,131.973030781761,138.505992968602,136.194323053891,138.517519740959,139.93855490919,147.498086681985,139.613318144823,142.676525449195,132.120622808116,129.134523879134,132.433649824432,137.881483495915,137.425490487265,140.729736088617,135.624484722054,129.611313870752,133.455521338823
136.426098782698,144.219004982347,128.043690235148,131.387554781156,131.209158019625,146.207470852476,146.761140041804,135.70498065148,132.102129734506,138.683036501663,136.395458898188,138.678250449946,140.160185909253,147.810048899788,139.832379333494,142.926096421645,132.249494024158,129.23039476593,132.556311294524,138.087502803887,137.645164035318,140.976129053935,135.791937206757,129.723334556629,133.589361899255
136.335814268871,144.072109951307,128.028423445849,131.33705252767,131.16148609521,146.068031966897,146.603891028008,135.624722024423,132.056204062706,138.604359597295,136.299255554618,138.612930958322,140.047573864112,147.638971837721,139.724028498913,142.794258430861,132.202262306918,129.206719094263,132.514080574268,137.987876526847,137.535358781677,140.847489579045,135.717321192295,129.688885173829,133.537853374473
136.00896204292,143.556520804469,127.926502465149,131.135057654593,130.96269466442,145.569515693501,146.062633692225,135.321966212008,131.865081767682,138.306875900049,135.952947119886,138.362755800322,139.637922928519,147.066716221272,139.334299879105,142.324203466943,132.001400096292,129.083039052592,132.329898893628,137.629592749334,137.145784099449,140.394509999802,135.427755213157,129.535167523056,133.320338196834
136.240794776758,143.895426487772,128.023097618186,131.293563040425,131.114307198129,145.90848188305,146.424456035366,135.540929545428,132.020738617056,138.530019371618,136.192324955654,138.558759074258,139.9188620269,147.43664195754,139.609976854497,142.641658579832,132.161429945963,129.197691437008,132.482694975606,137.879227244181,137.406474543195,140.697643273079,135.639920405691,129.665297898962,133.488932073161
135.863432541477,143.301150496833,127.904599135532,131.059839156793,130.889211134379,145.316452697042,145.792759179875,135.187113963974,131.793287483118,138.171935284725,135.798273621854,138.257761091174,139.440275344989,146.790991707037,139.148582952748,142.091697426592,131.922565760676,129.048883518527,132.259621462106,137.465687217758,136.968209798417,140.176950512554,135.2976104851,129.486308936694,133.230535658213
135.595477201877,142.886394266502,127.830089420851,130.89498846768,130.739724008168,144.888876449832,145.337258693386,134.936034138797,131.628084378408,137.905940561488,135.524796636428,138.031431305294,139.102241180126,146.339674934947,138.810824982174,141.7007653944,131.752824006352,128.942990589283,132.09667571999,137.173377506684,136.669430750972,139.812076892259,135.054284168378,129.361309193534,133.049458921742
135.322532247306,142.462477005056,127.754224907976,130.72754517455,130.589056701784,144.44463750609,144.868948357298,134.679276731618,131.457303017307,137.627893061412,135.248655036432,137.795103779996,138.755368512098,145.88480367315,138.462246468886,141.298672991156,131.577770741911,128.833341050406,131.926364063637,136.875188751557,136.36897588068,139.44073778086,134.803512662733,129.234114703055,132.861730702976
135.651172531182,142.94753471918,127.88089173208,130.947477728156,130.790787888126,144.958177002741,145.403025210931,134.992073414668,131.68377002283,137.969665865443,135.578158203685,138.093733992057,139.162073109629,146.396769953159,138.872779604539,141.763537750458,131.807999495489,128.996355965536,132.154260321164,137.230303690135,136.722056241745,139.869872445698,135.112027465635,129.413175303492,133.106317276486
135.671267262713,142.965550018348,127.903966990963,130.969079948446,130.812727906891,144.97607720857,145.420482099006,135.012474699719,131.705422275004,137.990035176429,135.598208743245,138.115066806998,139.181188593221,146.414777411399,138.891825472674,141.781860970805,131.829620772456,129.01889716748,132.176007292549,137.250105554234,136.741756409062,139.888562479645,135.132561589206,129.435394563254,133.127834190086
136.307528235385,143.949750191773,128.144031938887,131.380601977176,131.204974421788,146.00710884472,146.481895785315,135.61735252377,132.126300838573,138.6440725082,136.243884556892,138.672131334512,139.990293399584,147.433691192561,139.683356234976,142.711552958467,132.265554836076,129.314434737771,132.602594544599,137.946524116747,137.446310922632,140.743841117774,135.732992347065,129.76548833586,133.60506356084
136.581448405048,144.334934331293,128.24742657584,131.56790500027,131.375479970737,146.395222601184,146.911063044547,135.862729758188,132.311411363384,138.912426516911,136.517076890447,138.918058820429,140.30308117762,147.874342590819,140.001175580007,143.070220508841,132.444154704623,129.446630783254,132.780593251606,138.240735393522,137.741682408783,141.088179282518,135.968323668123,129.917964952581,133.794236754938
136.290342495527,143.895999195429,128.169960578193,131.387762162108,131.212824796899,145.95503404551,146.421483937219,135.607681547545,132.134933429611,138.630838584945,136.226049962518,138.667733058071,139.959032238854,147.368184663944,139.656562183933,142.667618324756,132.273888178797,129.336558215231,132.612415465253,137.922368054356,137.420042173231,140.704710273464,135.724476415841,129.781750617886,133.608095083068
135.821523169067,143.194030543484,128.035311151765,131.093239315842,130.948523656353,145.237112597063,145.634586575706,135.191097128468,131.840438244947,138.163591141635,135.761496008059,138.251155252094,139.40090715695,146.57160202623,139.093593400296,142.016411488946,131.988529407976,129.147159818594,132.327536743013,137.410418202715,136.911253646084,140.091545753,135.322164801384,129.555355400751,133.297412565053
135.622130020927,142.898777447347,127.991869348818,130.971616592186,130.848282509718,144.923344801663,145.289198629127,135.016019235044,131.714733184442,137.954668143016,135.569848992972,138.062166335344,139.165018340009,146.231912085197,138.845183442803,141.737621723378,131.870935999049,129.071188759921,132.205817625832,137.193176012516,136.704919505114,139.833439506077,135.153163939548,129.464744203565,133.170750328482
135.216462456142,142.295486788832,127.882328849502,130.718324785928,130.630719859119,144.279652510253,144.594025450605,134.654631218766,131.451158539535,137.524907769159,135.178960796075,137.675999036353,138.679598385044,145.554668056321,138.342264722621,141.167443945171,131.619740554585,128.9030417117,131.946223408413,136.750120420193,136.283430633037,139.308932634232,134.799503040053,129.270311279607,132.897017885059
134.923408972274,141.863041607477,127.810970432634,130.537078484489,130.481587087994,143.806167875711,144.083885236499,134.3947570482,131.257817153058,137.202592271715,134.902066707868,137.383399153802,138.330008019207,145.068256571778,137.971271336573,140.754124658054,131.439131388418,128.782200090333,131.754709801851,136.430406081462,135.988011781917,138.933383910644,134.544255261259,129.13245956129,132.70079417153
134.886892506283,141.79928352851,127.817104283671,130.522209247759,130.472964004895,143.733434961929,144.00479018848,134.364633438635,131.240161832676,137.159330659099,134.869079066763,137.346308304922,138.282250076271,144.995311598464,137.919218167437,140.693823067165,131.42406009942,128.778646754754,131.737111717735,136.388636909004,135.951548962236,138.881021317814,134.514672297569,129.125892970917,132.682410087152
135.018559163646,141.984947188848,127.875859644079,130.614672141343,130.557514111378,143.9349753445,144.214312257602,134.48630546776,131.337581981109,137.303364118073,134.99590463343,137.477916155838,138.43766420302,145.194171861516,138.078234894937,140.871907835576,131.518867208818,128.851762312636,131.835661217732,136.530883562412,136.086021540099,139.043812068155,134.636457265179,129.204055254219,132.785117292204
135.113736396494,142.118870054658,127.924002907627,130.683459472813,130.622609167266,144.079102328127,144.362118467434,134.575620129034,131.409491764787,137.406445495462,135.088776574262,137.571611740487,138.550575708917,145.334606647942,138.19141510982,141.00001826913,131.590117218411,128.907935398713,131.908822305157,136.633643690527,136.184745923465,139.161305906983,134.726256201413,129.263526466861,132.862508814474
135.056885966185,142.013914963588,127.92016402662,130.657506717018,130.599368272647,143.96284207943,144.243613444071,134.524442675712,131.380235534387,137.341354398879,135.033424479638,137.519766666346,138.470743761409,145.226583037496,138.113593351038,140.90248652067,131.560274572465,128.896412697269,131.877641509426,136.567556499099,136.121823395211,139.076578796577,134.674150352829,129.248210082793,132.824791758395
134.880111963815,141.710012546842,127.871205027192,130.558168986126,130.50302215054,143.631075940181,143.911622407149,134.357864551698,131.2729430125,137.144460170937,134.856927462919,137.358909306703,138.23024215206,144.923640139634,137.883181597711,140.618092557471,131.447901355991,128.8319685658,131.764080588037,136.366759411651,135.924971972201,138.825320073591,134.50457353641,129.174847499023,132.691370190266
135.011840215126,141.910578600346,127.935500114903,130.648624299344,130.592114453307,143.847854702513,144.126882586021,134.485739209684,131.368032997912,137.288216456363,134.989350161955,137.483220343308,138.397719070259,145.121310869796,138.045126591006,140.80888880548,131.54653146626,128.904399104788,131.86305472321,136.511322523272,136.068026484645,138.997831507607,134.634072071287,129.25157230123,132.801100390599
135.05799416056,141.971185551379,127.96833953884,130.686401179238,130.629934478579,143.911603152733,144.190030426471,134.531396737902,131.406692448337,137.336752788393,135.035972684004,137.527920675709,138.451535925192,145.181134164611,138.097413973405,140.867379892462,131.586170809563,128.938579505868,131.902580729005,136.560155029513,136.116942063436,139.05262582423,134.680064211148,129.286607516199,132.843084969747
135.138575206872,142.09151245833,128.01531674991,130.745089975856,130.689657063355,144.03969265341,144.314979076042,134.611909996625,131.467393534168,137.422688525253,135.118943346325,137.602162812577,138.554060277538,145.295330602386,138.194485217409,140.981969822682,131.650539932812,128.98802756871,131.965800994434,136.647827438038,136.206317874398,139.157354191336,134.761536594464,129.338239051817,132.913763948092
134.69468757041,141.29972275655,127.844622631231,130.48475170524,130.413831927468,143.187121193761,143.500524872646,134.158008266968,131.192713477548,136.941199485695,134.644775235834,137.230226190313,137.910879704546,144.58667291633,137.607882350479,140.239427973237,131.336103832153,128.804350920448,131.668321932912,136.1442278497,135.675391326902,138.498175743145,134.299643398542,129.136525924797,132.545900494984
134.945008428422,141.691145321738,127.952360550239,130.650051754603,130.571461700039,143.625260709314,143.927080261599,134.410925758713,131.3698695903,137.223666154159,134.900974494323,137.465582645104,138.243635522968,144.950787829398,137.93584765209,140.619960108786,131.525107142225,128.934869898814,131.856096049449,136.418826103848,135.948320302678,138.837349541974,134.554217192677,129.273151171135,132.75285582071
135.443134569861,142.491332703358,128.15293088757,130.969214920904,130.879114064715,144.514037635215,144.793848863288,134.910398861569,131.710144028346,137.780623501205,135.414138782199,137.923545059615,138.913084490411,145.691853911536,138.588061566156,141.390292769478,131.889837210016,129.178002868439,132.21679893409,136.969016430475,136.501014500446,139.524524193293,135.056656586705,129.531972807533,133.158641792752
135.600221873776,142.722066979425,128.223549818137,131.077992821094,130.98200588471,144.761333818326,145.046933757965,135.061387810938,131.822272920459,137.948199790159,135.57400945241,138.070399143457,139.105885261079,145.921246702574,138.779915470498,141.610056437724,132.003879389335,129.262344886649,132.330749056116,137.139224961025,136.671827601557,139.727753522924,135.205259717658,129.623276100601,133.282020537899
135.304116785373,142.236181273067,128.13303851,130.900629700546,130.81330251149,144.237629116664,144.515226829645,134.777981721856,131.637642675001,137.629441604745,135.268539216815,137.807754037832,138.715705816721,145.450563442095,138.400107435398,141.153851181209,131.810795917256,129.143864709149,132.140188445548,136.809426653486,136.336513865735,139.313473684282,134.925589157993,129.487876790537,133.062958048804
135.207687523238,142.07009483375,128.115141669393,130.848755101969,130.766472116404,144.053757766345,144.329117250482,134.685978906339,131.581783024356,137.521322316411,135.169932064249,137.720888943466,138.583992676407,145.291579833462,138.269681296708,140.996999942108,131.752375137463,129.113406355532,132.081655873764,136.700698800281,136.22801499031,139.173715678111,134.834692017743,129.451819099006,132.995354800336
135.209153342406,142.057382658291,128.131354552523,130.858853221537,130.777191450394,144.03765249333,144.313183667157,134.688029972668,131.591157028197,137.520718845922,135.170754105071,137.725092240787,138.578040421578,145.281766015625,138.26449947294,140.986173927962,131.760940302446,129.127548089586,132.090381541482,136.699712360596,136.226757223271,139.166366284131,134.836811046126,129.464916964653,133.001960147292
135.386933003482,142.335654620582,128.213890650139,130.97829473674,130.895807465385,144.338339424872,144.609280413283,134.863667873944,131.715677620976,137.713241437297,135.354280390028,137.886469435157,138.80965234209,145.540508011033,138.486824815211,141.250466354369,131.892971382987,129.220955830343,132.220489191629,136.895145368493,136.425718913034,139.406167454008,135.013206560545,129.564795925805,133.148983894619
135.484439463018,142.482535919923,128.266762097795,131.047892869771,130.965855845526,144.495087154476,144.763214731067,134.9606680601,131.787396939483,137.817027049405,135.455297740993,137.975153171274,138.933852602441,145.676869983384,138.605362595188,141.390147030605,131.968902323941,129.278101538141,132.294944398094,137.001248712536,136.534602145807,139.534263365846,135.110603657949,129.625116467838,133.232334398502
135.74535722576,142.911934849326,128.386360632174,131.217567766235,131.140585010349,144.954884742711,145.208519686005,135.223898423691,131.963157882636,138.095812146497,135.731374086122,138.200429866052,139.288600766692,146.059851374847,138.936240269762,141.794961226912,132.16214381771,129.407809495124,132.480583129532,137.290774996784,136.838080438855,139.900448416206,135.375716323978,129.764934608893,133.450721516432
135.3900051175,142.291441341454,128.25821053186,131.007050545671,130.922217608686,144.295282645054,144.56524139798,134.866060263801,131.746437879667,137.720883764504,135.348611220752,137.90917378594,138.78784300521,145.51166688279,138.473810820381,141.216165673486,131.918046489679,129.264333894365,132.251123123786,136.891093308958,136.410433557094,139.37726774163,135.018241919826,129.602884345919,133.169057431667
135.860768451868,143.043740739364,128.449710252069,131.311676520516,131.217143171801,145.117794942765,145.373569637878,135.338910567383,132.065772893311,138.234562571249,135.840144236691,138.330684447443,139.416341242515,146.190537557201,139.084738553054,141.936524727036,132.261370036211,129.494110338635,132.585816661311,137.408552212639,136.941041882348,140.028166503961,135.489125775584,129.850208534101,133.547205712932
135.619308040917,142.654114614399,128.380539576137,131.165939666,131.082106477156,144.701085859646,144.944467007887,135.107884795342,131.916187450571,137.979090891961,135.588815187344,138.119078684765,139.10264583191,145.819780938607,138.774839745282,141.5704097046,132.106180012908,129.398943537121,132.434088301656,137.142025619795,136.666605079745,139.691484853241,135.264865709885,129.739761146638,133.375078398063
135.456072788798,142.385192140912,128.33902940341,131.0706367882,130.994817063689,144.409318890725,144.646545167569,134.951209002537,131.816650486751,137.802433687841,135.419881147143,137.974459336325,138.886482209217,145.567683016968,138.560518577636,141.316651927106,132.002513540164,129.338154102949,132.331985618825,136.960889255313,136.482006604142,139.460836970598,135.111779625478,129.669228513676,133.259020638113
135.306370638117,142.133108129245,128.301051133804,130.984784666839,130.914822067019,144.134435068792,144.369403718704,134.806319371264,131.726153066132,137.638737361257,135.264656946368,137.842531688265,138.68402273505,145.336257457904,138.361825301514,141.078737467737,131.906842869085,129.283470605148,132.237926094219,136.793807601162,136.311571546354,139.246335266382,134.968929963107,129.606154534302,133.150516590162
135.129242664086,141.832549573809,128.251618427291,130.882393327876,130.817325639319,143.805924902749,144.042273348417,134.632996889536,131.617725775864,137.443971547325,135.080452847294,137.686817587231,138.441521573992,145.065524923365,138.12618738742,140.794698929603,131.790701301388,129.216232394297,132.124074319965,136.595754565161,136.108975443046,138.991428517179,134.796684007649,129.529892064904,133.018131849066
135.532239154797,142.473025175022,128.416801272585,131.144135969668,131.071419269928,144.503485771422,144.731341927493,135.031742378599,131.892559677732,137.88456706356,135.497114014569,138.05222619812,138.973178398213,145.643203450083,138.643219538573,141.405206506623,132.082013700778,129.413888431403,132.411206638995,137.038946028913,136.560376909393,139.543666358043,135.195206794127,129.742977297011,133.341387776114
135.438127351127,142.310137105762,128.398836826535,131.093282769976,131.024238698914,144.327944455991,144.552044488418,134.942367906079,131.839472984741,137.783143353406,135.399028947892,137.971292453724,138.845176582979,145.493221535929,138.518318041232,141.253342228392,132.026165284409,129.385204221736,132.356577467997,136.933109253719,136.451234995666,139.40610342166,135.107786450998,129.707766320425,133.276762840817
135.227800119809,141.955350310707,128.336236123391,130.969955437044,130.904578794683,143.947157146486,144.169639265888,134.738324877275,131.711176933865,137.557441837179,135.179095202247,137.789516924414,138.560653323931,145.172055985201,138.244818449281,140.92109960026,131.889142483722,129.304522955572,132.223352793906,136.698181017371,136.207802503805,139.104807890757,134.905829008848,129.615019984584,133.120309281305
135.032423887651,141.624044176246,128.278992939521,130.856145279951,130.794901884291,143.587494588381,143.811465302831,134.546848407661,131.591263513579,137.344194292348,134.975148583364,137.618638077404,138.293241184858,144.876646148449,137.986618320925,140.608799003573,131.760326367658,129.229331597235,132.097711921669,136.479853656554,135.982878790288,138.823646479682,134.71554606379,129.529696364744,132.973526829396
135.221514914252,141.91605170992,128.36519160274,130.983998637468,130.919671006084,143.903334672499,144.123991986167,134.734259814516,131.72467861477,137.549223480416,135.17046693778,137.791718224673,138.538206145913,145.140024592667,138.224906943179,140.887621146102,131.900964775103,129.329236671363,132.23629242516,136.686300563566,136.193496878178,139.077620323909,134.902725548543,129.63639510912,133.127843566618
135.184543880902,141.839015657108,128.366180073439,130.970106734613,130.906153636931,143.818261528794,144.040837247739,134.697516701361,131.709112815643,137.507417971886,135.130401888079,137.763000604118,138.479282028991,145.076373419646,138.169768409613,140.816049593925,131.88207251296,129.325987787912,132.21876957918,136.64270074031,136.147169616593,139.015267077254,134.866028013673,129.630422158135,133.103537098512
135.29901821932,142.014913469732,128.426534671393,131.050471829517,130.987394888004,144.005947893182,144.223849813644,134.812814431363,131.792030388526,137.629248803057,135.250264282416,137.865534793307,138.628247785832,145.23165009883,138.311315229442,140.983555659197,131.971024155996,129.391229848738,132.305159253144,136.767377035578,136.27681383987,139.168601498714,134.981761976781,129.699386006546,133.201129363513
135.025117696533,141.527667229184,128.328351301548,130.89063034932,130.820368742456,143.482295149778,143.721847840602,134.531406832232,131.625024662004,137.334969225919,134.953557356884,137.641301547611,138.231349769724,144.828862191937,137.945786392909,140.525555014154,131.779305884107,129.281463886124,132.125638828929,136.45896392645,135.945327132305,138.758404901157,134.698435131305,129.577232556864,132.979630716311
135.095088829234,141.627929440053,128.370858876018,130.943560644644,130.873138857962,143.589802364646,143.826435382744,134.602483104849,131.679622345953,137.409643816948,135.026208864276,137.706211786776,138.319067779505,144.918048436146,138.030660798266,140.622542604216,131.837078786972,129.327121537467,132.182210120155,136.533843417577,136.02232419861,138.84785222762,134.769702802827,129.624432719358,133.041307571282
134.890102965071,141.260301836206,128.301563032713,130.825830925321,130.752179368889,143.187356376008,143.444963013813,134.38834270757,131.554560668078,137.1843026837,134.803713284124,137.536999267587,138.01654825337,144.623193619674,137.748993413719,140.272982978076,131.691989514663,129.24614655526,132.046092953268,136.303244095006,135.775508619895,138.53766555788,134.553670382862,129.535558563533,132.874694189368
134.966482634136,141.372389888226,128.347056724506,130.88267587462,130.809187034262,143.308298488631,143.561220940421,134.466801426582,131.613431345385,137.266333895408,134.883636037153,137.607044660923,138.114532757158,144.720045760605,137.84323013581,140.381589318146,131.755084943841,129.2949506517,132.107562913115,136.385265544151,135.860463236779,138.637171642406,134.632564641796,129.585916337291,132.942403752182
135.053244959807,141.504077398377,128.397538285308,130.945758081969,130.873436801704,143.450119924643,143.696203073541,134.556709018486,131.678709504693,137.359230241699,134.975477580614,137.684671175783,138.228792526275,144.83090638199,137.951489596983,140.508637099243,131.826222220833,129.348386847074,132.176181291749,136.479032949888,135.958918672579,138.753078047529,134.723209127949,129.641258424355,133.019561826116
135.221766878632,141.781005240253,128.483850839201,131.059097075209,130.991450502903,143.749178824165,143.976673933555,134.734392287918,131.796471085592,137.540049965602,135.15797250666,137.827842385144,138.464664214558,145.05262044059,138.170270636562,140.774011447056,131.959479817678,129.439348976949,132.302038700123,136.664068400521,136.157890511861,138.992371122787,134.902828571669,129.736744873273,133.167432373214
135.451699905395,142.167010814779,128.597626963609,131.210552699402,131.150741847408,144.163340686998,144.364451886248,134.978218613536,131.952920548703,137.784053261342,135.410068119376,138.017848797023,138.791607795918,145.356525033304,138.470806163182,141.142401743951,132.138964479073,129.558130944483,132.469409544545,136.917315225545,136.434474785985,139.325069278499,135.148642387998,129.862657651318,133.367473592687
135.700309373571,142.582026711948,128.718941490942,131.374557812337,131.322799543581,144.603574523,144.780716153237,135.240530595895,132.120479116502,138.043196970992,135.6840891196,138.220406926742,139.142038915559,145.685027577648,138.793049014675,141.536898766111,132.3305776748,129.684839280953,132.64694787846,137.190396212952,136.735606389222,139.684439957583,135.411129298721,129.998510981573,133.579902809813
135.661375408201,142.496948391158,128.716322543461,131.359317386916,131.305414830134,144.513144953529,144.695782990213,135.19801670662,132.104912626854,138.003104056849,135.637422124964,138.196336406661,139.075241218428,145.625001185601,138.73414770151,141.457986333348,132.308370687232,129.680749713852,132.629156331776,137.144882669253,136.681099303068,139.614305826657,135.36919105786,129.991371996016,133.552355458953
135.772615167158,142.672559563818,128.77883166185,131.438013571343,131.387696613288,144.696569001884,144.870533700671,135.314908940228,132.184451721172,138.116788393872,135.75933930404,138.288611353999,139.226011153708,145.766714750765,138.873367548843,141.625296236348,132.397591711637,129.744751304799,132.712214551829,137.265400366007,136.813895336469,139.768923662774,135.485783885671,130.059158771086,133.649204858828
135.86678145047,142.819598456963,128.834472478588,131.5059591906,131.459063287599,144.849554523186,145.015735447455,135.414354488483,132.25301104915,138.212573462832,135.862682582648,138.366838005072,139.353170664399,145.88482168414,138.990425323127,141.765621275859,132.474556950186,129.801017919055,132.783757994958,137.367077216467,136.926245775938,139.89889838295,135.585101238587,130.118385028182,133.732356126172
135.727417908604,142.551354446452,128.784032569608,131.42862760623,131.371972648036,144.568699691234,144.75651761908,135.259497991079,132.174823212736,138.07170237969,135.698951216562,138.27071401896,139.131246130312,145.695443701813,138.795227001156,141.513159985933,132.374028714876,129.751080514858,132.698139268895,137.210118804978,136.740383126998,139.671177446006,135.430441920256,130.06158221395,133.61736650187
135.893921041594,142.826772886309,128.872762508536,131.54186358315,131.491913330643,144.857788117357,145.02670972309,135.439976400404,132.289780122493,138.2419148597,135.88555354921,138.403167020082,139.368722805539,145.904113973228,139.012201574618,141.77697562437,132.507896988639,129.841350057819,132.819813966601,137.391331353481,136.944683152672,139.912820092924,135.610771910707,130.157095748038,133.762752433701
135.816201544085,142.669866919197,128.850708469953,131.502443425938,131.4471948827,144.692636152326,144.875353226777,135.351611416932,132.249758200361,138.163402475084,135.792182234003,138.352819277206,139.239100260316,145.798987192152,138.898264335903,141.628702444119,132.45367981765,129.818868982675,132.775225031384,137.303264662781,136.838119174244,139.779863752666,135.522847781325,130.13052761358,133.700506154913
135.648948614551,142.353048368822,128.787056429377,131.40705074627,131.341628244023,144.359175311834,144.569758129697,135.162877142371,132.15272424804,137.993723373735,135.59515610807,138.236460656257,138.972321541216,145.582267856536,138.661254200434,141.327086668387,132.329107197165,129.754573686932,132.669036292256,137.116674401645,136.616545939704,139.507931716122,135.334473443423,130.059120128369,133.560940175926
135.605572330633,142.257974302229,128.780975860397,131.388914898564,131.320866388449,144.256822243958,144.477563189976,135.111494905103,132.13362909348,137.948661120872,135.541567077805,138.210687406265,138.893798804847,145.523836925116,138.591894555722,141.236250931072,132.300374021197,129.747179773918,132.646587234891,137.066829797894,136.555021081064,139.427966116024,135.283274102282,130.049507582071,133.52750005462
135.915015446422,142.787555999737,128.935786226227,131.591961045757,131.536789263437,144.817323525476,144.993478194727,135.454551133305,132.341172444007,138.266563061088,135.893818173084,138.449249417463,139.352714256555,145.901470476159,139.009859183322,141.747248174376,132.548864581798,129.905771019942,132.868990951238,137.404290174104,136.941563651248,139.892168698418,135.626777113533,130.217114129276,133.797493505589
135.963964250201,142.853491163127,128.970978074041,131.632062257889,131.577520661901,144.885172475333,145.05928906082,135.505283589367,132.381472359249,138.31595385416,135.945936528868,138.493177784161,139.412424471985,145.957744738116,139.066911899395,141.811314168199,132.591799514928,129.941748770476,132.910112817814,137.455494361106,136.996482459015,139.953053945121,135.67716991616,130.254137653864,133.842030540218
136.08729247295,143.049659158267,129.039756414655,131.719028178045,131.66857313161,145.088313163979,145.251432916587,135.637753882607,132.468898018377,138.439575579349,136.083853092572,138.591647845756,139.583194166773,146.10613076275,139.22434873156,141.999704742232,132.691752804413,130.012088276582,133.001330427976,137.588124125048,137.146655981751,140.127922192026,135.808665070119,130.328640505044,133.948863952882
135.837830199748,142.592487962338,128.939498186631,131.571045596697,131.506746611242,144.613979238233,144.81122784643,135.360074187837,132.320430308754,138.192213564204,135.790991965532,138.41785273751,139.196650829712,145.793677892637,138.878947375673,141.56464037731,132.505725853153,129.910303418911,132.841863695561,137.312701646383,136.818250357499,139.73079560673,135.53327351746,130.215237432791,133.743287230191
136.081479731889,142.990290139085,129.058531420517,131.734996720958,131.674312548547,145.035212898028,145.207477894894,135.625015732031,132.487777949873,138.441979776737,136.063836367937,138.611157889928,139.543762258958,146.084305186759,139.204276089665,141.951018259281,132.699566441055,130.03896506363,133.018259183412,137.575363540827,137.114035309831,140.08489526476,135.796092196121,130.351465851328,133.949582854957
136.271566559908,143.294915044114,129.153791546745,131.865152825734,131.807276603255,145.354157093275,145.510967050205,135.828499688428,132.619351626151,138.634134456913,136.275709068762,138.762490499401,139.808390792228,146.311751227723,139.45231176824,142.245227728709,132.849617560909,130.141166286921,133.155482971389,137.779699128433,137.34397753041,140.356857318553,135.997265399614,130.460505303728,134.10926510672
136.890124347015,144.331634861882,129.433534969105,132.267432401442,132.223750951492,146.435184879505,146.536621026523,136.493601120159,133.024309901589,139.253701898838,136.974850884094,139.233905951537,140.696532188472,147.064076666297,140.274262636961,143.240041768165,133.321844777367,130.44121221997,133.579955335344,138.450359513904,138.111785288385,141.273412353919,136.654331214883,130.786836568777,134.618365846932
136.529945412736,143.774359902939,129.317828080921,132.036453397883,132.004890117884,145.884434876127,145.952185130355,136.140696450782,132.803366119641,138.918135269127,136.57466219467,138.961930926056,140.23835369204,146.605314333319,139.82367364411,142.718668404827,133.087697103635,130.29245369233,133.366498082258,138.066000850464,137.673010777718,140.765794948464,136.325995150475,130.608404074403,134.376071918253
136.61829937116,143.894028382764,129.364849089487,132.103437074548,132.06840735633,146.006279326532,146.079028512483,136.227580301105,132.869947224797,139.005481833803,136.667660315424,139.039441100911,140.342578770946,146.710684371179,139.928613358601,142.833793423673,133.15571641921,130.346616142524,133.432285791064,138.15835042549,137.771207763117,140.877050493668,136.409504847216,130.666756395781,134.445430764161
136.398276461487,143.54292598982,129.301131388889,131.967780592699,131.941155702965,145.647960505644,145.707220920791,136.011742948597,132.735942878349,138.790904084716,136.428518079152,138.868992766279,140.05412413329,146.428372489793,139.644407066721,142.50231761339,133.012895684576,130.259723958913,133.299570839478,137.92112709095,137.509099529823,140.56314622144,136.20404444583,130.564010265684,134.294203446781
136.170760270122,143.177251039054,129.23452606326,131.828174536393,131.81026301235,145.269430131062,145.319018696313,135.787638801665,132.59574161939,138.563879759661,136.183621180767,138.689179520258,139.752655373362,146.137005825465,139.347195973427,142.155339100914,132.863122046086,130.168568175966,133.158932275636,137.675035610872,137.241164612977,140.238365839267,135.988367546916,130.458053731653,134.134346738539
135.576696394141,142.23942529151,129.034932454275,131.451519179619,131.455880909792,144.28645148035,144.321658302396,135.200120586828,132.212007849181,137.957828907133,135.552582305958,138.201679769372,138.970776577406,145.386117411792,138.574149720028,141.259311768879,132.455494139382,129.906481832864,132.770060063096,137.03367187589,136.555682664606,139.405982968943,135.416609845136,130.163311843924,133.69892764192
135.470131110728,142.073606574518,129.018080535287,131.389244121584,131.407232986151,144.100816902904,144.129886478715,135.097166244587,132.144847797015,137.840096486153,135.444634547893,138.106235560313,138.832010223892,145.252512487273,138.42469836283,141.095820113251,132.388266880485,129.867101615848,132.702103077281,136.919293250568,136.442135352609,139.257886549198,135.317460235384,130.118668264733,133.629217671944
135.160465504648,141.598295466348,128.933284241603,131.195794649115,131.241251731248,143.574127569213,143.595063157492,134.79749604856,131.938265004318,137.500092533196,135.131557023094,137.827542905839,138.432836487607,144.865648408649,138.007914224885,140.630924598106,132.178904389164,129.731010431145,132.490519268543,136.585966328098,136.110454423798,138.83668678143,135.023205798169,129.969523722299,133.406495468786
134.905812855022,141.204995013605,128.86747121158,131.038806612049,131.10835966734,143.131875553887,143.148351306116,134.55263740221,131.767712529047,137.213426210263,134.877496818485,137.592376102655,138.10367537713,144.546521460128,137.661683887406,140.245243119773,132.007850238382,129.620493860783,132.314441479245,136.310941487585,135.841628776788,138.490802514153,134.781053806242,129.84939933189,133.222633495551
134.849141408849,141.106905649778,128.86580204226,131.010900316676,131.087277368026,143.018330585906,143.034519196496,134.499044455313,131.735369010644,137.146188253691,134.821525274825,137.540887675562,138.024784422708,144.471607919697,137.577956793393,140.149406783535,131.975501605438,129.605836831575,132.280065391562,136.248048782263,135.781233123435,138.407436182465,134.727704332637,129.832188066852,133.185865083855
134.706862572921,140.871863920418,128.833896420677,130.929178991,131.01563821841,142.751839844756,142.771360793787,134.362425276945,131.644692584203,136.982245520863,134.679511374287,137.411593782136,137.83245315836,144.287684822501,137.381173350622,139.921347831831,131.882777462101,129.551006135117,132.183867530073,136.091221075444,135.627905608697,138.206688144365,134.590010777431,129.772117488722,133.080948346745
134.622292767591,140.72327179123,128.820516369873,130.884850921916,130.976446576153,142.582242085516,142.606027194814,134.280962038303,131.594413113114,136.883112934582,134.594564164169,137.336570431547,137.712959605566,144.175417149299,137.260821930629,139.778049850757,131.830248838649,129.524036944515,132.129310050025,135.996458577344,135.534764885127,138.082207398347,134.507202375356,129.741843432105,133.019228331677
134.25864821342,140.118055137483,128.704183007582,130.666433220134,130.769205281993,141.903066086103,141.950006094154,133.924840928616,131.355353845709,136.46808104172,134.225715956428,137.011144934687,137.215680242153,143.706527479042,136.770632205749,139.195349692541,131.578359540475,129.366584850068,131.872632211486,135.59373380638,135.133100421272,137.56906374744,134.144237088157,129.57281039145,132.730027035521
134.316870423317,140.195699467228,128.740668145302,130.712317886605,130.813333461934,141.98830115164,142.033605259059,133.982288615217,131.403479754749,136.532121014192,134.283792615706,137.068372213733,137.284660352091,143.774674598191,136.840283046605,139.271698953407,131.627078614577,129.407462355214,131.922339545855,135.655180241171,135.19343379036,137.639232862242,134.20220619377,129.614446643783,132.781626255287
134.6507386398,140.722549164086,128.877331981204,130.930048027989,131.020682325642,142.584171541447,142.606361858817,134.311487813833,131.640586952826,136.916433091701,134.620048937377,137.380338691718,137.726713049527,144.192982491183,137.27944948133,139.783279434578,131.873941172418,129.57870482504,132.175784485317,136.020783967304,135.554087331461,138.091337499402,134.538012701546,129.79313647439,133.059238637599
135.216575330109,141.617930573792,129.096499774398,131.294387091466,131.367292147394,143.581742072036,143.580697409688,134.86015547532,132.031960307988,137.554960259795,135.191995797771,137.901499590839,138.466815629987,144.916570914335,138.012110939081,140.643002696896,132.277376611413,129.854876313443,132.588912707856,136.641374679174,136.171879352015,138.858756887473,135.092616777596,130.088197707341,133.515306711213
134.920088938316,141.159972939473,129.015349325515,131.111873926709,131.204377609108,143.087178862419,143.063888259638,134.59164303839,131.841033329509,137.233425794847,134.896117559498,137.629551210051,138.102823446324,144.517564496281,137.640554660368,140.212722561791,132.093383912627,129.734187286192,132.397035753062,136.317083345542,135.850058058601,138.463251836213,134.83064896226,129.948655274334,133.308037026859
134.773344690772,140.92721216056,128.983995645509,131.026147771179,131.130254464112,142.830852621915,142.797451292268,134.459149785652,131.749185841898,137.06927802875,134.751267985723,137.492222022866,137.91896406985,144.317520590172,137.451060867578,139.993062269328,132.00549741629,129.68035064155,132.303831459428,136.155420296824,135.692417854945,138.26426472583,134.70079185785,129.885776182657,133.207715204669
135.134653065947,141.469495169823,129.122751300298,131.265320341139,131.3518316135,143.421780201646,143.40072592255,134.795842010146,132.001446309615,137.467543749948,135.110306176612,137.834355525696,138.362383966674,144.79011188947,137.898617237063,140.507971421282,132.254066116404,129.858724755031,132.561582852707,136.548633559402,136.078918074824,138.734386993808,135.035105277255,130.080693855481,133.484294425694
135.656685401365,142.254331296076,129.315131286726,131.607792035923,131.669120246436,144.265324542372,144.273995102399,135.274959592677,132.358129889397,138.032507955309,135.629561636463,138.323198632946,138.996263057338,145.487457357251,138.535384909388,141.245915905021,132.60254122247,130.106377852371,132.921808201797,137.11771243,136.641469084372,139.41357665032,135.507854841602,130.357063506467,133.873769266449
135.377184778793,141.834224864924,129.242800213669,131.434562156353,131.516693631256,143.824054789461,143.793803494376,135.032849288174,132.181751211476,137.739396539215,135.354479787431,138.063854462269,138.669550564703,145.092953905149,138.201361095829,140.858642526306,132.439241652946,129.997740102802,132.750733267969,136.812209914454,136.340191998998,139.050499799156,135.27509712738,130.225566921357,133.689754988411
135.133139221764,141.463766512295,129.181449288859,131.285092280683,131.386181201428,143.428995135954,143.368453351091,134.819598571614,132.026949165577,137.477380892404,135.116045719598,137.832825469984,138.379819947718,144.748403902262,137.904395591477,140.514811645419,132.295154978034,129.903259656986,132.598863877728,136.544641720179,136.079790315502,138.731899938438,135.068365795832,130.112695594123,133.526963545493
134.755445762079,140.890472823606,129.075429099149,131.050449220914,131.178623039834,142.811950861141,142.713178763497,134.484260961705,131.781268706191,137.065595558146,134.747707719537,137.470144922375,137.926275743245,144.219940957828,137.441548755534,139.97934282586,132.063125172529,129.748083429393,132.3546828766,136.130324292849,135.678967472298,138.239554732201,134.74008317099,129.932344099982,133.265323570268
134.945758953757,141.15833145149,129.152728749449,131.182203116537,131.296475336066,143.103713901216,143.019689925829,134.65771015444,131.919912565523,137.276041856562,134.931798710584,137.662018788311,138.147541023856,144.471530862767,137.670637055941,140.234680854556,132.194947197991,129.848632170354,132.493484614994,136.335309653404,135.87423678402,138.474897859346,134.911222283261,130.041852558719,133.408531773983
135.388385674655,141.812602115663,129.314665243811,131.473887104379,131.560924968944,143.815640035844,143.762217608671,135.059894329348,132.22775141624,137.766448965972,135.362044001696,138.098995890977,138.677895066747,145.074869375842,138.209561527814,140.852478095854,132.490636641584,130.061662140856,132.80387105888,136.818267577212,136.337314630511,139.03968441131,135.310090909156,130.277813442371,133.737934512393
135.816523589496,142.433307998094,129.468961949911,131.758482636679,131.817212348226,144.47804855221,144.469980277744,135.440275163017,132.522564145817,138.228471458108,135.777460450469,138.519885863941,139.175774332356,145.669515491424,138.716525503738,141.432580509565,132.768472382888,130.264594548232,133.095196813996,137.28401284369,136.785781354465,139.578107241113,135.683124538508,130.507643801561,134.046190872985
136.30783700914,143.138423908189,129.641413843139,132.0854135146,132.110318035699,145.218486805322,145.276340019339,135.868714766011,132.856066527611,138.747092735442,136.253434194767,139.000054479925,139.735548485596,146.366197142053,139.285992028955,142.085453354458,133.078466365379,130.491701906642,133.419520580775,137.818015202519,137.301785417912,140.190853113635,136.099884307151,130.770324737907,134.389850855612
136.8333103659,143.875716907968,129.819989302811,132.437680905692,132.421994219625,145.977877412006,146.126525317016,136.315358085059,133.208725325797,139.28708192919,136.759954875342,139.51310391874,140.314716389671,147.127964060145,139.878305949403,142.761461267972,133.398956012069,130.729483678554,133.754850985998,138.387143502715,137.852118866226,140.835150025608,136.529233347371,131.052223181706,134.742917480603
136.728767880493,143.722075211012,129.806663690423,132.376831341745,132.373213408657,145.822812726398,145.942401930112,136.234608034168,133.149730861946,139.183132580421,136.661297885358,139.412339543763,140.202236200623,146.959146630303,139.761386122022,142.624888842283,133.35041303384,130.700448377936,133.702538323878,138.272092303008,137.742040882586,140.703592689671,136.454244803779,131.010017771927,134.687060447966
137.138417478575,144.297772695327,129.951211264321,132.652267811001,132.621235902947,146.406868339411,146.600342926863,136.581292245013,133.422295560122,139.595912082598,137.056313201298,139.8075994496,140.65274944226,147.568448383943,140.215172323889,143.148717009659,133.59995962544,130.885492369639,133.960532398225,138.71710717931,138.174179367664,141.205153631613,136.788265692358,131.231124623968,134.962722359466
136.781739400448,143.780704451738,129.85793027691,132.427718843752,132.424011155088,145.888675649731,146.003096441631,136.290060299748,133.203883275913,139.243787698796,136.714151422755,139.468971498692,140.260550046109,147.005977469602,139.821246808716,142.685458154026,133.405122471408,130.753551312883,133.759025651277,138.325742569928,137.794012478373,140.760042235585,136.510908324358,131.06098519189,134.743110026198
137.035001557513,144.129384786693,129.952852604728,132.601705731918,132.57896458786,146.24632656787,146.404454872074,136.506948758442,133.377618490884,139.502381683662,136.956413102643,139.720194797681,140.538313102516,147.380329262836,140.103643747417,143.00632206284,133.564875196958,130.874726650487,133.924295973634,138.599629485622,138.056222373147,141.065800161132,136.72080790492,131.202666410417,134.916929084501
136.924035119655,143.958070491582,129.934945964396,132.538598543406,132.525297658036,146.070879606404,146.204381908027,136.416853019203,133.315080942224,139.389616629515,136.851117607835,139.613739384273,140.41034285871,147.196150798729,139.975601767117,142.852617318141,133.509190355894,130.843022225857,133.866351064433,138.475668280581,137.937953654682,140.921531294935,136.634340600057,131.158695009339,134.852051573475
137.101094890796,144.209985127138,130.010217837489,132.660699945831,132.639792090259,146.329268137918,146.485255498087,136.574004666312,133.437555358494,139.570730123229,137.023500369423,139.784852322171,140.613121265825,147.45769816013,140.175099963981,143.084746855008,133.627083835586,130.931627616314,133.985682135283,138.668595196513,138.125807229864,141.140464759715,136.788807092994,131.259792339114,134.98164286411
137.432934232317,144.704555920436,130.140805339518,132.879777626332,132.848799490319,146.836007202251,147.030762201451,136.870883119751,133.657235456091,139.909440614536,137.349972423073,140.097414393523,141.006825670214,147.961872957663,140.555365492489,143.537942788934,133.842883569649,131.084515052218,134.201210054312,139.034266195465,138.485854403059,141.564698523451,137.081576462476,131.436959315502,135.222778243219
137.868792959182,145.356766292362,130.307671419154,133.165403419248,133.121680446324,147.497901044102,147.74841449801,137.260066507043,133.940858316309,140.347596893426,137.781521644543,140.502372420231,141.523762345755,148.634264843224,141.052958550898,144.133011192236,134.122171476639,131.279698558336,134.477613530834,139.514900660744,138.963414341113,142.124866594405,137.463115236418,131.666170965641,135.534214238885
137.828362057619,145.284892680279,130.310782426188,133.148266593824,133.107366231633,147.42671369814,147.665622313412,137.228314969089,133.925028873048,140.309145777191,137.741827337118,140.467861977022,141.473230986392,148.555587497619,141.004672388766,144.070611058176,134.107890068114,131.277938064072,134.463984480964,139.467876714048,138.916458091182,142.066221914547,137.433486999251,131.658219641635,135.515701397607
137.824936450463,145.266493877469,130.32580111776,133.155165300733,133.114923340776,147.408665615852,147.643367470689,137.228016458056,133.932468866346,140.306715851673,137.738309237358,140.468038530781,141.464201062153,148.535936106534,140.997355493423,144.056407342461,134.115373403348,131.291317104294,134.472115760747,139.461405863984,138.909548367366,142.053979006859,137.43391812326,131.669050944098,135.521185473984
137.791037287528,145.198363565575,130.329013286017,133.143172064004,133.103047724277,147.340494302613,147.568905400297,137.198824511576,133.921181345883,140.274081975272,137.703229199588,140.442182949285,141.4155469846,148.467904387388,140.953671234026,143.99686814911,134.102732682655,131.292012920658,134.461399362613,139.42073640836,138.867071233986,141.999599400814,137.405712790144,131.665030564512,135.503912443391
137.504424863682,144.71709131476,130.233543109537,132.974250605766,132.929698817299,146.855257242692,147.061870679041,136.92821428505,133.754162452116,139.990682805662,137.405227950442,140.201072598784,141.036400148306,148.001399088733,140.606601928418,143.559770632391,133.92186566445,131.186823292537,134.293626800495,139.096767054607,138.528758025142,141.594539526991,137.138328243844,131.537516209888,135.296977815983
137.344298452995,144.446792203741,130.189144085765,132.883071074317,132.840446514951,146.574925542921,146.770279595568,136.775302685359,133.66171854931,139.82659320719,137.23996571103,140.062102623734,140.821258445836,147.742124333655,140.404191647948,143.310208486137,133.821825659002,131.131711491501,134.199961825511,138.915919346188,138.34340103497,141.366258460882,136.987464719283,131.47089362801,135.183907576847
137.120879875998,144.070951150111,130.11945408415,132.752683697808,132.711619395792,146.181891316256,146.367774464691,136.557886638229,133.528249239284,139.594800017567,137.008146022447,139.867256832184,140.518165503195,147.389474339107,140.119170378155,142.960476652163,133.67590207053,131.047949352652,134.063056827859,138.664412335037,138.084890314202,141.047816272207,136.771715437776,131.37313235049,135.019929205277
136.947107849672,143.775734475306,130.069060765547,132.653135425059,132.614783890366,145.868220783876,146.049414357576,136.386933043723,133.424663946393,139.410491633444,136.827879935792,139.713772790218,140.2787082992,147.117230201646,139.89180722413,142.683383804928,133.562032992596,130.984317200126,133.955699700613,138.468661555221,137.884836755263,140.797729128247,136.60166862134,131.29955405085,134.892201648368
136.812416014823,143.541348568912,130.032832587692,132.578282439534,132.541743461904,145.616792398194,145.797198235045,136.252831584803,133.345828607092,139.265576319903,136.687298952423,139.595429163339,140.0885028779,146.906163512227,139.711600787137,142.462608059161,133.473983392606,130.937444631424,133.872909260426,138.316238930092,137.728544758074,140.600081607159,136.467723482195,131.24541129628,134.792647571026
136.662829790398,143.279035963601,129.989562696389,132.494523186204,132.458671781113,145.334397643924,145.517581479524,136.101903056816,133.257273942277,139.103769511846,136.529914992605,139.465009492563,139.874511255454,146.675263910171,139.510159800908,142.214850408015,133.373839172768,130.883490285573,133.778985581177,138.146948981068,137.553588962715,140.379004662399,136.316280853456,131.18410195341,134.679091617412
136.9300093355,143.706200268522,130.110370434317,132.669994604825,132.63409394401,145.792284636837,145.967479152659,136.373141562456,133.440297010218,139.390420934855,136.809137150958,139.706471669735,140.234889803154,147.053926746798,139.852253560113,142.622654694853,133.574255412609,131.018721733075,133.970755977357,138.441725288412,137.857235881583,140.747954601823,136.588961135089,131.328658034274,134.898947340195
137.120971142911,144.005631545533,130.200975932664,132.798575713595,132.762993653773,146.109129856023,146.281270367232,136.565609251221,133.572632908084,139.591435873162,137.009476190404,139.87757724212,140.487435425711,147.322191336592,140.091706979526,142.907311665867,133.717846325937,131.118519806828,134.107965573922,138.651243972948,138.075038529667,141.008356049822,136.781304673383,131.435901996955,135.055672822888
137.431382402648,144.50770989638,130.340939009811,133.001377025682,132.969091801066,146.637939915998,146.802619512187,136.880242915498,133.780546644577,139.915597591703,137.339203727889,140.147767385362,140.907271965695,147.764170868741,140.484924171182,143.382225311282,133.947163490923,131.271364442304,134.324351522737,138.993874132192,138.436626391816,141.442216588663,137.095584098492,131.602075729599,135.308427525268
137.134391900046,144.003739496863,130.238212571483,132.823684379157,132.789366074973,146.113072458053,146.276676006307,136.582727604507,133.600620192583,139.611652344408,137.0192610066,139.900902360434,140.496512102941,147.319491188952,140.101856454281,142.911170206527,133.746147867875,131.153376168804,134.138562387593,138.662454498137,138.08038992169,141.010278627416,136.802089669569,131.466298338306,135.083603412548
137.108383890661,143.946736207425,130.243778557425,132.816286738742,132.782995428206,146.05085545829,146.214442955093,136.556376791915,133.592293565547,139.583176052271,136.990305824387,139.881658142153,140.452921705551,147.272691545656,140.060769383891,142.857999762588,133.734861062253,131.155068141328,134.12920006382,138.631430098748,138.046697324424,140.963800886434,136.776415877627,131.465561263163,135.069230055437
136.802450144963,143.426203042995,130.137974428197,132.633386470842,132.600377873994,145.495822913665,145.667872133052,136.244947812409,133.402770807251,139.259850525638,136.662474294591,139.622144764957,140.023009971057,146.82676340983,139.655482988198,142.364704966649,133.521876486089,131.029619674962,133.93015131132,138.290502817411,137.684884409907,140.517484432096,136.466503445235,131.325258926459,134.831779911218
136.233407464135,142.494915065711,129.937729555023,132.281946792308,132.264635328105,144.480009447173,144.66675934509,135.666458519716,133.031939485241,138.640054181369,136.064146860045,139.113277094133,139.240944927855,146.024080566344,138.894662308284,141.467981625518,133.115884494158,130.776976553836,133.540792155754,137.662919938068,137.036728262473,139.71027152359,135.890836785046,131.050401439968,134.388100321045
136.95627221998,143.568725797482,130.193886027595,132.758566590405,132.676988653393,145.707356714061,145.896193050951,136.387537981202,133.549305424119,139.471111046263,136.788732843347,139.834175215668,140.170713949646,146.990567313591,139.868695539444,142.535678952508,133.647227074741,131.145020753598,134.07892382077,138.442557744675,137.789571634308,140.66529392393,136.604920581922,131.435777565701,134.944724256084
137.333541404988,144.08729237243,130.324066069245,133.017481886847,132.893566999647,146.276123851022,146.506566690615,136.7378995376,133.820155923842,139.883256145846,137.159289174112,140.216048259469,140.608500860282,147.506871253407,140.341036683404,143.040357616521,133.905408682697,131.33737170052,134.346116071891,138.844001548415,138.17428841012,141.134851513978,136.941737992408,131.646463410031,135.211251975583
137.234638744675,143.93759705105,130.312142748929,132.960559894811,132.850549693459,146.110903622795,146.325687041905,136.650763329329,133.759902678829,139.77408311901,137.063333358947,140.117554560029,140.489638844163,147.35695489976,140.211885745278,142.8975290808,133.850304280581,131.30484247083,134.287633703364,138.736088290638,138.072162620675,141.0038285721,136.85895356421,131.60659616815,135.151797432451
137.063367037945,143.676719878999,130.276253686669,132.8578522605,132.765500112672,145.824807762925,146.019659158824,136.497439868323,133.65141587026,139.58551608262,136.89630367296,139.94959554217,140.281188986882,147.100910837601,139.9927748939,142.649743292514,133.747676240807,131.239906097365,134.180010891338,138.548396808995,137.892948246928,140.777513750501,136.710119281287,131.530512102294,135.03869770727
136.786241477579,143.251390107469,130.204624343325,132.688474820632,132.618850078403,145.35838138487,145.529102706088,136.246302791568,133.471937605708,139.278988175436,136.625350170677,139.678995717371,139.939799718278,146.690211625424,139.640649787829,142.246273508866,133.574545337961,131.127180329431,133.999352048742,138.243688295503,137.601002939985,140.410947848248,136.463080021144,131.401631904935,134.845626054727
136.47613064339,142.774139289175,130.121956577108,132.498692151259,132.454345848262,144.829308329448,144.977741787209,135.963830847292,133.26829260239,138.929538805047,136.323922938877,139.370730611512,139.555235786308,146.233297160619,139.243523789662,141.79169490847,133.377820301949,130.998255225756,133.792452060693,137.902226078961,137.276893933638,140.001161200888,136.183250975146,131.256475365113,134.625381206038
136.468750849522,142.750814978393,130.136753850522,132.502936891308,132.461344174852,144.800283398389,144.946795298958,135.959120041675,133.270944164646,138.917751650383,136.317671857018,139.363242873207,139.540663227468,146.212911063773,139.227295219078,141.770248971595,133.381305664772,131.008248418829,133.79469684658,137.891876592907,137.268651961433,139.984344153788,136.178701553044,131.265039829953,134.626630330389
136.686715044084,143.074672258548,130.22657811608,132.649622496031,132.597209679094,145.15797651487,145.310335622002,136.163490769663,133.427169033503,139.162684307088,136.531261958816,139.580730448432,139.80865651522,146.518138352365,139.497858417097,142.080120243302,133.536118350364,131.121627786401,133.955471469199,138.129976204333,137.496937393453,140.264299354115,136.384030947075,131.386516757307,134.79841223209
136.612601768915,142.943578769632,130.217385542205,132.612492774549,132.564243755579,145.010828128722,145.161077287084,136.095991905554,133.38575917887,139.07627530165,136.458387021766,139.509929107265,139.707441200002,146.399437216527,139.397521748182,141.957327317593,133.494538367141,131.101910119857,133.911641667906,138.045107843549,137.415584090857,140.15679297649,136.315924963862,131.362317201607,134.747396427636
136.156382068226,142.192383202583,130.068630783888,132.338390755369,132.301516945481,144.181990420702,144.334008990197,135.664229945716,133.091112617865,138.56078627914,136.001806016773,139.077407012357,139.104576033047,145.72253054083,138.811021604718,141.249366718159,133.191132237857,130.910455574317,133.601644785782,137.533649511969,136.913824429046,139.526825274973,135.878831229559,131.150180241676,134.393908974545
136.257590114461,142.334823135715,130.11913845328,132.411512166708,132.369541774567,144.340986397105,144.493854738437,135.761261967221,133.168967269826,138.675536916316,136.101032847222,139.181046748743,139.226394495697,145.85682240784,138.935164069734,141.387809954306,133.268620108828,130.971211904871,133.681989651736,137.642687358719,137.017911056033,139.652325823011,135.97638058152,131.2134347409,134.477745402162
136.257222230132,142.319645000877,130.135440466279,132.420680264888,132.379975499199,144.320392594617,144.473616655018,135.762102736692,133.176684817724,138.671021861643,136.101041975128,139.181300361993,139.218461595316,145.846499931841,138.92715214515,141.374212539525,133.276114298773,130.984537915324,133.688750910424,137.63957140336,137.016025828268,139.643232485621,135.976904853493,131.225884528362,134.482815076211
136.239021845548,142.274189682676,130.144830588018,132.419008423118,132.379429052592,144.265985145725,144.420920836376,135.745403098979,133.172675149356,138.646017187372,136.082827929338,139.165005932819,139.185974486548,145.810330589117,138.895960465288,141.331987183948,133.270976887764,130.989850191423,133.682801760895,137.616324502937,136.994042179189,139.608973936341,135.959410560443,131.229721050386,134.472965615202
135.901283353632,141.693896570977,130.032208288555,132.221535582352,132.184142963181,143.613146104063,143.790495665188,135.414864908297,132.956676808913,138.253408262268,135.73921404737,138.848524191562,138.717728835392,145.314157607506,138.448671897883,140.782157482861,133.039553959172,130.850161096417,133.448439759382,137.234006695807,136.615189491344,139.127534239786,135.62092193587,131.077883574529,134.1986976362
136.283060403098,142.297698546911,130.186487732272,132.467843454143,132.418178349439,144.301708327666,144.459672262252,135.789836302051,133.225557004062,138.701763712633,136.121644534523,139.226568822759,139.220757121399,145.842835419774,138.946589874776,141.365211363413,133.318909781317,131.041954820887,133.735753081379,137.656477673669,137.025157606696,139.641707954723,136.00226057214,131.27911828292,134.514614391906
136.413933459303,142.491134992382,130.24916527088,132.559176940293,132.505519018205,144.515714969169,144.672731625136,135.916208118893,133.322081850976,138.848794857502,136.252794122252,139.355735024235,139.38315082294,146.020151011963,139.10776815965,141.550705621849,133.416934142593,131.115559559835,133.835991362125,137.799005199868,137.164948583608,139.809842177274,136.129124467445,131.356848474676,134.622871426078
136.129518935406,142.012289950446,130.160099706502,132.391930262631,132.344361894426,143.979491482936,144.145578224206,135.641724885493,133.141062241026,138.521009168271,135.963520461907,139.086831727065,138.998405260466,145.602059525066,138.734912585388,141.098093263723,133.227017703074,131.000167142169,133.642797955631,137.47887668107,136.847191866777,139.409235660253,135.851944949238,131.229118676468,134.400208477134
135.961116981582,141.726214212869,130.115233029902,132.296140814694,132.255210618588,143.652646226482,143.825094927571,135.478633660945,133.034985669319,138.320935576895,135.793529396113,138.923191298274,138.767991110973,145.354562238168,138.507624803498,140.825280648168,133.116274194129,130.935694736115,133.528579066717,137.289021509136,136.661567252445,139.17018760732,135.687204836991,131.158034451545,134.270475109907
136.107624234552,141.948782153828,130.185050125548,132.396752437488,132.352571397516,143.901507804003,144.068224634986,135.622704697029,133.142317643764,138.488145110265,135.941546288617,139.067147582484,138.955320280772,145.551914953741,138.691867294781,141.039390017418,133.227339244892,131.017074403907,133.641608573858,137.449372041071,136.819771467383,139.362331739976,135.832773025003,131.243260271128,134.394050977223
135.841826491353,141.491545681011,130.099296836923,132.241891252153,132.200740020142,143.384844930067,143.570114246261,135.36002333762,132.973116963747,138.177374328276,135.668032895529,138.817386494168,138.585272752932,145.166764044496,138.336549833013,140.605244576443,133.045379625523,130.908705346053,133.458068743912,137.149288395048,136.519000714438,138.981031736979,135.56589198461,131.125088233385,134.179973895212
136.041955032249,141.803274690354,130.189818181995,132.37584308698,132.330433046256,143.736356090113,143.910302826887,135.558920995907,133.117083324027,138.408495014028,135.871614185252,139.013020370839,138.847203450966,145.436783815476,138.593460843864,140.905695170135,133.196155189839,131.015590056561,133.611052616373,137.369300208525,136.737128137166,139.248831317748,135.767160079431,131.236967383671,134.348703099752
136.223965011188,142.088461471993,130.274925862993,132.498241728209,132.450993372312,144.054402054465,144.217613239518,135.740157476585,133.247309908645,138.615428076201,136.058419508806,139.18735272325,139.086091128981,145.682648758039,138.824750054453,141.178975970673,133.333588606908,131.113108628994,133.749154174185,137.569561277448,136.938379307565,139.49357767578,135.950438708399,131.339594686296,134.503047932526
136.260621730246,142.13281598571,130.304550577703,132.530487899153,132.483236224624,144.101002075605,144.263515938803,135.77673359309,133.280116858194,138.653907808135,136.095461987275,139.22384948181,139.126938963042,145.725060761118,138.864891185429,141.222331772285,133.36694753928,131.1435247298,133.782537736188,137.607622898048,136.976561367619,139.534884926455,135.987174495289,131.370399177543,134.537709240158
136.46570810483,142.46655209648,130.402995485348,132.666263069775,132.62217189987,144.468010675657,144.612942758885,135.984996458592,133.422979867306,138.882334662213,136.311201026274,139.410630452789,139.405255638087,146.002981591051,139.126442466734,141.539622646829,133.522799603307,131.250546207928,133.935125659056,137.834714711896,137.211913587302,139.819377563955,136.198195489349,131.483720064084,134.714614917937
136.354204476523,142.256685536583,130.371588528331,132.607071602315,132.559746631169,144.235994741213,144.39389950702,135.870283325434,133.359637394241,138.756510807095,136.189749573144,139.317284753464,139.237573744014,145.838506776312,138.972982326342,141.343071778672,133.448692498447,131.213856917902,133.865019610713,137.706808235409,137.074889647987,139.646275900055,136.082144887242,131.441654163681,134.625057487
136.441406145926,142.389020286832,130.422746757609,132.670501063382,132.624796837131,144.378649789294,144.530067774387,135.959638337694,133.425105065372,138.85053089949,136.281772249199,139.396815400182,139.351142904183,145.950422702751,139.079935403287,141.469632635713,133.519475931049,131.267318796462,133.933754522776,137.801465595298,137.173935246503,139.761950631533,136.172180751278,131.497351073305,134.702739845125
135.979159048273,141.558778955089,130.236369252166,132.395342657532,132.330390082978,143.473175874326,143.685701726953,135.471432657722,133.136618377394,138.343512151167,135.772613591738,139.014188614213,138.667759055019,145.309772697777,138.459047300851,140.68605715529,133.180956315077,131.070254662955,133.618475638772,137.280573754165,136.606280583399,139.06410537812,135.67837497029,131.282660896803,134.309578182693
136.137727306165,141.800703537202,130.311958282855,132.504834579449,132.435284923892,143.746455312742,143.947265725606,135.635026627397,133.252945821723,138.523212519033,135.937747839538,139.163654212476,138.877447553282,145.511296363409,138.666253717775,140.923222828825,133.305996759807,131.159739659061,133.741856443377,137.452436816764,136.780559112267,139.277027058428,135.842238029985,131.375330907149,134.444623752252
135.958140637391,141.486797251943,130.257793361191,132.401472866659,132.335572613522,143.386976561169,143.608630750229,135.447895058736,133.140214216374,138.31420568078,135.746469256348,139.004320984656,138.616321812068,145.266867944863,138.414064873335,140.619303591485,133.178412378896,131.087632928036,133.617933186291,137.251439161658,136.572835331364,139.010642143189,135.653663140941,131.297689805028,134.299112765721
135.731338414764,141.092641180971,130.184871916078,132.268814787312,132.206754763393,142.934966338011,143.184777201404,135.211632320159,132.995311397367,138.049399693274,135.50562367332,138.801813090275,138.287646860564,144.961378604373,138.096874244774,140.23737087001,133.015019280124,130.992812417262,133.458430301342,136.997955320016,136.311423329318,138.67628717926,135.414634885867,131.196565699711,134.112538995542
136.077382259802,141.649846585983,130.333554021567,132.495063676402,132.426271471763,143.5705950545,143.783584682101,135.569028911103,133.238956362282,138.448846801024,135.867373215607,139.122892763552,138.76237175001,145.407289027079,138.560469741811,140.780773663225,133.280677087372,131.171917076799,133.721418329271,137.377743876508,136.69814805431,139.157391362878,135.776219403953,131.382700757517,134.40771429687
136.103928499418,141.677212531607,130.359243326108,132.521066258205,132.452271197361,143.598250252858,143.811314710525,135.595469811991,133.26508810303,138.475803200722,135.893855931412,139.150084048972,138.789287447624,145.435538824002,138.587360006491,140.807994574928,133.306793294203,131.197730475459,133.747625595808,137.404502031061,136.724757914422,139.18436601569,135.802700730701,131.40854040262,134.434013966905
135.750696556627,141.070434101867,130.235881332971,132.309372985762,132.241948003809,142.917785819555,143.166694065897,135.23484677688,133.039049016706,138.075672751039,135.518203482266,138.840742298418,138.289169731416,144.958669487124,138.110456459528,140.227837017352,133.055442402045,131.046647225928,133.502643523142,137.010427832258,136.313363276121,138.669868099395,135.439000294096,131.244514204892,134.144731371681
136.034457783924,141.513471433871,130.356702563361,132.498165492189,132.421212019792,143.421894733509,143.649502665102,135.522150642219,133.241416809125,138.401721517965,135.811283396019,139.108522327923,138.6660727483,145.321946880045,138.484628507145,140.659745562117,133.270389863564,131.195858663038,133.71815440051,137.319832052344,136.625022155294,139.055201111022,135.727800136453,131.40055230523,134.381608380122
135.981025256393,141.411481079194,130.352702721466,132.473548985663,132.39898650924,143.303473767866,143.536515870038,135.468557118846,133.213485418798,138.337488811024,135.754668934117,139.06209746719,138.585249017711,145.244728407192,138.405581934382,140.562285738159,133.238895114812,131.183995094899,133.686798675979,137.258591385799,136.562116576118,138.970903495223,135.674040858261,131.385974917828,134.343158633669
136.130575825927,141.642427809061,130.425694093687,132.576672086365,132.500641260197,143.559878551056,143.782138306533,135.619157520835,133.321835240547,138.504002158736,135.910094970029,139.200009472567,138.781109447171,145.435820940277,138.595475410023,140.784798884052,133.35425786796,131.267242116459,133.801286301264,137.42146355798,136.728790209209,139.171675377936,135.82577320232,131.473395686375,134.471036352795
136.132216089727,141.627840641054,130.441527201562,132.587159587826,132.51103678127,143.540812802718,143.765644869694,135.620292778495,133.331538825296,138.503037381033,135.910193760648,139.205350031756,138.773344407416,145.430958975499,138.589469531976,140.772002166929,133.362257940884,131.281561929139,133.809795669881,137.420553681016,136.726520900191,139.1630002947,135.826670924487,131.486855426806,134.476542373262
136.241195666452,141.79678696032,130.501089234158,132.664232834147,132.589716051773,143.725194458299,143.940179030878,135.731647116513,133.411531300736,138.62162329993,136.025107154281,139.303018040752,138.917315761245,145.568674652746,138.725552012907,140.933879902648,133.449038394181,131.345285578835,133.894402864507,137.539212822264,136.850505000324,139.309826258355,135.939256876217,131.553484516726,134.572860048052
135.880952324015,141.150420239129,130.362864750138,132.451278473423,132.364210339357,143.012826028692,143.279666256527,135.354663562101,133.187249099243,138.223781720672,135.631264231888,139.008076400003,138.386624678363,145.084794184592,138.239389049541,140.321988851763,133.18785314101,131.193880693764,133.648260215947,137.133992401624,136.412104135036,138.767105359724,135.556508600051,131.388399477893,134.266977464381
135.373690376858,140.293759800279,130.180177412123,132.141246059876,132.062898638737,142.036855278165,142.363653939959,134.827358723497,132.852761385756,137.640737471925,135.092939982901,138.558910868182,137.666807670447,144.427482791415,137.542383877784,139.490936247728,132.814600609737,130.964640528559,133.284014622909,136.572426721228,135.830516364971,138.03367536069,135.024818328514,131.14516896295,133.846043047314
135.373537017742,140.279578607089,130.196625763962,132.150114190743,132.073775050916,142.01520708049,142.344313956385,134.826555248244,132.859913096414,137.635496653585,135.092288637423,138.55999861897,137.657928777761,144.42247366412,137.532191924263,139.476712325412,132.820747871429,130.977115252739,133.289770737883,136.570180756026,135.828846173998,138.024289917405,135.023982871314,131.157273104418,133.850692866084
135.600232147735,140.627516644981,130.294289880146,132.302886977919,132.216236565812,142.420228120124,142.728373945581,135.056760160379,133.025965378385,137.902286814282,135.323350277866,138.778185171008,137.957526203732,144.703536096262,137.83464897157,139.820310495168,132.996038019038,131.101105907969,133.46807918596,136.816330416827,136.071705281311,138.327965260151,135.256768238163,131.284699082465,134.042915301108
135.712640436581,140.794190316279,130.35143275571,132.382979985836,132.293121270681,142.609890819919,142.909132104799,135.169859089023,133.111206566262,138.030662010014,135.437993459834,138.885716539899,138.101516938879,144.841707322376,137.977982352503,139.983558295118,133.085317132518,131.168243904192,133.558432093381,136.937632964598,136.192478712081,138.474324449408,135.371147756092,131.35382810176,134.140561056283
135.898139232061,141.085543832254,130.437369052576,132.508153960996,132.415448969151,142.941953782969,143.221916210253,135.357330224099,133.245098380943,138.243607846349,135.62924413378,139.057915043921,138.348574266257,145.075225643571,138.219272509745,140.266494055346,133.228384905253,131.26940036393,133.702267100906,137.140516697274,136.396936445013,138.725582597201,135.561774814274,131.458978451627,134.301066251295
135.756931148102,140.830784281421,130.397961163224,132.429908102725,132.337966716197,142.647931730561,142.948940983997,135.213683892829,133.159038909866,138.077153332759,135.480249843093,138.935522176396,138.14171139256,144.885247132599,138.021903135572,140.022482925304,133.131586845771,131.21678176858,133.606096106147,136.980812783875,136.23265539364,138.513792813629,135.414896175967,131.4015214642,134.185134698914
135.693193993907,140.705048561878,130.388032777494,132.399933187574,132.307893141545,142.501054262296,142.814485270647,135.147853581342,133.124872322716,137.999942770236,135.411800791036,138.882706001879,138.041588619322,144.796426830015,137.927597025911,139.902527972008,133.0910462443,131.200331575461,133.566263930167,136.907088972087,136.155822166379,138.41139605636,135.347199901634,131.382615812647,134.134185439017
135.670848470833,140.648118530684,130.393838023083,132.395774333946,132.303017432297,142.433151777302,142.754163239781,135.123768368557,133.118644199507,137.970906365089,135.386288865836,138.867491078981,137.998599208123,144.761310163003,137.888750099429,139.848967684896,133.080766022025,131.203379120025,133.556853673467,136.879266463802,136.125465256571,138.367372225018,135.322013591906,131.384344228546,134.118083189488
135.9332834767,141.088611887897,130.518865493782,132.566909198963,132.480807793083,142.925782266986,143.206928686124,135.397071901927,133.299530478124,138.265101558136,135.666966499751,139.094272723224,138.368219070491,145.094737421961,138.233202801248,140.270886316535,133.284186946615,131.338750222068,133.753995257727,137.169949913758,136.432005780489,138.741604090648,135.601107097836,131.52633038191,134.351530292583
135.830542034552,140.892770024425,130.490560876521,132.512624455229,132.42324229218,142.706591108702,143.005270945762,135.289503681499,133.241584504933,138.149469664745,135.553347712255,139.01370068664,138.210750719691,144.955008422075,138.089050220878,140.086230878101,133.214801388889,131.305126659377,133.688905427637,137.0527018152,136.304108960663,138.579583479854,135.492048268899,131.488003932306,134.26727846213
136.057449902063,141.268498467056,130.601479591439,132.663014311364,132.579604995504,143.119201343241,143.388528511321,135.526134091371,133.398035528505,138.39700200833,135.798457265492,139.20632887299,138.526806808829,145.241705212196,138.382966580265,140.444736693992,133.390725645122,131.423587011852,133.857098476794,137.302615426022,136.571880732141,138.901765607423,135.731266068344,131.613372778758,134.466382851895
135.938784826165,141.044973151218,130.565356436353,132.598391751576,132.510510131768,142.8734231229,143.161342750853,135.400745787405,133.330471814717,138.267465689298,135.665479149841,139.115594831003,138.345879572438,145.082294920977,138.218380704674,140.234435279074,133.309245564068,131.382777610393,133.782308235647,137.168082880519,136.422231182782,138.715093874512,135.605176148916,131.566769599387,134.369354722772
135.823404485897,140.826222525915,130.529939159901,132.535803486457,132.443377728943,142.632405969071,142.939985890081,135.277113420828,133.264727804178,138.141206501118,135.535438633784,139.027982056567,138.167599531558,144.928860358709,138.056375290156,140.027783382343,133.228862371353,131.342947398258,133.709117313294,137.037333134297,136.276084304354,138.532102083528,135.48068703335,131.521722903769,134.274207839481
136.400516876128,141.812478792946,130.795011421021,132.905493272931,132.83123065407,143.708577921644,143.934666439349,135.891466770786,133.648183623419,138.763312888447,136.171663456674,139.498717473394,138.998129076338,145.655644804864,138.822387730729,140.96913123588,133.672520558868,131.625169867287,134.123114921423,137.674622766282,136.97492865219,139.378240377395,136.099155079369,131.822825528583,134.774620396972
136.432555113567,141.848365075216,130.822829253827,132.9351026353,132.860735592135,143.745129910918,143.971448999361,135.923305627978,133.677918118178,138.795876088183,136.204061307004,139.530496556156,139.03204669679,145.691022262585,138.856112069329,141.004344675275,133.7024412552,131.653543683845,134.152958735494,137.707333484893,137.007981700996,139.412758732711,136.130820420353,131.851562223446,134.805040322069
136.549389971191,142.020483764136,130.883745234896,133.019130591643,132.944936060639,143.922947872328,144.150159580009,136.039398841388,133.761929939563,138.914306844284,136.328668270619,139.630686510366,139.177374531843,145.837479442885,138.996026407164,141.166676881548,133.791223275484,131.720117167228,134.238173329722,137.832734853639,137.142622299758,139.566609313654,136.244143227338,131.923662311111,134.900183701047
136.27271504711,141.550767428284,130.787491529916,132.852199454597,132.772595271638,143.436038438054,143.667188382405,135.761046779547,133.595356330611,138.634775787282,136.023475823929,139.417512028567,138.79724666134,145.467458960857,138.640967116148,140.730455435079,133.60417745164,131.609875882837,134.065907796529,137.526471853917,136.801798286459,139.1608553221,135.972817373565,131.795752211344,134.69016403074
136.627025199335,142.106347688022,130.940689819308,133.087917572753,133.006476179814,144.022962804131,144.248769194754,136.118157752255,133.83511446925,139.002974496536,136.402969027688,139.715229755452,139.262478472097,145.919174132115,139.089262355811,141.25741948084,133.863792871526,131.786663373538,134.313117865886,137.911456409335,137.214136620465,139.649989586979,136.323258027204,131.988977481616,134.971811960131
137.172184309781,142.954620741062,131.163186641016,133.448241832273,133.360668372004,144.905587867669,145.141510587461,136.656044466927,134.196304403696,139.557251605384,136.985678607605,140.16859538173,139.964175573544,146.627047314022,139.76732622318,142.054908901984,134.248802947039,132.047532930628,134.679486638738,138.503188910779,137.849976003824,140.398183541988,136.846364000102,132.281032712253,135.389331041261
137.131759358974,142.882672471058,131.165692019477,133.430002488411,133.345231632407,144.833210484176,145.061532411544,136.620157361397,134.179488072375,139.519124084264,136.941545082076,140.140086160436,139.910906908028,146.565349542008,139.714464246833,141.990275951539,134.231733722689,132.043753800885,134.664179872156,138.457893467702,137.79948212094,140.336277334586,136.814039507398,132.271813814821,135.369603434451
136.943586491506,142.58151322365,131.113722734239,133.316193731814,133.235972010929,144.528774253765,144.739108696786,136.443768085893,134.068881318203,139.335938336205,136.740748088292,139.991449414845,139.672346189607,146.303320815407,139.483072691172,141.713772183999,134.116666508803,131.974991929226,134.55582422083,138.251655838409,137.575991854246,140.072807787103,136.646197585238,132.186777691256,135.242849696758
137.019463948936,142.685253387612,131.157602434978,133.374156153317,133.293031444746,144.63461649385,144.84805998714,136.517403126117,134.126709802094,139.412086192926,136.819269960762,140.059450816212,139.761415576667,146.39799385173,139.570261255664,141.812060363519,134.175893419662,132.022838022211,134.613649132768,138.332102752159,137.659776520407,140.166960528616,136.718358028673,132.238021188711,135.305181948671
137.309945069632,143.133519053382,131.284183081308,133.568782527567,133.487962015892,145.093070607009,145.315705614529,136.800358966568,134.320610531471,139.702445527912,137.126592635483,140.300319072165,140.130898719176,146.783479016777,139.922724889948,142.230364954313,134.381900752881,132.165539939814,134.809566655022,138.648180277455,137.997252441261,140.560722589548,136.995624003018,132.397789807478,135.529756880007
136.553139523764,141.917718088888,131.010246208611,133.092777199296,133.010384546945,143.859814932775,144.047302382796,136.069191710278,133.851671721315,138.958345069549,136.318196377807,139.698539853524,139.148076570956,145.743373885509,138.992545723411,141.106471149408,133.87824354941,131.846850530107,134.33842471394,137.817048323929,137.097964666787,139.502330166832,136.283857685583,132.025242563455,134.973155844678
136.19961773612,141.403069382689,130.917459454992,132.867086709454,132.822959455104,143.294047001383,143.450056072909,135.73614630539,133.617130742584,138.57848158848,135.965396747697,139.374537489889,138.717516165262,145.278179908132,138.536137858517,140.606549686458,133.646054293954,131.692508476358,134.10465089416,137.437516443674,136.728150620305,139.040693663469,135.963277664398,131.850739673291,134.731139281039
135.411222676557,140.264785772083,130.692267558713,132.355720156437,132.395569928879,142.029081773726,142.125420928421,134.998733468342,133.078344341257,137.713016770188,135.191196985533,138.629306111156,137.764530075801,144.24545773207,137.522345546462,139.498614136319,133.11859180136,131.329624304892,133.563047246359,136.590333184312,135.918408601679,138.02615243282,135.245082298127,131.448653947677,134.174909667273
134.605336094908,139.175125726854,130.492369284619,131.822104875721,131.995802563821,140.755315976981,140.772791180234,134.262465702933,132.494022285863,136.769979919111,134.4390072063,137.782177000406,136.836096399727,143.217937015932,136.461669410569,138.408124254987,132.580341887837,130.938606286532,132.977503365576,135.736070885284,135.158820356747,137.041791214521,134.529160818286,131.027944687855,133.622960483903
134.228536625041,138.683907799941,130.418752726003,131.573814302934,131.827891418054,140.155608662055,140.129296361412,133.927808758548,132.211509436721,136.302095207893,134.103521360844,137.349201104482,136.4163167346,142.741953461215,135.953497006649,137.907455646195,132.334640088142,130.755491444418,132.694568509406,135.339172714386,134.828041179286,136.597254043194,134.203330320415,130.834673736726,133.374000048318
135.012455649598,139.7018245373,130.631442907404,132.108896039209,132.218968048206,141.389123690049,141.436973171812,134.622458724954,132.816527221803,137.273508843056,134.80089472847,138.251048728837,137.284414138686,143.730939789772,136.981740041727,138.936391683199,132.866350131026,131.170087968108,133.305820115148,136.167698591763,135.522192487685,137.510236010684,134.889933042622,131.266781665834,133.92585431693
134.250147302242,138.728503946636,130.471813355636,131.599210919703,131.866310115038,140.229088386671,140.154976735274,133.990357029177,132.247262374558,136.345584956636,134.140348091875,137.360731502084,136.485142717708,142.725505899204,136.016172146858,137.971943507781,132.398249032312,130.803496098357,132.748886049337,135.361307223431,134.860223934711,136.642742206344,134.274136620616,130.866872083721,133.433419548308
134.583642608875,139.135297000144,130.565498522247,131.834811356705,132.033334951004,140.720550323895,140.696084033277,134.268407606842,132.512571851001,136.760550654642,134.425526335826,137.769304501789,136.826207747909,143.15323596264,136.433811902085,138.379438417774,132.615772705621,130.985694654903,133.009857148192,135.711103740456,135.142451088524,137.008519336591,134.547208627884,131.059423657951,133.660047748138
134.675414699773,139.245468504496,130.606185627638,131.90473778595,132.089992214957,140.84868371949,140.834258086386,134.347564929177,132.588727621463,136.869755951062,134.506814842079,137.876570291693,136.920374880625,143.268529131258,136.542423458414,138.488477123263,132.681981495434,131.043978846522,133.085469538107,135.807235010022,135.224065851349,137.108080731776,134.625944406544,131.120157338361,133.729711445879
134.312649227542,138.76099702919,130.539209436379,131.67365487346,131.928970543482,140.258382337416,140.191628705533,134.060865637765,132.321536999515,136.40512929792,134.20584990498,137.433600200951,136.538185605338,142.765275703055,136.085747864625,138.016119934674,132.470400398177,130.880892103418,132.818491547735,135.414818808397,134.916725073964,136.694946267099,134.3378904425,130.942294053072,133.490244141677
133.644955243609,137.864216694521,130.39629767053,131.244667307174,131.620054972298,139.163776385688,139.011934353408,133.530384507723,131.823279953195,135.541682526268,133.651842551413,136.61080918854,135.830316462583,141.83749582388,135.250156214909,137.14379396276,132.072259086418,130.570392246409,132.316107624751,134.689897198981,134.34842535555,135.935226431364,133.80030608649,130.607570861021,133.034581242653
133.12829888682,137.188890284454,130.296563749895,130.911896173044,131.394758444146,138.313777805702,138.091403397684,133.125795360313,131.4254859985,134.842575677241,133.236067117363,135.92838223238,135.294118401256,141.125449003355,134.593246585447,136.477981261747,131.766272203051,130.325967147834,131.914393867394,134.131429861181,133.928694237136,135.361926268057,133.389675458032,130.348776437143,132.687115396341
133.045987261413,137.075768039517,130.297493107022,130.866227631032,131.371168615111,138.163462192898,137.92731100614,133.066604924422,131.365554365784,134.720181927524,133.175231092672,135.80834017767,135.208736782449,141.004849508324,134.482486777955,136.366338240054,131.726047231266,130.297315876236,131.853273181276,134.040679895188,133.867344316898,135.269602214692,133.328826861718,130.317784984633,132.638157993025
133.808779343786,138.087436226121,130.500829282577,131.368736475899,131.742510499873,139.431985461653,139.274103014471,133.67302421534,131.964326190683,135.759052959879,133.79628964657,136.815783681577,136.012014034244,142.060809681827,135.433703569065,137.355386641497,132.20053314424,130.684237789909,132.46773432078,134.871518166546,134.502525307023,136.118192324433,133.953354771223,130.721270354501,133.188350776293
133.989193908235,138.312241097041,130.562121106358,131.495901794391,131.840395521702,139.701011628513,139.571026760344,133.814657787508,132.108586670375,135.989818636891,133.945776334018,137.0496523078,136.191004171061,142.31090995365,135.643772146033,137.57177304525,132.314504231705,130.783232242624,132.610647305098,135.065384593368,134.655674243615,136.311214303898,134.09600867144,130.82697515985,133.316919914682
133.704244415582,137.926570631063,130.512259721752,131.320497902915,131.717166102304,139.227291607498,139.046304050648,133.606783244527,131.899804468071,135.605079947734,133.721183890815,136.665914802648,135.902972265444,141.880670534687,135.302424033307,137.207344865928,132.162743064664,130.664226781415,132.402385505089,134.750201341582,134.420256096665,135.995804108243,133.88404739163,130.694110219636,133.130995394354
133.824886362056,138.081109470579,130.561851231239,131.406848423103,131.788934362695,139.409707614128,139.242678203861,133.704760322045,131.996764300387,135.757720507152,133.82389269656,136.817725801171,136.026789312625,142.04862385239,135.440848620245,137.354865573042,132.243202791761,130.733741827909,132.499996056021,134.880893324758,134.52688906338,136.127361812725,133.98377778754,130.767565788392,133.222859227557
133.930980098006,138.219751321865,130.609055236303,131.48311087113,131.854844577995,139.571766995239,139.414794061988,133.792634832083,132.08171791741,135.890526182372,133.915876317015,136.947938942457,136.138062789308,142.196971250583,135.561774613776,137.486472806597,132.315731774868,130.795873026021,132.586192137681,134.996393937108,134.623162256104,136.244830253303,134.073564510584,130.833049981463,133.306176647819
134.140438915386,138.511756550256,130.6871320225,131.623011854234,131.975335075534,139.916616161934,139.778514662535,133.963249381067,132.240628631508,136.159594189968,134.095986161623,137.206275737469,136.36510041917,142.505407240193,135.804947515903,137.760232964477,132.449970527349,130.903782119079,132.749330891485,135.229053526433,134.815035922066,136.485164788396,134.249207938094,130.948654987272,133.467081972728
134.16108638988,138.530391996769,130.711267947828,131.645444365012,131.998355144781,139.933884908658,139.795225059351,133.985034580089,132.262609898861,136.178798454179,134.117473651468,137.226135702328,136.385471454111,142.524423061164,135.824852654311,137.779376159777,132.472685413633,130.927116338792,132.771256543454,135.249126601718,134.836229917955,136.505138973071,134.270888614985,130.971736095542,133.489100880231
133.69710230743,137.807422316254,130.579622050889,131.371707788425,131.755413868129,139.079383985491,138.910860386889,133.604936015155,131.944567891857,135.569524428646,133.711666325133,136.666499108504,135.842893786587,141.786656132854,135.269624301099,137.114416074826,132.198550318827,130.737686048082,132.436525843207,134.716699674999,134.389844149854,135.931408069247,133.876666710151,130.761277773273,133.138057875933
133.48180805799,137.478382913417,130.531980123553,131.247766854667,131.654733685403,138.675484979819,138.489957175085,133.429343868062,131.794810467153,135.270670780531,133.528028749433,136.385696338793,135.593253391982,141.446022362804,135.002365598645,136.80574197801,132.074182559289,130.653296977088,132.278378263184,134.470596763167,134.191865842464,135.66844097295,133.695522514104,130.668648149811,132.981041271504
133.923503288449,138.127456004922,130.687718023609,131.529939535505,131.901382567402,139.456581681216,139.293142520187,133.808069117212,132.12192925081,135.859725082713,133.919464737523,136.9400418135,136.103971012706,142.10887672612,135.537622087295,137.418808148588,132.362430191403,130.868592421951,132.622612787192,134.967372386632,134.609845286838,136.199950221216,134.084877108504,130.897162891454,133.327543266573
133.893300210027,138.071287810245,130.696070437311,131.520668676726,131.897119712638,139.38534883669,139.216459231187,133.78725426252,132.107583950713,135.812200102727,133.895769045954,136.895805928712,136.066547360246,142.048647912088,135.496966243195,137.368216975315,132.353853018438,130.869163260187,132.607022476254,134.930090772148,134.5824207909,136.15863521653,134.063427274567,130.895212871932,133.311745658655
133.77013075299,137.871276823174,130.673008183708,131.454487090051,131.840556460875,139.145946106907,138.966811376345,133.685954358424,132.02850292548,135.644217226142,133.786976978941,136.74000754795,135.917995447061,141.841982945829,135.344828961071,137.184479081321,132.286436705838,130.82871971716,132.523286441974,134.786745831287,134.462003365119,136.000748414145,133.959670525199,130.848282337646,133.223604088417
