S0,m,r,T,corp,alpha,beta,omega,gamma,lambda,sigma,V
41.56901797,0.11876862277142856,0.0032835943956043955,187,1,0.0,0.0,0.0,0.0,0.0,0.225684,1.85
41.56901797,0.11085071458666666,0.0032835943956043955,187,1,0.0,0.0,0.0,0.0,0.0,0.212687,0.900000005
41.82080608,0.11948801737142856,0.0032392715384615385,186,1,0.0,0.0,0.0,0.0,0.0,0.226234,1.95
41.82080608,0.12867940332307692,0.0032392715384615385,186,1,0.0,0.0,0.0,0.0,0.0,0.239426,3.4
41.82080608,0.12867940332307692,0.0032392715384615385,186,0,0.0,0.0,0.0,0.0,0.0,0.24056099,1.5
41.72488679999999,0.13908295599999998,0.0033166949450549456,185,1,0.0,0.0,0.0,0.0,0.0,0.25263599,5.20000005
41.72488679999999,0.11921396228571426,0.0033166949450549456,185,1,0.0,0.0,0.0,0.0,0.0,0.216244,1.8
41.72488679999999,0.13908295599999998,0.0033166949450549456,185,0,0.0,0.0,0.0,0.0,0.0,0.25488001,0.80000001
41.72488679999999,0.11921396228571426,0.0033166949450549456,185,0,0.0,0.0,0.0,0.0,0.0,0.216121,2.54999995
41.29325004,0.11798071439999999,0.0026662894285714284,93,1,0.0,0.0,0.0,0.0,0.0,0.20647299,1.05
41.29325004,0.11011533343999999,0.0026662894285714284,93,1,0.0,0.0,0.0,0.0,0.0,0.191631,0.29999999499999996
41.29325004,0.12705615396923076,0.0026662894285714284,93,1,0.0,0.0,0.0,0.0,0.0,0.229591,2.54999995
41.29325004,0.11798071439999999,0.0031930445054945055,184,1,0.0,0.0,0.0,0.0,0.0,0.214219,1.6
41.29325004,0.11011533343999999,0.0031930445054945055,184,1,0.0,0.0,0.0,0.0,0.0,0.205332,0.75
41.29325004,0.12705615396923076,0.0031930445054945055,184,0,0.0,0.0,0.0,0.0,0.0,0.231417,1.5750000000000002
39.86645075,0.113904145,0.002651853142857143,92,1,0.0,0.0,0.0,0.0,0.0,0.208793,0.625
39.86645075,0.1226660023076923,0.002651853142857143,92,1,0.0,0.0,0.0,0.0,0.0,0.226695,1.75
39.86645075,0.113904145,0.0031622477142857143,183,1,0.0,0.0,0.0,0.0,0.0,0.215343,1.125
39.86645075,0.10631053533333333,0.0031622477142857143,183,1,0.0,0.0,0.0,0.0,0.0,0.20541801,0.474999995
39.86645075,0.1449689118181818,0.0031622477142857143,183,1,0.0,0.0,0.0,0.0,0.0,0.27165699,6.0
39.86645075,0.1226660023076923,0.0031622477142857143,183,1,0.0,0.0,0.0,0.0,0.0,0.22776701,2.25
39.86645075,0.13288816916666665,0.002651853142857143,92,0,0.0,0.0,0.0,0.0,0.0,0.255725,0.55000001
39.86645075,0.1226660023076923,0.002651853142857143,92,0,0.0,0.0,0.0,0.0,0.0,0.226362,1.275
39.86645075,0.19933225375,0.0031622477142857143,183,0,0.0,0.0,0.0,0.0,0.0,0.36657599,0.0750000005
39.86645075,0.13288816916666665,0.0031622477142857143,183,0,0.0,0.0,0.0,0.0,0.0,0.24934199,1.125
39.86645075,0.113904145,0.0031622477142857143,183,0,0.0,0.0,0.0,0.0,0.0,0.21698201,3.45000005
39.86645075,0.1226660023076923,0.0031622477142857143,183,0,0.0,0.0,0.0,0.0,0.0,0.23134001,2.04999995
40.66977472,0.11619935634285714,0.0023437435714285717,32,1,0.0,0.0,0.0,0.0,0.0,0.210666,0.42500000000000004
40.66977472,0.12513776836923077,0.0023437435714285717,32,1,0.0,0.0,0.0,0.0,0.0,0.23375501,1.8
40.66977472,0.11619935634285714,0.0031651611428571425,179,1,0.0,0.0,0.0,0.0,0.0,0.208801,1.3
40.66977472,0.1016744368,0.0031651611428571425,179,1,0.0,0.0,0.0,0.0,0.0,0.19225401,0.20000000499999998
40.66977472,0.10845273258666667,0.0031651611428571425,179,1,0.0,0.0,0.0,0.0,0.0,0.194665,0.525000005
40.66977472,0.12513776836923077,0.0023437435714285717,32,0,0.0,0.0,0.0,0.0,0.0,0.23376299,0.375
40.66977472,0.13556591573333332,0.0031651611428571425,179,0,0.0,0.0,0.0,0.0,0.0,0.24531201,0.900000005
40.66977472,0.1478900898909091,0.0031651611428571425,179,0,0.0,0.0,0.0,0.0,0.0,0.26742601,0.45000000500000004
40.66977472,0.12513776836923077,0.0031651611428571425,179,0,0.0,0.0,0.0,0.0,0.0,0.226634,1.7
40.66977472,0.13556591573333332,0.005243225274725274,368,1,0.0,0.0,0.0,0.0,0.0,0.240734,4.9000001
40.66977472,0.11619935634285714,0.005243225274725274,368,1,0.0,0.0,0.0,0.0,0.0,0.219477,2.1000000500000002
40.66977472,0.1016744368,0.005243225274725274,368,1,0.0,0.0,0.0,0.0,0.0,0.20091499,0.650000005
40.66977472,0.09037727715555556,0.005243225274725274,368,1,0.0,0.0,0.0,0.0,0.0,0.18928801,0.15000000000000002
40.66977472,0.10845273258666667,0.005243225274725274,368,1,0.0,0.0,0.0,0.0,0.0,0.212071,1.25
40.66977472,0.12513776836923077,0.005243225274725274,368,1,0.0,0.0,0.0,0.0,0.0,0.232458,3.3500000500000002
40.66977472,0.13556591573333332,0.005243225274725274,368,0,0.0,0.0,0.0,0.0,0.0,0.24858101,1.9
40.66977472,0.1478900898909091,0.005243225274725274,368,0,0.0,0.0,0.0,0.0,0.0,0.264929,1.2
40.42997652,0.11551421862857142,0.0023350282142857144,31,1,0.0,0.0,0.0,0.0,0.0,0.211759,0.35000001000000003
40.42997652,0.12439992775384615,0.0023350282142857144,31,1,0.0,0.0,0.0,0.0,0.0,0.225989,1.6
40.42997652,0.11551421862857142,0.0031335191428571428,178,1,0.0,0.0,0.0,0.0,0.0,0.21259899,1.25
40.42997652,0.1010749413,0.0031335191428571428,178,1,0.0,0.0,0.0,0.0,0.0,0.19766501,0.20000000499999998
40.42997652,0.10781327071999999,0.0031335191428571428,178,1,0.0,0.0,0.0,0.0,0.0,0.201629,0.525000005
40.42997652,0.1347665884,0.0023350282142857144,31,0,0.0,0.0,0.0,0.0,0.0,0.28735799,0.10000000549999999
40.42997652,0.12439992775384615,0.0023350282142857144,31,0,0.0,0.0,0.0,0.0,0.0,0.234137,0.42500000000000004
40.42997652,0.1010749413,0.0031335191428571428,178,0,0.0,0.0,0.0,0.0,0.0,0.20318501,7.0999999
40.42997652,0.1347665884,0.005224085604395604,367,1,0.0,0.0,0.0,0.0,0.0,0.246407,4.79999995
40.42997652,0.11551421862857142,0.005224085604395604,367,1,0.0,0.0,0.0,0.0,0.0,0.223499,2.04999995
40.42997652,0.12439992775384615,0.005224085604395604,367,1,0.0,0.0,0.0,0.0,0.0,0.23486599,3.25
40.42997652,0.1010749413,0.005224085604395604,367,0,0.0,0.0,0.0,0.0,0.0,0.20603301,8.00000025
40.42997652,0.08984439226666666,0.005224085604395604,367,0,0.0,0.0,0.0,0.0,0.0,0.193666,12.5
40.42997652,0.10781327071999999,0.005224085604395604,367,0,0.0,0.0,0.0,0.0,0.0,0.21545701,6.04999995
39.6866021,0.11339029171428572,0.0023289942857142856,30,1,0.0,0.0,0.0,0.0,0.0,0.232454,0.25000000499999997
39.6866021,0.12211262184615385,0.0023289942857142856,30,1,0.0,0.0,0.0,0.0,0.0,0.241925,1.225
39.6866021,0.11339029171428572,0.0030781908571428573,177,1,0.0,0.0,0.0,0.0,0.0,0.21771599,1.05
39.6866021,0.09921650525,0.0030781908571428573,177,1,0.0,0.0,0.0,0.0,0.0,0.199863,0.15000000000000002
39.6866021,0.10583093893333334,0.0030781908571428573,177,1,0.0,0.0,0.0,0.0,0.0,0.21026701,0.45000000500000004
39.6866021,0.12211262184615385,0.0030781908571428573,177,1,0.0,0.0,0.0,0.0,0.0,0.231244,2.1499999499999998
39.6866021,0.13228867366666666,0.0023289942857142856,30,0,0.0,0.0,0.0,0.0,0.0,0.28724,0.15000000000000002
39.6866021,0.11339029171428572,0.0023289942857142856,30,0,0.0,0.0,0.0,0.0,0.0,0.232604,2.17499995
39.6866021,0.12211262184615385,0.0023289942857142856,30,0,0.0,0.0,0.0,0.0,0.0,0.24238101,0.650000005
39.6866021,0.12211262184615385,0.0030781908571428573,177,0,0.0,0.0,0.0,0.0,0.0,0.23463801,2.125
39.6866021,0.11339029171428572,0.005042444395604395,366,1,0.0,0.0,0.0,0.0,0.0,0.22477099,1.8
39.6866021,0.12211262184615385,0.005042444395604395,366,1,0.0,0.0,0.0,0.0,0.0,0.23686901,2.9250000500000004
39.6866021,0.11339029171428572,0.005042444395604395,366,0,0.0,0.0,0.0,0.0,0.0,0.226482,4.75
39.6866021,0.09921650525,0.005042444395604395,366,0,0.0,0.0,0.0,0.0,0.0,0.205153,8.5
39.6866021,0.08819244911111111,0.005042444395604395,366,0,0.0,0.0,0.0,0.0,0.0,0.198558,13.1
39.6866021,0.10583093893333334,0.005042444395604395,366,0,0.0,0.0,0.0,0.0,0.0,0.216253,6.5
39.6866021,0.14431491672727273,0.005042444395604395,366,0,0.0,0.0,0.0,0.0,0.0,0.26662099,1.4
39.6866021,0.12211262184615385,0.005042444395604395,366,0,0.0,0.0,0.0,0.0,0.0,0.23707099,3.3000000500000004
39.39884426,0.11256812645714284,0.0023286232142857143,29,1,0.0,0.0,0.0,0.0,0.0,0.253865,0.25000000499999997
39.39884426,0.1212272131076923,0.0023286232142857143,29,1,0.0,0.0,0.0,0.0,0.0,0.276308,1.2
39.39884426,0.11256812645714284,0.0023286232142857143,29,0,0.0,0.0,0.0,0.0,0.0,0.254098,2.3999999499999998
39.39884426,0.1212272131076923,0.0023286232142857143,29,0,0.0,0.0,0.0,0.0,0.0,0.276481,0.849999995
39.39884426,0.13132948086666665,0.005043505054945056,365,1,0.0,0.0,0.0,0.0,0.0,0.26024899,4.35000015
39.39884426,0.07879768851999999,0.005043505054945056,365,1,0.0,0.0,0.0,0.0,0.0,0.212529,0.05
39.39884426,0.1212272131076923,0.005043505054945056,365,1,0.0,0.0,0.0,0.0,0.0,0.249202,2.95000005
39.39884426,0.09849711065,0.005043505054945056,365,0,0.0,0.0,0.0,0.0,0.0,0.219584,8.7999997
39.39884426,0.10506358469333332,0.005043505054945056,365,0,0.0,0.0,0.0,0.0,0.0,0.22949199,6.79999995
39.39884426,0.1212272131076923,0.005043505054945056,365,0,0.0,0.0,0.0,0.0,0.0,0.24857,3.54999995
39.13506624,0.1304502208,0.005008636373626374,362,1,0.0,0.0,0.0,0.0,0.0,0.25795299,4.14999985
39.13506624,0.0978376656,0.005008636373626374,362,1,0.0,0.0,0.0,0.0,0.0,0.218706,0.55000001
39.13506624,0.12041558843076923,0.005008636373626374,362,1,0.0,0.0,0.0,0.0,0.0,0.246619,2.775
39.13506624,0.08696681386666667,0.005008636373626374,362,0,0.0,0.0,0.0,0.0,0.0,0.200773,13.55
39.13506624,0.12041558843076923,0.005008636373626374,362,0,0.0,0.0,0.0,0.0,0.0,0.247912,3.6499999499999998
39.03914696,0.11154041988571428,0.004990436923076923,361,1,0.0,0.0,0.0,0.0,0.0,0.236111,1.7
39.03914696,0.11154041988571428,0.004990436923076923,361,0,0.0,0.0,0.0,0.0,0.0,0.236678,5.20000005
39.03914696,0.10410439189333333,0.004990436923076923,361,0,0.0,0.0,0.0,0.0,0.0,0.226255,7.0
39.03914696,0.14196053439999998,0.004990436923076923,361,0,0.0,0.0,0.0,0.0,0.0,0.27668899,1.625
39.06312678,0.14204773374545454,0.0052232156043956045,360,1,0.0,0.0,0.0,0.0,0.0,0.279688,5.9000001
39.06312678,0.09765781694999999,0.0052232156043956045,360,0,0.0,0.0,0.0,0.0,0.0,0.215068,9.0
39.4468039,0.12137478123076922,0.0023469157142857145,32,1,0.0,0.0,0.0,0.0,0.0,0.233008,0.94999999
39.4468039,0.112705154,0.0023469157142857145,32,1,0.0,0.0,0.0,0.0,0.0,0.19702099,0.10000000549999999
39.4468039,0.13148934633333334,0.0023469157142857145,32,0,0.0,0.0,0.0,0.0,0.0,0.269164,0.20000000499999998
39.4468039,0.12137478123076922,0.0023469157142857145,32,0,0.0,0.0,0.0,0.0,0.0,0.219675,0.82499999
39.4468039,0.10519147706666666,0.0023469157142857145,32,0,0.0,0.0,0.0,0.0,0.0,-99.989998,4.9499998
39.566703,0.12174370153846154,0.002342586857142857,31,1,0.0,0.0,0.0,0.0,0.0,0.224694,0.94999999
39.566703,0.13188901,0.002342586857142857,31,0,0.0,0.0,0.0,0.0,0.0,0.26636699,0.17500000500000001
39.566703,0.12174370153846154,0.002342586857142857,31,0,0.0,0.0,0.0,0.0,0.0,0.20581,0.724999995
39.566703,0.11304772285714285,0.002342586857142857,31,0,0.0,0.0,0.0,0.0,0.0,0.201591,2.5
39.4468039,0.12137478123076922,0.002336524,30,1,0.0,0.0,0.0,0.0,0.0,0.211639,0.849999995
39.4468039,0.112705154,0.002336524,30,1,0.0,0.0,0.0,0.0,0.0,0.186959,0.0750000005
39.4468039,0.13148934633333334,0.002336524,30,0,0.0,0.0,0.0,0.0,0.0,0.25509399,0.15000000000000002
39.4468039,0.12137478123076922,0.002336524,30,0,0.0,0.0,0.0,0.0,0.0,0.203628,0.724999995
40.02231958,0.12314559870769232,0.0023342174285714288,29,1,0.0,0.0,0.0,0.0,0.0,0.210821,1.15
40.02231958,0.11434948451428571,0.0023342174285714288,29,1,0.0,0.0,0.0,0.0,0.0,0.183357,0.125000005
40.02231958,0.13340773193333333,0.0023342174285714288,29,0,0.0,0.0,0.0,0.0,0.0,0.278644,0.125000005
40.02231958,0.12314559870769232,0.0023342174285714288,29,0,0.0,0.0,0.0,0.0,0.0,0.199276,0.474999995
41.005268920000006,0.13668422973333336,0.002392358,32,1,0.0,0.0,0.0,0.0,0.0,-99.989998,3.85
41.005268920000006,0.12617005821538463,0.002392358,32,1,0.0,0.0,0.0,0.0,0.0,0.195143,1.65
41.005268920000006,0.11715791120000002,0.002392358,32,1,0.0,0.0,0.0,0.0,0.0,0.163037,0.25000000499999997
41.005268920000006,0.12617005821538463,0.002392358,32,0,0.0,0.0,0.0,0.0,0.0,0.190716,0.25000000499999997
41.11419673,0.12650522070769232,0.00240692,31,1,0.0,0.0,0.0,0.0,0.0,0.17966899,1.65
41.11419673,0.11746913351428573,0.00240692,31,1,0.0,0.0,0.0,0.0,0.0,0.16043,0.25000000499999997
41.11419673,0.12650522070769232,0.00240692,31,0,0.0,0.0,0.0,0.0,0.0,0.189767,0.225
41.11419673,0.11746913351428573,0.00240692,31,0,0.0,0.0,0.0,0.0,0.0,0.16055,1.3
41.2715369,0.12698934430769232,0.002428366470588235,30,1,0.0,0.0,0.0,0.0,0.0,0.19121701,1.775
41.2715369,0.11791867685714286,0.002428366470588235,30,1,0.0,0.0,0.0,0.0,0.0,0.16012,0.275000005
41.34415544,0.12721278596923077,0.002476309411764706,29,1,0.0,0.0,0.0,0.0,0.0,0.182172,1.775
41.34415544,0.1181261584,0.002476309411764706,29,1,0.0,0.0,0.0,0.0,0.0,0.152788,0.25000000499999997
41.34415544,0.12721278596923077,0.002476309411764706,29,0,0.0,0.0,0.0,0.0,0.0,0.197834,0.20000000499999998
41.34415544,0.1181261584,0.002476309411764706,29,0,0.0,0.0,0.0,0.0,0.0,0.152913,1.15
42.26399028,0.11270397408,0.003967187142857143,187,1,0.0,0.0,0.0,0.0,0.0,0.185936,0.75
42.20347483,0.1298568456307692,0.003990191538461538,186,1,0.0,0.0,0.0,0.0,0.0,0.21427201,3.1999999499999996
42.20347483,0.11254259954666666,0.003990191538461538,186,1,0.0,0.0,0.0,0.0,0.0,0.187988,0.75
42.4818459,0.11328492240000002,0.003905506813186813,185,1,0.0,0.0,0.0,0.0,0.0,0.184035,0.775000005
42.4818459,0.141606153,0.003905506813186813,185,0,0.0,0.0,0.0,0.0,0.0,0.237865,0.625
42.530258260000004,0.13086233310769232,0.003222585142857143,93,1,0.0,0.0,0.0,0.0,0.0,0.217664,3.0249999499999998
42.530258260000004,0.12151502360000001,0.003222585142857143,93,1,0.0,0.0,0.0,0.0,0.0,0.186168,1.25
42.530258260000004,0.11341402202666667,0.003222585142857143,93,1,0.0,0.0,0.0,0.0,0.0,0.168624,0.32499999999999996
42.530258260000004,0.14176752753333335,0.003222585142857143,93,0,0.0,0.0,0.0,0.0,0.0,0.228579,0.17500000500000001
42.530258260000004,0.13086233310769232,0.003222585142857143,93,0,0.0,0.0,0.0,0.0,0.0,0.20372599,0.525000005
42.530258260000004,0.12151502360000001,0.003222585142857143,93,0,0.0,0.0,0.0,0.0,0.0,0.177194,1.35
42.530258260000004,0.11341402202666667,0.0038359307692307693,184,1,0.0,0.0,0.0,0.0,0.0,0.185001,0.80000001
42.397124270000006,0.13045269006153848,0.003207657142857143,92,1,0.0,0.0,0.0,0.0,0.0,0.210785,2.92499995
42.397124270000006,0.12113464077142859,0.003207657142857143,92,1,0.0,0.0,0.0,0.0,0.0,0.184999,1.2
42.397124270000006,0.11305899805333335,0.003207657142857143,92,1,0.0,0.0,0.0,0.0,0.0,0.17197201,0.32499999999999996
42.397124270000006,0.14132374756666669,0.003207657142857143,92,0,0.0,0.0,0.0,0.0,0.0,0.236733,0.20000000499999998
42.397124270000006,0.13045269006153848,0.003207657142857143,92,0,0.0,0.0,0.0,0.0,0.0,0.207142,0.55000001
42.397124270000006,0.12113464077142859,0.003207657142857143,92,0,0.0,0.0,0.0,0.0,0.0,0.18144999,1.4
42.397124270000006,0.11305899805333335,0.003207657142857143,92,0,0.0,0.0,0.0,0.0,0.0,0.165406,3.04999995
42.397124270000006,0.13045269006153848,0.003809890857142857,183,1,0.0,0.0,0.0,0.0,0.0,0.21290299,3.3000000500000004
42.397124270000006,0.12113464077142859,0.003809890857142857,183,1,0.0,0.0,0.0,0.0,0.0,0.200155,1.775
42.397124270000006,0.11305899805333335,0.003809890857142857,183,1,0.0,0.0,0.0,0.0,0.0,0.186212,0.775000005
42.397124270000006,0.12113464077142859,0.003809890857142857,183,0,0.0,0.0,0.0,0.0,0.0,0.198579,2.225
42.49394899,0.12141128282857143,0.003209609714285714,89,1,0.0,0.0,0.0,0.0,0.0,0.185508,1.2
42.49394899,0.11331719730666667,0.003209609714285714,89,1,0.0,0.0,0.0,0.0,0.0,0.168419,0.29999999499999996
42.49394899,0.12141128282857143,0.0037900202857142863,180,1,0.0,0.0,0.0,0.0,0.0,0.19681001,1.75
42.49394899,0.11331719730666667,0.0037900202857142863,180,1,0.0,0.0,0.0,0.0,0.0,0.183594,0.75
42.46974281000001,0.12134212231428573,0.002666382142857143,32,1,0.0,0.0,0.0,0.0,0.0,0.18394101,0.80000001
42.46974281000001,0.13067613172307693,0.002666382142857143,32,0,0.0,0.0,0.0,0.0,0.0,0.217007,0.125000005
42.46974281000001,0.12134212231428573,0.002666382142857143,32,0,0.0,0.0,0.0,0.0,0.0,0.17811,0.69999999
42.46974281000001,0.11325264749333334,0.0038924868571428572,179,1,0.0,0.0,0.0,0.0,0.0,0.178799,0.69999999
42.51815517000001,0.12148044334285717,0.0026859660714285715,31,1,0.0,0.0,0.0,0.0,0.0,0.178836,0.80000001
42.51815517000001,0.11338174712000001,0.0026859660714285715,31,1,0.0,0.0,0.0,0.0,0.0,0.16739701,0.0750000005
42.51815517000001,0.12148044334285717,0.0026859660714285715,31,0,0.0,0.0,0.0,0.0,0.0,0.17580099,0.650000005
42.51815517000001,0.11338174712000001,0.004030475142857143,178,1,0.0,0.0,0.0,0.0,0.0,0.17949399,0.724999995
42.51815517000001,0.12148044334285717,0.004030475142857143,178,0,0.0,0.0,0.0,0.0,0.0,0.193763,2.1000000500000002
42.651289160000005,0.12186082617142859,0.0027089189285714288,30,1,0.0,0.0,0.0,0.0,0.0,0.191682,0.900000005
42.651289160000005,0.11373677109333334,0.0027089189285714288,30,1,0.0,0.0,0.0,0.0,0.0,0.164019,0.0750000005
42.651289160000005,0.12186082617142859,0.0027089189285714288,30,0,0.0,0.0,0.0,0.0,0.0,0.17849401,0.599999995
42.651289160000005,0.11373677109333334,0.004297269142857143,177,1,0.0,0.0,0.0,0.0,0.0,0.186405,0.80000001
43.002278770000004,0.12286365362857143,0.0027262621428571425,29,1,0.0,0.0,0.0,0.0,0.0,0.18180899,0.999999995
40.84792875,0.11670836785714286,0.0035548931428571427,32,1,0.0,0.0,0.0,0.0,0.0,0.229233,0.35000001000000003
40.84792875,0.1361597625,0.0035548931428571427,32,0,0.0,0.0,0.0,0.0,0.0,0.326536,0.20000000499999998
40.84792875,0.12568593461538463,0.0035548931428571427,32,0,0.0,0.0,0.0,0.0,0.0,0.264348,0.625
40.3032897,0.134344299,0.0035582237142857145,31,0,0.0,0.0,0.0,0.0,0.0,0.321652,0.25000000499999997
38.93564053000001,0.11124468722857145,0.0035607342857142854,30,1,0.0,0.0,0.0,0.0,0.0,0.27473599,0.15000000000000002
38.93564053000001,0.12978546843333336,0.0035607342857142854,30,0,0.0,0.0,0.0,0.0,0.0,0.37606201,0.599999995
38.93564053000001,0.11980197086153849,0.0035607342857142854,30,0,0.0,0.0,0.0,0.0,0.0,0.29975399,1.4500000000000002
38.93564053000001,0.11124468722857145,0.0035607342857142854,30,0,0.0,0.0,0.0,0.0,0.0,0.253755,3.25
39.2140116,0.12065849723076923,0.0035865882857142855,29,1,0.0,0.0,0.0,0.0,0.0,0.27013201,0.775000005
39.2140116,0.11204003314285714,0.0035865882857142855,29,1,0.0,0.0,0.0,0.0,0.0,0.221863,0.0750000005
39.2140116,0.1425964058181818,0.0035865882857142855,29,0,0.0,0.0,0.0,0.0,0.0,0.42840201,0.17500000500000001
39.2140116,0.130713372,0.0035865882857142855,29,0,0.0,0.0,0.0,0.0,0.0,0.34610799,0.45000000500000004
39.2140116,0.12065849723076923,0.0035865882857142855,29,0,0.0,0.0,0.0,0.0,0.0,0.27015999,1.225
39.2140116,0.11204003314285714,0.0035865882857142855,29,0,0.0,0.0,0.0,0.0,0.0,0.21774299,3.0249999499999998
41.07057975,0.1263710146153846,0.003599933333333333,32,1,0.0,0.0,0.0,0.0,0.0,0.22606499,1.525
41.07057975,0.11734451357142857,0.003599933333333333,32,1,0.0,0.0,0.0,0.0,0.0,0.187371,0.25000000499999997
41.07057975,0.1263710146153846,0.003599933333333333,32,0,0.0,0.0,0.0,0.0,0.0,0.226972,0.45000000500000004
41.107239,0.12648381230769232,0.0035602079999999996,31,1,0.0,0.0,0.0,0.0,0.0,0.212295,1.5
41.107239,0.11744925428571429,0.0035602079999999996,31,1,0.0,0.0,0.0,0.0,0.0,0.17816301,0.225
41.107239,0.11744925428571429,0.0035602079999999996,31,0,0.0,0.0,0.0,0.0,0.0,0.178335,1.6
41.19277725,0.12674700692307692,0.00352246,30,1,0.0,0.0,0.0,0.0,0.0,0.210346,1.55
41.19277725,0.1373092575,0.00352246,30,0,0.0,0.0,0.0,0.0,0.0,0.29318699,0.10000000549999999
41.19277725,0.12674700692307692,0.00352246,30,0,0.0,0.0,0.0,0.0,0.0,0.216447,0.35000001000000003
41.19277725,0.11769364928571428,0.00352246,30,0,0.0,0.0,0.0,0.0,0.0,0.17160299,1.5
40.97282175,0.12607022076923077,0.003514799375,29,1,0.0,0.0,0.0,0.0,0.0,0.20011801,1.375
40.97282175,0.12607022076923077,0.003514799375,29,0,0.0,0.0,0.0,0.0,0.0,0.204486,0.35000001000000003
40.97282175,0.117065205,0.003514799375,29,0,0.0,0.0,0.0,0.0,0.0,0.158125,1.6
40.5451305,0.11584322999999999,0.004751516,93,1,0.0,0.0,0.0,0.0,0.0,0.20828199,0.599999995
39.640868999999995,0.11659079117647057,0.004681784285714285,92,1,0.0,0.0,0.0,0.0,0.0,0.22059201,0.724999995
39.67752825,0.12799202661290324,0.004561983714285714,89,1,0.0,0.0,0.0,0.0,0.0,0.23925801,2.20000005
39.67752825,0.12208470230769232,0.004561983714285714,89,1,0.0,0.0,0.0,0.0,0.0,0.221983,1.275
39.67752825,0.1166986125,0.004561983714285714,89,1,0.0,0.0,0.0,0.0,0.0,0.210784,0.650000005
39.67752825,0.11336436642857144,0.004561983714285714,89,1,0.0,0.0,0.0,0.0,0.0,0.197653,0.35000001000000003
39.67752825,0.14428192090909092,0.005088706785714285,187,1,0.0,0.0,0.0,0.0,0.0,0.298796,5.5
39.67752825,0.11336436642857144,0.005088706785714285,187,1,0.0,0.0,0.0,0.0,0.0,0.226411,0.974999995
39.67752825,0.11021535625000001,0.005088706785714285,187,1,0.0,0.0,0.0,0.0,0.0,0.22131801,0.69999999
39.67752825,0.10580674200000001,0.005088706785714285,187,1,0.0,0.0,0.0,0.0,0.0,0.21384799,0.39999998999999997
39.67752825,0.158710113,0.005088706785714285,187,0,0.0,0.0,0.0,0.0,0.0,0.336189,0.55000001
39.934143,0.12881981612903226,0.0034377507142857146,32,1,0.0,0.0,0.0,0.0,0.0,0.236241,1.95
39.934143,0.12287428615384614,0.0034377507142857146,32,1,0.0,0.0,0.0,0.0,0.0,0.213548,0.900000005
39.934143,0.11745336176470587,0.0034377507142857146,32,1,0.0,0.0,0.0,0.0,0.0,0.187057,0.25000000499999997
39.934143,0.12287428615384614,0.0034377507142857146,32,0,0.0,0.0,0.0,0.0,0.0,0.213826,0.75
39.934143,0.13770394137931033,0.004836260357142857,186,1,0.0,0.0,0.0,0.0,0.0,0.26965201,4.35000015
39.934143,0.12881981612903226,0.004836260357142857,186,1,0.0,0.0,0.0,0.0,0.0,0.25100401,2.92499995
39.934143,0.12287428615384614,0.004836260357142857,186,1,0.0,0.0,0.0,0.0,0.0,0.23906299,2.04999995
39.934143,0.11745336176470587,0.004836260357142857,186,1,0.0,0.0,0.0,0.0,0.0,0.222441,1.3
39.934143,0.11409755142857142,0.004836260357142857,186,1,0.0,0.0,0.0,0.0,0.0,0.217067,0.94999999
39.934143,0.11092817499999999,0.004836260357142857,186,1,0.0,0.0,0.0,0.0,0.0,0.20903499,0.650000005
39.934143,0.14521506545454546,0.004836260357142857,186,0,0.0,0.0,0.0,0.0,0.0,0.29193601,0.825000015
39.934143,0.13770394137931033,0.004836260357142857,186,0,0.0,0.0,0.0,0.0,0.0,0.27419999,1.15
39.934143,0.13311381,0.004836260357142857,186,0,0.0,0.0,0.0,0.0,0.0,0.262622,1.4249999999999998
39.934143,0.12287428615384614,0.004836260357142857,186,0,0.0,0.0,0.0,0.0,0.0,0.23489501,2.375
39.934143,0.11745336176470587,0.004836260357142857,186,0,0.0,0.0,0.0,0.0,0.0,0.223564,3.1999999499999996
39.84860475,0.12261109153846154,0.0034102860714285716,31,1,0.0,0.0,0.0,0.0,0.0,0.227532,0.900000005
39.84860475,0.1172017786764706,0.0034102860714285716,31,1,0.0,0.0,0.0,0.0,0.0,0.196114,0.25000000499999997
39.84860475,0.12854388629032257,0.0034102860714285716,31,0,0.0,0.0,0.0,0.0,0.0,0.25270301,0.35000001000000003
39.84860475,0.12261109153846154,0.0034102860714285716,31,0,0.0,0.0,0.0,0.0,0.0,0.221194,0.80000001
39.84860475,0.1328286825,0.004785123928571429,185,1,0.0,0.0,0.0,0.0,0.0,0.26797801,3.6
39.84860475,0.12261109153846154,0.004785123928571429,185,1,0.0,0.0,0.0,0.0,0.0,0.241953,2.025
39.84860475,0.1172017786764706,0.004785123928571429,185,1,0.0,0.0,0.0,0.0,0.0,0.229794,1.3250000000000002
39.84860475,0.11385315642857143,0.004785123928571429,185,1,0.0,0.0,0.0,0.0,0.0,0.221044,0.94999999
39.84860475,0.11069056875,0.004785123928571429,185,1,0.0,0.0,0.0,0.0,0.0,0.21606,0.674999985
39.84860475,0.106262946,0.004785123928571429,185,1,0.0,0.0,0.0,0.0,0.0,0.20777801,0.375
39.84860475,0.13740898189655174,0.004785123928571429,185,0,0.0,0.0,0.0,0.0,0.0,0.275105,1.1749999999999998
39.84860475,0.1328286825,0.004785123928571429,185,0,0.0,0.0,0.0,0.0,0.0,0.265926,1.475
39.84860475,0.12854388629032257,0.004785123928571429,185,0,0.0,0.0,0.0,0.0,0.0,0.255979,1.8250000000000002
39.84860475,0.11385315642857143,0.004785123928571429,185,0,0.0,0.0,0.0,0.0,0.0,0.222697,3.95000005
40.752866250000004,0.12539343461538463,0.0033827467857142856,30,1,0.0,0.0,0.0,0.0,0.0,0.21583501,1.3
40.752866250000004,0.11986137132352942,0.0033827467857142856,30,1,0.0,0.0,0.0,0.0,0.0,0.183639,0.42500000000000004
40.752866250000004,0.11643676071428573,0.0033827467857142856,30,1,0.0,0.0,0.0,0.0,0.0,0.174501,0.15000000000000002
40.752866250000004,0.12539343461538463,0.0033827467857142856,30,0,0.0,0.0,0.0,0.0,0.0,0.21257401,0.45000000500000004
40.752866250000004,0.12539343461538463,0.004603230892857143,184,1,0.0,0.0,0.0,0.0,0.0,0.23281699,2.3500000500000002
40.752866250000004,0.11986137132352942,0.004603230892857143,184,1,0.0,0.0,0.0,0.0,0.0,0.219108,1.55
40.752866250000004,0.11643676071428573,0.004603230892857143,184,1,0.0,0.0,0.0,0.0,0.0,0.21111,1.125
40.752866250000004,0.11320240625000001,0.004603230892857143,184,1,0.0,0.0,0.0,0.0,0.0,0.202436,0.775000005
40.752866250000004,0.140527125,0.004603230892857143,184,0,0.0,0.0,0.0,0.0,0.0,0.271658,0.94999999
40.752866250000004,0.1358428875,0.004603230892857143,184,0,0.0,0.0,0.0,0.0,0.0,0.26184899,1.2
40.752866250000004,0.13146085887096776,0.004603230892857143,184,0,0.0,0.0,0.0,0.0,0.0,0.248964,1.475
40.752866250000004,0.12539343461538463,0.004603230892857143,184,0,0.0,0.0,0.0,0.0,0.0,0.232941,2.025
40.752866250000004,0.11643676071428573,0.004603230892857143,184,0,0.0,0.0,0.0,0.0,0.0,0.21222401,3.3500000500000002
41.04614025000001,0.1262958161538462,0.003369561071428571,29,1,0.0,0.0,0.0,0.0,0.0,0.217319,1.45
41.04614025000001,0.12072394191176473,0.003369561071428571,29,1,0.0,0.0,0.0,0.0,0.0,0.18327101,0.5
41.04614025000001,0.11727468642857145,0.003369561071428571,29,1,0.0,0.0,0.0,0.0,0.0,0.17083199,0.17500000500000001
41.04614025000001,0.1262958161538462,0.003369561071428571,29,0,0.0,0.0,0.0,0.0,0.0,0.20656601,0.35000001000000003
41.04614025000001,0.12072394191176473,0.003369561071428571,29,0,0.0,0.0,0.0,0.0,0.0,0.18695401,0.94999999
41.04614025000001,0.1262958161538462,0.004763766071428571,183,1,0.0,0.0,0.0,0.0,0.0,0.229334,2.45000005
41.04614025000001,0.12072394191176473,0.004763766071428571,183,1,0.0,0.0,0.0,0.0,0.0,0.21341,1.6
41.04614025000001,0.11727468642857145,0.004763766071428571,183,1,0.0,0.0,0.0,0.0,0.0,0.20739999,1.1749999999999998
41.04614025000001,0.13682046750000001,0.004763766071428571,183,0,0.0,0.0,0.0,0.0,0.0,0.25816599,1.1
41.04614025000001,0.13240690403225808,0.004763766071428571,183,0,0.0,0.0,0.0,0.0,0.0,0.24424499,1.35
41.04614025000001,0.12072394191176473,0.004763766071428571,183,0,0.0,0.0,0.0,0.0,0.0,0.214884,2.57500005
41.693787,0.12828857538461538,0.004768060714285715,180,1,0.0,0.0,0.0,0.0,0.0,0.231475,2.7749999499999998
41.693787,0.11912510571428571,0.004768060714285715,180,1,0.0,0.0,0.0,0.0,0.0,0.207597,1.375
41.693787,0.115816075,0.004768060714285715,180,1,0.0,0.0,0.0,0.0,0.0,0.199784,0.974999995
41.693787,0.111183432,0.004768060714285715,180,1,0.0,0.0,0.0,0.0,0.0,0.18801001,0.525000005
41.693787,0.1344960870967742,0.004768060714285715,180,0,0.0,0.0,0.0,0.0,0.0,0.24820399,1.2
41.693787,0.12828857538461538,0.004768060714285715,180,0,0.0,0.0,0.0,0.0,0.0,0.22980399,1.65
41.70600675000001,0.1191600192857143,0.004664974464285715,179,1,0.0,0.0,0.0,0.0,0.0,0.20852301,1.4
41.70600675000001,0.11585001875000002,0.004664974464285715,179,1,0.0,0.0,0.0,0.0,0.0,0.201138,0.999999995
41.70600675000001,0.11121601800000001,0.004664974464285715,179,1,0.0,0.0,0.0,0.0,0.0,0.190377,0.55000001
41.70600675000001,0.1516582063636364,0.004664974464285715,179,0,0.0,0.0,0.0,0.0,0.0,0.28927699,0.525000005
41.70600675000001,0.14381381637931037,0.004664974464285715,179,0,0.0,0.0,0.0,0.0,0.0,0.271772,0.75
41.70600675000001,0.12832617461538465,0.004664974464285715,179,0,0.0,0.0,0.0,0.0,0.0,0.22998101,1.625
41.693787,0.11912510571428571,0.0043834766071428576,178,1,0.0,0.0,0.0,0.0,0.0,0.209713,1.4
41.693787,0.115816075,0.0043834766071428576,178,1,0.0,0.0,0.0,0.0,0.0,0.202224,0.999999995
41.693787,0.111183432,0.0043834766071428576,178,1,0.0,0.0,0.0,0.0,0.0,0.191338,0.55000001
41.693787,0.15161377090909092,0.0043834766071428576,178,0,0.0,0.0,0.0,0.0,0.0,0.29449999,0.55000001
41.85264375,0.11957898214285714,0.004280976785714286,177,1,0.0,0.0,0.0,0.0,0.0,0.207266,1.4
41.85264375,0.11625734374999999,0.004280976785714286,177,1,0.0,0.0,0.0,0.0,0.0,0.20037299,0.999999995
41.85264375,0.11160705,0.004280976785714286,177,1,0.0,0.0,0.0,0.0,0.0,0.19329999,0.575000015
41.85264375,0.12877736538461537,0.004280976785714286,177,0,0.0,0.0,0.0,0.0,0.0,0.230481,1.6
41.498271,0.12205373823529413,0.0027394625714285714,32,1,0.0,0.0,0.0,0.0,0.0,0.18267401,0.599999995
41.498271,0.12205373823529413,0.0027394625714285714,32,0,0.0,0.0,0.0,0.0,0.0,0.178427,0.900000005
41.498271,0.11856648857142858,0.0027394625714285714,32,0,0.0,0.0,0.0,0.0,0.0,0.16565,1.55
41.498271,0.12205373823529413,0.002730828285714286,31,1,0.0,0.0,0.0,0.0,0.0,0.17939299,0.575000015
41.498271,0.11856648857142858,0.002730828285714286,31,1,0.0,0.0,0.0,0.0,0.0,0.17440499,0.225
41.498271,0.12575233636363636,0.002730828285714286,31,0,0.0,0.0,0.0,0.0,0.0,0.18852299,0.45000000500000004
41.498271,0.12205373823529413,0.002730828285714286,31,0,0.0,0.0,0.0,0.0,0.0,0.16825899,0.849999995
40.911722999999995,0.12032859705882351,0.0027135628571428572,30,1,0.0,0.0,0.0,0.0,0.0,0.190184,0.39999998999999997
40.911722999999995,0.11689063714285713,0.0027135628571428572,30,1,0.0,0.0,0.0,0.0,0.0,0.185598,0.15000000000000002
40.911722999999995,0.1319733,0.0027135628571428572,30,0,0.0,0.0,0.0,0.0,0.0,0.233582,0.17500000500000001
40.911722999999995,0.12784913437499998,0.0027135628571428572,30,0,0.0,0.0,0.0,0.0,0.0,0.215725,0.35000001000000003
40.911722999999995,0.12397491818181816,0.0027135628571428572,30,0,0.0,0.0,0.0,0.0,0.0,0.193681,0.650000005
41.05836,0.128307375,0.002700043428571429,29,1,0.0,0.0,0.0,0.0,0.0,0.218164,1.75
41.05836,0.12441927272727273,0.002700043428571429,29,1,0.0,0.0,0.0,0.0,0.0,0.19281299,0.94999999
41.05836,0.12075988235294118,0.002700043428571429,29,1,0.0,0.0,0.0,0.0,0.0,0.17783099,0.39999998999999997
41.05836,0.1173096,0.002700043428571429,29,1,0.0,0.0,0.0,0.0,0.0,0.168529,0.125000005
41.05836,0.128307375,0.002700043428571429,29,0,0.0,0.0,0.0,0.0,0.0,0.204547,0.275000005
41.05836,0.12441927272727273,0.002700043428571429,29,0,0.0,0.0,0.0,0.0,0.0,0.18408599,0.55000001
42.2669045,0.13634485322580647,0.0026198333333333334,32,1,0.0,0.0,0.0,0.0,0.0,0.26602,3.4
42.2669045,0.12076258428571429,0.0026198333333333334,32,1,0.0,0.0,0.0,0.0,0.0,0.15842,0.35000001000000003
42.2669045,0.11740806805555556,0.0026198333333333334,32,1,0.0,0.0,0.0,0.0,0.0,0.15806501,0.125000005
42.2669045,0.14088968166666668,0.0026198333333333334,32,0,0.0,0.0,0.0,0.0,0.0,0.26925099,0.05
42.2669045,0.124314425,0.0026198333333333334,32,0,0.0,0.0,0.0,0.0,0.0,0.174868,0.575000015
42.5875755,0.125257575,0.00261439,31,1,0.0,0.0,0.0,0.0,0.0,0.177334,0.999999995
42.5875755,0.12167878714285714,0.00261439,31,1,0.0,0.0,0.0,0.0,0.0,0.163396,0.45000000500000004
42.5875755,0.11829882083333333,0.00261439,31,1,0.0,0.0,0.0,0.0,0.0,0.144381,0.125000005
42.5875755,0.113566868,0.00261439,31,1,0.0,0.0,0.0,0.0,0.0,0.15924001,0.0250000005
42.5875755,0.125257575,0.00261439,31,0,0.0,0.0,0.0,0.0,0.0,0.177494,0.474999995
42.5875755,0.11829882083333333,0.00261439,31,0,0.0,0.0,0.0,0.0,0.0,0.14467999,1.6
42.599909,0.12529384999999998,0.00260895,30,1,0.0,0.0,0.0,0.0,0.0,0.176643,0.999999995
42.599909,0.1217140257142857,0.00260895,30,1,0.0,0.0,0.0,0.0,0.0,0.15729,0.42500000000000004
42.599909,0.11833308055555555,0.00260895,30,0,0.0,0.0,0.0,0.0,0.0,0.143823,1.5750000000000002
43.167249999999996,0.13282230769230768,0.002606719375,29,1,0.0,0.0,0.0,0.0,0.0,0.233298,2.65
43.167249999999996,0.12696249999999998,0.002606719375,29,1,0.0,0.0,0.0,0.0,0.0,0.17567299,1.3
43.167249999999996,0.12333499999999999,0.002606719375,29,1,0.0,0.0,0.0,0.0,0.0,0.164249,0.650000005
43.167249999999996,0.11990902777777776,0.002606719375,29,1,0.0,0.0,0.0,0.0,0.0,0.148828,0.225
43.167249999999996,0.11511266666666665,0.002606719375,29,1,0.0,0.0,0.0,0.0,0.0,0.14163999,0.0250000005
43.167249999999996,0.12696249999999998,0.002606719375,29,0,0.0,0.0,0.0,0.0,0.0,0.17779399,0.29999999499999996
43.167249999999996,0.12333499999999999,0.002606719375,29,0,0.0,0.0,0.0,0.0,0.0,0.15965401,0.625
43.167249999999996,0.11990902777777776,0.002606719375,29,0,0.0,0.0,0.0,0.0,0.0,0.143002,1.2
44.943273999999995,0.12484242777777776,0.0032692467032967034,187,1,0.0,0.0,0.0,0.0,0.0,0.20881601,2.125
44.943273999999995,0.12146830810810809,0.0032692467032967034,187,1,0.0,0.0,0.0,0.0,0.0,0.200472,1.6
44.943273999999995,0.13218609999999997,0.0032692467032967034,187,0,0.0,0.0,0.0,0.0,0.0,0.230132,1.5
45.0542755,0.1251507652777778,0.0032955575824175827,186,0,0.0,0.0,0.0,0.0,0.0,0.20897,2.1750000500000004
45.6216165,0.11405404125,0.0032377557142857145,185,1,0.0,0.0,0.0,0.0,0.0,0.181885,0.69999999
45.6216165,0.1267267125,0.0032377557142857145,185,0,0.0,0.0,0.0,0.0,0.0,0.20963401,1.95
45.6216165,0.12330166621621622,0.0032377557142857145,185,0,0.0,0.0,0.0,0.0,0.0,0.20136499,2.3999999499999998
45.52294849999999,0.11979723289473682,0.0034325431868131875,184,1,0.0,0.0,0.0,0.0,0.0,0.195721,1.375
45.52294849999999,0.11380737124999998,0.0034325431868131875,184,1,0.0,0.0,0.0,0.0,0.0,0.182596,0.674999985
45.52294849999999,0.13389102499999997,0.0034325431868131875,184,0,0.0,0.0,0.0,0.0,0.0,0.22864,1.3
45.52294849999999,0.1300655671428571,0.0034325431868131875,184,0,0.0,0.0,0.0,0.0,0.0,0.222837,1.65
45.52294849999999,0.1264526347222222,0.0034325431868131875,184,0,0.0,0.0,0.0,0.0,0.0,0.210655,2.0
45.1529435,0.13280277499999998,0.003484774571428571,183,1,0.0,0.0,0.0,0.0,0.0,0.22344799,3.5
45.1529435,0.12900841,0.003484774571428571,183,1,0.0,0.0,0.0,0.0,0.0,0.214532,2.79999995
45.1529435,0.12203498243243244,0.003484774571428571,183,1,0.0,0.0,0.0,0.0,0.0,0.198865,1.65
45.1529435,0.1368271015151515,0.003484774571428571,183,0,0.0,0.0,0.0,0.0,0.0,0.235929,1.1
45.1529435,0.12900841,0.003484774571428571,183,0,0.0,0.0,0.0,0.0,0.0,0.215994,1.7
44.9802745,0.12156830945945946,0.0036650762857142853,180,1,0.0,0.0,0.0,0.0,0.0,0.19434901,1.525
44.9802745,0.11836914342105263,0.0036650762857142853,180,1,0.0,0.0,0.0,0.0,0.0,0.187851,1.1
44.9802745,0.11245068625,0.0036650762857142853,180,1,0.0,0.0,0.0,0.0,0.0,0.175842,0.5
44.5609355,0.14853645166666665,0.0026280125000000005,32,1,0.0,0.0,0.0,0.0,0.0,0.308705,6.1500001
44.5609355,0.12378037638888889,0.0026280125000000005,32,1,0.0,0.0,0.0,0.0,0.0,0.184435,0.849999995
44.5609355,0.12043496081081081,0.0026280125000000005,32,1,0.0,0.0,0.0,0.0,0.0,0.175614,0.39999998999999997
44.5609355,0.1172656197368421,0.0026280125000000005,32,1,0.0,0.0,0.0,0.0,0.0,0.158668,0.125000005
44.5609355,0.12731695857142858,0.0026280125000000005,32,0,0.0,0.0,0.0,0.0,0.0,0.20155101,0.39999998999999997
44.5609355,0.12378037638888889,0.0026280125000000005,32,0,0.0,0.0,0.0,0.0,0.0,0.178726,0.69999999
44.5609355,0.1172656197368421,0.0036931522857142855,179,1,0.0,0.0,0.0,0.0,0.0,0.190861,0.999999995
44.5609355,0.11140233875,0.0036931522857142855,179,1,0.0,0.0,0.0,0.0,0.0,0.179258,0.45000000500000004
44.5609355,0.1392529234375,0.0036931522857142855,179,0,0.0,0.0,0.0,0.0,0.0,0.24388599,0.94999999
44.5609355,0.13503313787878787,0.0036931522857142855,179,0,0.0,0.0,0.0,0.0,0.0,0.234458,1.2
45.066609,0.12876173999999999,0.002622012142857143,31,1,0.0,0.0,0.0,0.0,0.0,0.199609,1.8
45.066609,0.125185025,0.002622012142857143,31,1,0.0,0.0,0.0,0.0,0.0,0.18138599,1.05
45.066609,0.12180164594594595,0.002622012142857143,31,1,0.0,0.0,0.0,0.0,0.0,0.167722,0.5
45.066609,0.11859633947368421,0.003533007142857143,178,1,0.0,0.0,0.0,0.0,0.0,0.185983,1.1
45.066609,0.1126665225,0.003533007142857143,178,1,0.0,0.0,0.0,0.0,0.0,0.171206,0.474999995
45.28861199999999,0.1258017,0.0026158917857142857,30,1,0.0,0.0,0.0,0.0,0.0,0.183146,1.15
45.28861199999999,0.12240165405405404,0.0026158917857142857,30,1,0.0,0.0,0.0,0.0,0.0,0.165865,0.55000001
45.28861199999999,0.11918055789473682,0.0026158917857142857,30,1,0.0,0.0,0.0,0.0,0.0,0.15488499,0.20000000499999998
45.28861199999999,0.12939603428571428,0.0031224050000000004,93,1,0.0,0.0,0.0,0.0,0.0,0.190614,2.25
45.28861199999999,0.1258017,0.0031224050000000004,93,1,0.0,0.0,0.0,0.0,0.0,0.179465,1.55
45.28861199999999,0.12076963199999999,0.0031224050000000004,93,1,0.0,0.0,0.0,0.0,0.0,0.16363201,0.75
45.28861199999999,0.13934957538461537,0.0031224050000000004,93,0,0.0,0.0,0.0,0.0,0.0,0.22932801,0.35000001000000003
45.28861199999999,0.13320179999999998,0.0031224050000000004,93,0,0.0,0.0,0.0,0.0,0.0,0.206769,0.575000015
45.28861199999999,0.12939603428571428,0.0031224050000000004,93,0,0.0,0.0,0.0,0.0,0.0,0.19163901,0.80000001
45.28861199999999,0.13320179999999998,0.0034728542857142856,177,0,0.0,0.0,0.0,0.0,0.0,0.21758699,1.25
45.3749465,0.12964270428571428,0.0026138675,29,1,0.0,0.0,0.0,0.0,0.0,0.204024,1.9999999499999999
45.3749465,0.12263499054054054,0.0026138675,29,1,0.0,0.0,0.0,0.0,0.0,0.16418201,0.575000015
45.3749465,0.1463707951612903,0.0026138675,29,0,0.0,0.0,0.0,0.0,0.0,0.30408499,0.0250000005
45.3749465,0.12964270428571428,0.0026138675,29,0,0.0,0.0,0.0,0.0,0.0,0.19578201,0.20000000499999998
45.3749465,0.133455725,0.003106717142857143,92,1,0.0,0.0,0.0,0.0,0.0,0.210669,3.15
45.3749465,0.12099985733333334,0.003106717142857143,92,1,0.0,0.0,0.0,0.0,0.0,0.1626,0.775000005
45.3749465,0.13961522,0.003106717142857143,92,0,0.0,0.0,0.0,0.0,0.0,0.23438001,0.35000001000000003
45.485948,0.16540344727272727,0.0030753971428571425,89,1,0.0,0.0,0.0,0.0,0.0,0.30304199,9.4000001
45.485948,0.1337822,0.0030753971428571425,89,1,0.0,0.0,0.0,0.0,0.0,0.217346,3.25
45.485948,0.12995985142857144,0.0030753971428571425,89,1,0.0,0.0,0.0,0.0,0.0,0.192872,2.375
45.485948,0.12634985555555556,0.0030753971428571425,89,1,0.0,0.0,0.0,0.0,0.0,0.17999899,1.65
45.485948,0.12129586133333334,0.0030753971428571425,89,1,0.0,0.0,0.0,0.0,0.0,0.16980401,0.849999995
45.485948,0.1166306358974359,0.0030753971428571425,89,1,0.0,0.0,0.0,0.0,0.0,0.15894701,0.35000001000000003
42.9575805,0.126345825,0.0026012580000000004,32,1,0.0,0.0,0.0,0.0,0.0,0.193783,1.15
42.9575805,0.12273594428571429,0.0026012580000000004,32,1,0.0,0.0,0.0,0.0,0.0,0.180465,0.55000001
42.9575805,0.126345825,0.0026012580000000004,32,0,0.0,0.0,0.0,0.0,0.0,0.19368599,0.55000001
42.9575805,0.12273594428571429,0.0026012580000000004,32,0,0.0,0.0,0.0,0.0,0.0,0.179433,0.999999995
42.9575805,0.13017448636363635,0.002596112857142857,31,1,0.0,0.0,0.0,0.0,0.0,0.185151,1.9
42.9575805,0.12273594428571429,0.002596112857142857,31,1,0.0,0.0,0.0,0.0,0.0,0.17032801,0.5
43.413920000000005,0.12403977142857144,0.002592099142857143,30,1,0.0,0.0,0.0,0.0,0.0,0.159563,0.625
43.413920000000005,0.12059422222222224,0.002592099142857143,30,1,0.0,0.0,0.0,0.0,0.0,0.153557,0.225
43.438587,0.12411024857142856,0.0025935202857142858,29,1,0.0,0.0,0.0,0.0,0.0,0.14768299,0.575000015
43.438587,0.12066274166666666,0.0025935202857142858,29,1,0.0,0.0,0.0,0.0,0.0,0.139806,0.17500000500000001
43.438587,0.12776055,0.0025935202857142858,29,0,0.0,0.0,0.0,0.0,0.0,0.168272,0.29999999499999996
43.438587,0.12411024857142856,0.0025935202857142858,29,0,0.0,0.0,0.0,0.0,0.0,0.151521,0.650000005
45.304786799999995,0.12944224799999998,0.002677302142857143,32,1,0.0,0.0,0.0,0.0,0.0,0.160017,1.6
45.304786799999995,0.12584663,0.002677302142857143,32,1,0.0,0.0,0.0,0.0,0.0,0.127867,0.775000005
45.304786799999995,0.12081276479999999,0.002677302142857143,32,1,0.0,0.0,0.0,0.0,0.0,0.111953,0.125000005
45.304786799999995,0.13324937294117645,0.002677302142857143,32,0,0.0,0.0,0.0,0.0,0.0,0.172453,0.0750000005
45.304786799999995,0.12944224799999998,0.002677302142857143,32,0,0.0,0.0,0.0,0.0,0.0,0.15428799,0.17500000500000001
45.304786799999995,0.12584663,0.002677302142857143,32,0,0.0,0.0,0.0,0.0,0.0,0.12987401,0.375
45.41680413,0.12976229751428572,0.002671651785714286,31,1,0.0,0.0,0.0,0.0,0.0,0.137281,1.575
45.41680413,0.12615778925,0.002671651785714286,31,1,0.0,0.0,0.0,0.0,0.0,0.13506199,0.825000015
45.41680413,0.13974401270769232,0.002671651785714286,31,0,0.0,0.0,0.0,0.0,0.0,0.23909301,0.05
45.41680413,0.1335788356764706,0.002671651785714286,31,0,0.0,0.0,0.0,0.0,0.0,0.17727201,0.0750000005
45.41680413,0.12976229751428572,0.002671651785714286,31,0,0.0,0.0,0.0,0.0,0.0,0.15938701,0.17500000500000001
45.41680413,0.12615778925,0.002671651785714286,31,0,0.0,0.0,0.0,0.0,0.0,0.135694,0.375
45.41680413,0.13974401270769232,0.002670759285714286,30,1,0.0,0.0,0.0,0.0,0.0,0.15986399,4.0
45.41680413,0.1335788356764706,0.002670759285714286,30,1,0.0,0.0,0.0,0.0,0.0,0.167694,2.5500000500000004
45.41680413,0.12111147768000001,0.002670759285714286,30,1,0.0,0.0,0.0,0.0,0.0,0.117914,0.15000000000000002
45.41680413,0.13974401270769232,0.002670759285714286,30,0,0.0,0.0,0.0,0.0,0.0,0.245304,0.05
45.41680413,0.12976229751428572,0.002670759285714286,30,0,0.0,0.0,0.0,0.0,0.0,0.156031,0.15000000000000002
44.99362755,0.12498229875,0.003981686224489796,187,1,0.0,0.0,0.0,0.0,0.0,0.187161,1.75
44.99362755,0.11536827576923077,0.003981686224489796,187,1,0.0,0.0,0.0,0.0,0.0,0.16764,0.575000015
44.85671748,0.13592944690909092,0.003930791020408163,186,0,0.0,0.0,0.0,0.0,0.0,0.211061,1.05
44.85671748,0.131931522,0.003930791020408163,186,0,0.0,0.0,0.0,0.0,0.0,0.205226,1.375
45.25500132,0.12231081437837837,0.0037037311224489794,185,1,0.0,0.0,0.0,0.0,0.0,0.17686699,1.3250000000000002
45.25500132,0.1190921087368421,0.0037037311224489794,185,1,0.0,0.0,0.0,0.0,0.0,0.16852701,0.900000005
45.25500132,0.1131375033,0.0037037311224489794,185,1,0.0,0.0,0.0,0.0,0.0,0.158977,0.375
45.65328516,0.13043795760000002,0.0031437674285714288,93,1,0.0,0.0,0.0,0.0,0.0,0.200534,2.29999995
45.65328516,0.126814681,0.0031437674285714288,93,1,0.0,0.0,0.0,0.0,0.0,0.18722899,1.6
45.65328516,0.12338725718918919,0.0031437674285714288,93,1,0.0,0.0,0.0,0.0,0.0,0.178671,1.05
45.65328516,0.12014022410526316,0.0031437674285714288,93,1,0.0,0.0,0.0,0.0,0.0,0.161816,0.575000015
45.65328516,0.1521776172,0.0031437674285714288,93,0,0.0,0.0,0.0,0.0,0.0,0.27586401,0.17500000500000001
45.65328516,0.14726866180645162,0.0031437674285714288,93,0,0.0,0.0,0.0,0.0,0.0,0.25576299,0.225
45.65328516,0.142666516125,0.0031437674285714288,93,0,0.0,0.0,0.0,0.0,0.0,0.23778901,0.29999999499999996
45.65328516,0.13834328836363638,0.0031437674285714288,93,0,0.0,0.0,0.0,0.0,0.0,0.219166,0.39999998999999997
45.65328516,0.14726866180645162,0.0036118998979591836,184,0,0.0,0.0,0.0,0.0,0.0,0.23571301,0.55000001
46.08890811,0.12456461651351351,0.0031617931428571428,92,1,0.0,0.0,0.0,0.0,0.0,0.172278,1.125
46.08890811,0.12128660028947368,0.0031617931428571428,92,1,0.0,0.0,0.0,0.0,0.0,0.164792,0.674999985
46.08890811,0.1355556120882353,0.0031617931428571428,92,0,0.0,0.0,0.0,0.0,0.0,0.19989701,0.474999995
46.08890811,0.1316825946,0.0031617931428571428,92,0,0.0,0.0,0.0,0.0,0.0,0.18906499,0.69999999
46.08890811,0.12802474475,0.0031617931428571428,92,0,0.0,0.0,0.0,0.0,0.0,0.17628001,0.999999995
46.08890811,0.12456461651351351,0.0031617931428571428,92,0,0.0,0.0,0.0,0.0,0.0,0.162044,1.4
46.08890811,0.12802474475,0.003674105142857143,183,1,0.0,0.0,0.0,0.0,0.0,0.183771,2.1750000500000004
46.31294277,0.12864706325,0.002669933214285714,32,1,0.0,0.0,0.0,0.0,0.0,0.198136,1.6
46.31294277,0.1251701155945946,0.002669933214285714,32,1,0.0,0.0,0.0,0.0,0.0,0.179333,0.900000005
46.31294277,0.12187616518421053,0.002669933214285714,32,1,0.0,0.0,0.0,0.0,0.0,0.156949,0.375
46.31294277,0.12864706325,0.002669933214285714,32,0,0.0,0.0,0.0,0.0,0.0,0.196308,0.375
46.31294277,0.1251701155945946,0.0036292797142857144,179,1,0.0,0.0,0.0,0.0,0.0,0.181494,1.75
46.31294277,0.12187616518421053,0.0036292797142857144,179,1,0.0,0.0,0.0,0.0,0.0,0.17384399,1.25
46.31294277,0.11875113530769231,0.0036292797142857144,179,1,0.0,0.0,0.0,0.0,0.0,0.166787,0.849999995
46.31294277,0.115782356925,0.0036292797142857144,179,1,0.0,0.0,0.0,0.0,0.0,0.16065501,0.55000001
46.31294277,0.1251701155945946,0.0036292797142857144,179,0,0.0,0.0,0.0,0.0,0.0,0.180539,2.04999995
46.31294277,0.12187616518421053,0.0036292797142857144,179,0,0.0,0.0,0.0,0.0,0.0,0.17060199,2.54999995
46.31294277,0.13232269362857144,0.004601067692307692,368,1,0.0,0.0,0.0,0.0,0.0,0.20605101,3.6999999499999996
46.31294277,0.12350118071999999,0.004601067692307692,368,1,0.0,0.0,0.0,0.0,0.0,0.193158,2.29999995
46.31294277,0.18525177108,0.004601067692307692,368,0,0.0,0.0,0.0,0.0,0.0,0.293973,0.45000000500000004
46.31294277,0.12350118071999999,0.004601067692307692,368,0,0.0,0.0,0.0,0.0,0.0,0.193387,3.6
46.288050029999994,0.12857791675,0.0026615510714285712,31,1,0.0,0.0,0.0,0.0,0.0,0.19151799,1.55
46.288050029999994,0.1251028379189189,0.0026615510714285712,31,1,0.0,0.0,0.0,0.0,0.0,0.178987,0.875
46.288050029999994,0.12181065797368419,0.0026615510714285712,31,1,0.0,0.0,0.0,0.0,0.0,0.161181,0.375
46.288050029999994,0.14026681827272725,0.0026615510714285712,31,0,0.0,0.0,0.0,0.0,0.0,0.24666899,0.05
46.288050029999994,0.1251028379189189,0.0026615510714285712,31,0,0.0,0.0,0.0,0.0,0.0,0.1727,0.650000005
46.288050029999994,0.14026681827272725,0.003620953714285714,178,1,0.0,0.0,0.0,0.0,0.0,0.21208,4.54999995
46.288050029999994,0.12857791675,0.003620953714285714,178,1,0.0,0.0,0.0,0.0,0.0,0.186995,2.29999995
46.288050029999994,0.12181065797368419,0.003620953714285714,178,1,0.0,0.0,0.0,0.0,0.0,0.172692,1.225
46.288050029999994,0.11572012507499999,0.003620953714285714,178,1,0.0,0.0,0.0,0.0,0.0,0.158491,0.525000005
46.288050029999994,0.18515220011999997,0.004524794945054944,367,1,0.0,0.0,0.0,0.0,0.0,0.316477,12.3
46.288050029999994,0.1322515715142857,0.004524794945054944,367,1,0.0,0.0,0.0,0.0,0.0,0.20826501,3.6999999499999996
46.288050029999994,0.11572012507499999,0.004524794945054944,367,1,0.0,0.0,0.0,0.0,0.0,0.183796,1.3
46.288050029999994,0.10891305889411763,0.004524794945054944,367,1,0.0,0.0,0.0,0.0,0.0,0.173592,0.650000005
46.288050029999994,0.20572466679999998,0.004524794945054944,367,0,0.0,0.0,0.0,0.0,0.0,0.32403499,0.29999999499999996
46.27560366,0.12506919908108108,0.0026605710714285714,30,1,0.0,0.0,0.0,0.0,0.0,0.178955,0.849999995
46.27560366,0.12177790436842105,0.0026605710714285714,30,1,0.0,0.0,0.0,0.0,0.0,0.159298,0.35000001000000003
46.27560366,0.13610471664705884,0.0026605710714285714,30,0,0.0,0.0,0.0,0.0,0.0,0.247319,0.125000005
46.27560366,0.13221601045714287,0.0026605710714285714,30,0,0.0,0.0,0.0,0.0,0.0,0.217749,0.20000000499999998
46.27560366,0.12177790436842105,0.0026605710714285714,30,0,0.0,0.0,0.0,0.0,0.0,0.15946899,1.1749999999999998
46.27560366,0.12854334350000002,0.003676520857142857,177,1,0.0,0.0,0.0,0.0,0.0,0.190137,2.29999995
46.27560366,0.12506919908108108,0.003676520857142857,177,1,0.0,0.0,0.0,0.0,0.0,0.18087199,1.7
46.27560366,0.11568900915000001,0.003676520857142857,177,1,0.0,0.0,0.0,0.0,0.0,0.160411,0.525000005
46.27560366,0.1542520122,0.003676520857142857,177,0,0.0,0.0,0.0,0.0,0.0,0.246226,0.35000001000000003
46.27560366,0.13610471664705884,0.003676520857142857,177,0,0.0,0.0,0.0,0.0,0.0,0.207032,0.999999995
46.27560366,0.13221601045714287,0.004762896153846154,366,1,0.0,0.0,0.0,0.0,0.0,0.208791,3.6999999499999996
46.27560366,0.1423864728,0.004762896153846154,366,0,0.0,0.0,0.0,0.0,0.0,0.227715,1.65
46.27560366,0.12340160976,0.004762896153846154,366,0,0.0,0.0,0.0,0.0,0.0,0.19561701,3.6499999499999998
46.58676291,0.125910170027027,0.0026585575,29,1,0.0,0.0,0.0,0.0,0.0,0.181918,0.999999995
46.58676291,0.1225967445,0.0026585575,29,1,0.0,0.0,0.0,0.0,0.0,0.16394,0.45000000500000004
46.58676291,0.12940767474999998,0.0026585575,29,0,0.0,0.0,0.0,0.0,0.0,0.192743,0.275000005
46.58676291,0.125910170027027,0.0026585575,29,0,0.0,0.0,0.0,0.0,0.0,0.178868,0.55000001
46.58676291,0.11646690727499999,0.00465644989010989,365,1,0.0,0.0,0.0,0.0,0.0,0.18143401,1.35
46.58676291,0.14334388587692307,0.00465644989010989,365,0,0.0,0.0,0.0,0.0,0.0,0.225679,1.55
46.58676291,0.12423136775999999,0.00465644989010989,365,0,0.0,0.0,0.0,0.0,0.0,0.194958,3.5
46.922814900000006,0.156409383,0.004576331868131868,362,1,0.0,0.0,0.0,0.0,0.0,0.241505,7.950000300000001
46.922814900000006,0.11730703725000001,0.004576331868131868,362,1,0.0,0.0,0.0,0.0,0.0,0.17593201,1.35
46.922814900000006,0.10427292200000002,0.004576331868131868,362,1,0.0,0.0,0.0,0.0,0.0,0.160199,0.29999999499999996
46.922814900000006,0.144377892,0.004576331868131868,362,0,0.0,0.0,0.0,0.0,0.0,0.223479,1.45
47.13440318999999,0.12569174183999998,0.004452270989010989,361,1,0.0,0.0,0.0,0.0,0.0,0.191458,2.54999995
47.13440318999999,0.11783600797499999,0.004452270989010989,361,1,0.0,0.0,0.0,0.0,0.0,0.176183,1.4
47.13440318999999,0.11090447809411763,0.004452270989010989,361,1,0.0,0.0,0.0,0.0,0.0,0.167017,0.69999999
47.582472509999995,0.12688659336,0.004527586373626374,360,1,0.0,0.0,0.0,0.0,0.0,0.18959799,2.75
47.582472509999995,0.11895618127499999,0.004527586373626374,360,1,0.0,0.0,0.0,0.0,0.0,0.175502,1.55
47.582472509999995,0.11195875884705882,0.004527586373626374,360,1,0.0,0.0,0.0,0.0,0.0,0.16264801,0.75
47.582472509999995,0.10573882779999999,0.004527586373626374,360,1,0.0,0.0,0.0,0.0,0.0,0.157819,0.35000001000000003
47.27131325999999,0.12439819278947366,0.0027153705714285715,32,1,0.0,0.0,0.0,0.0,0.0,0.184854,0.674999985
47.28375963,0.12779394494594595,0.002698595714285714,31,1,0.0,0.0,0.0,0.0,0.0,0.2183,1.375
47.28375963,0.12443094639473684,0.002698595714285714,31,1,0.0,0.0,0.0,0.0,0.0,0.189338,0.69999999
47.28375963,0.12124040930769231,0.002698595714285714,31,1,0.0,0.0,0.0,0.0,0.0,0.176715,0.29999999499999996
47.28375963,0.12779394494594595,0.002698595714285714,31,0,0.0,0.0,0.0,0.0,0.0,0.21353801,0.625
47.28375963,0.12443094639473684,0.002698595714285714,31,0,0.0,0.0,0.0,0.0,0.0,0.18913101,0.9999999900000001
47.27131325999999,0.13130920349999997,0.002691848,30,1,0.0,0.0,0.0,0.0,0.0,0.22356001,2.1
47.27131325999999,0.1277603061081081,0.002691848,30,1,0.0,0.0,0.0,0.0,0.0,0.20179699,1.275
47.27131325999999,0.12439819278947366,0.002691848,30,1,0.0,0.0,0.0,0.0,0.0,0.16728,0.57499999
47.27131325999999,0.12120849553846152,0.002691848,30,1,0.0,0.0,0.0,0.0,0.0,0.13623101,0.15000000000000002
47.27131325999999,0.1432464038181818,0.002691848,30,0,0.0,0.0,0.0,0.0,0.0,0.31327301,0.10000000549999999
47.27131325999999,0.13130920349999997,0.002691848,30,0,0.0,0.0,0.0,0.0,0.0,0.21172599,0.29999999499999996
47.27131325999999,0.1277603061081081,0.002691848,30,0,0.0,0.0,0.0,0.0,0.0,0.182907,0.5
47.34599148,0.13925291611764706,0.002683014571428571,29,1,0.0,0.0,0.0,0.0,0.0,0.325342,4.0999999
47.34599148,0.13151664300000002,0.002683014571428571,29,1,0.0,0.0,0.0,0.0,0.0,0.225125,2.1499999499999998
47.34599148,0.12796213913513513,0.002683014571428571,29,1,0.0,0.0,0.0,0.0,0.0,0.198513,1.3
47.34599148,0.12459471442105263,0.002683014571428571,29,1,0.0,0.0,0.0,0.0,0.0,0.161492,0.575000015
47.34599148,0.12139997815384616,0.002683014571428571,29,1,0.0,0.0,0.0,0.0,0.0,0.149287,0.20000000499999998
47.34599148,0.14347270145454546,0.002683014571428571,29,0,0.0,0.0,0.0,0.0,0.0,0.32284999,0.10000000549999999
47.34599148,0.13151664300000002,0.002683014571428571,29,0,0.0,0.0,0.0,0.0,0.0,0.21333399,0.275000005
47.34599148,0.12796213913513513,0.002683014571428571,29,0,0.0,0.0,0.0,0.0,0.0,0.187497,0.474999995
47.34599148,0.12459471442105263,0.002683014571428571,29,0,0.0,0.0,0.0,0.0,0.0,0.1604,0.825000015
46.13166791,0.13180476545714284,0.0025798699999999997,32,1,0.0,0.0,0.0,0.0,0.0,0.27249399,2.2250000500000002
46.13166791,0.1281435219722222,0.0025798699999999997,32,1,0.0,0.0,0.0,0.0,0.0,0.229928,1.4
46.13166791,0.12468018354054053,0.0025798699999999997,32,1,0.0,0.0,0.0,0.0,0.0,0.206679,0.775000005
46.13166791,0.12139912607894736,0.0025798699999999997,32,1,0.0,0.0,0.0,0.0,0.0,0.18883599,0.35000001000000003
46.13166791,0.11532916977499999,0.0025798699999999997,32,1,0.0,0.0,0.0,0.0,0.0,0.181628,0.05
46.13166791,0.15377222636666665,0.0025798699999999997,32,0,0.0,0.0,0.0,0.0,0.0,0.45130399,0.125000005
46.13166791,0.14881183196774192,0.0025798699999999997,32,0,0.0,0.0,0.0,0.0,0.0,0.42589799,0.17500000500000001
46.13166791,0.14416146221874998,0.0025798699999999997,32,0,0.0,0.0,0.0,0.0,0.0,0.37767801,0.20000000499999998
46.13166791,0.13180476545714284,0.0025798699999999997,32,0,0.0,0.0,0.0,0.0,0.0,0.25466901,0.42500000000000004
46.13166791,0.1281435219722222,0.0025798699999999997,32,0,0.0,0.0,0.0,0.0,0.0,0.22698601,0.650000005
46.13166791,0.12139912607894736,0.0025798699999999997,32,0,0.0,0.0,0.0,0.0,0.0,0.185473,1.6
45.340408700000005,0.12954402485714286,0.0025697,31,1,0.0,0.0,0.0,0.0,0.0,0.282832,1.8
45.340408700000005,0.12594557972222223,0.0025697,31,1,0.0,0.0,0.0,0.0,0.0,0.25037801,1.1
45.340408700000005,0.12254164513513514,0.0025697,31,1,0.0,0.0,0.0,0.0,0.0,0.219267,0.55000001
45.340408700000005,0.11931686500000001,0.0025697,31,1,0.0,0.0,0.0,0.0,0.0,0.20005199,0.225
45.340408700000005,0.14625938290322582,0.0025697,31,0,0.0,0.0,0.0,0.0,0.0,0.42864999,0.225
45.340408700000005,0.1416887771875,0.0025697,31,0,0.0,0.0,0.0,0.0,0.0,0.38512,0.275000005
45.340408700000005,0.13739517787878788,0.0025697,31,0,0.0,0.0,0.0,0.0,0.0,0.34403199,0.35000001000000003
45.340408700000005,0.13335414323529413,0.0025697,31,0,0.0,0.0,0.0,0.0,0.0,0.30060899,0.45000000500000004
45.340408700000005,0.12954402485714286,0.0025697,31,0,0.0,0.0,0.0,0.0,0.0,0.269844,0.650000005
45.340408700000005,0.12594557972222223,0.0025697,31,0,0.0,0.0,0.0,0.0,0.0,0.238524,0.94999999
45.340408700000005,0.12254164513513514,0.0025697,31,0,0.0,0.0,0.0,0.0,0.0,0.219411,1.45
45.340408700000005,0.11931686500000001,0.0025697,31,0,0.0,0.0,0.0,0.0,0.0,0.200296,2.125
45.50368441,0.12639912336111112,0.0025651564705882353,30,1,0.0,0.0,0.0,0.0,0.0,0.23201001,1.0750000000000002
45.50368441,0.11974653792105262,0.0025651564705882353,30,1,0.0,0.0,0.0,0.0,0.0,0.186079,0.20000000499999998
45.50368441,0.14678607874193547,0.0025651564705882353,30,0,0.0,0.0,0.0,0.0,0.0,0.42835501,0.20000000499999998
45.50368441,0.14219901378125,0.0025651564705882353,30,0,0.0,0.0,0.0,0.0,0.0,0.39885601,0.275000005
45.50368441,0.13788995275757576,0.0025651564705882353,30,0,0.0,0.0,0.0,0.0,0.0,0.33821699,0.29999999499999996
45.50368441,0.1338343659117647,0.0025651564705882353,30,0,0.0,0.0,0.0,0.0,0.0,0.29852301,0.39999998999999997
45.50368441,0.12639912336111112,0.0025651564705882353,30,0,0.0,0.0,0.0,0.0,0.0,0.232135,0.849999995
45.867914840000005,0.12741087455555558,0.002559150588235294,29,1,0.0,0.0,0.0,0.0,0.0,0.227558,1.2
45.867914840000005,0.12396733740540541,0.002559150588235294,29,1,0.0,0.0,0.0,0.0,0.0,0.19977,0.599999995
45.867914840000005,0.1207050390526316,0.002559150588235294,29,1,0.0,0.0,0.0,0.0,0.0,0.17841899,0.225
45.867914840000005,0.11761003805128206,0.002559150588235294,29,1,0.0,0.0,0.0,0.0,0.0,0.173656,0.0750000005
45.867914840000005,0.11466978710000002,0.002559150588235294,29,1,0.0,0.0,0.0,0.0,0.0,0.177137,0.0250000005
45.867914840000005,0.15289304946666668,0.002559150588235294,29,0,0.0,0.0,0.0,0.0,0.0,0.48246101,0.15000000000000002
45.867914840000005,0.13899368133333334,0.002559150588235294,29,0,0.0,0.0,0.0,0.0,0.0,0.339746,0.25000000499999997
45.867914840000005,0.13490563188235297,0.002559150588235294,29,0,0.0,0.0,0.0,0.0,0.0,0.29679701,0.32499999999999996
45.867914840000005,0.13105118525714288,0.002559150588235294,29,0,0.0,0.0,0.0,0.0,0.0,0.25659001,0.45000000500000004
45.867914840000005,0.12741087455555558,0.002559150588235294,29,0,0.0,0.0,0.0,0.0,0.0,0.227887,0.69999999
45.867914840000005,0.12396733740540541,0.002559150588235294,29,0,0.0,0.0,0.0,0.0,0.0,0.19995999,1.1
45.867914840000005,0.1207050390526316,0.002559150588235294,29,0,0.0,0.0,0.0,0.0,0.0,0.178588,1.725
47.500671940000004,0.12179659471794872,0.002643136285714286,93,1,0.0,0.0,0.0,0.0,0.0,0.173979,0.75
47.500671940000004,0.14394143012121213,0.002643136285714286,93,0,0.0,0.0,0.0,0.0,0.0,0.27058899,0.45000000500000004
47.500671940000004,0.13970785864705884,0.002643136285714286,93,0,0.0,0.0,0.0,0.0,0.0,0.252305,0.575000015
47.500671940000004,0.13571620554285715,0.002643136285714286,93,0,0.0,0.0,0.0,0.0,0.0,0.235873,0.75
47.500671940000004,0.13194631094444445,0.002643136285714286,93,0,0.0,0.0,0.0,0.0,0.0,0.215039,0.94999999
47.500671940000004,0.12838019443243245,0.002643136285714286,93,0,0.0,0.0,0.0,0.0,0.0,0.19855399,1.25
47.53835095,0.1284820295945946,0.0026202291428571427,92,1,0.0,0.0,0.0,0.0,0.0,0.193452,1.8
47.53835095,0.12510092355263158,0.0026202291428571427,92,1,0.0,0.0,0.0,0.0,0.0,0.18209501,1.2
47.53835095,0.118845877375,0.0026202291428571427,92,1,0.0,0.0,0.0,0.0,0.0,0.15761501,0.375
47.53835095,0.1533495191935484,0.0026202291428571427,92,0,0.0,0.0,0.0,0.0,0.0,0.31589901,0.29999999499999996
47.53835095,0.14405560893939395,0.0026202291428571427,92,0,0.0,0.0,0.0,0.0,0.0,0.26717401,0.42500000000000004
47.53835095,0.1398186792647059,0.0026202291428571427,92,0,0.0,0.0,0.0,0.0,0.0,0.249686,0.55000001
47.53835095,0.1284820295945946,0.0026202291428571427,92,0,0.0,0.0,0.0,0.0,0.0,0.19742,1.225
47.53835095,0.12510092355263158,0.0026202291428571427,92,0,0.0,0.0,0.0,0.0,0.0,0.178452,1.6
47.53835095,0.12189320756410257,0.0026202291428571427,92,0,0.0,0.0,0.0,0.0,0.0,0.167,2.1499999499999998
46.88524811,0.13395785174285715,0.0026880848571428574,89,1,0.0,0.0,0.0,0.0,0.0,0.22447801,2.8999999499999998
46.88524811,0.1267168867837838,0.0026880848571428574,89,1,0.0,0.0,0.0,0.0,0.0,0.191899,1.45
46.88524811,0.12338223186842105,0.0026880848571428574,89,1,0.0,0.0,0.0,0.0,0.0,0.178092,0.900000005
46.88524811,0.12021858489743589,0.0026880848571428574,89,1,0.0,0.0,0.0,0.0,0.0,0.166049,0.5
46.88524811,0.117213120275,0.0026880848571428574,89,1,0.0,0.0,0.0,0.0,0.0,0.1575,0.25000000499999997
46.88524811,0.13023680030555557,0.0026880848571428574,89,0,0.0,0.0,0.0,0.0,0.0,0.21068799,1.075
46.88524811,0.1267168867837838,0.0026880848571428574,89,0,0.0,0.0,0.0,0.0,0.0,0.190624,1.4
46.88524811,0.1420765094242424,0.0031295261904761905,187,1,0.0,0.0,0.0,0.0,0.0,0.24018601,4.9000001
46.88524811,0.12338223186842105,0.0031295261904761905,187,1,0.0,0.0,0.0,0.0,0.0,0.185238,1.45
46.88524811,0.12021858489743589,0.0031295261904761905,187,1,0.0,0.0,0.0,0.0,0.0,0.178129,1.025
46.88524811,0.117213120275,0.0031295261904761905,187,1,0.0,0.0,0.0,0.0,0.0,0.17219,0.69999999
46.88524811,0.11435426368292682,0.0031295261904761905,187,1,0.0,0.0,0.0,0.0,0.0,0.16612899,0.45000000500000004
46.88524811,0.15628416036666667,0.0031295261904761905,187,0,0.0,0.0,0.0,0.0,0.0,0.28039399,0.55000001
46.88524811,0.13023680030555557,0.0031295261904761905,187,0,0.0,0.0,0.0,0.0,0.0,0.205046,1.8
46.94804646000001,0.1304112401666667,0.0021813232142857144,32,1,0.0,0.0,0.0,0.0,0.0,0.232786,1.85
46.94804646000001,0.12688661205405408,0.0021813232142857144,32,1,0.0,0.0,0.0,0.0,0.0,0.197576,1.0750000000000002
46.94804646000001,0.12354749068421055,0.0021813232142857144,32,1,0.0,0.0,0.0,0.0,0.0,0.17839199,0.525000005
46.94804646000001,0.12037960630769233,0.0021813232142857144,32,1,0.0,0.0,0.0,0.0,0.0,0.165062,0.20000000499999998
46.94804646000001,0.13413727560000002,0.0021813232142857144,32,0,0.0,0.0,0.0,0.0,0.0,0.25065401,0.275000005
46.94804646000001,0.1304112401666667,0.0021813232142857144,32,0,0.0,0.0,0.0,0.0,0.0,0.222453,0.42500000000000004
46.94804646000001,0.12354749068421055,0.0021813232142857144,32,0,0.0,0.0,0.0,0.0,0.0,0.16935501,1.1
46.94804646000001,0.12354749068421055,0.0031374338095238098,186,1,0.0,0.0,0.0,0.0,0.0,0.185212,1.475
46.94804646000001,0.11737011615000002,0.0031374338095238098,186,1,0.0,0.0,0.0,0.0,0.0,0.17040101,0.69999999
46.94804646000001,0.13413727560000002,0.0031374338095238098,186,0,0.0,0.0,0.0,0.0,0.0,0.214947,1.425
47.940260390000006,0.12615857997368424,0.0021707000000000002,31,1,0.0,0.0,0.0,0.0,0.0,0.18260901,0.900000005
47.940260390000006,0.1229237445897436,0.0021707000000000002,31,1,0.0,0.0,0.0,0.0,0.0,0.158757,0.375
47.940260390000006,0.11985065097500001,0.0021707000000000002,31,1,0.0,0.0,0.0,0.0,0.0,0.139861,0.10000000549999999
47.940260390000006,0.14981331371875,0.0021707000000000002,31,0,0.0,0.0,0.0,0.0,0.0,0.36504,0.0750000005
47.940260390000006,0.13316738997222224,0.0021707000000000002,31,0,0.0,0.0,0.0,0.0,0.0,0.22634099,0.25000000499999997
47.940260390000006,0.12615857997368424,0.0021707000000000002,31,0,0.0,0.0,0.0,0.0,0.0,0.177333,0.69999999
47.940260390000006,0.13316738997222224,0.003139071904761905,185,1,0.0,0.0,0.0,0.0,0.0,0.19952799,3.1
47.940260390000006,0.12615857997368424,0.003139071904761905,185,1,0.0,0.0,0.0,0.0,0.0,0.180342,1.8
47.940260390000006,0.1229237445897436,0.003139071904761905,185,1,0.0,0.0,0.0,0.0,0.0,0.172851,1.3
47.940260390000006,0.11985065097500001,0.003139071904761905,185,1,0.0,0.0,0.0,0.0,0.0,0.16388901,0.875
47.940260390000006,0.11692746436585368,0.003139071904761905,185,1,0.0,0.0,0.0,0.0,0.0,0.15538201,0.55000001
48.204013460000006,0.126852667,0.002159679642857143,30,1,0.0,0.0,0.0,0.0,0.0,0.19597401,1.05
48.204013460000006,0.11757076453658538,0.002159679642857143,30,1,0.0,0.0,0.0,0.0,0.0,0.15358201,0.05
48.204013460000006,0.11477146061904764,0.002159679642857143,30,1,0.0,0.0,0.0,0.0,0.0,0.171149,0.0250000005
48.204013460000006,0.13772575274285717,0.002159679642857143,30,0,0.0,0.0,0.0,0.0,0.0,0.27524301,0.17500000500000001
48.204013460000006,0.1339000373888889,0.002159679642857143,30,0,0.0,0.0,0.0,0.0,0.0,0.25897399,0.29999999499999996
48.204013460000006,0.13028111745945947,0.002159679642857143,30,0,0.0,0.0,0.0,0.0,0.0,0.221821,0.42500000000000004
48.204013460000006,0.126852667,0.002159679642857143,30,0,0.0,0.0,0.0,0.0,0.0,0.199085,0.69999999
48.204013460000006,0.12051003365000001,0.0031169047619047617,184,1,0.0,0.0,0.0,0.0,0.0,0.16553301,0.94999999
48.204013460000006,0.11757076453658538,0.0031169047619047617,184,1,0.0,0.0,0.0,0.0,0.0,0.15612701,0.599999995
48.204013460000006,0.11477146061904764,0.0031169047619047617,184,1,0.0,0.0,0.0,0.0,0.0,0.14788499,0.35000001000000003
48.204013460000006,0.13772575274285717,0.0031169047619047617,184,0,0.0,0.0,0.0,0.0,0.0,0.217016,1.125
48.354729500000005,0.12724928815789474,0.0031783738095238095,180,1,0.0,0.0,0.0,0.0,0.0,0.192397,2.07500005
48.354729500000005,0.11793836463414635,0.0031783738095238095,180,1,0.0,0.0,0.0,0.0,0.0,0.165114,0.69999999
48.354729500000005,0.15110852968750002,0.0031783738095238095,180,0,0.0,0.0,0.0,0.0,0.0,0.270246,0.67500001
48.354729500000005,0.14652948333333335,0.0031783738095238095,180,0,0.0,0.0,0.0,0.0,0.0,0.25844899,0.82499999
48.354729500000005,0.14221979264705883,0.0031783738095238095,180,0,0.0,0.0,0.0,0.0,0.0,0.242897,0.97499999
48.354729500000005,0.13431869305555558,0.0031783738095238095,180,0,0.0,0.0,0.0,0.0,0.0,0.219366,1.45
48.354729500000005,0.1306884581081081,0.0031783738095238095,180,0,0.0,0.0,0.0,0.0,0.0,0.203867,1.725
49.145988710000005,0.13651663530555558,0.0031503595238095237,179,1,0.0,0.0,0.0,0.0,0.0,0.207315,3.8000000500000004
49.145988710000005,0.12933154923684212,0.0031503595238095237,179,1,0.0,0.0,0.0,0.0,0.0,0.189422,2.375
49.145988710000005,0.1260153556666667,0.0031503595238095237,179,1,0.0,0.0,0.0,0.0,0.0,0.180042,1.775
49.145988710000005,0.12286497177500001,0.0031503595238095237,179,1,0.0,0.0,0.0,0.0,0.0,0.172232,1.275
49.145988710000005,0.11986826514634147,0.0031503595238095237,179,1,0.0,0.0,0.0,0.0,0.0,0.16005,0.825000015
49.145988710000005,0.19658395484000002,0.0031503595238095237,179,0,0.0,0.0,0.0,0.0,0.0,0.36549801,0.15000000000000002
49.145988710000005,0.1404171106,0.0031503595238095237,179,0,0.0,0.0,0.0,0.0,0.0,0.22806799,0.999999995
49.145988710000005,0.13651663530555558,0.0031503595238095237,179,0,0.0,0.0,0.0,0.0,0.0,0.216304,1.225
49.145988710000005,0.1260153556666667,0.0031503595238095237,179,0,0.0,0.0,0.0,0.0,0.0,0.180159,2.2250000500000002
49.56045782,0.1376679383888889,0.0031404576190476184,178,1,0.0,0.0,0.0,0.0,0.0,0.215492,4.0999999
49.56045782,0.12707809697435898,0.0031404576190476184,178,1,0.0,0.0,0.0,0.0,0.0,0.18342,1.9749999999999999
49.56045782,0.12390114455000001,0.0031404576190476184,178,1,0.0,0.0,0.0,0.0,0.0,0.171415,1.4
49.56045782,0.12087916541463416,0.0031404576190476184,178,1,0.0,0.0,0.0,0.0,0.0,0.162084,0.94999999
49.56045782,0.11800109004761905,0.0031404576190476184,178,1,0.0,0.0,0.0,0.0,0.0,0.153456,0.599999995
49.56045782,0.14160130805714286,0.0031404576190476184,178,0,0.0,0.0,0.0,0.0,0.0,0.23194399,0.94999999
49.56045782,0.1376679383888889,0.0031404576190476184,178,0,0.0,0.0,0.0,0.0,0.0,0.21891201,1.15
49.56045782,0.13042225742105265,0.0031404576190476184,178,0,0.0,0.0,0.0,0.0,0.0,0.19364899,1.7
49.74885287,0.15075409960606062,0.0030476561904761905,177,1,0.0,0.0,0.0,0.0,0.0,0.236857,6.79999995
49.74885287,0.13819125797222223,0.0030476561904761905,177,1,0.0,0.0,0.0,0.0,0.0,0.20491,4.1500001
49.74885287,0.13091803386842105,0.0030476561904761905,177,1,0.0,0.0,0.0,0.0,0.0,0.18696,2.6499999499999998
49.74885287,0.1275611612051282,0.0030476561904761905,177,1,0.0,0.0,0.0,0.0,0.0,0.177109,2.0
49.74885287,0.124372132175,0.0030476561904761905,177,1,0.0,0.0,0.0,0.0,0.0,0.168983,1.45
49.74885287,0.12133866553658537,0.0030476561904761905,177,1,0.0,0.0,0.0,0.0,0.0,0.163507,1.024999995
49.74885287,0.15546516521875,0.0030476561904761905,177,0,0.0,0.0,0.0,0.0,0.0,0.26951799,0.5
49.74885287,0.13819125797222223,0.0030476561904761905,177,0,0.0,0.0,0.0,0.0,0.0,0.214185,1.05
48.43008752000001,0.1345280208888889,0.0020093308571428573,32,1,0.0,0.0,0.0,0.0,0.0,0.21904001,2.6499999499999998
48.43008752000001,0.12744759873684214,0.0020093308571428573,32,1,0.0,0.0,0.0,0.0,0.0,0.180531,0.999999995
48.43008752000001,0.12417971158974361,0.0020093308571428573,32,1,0.0,0.0,0.0,0.0,0.0,0.165217,0.45000000500000004
48.43008752000001,0.1345280208888889,0.0020093308571428573,32,0,0.0,0.0,0.0,0.0,0.0,0.23382901,0.275000005
48.43008752000001,0.13089212843243245,0.0020093308571428573,32,0,0.0,0.0,0.0,0.0,0.0,0.210862,0.45000000500000004
48.43008752000001,0.12744759873684214,0.0020093308571428573,32,0,0.0,0.0,0.0,0.0,0.0,0.184563,0.724999995
49.05807102000001,0.1257899256923077,0.001988878,31,1,0.0,0.0,0.0,0.0,0.0,0.15191799,0.599999995
49.05807102000001,0.13258938113513516,0.001988878,31,0,0.0,0.0,0.0,0.0,0.0,0.207425,0.29999999499999996
49.25902574,0.12962901510526315,0.001971299142857143,30,1,0.0,0.0,0.0,0.0,0.0,0.170267,1.4
49.25902574,0.1263051942051282,0.001971299142857143,30,1,0.0,0.0,0.0,0.0,0.0,0.152675,0.674999985
49.25902574,0.12314756435,0.001971299142857143,30,1,0.0,0.0,0.0,0.0,0.0,0.14443301,0.25000000499999997
49.25902574,0.14074007354285714,0.001971299142857143,30,0,0.0,0.0,0.0,0.0,0.0,0.26126999,0.10000000549999999
49.25902574,0.13313250199999999,0.001971299142857143,30,0,0.0,0.0,0.0,0.0,0.0,0.206027,0.25000000499999997
49.25902574,0.12962901510526315,0.001971299142857143,30,0,0.0,0.0,0.0,0.0,0.0,0.179758,0.42500000000000004
49.25902574,0.1263051942051282,0.001971299142857143,30,0,0.0,0.0,0.0,0.0,0.0,0.155256,0.75
49.25902574,0.12314756435,0.001971299142857143,30,0,0.0,0.0,0.0,0.0,0.0,0.143104,1.35
48.819437289999996,0.12847220339473683,0.001957876857142857,29,1,0.0,0.0,0.0,0.0,0.0,0.16677301,1.1
48.819437289999996,0.12517804433333332,0.001957876857142857,29,1,0.0,0.0,0.0,0.0,0.0,0.13991,0.42500000000000004
48.819437289999996,0.13948410654285714,0.001957876857142857,29,0,0.0,0.0,0.0,0.0,0.0,0.26191199,0.125000005
46.674438,0.12614712972972975,0.0019017599999999997,32,1,0.0,0.0,0.0,0.0,0.0,0.22004899,0.875
46.674438,0.12282746842105263,0.0019017599999999997,32,1,0.0,0.0,0.0,0.0,0.0,0.201832,0.42500000000000004
46.674438,0.11967804615384615,0.0019017599999999997,32,1,0.0,0.0,0.0,0.0,0.0,0.191486,0.17500000500000001
46.674438,0.186697752,0.0019017599999999997,32,0,0.0,0.0,0.0,0.0,0.0,0.59134197,0.0250000005
46.674438,0.15558146,0.0019017599999999997,32,0,0.0,0.0,0.0,0.0,0.0,0.492403,0.17500000500000001
46.674438,0.1372777588235294,0.0019017599999999997,32,0,0.0,0.0,0.0,0.0,0.0,0.32898101,0.39999998999999997
46.674438,0.13335553714285714,0.0019017599999999997,32,0,0.0,0.0,0.0,0.0,0.0,0.28253901,0.5
46.674438,0.12965121666666668,0.0019017599999999997,32,0,0.0,0.0,0.0,0.0,0.0,0.24700101,0.69999999
46.674438,0.12282746842105263,0.0019017599999999997,32,0,0.0,0.0,0.0,0.0,0.0,0.188906,1.5499999999999998
46.078971499999994,0.13165420428571428,0.0018885579999999998,31,1,0.0,0.0,0.0,0.0,0.0,0.34578499,2.2249999
46.078971499999994,0.12799714305555554,0.0018885579999999998,31,1,0.0,0.0,0.0,0.0,0.0,0.31004801,1.5
46.078971499999994,0.12453776081081079,0.0018885579999999998,31,1,0.0,0.0,0.0,0.0,0.0,0.296195,0.974999995
46.078971499999994,0.12126045131578946,0.0018885579999999998,31,1,0.0,0.0,0.0,0.0,0.0,0.275397,0.55000001
46.078971499999994,0.11815120897435896,0.0018885579999999998,31,1,0.0,0.0,0.0,0.0,0.0,0.26814201,0.29999999499999996
46.078971499999994,0.11519742874999998,0.0018885579999999998,31,1,0.0,0.0,0.0,0.0,0.0,0.262447,0.15000000000000002
46.078971499999994,0.18431588599999998,0.0018885579999999998,31,0,0.0,0.0,0.0,0.0,0.0,0.729895,0.10000000549999999
46.078971499999994,0.13963324696969695,0.0018885579999999998,31,0,0.0,0.0,0.0,0.0,0.0,0.42401901,0.525000005
46.078971499999994,0.13552638676470585,0.0018885579999999998,31,0,0.0,0.0,0.0,0.0,0.0,0.38118699,0.650000005
46.078971499999994,0.13165420428571428,0.0018885579999999998,31,0,0.0,0.0,0.0,0.0,0.0,0.34576899,0.849999995
46.078971499999994,0.12799714305555554,0.0018885579999999998,31,0,0.0,0.0,0.0,0.0,0.0,0.316044,1.15
46.078971499999994,0.12453776081081079,0.0018885579999999998,31,0,0.0,0.0,0.0,0.0,0.0,0.29022801,1.575
46.078971499999994,0.12126045131578946,0.0018885579999999998,31,0,0.0,0.0,0.0,0.0,0.0,0.27540901,2.17499995
46.167657999999996,0.12477745405405405,0.0018839,30,1,0.0,0.0,0.0,0.0,0.0,0.27535701,0.900000005
46.167657999999996,0.12149383684210525,0.0018839,30,1,0.0,0.0,0.0,0.0,0.0,0.260391,0.5
46.167657999999996,0.11541914499999999,0.0018839,30,1,0.0,0.0,0.0,0.0,0.0,0.236049,0.10000000549999999
46.167657999999996,0.18467063199999997,0.0018839,30,0,0.0,0.0,0.0,0.0,0.0,0.74494302,0.10000000549999999
46.167657999999996,0.15389219333333332,0.0018839,30,0,0.0,0.0,0.0,0.0,0.0,0.53731197,0.25000000499999997
46.167657999999996,0.14427393125,0.0018839,30,0,0.0,0.0,0.0,0.0,0.0,0.45602599,0.375
46.167657999999996,0.13990199393939393,0.0018839,30,0,0.0,0.0,0.0,0.0,0.0,0.41825601,0.474999995
46.167657999999996,0.1357872294117647,0.0018839,30,0,0.0,0.0,0.0,0.0,0.0,0.377653,0.599999995
46.167657999999996,0.12824349444444444,0.0018839,30,0,0.0,0.0,0.0,0.0,0.0,0.298197,1.024999995
46.167657999999996,0.12477745405405405,0.0018839,30,0,0.0,0.0,0.0,0.0,0.0,0.27424401,1.45
46.547743000000004,0.12929928611111113,0.0018735712500000002,29,1,0.0,0.0,0.0,0.0,0.0,0.284852,1.575
46.547743000000004,0.12580471081081082,0.0018735712500000002,29,1,0.0,0.0,0.0,0.0,0.0,0.25267899,0.92500001
46.547743000000004,0.1224940605263158,0.0018735712500000002,29,1,0.0,0.0,0.0,0.0,0.0,0.23926701,0.5
46.547743000000004,0.11935318717948719,0.0018735712500000002,29,1,0.0,0.0,0.0,0.0,0.0,0.234225,0.25000000499999997
46.547743000000004,0.15515914333333336,0.0018735712500000002,29,0,0.0,0.0,0.0,0.0,0.0,0.51322299,0.17500000500000001
46.547743000000004,0.14546169687500002,0.0018735712500000002,29,0,0.0,0.0,0.0,0.0,0.0,0.44818199,0.29999999499999996
46.547743000000004,0.1410537666666667,0.0018735712500000002,29,0,0.0,0.0,0.0,0.0,0.0,0.39727801,0.35000001000000003
46.547743000000004,0.13690512647058825,0.0018735712500000002,29,0,0.0,0.0,0.0,0.0,0.0,0.3488,0.42499999499999996
46.547743000000004,0.13299355142857144,0.0018735712500000002,29,0,0.0,0.0,0.0,0.0,0.0,0.305278,0.55000001
46.547743000000004,0.12929928611111113,0.0018735712500000002,29,0,0.0,0.0,0.0,0.0,0.0,0.27097899,0.775000005
46.547743000000004,0.12580471081081082,0.0018735712500000002,29,0,0.0,0.0,0.0,0.0,0.0,0.239398,1.125
46.547743000000004,0.1224940605263158,0.0018735712500000002,29,0,0.0,0.0,0.0,0.0,0.0,0.23119301,1.725
45.268123499999994,0.1293374957142857,0.00409728,187,1,0.0,0.0,0.0,0.0,0.0,0.21862701,2.29999995
45.268123499999994,0.12574478749999998,0.00409728,187,1,0.0,0.0,0.0,0.0,0.0,0.210025,1.75
45.268123499999994,0.12071499599999999,0.00409728,187,1,0.0,0.0,0.0,0.0,0.0,0.19900601,1.1
45.268123499999994,0.11607211153846153,0.00409728,187,1,0.0,0.0,0.0,0.0,0.0,0.191366,0.650000005
45.268123499999994,0.11317030874999999,0.00409728,187,1,0.0,0.0,0.0,0.0,0.0,0.184893,0.42500000000000004
45.268123499999994,0.11041005731707315,0.00409728,187,1,0.0,0.0,0.0,0.0,0.0,0.180765,0.275000005
45.268123499999994,0.20119165999999997,0.00409728,187,0,0.0,0.0,0.0,0.0,0.0,0.39627299,0.20000000499999998
45.268123499999994,0.16461135818181816,0.00409728,187,0,0.0,0.0,0.0,0.0,0.0,0.30983099,0.47500001000000003
45.268123499999994,0.15089374499999997,0.00409728,187,0,0.0,0.0,0.0,0.0,0.0,0.274813,0.775000005
45.268123499999994,0.13928653384615383,0.00409728,187,0,0.0,0.0,0.0,0.0,0.0,0.245372,1.3
45.268123499999994,0.13314153970588233,0.00409728,187,0,0.0,0.0,0.0,0.0,0.0,0.232676,1.8
45.268123499999994,0.1293374957142857,0.00409728,187,0,0.0,0.0,0.0,0.0,0.0,0.220681,2.17499995
45.686217000000006,0.13053204857142858,0.0019292268571428572,32,1,0.0,0.0,0.0,0.0,0.0,0.264974,1.725
45.686217000000006,0.12690615833333335,0.0019292268571428572,32,1,0.0,0.0,0.0,0.0,0.0,0.238919,1.05
45.686217000000006,0.12347626216216218,0.0019292268571428572,32,1,0.0,0.0,0.0,0.0,0.0,0.21262001,0.525000005
45.686217000000006,0.12022688684210528,0.0019292268571428572,32,1,0.0,0.0,0.0,0.0,0.0,0.19918001,0.225
45.686217000000006,0.14276942812500001,0.0019292268571428572,32,0,0.0,0.0,0.0,0.0,0.0,0.35407099,0.225
45.686217000000006,0.13844308181818182,0.0019292268571428572,32,0,0.0,0.0,0.0,0.0,0.0,0.32717901,0.32499999999999996
45.686217000000006,0.13437122647058825,0.0019292268571428572,32,0,0.0,0.0,0.0,0.0,0.0,0.30096799,0.474999995
45.686217000000006,0.13053204857142858,0.0019292268571428572,32,0,0.0,0.0,0.0,0.0,0.0,0.269021,0.674999985
45.686217000000006,0.12690615833333335,0.0019292268571428572,32,0,0.0,0.0,0.0,0.0,0.0,0.236766,0.974999995
45.686217000000006,0.12347626216216218,0.0019292268571428572,32,0,0.0,0.0,0.0,0.0,0.0,0.21029501,1.45
45.686217000000006,0.12182991200000001,0.004055196666666667,186,1,0.0,0.0,0.0,0.0,0.0,0.190764,1.15
45.686217000000006,0.11714414615384618,0.004055196666666667,186,1,0.0,0.0,0.0,0.0,0.0,0.180429,0.650000005
45.686217000000006,0.11421554250000002,0.004055196666666667,186,1,0.0,0.0,0.0,0.0,0.0,0.17527799,0.42500000000000004
45.686217000000006,0.1405729753846154,0.004055196666666667,186,0,0.0,0.0,0.0,0.0,0.0,0.24090201,1.15
45.686217000000006,0.12182991200000001,0.004055196666666667,186,0,0.0,0.0,0.0,0.0,0.0,0.19204099,3.1999999499999996
45.787573,0.13082163714285716,0.0019179282857142857,31,1,0.0,0.0,0.0,0.0,0.0,0.25510401,1.725
45.787573,0.12718770277777777,0.0019179282857142857,31,1,0.0,0.0,0.0,0.0,0.0,0.22665399,1.025
45.787573,0.1237501972972973,0.0019179282857142857,31,1,0.0,0.0,0.0,0.0,0.0,0.202406,0.5
45.787573,0.12049361315789474,0.0019179282857142857,31,1,0.0,0.0,0.0,0.0,0.0,0.18834201,0.20000000499999998
45.787573,0.143086165625,0.0019179282857142857,31,0,0.0,0.0,0.0,0.0,0.0,0.33850601,0.17500000500000001
45.787573,0.13466933235294118,0.0019179282857142857,31,0,0.0,0.0,0.0,0.0,0.0,0.28806499,0.39999998999999997
45.787573,0.13082163714285716,0.0019179282857142857,31,0,0.0,0.0,0.0,0.0,0.0,0.26056299,0.599999995
45.787573,0.12718770277777777,0.0019179282857142857,31,0,0.0,0.0,0.0,0.0,0.0,0.225611,0.875
45.787573,0.12718770277777777,0.003781340952380952,185,1,0.0,0.0,0.0,0.0,0.0,0.198633,1.85
45.787573,0.12210019466666668,0.003781340952380952,185,1,0.0,0.0,0.0,0.0,0.0,0.187767,1.15
45.787573,0.11446893250000001,0.003781340952380952,185,1,0.0,0.0,0.0,0.0,0.0,0.16947,0.39999998999999997
45.787573,0.10773546588235294,0.003781340952380952,185,1,0.0,0.0,0.0,0.0,0.0,0.1567,0.10000000549999999
45.787573,0.14088484,0.003781340952380952,185,0,0.0,0.0,0.0,0.0,0.0,0.238536,1.1
45.787573,0.12210019466666668,0.003781340952380952,185,0,0.0,0.0,0.0,0.0,0.0,0.187931,3.1
46.332361500000005,0.1287010041666667,0.0019051622857142857,30,1,0.0,0.0,0.0,0.0,0.0,0.21897399,1.225
46.332361500000005,0.12522259864864865,0.0019051622857142857,30,1,0.0,0.0,0.0,0.0,0.0,0.194904,0.625
46.332361500000005,0.12192726710526317,0.0019051622857142857,30,1,0.0,0.0,0.0,0.0,0.0,0.170132,0.225
46.332361500000005,0.1447886296875,0.0019051622857142857,30,0,0.0,0.0,0.0,0.0,0.0,0.33657899,0.125000005
46.332361500000005,0.13627165147058826,0.0019051622857142857,30,0,0.0,0.0,0.0,0.0,0.0,0.27842301,0.275000005
46.332361500000005,0.13237817571428573,0.0019051622857142857,30,0,0.0,0.0,0.0,0.0,0.0,0.25075299,0.42500000000000004
46.332361500000005,0.1287010041666667,0.0019051622857142857,30,0,0.0,0.0,0.0,0.0,0.0,0.21901301,0.650000005
46.332361500000005,0.12192726710526317,0.0028759964285714284,93,1,0.0,0.0,0.0,0.0,0.0,0.171799,0.599999995
46.332361500000005,0.15444120500000003,0.0028759964285714284,93,0,0.0,0.0,0.0,0.0,0.0,0.31496501,0.29999999499999996
46.332361500000005,0.1447886296875,0.0028759964285714284,93,0,0.0,0.0,0.0,0.0,0.0,0.27466601,0.474999995
46.332361500000005,0.12522259864864865,0.0028759964285714284,93,0,0.0,0.0,0.0,0.0,0.0,0.181462,1.75
46.332361500000005,0.14256111230769233,0.003628200476190476,184,1,0.0,0.0,0.0,0.0,0.0,0.245028,4.6500001
46.332361500000005,0.1287010041666667,0.003628200476190476,184,1,0.0,0.0,0.0,0.0,0.0,0.200449,2.07500005
46.332361500000005,0.11880092692307694,0.003628200476190476,184,1,0.0,0.0,0.0,0.0,0.0,0.17179,0.69999999
46.332361500000005,0.11583090375,0.003628200476190476,184,1,0.0,0.0,0.0,0.0,0.0,0.16630401,0.45000000500000004
46.332361500000005,0.14256111230769233,0.003628200476190476,184,0,0.0,0.0,0.0,0.0,0.0,0.23946901,0.999999995
46.332361500000005,0.13627165147058826,0.003628200476190476,184,0,0.0,0.0,0.0,0.0,0.0,0.21956199,1.35
46.332361500000005,0.1287010041666667,0.003628200476190476,184,0,0.0,0.0,0.0,0.0,0.0,0.196788,2.04999995
45.5721915,0.12658942083333333,0.0018898685714285714,29,1,0.0,0.0,0.0,0.0,0.0,0.21461099,0.849999995
45.5721915,0.12316808513513514,0.0018898685714285714,29,1,0.0,0.0,0.0,0.0,0.0,0.191929,0.375
45.5721915,0.1199268197368421,0.0018898685714285714,29,1,0.0,0.0,0.0,0.0,0.0,0.176808,0.125000005
45.5721915,0.1424130984375,0.0018898685714285714,29,0,0.0,0.0,0.0,0.0,0.0,0.33970001,0.17500000500000001
45.5721915,0.13809755,0.0018898685714285714,29,0,0.0,0.0,0.0,0.0,0.0,0.30647299,0.25000000499999997
45.5721915,0.13403585735294118,0.0018898685714285714,29,0,0.0,0.0,0.0,0.0,0.0,0.276149,0.375
45.5721915,0.13020626142857145,0.0018898685714285714,29,0,0.0,0.0,0.0,0.0,0.0,0.246253,0.575000015
45.5721915,0.12658942083333333,0.0018898685714285714,29,0,0.0,0.0,0.0,0.0,0.0,0.217858,0.900000005
45.5721915,0.12316808513513514,0.0018898685714285714,29,0,0.0,0.0,0.0,0.0,0.0,0.188584,1.4
45.5721915,0.12316808513513514,0.002793143928571428,92,1,0.0,0.0,0.0,0.0,0.0,0.18017501,0.75
45.5721915,0.11115168658536587,0.002793143928571428,92,1,0.0,0.0,0.0,0.0,0.0,0.159998,0.05
45.5721915,0.13403585735294118,0.002793143928571428,92,0,0.0,0.0,0.0,0.0,0.0,0.227394,0.900000005
45.5721915,0.13020626142857145,0.002793143928571428,92,0,0.0,0.0,0.0,0.0,0.0,0.21152601,1.2
45.5721915,0.12658942083333333,0.002793143928571428,92,0,0.0,0.0,0.0,0.0,0.0,0.196531,1.6
45.5721915,0.12152584400000001,0.003525368095238095,183,1,0.0,0.0,0.0,0.0,0.0,0.18060599,0.999999995
45.5721915,0.11685177307692309,0.003525368095238095,183,1,0.0,0.0,0.0,0.0,0.0,0.172575,0.55000001
45.5721915,0.15190730500000002,0.003525368095238095,183,0,0.0,0.0,0.0,0.0,0.0,0.26550099,0.650000005
45.5721915,0.1402221276923077,0.003525368095238095,183,0,0.0,0.0,0.0,0.0,0.0,0.23330501,1.1
45.5721915,0.13403585735294118,0.003525368095238095,183,0,0.0,0.0,0.0,0.0,0.0,0.21393999,1.5
45.5721915,0.12658942083333333,0.003525368095238095,183,0,0.0,0.0,0.0,0.0,0.0,0.195118,2.3249999499999996
45.54685250000001,0.12651903472222223,0.002866304642857143,89,1,0.0,0.0,0.0,0.0,0.0,0.203017,1.275
45.54685250000001,0.12309960135135137,0.002866304642857143,89,1,0.0,0.0,0.0,0.0,0.0,0.19132701,0.80000001
45.54685250000001,0.11986013815789476,0.002866304642857143,89,1,0.0,0.0,0.0,0.0,0.0,0.184295,0.474999995
45.54685250000001,0.11386713125000002,0.002866304642857143,89,1,0.0,0.0,0.0,0.0,0.0,0.15178201,0.075000005
45.54685250000001,0.1423339140625,0.002866304642857143,89,0,0.0,0.0,0.0,0.0,0.0,0.273168,0.55000001
45.54685250000001,0.13396133088235296,0.002866304642857143,89,0,0.0,0.0,0.0,0.0,0.0,0.23895,0.94999999
45.54685250000001,0.1301338642857143,0.002866304642857143,89,0,0.0,0.0,0.0,0.0,0.0,0.22214501,1.25
45.54685250000001,0.12651903472222223,0.002866304642857143,89,0,0.0,0.0,0.0,0.0,0.0,0.203089,1.625
45.54685250000001,0.1301338642857143,0.003681803809523809,180,1,0.0,0.0,0.0,0.0,0.0,0.208939,2.29999995
45.54685250000001,0.12145827333333335,0.003681803809523809,180,1,0.0,0.0,0.0,0.0,0.0,0.185366,1.024999995
45.54685250000001,0.1167868012820513,0.003681803809523809,180,1,0.0,0.0,0.0,0.0,0.0,0.174412,0.55000001
45.54685250000001,0.30364568333333336,0.003681803809523809,180,0,0.0,0.0,0.0,0.0,0.0,0.56577402,0.05
45.54685250000001,0.14014416153846157,0.003681803809523809,180,0,0.0,0.0,0.0,0.0,0.0,0.234823,1.1
45.356809999999996,0.1295908857142857,0.003624534285714286,179,1,0.0,0.0,0.0,0.0,0.0,0.223454,2.3500000500000002
45.356809999999996,0.12599113888888888,0.003624534285714286,179,1,0.0,0.0,0.0,0.0,0.0,0.214791,1.8
45.356809999999996,0.12095149333333333,0.003624534285714286,179,1,0.0,0.0,0.0,0.0,0.0,0.199497,1.1
45.356809999999996,0.1162995128205128,0.003624534285714286,179,1,0.0,0.0,0.0,0.0,0.0,0.18925799,0.625
45.356809999999996,0.11062636585365852,0.003624534285714286,179,1,0.0,0.0,0.0,0.0,0.0,0.177296,0.25000000499999997
45.356809999999996,0.22678405,0.003624534285714286,179,0,0.0,0.0,0.0,0.0,0.0,0.43511099,0.1
45.356809999999996,0.2015858222222222,0.003624534285714286,179,0,0.0,0.0,0.0,0.0,0.0,0.40716699,0.20000000499999998
45.356809999999996,0.16493385454545453,0.003624534285714286,179,0,0.0,0.0,0.0,0.0,0.0,0.32459399,0.5
45.356809999999996,0.13340238235294116,0.003624534285714286,179,0,0.0,0.0,0.0,0.0,0.0,0.23703501,1.75
45.356809999999996,0.1295908857142857,0.003624534285714286,179,0,0.0,0.0,0.0,0.0,0.0,0.22299001,2.1000000500000002
45.356809999999996,0.12599113888888888,0.003624534285714286,179,0,0.0,0.0,0.0,0.0,0.0,0.212292,2.54999995
44.989394499999996,0.12497054027777776,0.003859092857142857,178,1,0.0,0.0,0.0,0.0,0.0,0.228926,1.8
44.989394499999996,0.11247348624999999,0.003859092857142857,178,1,0.0,0.0,0.0,0.0,0.0,0.19812299,0.45000000500000004
44.989394499999996,0.1499646483333333,0.003859092857142857,178,0,0.0,0.0,0.0,0.0,0.0,0.29925799,0.924999985
44.989394499999996,0.13842890615384615,0.003859092857142857,178,0,0.0,0.0,0.0,0.0,0.0,0.268843,1.5
44.989394499999996,0.12497054027777776,0.003859092857142857,178,0,0.0,0.0,0.0,0.0,0.0,0.228591,2.8500000500000002
44.989394499999996,0.11997171866666666,0.003859092857142857,178,0,0.0,0.0,0.0,0.0,0.0,0.213585,3.6999999499999996
41.403926,0.13801308666666667,0.003819347142857143,177,1,0.0,0.0,0.0,0.0,0.0,0.30016601,3.8000000500000004
41.403926,0.13356105161290321,0.003819347142857143,177,1,0.0,0.0,0.0,0.0,0.0,0.29776099,3.1999999499999996
41.403926,0.12739669538461537,0.003819347142857143,177,1,0.0,0.0,0.0,0.0,0.0,0.282271,2.325
41.403926,0.12177625294117647,0.003819347142857143,177,1,0.0,0.0,0.0,0.0,0.0,0.26792601,1.6
41.403926,0.11829693142857142,0.003819347142857143,177,1,0.0,0.0,0.0,0.0,0.0,0.257779,1.2
41.403926,0.11501090555555556,0.003819347142857143,177,1,0.0,0.0,0.0,0.0,0.0,0.245728,0.849999995
41.403926,0.11041046933333333,0.003819347142857143,177,1,0.0,0.0,0.0,0.0,0.0,0.23918299,0.525000005
41.403926,0.10616391282051281,0.003819347142857143,177,1,0.0,0.0,0.0,0.0,0.0,0.231728,0.29999999499999996
41.403926,0.10350981499999999,0.003819347142857143,177,1,0.0,0.0,0.0,0.0,0.0,0.227239,0.20000000499999998
41.403926,0.10098518536585366,0.003819347142857143,177,1,0.0,0.0,0.0,0.0,0.0,0.22146501,0.125000005
41.403926,0.20701962999999998,0.003819347142857143,177,0,0.0,0.0,0.0,0.0,0.0,0.434879,0.20000000499999998
41.403926,0.165615704,0.003819347142857143,177,0,0.0,0.0,0.0,0.0,0.0,0.377718,0.69999999
41.403926,0.15055973090909092,0.003819347142857143,177,0,0.0,0.0,0.0,0.0,0.0,0.34112999,1.125
41.403926,0.13801308666666667,0.003819347142857143,177,0,0.0,0.0,0.0,0.0,0.0,0.30988401,1.8
41.403926,0.13356105161290321,0.003819347142857143,177,0,0.0,0.0,0.0,0.0,0.0,0.30031499,2.17499995
41.403926,0.12739669538461537,0.003819347142857143,177,0,0.0,0.0,0.0,0.0,0.0,0.28405201,2.82500005
41.403926,0.12177625294117647,0.003819347142857143,177,0,0.0,0.0,0.0,0.0,0.0,0.26653099,3.6
41.403926,0.11829693142857142,0.003819347142857143,177,0,0.0,0.0,0.0,0.0,0.0,0.261251,4.25
41.403926,0.11501090555555556,0.003819347142857143,177,0,0.0,0.0,0.0,0.0,0.0,0.254895,4.95000005
41.403926,0.10350981499999999,0.003819347142857143,177,0,0.0,0.0,0.0,0.0,0.0,0.228494,8.25
38.76867,0.13368506896551724,0.002145358,32,1,0.0,0.0,0.0,0.0,0.0,0.42467001,2.2749999499999998
38.76867,0.12506022580645162,0.002145358,32,1,0.0,0.0,0.0,0.0,0.0,0.399149,1.125
38.76867,0.12115209375,0.002145358,32,1,0.0,0.0,0.0,0.0,0.0,0.39410999,0.75
38.76867,0.11748081818181819,0.002145358,32,1,0.0,0.0,0.0,0.0,0.0,0.38815299,0.47500001000000003
38.76867,0.15507468,0.002145358,32,0,0.0,0.0,0.0,0.0,0.0,0.55537701,0.275000005
38.76867,0.14911026923076923,0.002145358,32,0,0.0,0.0,0.0,0.0,0.0,0.52218002,0.375
38.76867,0.14358766666666667,0.002145358,32,0,0.0,0.0,0.0,0.0,0.0,0.48500699,0.5
38.76867,0.1384595357142857,0.002145358,32,0,0.0,0.0,0.0,0.0,0.0,0.45874399,0.69999999
38.76867,0.13368506896551724,0.002145358,32,0,0.0,0.0,0.0,0.0,0.0,0.42688701,0.94999999
38.76867,0.1292289,0.002145358,32,0,0.0,0.0,0.0,0.0,0.0,0.41388401,1.35
39.52884,0.1317628,0.00215432,31,1,0.0,0.0,0.0,0.0,0.0,0.403723,1.95
39.52884,0.1275123870967742,0.00215432,31,1,0.0,0.0,0.0,0.0,0.0,0.39424801,1.375
39.52884,0.123527625,0.00215432,31,1,0.0,0.0,0.0,0.0,0.0,0.380106,0.900000005
39.52884,0.11978436363636365,0.00215432,31,1,0.0,0.0,0.0,0.0,0.0,0.375045,0.575000015
39.52884,0.11293954285714286,0.00215432,31,1,0.0,0.0,0.0,0.0,0.0,0.36497399,0.20000000499999998
39.52884,0.152034,0.00215432,31,0,0.0,0.0,0.0,0.0,0.0,0.53155899,0.29999999499999996
39.52884,0.14640311111111112,0.00215432,31,0,0.0,0.0,0.0,0.0,0.0,0.49404901,0.39999998999999997
39.52884,0.13630634482758622,0.00215432,31,0,0.0,0.0,0.0,0.0,0.0,0.42898801,0.75
39.52884,0.1317628,0.00215432,31,0,0.0,0.0,0.0,0.0,0.0,0.40407899,1.05
39.52884,0.1275123870967742,0.00215432,31,0,0.0,0.0,0.0,0.0,0.0,0.386888,1.475
39.52884,0.11293954285714286,0.00215432,31,0,0.0,0.0,0.0,0.0,0.0,0.38270399,4.39999985
37.653754,0.14482213076923076,0.002147134117647059,30,1,0.0,0.0,0.0,0.0,0.0,0.58354801,4.0999999
37.653754,0.12984053103448276,0.002147134117647059,30,1,0.0,0.0,0.0,0.0,0.0,0.50765699,1.9
37.653754,0.12551251333333333,0.002147134117647059,30,1,0.0,0.0,0.0,0.0,0.0,0.49210501,1.375
37.653754,0.12146372258064515,0.002147134117647059,30,1,0.0,0.0,0.0,0.0,0.0,0.461126,0.900000005
37.653754,0.11766798125,0.002147134117647059,30,1,0.0,0.0,0.0,0.0,0.0,0.453536,0.599999995
37.653754,0.11410228484848485,0.002147134117647059,30,1,0.0,0.0,0.0,0.0,0.0,0.45352,0.39999998999999997
37.653754,0.09908882631578947,0.002147134117647059,30,1,0.0,0.0,0.0,0.0,0.0,0.475972,0.05
37.653754,0.16371197391304348,0.002147134117647059,30,0,0.0,0.0,0.0,0.0,0.0,0.69198102,0.275000005
37.653754,0.150615016,0.002147134117647059,30,0,0.0,0.0,0.0,0.0,0.0,0.61456603,0.47500001000000003
37.653754,0.14482213076923076,0.002147134117647059,30,0,0.0,0.0,0.0,0.0,0.0,0.58766299,0.650000005
37.653754,0.13945834814814814,0.002147134117647059,30,0,0.0,0.0,0.0,0.0,0.0,0.55094999,0.849999995
37.653754,0.13447769285714287,0.002147134117647059,30,0,0.0,0.0,0.0,0.0,0.0,0.519692,1.125
37.653754,0.12984053103448276,0.002147134117647059,30,0,0.0,0.0,0.0,0.0,0.0,0.49573001,1.5
37.653754,0.12551251333333333,0.002147134117647059,30,0,0.0,0.0,0.0,0.0,0.0,0.467002,1.95
37.653754,0.12146372258064515,0.002147134117647059,30,0,0.0,0.0,0.0,0.0,0.0,0.46178401,2.575
37.653754,0.11074633529411765,0.002147134117647059,30,0,0.0,0.0,0.0,0.0,0.0,0.42805499,4.89999985
37.248329999999996,0.13302974999999997,0.002155391176470588,29,1,0.0,0.0,0.0,0.0,0.0,0.60653299,2.5500000500000004
37.248329999999996,0.12844251724137928,0.002155391176470588,29,1,0.0,0.0,0.0,0.0,0.0,0.57640499,1.925
37.248329999999996,0.12416109999999998,0.002155391176470588,29,1,0.0,0.0,0.0,0.0,0.0,0.55055398,1.4
37.248329999999996,0.12015590322580644,0.002155391176470588,29,1,0.0,0.0,0.0,0.0,0.0,0.53608501,0.999999995
37.248329999999996,0.11640103124999998,0.002155391176470588,29,1,0.0,0.0,0.0,0.0,0.0,0.52673203,0.69999999
37.248329999999996,0.11287372727272726,0.002155391176470588,29,1,0.0,0.0,0.0,0.0,0.0,0.52870798,0.5
37.248329999999996,0.10955391176470587,0.002155391176470588,29,1,0.0,0.0,0.0,0.0,0.0,0.51707399,0.32499999999999996
37.248329999999996,0.10642379999999999,0.002155391176470588,29,1,0.0,0.0,0.0,0.0,0.0,0.50430697,0.20000000499999998
37.248329999999996,0.10346758333333332,0.002155391176470588,29,1,0.0,0.0,0.0,0.0,0.0,0.49928901,0.125000005
37.248329999999996,0.1619492608695652,0.002155391176470588,29,0,0.0,0.0,0.0,0.0,0.0,0.71955001,0.32499999999999996
37.248329999999996,0.15520137499999997,0.002155391176470588,29,0,0.0,0.0,0.0,0.0,0.0,0.69357598,0.45000000500000004
37.248329999999996,0.14899331999999998,0.002155391176470588,29,0,0.0,0.0,0.0,0.0,0.0,0.66171199,0.599999995
37.248329999999996,0.14326280769230768,0.002155391176470588,29,0,0.0,0.0,0.0,0.0,0.0,0.63304502,0.80000001
37.248329999999996,0.13795677777777776,0.002155391176470588,29,0,0.0,0.0,0.0,0.0,0.0,0.61171401,1.0750000000000002
37.248329999999996,0.13302974999999997,0.002155391176470588,29,0,0.0,0.0,0.0,0.0,0.0,0.58469099,1.4
37.248329999999996,0.12844251724137928,0.002155391176470588,29,0,0.0,0.0,0.0,0.0,0.0,0.56540602,1.8250000000000002
37.248329999999996,0.12416109999999998,0.002155391176470588,29,0,0.0,0.0,0.0,0.0,0.0,0.55129999,2.3500000500000002
37.248329999999996,0.12015590322580644,0.002155391176470588,29,0,0.0,0.0,0.0,0.0,0.0,0.517685,2.9
37.248329999999996,0.11640103124999998,0.002155391176470588,29,0,0.0,0.0,0.0,0.0,0.0,0.52303398,3.6499999499999998
37.248329999999996,0.11287372727272726,0.002155391176470588,29,0,0.0,0.0,0.0,0.0,0.0,0.50238502,4.4000001
37.248329999999996,0.10955391176470587,0.002155391176470588,29,0,0.0,0.0,0.0,0.0,0.0,0.46960899,5.20000005
37.248329999999996,0.10642379999999999,0.002155391176470588,29,0,0.0,0.0,0.0,0.0,0.0,0.52793801,6.20000005
37.248329999999996,0.10067116216216215,0.002155391176470588,29,0,0.0,0.0,0.0,0.0,0.0,0.50798202,8.04999995
39.87097092,0.12861603522580645,0.0024117160714285713,32,1,0.0,0.0,0.0,0.0,0.0,0.39158201,1.5
39.87097092,0.124596784125,0.0024117160714285713,32,1,0.0,0.0,0.0,0.0,0.0,0.36708701,0.97499999
39.87097092,0.12082112399999999,0.0024117160714285713,32,1,0.0,0.0,0.0,0.0,0.0,0.352146,0.599999995
39.87097092,0.11726756152941176,0.0024117160714285713,32,1,0.0,0.0,0.0,0.0,0.0,0.33325601,0.32499999999999996
39.87097092,0.11391705977142856,0.0024117160714285713,32,1,0.0,0.0,0.0,0.0,0.0,0.31325001,0.15000000000000002
39.87097092,0.110752697,0.0024117160714285713,32,1,0.0,0.0,0.0,0.0,0.0,0.31097999,0.0750000005
39.87097092,0.10492360768421052,0.0024117160714285713,32,1,0.0,0.0,0.0,0.0,0.0,0.32915699,0.0250000005
39.87097092,0.15948388368,0.0024117160714285713,32,0,0.0,0.0,0.0,0.0,0.0,0.520648,0.15000000000000002
39.87097092,0.15334988815384615,0.0024117160714285713,32,0,0.0,0.0,0.0,0.0,0.0,0.497798,0.225
39.87097092,0.14767026266666666,0.0024117160714285713,32,0,0.0,0.0,0.0,0.0,0.0,0.47152701,0.32499999999999996
39.87097092,0.1423963247142857,0.0024117160714285713,32,0,0.0,0.0,0.0,0.0,0.0,0.449184,0.474999995
39.87097092,0.13748610662068964,0.0024117160714285713,32,0,0.0,0.0,0.0,0.0,0.0,0.432524,0.69999999
39.87097092,0.13290323639999999,0.0024117160714285713,32,0,0.0,0.0,0.0,0.0,0.0,0.40741,0.974999995
39.87097092,0.12861603522580645,0.0024117160714285713,32,0,0.0,0.0,0.0,0.0,0.0,0.385003,1.35
39.87097092,0.124596784125,0.0024117160714285713,32,0,0.0,0.0,0.0,0.0,0.0,0.36731499,1.85
39.87097092,0.12082112399999999,0.0024117160714285713,32,0,0.0,0.0,0.0,0.0,0.0,0.34463501,2.4499999499999996
39.87097092,0.110752697,0.0024117160714285713,32,0,0.0,0.0,0.0,0.0,0.0,0.25529599,4.9000001
37.92479636,0.13077515986206897,0.002423137142857143,31,1,0.0,0.0,0.0,0.0,0.0,0.45284301,1.875
37.92479636,0.12641598786666666,0.002423137142857143,31,1,0.0,0.0,0.0,0.0,0.0,0.42717701,1.3
37.92479636,0.12233805277419356,0.002423137142857143,31,1,0.0,0.0,0.0,0.0,0.0,0.41469899,0.875
37.92479636,0.11851498862500001,0.002423137142857143,31,1,0.0,0.0,0.0,0.0,0.0,0.39240801,0.525000005
37.92479636,0.11492362533333333,0.002423137142857143,31,1,0.0,0.0,0.0,0.0,0.0,0.37877199,0.29999999499999996
37.92479636,0.11154351870588236,0.002423137142857143,31,1,0.0,0.0,0.0,0.0,0.0,0.361651,0.15000000000000002
37.92479636,0.16489041895652176,0.002423137142857143,31,0,0.0,0.0,0.0,0.0,0.0,0.57529402,0.125000005
37.92479636,0.15169918544,0.002423137142857143,31,0,0.0,0.0,0.0,0.0,0.0,0.522232,0.275000005
37.92479636,0.1458646013846154,0.002423137142857143,31,0,0.0,0.0,0.0,0.0,0.0,0.50763202,0.42500000000000004
37.92479636,0.14046220874074075,0.002423137142857143,31,0,0.0,0.0,0.0,0.0,0.0,0.47994599,0.599999995
37.92479636,0.1354457012857143,0.002423137142857143,31,0,0.0,0.0,0.0,0.0,0.0,0.45637101,0.849999995
37.92479636,0.13077515986206897,0.002423137142857143,31,0,0.0,0.0,0.0,0.0,0.0,0.43816799,1.2
37.92479636,0.12641598786666666,0.002423137142857143,31,0,0.0,0.0,0.0,0.0,0.0,0.41289899,1.625
37.92479636,0.11851498862500001,0.002423137142857143,31,0,0.0,0.0,0.0,0.0,0.0,0.37496799,2.8500000500000002
37.92479636,0.11492362533333333,0.002423137142857143,31,0,0.0,0.0,0.0,0.0,0.0,0.344154,3.6
37.92479636,0.11154351870588236,0.002423137142857143,31,0,0.0,0.0,0.0,0.0,0.0,0.306182,4.45000005
37.92479636,0.10835656102857144,0.002423137142857143,31,0,0.0,0.0,0.0,0.0,0.0,0.28886801,5.4000001
37.5790943,0.13421105107142858,0.002425490357142857,30,1,0.0,0.0,0.0,0.0,0.0,0.50669903,2.42499995
37.5790943,0.12958308379310346,0.002425490357142857,30,1,0.0,0.0,0.0,0.0,0.0,0.48469099,1.8
37.5790943,0.12526364766666667,0.002425490357142857,30,1,0.0,0.0,0.0,0.0,0.0,0.457297,1.25
37.5790943,0.12122288483870969,0.002425490357142857,30,1,0.0,0.0,0.0,0.0,0.0,0.444857,0.849999995
37.5790943,0.1174346696875,0.002425490357142857,30,1,0.0,0.0,0.0,0.0,0.0,0.43382201,0.55000001
37.5790943,0.11387604333333334,0.002425490357142857,30,1,0.0,0.0,0.0,0.0,0.0,0.41822499,0.32499999999999996
37.5790943,0.11052674794117648,0.002425490357142857,30,1,0.0,0.0,0.0,0.0,0.0,0.38600501,0.15000000000000002
37.5790943,0.10736884085714286,0.002425490357142857,30,1,0.0,0.0,0.0,0.0,0.0,0.40035501,0.10000000549999999
37.5790943,0.10438637305555556,0.002425490357142857,30,1,0.0,0.0,0.0,0.0,0.0,0.39188501,0.05
37.5790943,0.09889235342105264,0.002425490357142857,30,1,0.0,0.0,0.0,0.0,0.0,0.42505699,0.0250000005
37.5790943,0.09165632756097561,0.002425490357142857,30,1,0.0,0.0,0.0,0.0,0.0,0.52774602,0.0250000005
37.5790943,0.16338736652173913,0.002425490357142857,30,0,0.0,0.0,0.0,0.0,0.0,0.59356099,0.15000000000000002
37.5790943,0.15031637720000002,0.002425490357142857,30,0,0.0,0.0,0.0,0.0,0.0,0.526223,0.29999999499999996
37.5790943,0.1445349780769231,0.002425490357142857,30,0,0.0,0.0,0.0,0.0,0.0,0.50574499,0.45000000500000004
37.5790943,0.13918183074074075,0.002425490357142857,30,0,0.0,0.0,0.0,0.0,0.0,0.482149,0.650000005
37.5790943,0.13421105107142858,0.002425490357142857,30,0,0.0,0.0,0.0,0.0,0.0,0.45166999,0.900000005
37.5790943,0.12958308379310346,0.002425490357142857,30,0,0.0,0.0,0.0,0.0,0.0,0.441127,1.3
37.5790943,0.12526364766666667,0.002425490357142857,30,0,0.0,0.0,0.0,0.0,0.0,0.42153001,1.775
37.5790943,0.11387604333333334,0.002425490357142857,30,0,0.0,0.0,0.0,0.0,0.0,0.35975301,3.85
37.5790943,0.10736884085714286,0.002425490357142857,30,0,0.0,0.0,0.0,0.0,0.0,0.35387799,5.70000005
39.44844618,0.1360291247586207,0.0024167667857142856,29,1,0.0,0.0,0.0,0.0,0.0,0.49801299,2.7250000500000002
39.44844618,0.13149482059999998,0.0024167667857142856,29,1,0.0,0.0,0.0,0.0,0.0,0.4887,2.1
39.44844618,0.12725305219354838,0.0024167667857142856,29,1,0.0,0.0,0.0,0.0,0.0,0.474565,1.55
39.44844618,0.1232763943125,0.0024167667857142856,29,1,0.0,0.0,0.0,0.0,0.0,0.45461401,1.075
39.44844618,0.11954074599999999,0.0024167667857142856,29,1,0.0,0.0,0.0,0.0,0.0,0.44326401,0.724999995
39.44844618,0.11602484170588234,0.0024167667857142856,29,1,0.0,0.0,0.0,0.0,0.0,0.42679101,0.45000000500000004
39.44844618,0.11270984622857143,0.0024167667857142856,29,1,0.0,0.0,0.0,0.0,0.0,0.41891301,0.274999995
39.44844618,0.1066174221081081,0.0024167667857142856,29,1,0.0,0.0,0.0,0.0,0.0,0.437172,0.125000005
39.44844618,0.09862111544999999,0.0024167667857142856,29,1,0.0,0.0,0.0,0.0,0.0,0.43386799,0.0250000005
39.44844618,0.15779378472,0.0024167667857142856,29,0,0.0,0.0,0.0,0.0,0.0,0.567693,0.20000000499999998
39.44844618,0.151724793,0.0024167667857142856,29,0,0.0,0.0,0.0,0.0,0.0,0.54734403,0.29999999499999996
39.44844618,0.1461053562222222,0.0024167667857142856,29,0,0.0,0.0,0.0,0.0,0.0,0.53148699,0.45000000500000004
39.44844618,0.1408873077857143,0.0024167667857142856,29,0,0.0,0.0,0.0,0.0,0.0,0.522874,0.67500001
39.44844618,0.1360291247586207,0.0024167667857142856,29,0,0.0,0.0,0.0,0.0,0.0,0.50641501,0.94999999
39.44844618,0.13149482059999998,0.0024167667857142856,29,0,0.0,0.0,0.0,0.0,0.0,0.48889601,1.3
39.44844618,0.12725305219354838,0.0024167667857142856,29,0,0.0,0.0,0.0,0.0,0.0,0.47475401,1.75
39.44844618,0.1232763943125,0.0024167667857142856,29,0,0.0,0.0,0.0,0.0,0.0,0.45482001,2.2749999499999998
39.44844618,0.11954074599999999,0.0024167667857142856,29,0,0.0,0.0,0.0,0.0,0.0,0.45970801,2.9749999
39.44844618,0.11270984622857143,0.0024167667857142856,29,0,0.0,0.0,0.0,0.0,0.0,0.454312,4.54999995
41.67630389999999,0.11907515399999997,0.005115447619047618,187,1,0.0,0.0,0.0,0.0,0.0,0.30340701,1.625
41.67630389999999,0.11576751083333331,0.005115447619047618,187,1,0.0,0.0,0.0,0.0,0.0,0.29495701,1.275
41.67630389999999,0.16670521559999998,0.005115447619047618,187,0,0.0,0.0,0.0,0.0,0.0,0.41608399,0.974999995
42.36770802,0.13239908756250002,0.0025430908571428567,32,1,0.0,0.0,0.0,0.0,0.0,0.379473,2.0249999499999998
42.36770802,0.128386994,0.0025430908571428567,32,1,0.0,0.0,0.0,0.0,0.0,0.36289701,1.425
42.36770802,0.12461090594117648,0.0025430908571428567,32,1,0.0,0.0,0.0,0.0,0.0,0.33042499,0.875
42.36770802,0.12105059434285714,0.0025430908571428567,32,1,0.0,0.0,0.0,0.0,0.0,0.311057,0.5
42.36770802,0.14122569340000002,0.0025430908571428567,32,0,0.0,0.0,0.0,0.0,0.0,0.43942001,0.55000001
42.36770802,0.13667002587096774,0.0025430908571428567,32,0,0.0,0.0,0.0,0.0,0.0,0.411246,0.75
42.36770802,0.13239908756250002,0.0025430908571428567,32,0,0.0,0.0,0.0,0.0,0.0,0.38475299,1.024999995
42.36770802,0.128386994,0.0025430908571428567,32,0,0.0,0.0,0.0,0.0,0.0,0.36086801,1.4
42.36770802,0.12461090594117648,0.0025430908571428567,32,0,0.0,0.0,0.0,0.0,0.0,0.33449301,1.875
42.36770802,0.12461090594117648,0.005089150476190476,186,1,0.0,0.0,0.0,0.0,0.0,0.31229401,2.25
42.36770802,0.11149396847368422,0.005089150476190476,186,1,0.0,0.0,0.0,0.0,0.0,0.279809,0.849999995
42.36770802,0.14122569340000002,0.005089150476190476,186,0,0.0,0.0,0.0,0.0,0.0,0.35499901,2.1
42.36770802,0.13239908756250002,0.005089150476190476,186,0,0.0,0.0,0.0,0.0,0.0,0.331384,2.85
42.26527778,0.12807659933333332,0.002522352285714286,31,1,0.0,0.0,0.0,0.0,0.0,0.36497501,1.4
42.26527778,0.12430964052941176,0.002522352285714286,31,1,0.0,0.0,0.0,0.0,0.0,0.33099499,0.849999995
42.26527778,0.12075793651428571,0.002522352285714286,31,1,0.0,0.0,0.0,0.0,0.0,0.30974001,0.474999995
42.26527778,0.15094742064285713,0.002522352285714286,31,0,0.0,0.0,0.0,0.0,0.0,0.506845,0.29999999499999996
42.26527778,0.14574233717241378,0.002522352285714286,31,0,0.0,0.0,0.0,0.0,0.0,0.47342199,0.39999998999999997
42.26527778,0.1363396057419355,0.002522352285714286,31,0,0.0,0.0,0.0,0.0,0.0,0.41677999,0.75
42.26527778,0.13207899306249998,0.002522352285714286,31,0,0.0,0.0,0.0,0.0,0.0,0.38967901,1.025
42.26527778,0.12807659933333332,0.002522352285714286,31,0,0.0,0.0,0.0,0.0,0.0,0.36513701,1.4
42.26527778,0.12430964052941176,0.002522352285714286,31,0,0.0,0.0,0.0,0.0,0.0,0.331166,1.85
42.26527778,0.12430964052941176,0.005053677619047618,185,1,0.0,0.0,0.0,0.0,0.0,0.31543401,2.2749999499999998
42.26527778,0.14574233717241378,0.005053677619047618,185,0,0.0,0.0,0.0,0.0,0.0,0.37650099,1.85
42.26527778,0.14088425926666667,0.005053677619047618,185,0,0.0,0.0,0.0,0.0,0.0,0.362856,2.1499999499999998
42.58537228,0.12904658266666666,0.002509066857142857,30,1,0.0,0.0,0.0,0.0,0.0,0.350438,1.45
42.58537228,0.12525109494117648,0.002509066857142857,30,1,0.0,0.0,0.0,0.0,0.0,0.32356599,0.900000005
42.58537228,0.12167249222857143,0.002509066857142857,30,1,0.0,0.0,0.0,0.0,0.0,0.294063,0.474999995
42.58537228,0.11829270077777779,0.002509066857142857,30,1,0.0,0.0,0.0,0.0,0.0,0.28666499,0.25000000499999997
42.58537228,0.11509560075675676,0.002509066857142857,30,1,0.0,0.0,0.0,0.0,0.0,0.26818401,0.10000000549999999
42.58537228,0.1637898933846154,0.002509066857142857,30,0,0.0,0.0,0.0,0.0,0.0,0.55624598,0.125000005
42.58537228,0.15772360103703703,0.002509066857142857,30,0,0.0,0.0,0.0,0.0,0.0,0.54550201,0.20000000499999998
42.58537228,0.14684611131034483,0.002509066857142857,30,0,0.0,0.0,0.0,0.0,0.0,0.46288899,0.32499999999999996
42.58537228,0.14195124093333333,0.002509066857142857,30,0,0.0,0.0,0.0,0.0,0.0,0.43307701,0.45000000500000004
42.58537228,0.1373721686451613,0.002509066857142857,30,0,0.0,0.0,0.0,0.0,0.0,0.39589801,0.599999995
42.58537228,0.133079288375,0.002509066857142857,30,0,0.0,0.0,0.0,0.0,0.0,0.370543,0.849999995
42.58537228,0.12904658266666666,0.002509066857142857,30,0,0.0,0.0,0.0,0.0,0.0,0.34744701,1.2
42.58537228,0.11829270077777779,0.002509066857142857,30,0,0.0,0.0,0.0,0.0,0.0,0.291987,3.0249999499999998
42.58537228,0.1373721686451613,0.0043048657142857145,93,1,0.0,0.0,0.0,0.0,0.0,0.36096701,3.45000005
42.58537228,0.12167249222857143,0.0043048657142857145,93,1,0.0,0.0,0.0,0.0,0.0,0.29554701,1.15
42.58537228,0.11829270077777779,0.0043048657142857145,93,1,0.0,0.0,0.0,0.0,0.0,0.284271,0.80000001
42.58537228,0.14684611131034483,0.0043048657142857145,93,0,0.0,0.0,0.0,0.0,0.0,0.393841,0.974999995
42.58537228,0.13103191470769232,0.0043048657142857145,93,0,0.0,0.0,0.0,0.0,0.0,0.333893,2.0
42.58537228,0.12525109494117648,0.0043048657142857145,93,0,0.0,0.0,0.0,0.0,0.0,0.309342,2.67499995
42.58537228,0.12167249222857143,0.0043048657142857145,93,0,0.0,0.0,0.0,0.0,0.0,0.297708,3.25
42.58537228,0.12904658266666666,0.005135273809523809,184,1,0.0,0.0,0.0,0.0,0.0,0.32197899,2.82500005
42.58537228,0.12525109494117648,0.005135273809523809,184,1,0.0,0.0,0.0,0.0,0.0,0.310509,2.3000000500000004
42.58537228,0.11206676915789474,0.005135273809523809,184,1,0.0,0.0,0.0,0.0,0.0,0.27904099,0.875
43.417617979999996,0.14005683219354836,0.002490088,29,1,0.0,0.0,0.0,0.0,0.0,0.42326599,3.4
43.417617979999996,0.13568005618749998,0.002490088,29,1,0.0,0.0,0.0,0.0,0.0,0.38799,2.57500005
43.417617979999996,0.13156853933333332,0.002490088,29,1,0.0,0.0,0.0,0.0,0.0,0.36153099,1.85
43.417617979999996,0.1276988764117647,0.002490088,29,1,0.0,0.0,0.0,0.0,0.0,0.32876301,1.2
43.417617979999996,0.12405033708571428,0.002490088,29,1,0.0,0.0,0.0,0.0,0.0,0.29592901,0.67500001
43.417617979999996,0.12060449438888887,0.002490088,29,1,0.0,0.0,0.0,0.0,0.0,0.27942899,0.35000001000000003
43.417617979999996,0.11734491345945945,0.002490088,29,1,0.0,0.0,0.0,0.0,0.0,0.26208699,0.15000000000000002
43.417617979999996,0.1497159240689655,0.002490088,29,0,0.0,0.0,0.0,0.0,0.0,0.47313201,0.25000000499999997
43.417617979999996,0.14472539326666664,0.002490088,29,0,0.0,0.0,0.0,0.0,0.0,0.444455,0.35000001000000003
43.417617979999996,0.14005683219354836,0.002490088,29,0,0.0,0.0,0.0,0.0,0.0,0.410552,0.474999995
43.417617979999996,0.13568005618749998,0.002490088,29,0,0.0,0.0,0.0,0.0,0.0,0.376991,0.650000005
43.417617979999996,0.13156853933333332,0.002490088,29,0,0.0,0.0,0.0,0.0,0.0,0.35854101,0.94999999
43.417617979999996,0.1276988764117647,0.002490088,29,0,0.0,0.0,0.0,0.0,0.0,0.325809,1.3
43.417617979999996,0.1335926707076923,0.004337575714285714,92,1,0.0,0.0,0.0,0.0,0.0,0.32707,2.7749999499999998
43.417617979999996,0.1276988764117647,0.004337575714285714,92,1,0.0,0.0,0.0,0.0,0.0,0.30181399,1.85
43.417617979999996,0.12405033708571428,0.004337575714285714,92,1,0.0,0.0,0.0,0.0,0.0,0.28780401,1.35
43.417617979999996,0.12060449438888887,0.004337575714285714,92,1,0.0,0.0,0.0,0.0,0.0,0.276335,0.94999999
43.417617979999996,0.11578031461333332,0.004337575714285714,92,1,0.0,0.0,0.0,0.0,0.0,0.258028,0.5
43.417617979999996,0.16699083838461537,0.004337575714285714,92,0,0.0,0.0,0.0,0.0,0.0,0.45655701,0.45000000500000004
43.417617979999996,0.1578822472,0.004337575714285714,92,0,0.0,0.0,0.0,0.0,0.0,0.42254299,0.599999995
43.417617979999996,0.1497159240689655,0.004337575714285714,92,0,0.0,0.0,0.0,0.0,0.0,0.38910499,0.80000001
43.417617979999996,0.14472539326666664,0.004337575714285714,92,0,0.0,0.0,0.0,0.0,0.0,0.37278199,0.999999995
43.417617979999996,0.14005683219354836,0.004337575714285714,92,0,0.0,0.0,0.0,0.0,0.0,0.349125,1.2
43.417617979999996,0.1335926707076923,0.004337575714285714,92,0,0.0,0.0,0.0,0.0,0.0,0.323778,1.65
43.417617979999996,0.1276988764117647,0.004337575714285714,92,0,0.0,0.0,0.0,0.0,0.0,0.29943201,2.25
43.417617979999996,0.12060449438888887,0.004337575714285714,92,0,0.0,0.0,0.0,0.0,0.0,0.27118,3.3500000500000002
43.417617979999996,0.13568005618749998,0.005233348571428571,183,1,0.0,0.0,0.0,0.0,0.0,0.326897,3.75
43.417617979999996,0.1276988764117647,0.005233348571428571,183,1,0.0,0.0,0.0,0.0,0.0,0.30241999,2.5500000500000004
43.417617979999996,0.12060449438888887,0.005233348571428571,183,1,0.0,0.0,0.0,0.0,0.0,0.28570601,1.65
43.417617979999996,0.11425688942105262,0.005233348571428571,183,1,0.0,0.0,0.0,0.0,0.0,0.26614401,0.94999999
43.417617979999996,0.13156853933333332,0.005233348571428571,183,0,0.0,0.0,0.0,0.0,0.0,0.31457701,2.82500005
43.95537674,0.13524731304615384,0.004319303214285714,89,1,0.0,0.0,0.0,0.0,0.0,0.304396,2.875
43.95537674,0.1292805198235294,0.004319303214285714,89,1,0.0,0.0,0.0,0.0,0.0,0.285245,1.925
43.95537674,0.1255867906857143,0.004319303214285714,89,1,0.0,0.0,0.0,0.0,0.0,0.27260199,1.4
43.95537674,0.12209826872222222,0.004319303214285714,89,1,0.0,0.0,0.0,0.0,0.0,0.25751999,0.94999999
43.95537674,0.11721433797333333,0.004319303214285714,89,1,0.0,0.0,0.0,0.0,0.0,0.233586,0.45000000500000004
43.95537674,0.1127060942051282,0.004319303214285714,89,1,0.0,0.0,0.0,0.0,0.0,0.222385,0.20000000499999998
43.95537674,0.10988844184999999,0.004319303214285714,89,1,0.0,0.0,0.0,0.0,0.0,0.22347701,0.125000005
43.95537674,0.17582150695999998,0.004319303214285714,89,0,0.0,0.0,0.0,0.0,0.0,0.46270901,0.275000005
43.95537674,0.1690591413076923,0.004319303214285714,89,0,0.0,0.0,0.0,0.0,0.0,0.44447899,0.35000001000000003
43.95537674,0.1598377336,0.004319303214285714,89,0,0.0,0.0,0.0,0.0,0.0,0.41113299,0.474999995
43.95537674,0.15157026462068965,0.004319303214285714,89,0,0.0,0.0,0.0,0.0,0.0,0.37949201,0.650000005
43.95537674,0.14651792246666667,0.004319303214285714,89,0,0.0,0.0,0.0,0.0,0.0,0.35329199,0.775000005
43.95537674,0.14179153787096774,0.004319303214285714,89,0,0.0,0.0,0.0,0.0,0.0,0.34016499,0.999999995
43.95537674,0.13524731304615384,0.004319303214285714,89,0,0.0,0.0,0.0,0.0,0.0,0.31442001,1.4
43.95537674,0.1255867906857143,0.004319303214285714,89,0,0.0,0.0,0.0,0.0,0.0,0.275778,2.42499995
43.95537674,0.1255867906857143,0.005115485714285714,180,1,0.0,0.0,0.0,0.0,0.0,0.280316,2.125
43.95537674,0.12209826872222222,0.005115485714285714,180,1,0.0,0.0,0.0,0.0,0.0,0.271422,1.675
43.95537674,0.11879831551351351,0.005115485714285714,180,1,0.0,0.0,0.0,0.0,0.0,0.26431099,1.3
43.95537674,0.11567204405263158,0.005115485714285714,180,1,0.0,0.0,0.0,0.0,0.0,0.25588599,0.97499999
43.95537674,0.1127060942051282,0.005115485714285714,180,1,0.0,0.0,0.0,0.0,0.0,0.24645001,0.69999999
43.95537674,0.10988844184999999,0.005115485714285714,180,1,0.0,0.0,0.0,0.0,0.0,0.24022999,0.5
43.95537674,0.19111033365217392,0.005115485714285714,180,0,0.0,0.0,0.0,0.0,0.0,0.44767001,0.47500001000000003
43.95537674,0.15157026462068965,0.005115485714285714,180,0,0.0,0.0,0.0,0.0,0.0,0.356812,1.325
43.95537674,0.14651792246666667,0.005115485714285714,180,0,0.0,0.0,0.0,0.0,0.0,0.341775,1.5499999999999998
43.95537674,0.14179153787096774,0.005115485714285714,180,0,0.0,0.0,0.0,0.0,0.0,0.32871401,1.825
43.37920664000001,0.13145214133333336,0.005192929047619047,179,1,0.0,0.0,0.0,0.0,0.0,0.300704,2.92499995
43.37920664000001,0.12758590188235297,0.005192929047619047,179,1,0.0,0.0,0.0,0.0,0.0,0.29092899,2.375
43.37920664000001,0.12394059040000002,0.005192929047619047,179,1,0.0,0.0,0.0,0.0,0.0,0.27949399,1.875
43.37920664000001,0.12049779622222224,0.005192929047619047,179,1,0.0,0.0,0.0,0.0,0.0,0.272508,1.475
43.37920664000001,0.11724109902702705,0.005192929047619047,179,1,0.0,0.0,0.0,0.0,0.0,0.264779,1.125
43.37920664000001,0.11415580694736843,0.005192929047619047,179,1,0.0,0.0,0.0,0.0,0.0,0.255438,0.82499999
43.37920664000001,0.11122873497435899,0.005192929047619047,179,1,0.0,0.0,0.0,0.0,0.0,0.245176,0.57499999
43.37920664000001,0.17351682656000003,0.005192929047619047,179,0,0.0,0.0,0.0,0.0,0.0,0.41330501,0.724999995
43.37920664000001,0.15492573800000004,0.005192929047619047,179,0,0.0,0.0,0.0,0.0,0.0,0.36700499,1.2
43.37920664000001,0.1445973554666667,0.005192929047619047,179,0,0.0,0.0,0.0,0.0,0.0,0.33950701,1.675
43.37920664000001,0.12758590188235297,0.005192929047619047,179,0,0.0,0.0,0.0,0.0,0.0,0.29353401,3.1999999499999996
44.40350904,0.1200094838918919,0.005304513333333333,178,1,0.0,0.0,0.0,0.0,0.0,0.26016399,1.375
44.40350904,0.11685133957894737,0.005304513333333333,178,1,0.0,0.0,0.0,0.0,0.0,0.25408199,1.05
44.40350904,0.1138551513846154,0.005304513333333333,178,1,0.0,0.0,0.0,0.0,0.0,0.246942,0.775000005
44.40350904,0.11100877260000001,0.005304513333333333,178,1,0.0,0.0,0.0,0.0,0.0,0.239195,0.549999985
43.62247846,0.1321893286666667,0.0049695985714285715,177,1,0.0,0.0,0.0,0.0,0.0,0.28467801,2.875
43.62247846,0.12830140723529412,0.0049695985714285715,177,1,0.0,0.0,0.0,0.0,0.0,0.27319899,2.3000000500000004
43.62247846,0.12117355127777779,0.0049695985714285715,177,1,0.0,0.0,0.0,0.0,0.0,0.25440699,1.375
43.62247846,0.11789859043243245,0.0049695985714285715,177,1,0.0,0.0,0.0,0.0,0.0,0.24626499,1.024999995
43.62247846,0.11479599594736843,0.0049695985714285715,177,1,0.0,0.0,0.0,0.0,0.0,0.236595,0.724999995
43.62247846,0.11185250887179488,0.0049695985714285715,177,1,0.0,0.0,0.0,0.0,0.0,0.232576,0.525000005
43.62247846,0.16156473503703705,0.0049695985714285715,177,0,0.0,0.0,0.0,0.0,0.0,0.37063,0.900000005
43.62247846,0.15579456592857144,0.0049695985714285715,177,0,0.0,0.0,0.0,0.0,0.0,0.35650399,1.075
43.62247846,0.14540826153333333,0.0049695985714285715,177,0,0.0,0.0,0.0,0.0,0.0,0.326417,1.5
43.62247846,0.13632024518750002,0.0049695985714285715,177,0,0.0,0.0,0.0,0.0,0.0,0.30250499,2.125
43.62247846,0.12830140723529412,0.0049695985714285715,177,0,0.0,0.0,0.0,0.0,0.0,0.27875999,2.9499999499999996
43.62247846,0.12463565274285715,0.0049695985714285715,177,0,0.0,0.0,0.0,0.0,0.0,0.266987,3.4499999499999996
39.92218604,0.15968874416,0.0026188666666666664,32,1,0.0,0.0,0.0,0.0,0.0,0.52590102,6.25
39.92218604,0.13766271048275863,0.0026188666666666664,32,1,0.0,0.0,0.0,0.0,0.0,0.36567101,2.5249999499999998
39.92218604,0.13307395346666667,0.0026188666666666664,32,1,0.0,0.0,0.0,0.0,0.0,0.33846101,1.75
39.92218604,0.1287812452903226,0.0026188666666666664,32,1,0.0,0.0,0.0,0.0,0.0,0.31317601,1.1
39.92218604,0.124756831375,0.0026188666666666664,32,1,0.0,0.0,0.0,0.0,0.0,0.30227599,0.650000005
39.92218604,0.12097632133333333,0.0026188666666666664,32,1,0.0,0.0,0.0,0.0,0.0,0.293318,0.35000001000000003
39.92218604,0.11741819423529412,0.0026188666666666664,32,1,0.0,0.0,0.0,0.0,0.0,0.287976,0.17500000500000001
39.92218604,0.15968874416,0.0026188666666666664,32,0,0.0,0.0,0.0,0.0,0.0,0.483502,0.125000005
39.92218604,0.15354686938461537,0.0026188666666666664,32,0,0.0,0.0,0.0,0.0,0.0,0.448071,0.17500000500000001
39.92218604,0.14785994829629628,0.0026188666666666664,32,0,0.0,0.0,0.0,0.0,0.0,0.414601,0.25000000499999997
39.92218604,0.14257923585714286,0.0026188666666666664,32,0,0.0,0.0,0.0,0.0,0.0,0.37732399,0.35000001000000003
39.92218604,0.13766271048275863,0.0026188666666666664,32,0,0.0,0.0,0.0,0.0,0.0,0.358096,0.55000001
39.92218604,0.13307395346666667,0.0026188666666666664,32,0,0.0,0.0,0.0,0.0,0.0,0.327187,0.80000001
39.92218604,0.1287812452903226,0.0026188666666666664,32,0,0.0,0.0,0.0,0.0,0.0,0.307206,1.2
39.92218604,0.12097632133333333,0.0026188666666666664,32,0,0.0,0.0,0.0,0.0,0.0,0.28422001,2.4750000500000002
39.87097092,0.13290323639999999,0.0025867240000000003,31,1,0.0,0.0,0.0,0.0,0.0,0.337093,1.7
39.87097092,0.124596784125,0.0025867240000000003,31,1,0.0,0.0,0.0,0.0,0.0,0.30441999,0.625
39.87097092,0.12082112399999999,0.0025867240000000003,31,1,0.0,0.0,0.0,0.0,0.0,0.30168501,0.35000001000000003
39.87097092,0.11726756152941176,0.0025867240000000003,31,1,0.0,0.0,0.0,0.0,0.0,0.29547599,0.17500000500000001
39.87097092,0.10775938086486486,0.0025867240000000003,31,1,0.0,0.0,0.0,0.0,0.0,0.31193501,0.0250000005
39.87097092,0.15948388368,0.0025867240000000003,31,0,0.0,0.0,0.0,0.0,0.0,0.51067102,0.15000000000000002
39.87097092,0.14767026266666666,0.0025867240000000003,31,0,0.0,0.0,0.0,0.0,0.0,0.41850099,0.25000000499999997
39.87097092,0.13748610662068964,0.0025867240000000003,31,0,0.0,0.0,0.0,0.0,0.0,0.360203,0.55000001
39.87097092,0.13290323639999999,0.0025867240000000003,31,0,0.0,0.0,0.0,0.0,0.0,0.34271601,0.849999995
39.87097092,0.12861603522580645,0.0025867240000000003,31,0,0.0,0.0,0.0,0.0,0.0,0.32038999,1.25
39.87097092,0.12082112399999999,0.0025867240000000003,31,0,0.0,0.0,0.0,0.0,0.0,0.29574499,2.5249999499999998
39.525268860000004,0.13175089620000002,0.00258285,30,1,0.0,0.0,0.0,0.0,0.0,0.31635901,1.4
39.525268860000004,0.1275008672903226,0.00258285,30,1,0.0,0.0,0.0,0.0,0.0,0.30635801,0.849999995
39.525268860000004,0.12351646518750001,0.00258285,30,1,0.0,0.0,0.0,0.0,0.0,0.29096201,0.45000000500000004
39.525268860000004,0.11977354200000001,0.00258285,30,1,0.0,0.0,0.0,0.0,0.0,0.285546,0.225
39.525268860000004,0.1463898846666667,0.00258285,30,0,0.0,0.0,0.0,0.0,0.0,0.425735,0.29999999499999996
39.525268860000004,0.14116167450000003,0.00258285,30,0,0.0,0.0,0.0,0.0,0.0,0.378627,0.39999998999999997
39.525268860000004,0.13629403055172415,0.00258285,30,0,0.0,0.0,0.0,0.0,0.0,0.34897,0.599999995
39.525268860000004,0.13175089620000002,0.00258285,30,0,0.0,0.0,0.0,0.0,0.0,0.32096899,0.900000005
39.525268860000004,0.1275008672903226,0.00258285,30,0,0.0,0.0,0.0,0.0,0.0,0.306281,1.375
39.525268860000004,0.12351646518750001,0.00258285,30,0,0.0,0.0,0.0,0.0,0.0,0.29277399,2.0
39.525268860000004,0.11977354200000001,0.00258285,30,0,0.0,0.0,0.0,0.0,0.0,0.27372199,2.75
39.525268860000004,0.10682505097297298,0.00258285,30,0,0.0,0.0,0.0,0.0,0.0,-99.989998,6.5
39.65330666,0.13673554020689654,0.002574673125,29,1,0.0,0.0,0.0,0.0,0.0,0.355216,2.2749999499999998
39.65330666,0.13217768886666667,0.002574673125,29,1,0.0,0.0,0.0,0.0,0.0,0.33153301,1.525
39.65330666,0.1279138924516129,0.002574673125,29,1,0.0,0.0,0.0,0.0,0.0,0.31909701,0.94999999
39.65330666,0.1239165833125,0.002574673125,29,1,0.0,0.0,0.0,0.0,0.0,0.29528499,0.5
39.65330666,0.12016153533333333,0.002574673125,29,1,0.0,0.0,0.0,0.0,0.0,0.28733101,0.25000000499999997
39.65330666,0.11662737252941176,0.002574673125,29,1,0.0,0.0,0.0,0.0,0.0,0.27283499,0.10000000549999999
39.65330666,0.14686409874074074,0.002574673125,29,0,0.0,0.0,0.0,0.0,0.0,0.42026499,0.25000000499999997
39.65330666,0.14161895235714286,0.002574673125,29,0,0.0,0.0,0.0,0.0,0.0,0.37919101,0.35000001000000003
39.65330666,0.13673554020689654,0.002574673125,29,0,0.0,0.0,0.0,0.0,0.0,0.35585499,0.55000001
39.65330666,0.13217768886666667,0.002574673125,29,0,0.0,0.0,0.0,0.0,0.0,0.333915,0.849999995
39.65330666,0.1279138924516129,0.002574673125,29,0,0.0,0.0,0.0,0.0,0.0,0.31924599,1.3
39.65330666,0.1239165833125,0.002574673125,29,0,0.0,0.0,0.0,0.0,0.0,0.29072601,1.85
41.22302512,0.13297750038709677,0.0030651374999999996,32,1,0.0,0.0,0.0,0.0,0.0,0.23082601,1.325
41.22302512,0.1268400772923077,0.0030651374999999996,32,1,0.0,0.0,0.0,0.0,0.0,0.202739,0.474999995
41.22302512,0.12124419152941177,0.0030651374999999996,32,1,0.0,0.0,0.0,0.0,0.0,0.171802,0.0750000005
41.22302512,0.11778007177142857,0.0030651374999999996,32,1,0.0,0.0,0.0,0.0,0.0,0.20490301,0.05
41.22302512,0.14990190952727273,0.0030651374999999996,32,0,0.0,0.0,0.0,0.0,0.0,0.319704,0.0750000005
41.22302512,0.14214836248275864,0.0030651374999999996,32,0,0.0,0.0,0.0,0.0,0.0,0.27086699,0.15000000000000002
41.22302512,0.13741008373333335,0.0030651374999999996,32,0,0.0,0.0,0.0,0.0,0.0,0.26709601,0.32499999999999996
41.22302512,0.13297750038709677,0.0030651374999999996,32,0,0.0,0.0,0.0,0.0,0.0,0.227726,0.5
41.22302512,0.1268400772923077,0.0030651374999999996,32,0,0.0,0.0,0.0,0.0,0.0,0.19929799,1.15
41.22302512,0.12124419152941177,0.0030651374999999996,32,0,0.0,0.0,0.0,0.0,0.0,0.179061,2.2749999499999998
41.50785758000001,0.1383595252666667,0.0030538092857142858,31,1,0.0,0.0,0.0,0.0,0.0,0.26652101,2.29999995
41.50785758000001,0.12771648486153847,0.0030538092857142858,31,1,0.0,0.0,0.0,0.0,0.0,0.203399,0.55000001
41.50785758000001,0.11529960438888891,0.0030538092857142858,31,1,0.0,0.0,0.0,0.0,0.0,0.214119,0.0250000005
41.50785758000001,0.11068762021333335,0.0030538092857142858,31,1,0.0,0.0,0.0,0.0,0.0,0.273972,0.0250000005
41.50785758000001,0.14313054337931036,0.0030538092857142858,31,0,0.0,0.0,0.0,0.0,0.0,0.274046,0.125000005
41.50785758000001,0.1383595252666667,0.0030538092857142858,31,0,0.0,0.0,0.0,0.0,0.0,0.248722,0.225
41.50785758000001,0.13389631477419356,0.0030538092857142858,31,0,0.0,0.0,0.0,0.0,0.0,0.229342,0.42500000000000004
41.935106270000006,0.13978368756666668,0.003048165357142857,30,1,0.0,0.0,0.0,0.0,0.0,0.253748,2.54999995
41.935106270000006,0.13527453635483871,0.003048165357142857,30,1,0.0,0.0,0.0,0.0,0.0,0.23112699,1.7
41.935106270000006,0.12903109621538464,0.003048165357142857,30,1,0.0,0.0,0.0,0.0,0.0,0.204951,0.69999999
41.935106270000006,0.1233385478529412,0.003048165357142857,30,1,0.0,0.0,0.0,0.0,0.0,0.187263,0.17500000500000001
41.935106270000006,0.11981458934285716,0.003048165357142857,30,1,0.0,0.0,0.0,0.0,0.0,0.198475,0.0750000005
41.935106270000006,0.11182695005333335,0.003048165357142857,30,1,0.0,0.0,0.0,0.0,0.0,0.26210701,0.0250000005
41.935106270000006,0.15249129552727275,0.003048165357142857,30,0,0.0,0.0,0.0,0.0,0.0,0.29351801,0.0250000005
41.935106270000006,0.14460381472413794,0.003048165357142857,30,0,0.0,0.0,0.0,0.0,0.0,0.28295699,0.10000000549999999
41.935106270000006,0.13978368756666668,0.003048165357142857,30,0,0.0,0.0,0.0,0.0,0.0,0.255043,0.17500000500000001
41.935106270000006,0.13527453635483871,0.003048165357142857,30,0,0.0,0.0,0.0,0.0,0.0,0.23172399,0.32499999999999996
41.935106270000006,0.12903109621538464,0.003048165357142857,30,0,0.0,0.0,0.0,0.0,0.0,0.205183,0.825000015
42.375301889999996,0.13038554427692306,0.0030327928571428574,29,1,0.0,0.0,0.0,0.0,0.0,0.203077,0.849999995
42.375301889999996,0.12463324085294117,0.0030327928571428574,29,1,0.0,0.0,0.0,0.0,0.0,0.174547,0.20000000499999998
42.375301889999996,0.1210722911142857,0.0030327928571428574,29,1,0.0,0.0,0.0,0.0,0.0,0.18206,0.0750000005
42.375301889999996,0.11300080503999999,0.0030327928571428574,29,1,0.0,0.0,0.0,0.0,0.0,0.25116399,0.0250000005
42.375301889999996,0.16950120755999998,0.0030327928571428574,29,0,0.0,0.0,0.0,0.0,0.0,0.45744899,0.0250000005
42.375301889999996,0.15409200687272726,0.0030327928571428574,29,0,0.0,0.0,0.0,0.0,0.0,0.31345001,0.0250000005
42.375301889999996,0.1461217306551724,0.0030327928571428574,29,0,0.0,0.0,0.0,0.0,0.0,0.28644899,0.0750000005
42.375301889999996,0.14125100629999998,0.0030327928571428574,29,0,0.0,0.0,0.0,0.0,0.0,0.254062,0.125000005
42.375301889999996,0.13038554427692306,0.0030327928571428574,29,0,0.0,0.0,0.0,0.0,0.0,0.196514,0.625
43.3722155,0.13553817343750002,0.0029040682857142857,32,1,0.0,0.0,0.0,0.0,0.0,0.224361,1.8
43.3722155,0.13143095606060606,0.0029040682857142857,32,1,0.0,0.0,0.0,0.0,0.0,0.20082401,1.05
43.3722155,0.12756533970588235,0.0029040682857142857,32,1,0.0,0.0,0.0,0.0,0.0,0.19028001,0.525000005
43.3722155,0.14457405166666668,0.0029040682857142857,32,0,0.0,0.0,0.0,0.0,0.0,0.25253201,0.0750000005
43.3722155,0.13991037258064518,0.0029040682857142857,32,0,0.0,0.0,0.0,0.0,0.0,0.23375399,0.15000000000000002
43.3722155,0.13553817343750002,0.0029040682857142857,32,0,0.0,0.0,0.0,0.0,0.0,0.217095,0.29999999499999996
43.3722155,0.12756533970588235,0.0046896195238095234,186,1,0.0,0.0,0.0,0.0,0.0,0.20423999,1.45
43.3722155,0.12392061571428573,0.0046896195238095234,186,1,0.0,0.0,0.0,0.0,0.0,0.193618,0.999999995
43.3722155,0.12047837638888889,0.0046896195238095234,186,1,0.0,0.0,0.0,0.0,0.0,0.18699101,0.67500001
43.3722155,0.16681621346153847,0.0046896195238095234,186,0,0.0,0.0,0.0,0.0,0.0,0.30184701,0.45000000500000004
43.3722155,0.14457405166666668,0.0046896195238095234,186,0,0.0,0.0,0.0,0.0,0.0,0.24904899,1.1
43.3722155,0.13553817343750002,0.0046896195238095234,186,0,0.0,0.0,0.0,0.0,0.0,0.224823,1.7
43.3722155,0.11722220405405406,0.0046896195238095234,186,0,0.0,0.0,0.0,0.0,0.0,0.17644,4.5999999
43.3722155,0.14457405166666668,0.0050590921978021985,368,1,0.0,0.0,0.0,0.0,0.0,0.241209,4.5
43.3722155,0.12392061571428573,0.0050590921978021985,368,1,0.0,0.0,0.0,0.0,0.0,0.211465,1.725
43.3722155,0.14457405166666668,0.0050590921978021985,368,0,0.0,0.0,0.0,0.0,0.0,0.25010401,2.1499999499999998
43.60526024,0.13213715224242426,0.0028868025714285715,31,1,0.0,0.0,0.0,0.0,0.0,0.211163,1.2
43.60526024,0.1282507654117647,0.0028868025714285715,31,1,0.0,0.0,0.0,0.0,0.0,0.19741499,0.625
43.60526024,0.12458645782857143,0.0028868025714285715,31,1,0.0,0.0,0.0,0.0,0.0,0.18257301,0.25000000499999997
43.60526024,0.13213715224242426,0.0028868025714285715,31,0,0.0,0.0,0.0,0.0,0.0,0.218108,0.55000001
43.60526024,0.1282507654117647,0.0028868025714285715,31,0,0.0,0.0,0.0,0.0,0.0,0.197561,0.94999999
43.60526024,0.1503629663448276,0.004902392857142857,185,1,0.0,0.0,0.0,0.0,0.0,0.260562,5.04999995
43.60526024,0.14535086746666667,0.004902392857142857,185,1,0.0,0.0,0.0,0.0,0.0,0.24586999,4.20000005
43.60526024,0.13626643825,0.004902392857142857,185,1,0.0,0.0,0.0,0.0,0.0,0.22627901,2.7250000500000002
43.60526024,0.13213715224242426,0.004902392857142857,185,1,0.0,0.0,0.0,0.0,0.0,0.219744,2.125
43.60526024,0.12458645782857143,0.004902392857142857,185,1,0.0,0.0,0.0,0.0,0.0,0.197799,1.1
43.60526024,0.16150096385185186,0.004902392857142857,185,0,0.0,0.0,0.0,0.0,0.0,0.29132801,0.55000001
43.60526024,0.14535086746666667,0.004902392857142857,185,0,0.0,0.0,0.0,0.0,0.0,0.25302199,1.075
43.60526024,0.14066212980645162,0.004902392857142857,185,0,0.0,0.0,0.0,0.0,0.0,0.242355,1.35
43.60526024,0.12458645782857143,0.005275715714285715,367,1,0.0,0.0,0.0,0.0,0.0,0.209764,1.775
43.60526024,0.1090131506,0.005275715714285715,367,1,0.0,0.0,0.0,0.0,0.0,0.18736599,0.45000000500000004
43.60526024,0.14535086746666667,0.005275715714285715,367,0,0.0,0.0,0.0,0.0,0.0,0.24945199,2.07500005
43.825358050000006,0.13280411530303032,0.0028406157142857142,30,1,0.0,0.0,0.0,0.0,0.0,0.220355,1.3
43.825358050000006,0.12889811191176473,0.0028406157142857142,30,1,0.0,0.0,0.0,0.0,0.0,0.18654799,0.625
43.825358050000006,0.13695424390625002,0.0028406157142857142,30,0,0.0,0.0,0.0,0.0,0.0,0.23015,0.25000000499999997
43.825358050000006,0.13280411530303032,0.0028406157142857142,30,0,0.0,0.0,0.0,0.0,0.0,0.21169899,0.474999995
43.825358050000006,0.12521530871428574,0.0028406157142857142,30,0,0.0,0.0,0.0,0.0,0.0,0.172463,1.45
43.825358050000006,0.13280411530303032,0.004505862857142857,93,1,0.0,0.0,0.0,0.0,0.0,0.20886999,1.7
43.825358050000006,0.12889811191176473,0.004505862857142857,93,1,0.0,0.0,0.0,0.0,0.0,0.194645,1.1
43.825358050000006,0.12521530871428574,0.004505862857142857,93,1,0.0,0.0,0.0,0.0,0.0,0.178552,0.625
43.825358050000006,0.12173710569444446,0.004505862857142857,93,1,0.0,0.0,0.0,0.0,0.0,0.16869,0.32499999999999996
43.825358050000006,0.15112192431034485,0.004505862857142857,93,0,0.0,0.0,0.0,0.0,0.0,0.27850801,0.35000001000000003
43.825358050000006,0.1413721227419355,0.004505862857142857,93,0,0.0,0.0,0.0,0.0,0.0,0.245336,0.650000005
43.825358050000006,0.13695424390625002,0.004505862857142857,93,0,0.0,0.0,0.0,0.0,0.0,0.2234,0.849999995
43.825358050000006,0.12521530871428574,0.004505862857142857,93,0,0.0,0.0,0.0,0.0,0.0,0.18034799,2.1499999499999998
43.825358050000006,0.13280411530303032,0.004921449047619047,184,1,0.0,0.0,0.0,0.0,0.0,0.21336301,2.1499999499999998
43.825358050000006,0.12889811191176473,0.004921449047619047,184,1,0.0,0.0,0.0,0.0,0.0,0.20457099,1.6
43.825358050000006,0.12521530871428574,0.004921449047619047,184,1,0.0,0.0,0.0,0.0,0.0,0.19178,1.1
43.825358050000006,0.12173710569444446,0.004921449047619047,184,1,0.0,0.0,0.0,0.0,0.0,0.185184,0.75
43.825358050000006,0.15651913589285715,0.004921449047619047,184,0,0.0,0.0,0.0,0.0,0.0,0.2809,0.674999985
43.825358050000006,0.14608452683333334,0.004921449047619047,184,0,0.0,0.0,0.0,0.0,0.0,0.24896599,0.999999995
43.825358050000006,0.14608452683333334,0.0052614534065934075,366,1,0.0,0.0,0.0,0.0,0.0,0.240319,4.75
43.825358050000006,0.12521530871428574,0.0052614534065934075,366,1,0.0,0.0,0.0,0.0,0.0,0.20871601,1.85
43.95482735000001,0.13319644651515156,0.0028034288571428573,29,1,0.0,0.0,0.0,0.0,0.0,0.190549,1.275
43.95482735000001,0.12927890397058825,0.0028034288571428573,29,1,0.0,0.0,0.0,0.0,0.0,0.17954899,0.650000005
43.95482735000001,0.12558522100000002,0.0028034288571428573,29,1,0.0,0.0,0.0,0.0,0.0,0.159843,0.225
43.95482735000001,0.12209674263888891,0.0028034288571428573,29,1,0.0,0.0,0.0,0.0,0.0,0.14740001,0.05
43.95482735000001,0.1465160911666667,0.0028034288571428573,29,0,0.0,0.0,0.0,0.0,0.0,0.265421,0.05
43.95482735000001,0.14178976564516133,0.0028034288571428573,29,0,0.0,0.0,0.0,0.0,0.0,0.244562,0.10000000549999999
43.95482735000001,0.13319644651515156,0.0028034288571428573,29,0,0.0,0.0,0.0,0.0,0.0,0.198926,0.375
43.95482735000001,0.12927890397058825,0.0028034288571428573,29,0,0.0,0.0,0.0,0.0,0.0,0.17989101,0.724999995
43.95482735000001,0.14178976564516133,0.004504367142857143,92,1,0.0,0.0,0.0,0.0,0.0,0.242952,3.3000000500000004
43.95482735000001,0.13735883546875002,0.004504367142857143,92,1,0.0,0.0,0.0,0.0,0.0,0.22478101,2.4750000500000002
43.95482735000001,0.12927890397058825,0.004504367142857143,92,1,0.0,0.0,0.0,0.0,0.0,0.18521699,1.0750000000000002
43.95482735000001,0.12558522100000002,0.004504367142857143,92,1,0.0,0.0,0.0,0.0,0.0,0.17462599,0.625
43.95482735000001,0.12209674263888891,0.004504367142857143,92,1,0.0,0.0,0.0,0.0,0.0,0.165739,0.32499999999999996
43.95482735000001,0.15698152625000003,0.004504367142857143,92,0,0.0,0.0,0.0,0.0,0.0,0.29763299,0.25000000499999997
43.95482735000001,0.1465160911666667,0.004504367142857143,92,0,0.0,0.0,0.0,0.0,0.0,0.254895,0.42500000000000004
43.95482735000001,0.14178976564516133,0.004504367142857143,92,0,0.0,0.0,0.0,0.0,0.0,0.241102,0.599999995
43.95482735000001,0.13735883546875002,0.004504367142857143,92,0,0.0,0.0,0.0,0.0,0.0,0.220838,0.80000001
43.95482735000001,0.12927890397058825,0.004504367142857143,92,0,0.0,0.0,0.0,0.0,0.0,0.18764199,1.5
43.95482735000001,0.13319644651515156,0.004923000476190476,183,1,0.0,0.0,0.0,0.0,0.0,0.2131,2.20000005
43.95482735000001,0.12927890397058825,0.004923000476190476,183,1,0.0,0.0,0.0,0.0,0.0,0.19716699,1.5750000000000002
43.95482735000001,0.12558522100000002,0.004923000476190476,183,1,0.0,0.0,0.0,0.0,0.0,0.18781801,1.1
43.95482735000001,0.12209674263888891,0.004923000476190476,183,1,0.0,0.0,0.0,0.0,0.0,0.181918,0.75
43.95482735000001,0.1187968306756757,0.004923000476190476,183,1,0.0,0.0,0.0,0.0,0.0,0.174824,0.474999995
43.95482735000001,0.11270468551282053,0.004923000476190476,183,1,0.0,0.0,0.0,0.0,0.0,0.16045,0.15000000000000002
43.95482735000001,0.14178976564516133,0.004923000476190476,183,0,0.0,0.0,0.0,0.0,0.0,0.23571201,1.2
43.95482735000001,0.12558522100000002,0.005283333296703297,365,1,0.0,0.0,0.0,0.0,0.0,0.208896,1.875
43.95482735000001,0.10988706837500002,0.005283333296703297,365,1,0.0,0.0,0.0,0.0,0.0,0.182317,0.45000000500000004
43.95482735000001,0.25117044200000005,0.005283333296703297,365,0,0.0,0.0,0.0,0.0,0.0,0.41942999,0.29999999499999996
43.95482735000001,0.17581930940000004,0.005283333296703297,365,0,0.0,0.0,0.0,0.0,0.0,0.30282101,0.900000005
43.95482735000001,0.1465160911666667,0.005283333296703297,365,0,0.0,0.0,0.0,0.0,0.0,0.24716499,1.95
43.95482735000001,0.12558522100000002,0.005283333296703297,365,0,0.0,0.0,0.0,0.0,0.0,0.21132401,4.20000005
44.42091683,0.13064975538235296,0.004538823571428571,89,1,0.0,0.0,0.0,0.0,0.0,0.179435,1.225
44.42091683,0.12691690522857144,0.004538823571428571,89,1,0.0,0.0,0.0,0.0,0.0,0.16950899,0.724999995
44.42091683,0.1233914356388889,0.004538823571428571,89,1,0.0,0.0,0.0,0.0,0.0,0.149818,0.32499999999999996
44.42091683,0.12005653197297299,0.004538823571428571,89,1,0.0,0.0,0.0,0.0,0.0,0.146109,0.15000000000000002
44.42091683,0.1586461315357143,0.004538823571428571,89,0,0.0,0.0,0.0,0.0,0.0,0.28818601,0.17500000500000001
44.42091683,0.1480697227666667,0.004538823571428571,89,0,0.0,0.0,0.0,0.0,0.0,0.250828,0.32499999999999996
44.42091683,0.13881536509375,0.004538823571428571,89,0,0.0,0.0,0.0,0.0,0.0,0.210812,0.599999995
44.42091683,0.13460883887878788,0.004538823571428571,89,0,0.0,0.0,0.0,0.0,0.0,0.19439,0.849999995
44.42091683,0.13064975538235296,0.004538823571428571,89,0,0.0,0.0,0.0,0.0,0.0,0.181697,1.225
44.42091683,0.13460883887878788,0.004869914285714286,180,1,0.0,0.0,0.0,0.0,0.0,0.202121,2.32500005
44.42091683,0.12691690522857144,0.004869914285714286,180,1,0.0,0.0,0.0,0.0,0.0,0.179497,1.1749999999999998
44.42091683,0.1233914356388889,0.004869914285714286,180,1,0.0,0.0,0.0,0.0,0.0,0.16825099,0.75
44.42091683,0.12005653197297299,0.004869914285714286,180,1,0.0,0.0,0.0,0.0,0.0,0.15988,0.45000000500000004
44.42091683,0.11689714955263159,0.004869914285714286,180,1,0.0,0.0,0.0,0.0,0.0,0.15244199,0.25000000499999997
44.42091683,0.111052292075,0.004869914285714286,180,1,0.0,0.0,0.0,0.0,0.0,0.147358,0.0750000005
44.42091683,0.1480697227666667,0.004869914285714286,180,0,0.0,0.0,0.0,0.0,0.0,0.234439,0.75
44.42091683,0.13881536509375,0.004869914285714286,180,0,0.0,0.0,0.0,0.0,0.0,0.21098,1.225
44.42091683,0.12691690522857144,0.004869914285714286,180,0,0.0,0.0,0.0,0.0,0.0,0.178385,2.4750000500000002
44.42091683,0.1480697227666667,0.005167386703296703,362,1,0.0,0.0,0.0,0.0,0.0,0.231491,5.0
44.42091683,0.12691690522857144,0.005167386703296703,362,1,0.0,0.0,0.0,0.0,0.0,0.200174,1.95
44.42091683,0.111052292075,0.005167386703296703,362,1,0.0,0.0,0.0,0.0,0.0,0.18001699,0.5
44.42091683,0.1480697227666667,0.005167386703296703,362,0,0.0,0.0,0.0,0.0,0.0,0.243285,1.75
44.44681069,0.13072591379411763,0.004886386190476191,179,1,0.0,0.0,0.0,0.0,0.0,0.188219,1.675
44.44681069,0.1269908876857143,0.004886386190476191,179,1,0.0,0.0,0.0,0.0,0.0,0.177121,1.15
44.44681069,0.12346336302777777,0.004886386190476191,179,1,0.0,0.0,0.0,0.0,0.0,0.16864,0.75
44.44681069,0.12012651537837837,0.004886386190476191,179,1,0.0,0.0,0.0,0.0,0.0,0.156662,0.42500000000000004
44.44681069,0.11696529128947368,0.004886386190476191,179,1,0.0,0.0,0.0,0.0,0.0,0.152831,0.25000000499999997
44.44681069,0.14815603563333332,0.004886386190476191,179,0,0.0,0.0,0.0,0.0,0.0,0.235094,0.75
44.44681069,0.1269908876857143,0.004886386190476191,179,0,0.0,0.0,0.0,0.0,0.0,0.176202,2.45000005
44.44681069,0.14815603563333332,0.005205480219780219,361,1,0.0,0.0,0.0,0.0,0.0,0.231894,5.0
44.44681069,0.1269908876857143,0.005205480219780219,361,1,0.0,0.0,0.0,0.0,0.0,0.200746,1.95
44.44681069,0.111117026725,0.005205480219780219,361,1,0.0,0.0,0.0,0.0,0.0,0.177504,0.474999995
44.44681069,0.17778724276,0.005205480219780219,361,0,0.0,0.0,0.0,0.0,0.0,0.29283801,0.75
44.44681069,0.14815603563333332,0.005205480219780219,361,0,0.0,0.0,0.0,0.0,0.0,0.241028,1.725
44.80932473,0.13578583251515153,0.004783436190476191,178,1,0.0,0.0,0.0,0.0,0.0,0.186597,2.375
44.80932473,0.13179213155882352,0.004783436190476191,178,1,0.0,0.0,0.0,0.0,0.0,0.179052,1.75
44.80932473,0.1280266420857143,0.004783436190476191,178,1,0.0,0.0,0.0,0.0,0.0,0.168787,1.2
44.80932473,0.12447034647222223,0.004783436190476191,178,1,0.0,0.0,0.0,0.0,0.0,0.160423,0.775000005
44.80932473,0.12110628305405405,0.004783436190476191,178,1,0.0,0.0,0.0,0.0,0.0,0.150555,0.45000000500000004
44.80932473,0.15451491286206898,0.004783436190476191,178,0,0.0,0.0,0.0,0.0,0.0,0.24207599,0.5
44.80932473,0.14936441576666667,0.004783436190476191,178,0,0.0,0.0,0.0,0.0,0.0,0.23044901,0.650000005
44.80932473,0.1445462088064516,0.004783436190476191,178,0,0.0,0.0,0.0,0.0,0.0,0.21675999,0.82499999
44.80932473,0.14002913978125,0.004783436190476191,178,0,0.0,0.0,0.0,0.0,0.0,0.203428,1.05
44.80932473,0.13578583251515153,0.004783436190476191,178,0,0.0,0.0,0.0,0.0,0.0,0.189009,1.3250000000000002
44.80932473,0.13179213155882352,0.004783436190476191,178,0,0.0,0.0,0.0,0.0,0.0,0.177297,1.7
44.80932473,0.1280266420857143,0.004783436190476191,178,0,0.0,0.0,0.0,0.0,0.0,0.16920801,2.20000005
44.80932473,0.17923729892,0.0050448609890109885,360,1,0.0,0.0,0.0,0.0,0.0,0.28825101,9.7000003
44.80932473,0.14936441576666667,0.0050448609890109885,360,1,0.0,0.0,0.0,0.0,0.0,0.232307,5.20000005
44.80932473,0.1280266420857143,0.0050448609890109885,360,1,0.0,0.0,0.0,0.0,0.0,0.192467,1.95
44.80932473,0.112023311825,0.0050448609890109885,360,1,0.0,0.0,0.0,0.0,0.0,0.169965,0.45000000500000004
44.80932473,0.09957627717777778,0.0050448609890109885,360,1,0.0,0.0,0.0,0.0,0.0,0.151504,0.05
44.80932473,0.14936441576666667,0.0050448609890109885,360,0,0.0,0.0,0.0,0.0,0.0,0.236347,1.6
44.96468789,0.14504738029032258,0.00461497,177,1,0.0,0.0,0.0,0.0,0.0,0.23169,4.1500001
44.96468789,0.14051464965625,0.00461497,177,1,0.0,0.0,0.0,0.0,0.0,0.21930701,3.35
44.96468789,0.13625662996969698,0.00461497,177,1,0.0,0.0,0.0,0.0,0.0,0.20032901,2.54999995
44.96468789,0.13224908202941177,0.00461497,177,1,0.0,0.0,0.0,0.0,0.0,0.187457,1.875
44.96468789,0.12847053682857143,0.00461497,177,1,0.0,0.0,0.0,0.0,0.0,0.175569,1.3
44.96468789,0.12490191080555556,0.00461497,177,1,0.0,0.0,0.0,0.0,0.0,0.162907,0.825000015
44.96468789,0.12152618348648649,0.00461497,177,1,0.0,0.0,0.0,0.0,0.0,0.15847,0.525000005
44.96468789,0.11832812602631579,0.00461497,177,1,0.0,0.0,0.0,0.0,0.0,0.151686,0.29999999499999996
44.96468789,0.16653588107407408,0.00461497,177,0,0.0,0.0,0.0,0.0,0.0,0.282747,0.35000001000000003
44.96468789,0.1605881710357143,0.00461497,177,0,0.0,0.0,0.0,0.0,0.0,0.27050099,0.45000000500000004
44.96468789,0.14504738029032258,0.00461497,177,0,0.0,0.0,0.0,0.0,0.0,0.223518,0.849999995
44.96468789,0.14051464965625,0.00461497,177,0,0.0,0.0,0.0,0.0,0.0,0.207164,1.05
44.96468789,0.13625662996969698,0.00461497,177,0,0.0,0.0,0.0,0.0,0.0,0.19318099,1.3250000000000002
44.96468789,0.13224908202941177,0.00461497,177,0,0.0,0.0,0.0,0.0,0.0,0.184781,1.725
44.96468789,0.12847053682857143,0.00461497,177,0,0.0,0.0,0.0,0.0,0.0,0.175006,2.20000005
44.96468789,0.12490191080555556,0.00461497,177,0,0.0,0.0,0.0,0.0,0.0,0.165622,2.7749999499999998
44.96468789,0.12152618348648649,0.00461497,177,0,0.0,0.0,0.0,0.0,0.0,0.163017,3.5
44.96468789,0.11832812602631579,0.00461497,177,0,0.0,0.0,0.0,0.0,0.0,0.151925,4.25
45.883919920000004,0.13495270564705883,0.0026229414285714285,32,1,0.0,0.0,0.0,0.0,0.0,0.23484799,1.7
45.883919920000004,0.13109691405714285,0.0026229414285714285,32,1,0.0,0.0,0.0,0.0,0.0,0.207478,0.94999999
45.883919920000004,0.12745533311111112,0.0026229414285714285,32,1,0.0,0.0,0.0,0.0,0.0,0.181191,0.39999998999999997
45.883919920000004,0.13495270564705883,0.0026229414285714285,32,0,0.0,0.0,0.0,0.0,0.0,0.222864,0.474999995
45.883919920000004,0.13109691405714285,0.0026229414285714285,32,0,0.0,0.0,0.0,0.0,0.0,0.20069399,0.80000001
45.883919920000004,0.12745533311111112,0.0026229414285714285,32,0,0.0,0.0,0.0,0.0,0.0,0.18255401,1.325
45.340148860000006,0.13335337900000002,0.0025690766666666663,31,1,0.0,0.0,0.0,0.0,0.0,0.244838,1.425
45.340148860000006,0.1295432824571429,0.0025690766666666663,31,1,0.0,0.0,0.0,0.0,0.0,0.22197901,0.775000005
45.340148860000006,0.12594485794444446,0.0025690766666666663,31,1,0.0,0.0,0.0,0.0,0.0,0.191258,0.29999999499999996
45.340148860000006,0.13335337900000002,0.0025690766666666663,31,0,0.0,0.0,0.0,0.0,0.0,0.23057599,0.625
45.340148860000006,0.1295432824571429,0.0025690766666666663,31,0,0.0,0.0,0.0,0.0,0.0,0.19690301,0.974999995
44.563333060000005,0.13106862664705884,0.002526482,30,1,0.0,0.0,0.0,0.0,0.0,0.198312,0.849999995
44.563333060000005,0.12732380874285715,0.002526482,30,1,0.0,0.0,0.0,0.0,0.0,0.181796,0.35000001000000003
44.563333060000005,0.12378703627777779,0.002526482,30,1,0.0,0.0,0.0,0.0,0.0,0.166384,0.10000000549999999
44.563333060000005,0.14854444353333335,0.002526482,30,0,0.0,0.0,0.0,0.0,0.0,0.29043999,0.0750000005
44.563333060000005,0.1437526872903226,0.002526482,30,0,0.0,0.0,0.0,0.0,0.0,0.27618501,0.15000000000000002
44.563333060000005,0.1392604158125,0.002526482,30,0,0.0,0.0,0.0,0.0,0.0,0.248193,0.25000000499999997
44.563333060000005,0.13504040321212124,0.002526482,30,0,0.0,0.0,0.0,0.0,0.0,0.21295699,0.39999998999999997
44.563333060000005,0.13106862664705884,0.002526482,30,0,0.0,0.0,0.0,0.0,0.0,0.191223,0.724999995
44.563333060000005,0.12732380874285715,0.002526482,30,0,0.0,0.0,0.0,0.0,0.0,0.18219601,1.3
44.563333060000005,0.12378703627777779,0.002526482,30,0,0.0,0.0,0.0,0.0,0.0,0.161175,2.04999995
44.80932473,0.13179213155882352,0.00248891,29,1,0.0,0.0,0.0,0.0,0.0,0.200739,0.974999995
44.80932473,0.1280266420857143,0.00248891,29,1,0.0,0.0,0.0,0.0,0.0,0.169218,0.375
44.80932473,0.12447034647222223,0.00248891,29,1,0.0,0.0,0.0,0.0,0.0,0.154167,0.10000000549999999
44.80932473,0.14002913978125,0.00248891,29,0,0.0,0.0,0.0,0.0,0.0,0.23729201,0.17500000500000001
44.80932473,0.13578583251515153,0.00248891,29,0,0.0,0.0,0.0,0.0,0.0,0.20551001,0.29999999499999996
44.80932473,0.13179213155882352,0.00248891,29,0,0.0,0.0,0.0,0.0,0.0,0.176974,0.55000001
44.80932473,0.1280266420857143,0.00248891,29,0,0.0,0.0,0.0,0.0,0.0,0.15977199,1.05
45.532698350000004,0.13009342385714287,0.0025465846428571427,32,1,0.0,0.0,0.0,0.0,0.0,0.131916,0.45000000500000004
45.532698350000004,0.1517756611666667,0.0025465846428571427,32,0,0.0,0.0,0.0,0.0,0.0,0.318304,0.0750000005
45.532698350000004,0.14687967209677422,0.0025465846428571427,32,0,0.0,0.0,0.0,0.0,0.0,0.26104799,0.0750000005
45.532698350000004,0.1379778737878788,0.0025465846428571427,32,0,0.0,0.0,0.0,0.0,0.0,0.19903301,0.20000000499999998
45.532698350000004,0.13391970102941178,0.0025465846428571427,32,0,0.0,0.0,0.0,0.0,0.0,0.159513,0.32499999999999996
45.532698350000004,0.13009342385714287,0.0025465846428571427,32,0,0.0,0.0,0.0,0.0,0.0,0.132063,0.650000005
45.85970710000001,0.13488149147058826,0.002533232142857143,31,1,0.0,0.0,0.0,0.0,0.0,0.16400599,1.3250000000000002
45.85970710000001,0.1310277345714286,0.002533232142857143,31,1,0.0,0.0,0.0,0.0,0.0,0.126596,0.55000001
45.85970710000001,0.1273880752777778,0.002533232142857143,31,1,0.0,0.0,0.0,0.0,0.0,0.107456,0.125000005
45.85970710000001,0.15286569033333336,0.002533232142857143,31,0,0.0,0.0,0.0,0.0,0.0,0.30995801,0.05
45.85970710000001,0.1389688093939394,0.002533232142857143,31,0,0.0,0.0,0.0,0.0,0.0,0.187737,0.125000005
45.85970710000001,0.13488149147058826,0.002533232142857143,31,0,0.0,0.0,0.0,0.0,0.0,0.153798,0.225
45.85970710000001,0.1310277345714286,0.002533232142857143,31,0,0.0,0.0,0.0,0.0,0.0,0.118531,0.45000000500000004
45.7027429,0.13441983205882352,0.0025186110714285714,30,1,0.0,0.0,0.0,0.0,0.0,0.155709,1.2
45.7027429,0.13057926542857143,0.0025186110714285714,30,1,0.0,0.0,0.0,0.0,0.0,0.125259,0.474999995
45.7027429,0.1269520636111111,0.0025186110714285714,30,1,0.0,0.0,0.0,0.0,0.0,0.117795,0.125000005
45.7027429,0.1523424763333333,0.0025186110714285714,30,0,0.0,0.0,0.0,0.0,0.0,0.27384299,0.0250000005
45.7027429,0.1474282029032258,0.0025186110714285714,30,0,0.0,0.0,0.0,0.0,0.0,0.27704799,0.0750000005
45.7027429,0.13441983205882352,0.0025186110714285714,30,0,0.0,0.0,0.0,0.0,0.0,0.15476701,0.25000000499999997
45.7027429,0.13057926542857143,0.0025186110714285714,30,0,0.0,0.0,0.0,0.0,0.0,0.12448,0.525000005
45.71582325000001,0.1344583036764706,0.00249505,29,1,0.0,0.0,0.0,0.0,0.0,0.162306,1.2
45.71582325000001,0.13061663785714286,0.00249505,29,1,0.0,0.0,0.0,0.0,0.0,0.142519,0.525000005
45.71582325000001,0.1269883979166667,0.00249505,29,1,0.0,0.0,0.0,0.0,0.0,0.13891999,0.17500000500000001
45.71582325000001,0.12355627905405407,0.00249505,29,1,0.0,0.0,0.0,0.0,0.0,0.123114,0.0250000005
45.71582325000001,0.14747039758064517,0.00249505,29,0,0.0,0.0,0.0,0.0,0.0,0.257364,0.05
45.71582325000001,0.14286194765625002,0.00249505,29,0,0.0,0.0,0.0,0.0,0.0,0.237262,0.10000000549999999
45.71582325000001,0.1344583036764706,0.00249505,29,0,0.0,0.0,0.0,0.0,0.0,0.16337401,0.275000005
45.71582325000001,0.13061663785714286,0.00249505,29,0,0.0,0.0,0.0,0.0,0.0,0.14295,0.599999995
46.23903725,0.12168167697368422,0.00462459380952381,187,1,0.0,0.0,0.0,0.0,0.0,0.15959699,0.525000005
46.23903725,0.1401182946969697,0.00462459380952381,187,0,0.0,0.0,0.0,0.0,0.0,0.207903,1.275
46.23903725,0.11856163397435898,0.00462459380952381,187,0,0.0,0.0,0.0,0.0,0.0,0.151917,4.5999999
46.6706888,0.13334482514285714,0.0025216997142857144,32,1,0.0,0.0,0.0,0.0,0.0,0.191485,1.1749999999999998
46.6706888,0.1296408022222222,0.0025216997142857144,32,1,0.0,0.0,0.0,0.0,0.0,0.16062699,0.525000005
46.6706888,0.12613699675675677,0.0025216997142857144,32,1,0.0,0.0,0.0,0.0,0.0,0.146878,0.17500000500000001
46.6706888,0.13334482514285714,0.0025216997142857144,32,0,0.0,0.0,0.0,0.0,0.0,0.182365,0.474999995
46.6706888,0.1296408022222222,0.0025216997142857144,32,0,0.0,0.0,0.0,0.0,0.0,0.16387901,0.875
46.6706888,0.13334482514285714,0.004519478095238096,186,1,0.0,0.0,0.0,0.0,0.0,0.182467,1.9249999999999998
46.6706888,0.1296408022222222,0.004519478095238096,186,1,0.0,0.0,0.0,0.0,0.0,0.171229,1.35
46.6706888,0.12613699675675677,0.004519478095238096,186,1,0.0,0.0,0.0,0.0,0.0,0.162723,0.900000005
46.6706888,0.12281760210526316,0.004519478095238096,186,1,0.0,0.0,0.0,0.0,0.0,0.153458,0.55000001
46.6706888,0.22224137523809523,0.004519478095238096,186,0,0.0,0.0,0.0,0.0,0.0,0.40765801,0.1250000005
46.6706888,0.1458459025,0.004519478095238096,186,0,0.0,0.0,0.0,0.0,0.0,0.219414,0.924999985
46.6706888,0.13726673176470588,0.004519478095238096,186,0,0.0,0.0,0.0,0.0,0.0,0.19415,1.45
46.94537615,0.13412964614285713,0.0025063922857142856,31,1,0.0,0.0,0.0,0.0,0.0,0.197234,1.3250000000000002
46.94537615,0.1304038226388889,0.0025063922857142856,31,1,0.0,0.0,0.0,0.0,0.0,0.169993,0.650000005
46.94537615,0.126879395,0.0025063922857142856,31,1,0.0,0.0,0.0,0.0,0.0,0.149928,0.225
46.94537615,0.1422587156060606,0.0025063922857142856,31,0,0.0,0.0,0.0,0.0,0.0,0.246748,0.15000000000000002
46.94537615,0.13807463573529413,0.0025063922857142856,31,0,0.0,0.0,0.0,0.0,0.0,0.219354,0.25000000499999997
46.94537615,0.13412964614285713,0.0025063922857142856,31,0,0.0,0.0,0.0,0.0,0.0,0.19088,0.42500000000000004
46.94537615,0.1304038226388889,0.0025063922857142856,31,0,0.0,0.0,0.0,0.0,0.0,0.164151,0.75
46.94537615,0.126879395,0.0025063922857142856,31,0,0.0,0.0,0.0,0.0,0.0,0.150049,1.35
46.94537615,0.13412964614285713,0.0045557614285714285,185,1,0.0,0.0,0.0,0.0,0.0,0.183625,2.04999995
46.94537615,0.1304038226388889,0.0045557614285714285,185,1,0.0,0.0,0.0,0.0,0.0,0.17194,1.45
46.94537615,0.126879395,0.0045557614285714285,185,1,0.0,0.0,0.0,0.0,0.0,0.162883,0.974999995
46.94537615,0.12354046355263158,0.0045557614285714285,185,1,0.0,0.0,0.0,0.0,0.0,0.156184,0.625
46.94537615,0.12037275935897436,0.0045557614285714285,185,1,0.0,0.0,0.0,0.0,0.0,0.150426,0.375
46.94537615,0.15648458716666666,0.0045557614285714285,185,0,0.0,0.0,0.0,0.0,0.0,0.244858,0.55000001
46.94537615,0.15143669725806452,0.0045557614285714285,185,0,0.0,0.0,0.0,0.0,0.0,0.233346,0.69999999
46.94537615,0.13807463573529413,0.0045557614285714285,185,0,0.0,0.0,0.0,0.0,0.0,0.19512101,1.375
46.94537615,0.13412964614285713,0.0045557614285714285,185,0,0.0,0.0,0.0,0.0,0.0,0.18303899,1.725
46.7491709,0.13356905971428573,0.0024923954285714285,30,1,0.0,0.0,0.0,0.0,0.0,0.183543,1.1749999999999998
46.7491709,0.12985880805555555,0.0024923954285714285,30,1,0.0,0.0,0.0,0.0,0.0,0.16303401,0.55000001
46.7491709,0.12634911054054054,0.0024923954285714285,30,1,0.0,0.0,0.0,0.0,0.0,0.145767,0.17500000500000001
46.7491709,0.13356905971428573,0.0024923954285714285,30,0,0.0,0.0,0.0,0.0,0.0,0.189428,0.45000000500000004
46.7491709,0.12985880805555555,0.0024923954285714285,30,0,0.0,0.0,0.0,0.0,0.0,0.162285,0.80000001
46.7491709,0.12634911054054054,0.0024923954285714285,30,0,0.0,0.0,0.0,0.0,0.0,0.144581,1.425
46.7491709,0.13356905971428573,0.0041175325,93,1,0.0,0.0,0.0,0.0,0.0,0.170945,1.5
46.7491709,0.12985880805555555,0.0041175325,93,1,0.0,0.0,0.0,0.0,0.0,0.157323,0.900000005
46.7491709,0.12634911054054054,0.0041175325,93,1,0.0,0.0,0.0,0.0,0.0,0.14699,0.474999995
46.7491709,0.1460911590625,0.0041175325,93,0,0.0,0.0,0.0,0.0,0.0,0.232813,0.42500000000000004
46.7491709,0.14166415424242426,0.0041175325,93,0,0.0,0.0,0.0,0.0,0.0,0.210364,0.55000001
46.7491709,0.13356905971428573,0.0041175325,93,0,0.0,0.0,0.0,0.0,0.0,0.175705,1.05
46.7491709,0.15583056966666667,0.00461937761904762,184,1,0.0,0.0,0.0,0.0,0.0,0.23566701,5.95000005
46.7491709,0.13356905971428573,0.00461937761904762,184,1,0.0,0.0,0.0,0.0,0.0,0.180759,1.95
46.7491709,0.12634911054054054,0.00461937761904762,184,1,0.0,0.0,0.0,0.0,0.0,0.16530199,0.94999999
46.7491709,0.12302413394736843,0.00461937761904762,184,1,0.0,0.0,0.0,0.0,0.0,0.157415,0.599999995
46.7491709,0.15583056966666667,0.00461937761904762,184,0,0.0,0.0,0.0,0.0,0.0,0.24675,0.575000015
46.7491709,0.14166415424242426,0.00461937761904762,184,0,0.0,0.0,0.0,0.0,0.0,0.207504,1.125
46.7491709,0.13749756147058825,0.00461937761904762,184,0,0.0,0.0,0.0,0.0,0.0,0.193864,1.4
46.7491709,0.12634911054054054,0.00461937761904762,184,0,0.0,0.0,0.0,0.0,0.0,0.16404299,2.79999995
47.036938600000006,0.13439125314285716,0.002477279142857143,29,1,0.0,0.0,0.0,0.0,0.0,0.19359,1.35
47.036938600000006,0.1306581627777778,0.002477279142857143,29,1,0.0,0.0,0.0,0.0,0.0,0.164709,0.650000005
47.036938600000006,0.1271268610810811,0.002477279142857143,29,1,0.0,0.0,0.0,0.0,0.0,0.147907,0.225
47.036938600000006,0.13834393705882356,0.002477279142857143,29,0,0.0,0.0,0.0,0.0,0.0,0.214193,0.20000000499999998
47.036938600000006,0.13439125314285716,0.002477279142857143,29,0,0.0,0.0,0.0,0.0,0.0,0.184089,0.35000001000000003
47.036938600000006,0.1306581627777778,0.002477279142857143,29,0,0.0,0.0,0.0,0.0,0.0,0.156488,0.650000005
47.036938600000006,0.1271268610810811,0.002477279142857143,29,0,0.0,0.0,0.0,0.0,0.0,0.145257,1.25
47.036938600000006,0.13834393705882356,0.004132741785714286,92,1,0.0,0.0,0.0,0.0,0.0,0.178499,2.3500000500000002
47.036938600000006,0.13439125314285716,0.004132741785714286,92,1,0.0,0.0,0.0,0.0,0.0,0.166587,1.6
47.036938600000006,0.1306581627777778,0.004132741785714286,92,1,0.0,0.0,0.0,0.0,0.0,0.15102901,0.94999999
47.036938600000006,0.1271268610810811,0.004132741785714286,92,1,0.0,0.0,0.0,0.0,0.0,0.141219,0.5
47.036938600000006,0.15678979533333334,0.004132741785714286,92,0,0.0,0.0,0.0,0.0,0.0,0.27306601,0.225
47.036938600000006,0.1425361775757576,0.004132741785714286,92,0,0.0,0.0,0.0,0.0,0.0,0.206276,0.474999995
47.036938600000006,0.13439125314285716,0.004132741785714286,92,0,0.0,0.0,0.0,0.0,0.0,0.16756,0.900000005
47.036938600000006,0.1306581627777778,0.004132741785714286,92,0,0.0,0.0,0.0,0.0,0.0,0.153396,1.3
47.036938600000006,0.12378141736842106,0.004132741785714286,92,0,0.0,0.0,0.0,0.0,0.0,0.122171,2.54999995
47.036938600000006,0.13439125314285716,0.004636907619047619,183,1,0.0,0.0,0.0,0.0,0.0,0.17913499,2.04999995
47.036938600000006,0.1306581627777778,0.004636907619047619,183,1,0.0,0.0,0.0,0.0,0.0,0.165819,1.4249999999999998
47.036938600000006,0.1271268610810811,0.004636907619047619,183,1,0.0,0.0,0.0,0.0,0.0,0.15741999,0.94999999
47.036938600000006,0.12378141736842106,0.004636907619047619,183,1,0.0,0.0,0.0,0.0,0.0,0.15091699,0.599999995
47.036938600000006,0.12060753487179489,0.004636907619047619,183,1,0.0,0.0,0.0,0.0,0.0,0.14087801,0.32499999999999996
47.036938600000006,0.15678979533333334,0.004636907619047619,183,0,0.0,0.0,0.0,0.0,0.0,0.24456801,0.525000005
47.036938600000006,0.1425361775757576,0.004636907619047619,183,0,0.0,0.0,0.0,0.0,0.0,0.200949,0.999999995
47.036938600000006,0.13439125314285716,0.004636907619047619,183,0,0.0,0.0,0.0,0.0,0.0,0.178386,1.625
47.036938600000006,0.12060753487179489,0.004636907619047619,183,0,0.0,0.0,0.0,0.0,0.0,0.139079,4.0
46.919215449999996,0.14662254828125,0.004194734285714286,89,1,0.0,0.0,0.0,0.0,0.0,0.222066,4.04999995
46.919215449999996,0.1379976925,0.004194734285714286,89,1,0.0,0.0,0.0,0.0,0.0,0.187325,2.29999995
46.919215449999996,0.13033115402777776,0.004194734285714286,89,1,0.0,0.0,0.0,0.0,0.0,0.154229,0.900000005
46.919215449999996,0.1268086904054054,0.004194734285714286,89,1,0.0,0.0,0.0,0.0,0.0,0.137217,0.42500000000000004
46.919215449999996,0.12347161960526315,0.004194734285714286,89,1,0.0,0.0,0.0,0.0,0.0,0.128731,0.17500000500000001
46.919215449999996,0.11729803862499999,0.004194734285714286,89,1,0.0,0.0,0.0,0.0,0.0,0.12592401,0.0250000005
46.919215449999996,0.14217944075757574,0.004194734285714286,89,0,0.0,0.0,0.0,0.0,0.0,0.20514999,0.474999995
46.919215449999996,0.1379976925,0.004194734285714286,89,0,0.0,0.0,0.0,0.0,0.0,0.184852,0.650000005
46.919215449999996,0.13033115402777776,0.004709575238095238,180,1,0.0,0.0,0.0,0.0,0.0,0.165039,1.35
46.919215449999996,0.1268086904054054,0.004709575238095238,180,1,0.0,0.0,0.0,0.0,0.0,0.15760501,0.900000005
46.919215449999996,0.12347161960526315,0.004709575238095238,180,1,0.0,0.0,0.0,0.0,0.0,0.14958701,0.55000001
46.919215449999996,0.18045852096153844,0.004709575238095238,180,0,0.0,0.0,0.0,0.0,0.0,0.31141901,0.25000000499999997
46.919215449999996,0.14662254828125,0.004709575238095238,180,0,0.0,0.0,0.0,0.0,0.0,0.213313,0.80000001
46.919215449999996,0.14217944075757574,0.004709575238095238,180,0,0.0,0.0,0.0,0.0,0.0,0.201802,1.025
46.919215449999996,0.1379976925,0.004709575238095238,180,0,0.0,0.0,0.0,0.0,0.0,0.18941,1.3
47.0630993,0.13073083138888889,0.004705667142857143,179,1,0.0,0.0,0.0,0.0,0.0,0.160771,1.35
47.0630993,0.12719756567567567,0.004705667142857143,179,1,0.0,0.0,0.0,0.0,0.0,0.14918999,0.849999995
47.0630993,0.12385026131578947,0.004705667142857143,179,1,0.0,0.0,0.0,0.0,0.0,0.13766401,0.474999995
47.0630993,0.12067461358974359,0.004705667142857143,179,1,0.0,0.0,0.0,0.0,0.0,0.135169,0.275000005
47.0630993,0.1470721853125,0.004705667142857143,179,0,0.0,0.0,0.0,0.0,0.0,0.213259,0.775000005
47.0630993,0.14261545242424242,0.004705667142857143,179,0,0.0,0.0,0.0,0.0,0.0,0.196501,0.94999999
47.0630993,0.13842088029411764,0.004705667142857143,179,0,0.0,0.0,0.0,0.0,0.0,0.182541,1.2
47.1939028,0.13483972228571428,0.004583340952380953,178,1,0.0,0.0,0.0,0.0,0.0,0.16711301,1.9749999999999999
47.1939028,0.12755108864864864,0.004583340952380953,178,1,0.0,0.0,0.0,0.0,0.0,0.14750899,0.875
47.1939028,0.12419448105263158,0.004583340952380953,178,1,0.0,0.0,0.0,0.0,0.0,0.13735101,0.5
47.1939028,0.12101000717948716,0.004583340952380953,178,1,0.0,0.0,0.0,0.0,0.0,0.12823699,0.25000000499999997
47.1939028,0.14301182666666665,0.004583340952380953,178,0,0.0,0.0,0.0,0.0,0.0,0.195197,0.900000005
47.1939028,0.13880559647058824,0.004583340952380953,178,0,0.0,0.0,0.0,0.0,0.0,0.182302,1.15
47.1939028,0.13109417444444443,0.004583340952380953,178,0,0.0,0.0,0.0,0.0,0.0,0.158934,1.9
47.1939028,0.12755108864864864,0.004583340952380953,178,0,0.0,0.0,0.0,0.0,0.0,0.14485399,2.3999999499999998
46.16055515,0.15386851716666666,0.004603216666666667,177,1,0.0,0.0,0.0,0.0,0.0,0.24086,5.54999995
46.16055515,0.14425173484375,0.004603216666666667,177,1,0.0,0.0,0.0,0.0,0.0,0.19834299,3.6999999499999996
46.16055515,0.12822376430555554,0.004603216666666667,177,1,0.0,0.0,0.0,0.0,0.0,0.154603,0.999999995
46.16055515,0.12475825716216217,0.004603216666666667,177,1,0.0,0.0,0.0,0.0,0.0,0.145198,0.599999995
46.16055515,0.12147514513157895,0.004603216666666667,177,1,0.0,0.0,0.0,0.0,0.0,0.136641,0.32499999999999996
46.16055515,0.15386851716666666,0.004603216666666667,177,0,0.0,0.0,0.0,0.0,0.0,0.218615,0.45000000500000004
46.16055515,0.13988047015151514,0.004603216666666667,177,0,0.0,0.0,0.0,0.0,0.0,0.18124899,0.999999995
46.16055515,0.1357663386764706,0.004603216666666667,177,0,0.0,0.0,0.0,0.0,0.0,0.168623,1.3
42.7204231,0.13780781645161289,0.00245648,32,1,0.0,0.0,0.0,0.0,0.0,0.240923,1.9
42.7204231,0.12945582757575758,0.00245648,32,1,0.0,0.0,0.0,0.0,0.0,0.19507401,0.525000005
42.7204231,0.1256483032352941,0.00245648,32,1,0.0,0.0,0.0,0.0,0.0,0.177128,0.17500000500000001
42.7204231,0.1335013221875,0.00245648,32,0,0.0,0.0,0.0,0.0,0.0,0.209644,0.650000005
42.7204231,0.12945582757575758,0.00245648,32,0,0.0,0.0,0.0,0.0,0.0,0.182198,1.1
42.75966415,0.12957473984848483,0.00243057,31,1,0.0,0.0,0.0,0.0,0.0,0.18709999,0.5
42.75966415,0.1257637180882353,0.00243057,31,1,0.0,0.0,0.0,0.0,0.0,0.17766599,0.17500000500000001
42.75966415,0.13362395046875,0.00243057,31,0,0.0,0.0,0.0,0.0,0.0,0.209622,0.625
42.75966415,0.12957473984848483,0.00243057,31,0,0.0,0.0,0.0,0.0,0.0,0.183419,1.0750000000000002
42.75966415,0.1257637180882353,0.00243057,31,0,0.0,0.0,0.0,0.0,0.0,0.161835,1.775
42.35417330000001,0.13235679156250002,0.0024148441176470585,30,1,0.0,0.0,0.0,0.0,0.0,0.210269,0.900000005
42.35417330000001,0.1283459796969697,0.0024148441176470585,30,1,0.0,0.0,0.0,0.0,0.0,0.198167,0.39999998999999997
42.35417330000001,0.12457109794117649,0.0024148441176470585,30,1,0.0,0.0,0.0,0.0,0.0,0.183256,0.125000005
42.35417330000001,0.1411805776666667,0.0024148441176470585,30,0,0.0,0.0,0.0,0.0,0.0,0.263693,0.25000000499999997
42.35417330000001,0.13235679156250002,0.0024148441176470585,30,0,0.0,0.0,0.0,0.0,0.0,0.215892,0.775000005
42.35417330000001,0.12457109794117649,0.0024148441176470585,30,0,0.0,0.0,0.0,0.0,0.0,0.166972,2.04999995
42.2495305,0.14083176833333333,0.0023991182352941175,29,1,0.0,0.0,0.0,0.0,0.0,0.254648,2.3999999499999998
42.2495305,0.13628880806451613,0.0023991182352941175,29,1,0.0,0.0,0.0,0.0,0.0,0.236454,1.55
42.2495305,0.1280288803030303,0.0023991182352941175,29,1,0.0,0.0,0.0,0.0,0.0,0.174298,0.275000005
42.2495305,0.14568803620689655,0.0023991182352941175,29,0,0.0,0.0,0.0,0.0,0.0,0.29079601,0.15000000000000002
42.2495305,0.14083176833333333,0.0023991182352941175,29,0,0.0,0.0,0.0,0.0,0.0,0.25862399,0.25000000499999997
42.2495305,0.13628880806451613,0.0023991182352941175,29,0,0.0,0.0,0.0,0.0,0.0,0.23343,0.45000000500000004
42.2495305,0.1320297828125,0.0023991182352941175,29,0,0.0,0.0,0.0,0.0,0.0,0.209479,0.80000001
42.2495305,0.1280288803030303,0.0023991182352941175,29,0,0.0,0.0,0.0,0.0,0.0,0.182448,1.35
42.2495305,0.124263325,0.0023991182352941175,29,0,0.0,0.0,0.0,0.0,0.0,0.162734,2.1499999499999998
43.229615589999995,0.1309988351212121,0.0025741342857142856,32,1,0.0,0.0,0.0,0.0,0.0,0.140972,0.39999998999999997
43.229615589999995,0.12714592820588233,0.0025741342857142856,32,1,0.0,0.0,0.0,0.0,0.0,0.118398,0.0750000005
43.229615589999995,0.12351318739999999,0.0025741342857142856,32,1,0.0,0.0,0.0,0.0,0.0,0.13654301,0.0250000005
43.229615589999995,0.13945037287096773,0.0025741342857142856,32,0,0.0,0.0,0.0,0.0,0.0,0.19271301,0.17500000500000001
43.229615589999995,0.13509254871874998,0.0025741342857142856,32,0,0.0,0.0,0.0,0.0,0.0,0.16519,0.35000001000000003
43.229615589999995,0.1309988351212121,0.0025741342857142856,32,0,0.0,0.0,0.0,0.0,0.0,0.14111599,0.724999995
43.229615589999995,0.12714592820588233,0.0025741342857142856,32,0,0.0,0.0,0.0,0.0,0.0,0.118554,1.4
43.242839700000005,0.13513387406250002,0.0025703960714285714,31,1,0.0,0.0,0.0,0.0,0.0,0.159825,0.999999995
43.242839700000005,0.1310389081818182,0.0025703960714285714,31,1,0.0,0.0,0.0,0.0,0.0,0.12964199,0.35000001000000003
43.242839700000005,0.12718482264705883,0.0025703960714285714,31,1,0.0,0.0,0.0,0.0,0.0,0.120285,0.0750000005
43.242839700000005,0.17297135880000003,0.0025703960714285714,31,0,0.0,0.0,0.0,0.0,0.0,0.441416,0.0250000005
43.242839700000005,0.14414279900000002,0.0025703960714285714,31,0,0.0,0.0,0.0,0.0,0.0,0.212919,0.0750000005
43.242839700000005,0.13513387406250002,0.0025703960714285714,31,0,0.0,0.0,0.0,0.0,0.0,0.153097,0.29999999499999996
43.242839700000005,0.1310389081818182,0.0025703960714285714,31,0,0.0,0.0,0.0,0.0,0.0,0.129788,0.674999985
42.872564620000006,0.1299168624848485,0.002563864642857143,30,1,0.0,0.0,0.0,0.0,0.0,0.144023,0.29999999499999996
42.872564620000006,0.12609577829411767,0.002563864642857143,30,1,0.0,0.0,0.0,0.0,0.0,0.138501,0.0750000005
42.872564620000006,0.1339767644375,0.002563864642857143,30,0,0.0,0.0,0.0,0.0,0.0,0.16691101,0.42500000000000004
42.80644407,0.12971649718181819,0.002536592857142857,29,1,0.0,0.0,0.0,0.0,0.0,0.13639501,0.25000000499999997
42.80644407,0.1259013060882353,0.002536592857142857,29,1,0.0,0.0,0.0,0.0,0.0,0.14416599,0.0750000005
42.80644407,0.1223041259142857,0.002536592857142857,29,1,0.0,0.0,0.0,0.0,0.0,0.158889,0.0250000005
42.80644407,0.14268814689999998,0.002536592857142857,29,0,0.0,0.0,0.0,0.0,0.0,0.233373,0.125000005
42.80644407,0.1380853034516129,0.002536592857142857,29,0,0.0,0.0,0.0,0.0,0.0,0.18009,0.17500000500000001
42.80644407,0.13377013771875,0.002536592857142857,29,0,0.0,0.0,0.0,0.0,0.0,0.14989001,0.375
42.93868517,0.14312895056666666,0.0039042328571428577,187,1,0.0,0.0,0.0,0.0,0.0,0.21209,3.1
42.93868517,0.13418339115625,0.0039042328571428577,187,1,0.0,0.0,0.0,0.0,0.0,0.19762,1.8
42.93868517,0.1301172277878788,0.0039042328571428577,187,1,0.0,0.0,0.0,0.0,0.0,0.185969,1.25
42.93868517,0.11605050045945946,0.0039042328571428577,187,1,0.0,0.0,0.0,0.0,0.0,0.16556001,0.20000000499999998
42.93868517,0.21469342585,0.0039042328571428577,187,0,0.0,0.0,0.0,0.0,0.0,0.38082501,0.125000005
42.93868517,0.14806443162068966,0.0039042328571428577,187,0,0.0,0.0,0.0,0.0,0.0,0.226243,0.875
42.93868517,0.14312895056666666,0.0039042328571428577,187,0,0.0,0.0,0.0,0.0,0.0,0.216822,1.15
42.93868517,0.13418339115625,0.0039042328571428577,187,0,0.0,0.0,0.0,0.0,0.0,0.196602,1.9
43.361856689999996,0.1398769570645161,0.0025548442857142857,32,1,0.0,0.0,0.0,0.0,0.0,0.27245399,2.1499999499999998
43.361856689999996,0.13550580215625,0.0025548442857142857,32,1,0.0,0.0,0.0,0.0,0.0,0.24467801,1.375
43.361856689999996,0.1313995657272727,0.0025548442857142857,32,1,0.0,0.0,0.0,0.0,0.0,0.227181,0.775000005
43.361856689999996,0.12753487261764704,0.0025548442857142857,32,1,0.0,0.0,0.0,0.0,0.0,0.208213,0.35000001000000003
43.361856689999996,0.14952364375862068,0.0025548442857142857,32,0,0.0,0.0,0.0,0.0,0.0,0.31339499,0.125000005
43.361856689999996,0.1445395223,0.0025548442857142857,32,0,0.0,0.0,0.0,0.0,0.0,0.29614499,0.225
43.361856689999996,0.1398769570645161,0.0025548442857142857,32,0,0.0,0.0,0.0,0.0,0.0,0.27305001,0.375
43.361856689999996,0.13550580215625,0.0025548442857142857,32,0,0.0,0.0,0.0,0.0,0.0,0.24502,0.599999995
43.361856689999996,0.1313995657272727,0.0025548442857142857,32,0,0.0,0.0,0.0,0.0,0.0,0.227403,0.999999995
43.361856689999996,0.12753487261764704,0.0025548442857142857,32,0,0.0,0.0,0.0,0.0,0.0,0.208428,1.5750000000000002
43.361856689999996,0.1313995657272727,0.003928745714285714,186,1,0.0,0.0,0.0,0.0,0.0,0.18437099,1.375
43.361856689999996,0.1238910191142857,0.003928745714285714,186,1,0.0,0.0,0.0,0.0,0.0,0.173324,0.625
43.361856689999996,0.12044960191666666,0.003928745714285714,186,1,0.0,0.0,0.0,0.0,0.0,0.16600201,0.375
43.361856689999996,0.1313995657272727,0.003928745714285714,186,0,0.0,0.0,0.0,0.0,0.0,0.18495101,2.20000005
43.93049342,0.13728279193749998,0.0025416971428571427,31,1,0.0,0.0,0.0,0.0,0.0,0.25494501,1.7
43.93049342,0.13312270733333334,0.0025416971428571427,31,1,0.0,0.0,0.0,0.0,0.0,0.22933801,0.999999995
43.93049342,0.12920733358823527,0.0025416971428571427,31,1,0.0,0.0,0.0,0.0,0.0,0.20565499,0.474999995
43.93049342,0.14643497806666667,0.0025416971428571427,31,0,0.0,0.0,0.0,0.0,0.0,0.305262,0.17500000500000001
43.93049342,0.14171126909677417,0.0025416971428571427,31,0,0.0,0.0,0.0,0.0,0.0,0.27496201,0.275000005
43.93049342,0.13728279193749998,0.0025416971428571427,31,0,0.0,0.0,0.0,0.0,0.0,0.247532,0.45000000500000004
43.93049342,0.13312270733333334,0.0025416971428571427,31,0,0.0,0.0,0.0,0.0,0.0,0.22293299,0.75
43.93049342,0.12920733358823527,0.0025416971428571427,31,0,0.0,0.0,0.0,0.0,0.0,0.198869,1.225
43.93049342,0.13728279193749998,0.003925409523809524,185,1,0.0,0.0,0.0,0.0,0.0,0.195144,2.225
43.93049342,0.13312270733333334,0.003925409523809524,185,1,0.0,0.0,0.0,0.0,0.0,0.18622001,1.625
43.93049342,0.12920733358823527,0.003925409523809524,185,1,0.0,0.0,0.0,0.0,0.0,0.177793,1.125
43.93049342,0.12551569548571428,0.003925409523809524,185,1,0.0,0.0,0.0,0.0,0.0,0.171922,0.75
43.93049342,0.1187310632972973,0.003925409523809524,185,1,0.0,0.0,0.0,0.0,0.0,0.164729,0.29999999499999996
43.93049342,0.13312270733333334,0.003925409523809524,185,0,0.0,0.0,0.0,0.0,0.0,0.18583401,1.95
44.075958629999995,0.13773737071874997,0.002526166285714286,30,1,0.0,0.0,0.0,0.0,0.0,0.244561,1.725
44.075958629999995,0.133563511,0.002526166285714286,30,1,0.0,0.0,0.0,0.0,0.0,0.218107,0.999999995
44.075958629999995,0.12963517244117645,0.002526166285714286,30,1,0.0,0.0,0.0,0.0,0.0,0.198851,0.474999995
44.075958629999995,0.12593131037142855,0.002526166285714286,30,1,0.0,0.0,0.0,0.0,0.0,0.18544599,0.17500000500000001
44.075958629999995,0.1574141379642857,0.002526166285714286,30,0,0.0,0.0,0.0,0.0,0.0,0.37732601,0.0750000005
44.075958629999995,0.15198606424137928,0.002526166285714286,30,0,0.0,0.0,0.0,0.0,0.0,0.35510999,0.125000005
44.075958629999995,0.1469198621,0.002526166285714286,30,0,0.0,0.0,0.0,0.0,0.0,0.316506,0.17500000500000001
44.075958629999995,0.1421805117096774,0.002526166285714286,30,0,0.0,0.0,0.0,0.0,0.0,0.27653,0.25000000499999997
44.075958629999995,0.13773737071874997,0.002526166285714286,30,0,0.0,0.0,0.0,0.0,0.0,0.24472301,0.39999998999999997
44.075958629999995,0.133563511,0.002526166285714286,30,0,0.0,0.0,0.0,0.0,0.0,0.224913,0.69999999
44.075958629999995,0.12963517244117645,0.002526166285714286,30,0,0.0,0.0,0.0,0.0,0.0,0.199,1.15
44.075958629999995,0.13773737071874997,0.003622097142857143,93,1,0.0,0.0,0.0,0.0,0.0,0.195329,1.9249999999999998
44.075958629999995,0.133563511,0.003622097142857143,93,1,0.0,0.0,0.0,0.0,0.0,0.180409,1.25
44.075958629999995,0.12963517244117645,0.003622097142857143,93,1,0.0,0.0,0.0,0.0,0.0,0.171959,0.75
44.075958629999995,0.12593131037142855,0.003622097142857143,93,1,0.0,0.0,0.0,0.0,0.0,0.16394199,0.39999998999999997
44.075958629999995,0.11598936481578946,0.003622097142857143,93,1,0.0,0.0,0.0,0.0,0.0,0.14392,0.0250000005
44.075958629999995,0.1574141379642857,0.003622097142857143,93,0,0.0,0.0,0.0,0.0,0.0,0.259161,0.20000000499999998
44.075958629999995,0.13773737071874997,0.003622097142857143,93,0,0.0,0.0,0.0,0.0,0.0,0.20001499,0.875
44.075958629999995,0.133563511,0.003622097142857143,93,0,0.0,0.0,0.0,0.0,0.0,0.183128,1.225
44.075958629999995,0.13773737071874997,0.0038028466666666667,184,1,0.0,0.0,0.0,0.0,0.0,0.19177,2.25
44.075958629999995,0.12963517244117645,0.0038028466666666667,184,1,0.0,0.0,0.0,0.0,0.0,0.174027,1.125
44.075958629999995,0.12593131037142855,0.0038028466666666667,184,1,0.0,0.0,0.0,0.0,0.0,0.171826,0.775000005
44.075958629999995,0.12243321841666666,0.0038028466666666667,184,1,0.0,0.0,0.0,0.0,0.0,0.16422001,0.474999995
44.075958629999995,0.1191242125135135,0.0038028466666666667,184,1,0.0,0.0,0.0,0.0,0.0,0.15822101,0.275000005
44.075958629999995,0.22037979314999998,0.0038028466666666667,184,0,0.0,0.0,0.0,0.0,0.0,0.40110099,0.125000005
44.075958629999995,0.15198606424137928,0.0038028466666666667,184,0,0.0,0.0,0.0,0.0,0.0,0.224996,0.650000005
44.075958629999995,0.13773737071874997,0.0038028466666666667,184,0,0.0,0.0,0.0,0.0,0.0,0.195208,1.475
44.075958629999995,0.12243321841666666,0.0038028466666666667,184,0,0.0,0.0,0.0,0.0,0.0,0.16556901,3.8000000500000004
43.57344245,0.13616700765625,0.0025141888571428572,29,1,0.0,0.0,0.0,0.0,0.0,0.26665899,1.5
43.57344245,0.1320407346969697,0.0025141888571428572,29,1,0.0,0.0,0.0,0.0,0.0,0.23376,0.825000015
43.57344245,0.12815718367647058,0.0025141888571428572,29,1,0.0,0.0,0.0,0.0,0.0,0.20594101,0.35000001000000003
43.57344245,0.12449554985714287,0.0025141888571428572,29,1,0.0,0.0,0.0,0.0,0.0,0.21855,0.17500000500000001
43.57344245,0.14524480816666668,0.0025141888571428572,29,0,0.0,0.0,0.0,0.0,0.0,0.29544699,0.17500000500000001
43.57344245,0.14055949177419355,0.0025141888571428572,29,0,0.0,0.0,0.0,0.0,0.0,0.27974901,0.32499999999999996
43.57344245,0.13616700765625,0.0025141888571428572,29,0,0.0,0.0,0.0,0.0,0.0,0.25663,0.55000001
43.57344245,0.1320407346969697,0.0025141888571428572,29,0,0.0,0.0,0.0,0.0,0.0,0.23090801,0.900000005
43.57344245,0.13616700765625,0.003666499142857143,92,1,0.0,0.0,0.0,0.0,0.0,0.201232,1.7
43.57344245,0.1320407346969697,0.003666499142857143,92,1,0.0,0.0,0.0,0.0,0.0,0.186014,1.0750000000000002
43.57344245,0.12815718367647058,0.003666499142857143,92,1,0.0,0.0,0.0,0.0,0.0,0.176329,0.625
43.57344245,0.12449554985714287,0.003666499142857143,92,1,0.0,0.0,0.0,0.0,0.0,0.162872,0.29999999499999996
43.57344245,0.1210373401388889,0.003666499142857143,92,1,0.0,0.0,0.0,0.0,0.0,0.16151901,0.15000000000000002
43.57344245,0.1502532498275862,0.003666499142857143,92,0,0.0,0.0,0.0,0.0,0.0,0.246113,0.35000001000000003
43.57344245,0.14524480816666668,0.003666499142857143,92,0,0.0,0.0,0.0,0.0,0.0,0.230143,0.5
43.57344245,0.14055949177419355,0.003666499142857143,92,0,0.0,0.0,0.0,0.0,0.0,0.212203,0.69999999
43.57344245,0.13616700765625,0.003666499142857143,92,0,0.0,0.0,0.0,0.0,0.0,0.201254,1.025
43.57344245,0.1320407346969697,0.003666499142857143,92,0,0.0,0.0,0.0,0.0,0.0,0.188467,1.45
43.57344245,0.14055949177419355,0.0038519899999999996,183,1,0.0,0.0,0.0,0.0,0.0,0.205639,2.725
43.57344245,0.1320407346969697,0.0038519899999999996,183,1,0.0,0.0,0.0,0.0,0.0,0.18671601,1.475
43.57344245,0.12815718367647058,0.0038519899999999996,183,1,0.0,0.0,0.0,0.0,0.0,0.177515,0.999999995
43.57344245,0.12449554985714287,0.0038519899999999996,183,1,0.0,0.0,0.0,0.0,0.0,0.17093299,0.650000005
43.57344245,0.1613831201851852,0.0038519899999999996,183,0,0.0,0.0,0.0,0.0,0.0,0.25502601,0.45000000500000004
43.57344245,0.14524480816666668,0.0038519899999999996,183,0,0.0,0.0,0.0,0.0,0.0,0.22023401,0.999999995
43.57344245,0.14055949177419355,0.0038519899999999996,183,0,0.0,0.0,0.0,0.0,0.0,0.21017399,1.3
43.57344245,0.1320407346969697,0.0038519899999999996,183,0,0.0,0.0,0.0,0.0,0.0,0.187102,2.1000000500000002
43.53377012,0.14511256706666667,0.003724465714285714,89,1,0.0,0.0,0.0,0.0,0.0,0.23875,3.25
43.53377012,0.13192051551515152,0.003724465714285714,89,1,0.0,0.0,0.0,0.0,0.0,0.195531,1.1
43.53377012,0.12804050035294118,0.003724465714285714,89,1,0.0,0.0,0.0,0.0,0.0,0.189702,0.674999985
43.53377012,0.12438220034285714,0.003724465714285714,89,1,0.0,0.0,0.0,0.0,0.0,0.17224801,0.32499999999999996
43.53377012,0.25608100070588236,0.003724465714285714,89,0,0.0,0.0,0.0,0.0,0.0,0.57521999,0.0250000005
43.53377012,0.15547775042857143,0.003724465714285714,89,0,0.0,0.0,0.0,0.0,0.0,0.26766801,0.25000000499999997
43.53377012,0.15011644868965518,0.003724465714285714,89,0,0.0,0.0,0.0,0.0,0.0,0.249387,0.35000001000000003
43.53377012,0.14511256706666667,0.003724465714285714,89,0,0.0,0.0,0.0,0.0,0.0,0.238261,0.525000005
43.53377012,0.14043151651612903,0.003724465714285714,89,0,0.0,0.0,0.0,0.0,0.0,0.22351401,0.75
43.53377012,0.13192051551515152,0.003724465714285714,89,0,0.0,0.0,0.0,0.0,0.0,0.19767199,1.5
43.53377012,0.13192051551515152,0.00393588,180,1,0.0,0.0,0.0,0.0,0.0,0.192793,1.5
43.53377012,0.12804050035294118,0.00393588,180,1,0.0,0.0,0.0,0.0,0.0,0.18605299,1.05
43.53377012,0.12438220034285714,0.00393588,180,1,0.0,0.0,0.0,0.0,0.0,0.18001001,0.69999999
43.53377012,0.12092713922222222,0.00393588,180,1,0.0,0.0,0.0,0.0,0.0,0.17545301,0.45000000500000004
43.53377012,0.11765883816216216,0.00393588,180,1,0.0,0.0,0.0,0.0,0.0,0.166337,0.25000000499999997
43.53377012,0.11456255294736842,0.00393588,180,1,0.0,0.0,0.0,0.0,0.0,0.16485099,0.15000000000000002
43.53377012,0.2176688506,0.00393588,180,0,0.0,0.0,0.0,0.0,0.0,0.39795601,0.125000005
43.53377012,0.16743757738461537,0.00393588,180,0,0.0,0.0,0.0,0.0,0.0,0.27656299,0.375
43.53377012,0.15011644868965518,0.00393588,180,0,0.0,0.0,0.0,0.0,0.0,0.23707999,0.80000001
43.53377012,0.14511256706666667,0.00393588,180,0,0.0,0.0,0.0,0.0,0.0,0.22761001,1.05
43.53377012,0.136043031625,0.00393588,180,0,0.0,0.0,0.0,0.0,0.0,0.203723,1.7
43.53377012,0.12804050035294118,0.00393588,180,0,0.0,0.0,0.0,0.0,0.0,0.182942,2.70000005
43.01802983,0.13443134321875,0.003911069047619048,179,1,0.0,0.0,0.0,0.0,0.0,0.204686,1.85
43.01802983,0.13035766615151517,0.003911069047619048,179,1,0.0,0.0,0.0,0.0,0.0,0.19617,1.3250000000000002
43.01802983,0.12652361714705884,0.003911069047619048,179,1,0.0,0.0,0.0,0.0,0.0,0.187484,0.900000005
43.01802983,0.12290865665714287,0.003911069047619048,179,1,0.0,0.0,0.0,0.0,0.0,0.17593899,0.55000001
43.01802983,0.11949452730555557,0.003911069047619048,179,1,0.0,0.0,0.0,0.0,0.0,0.17317501,0.35000001000000003
43.01802983,0.17207211932000002,0.003911069047619048,179,0,0.0,0.0,0.0,0.0,0.0,0.29627401,0.35000001000000003
43.01802983,0.1433934327666667,0.003911069047619048,179,0,0.0,0.0,0.0,0.0,0.0,0.227439,1.1749999999999998
43.01802983,0.13035766615151517,0.003911069047619048,179,0,0.0,0.0,0.0,0.0,0.0,0.197868,2.42499995
43.01802983,0.12290865665714287,0.003911069047619048,179,0,0.0,0.0,0.0,0.0,0.0,0.17941201,3.6999999499999996
43.01802983,0.11949452730555557,0.003911069047619048,179,0,0.0,0.0,0.0,0.0,0.0,0.166611,4.45000005
42.89901284,0.1299970086060606,0.00389701619047619,178,1,0.0,0.0,0.0,0.0,0.0,0.193239,1.25
42.89901284,0.12617356717647057,0.00389701619047619,178,1,0.0,0.0,0.0,0.0,0.0,0.185966,0.849999995
42.89901284,0.1225686081142857,0.00389701619047619,178,1,0.0,0.0,0.0,0.0,0.0,0.17990001,0.55000001
42.89901284,0.11916392455555555,0.00389701619047619,178,1,0.0,0.0,0.0,0.0,0.0,0.17668401,0.35000001000000003
42.89901284,0.11594327794594594,0.00389701619047619,178,1,0.0,0.0,0.0,0.0,0.0,0.170697,0.20000000499999998
42.89901284,0.10724753209999999,0.00389701619047619,178,1,0.0,0.0,0.0,0.0,0.0,0.187813,0.0750000005
42.89901284,0.1949955129090909,0.00389701619047619,178,0,0.0,0.0,0.0,0.0,0.0,0.33311599,0.15000000000000002
42.89901284,0.14792763048275862,0.00389701619047619,178,0,0.0,0.0,0.0,0.0,0.0,0.24114101,0.94999999
42.89901284,0.14299670946666665,0.00389701619047619,178,0,0.0,0.0,0.0,0.0,0.0,0.23342501,1.25
42.89901284,0.13838391238709677,0.00389701619047619,178,0,0.0,0.0,0.0,0.0,0.0,0.223634,1.6
42.89901284,0.134059415125,0.00389701619047619,178,0,0.0,0.0,0.0,0.0,0.0,0.211108,2.0
43.771804100000004,0.14119936806451613,0.0038458709523809527,177,1,0.0,0.0,0.0,0.0,0.0,0.202732,2.7749999499999998
43.771804100000004,0.1367868878125,0.0038458709523809527,177,1,0.0,0.0,0.0,0.0,0.0,0.191779,2.07500005
43.771804100000004,0.1326418306060606,0.0038458709523809527,177,1,0.0,0.0,0.0,0.0,0.0,0.184304,1.5
43.771804100000004,0.12874060029411766,0.0038458709523809527,177,1,0.0,0.0,0.0,0.0,0.0,0.176425,1.025
43.771804100000004,0.12506229742857145,0.0038458709523809527,177,1,0.0,0.0,0.0,0.0,0.0,0.16812401,0.650000005
43.771804100000004,0.10942951025000001,0.0038458709523809527,177,1,0.0,0.0,0.0,0.0,0.0,0.14405,0.0250000005
43.771804100000004,0.19896274590909094,0.0038458709523809527,177,0,0.0,0.0,0.0,0.0,0.0,0.32178399,0.10000000549999999
43.771804100000004,0.19031219173913044,0.0038458709523809527,177,0,0.0,0.0,0.0,0.0,0.0,0.30363399,0.125000005
43.771804100000004,0.17508721640000002,0.0038458709523809527,177,0,0.0,0.0,0.0,0.0,0.0,0.27774701,0.225
43.771804100000004,0.15093725551724138,0.0038458709523809527,177,0,0.0,0.0,0.0,0.0,0.0,0.22270299,0.650000005
43.771804100000004,0.14590601366666667,0.0038458709523809527,177,0,0.0,0.0,0.0,0.0,0.0,0.21333,0.875
43.771804100000004,0.1367868878125,0.0038458709523809527,177,0,0.0,0.0,0.0,0.0,0.0,0.194646,1.525
45.59673127999999,0.13410803317647058,0.002472148214285714,32,1,0.0,0.0,0.0,0.0,0.0,0.162145,0.80000001
45.59673127999999,0.13027637508571427,0.002472148214285714,32,1,0.0,0.0,0.0,0.0,0.0,0.145427,0.275000005
45.59673127999999,0.15198910426666665,0.002472148214285714,32,0,0.0,0.0,0.0,0.0,0.0,0.260777,0.05
45.59673127999999,0.13817191296969694,0.002472148214285714,32,0,0.0,0.0,0.0,0.0,0.0,0.189059,0.32499999999999996
45.59673127999999,0.13410803317647058,0.002472148214285714,32,0,0.0,0.0,0.0,0.0,0.0,0.16092101,0.599999995
45.59673127999999,0.13027637508571427,0.002472148214285714,32,0,0.0,0.0,0.0,0.0,0.0,0.145059,1.15
45.4909384,0.1337968776470588,0.002446807857142857,31,1,0.0,0.0,0.0,0.0,0.0,0.157517,0.724999995
45.4909384,0.12997410971428572,0.002446807857142857,31,1,0.0,0.0,0.0,0.0,0.0,0.140062,0.225
45.4909384,0.14674496258064515,0.002446807857142857,31,0,0.0,0.0,0.0,0.0,0.0,0.22538801,0.0750000005
45.4909384,0.14215918249999998,0.002446807857142857,31,0,0.0,0.0,0.0,0.0,0.0,0.20256799,0.15000000000000002
45.4909384,0.1378513284848485,0.002446807857142857,31,0,0.0,0.0,0.0,0.0,0.0,0.178826,0.29999999499999996
45.4909384,0.1337968776470588,0.002446807857142857,31,0,0.0,0.0,0.0,0.0,0.0,0.155247,0.599999995
45.41159374000001,0.13356351100000002,0.002415807142857143,30,1,0.0,0.0,0.0,0.0,0.0,0.15102699,0.650000005
45.41159374000001,0.1297474106857143,0.002415807142857143,30,1,0.0,0.0,0.0,0.0,0.0,0.13246199,0.17500000500000001
45.41159374000001,0.12614331594444447,0.002415807142857143,30,1,0.0,0.0,0.0,0.0,0.0,0.122328,0.0250000005
45.41159374000001,0.13761089012121214,0.002415807142857143,30,0,0.0,0.0,0.0,0.0,0.0,0.175511,0.29999999499999996
45.41159374000001,0.13356351100000002,0.002415807142857143,30,0,0.0,0.0,0.0,0.0,0.0,0.14836,0.599999995
45.332249080000004,0.1333301443529412,0.00239875,29,1,0.0,0.0,0.0,0.0,0.0,0.14888,0.599999995
45.332249080000004,0.12952071165714288,0.00239875,29,1,0.0,0.0,0.0,0.0,0.0,0.13982999,0.17500000500000001
45.332249080000004,0.12952071165714288,0.00239875,29,0,0.0,0.0,0.0,0.0,0.0,0.13920601,1.25
45.35127286,0.12957506531428573,0.0022608237142857143,32,1,0.0,0.0,0.0,0.0,0.0,0.13705499,0.17500000500000001
45.35127286,0.13742809957575758,0.0022608237142857143,32,0,0.0,0.0,0.0,0.0,0.0,0.17385601,0.32499999999999996
45.35127286,0.13338609664705883,0.0022608237142857143,32,0,0.0,0.0,0.0,0.0,0.0,0.150888,0.650000005
45.35127286,0.12957506531428573,0.0022608237142857143,32,0,0.0,0.0,0.0,0.0,0.0,0.141269,1.275
43.68099911,0.1409064487419355,0.002250873142857143,31,1,0.0,0.0,0.0,0.0,0.0,0.237454,1.9749999999999999
43.68099911,0.13236666396969698,0.002250873142857143,31,1,0.0,0.0,0.0,0.0,0.0,0.18105599,0.55000001
43.68099911,0.12847352679411767,0.002250873142857143,31,1,0.0,0.0,0.0,0.0,0.0,0.169183,0.20000000499999998
43.68099911,0.1248028546,0.002250873142857143,31,1,0.0,0.0,0.0,0.0,0.0,0.176333,0.0750000005
43.68099911,0.1213361086388889,0.002250873142857143,31,1,0.0,0.0,0.0,0.0,0.0,0.181988,0.0250000005
43.68099911,0.11494999765789474,0.002250873142857143,31,1,0.0,0.0,0.0,0.0,0.0,0.26232499,0.0250000005
43.68099911,0.14560333036666667,0.002250873142857143,31,0,0.0,0.0,0.0,0.0,0.0,0.245543,0.125000005
43.68099911,0.1409064487419355,0.002250873142857143,31,0,0.0,0.0,0.0,0.0,0.0,0.19727901,0.17500000500000001
43.68099911,0.13650312221875,0.002250873142857143,31,0,0.0,0.0,0.0,0.0,0.0,0.17708901,0.375
43.68099911,0.13236666396969698,0.002250873142857143,31,0,0.0,0.0,0.0,0.0,0.0,0.159978,0.775000005
43.68099911,0.12847352679411767,0.002250873142857143,31,0,0.0,0.0,0.0,0.0,0.0,0.14910799,1.45
43.68099911,0.1248028546,0.002250873142857143,31,0,0.0,0.0,0.0,0.0,0.0,0.130858,2.32500005
43.49392845,0.13591852640625,0.00222413,30,1,0.0,0.0,0.0,0.0,0.0,0.200262,1.05
43.49392845,0.13179978318181818,0.00222413,30,1,0.0,0.0,0.0,0.0,0.0,0.17979801,0.474999995
43.49392845,0.12792331897058823,0.00222413,30,1,0.0,0.0,0.0,0.0,0.0,0.173623,0.17500000500000001
43.49392845,0.12426836699999999,0.00222413,30,1,0.0,0.0,0.0,0.0,0.0,0.187684,0.0750000005
43.49392845,0.12081646791666666,0.00222413,30,1,0.0,0.0,0.0,0.0,0.0,0.191838,0.0250000005
43.49392845,0.14030299499999999,0.00222413,30,0,0.0,0.0,0.0,0.0,0.0,0.210191,0.225
43.49392845,0.13591852640625,0.00222413,30,0,0.0,0.0,0.0,0.0,0.0,0.18051399,0.42500000000000004
43.49392845,0.13179978318181818,0.00222413,30,0,0.0,0.0,0.0,0.0,0.0,0.160552,0.849999995
43.49392845,0.12792331897058823,0.00222413,30,0,0.0,0.0,0.0,0.0,0.0,0.14466,1.55
43.40039312,0.14000126812903224,0.002211839428571429,29,1,0.0,0.0,0.0,0.0,0.0,0.193654,1.65
43.40039312,0.1356262285,0.002211839428571429,29,1,0.0,0.0,0.0,0.0,0.0,0.17158701,0.875
43.40039312,0.13151634278787877,0.002211839428571429,29,1,0.0,0.0,0.0,0.0,0.0,0.15122899,0.32499999999999996
43.40039312,0.1276482150588235,0.002211839428571429,29,1,0.0,0.0,0.0,0.0,0.0,0.163617,0.125000005
43.40039312,0.1240011232,0.002211839428571429,29,1,0.0,0.0,0.0,0.0,0.0,0.197281,0.0750000005
43.40039312,0.15500140399999998,0.002211839428571429,29,0,0.0,0.0,0.0,0.0,0.0,0.310545,0.05
43.40039312,0.14466797706666665,0.002211839428571429,29,0,0.0,0.0,0.0,0.0,0.0,0.23814499,0.125000005
43.40039312,0.14000126812903224,0.002211839428571429,29,0,0.0,0.0,0.0,0.0,0.0,0.19576199,0.20000000499999998
43.40039312,0.1356262285,0.002211839428571429,29,0,0.0,0.0,0.0,0.0,0.0,0.172326,0.42500000000000004
43.40039312,0.13151634278787877,0.002211839428571429,29,0,0.0,0.0,0.0,0.0,0.0,0.158805,0.900000005
43.18659808,0.13086847903030305,0.002911004761904762,187,1,0.0,0.0,0.0,0.0,0.0,0.17376199,1.0750000000000002
43.18659808,0.12701940611764706,0.002911004761904762,187,1,0.0,0.0,0.0,0.0,0.0,0.16768999,0.69999999
43.18659808,0.13931160670967743,0.002911004761904762,187,0,0.0,0.0,0.0,0.0,0.0,0.186675,1.375
43.18659808,0.13495811900000002,0.002911004761904762,187,0,0.0,0.0,0.0,0.0,0.0,0.17949501,1.8250000000000002
43.38703093,0.13558447165625,0.002179276,32,1,0.0,0.0,0.0,0.0,0.0,0.19091301,0.974999995
43.38703093,0.1314758513030303,0.002179276,32,1,0.0,0.0,0.0,0.0,0.0,0.17167801,0.42500000000000004
43.38703093,0.1276089145,0.002179276,32,1,0.0,0.0,0.0,0.0,0.0,0.1558,0.125000005
43.38703093,0.1399581642903226,0.002179276,32,0,0.0,0.0,0.0,0.0,0.0,0.204614,0.25000000499999997
43.38703093,0.13558447165625,0.002179276,32,0,0.0,0.0,0.0,0.0,0.0,0.177707,0.474999995
43.38703093,0.1314758513030303,0.002179276,32,0,0.0,0.0,0.0,0.0,0.0,0.17184401,0.974999995
43.38703093,0.1314758513030303,0.00279222,186,1,0.0,0.0,0.0,0.0,0.0,0.174632,1.15
43.38703093,0.1276089145,0.00279222,186,1,0.0,0.0,0.0,0.0,0.0,0.170518,0.775000005
43.38703093,0.12396294551428572,0.00279222,186,1,0.0,0.0,0.0,0.0,0.0,0.163717,0.474999995
43.38703093,0.13558447165625,0.00279222,186,0,0.0,0.0,0.0,0.0,0.0,0.181124,1.75
43.76117225,0.13675366328125,0.00214559,31,1,0.0,0.0,0.0,0.0,0.0,0.196721,1.1749999999999998
43.76117225,0.1326096128787879,0.00214559,31,1,0.0,0.0,0.0,0.0,0.0,0.181284,0.575000015
43.76117225,0.12870933014705882,0.00214559,31,1,0.0,0.0,0.0,0.0,0.0,0.173559,0.225
43.76117225,0.14587057416666668,0.00214559,31,0,0.0,0.0,0.0,0.0,0.0,0.248843,0.125000005
43.76117225,0.14116507177419355,0.00214559,31,0,0.0,0.0,0.0,0.0,0.0,0.221205,0.225
43.76117225,0.13675366328125,0.00214559,31,0,0.0,0.0,0.0,0.0,0.0,0.19675601,0.42500000000000004
43.76117225,0.1326096128787879,0.00214559,31,0,0.0,0.0,0.0,0.0,0.0,0.181357,0.825000015
43.76117225,0.12870933014705882,0.002798739523809524,185,1,0.0,0.0,0.0,0.0,0.0,0.16824199,0.849999995
43.76117225,0.1250319207142857,0.002798739523809524,185,1,0.0,0.0,0.0,0.0,0.0,0.161319,0.525000005
43.76117225,0.14587057416666668,0.002798739523809524,185,0,0.0,0.0,0.0,0.0,0.0,0.19807599,0.900000005
44.06850262,0.1377140706875,0.0021269541176470587,30,1,0.0,0.0,0.0,0.0,0.0,0.21154,1.375
44.06850262,0.13354091703030302,0.0021269541176470587,30,1,0.0,0.0,0.0,0.0,0.0,0.180797,0.674999985
44.06850262,0.129613243,0.0021269541176470587,30,1,0.0,0.0,0.0,0.0,0.0,0.172914,0.275000005
44.06850262,0.14215646006451613,0.0021269541176470587,30,0,0.0,0.0,0.0,0.0,0.0,0.220871,0.17500000500000001
44.06850262,0.1377140706875,0.0021269541176470587,30,0,0.0,0.0,0.0,0.0,0.0,0.19160099,0.32499999999999996
44.06850262,0.13354091703030302,0.0021269541176470587,30,0,0.0,0.0,0.0,0.0,0.0,0.176956,0.674999985
44.06850262,0.129613243,0.0021269541176470587,30,0,0.0,0.0,0.0,0.0,0.0,0.16023099,1.25
44.06850262,0.1377140706875,0.002669765714285714,93,1,0.0,0.0,0.0,0.0,0.0,0.173979,1.5750000000000002
44.06850262,0.13354091703030302,0.002669765714285714,93,1,0.0,0.0,0.0,0.0,0.0,0.165804,0.974999995
44.06850262,0.129613243,0.002669765714285714,93,1,0.0,0.0,0.0,0.0,0.0,0.155807,0.525000005
44.06850262,0.12591000748571426,0.002669765714285714,93,1,0.0,0.0,0.0,0.0,0.0,0.15442599,0.275000005
44.06850262,0.11910406113513512,0.002669765714285714,93,1,0.0,0.0,0.0,0.0,0.0,0.14758,0.05
44.06850262,0.14215646006451613,0.002669765714285714,93,0,0.0,0.0,0.0,0.0,0.0,0.182441,0.525000005
44.06850262,0.1377140706875,0.002669765714285714,93,0,0.0,0.0,0.0,0.0,0.0,0.167978,0.80000001
44.06850262,0.13354091703030302,0.002669765714285714,93,0,0.0,0.0,0.0,0.0,0.0,0.157159,1.225
44.06850262,0.129613243,0.002669765714285714,93,0,0.0,0.0,0.0,0.0,0.0,0.14996,1.8250000000000002
44.06850262,0.129613243,0.002836753333333333,184,1,0.0,0.0,0.0,0.0,0.0,0.170223,0.94999999
44.06850262,0.12591000748571426,0.002836753333333333,184,1,0.0,0.0,0.0,0.0,0.0,0.16340999,0.599999995
44.06850262,0.15738750935714285,0.002836753333333333,184,0,0.0,0.0,0.0,0.0,0.0,0.218999,0.45000000500000004
43.46720407,0.13583501271875,0.0021181482352941173,29,1,0.0,0.0,0.0,0.0,0.0,0.200179,1.025
43.46720407,0.1317188002121212,0.0021181482352941173,29,1,0.0,0.0,0.0,0.0,0.0,0.178148,0.45000000500000004
43.46720407,0.1278447178529412,0.0021181482352941173,29,1,0.0,0.0,0.0,0.0,0.0,0.178179,0.17500000500000001
43.46720407,0.14489068023333335,0.0021181482352941173,29,0,0.0,0.0,0.0,0.0,0.0,0.243645,0.125000005
43.46720407,0.14021678732258064,0.0021181482352941173,29,0,0.0,0.0,0.0,0.0,0.0,0.212189,0.225
43.46720407,0.13583501271875,0.0021181482352941173,29,0,0.0,0.0,0.0,0.0,0.0,0.195926,0.474999995
43.46720407,0.1317188002121212,0.0021181482352941173,29,0,0.0,0.0,0.0,0.0,0.0,0.17395701,0.900000005
43.46720407,0.14021678732258064,0.002701623142857143,92,1,0.0,0.0,0.0,0.0,0.0,0.179271,1.95
43.46720407,0.13583501271875,0.002701623142857143,92,1,0.0,0.0,0.0,0.0,0.0,0.17232899,1.275
43.46720407,0.1317188002121212,0.002701623142857143,92,1,0.0,0.0,0.0,0.0,0.0,0.168549,0.775000005
43.46720407,0.1278447178529412,0.002701623142857143,92,1,0.0,0.0,0.0,0.0,0.0,0.154431,0.375
43.46720407,0.1498869105862069,0.002701623142857143,92,0,0.0,0.0,0.0,0.0,0.0,0.20363,0.25000000499999997
43.46720407,0.14489068023333335,0.002701623142857143,92,0,0.0,0.0,0.0,0.0,0.0,0.190749,0.39999998999999997
43.46720407,0.14021678732258064,0.002701623142857143,92,0,0.0,0.0,0.0,0.0,0.0,0.18145999,0.650000005
43.46720407,0.13583501271875,0.002701623142857143,92,0,0.0,0.0,0.0,0.0,0.0,0.169888,0.999999995
43.46720407,0.1317188002121212,0.002701623142857143,92,0,0.0,0.0,0.0,0.0,0.0,0.160036,1.5
43.46720407,0.12419201162857144,0.0028964514285714288,183,1,0.0,0.0,0.0,0.0,0.0,0.162891,0.474999995
43.46720407,0.11747892991891892,0.0028964514285714288,183,1,0.0,0.0,0.0,0.0,0.0,0.159721,0.17500000500000001
43.46720407,0.14021678732258064,0.0028964514285714288,183,0,0.0,0.0,0.0,0.0,0.0,0.18815,1.275
43.53401502,0.1360437969375,0.00270496,89,1,0.0,0.0,0.0,0.0,0.0,0.16449501,1.225
43.53401502,0.13192125763636364,0.00270496,89,1,0.0,0.0,0.0,0.0,0.0,0.157388,0.69999999
43.53401502,0.1280412206470588,0.00270496,89,1,0.0,0.0,0.0,0.0,0.0,0.150949,0.35000001000000003
43.53401502,0.12438290005714285,0.00270496,89,1,0.0,0.0,0.0,0.0,0.0,0.152143,0.17500000500000001
43.53401502,0.2902267668,0.00270496,89,0,0.0,0.0,0.0,0.0,0.0,0.66829997,0.0250000005
43.53401502,0.1501172931724138,0.00270496,89,0,0.0,0.0,0.0,0.0,0.0,0.20099799,0.225
43.53401502,0.1451133834,0.00270496,89,0,0.0,0.0,0.0,0.0,0.0,0.189822,0.375
43.53401502,0.14043230651612904,0.00270496,89,0,0.0,0.0,0.0,0.0,0.0,0.18169899,0.625
43.53401502,0.1360437969375,0.00270496,89,0,0.0,0.0,0.0,0.0,0.0,0.16685601,0.94999999
43.53401502,0.1280412206470588,0.00270496,89,0,0.0,0.0,0.0,0.0,0.0,0.151674,2.125
43.53401502,0.1360437969375,0.002892166666666666,180,1,0.0,0.0,0.0,0.0,0.0,0.17686801,1.625
43.53401502,0.13192125763636364,0.002892166666666666,180,1,0.0,0.0,0.0,0.0,0.0,0.168716,1.1
43.53401502,0.1280412206470588,0.002892166666666666,180,1,0.0,0.0,0.0,0.0,0.0,0.161553,0.69999999
43.53401502,0.12438290005714285,0.002892166666666666,180,1,0.0,0.0,0.0,0.0,0.0,0.156737,0.42500000000000004
43.53401502,0.12092781949999999,0.002892166666666666,180,1,0.0,0.0,0.0,0.0,0.0,0.15427899,0.25000000499999997
43.53401502,0.11456319742105263,0.002892166666666666,180,1,0.0,0.0,0.0,0.0,0.0,0.150354,0.0750000005
43.53401502,0.1451133834,0.002892166666666666,180,0,0.0,0.0,0.0,0.0,0.0,0.19256601,0.900000005
43.53401502,0.14043230651612904,0.002892166666666666,180,0,0.0,0.0,0.0,0.0,0.0,0.186813,1.25
43.1598737,0.126940805,0.0029381061904761906,179,1,0.0,0.0,0.0,0.0,0.0,0.16801099,0.674999985
43.1598737,0.11988853805555555,0.0029381061904761906,179,1,0.0,0.0,0.0,0.0,0.0,0.156158,0.225
42.972803039999995,0.12277943725714284,0.002915629523809524,178,1,0.0,0.0,0.0,0.0,0.0,0.16271301,0.375
42.972803039999995,0.11614271091891891,0.002915629523809524,178,1,0.0,0.0,0.0,0.0,0.0,0.15816499,0.125000005
42.972803039999995,0.1432426768,0.002915629523809524,178,0,0.0,0.0,0.0,0.0,0.0,0.19727799,1.05
43.68099911,0.13236666396969698,0.002983759523809524,177,1,0.0,0.0,0.0,0.0,0.0,0.18116,1.25
43.68099911,0.12847352679411767,0.002983759523809524,177,1,0.0,0.0,0.0,0.0,0.0,0.167229,0.775000005
43.68099911,0.1248028546,0.002983759523809524,177,1,0.0,0.0,0.0,0.0,0.0,0.16134401,0.474999995
43.68099911,0.1213361086388889,0.002983759523809524,177,1,0.0,0.0,0.0,0.0,0.0,0.165583,0.32499999999999996
43.68099911,0.14560333036666667,0.002983759523809524,177,0,0.0,0.0,0.0,0.0,0.0,0.19898701,0.900000005
42.51848858,0.13287027681250002,0.002154897857142857,32,1,0.0,0.0,0.0,0.0,0.0,0.119156,0.225
42.51848858,0.1288439047878788,0.002154897857142857,32,1,0.0,0.0,0.0,0.0,0.0,0.105793,0.0250000005
42.51848858,0.14172829526666667,0.002154897857142857,32,0,0.0,0.0,0.0,0.0,0.0,0.15864199,0.125000005
42.51848858,0.13715641477419355,0.002154897857142857,32,0,0.0,0.0,0.0,0.0,0.0,0.129657,0.29999999499999996
42.51848858,0.13287027681250002,0.002154897857142857,32,0,0.0,0.0,0.0,0.0,0.0,0.118963,0.80000001
42.90599209,0.1384064260967742,0.0021485925,31,1,0.0,0.0,0.0,0.0,0.0,-99.989998,1.05
42.90599209,0.13408122528125,0.0021485925,31,1,0.0,0.0,0.0,0.0,0.0,0.110615,0.32499999999999996
42.90599209,0.13001815784848483,0.0021485925,31,1,0.0,0.0,0.0,0.0,0.0,0.104974,0.05
42.90599209,0.14795169686206897,0.0021485925,31,0,0.0,0.0,0.0,0.0,0.0,0.177651,0.0250000005
42.90599209,0.1384064260967742,0.0021485925,31,0,0.0,0.0,0.0,0.0,0.0,0.142285,0.225
42.90599209,0.13408122528125,0.0021485925,31,0,0.0,0.0,0.0,0.0,0.0,0.133827,0.625
42.90599209,0.13001815784848483,0.0021485925,31,0,0.0,0.0,0.0,0.0,0.0,0.134284,1.35
43.24004684,0.14413348946666665,0.0021454446428571428,29,1,0.0,0.0,0.0,0.0,0.0,-99.989998,2.3000000500000004
43.24004684,0.13948402206451613,0.0021454446428571428,29,1,0.0,0.0,0.0,0.0,0.0,-99.989998,1.2999999999999998
43.24004684,0.135125146375,0.0021454446428571428,29,1,0.0,0.0,0.0,0.0,0.0,0.093433999,0.39999998999999997
43.24004684,0.13103044496969696,0.0021454446428571428,29,1,0.0,0.0,0.0,0.0,0.0,0.107811,0.0750000005
43.24004684,0.13948402206451613,0.0021454446428571428,29,0,0.0,0.0,0.0,0.0,0.0,0.127885,0.125000005
43.24004684,0.135125146375,0.0021454446428571428,29,0,0.0,0.0,0.0,0.0,0.0,0.119969,0.45000000500000004
45.81322383999999,0.14316632449999997,0.002166902,32,1,0.0,0.0,0.0,0.0,0.0,0.190522,2.04999995
45.81322383999999,0.13882795103030302,0.002166902,32,1,0.0,0.0,0.0,0.0,0.0,0.157759,1.1749999999999998
45.81322383999999,0.13474477599999998,0.002166902,32,1,0.0,0.0,0.0,0.0,0.0,0.142922,0.525000005
45.81322383999999,0.13089492525714283,0.002166902,32,1,0.0,0.0,0.0,0.0,0.0,0.138028,0.17500000500000001
45.81322383999999,0.13882795103030302,0.002166902,32,0,0.0,0.0,0.0,0.0,0.0,0.158124,0.275000005
45.664611199999996,0.15221537066666666,0.002163055428571429,31,1,0.0,0.0,0.0,0.0,0.0,0.289076,3.9
45.664611199999996,0.13430767999999998,0.002163055428571429,31,1,0.0,0.0,0.0,0.0,0.0,0.150187,0.5
45.664611199999996,0.13047031771428572,0.002163055428571429,31,1,0.0,0.0,0.0,0.0,0.0,0.14735299,0.17500000500000001
45.664611199999996,0.11416152799999998,0.002163055428571429,31,1,0.0,0.0,0.0,0.0,0.0,0.286461,0.0250000005
45.664611199999996,0.18265844479999999,0.002163055428571429,31,0,0.0,0.0,0.0,0.0,0.0,0.48769099,0.0250000005
45.664611199999996,0.1691281896296296,0.002163055428571429,31,0,0.0,0.0,0.0,0.0,0.0,0.377343,0.0250000005
45.664611199999996,0.15746417655172412,0.002163055428571429,31,0,0.0,0.0,0.0,0.0,0.0,0.33403301,0.0750000005
45.664611199999996,0.14730519741935483,0.002163055428571429,31,0,0.0,0.0,0.0,0.0,0.0,0.213488,0.0750000005
45.664611199999996,0.1383776096969697,0.002163055428571429,31,0,0.0,0.0,0.0,0.0,0.0,0.152686,0.275000005
45.94832624,0.13923735224242426,0.0021603714285714283,30,1,0.0,0.0,0.0,0.0,0.0,0.168199,1.25
45.94832624,0.135142136,0.0021603714285714283,30,1,0.0,0.0,0.0,0.0,0.0,0.15071499,0.575000015
45.94832624,0.1312809321142857,0.0021603714285714283,30,1,0.0,0.0,0.0,0.0,0.0,0.136712,0.17500000500000001
45.94832624,0.15316108746666668,0.0021603714285714283,30,0,0.0,0.0,0.0,0.0,0.0,0.28713599,0.0750000005
45.94832624,0.135142136,0.0021603714285714283,30,0,0.0,0.0,0.0,0.0,0.0,0.14457899,0.575000015
45.94832624,0.1312809321142857,0.0021603714285714283,30,0,0.0,0.0,0.0,0.0,0.0,0.136621,1.2
45.7321624,0.1429130075,0.0021451711428571428,29,1,0.0,0.0,0.0,0.0,0.0,0.185031,1.95
45.7321624,0.1385823103030303,0.0021451711428571428,29,1,0.0,0.0,0.0,0.0,0.0,0.16848101,1.125
45.7321624,0.13450636,0.0021451711428571428,29,1,0.0,0.0,0.0,0.0,0.0,0.147416,0.474999995
45.7321624,0.13066332114285714,0.0021451711428571428,29,1,0.0,0.0,0.0,0.0,0.0,0.15168899,0.17500000500000001
45.7321624,0.12360043891891892,0.0021451711428571428,29,1,0.0,0.0,0.0,0.0,0.0,0.177178,0.0250000005
45.7321624,0.15244054133333335,0.0021451711428571428,29,0,0.0,0.0,0.0,0.0,0.0,0.28348401,0.0750000005
45.7321624,0.14752310451612904,0.0021451711428571428,29,0,0.0,0.0,0.0,0.0,0.0,0.221081,0.0750000005
45.7321624,0.1385823103030303,0.0021451711428571428,29,0,0.0,0.0,0.0,0.0,0.0,0.158434,0.275000005
45.7321624,0.13066332114285714,0.0021451711428571428,29,0,0.0,0.0,0.0,0.0,0.0,0.147369,1.35
47.09669664,0.1345619904,0.002854535714285715,187,1,0.0,0.0,0.0,0.0,0.0,0.15760501,1.25
47.09669664,0.13082415733333333,0.002854535714285715,187,1,0.0,0.0,0.0,0.0,0.0,0.14946701,0.80000001
47.09669664,0.12728836929729728,0.002854535714285715,187,1,0.0,0.0,0.0,0.0,0.0,0.14256901,0.474999995
47.09669664,0.1345619904,0.003091241758241758,369,1,0.0,0.0,0.0,0.0,0.0,0.17107899,1.8250000000000002
47.09669664,0.15698898879999998,0.003091241758241758,369,0,0.0,0.0,0.0,0.0,0.0,0.20119999,1.1749999999999998
47.164247839999994,0.13475499382857142,0.0021012820000000003,32,1,0.0,0.0,0.0,0.0,0.0,0.14752001,0.55000001
47.164247839999994,0.13101179955555553,0.0021012820000000003,32,1,0.0,0.0,0.0,0.0,0.0,0.13585199,0.17500000500000001
47.164247839999994,0.15214273496774192,0.0021012820000000003,32,0,0.0,0.0,0.0,0.0,0.0,0.213131,0.0250000005
47.164247839999994,0.13871837599999998,0.0021012820000000003,32,0,0.0,0.0,0.0,0.0,0.0,0.158657,0.29999999499999996
47.164247839999994,0.13475499382857142,0.0021012820000000003,32,0,0.0,0.0,0.0,0.0,0.0,0.147927,0.674999985
47.164247839999994,0.14292196315151515,0.0028863642857142858,186,1,0.0,0.0,0.0,0.0,0.0,0.161204,2.3999999499999998
47.164247839999994,0.13871837599999998,0.0028863642857142858,186,1,0.0,0.0,0.0,0.0,0.0,0.157759,1.75
47.164247839999994,0.13475499382857142,0.0028863642857142858,186,1,0.0,0.0,0.0,0.0,0.0,0.15440699,1.225
47.164247839999994,0.13101179955555553,0.0028863642857142858,186,1,0.0,0.0,0.0,0.0,0.0,0.146349,0.775000005
47.164247839999994,0.12747094010810808,0.0028863642857142858,186,1,0.0,0.0,0.0,0.0,0.0,0.142323,0.474999995
47.164247839999994,0.15721415946666664,0.0028863642857142858,186,0,0.0,0.0,0.0,0.0,0.0,0.19249099,0.39999998999999997
47.164247839999994,0.15214273496774192,0.0028863642857142858,186,0,0.0,0.0,0.0,0.0,0.0,0.18218,0.55000001
47.164247839999994,0.13871837599999998,0.0028863642857142858,186,0,0.0,0.0,0.0,0.0,0.0,0.159421,1.45
47.164247839999994,0.13101179955555553,0.0028863642857142858,186,0,0.0,0.0,0.0,0.0,0.0,0.14803199,2.54999995
47.164247839999994,0.13475499382857142,0.0030875016483516483,368,1,0.0,0.0,0.0,0.0,0.0,0.170258,1.8
47.164247839999994,0.11791061959999999,0.0030875016483516483,368,1,0.0,0.0,0.0,0.0,0.0,0.154365,0.375
47.164247839999994,0.15721415946666664,0.0030875016483516483,368,0,0.0,0.0,0.0,0.0,0.0,0.198053,1.15
47.24530928,0.138956792,0.00208522,31,1,0.0,0.0,0.0,0.0,0.0,0.16194201,1.25
47.24530928,0.13498659794285714,0.00208522,31,1,0.0,0.0,0.0,0.0,0.0,0.14437699,0.575000015
47.24530928,0.13123697022222222,0.00208522,31,1,0.0,0.0,0.0,0.0,0.0,0.13076399,0.17500000500000001
47.24530928,0.1476415915,0.00208522,31,0,0.0,0.0,0.0,0.0,0.0,0.21593,0.0750000005
47.24530928,0.138956792,0.00208522,31,0,0.0,0.0,0.0,0.0,0.0,0.162001,0.275000005
47.24530928,0.138956792,0.0029161209523809522,185,1,0.0,0.0,0.0,0.0,0.0,0.15849,1.8
47.24530928,0.13498659794285714,0.0029161209523809522,185,1,0.0,0.0,0.0,0.0,0.0,0.150837,1.225
47.24530928,0.13123697022222222,0.0029161209523809522,185,1,0.0,0.0,0.0,0.0,0.0,0.14625201,0.80000001
47.24530928,0.12769002508108107,0.0029161209523809522,185,1,0.0,0.0,0.0,0.0,0.0,0.139983,0.474999995
47.24530928,0.15748436426666668,0.0029161209523809522,185,0,0.0,0.0,0.0,0.0,0.0,0.195298,0.39999998999999997
47.24530928,0.13498659794285714,0.0029161209523809522,185,0,0.0,0.0,0.0,0.0,0.0,0.151467,1.875
47.24530928,0.13123697022222222,0.0029161209523809522,185,0,0.0,0.0,0.0,0.0,0.0,0.14627001,2.475
47.24530928,0.13498659794285714,0.0031159157142857143,367,1,0.0,0.0,0.0,0.0,0.0,0.170449,1.85
47.24530928,0.15748436426666668,0.0031159157142857143,367,0,0.0,0.0,0.0,0.0,0.0,0.196698,1.1
47.650616480000004,0.140148872,0.002065939411764706,30,1,0.0,0.0,0.0,0.0,0.0,0.169146,1.475
47.650616480000004,0.13614461851428572,0.002065939411764706,30,1,0.0,0.0,0.0,0.0,0.0,0.14696901,0.724999995
47.650616480000004,0.13236282355555556,0.002065939411764706,30,1,0.0,0.0,0.0,0.0,0.0,0.12644701,0.225
47.650616480000004,0.14439580751515152,0.002065939411764706,30,0,0.0,0.0,0.0,0.0,0.0,0.201812,0.125000005
47.650616480000004,0.140148872,0.002065939411764706,30,0,0.0,0.0,0.0,0.0,0.0,0.161624,0.20000000499999998
47.650616480000004,0.13614461851428572,0.002065939411764706,30,0,0.0,0.0,0.0,0.0,0.0,0.14095201,0.45000000500000004
47.650616480000004,0.13236282355555556,0.002065939411764706,30,0,0.0,0.0,0.0,0.0,0.0,0.12653901,0.974999995
47.650616480000004,0.14439580751515152,0.002769078928571429,93,1,0.0,0.0,0.0,0.0,0.0,0.15637299,2.45000005
47.650616480000004,0.140148872,0.002769078928571429,93,1,0.0,0.0,0.0,0.0,0.0,0.143364,1.625
47.650616480000004,0.13614461851428572,0.002769078928571429,93,1,0.0,0.0,0.0,0.0,0.0,0.137077,0.974999995
47.650616480000004,0.13236282355555556,0.002769078928571429,93,1,0.0,0.0,0.0,0.0,0.0,0.12563901,0.474999995
47.650616480000004,0.12878544994594596,0.002769078928571429,93,1,0.0,0.0,0.0,0.0,0.0,0.114541,0.17500000500000001
47.650616480000004,0.14890817650000002,0.002769078928571429,93,0,0.0,0.0,0.0,0.0,0.0,0.16831601,0.225
47.650616480000004,0.140148872,0.002769078928571429,93,0,0.0,0.0,0.0,0.0,0.0,0.14283501,0.599999995
47.650616480000004,0.13614461851428572,0.002769078928571429,93,0,0.0,0.0,0.0,0.0,0.0,0.132378,0.974999995
47.650616480000004,0.13614461851428572,0.0030329733333333336,184,1,0.0,0.0,0.0,0.0,0.0,0.148984,1.35
47.650616480000004,0.13236282355555556,0.0030329733333333336,184,1,0.0,0.0,0.0,0.0,0.0,0.14300001,0.875
47.650616480000004,0.12878544994594596,0.0030329733333333336,184,1,0.0,0.0,0.0,0.0,0.0,0.136739,0.525000005
47.650616480000004,0.15883538826666668,0.0030329733333333336,184,0,0.0,0.0,0.0,0.0,0.0,0.189675,0.32499999999999996
47.650616480000004,0.14439580751515152,0.0030329733333333336,184,0,0.0,0.0,0.0,0.0,0.0,0.16063599,0.875
47.650616480000004,0.140148872,0.0030329733333333336,184,0,0.0,0.0,0.0,0.0,0.0,0.154084,1.225
47.650616480000004,0.13614461851428572,0.0030329733333333336,184,0,0.0,0.0,0.0,0.0,0.0,0.147587,1.6749999999999998
47.650616480000004,0.13236282355555556,0.0030329733333333336,184,0,0.0,0.0,0.0,0.0,0.0,0.140109,2.225
47.650616480000004,0.15883538826666668,0.0033079019780219783,366,1,0.0,0.0,0.0,0.0,0.0,0.193464,5.5
47.650616480000004,0.13614461851428572,0.0033079019780219783,366,1,0.0,0.0,0.0,0.0,0.0,0.164791,1.95
47.650616480000004,0.1191265412,0.0033079019780219783,366,1,0.0,0.0,0.0,0.0,0.0,0.14839099,0.39999998999999997
47.650616480000004,0.15883538826666668,0.0033079019780219783,366,0,0.0,0.0,0.0,0.0,0.0,0.198562,1.025
47.623596,0.14431392727272727,0.0020561129411764707,29,1,0.0,0.0,0.0,0.0,0.0,0.17771401,2.3249999499999996
47.623596,0.1400694,0.0020561129411764707,29,1,0.0,0.0,0.0,0.0,0.0,0.146313,1.4
47.623596,0.13606741714285714,0.0020561129411764707,29,1,0.0,0.0,0.0,0.0,0.0,0.130463,0.650000005
47.623596,0.13228776666666667,0.0020561129411764707,29,1,0.0,0.0,0.0,0.0,0.0,0.121217,0.20000000499999998
47.623596,0.17008427142857144,0.0020561129411764707,29,0,0.0,0.0,0.0,0.0,0.0,0.39582199,0.0250000005
47.623596,0.13606741714285714,0.0020561129411764707,29,0,0.0,0.0,0.0,0.0,0.0,0.136981,0.42500000000000004
47.623596,0.1400694,0.002744134285714286,92,1,0.0,0.0,0.0,0.0,0.0,0.13981099,1.5750000000000002
47.623596,0.13606741714285714,0.002744134285714286,92,1,0.0,0.0,0.0,0.0,0.0,0.129804,0.900000005
47.623596,0.13228776666666667,0.002744134285714286,92,1,0.0,0.0,0.0,0.0,0.0,0.116506,0.39999998999999997
47.623596,0.1287124216216216,0.002744134285714286,92,1,0.0,0.0,0.0,0.0,0.0,0.110702,0.15000000000000002
47.623596,0.1488237375,0.002744134285714286,92,0,0.0,0.0,0.0,0.0,0.0,0.154696,0.17500000500000001
47.623596,0.14431392727272727,0.002744134285714286,92,0,0.0,0.0,0.0,0.0,0.0,0.1463,0.32499999999999996
47.623596,0.1400694,0.002744134285714286,92,0,0.0,0.0,0.0,0.0,0.0,0.137716,0.575000015
47.623596,0.1400694,0.002989514761904762,183,1,0.0,0.0,0.0,0.0,0.0,0.146772,1.85
47.623596,0.13606741714285714,0.002989514761904762,183,1,0.0,0.0,0.0,0.0,0.0,0.143444,1.275
47.623596,0.13228776666666667,0.002989514761904762,183,1,0.0,0.0,0.0,0.0,0.0,0.133903,0.775000005
47.623596,0.1287124216216216,0.002989514761904762,183,1,0.0,0.0,0.0,0.0,0.0,0.12911201,0.45000000500000004
47.623596,0.15874532,0.002989514761904762,183,0,0.0,0.0,0.0,0.0,0.0,0.184458,0.29999999499999996
47.623596,0.1488237375,0.002989514761904762,183,0,0.0,0.0,0.0,0.0,0.0,0.161865,0.575000015
47.623596,0.14431392727272727,0.002989514761904762,183,0,0.0,0.0,0.0,0.0,0.0,0.15696,0.849999995
47.623596,0.1400694,0.002989514761904762,183,0,0.0,0.0,0.0,0.0,0.0,0.147771,1.1749999999999998
47.623596,0.13606741714285714,0.002989514761904762,183,0,0.0,0.0,0.0,0.0,0.0,0.141003,1.625
47.623596,0.13228776666666667,0.002989514761904762,183,0,0.0,0.0,0.0,0.0,0.0,0.132607,2.1750000500000004
47.623596,0.1287124216216216,0.002989514761904762,183,0,0.0,0.0,0.0,0.0,0.0,0.131228,2.8999999499999998
47.623596,0.15874532,0.0032579309890109886,365,1,0.0,0.0,0.0,0.0,0.0,0.188186,5.4000001
47.623596,0.13606741714285714,0.0032579309890109886,365,1,0.0,0.0,0.0,0.0,0.0,0.163937,1.85
47.623596,0.15874532,0.0032579309890109886,365,0,0.0,0.0,0.0,0.0,0.0,0.19114199,0.999999995
48.299108,0.14636093333333333,0.002964169523809524,179,1,0.0,0.0,0.0,0.0,0.0,0.14860401,2.95000005
48.299108,0.1420562,0.002964169523809524,179,1,0.0,0.0,0.0,0.0,0.0,0.142998,2.1499999499999998
48.299108,0.13799745142857142,0.002964169523809524,179,1,0.0,0.0,0.0,0.0,0.0,0.13662501,1.475
48.299108,0.13416418888888887,0.002964169523809524,179,1,0.0,0.0,0.0,0.0,0.0,0.12901799,0.924999985
48.299108,0.13053812972972972,0.002964169523809524,179,1,0.0,0.0,0.0,0.0,0.0,0.122219,0.525000005
48.299108,0.12710291578947366,0.002964169523809524,179,1,0.0,0.0,0.0,0.0,0.0,0.121711,0.29999999499999996
48.299108,0.14636093333333333,0.002964169523809524,179,0,0.0,0.0,0.0,0.0,0.0,0.1529,0.650000005
48.299108,0.1420562,0.002964169523809524,179,0,0.0,0.0,0.0,0.0,0.0,0.14413901,0.924999985
48.299108,0.16099702666666665,0.0032229104395604395,361,1,0.0,0.0,0.0,0.0,0.0,0.17870399,5.79999995
48.299108,0.13799745142857142,0.0032229104395604395,361,1,0.0,0.0,0.0,0.0,0.0,0.159445,2.025
48.299108,0.12074776999999999,0.0032229104395604395,361,1,0.0,0.0,0.0,0.0,0.0,0.14127,0.375
48.299108,0.16099702666666665,0.0032229104395604395,361,0,0.0,0.0,0.0,0.0,0.0,0.190419,0.875
48.299108,0.13799745142857142,0.0032229104395604395,361,0,0.0,0.0,0.0,0.0,0.0,0.151674,2.5
47.961352,0.1410628,0.002945431904761905,178,1,0.0,0.0,0.0,0.0,0.0,0.140184,1.95
47.961352,0.13703243428571427,0.002945431904761905,178,1,0.0,0.0,0.0,0.0,0.0,0.132994,1.3
47.961352,0.13322597777777778,0.002945431904761905,178,1,0.0,0.0,0.0,0.0,0.0,0.124367,0.775000005
47.961352,0.12962527567567567,0.002945431904761905,178,1,0.0,0.0,0.0,0.0,0.0,0.118733,0.42500000000000004
47.961352,0.12621408421052632,0.002945431904761905,178,1,0.0,0.0,0.0,0.0,0.0,0.116901,0.225
47.961352,0.149879225,0.002945431904761905,178,0,0.0,0.0,0.0,0.0,0.0,0.15492401,0.45000000500000004
47.961352,0.14533743030303028,0.002945431904761905,178,0,0.0,0.0,0.0,0.0,0.0,0.145142,0.650000005
47.961352,0.1410628,0.002945431904761905,178,0,0.0,0.0,0.0,0.0,0.0,0.137454,0.94999999
47.961352,0.13322597777777778,0.002945431904761905,178,0,0.0,0.0,0.0,0.0,0.0,0.12326,1.9
47.961352,0.11990337999999999,0.0031888608791208794,360,1,0.0,0.0,0.0,0.0,0.0,0.132928,0.29999999499999996
47.961352,0.15987117333333334,0.0031888608791208794,360,0,0.0,0.0,0.0,0.0,0.0,0.187435,0.849999995
47.98837248,0.13710963565714288,0.0029449771428571424,177,1,0.0,0.0,0.0,0.0,0.0,0.132713,1.3
47.98837248,0.13330103466666668,0.0029449771428571424,177,1,0.0,0.0,0.0,0.0,0.0,0.126992,0.80000001
47.98837248,0.12969830400000001,0.0029449771428571424,177,1,0.0,0.0,0.0,0.0,0.0,0.118656,0.42500000000000004
47.98837248,0.14541931054545457,0.0029449771428571424,177,0,0.0,0.0,0.0,0.0,0.0,0.14900599,0.674999985
47.98837248,0.141142272,0.0029449771428571424,177,0,0.0,0.0,0.0,0.0,0.0,0.13833299,0.94999999
49.25833504,0.13682870844444445,0.0025798971428571426,32,1,0.0,0.0,0.0,0.0,0.0,0.19381,0.92500001
49.25833504,0.13313063524324323,0.0025798971428571426,32,1,0.0,0.0,0.0,0.0,0.0,0.18922,0.45000000500000004
49.25833504,0.13682870844444445,0.0025798971428571426,32,0,0.0,0.0,0.0,0.0,0.0,0.18099,0.75
49.50151936,0.13750422044444446,0.0020841328571428574,31,1,0.0,0.0,0.0,0.0,0.0,0.19528,1.05
49.50151936,0.13378789016216217,0.0020841328571428574,31,1,0.0,0.0,0.0,0.0,0.0,0.182899,0.5
49.50151936,0.1302671562105263,0.0020841328571428574,31,1,0.0,0.0,0.0,0.0,0.0,0.176966,0.20000000499999998
49.50151936,0.12692697271794873,0.0020841328571428574,31,1,0.0,0.0,0.0,0.0,0.0,0.162357,0.05
49.50151936,0.14143291245714287,0.0020841328571428574,31,0,0.0,0.0,0.0,0.0,0.0,0.19612899,0.32500000500000004
49.50151936,0.13750422044444446,0.0020841328571428574,31,0,0.0,0.0,0.0,0.0,0.0,0.18128499,0.625
49.50151936,0.13378789016216217,0.0020841328571428574,31,0,0.0,0.0,0.0,0.0,0.0,0.17422201,1.15
50.17703136,0.14336294674285716,0.0020746933333333334,30,1,0.0,0.0,0.0,0.0,0.0,0.257972,2.32500005
50.17703136,0.13938064266666667,0.0020746933333333334,30,1,0.0,0.0,0.0,0.0,0.0,0.22716901,1.475
50.17703136,0.13561359827027028,0.0020746933333333334,30,1,0.0,0.0,0.0,0.0,0.0,0.20596801,0.80000001
50.17703136,0.13204481936842105,0.0020746933333333334,30,1,0.0,0.0,0.0,0.0,0.0,0.189831,0.35000001000000003
50.17703136,0.12865905476923079,0.0020746933333333334,30,1,0.0,0.0,0.0,0.0,0.0,0.18014801,0.125000005
50.17703136,0.147579504,0.0020746933333333334,30,0,0.0,0.0,0.0,0.0,0.0,0.225116,0.1250000005
50.17703136,0.14336294674285716,0.0020746933333333334,30,0,0.0,0.0,0.0,0.0,0.0,0.209391,0.25000000499999997
50.17703136,0.13938064266666667,0.0020746933333333334,30,0,0.0,0.0,0.0,0.0,0.0,0.185794,0.45000000500000004
50.17703136,0.13561359827027028,0.0020746933333333334,30,0,0.0,0.0,0.0,0.0,0.0,0.19016799,0.92500001
49.56907056,0.1416259158857143,0.00206435,29,1,0.0,0.0,0.0,0.0,0.0,0.214807,1.8250000000000002
49.56907056,0.13769186266666666,0.00206435,29,1,0.0,0.0,0.0,0.0,0.0,0.205902,1.0750000000000002
49.56907056,0.13397046097297297,0.00206435,29,1,0.0,0.0,0.0,0.0,0.0,0.18132401,0.474999995
49.56907056,0.1304449225263158,0.00206435,29,1,0.0,0.0,0.0,0.0,0.0,0.182588,0.20000000499999998
49.56907056,0.12710018092307693,0.00206435,29,1,0.0,0.0,0.0,0.0,0.0,0.18414301,0.075000005
49.56907056,0.1416259158857143,0.00206435,29,0,0.0,0.0,0.0,0.0,0.0,0.195841,0.29999999499999996
49.56907056,0.13769186266666666,0.00206435,29,0,0.0,0.0,0.0,0.0,0.0,0.18226001,0.599999995
49.56907056,0.13397046097297297,0.00206435,29,0,0.0,0.0,0.0,0.0,0.0,0.181833,1.15
51.05741964,0.14182616566666667,0.002099053571428571,32,1,0.0,0.0,0.0,0.0,0.0,0.15100101,1.6
51.05741964,0.13799302605405406,0.002099053571428571,32,1,0.0,0.0,0.0,0.0,0.0,0.133744,0.825000015
51.05741964,0.13436163063157894,0.002099053571428571,32,1,0.0,0.0,0.0,0.0,0.0,0.127156,0.32499999999999996
51.05741964,0.13091646061538462,0.002099053571428571,32,1,0.0,0.0,0.0,0.0,0.0,0.116602,0.0750000005
51.05741964,0.15016888129411765,0.002099053571428571,32,0,0.0,0.0,0.0,0.0,0.0,0.177485,0.0250000005
51.05741964,0.14587834182857143,0.002099053571428571,32,0,0.0,0.0,0.0,0.0,0.0,0.152753,0.05
51.05741964,0.14182616566666667,0.002099053571428571,32,0,0.0,0.0,0.0,0.0,0.0,0.151177,0.17500000500000001
51.05741964,0.13799302605405406,0.002099053571428571,32,0,0.0,0.0,0.0,0.0,0.0,0.13388599,0.39999998999999997
51.753285059999996,0.14375912516666667,0.002097899285714286,31,1,0.0,0.0,0.0,0.0,0.0,0.141928,1.975
51.753285059999996,0.1398737434054054,0.002097899285714286,31,1,0.0,0.0,0.0,0.0,0.0,0.125249,1.1
51.753285059999996,0.1361928554210526,0.002097899285714286,31,1,0.0,0.0,0.0,0.0,0.0,0.12068,0.474999995
51.753285059999996,0.14786652874285713,0.002097899285714286,31,0,0.0,0.0,0.0,0.0,0.0,0.15302999,0.0250000005
51.753285059999996,0.14375912516666667,0.002097899285714286,31,0,0.0,0.0,0.0,0.0,0.0,0.15089799,0.10000000549999999
51.753285059999996,0.1398737434054054,0.002097899285714286,31,0,0.0,0.0,0.0,0.0,0.0,0.127811,0.225
51.68506296,0.13968935935135135,0.0020869157142857143,30,1,0.0,0.0,0.0,0.0,0.0,0.12553801,1.05
51.68506296,0.13601332357894738,0.0020869157142857143,30,1,0.0,0.0,0.0,0.0,0.0,0.123404,0.45000000500000004
52.353639539999996,0.1454267765,0.002079661428571429,29,1,0.0,0.0,0.0,0.0,0.0,0.170619,2.3999999499999998
52.353639539999996,0.14149632308108107,0.002079661428571429,29,1,0.0,0.0,0.0,0.0,0.0,0.135966,1.45
52.353639539999996,0.13777273563157894,0.002079661428571429,29,1,0.0,0.0,0.0,0.0,0.0,0.126479,0.69999999
52.353639539999996,0.13424010138461537,0.002079661428571429,29,1,0.0,0.0,0.0,0.0,0.0,0.116254,0.225
52.353639539999996,0.13777273563157894,0.002079661428571429,29,0,0.0,0.0,0.0,0.0,0.0,0.122328,0.39999998999999997
52.435506059999994,0.14981573159999997,0.002883732857142857,187,0,0.0,0.0,0.0,0.0,0.0,0.167899,0.69999999
52.435506059999994,0.13445001553846153,0.002883732857142857,187,0,0.0,0.0,0.0,0.0,0.0,0.141359,2.25
53.2814601,0.14021436868421053,0.0020597914285714284,32,1,0.0,0.0,0.0,0.0,0.0,0.17508601,1.4
53.2814601,0.13661912846153845,0.0020597914285714284,32,1,0.0,0.0,0.0,0.0,0.0,0.16765501,0.775000005
53.2814601,0.13320365025,0.0020597914285714284,32,1,0.0,0.0,0.0,0.0,0.0,0.153405,0.32499999999999996
53.2814601,0.14021436868421053,0.0020597914285714284,32,0,0.0,0.0,0.0,0.0,0.0,0.17028201,0.375
53.2814601,0.13661912846153845,0.0020597914285714284,32,0,0.0,0.0,0.0,0.0,0.0,0.157326,0.724999995
53.2814601,0.1440039462162162,0.0028868747619047617,186,1,0.0,0.0,0.0,0.0,0.0,0.158638,2.625
53.2814601,0.14021436868421053,0.0028868747619047617,186,1,0.0,0.0,0.0,0.0,0.0,0.15271901,1.95
52.3945728,0.1378804547368421,0.002038833142857143,31,1,0.0,0.0,0.0,0.0,0.0,0.18712901,1.05
52.3945728,0.13434505846153846,0.002038833142857143,31,1,0.0,0.0,0.0,0.0,0.0,0.174787,0.525000005
52.3945728,0.14160695351351352,0.002038833142857143,31,0,0.0,0.0,0.0,0.0,0.0,0.19381601,0.32499999999999996
52.3945728,0.1378804547368421,0.002038833142857143,31,0,0.0,0.0,0.0,0.0,0.0,0.177104,0.599999995
52.3945728,0.13434505846153846,0.002038833142857143,31,0,0.0,0.0,0.0,0.0,0.0,0.158721,1.05
52.3945728,0.12779164097560974,0.002038833142857143,31,0,0.0,0.0,0.0,0.0,0.0,0.086731002,2.6000000500000002
52.3945728,0.14554048,0.0028711823809523807,185,1,0.0,0.0,0.0,0.0,0.0,0.16494,2.95000005
52.3945728,0.12779164097560974,0.0028711823809523807,185,1,0.0,0.0,0.0,0.0,0.0,0.143411,0.5
52.3945728,0.14969877942857143,0.0028711823809523807,185,0,0.0,0.0,0.0,0.0,0.0,0.17377999,0.75
52.3945728,0.14554048,0.0028711823809523807,185,0,0.0,0.0,0.0,0.0,0.0,0.162498,0.974999995
52.03981788,0.14455504966666666,0.0020296574285714286,30,1,0.0,0.0,0.0,0.0,0.0,0.22609399,2.375
52.03981788,0.14064815643243245,0.0020296574285714286,30,1,0.0,0.0,0.0,0.0,0.0,0.19664299,1.525
52.03981788,0.13694688915789474,0.0020296574285714286,30,1,0.0,0.0,0.0,0.0,0.0,0.18615,0.875
52.03981788,0.13343543046153847,0.0020296574285714286,30,1,0.0,0.0,0.0,0.0,0.0,0.17194,0.39999998999999997
52.03981788,0.13694688915789474,0.0020296574285714286,30,0,0.0,0.0,0.0,0.0,0.0,0.18632901,0.75
52.03981788,0.14064815643243245,0.0026252982857142854,93,1,0.0,0.0,0.0,0.0,0.0,0.160887,1.75
52.03981788,0.13694688915789474,0.0026252982857142854,93,1,0.0,0.0,0.0,0.0,0.0,0.15310501,1.125
52.03981788,0.13343543046153847,0.0026252982857142854,93,1,0.0,0.0,0.0,0.0,0.0,0.14544301,0.650000005
52.03981788,0.1300995447,0.0026252982857142854,93,1,0.0,0.0,0.0,0.0,0.0,0.14195099,0.35000001000000003
52.03981788,0.14455504966666666,0.0026252982857142854,93,0,0.0,0.0,0.0,0.0,0.0,0.167992,0.55000001
52.03981788,0.13343543046153847,0.002804100476190476,184,1,0.0,0.0,0.0,0.0,0.0,0.146378,0.999999995
52.03981788,0.15305828788235296,0.002804100476190476,184,0,0.0,0.0,0.0,0.0,0.0,0.181375,0.599999995
52.8039054,0.13895764578947367,0.002018103714285714,29,1,0.0,0.0,0.0,0.0,0.0,0.192717,1.2
52.8039054,0.13539462923076923,0.002018103714285714,29,1,0.0,0.0,0.0,0.0,0.0,0.16834,0.575000015
52.8039054,0.14271325783783784,0.002018103714285714,29,0,0.0,0.0,0.0,0.0,0.0,0.19411799,0.25000000499999997
52.8039054,0.13895764578947367,0.002018103714285714,29,0,0.0,0.0,0.0,0.0,0.0,0.175364,0.474999995
52.8039054,0.13539462923076923,0.002018103714285714,29,0,0.0,0.0,0.0,0.0,0.0,0.162861,0.900000005
52.8039054,0.14271325783783784,0.0026285817142857144,92,1,0.0,0.0,0.0,0.0,0.0,0.15555499,2.1000000500000002
52.8039054,0.13895764578947367,0.0026285817142857144,92,1,0.0,0.0,0.0,0.0,0.0,0.148434,1.4
52.8039054,0.13539462923076923,0.0026285817142857144,92,1,0.0,0.0,0.0,0.0,0.0,0.14223,0.849999995
52.8039054,0.1320097635,0.0026285817142857144,92,1,0.0,0.0,0.0,0.0,0.0,0.13901301,0.474999995
52.8039054,0.12879001317073172,0.0028690242857142855,183,1,0.0,0.0,0.0,0.0,0.0,0.137437,0.5
52.8039054,0.176013018,0.0028690242857142855,183,0,0.0,0.0,0.0,0.0,0.0,0.219892,0.15000000000000002
52.8039054,0.15530560411764704,0.0028690242857142855,183,0,0.0,0.0,0.0,0.0,0.0,0.18126,0.5
52.8039054,0.15086830114285713,0.0028690242857142855,183,0,0.0,0.0,0.0,0.0,0.0,0.169359,0.650000005
52.8039054,0.13895764578947367,0.0028690242857142855,183,0,0.0,0.0,0.0,0.0,0.0,0.147064,1.6
52.57195026,0.14208635205405407,0.002603424285714286,89,1,0.0,0.0,0.0,0.0,0.0,0.15570401,1.95
52.57195026,0.13834723752631578,0.002603424285714286,89,1,0.0,0.0,0.0,0.0,0.0,0.153146,1.3
52.57195026,0.13479987246153846,0.002603424285714286,89,1,0.0,0.0,0.0,0.0,0.0,0.146319,0.775000005
52.57195026,0.13142987565,0.002603424285714286,89,1,0.0,0.0,0.0,0.0,0.0,0.14236499,0.42500000000000004
52.57195026,0.12822426892682928,0.002603424285714286,89,1,0.0,0.0,0.0,0.0,0.0,0.13674299,0.20000000499999998
52.57195026,0.15020557217142858,0.002603424285714286,89,0,0.0,0.0,0.0,0.0,0.0,0.188465,0.32499999999999996
52.57195026,0.14603319516666666,0.002603424285714286,89,0,0.0,0.0,0.0,0.0,0.0,0.174225,0.474999995
52.57195026,0.13834723752631578,0.002603424285714286,89,0,0.0,0.0,0.0,0.0,0.0,0.15327901,1.0750000000000002
52.57195026,0.12517131014285715,0.0028171166666666665,180,1,0.0,0.0,0.0,0.0,0.0,0.13578001,0.275000005
52.57195026,0.15020557217142858,0.0028171166666666665,180,0,0.0,0.0,0.0,0.0,0.0,0.17280599,0.69999999
52.57195026,0.14603319516666666,0.0028171166666666665,180,0,0.0,0.0,0.0,0.0,0.0,0.162411,0.924999985
52.8039054,0.13539462923076923,0.0028212938095238094,179,1,0.0,0.0,0.0,0.0,0.0,0.150692,1.25
52.8039054,0.1320097635,0.0028212938095238094,179,1,0.0,0.0,0.0,0.0,0.0,0.14473499,0.825000015
52.8039054,0.12879001317073172,0.0028212938095238094,179,1,0.0,0.0,0.0,0.0,0.0,0.14378899,0.55000001
52.8039054,0.14667751499999998,0.0028212938095238094,179,0,0.0,0.0,0.0,0.0,0.0,0.166217,0.900000005
52.8039054,0.14271325783783784,0.0028212938095238094,179,0,0.0,0.0,0.0,0.0,0.0,0.162571,1.25
52.8039054,0.13895764578947367,0.0028212938095238094,179,0,0.0,0.0,0.0,0.0,0.0,0.155333,1.65
53.963681099999995,0.13836841307692307,0.0028044785714285716,178,1,0.0,0.0,0.0,0.0,0.0,0.142296,1.575
53.963681099999995,0.13161873439024388,0.0028044785714285716,178,1,0.0,0.0,0.0,0.0,0.0,0.13447499,0.69999999
53.963681099999995,0.12848495499999998,0.0028044785714285716,178,1,0.0,0.0,0.0,0.0,0.0,0.13077199,0.42500000000000004
53.963681099999995,0.12549693279069765,0.0028044785714285716,178,1,0.0,0.0,0.0,0.0,0.0,0.12883601,0.25000000499999997
53.963681099999995,0.154181946,0.0028044785714285716,178,0,0.0,0.0,0.0,0.0,0.0,0.17208201,0.474999995
53.963681099999995,0.14584778675675675,0.0028044785714285716,178,0,0.0,0.0,0.0,0.0,0.0,0.15422501,0.875
53.963681099999995,0.14200968710526315,0.0028044785714285716,178,0,0.0,0.0,0.0,0.0,0.0,0.147631,1.2
53.963681099999995,0.13490920274999998,0.0028044785714285716,178,0,0.0,0.0,0.0,0.0,0.0,0.13584299,2.1499999499999998
54.604968840000005,0.14369728642105264,0.002817966666666667,177,1,0.0,0.0,0.0,0.0,0.0,0.15607101,2.625
54.604968840000005,0.14001274061538463,0.002817966666666667,177,1,0.0,0.0,0.0,0.0,0.0,0.15501501,2.0
54.604968840000005,0.1365124221,0.002817966666666667,177,1,0.0,0.0,0.0,0.0,0.0,0.151186,1.45
54.604968840000005,0.1331828508292683,0.002817966666666667,177,1,0.0,0.0,0.0,0.0,0.0,0.146689,0.999999995
54.604968840000005,0.1300118305714286,0.002817966666666667,177,1,0.0,0.0,0.0,0.0,0.0,0.14193501,0.650000005
54.604968840000005,0.12698829962790698,0.002817966666666667,177,1,0.0,0.0,0.0,0.0,0.0,0.144269,0.45000000500000004
54.604968840000005,0.1560141966857143,0.002817966666666667,177,0,0.0,0.0,0.0,0.0,0.0,0.181705,0.45000000500000004
54.604968840000005,0.151680469,0.002817966666666667,177,0,0.0,0.0,0.0,0.0,0.0,0.172103,0.599999995
54.604968840000005,0.14369728642105264,0.002817966666666667,177,0,0.0,0.0,0.0,0.0,0.0,0.16206101,1.15
54.604968840000005,0.14001274061538463,0.002817966666666667,177,0,0.0,0.0,0.0,0.0,0.0,0.155476,1.525
54.604968840000005,0.1365124221,0.002817966666666667,177,0,0.0,0.0,0.0,0.0,0.0,0.14984401,2.0
58.3298955,0.14582473875,0.0020074396428571427,32,1,0.0,0.0,0.0,0.0,0.0,-99.989998,2.75
58.3298955,0.14226803780487804,0.0020074396428571427,32,1,0.0,0.0,0.0,0.0,0.0,0.143959,1.8250000000000002
58.3298955,0.13565091976744187,0.0020074396428571427,32,1,0.0,0.0,0.0,0.0,0.0,0.12804601,0.42500000000000004
58.3298955,0.14582473875,0.0020074396428571427,32,0,0.0,0.0,0.0,0.0,0.0,0.16857,0.125000005
58.3298955,0.14226803780487804,0.0020074396428571427,32,0,0.0,0.0,0.0,0.0,0.0,0.14491899,0.225
58.3298955,0.13888070357142857,0.0020074396428571427,32,0,0.0,0.0,0.0,0.0,0.0,0.135444,0.5
58.3298955,0.12962199,0.0020074396428571427,32,0,0.0,0.0,0.0,0.0,0.0,0.124246,2.6499999499999998
57.74318544,0.14083703765853658,0.0019852192857142854,31,1,0.0,0.0,0.0,0.0,0.0,0.134672,1.4
57.74318544,0.13748377485714286,0.0019852192857142854,31,1,0.0,0.0,0.0,0.0,0.0,0.12527101,0.650000005
57.74318544,0.13428647776744185,0.0019852192857142854,31,1,0.0,0.0,0.0,0.0,0.0,0.1287,0.25000000499999997
57.74318544,0.1443579636,0.0019852192857142854,31,0,0.0,0.0,0.0,0.0,0.0,0.155793,0.15000000000000002
57.74318544,0.14083703765853658,0.0019852192857142854,31,0,0.0,0.0,0.0,0.0,0.0,0.146856,0.35000001000000003
57.74318544,0.13748377485714286,0.0019852192857142854,31,0,0.0,0.0,0.0,0.0,0.0,0.131892,0.69999999
57.715896599999994,0.14428974149999998,0.0019567292857142855,30,1,0.0,0.0,0.0,0.0,0.0,0.116032,2.3000000500000004
57.715896599999994,0.1374188014285714,0.0019567292857142855,30,1,0.0,0.0,0.0,0.0,0.0,0.122314,0.625
57.715896599999994,0.1407704795121951,0.0019567292857142855,30,0,0.0,0.0,0.0,0.0,0.0,0.138175,0.29999999499999996
57.715896599999994,0.1374188014285714,0.0019567292857142855,30,0,0.0,0.0,0.0,0.0,0.0,0.13038699,0.674999985
57.715896599999994,0.13422301534883718,0.0019567292857142855,30,0,0.0,0.0,0.0,0.0,0.0,0.123352,1.3
57.82505196,0.14456262990000002,0.0019431492857142857,29,0,0.0,0.0,0.0,0.0,0.0,0.154256,0.125000005
57.82505196,0.13767869514285716,0.0019431492857142857,29,0,0.0,0.0,0.0,0.0,0.0,0.131106,0.650000005
56.233905750000005,0.140584764375,0.0019690385714285713,32,1,0.0,0.0,0.0,0.0,0.0,0.170204,1.3
56.233905750000005,0.13715586768292684,0.0019690385714285713,32,1,0.0,0.0,0.0,0.0,0.0,0.155802,0.674999985
56.233905750000005,0.1479839625,0.0019690385714285713,32,0,0.0,0.0,0.0,0.0,0.0,0.220378,0.17500000500000001
56.233905750000005,0.140584764375,0.0019690385714285713,32,0,0.0,0.0,0.0,0.0,0.0,0.173288,0.474999995
55.297821150000004,0.15799377471428572,0.0019578537142857146,31,1,0.0,0.0,0.0,0.0,0.0,0.360448,5.35000015
55.297821150000004,0.13487273451219514,0.0019578537142857146,31,1,0.0,0.0,0.0,0.0,0.0,0.162654,0.42500000000000004
55.297821150000004,0.15799377471428572,0.0019578537142857146,31,0,0.0,0.0,0.0,0.0,0.0,0.27280501,0.05
55.297821150000004,0.138244552875,0.0019578537142857146,31,0,0.0,0.0,0.0,0.0,0.0,0.16306099,0.674999985
55.297821150000004,0.13487273451219514,0.0019578537142857146,31,0,0.0,0.0,0.0,0.0,0.0,0.14533,1.175
54.4305663,0.15551590371428572,0.001958952285714286,30,1,0.0,0.0,0.0,0.0,0.0,0.32514301,4.70000005
54.4305663,0.14323833236842107,0.001958952285714286,30,1,0.0,0.0,0.0,0.0,0.0,0.21666899,1.925
54.4305663,0.1395655546153846,0.001958952285714286,30,1,0.0,0.0,0.0,0.0,0.0,0.200564,1.2
54.4305663,0.13607641575,0.001958952285714286,30,1,0.0,0.0,0.0,0.0,0.0,0.17735399,0.599999995
54.4305663,0.1327574787804878,0.001958952285714286,30,1,0.0,0.0,0.0,0.0,0.0,0.17383599,0.275000005
54.4305663,0.12959658642857144,0.001958952285714286,30,1,0.0,0.0,0.0,0.0,0.0,0.179454,0.125000005
54.4305663,0.1265827123255814,0.001958952285714286,30,1,0.0,0.0,0.0,0.0,0.0,0.19952101,0.0750000005
54.4305663,0.1237058325,0.001958952285714286,30,1,0.0,0.0,0.0,0.0,0.0,0.194785,0.0250000005
54.4305663,0.19439487964285715,0.001958952285714286,30,0,0.0,0.0,0.0,0.0,0.0,0.54608101,0.0250000005
54.4305663,0.14323833236842107,0.001958952285714286,30,0,0.0,0.0,0.0,0.0,0.0,0.215569,0.375
54.4305663,0.1395655546153846,0.001958952285714286,30,0,0.0,0.0,0.0,0.0,0.0,0.18818,0.599999995
54.4305663,0.13607641575,0.001958952285714286,30,0,0.0,0.0,0.0,0.0,0.0,0.17646401,1.05
54.4305663,0.1327574787804878,0.001958952285714286,30,0,0.0,0.0,0.0,0.0,0.0,0.16547,1.7
54.8710767,0.15677450485714287,0.001949592,29,1,0.0,0.0,0.0,0.0,0.0,0.30008799,4.95000005
54.8710767,0.14439757026315791,0.001949592,29,1,0.0,0.0,0.0,0.0,0.0,0.20586599,2.125
54.8710767,0.14069506846153848,0.001949592,29,1,0.0,0.0,0.0,0.0,0.0,0.178848,1.3
54.8710767,0.13717769175,0.001949592,29,1,0.0,0.0,0.0,0.0,0.0,0.16482399,0.674999985
54.8710767,0.1338318943902439,0.001949592,29,1,0.0,0.0,0.0,0.0,0.0,0.154167,0.275000005
54.8710767,0.22862948625,0.001949592,29,0,0.0,0.0,0.0,0.0,0.0,0.78340399,0.0250000005
54.8710767,0.15677450485714287,0.001949592,29,0,0.0,0.0,0.0,0.0,0.0,0.31157699,0.10000000549999999
54.8710767,0.14439757026315791,0.001949592,29,0,0.0,0.0,0.0,0.0,0.0,0.210914,0.275000005
54.8710767,0.14069506846153848,0.001949592,29,0,0.0,0.0,0.0,0.0,0.0,0.182787,0.45000000500000004
54.8710767,0.13717769175,0.001949592,29,0,0.0,0.0,0.0,0.0,0.0,0.162791,0.80000001
54.8710767,0.1338318943902439,0.001949592,29,0,0.0,0.0,0.0,0.0,0.0,0.151627,1.4
57.91335165,0.13468221313953488,0.002954775238095238,187,1,0.0,0.0,0.0,0.0,0.0,0.15832099,1.275
57.91335165,0.16087042125,0.002954775238095238,187,0,0.0,0.0,0.0,0.0,0.0,0.206476,0.525000005
57.91335165,0.15652257202702705,0.002954775238095238,187,0,0.0,0.0,0.0,0.0,0.0,0.195097,0.650000005
57.91335165,0.14849577346153847,0.002954775238095238,187,0,0.0,0.0,0.0,0.0,0.0,0.181806,1.1
57.6242667,0.1405469919512195,0.0019448579999999998,32,1,0.0,0.0,0.0,0.0,0.0,0.18394101,1.375
57.6242667,0.137200635,0.0019448579999999998,32,1,0.0,0.0,0.0,0.0,0.0,0.17332099,0.775000005
57.6242667,0.13400992255813954,0.0019448579999999998,32,1,0.0,0.0,0.0,0.0,0.0,0.166365,0.375
57.6242667,0.1309642425,0.0019448579999999998,32,1,0.0,0.0,0.0,0.0,0.0,0.160662,0.15000000000000002
57.6242667,0.1600674075,0.0019448579999999998,32,0,0.0,0.0,0.0,0.0,0.0,0.253764,0.0250000005
57.6242667,0.14406066675,0.0019448579999999998,32,0,0.0,0.0,0.0,0.0,0.0,0.18859901,0.275000005
57.6242667,0.1405469919512195,0.0019448579999999998,32,0,0.0,0.0,0.0,0.0,0.0,0.184673,0.55000001
57.6242667,0.15164280710526315,0.002921360476190476,186,0,0.0,0.0,0.0,0.0,0.0,0.181189,0.849999995
57.651798600000006,0.13726618714285715,0.00194273,31,1,0.0,0.0,0.0,0.0,0.0,0.181704,0.825000015
57.651798600000006,0.13407395023255816,0.00194273,31,1,0.0,0.0,0.0,0.0,0.0,0.177314,0.42500000000000004
57.651798600000006,0.1441294965,0.00194273,31,0,0.0,0.0,0.0,0.0,0.0,0.20883501,0.32499999999999996
57.651798600000006,0.14061414292682928,0.00194273,31,0,0.0,0.0,0.0,0.0,0.0,0.191487,0.55000001
57.651798600000006,0.2506599939130435,0.002884471904761905,185,0,0.0,0.0,0.0,0.0,0.0,0.38417599,0.05
57.651798600000006,0.1441294965,0.002884471904761905,185,0,0.0,0.0,0.0,0.0,0.0,0.171538,1.45
58.2575004,0.1420914643902439,0.0019299205882352941,30,1,0.0,0.0,0.0,0.0,0.0,0.19791999,1.75
58.2575004,0.13870833428571427,0.0019299205882352941,30,1,0.0,0.0,0.0,0.0,0.0,0.18203799,1.05
58.2575004,0.13548255906976744,0.0019299205882352941,30,1,0.0,0.0,0.0,0.0,0.0,0.16774701,0.525000005
58.2575004,0.13240341,0.0019299205882352941,30,1,0.0,0.0,0.0,0.0,0.0,0.161645,0.225
58.2575004,0.13870833428571427,0.0019299205882352941,30,0,0.0,0.0,0.0,0.0,0.0,0.176879,0.69999999
58.2575004,0.1420914643902439,0.0025515474285714283,93,1,0.0,0.0,0.0,0.0,0.0,0.16630299,2.0249999499999998
58.2575004,0.13870833428571427,0.0025515474285714283,93,1,0.0,0.0,0.0,0.0,0.0,0.15411299,1.35
58.2575004,0.13240341,0.0025515474285714283,93,1,0.0,0.0,0.0,0.0,0.0,0.147451,0.525000005
58.2575004,0.13548255906976744,0.0025515474285714283,93,0,0.0,0.0,0.0,0.0,0.0,0.146083,1.825
58.2575004,0.1713455894117647,0.002886952380952381,184,0,0.0,0.0,0.0,0.0,0.0,0.226979,0.29999999499999996
58.2575004,0.15330921157894736,0.002886952380952381,184,0,0.0,0.0,0.0,0.0,0.0,0.18243399,0.724999995
58.353862050000004,0.14232649280487805,0.001912161176470588,29,1,0.0,0.0,0.0,0.0,0.0,0.191009,1.725
58.353862050000004,0.1389377667857143,0.001912161176470588,29,1,0.0,0.0,0.0,0.0,0.0,0.172227,0.999999995
58.353862050000004,0.13570665593023257,0.001912161176470588,29,1,0.0,0.0,0.0,0.0,0.0,0.163802,0.5
58.353862050000004,0.13262241375,0.001912161176470588,29,1,0.0,0.0,0.0,0.0,0.0,0.148445,0.17500000500000001
58.353862050000004,0.1389377667857143,0.001912161176470588,29,0,0.0,0.0,0.0,0.0,0.0,0.17022599,0.650000005
58.353862050000004,0.13570665593023257,0.001912161176470588,29,0,0.0,0.0,0.0,0.0,0.0,0.155673,1.125
58.353862050000004,0.1389377667857143,0.0025344157142857143,92,1,0.0,0.0,0.0,0.0,0.0,0.15371101,1.35
58.353862050000004,0.13570665593023257,0.0025344157142857143,92,1,0.0,0.0,0.0,0.0,0.0,0.148407,0.849999995
58.353862050000004,0.13262241375,0.0025344157142857143,92,1,0.0,0.0,0.0,0.0,0.0,0.144467,0.5
58.353862050000004,0.145884655125,0.002863339047619048,183,1,0.0,0.0,0.0,0.0,0.0,0.172877,3.1
58.353862050000004,0.14232649280487805,0.002863339047619048,183,1,0.0,0.0,0.0,0.0,0.0,0.165666,2.3999999499999998
58.353862050000004,0.16672532014285715,0.002863339047619048,183,0,0.0,0.0,0.0,0.0,0.0,0.21127801,0.35000001000000003
58.3125642,0.14578141049999999,0.002538940571428571,89,1,0.0,0.0,0.0,0.0,0.0,0.169962,2.7250000500000002
58.3125642,0.13561061441860464,0.002538940571428571,89,1,0.0,0.0,0.0,0.0,0.0,0.14503799,0.80000001
58.3125642,0.132528555,0.002538940571428571,89,1,0.0,0.0,0.0,0.0,0.0,0.140007,0.45000000500000004
58.3125642,0.129583476,0.002538940571428571,89,1,0.0,0.0,0.0,0.0,0.0,0.13965701,0.25000000499999997
58.3125642,0.16660732628571429,0.002538940571428571,89,0,0.0,0.0,0.0,0.0,0.0,0.24098,0.125000005
58.3125642,0.14578141049999999,0.002538940571428571,89,0,0.0,0.0,0.0,0.0,0.0,0.16591901,0.575000015
58.3125642,0.14222576634146342,0.002538940571428571,89,0,0.0,0.0,0.0,0.0,0.0,0.156859,0.849999995
58.3125642,0.13883943857142855,0.002538940571428571,89,0,0.0,0.0,0.0,0.0,0.0,0.15007301,1.25
58.3125642,0.14578141049999999,0.0028790109523809527,180,1,0.0,0.0,0.0,0.0,0.0,0.169911,3.0500000500000004
58.3125642,0.194375214,0.0028790109523809527,180,0,0.0,0.0,0.0,0.0,0.0,0.27472699,0.125000005
58.40892585,0.29204462925,0.00289885,179,1,0.0,0.0,0.0,0.0,0.0,-99.989998,22.3999995
58.40892585,0.14246079475609758,0.00289885,179,1,0.0,0.0,0.0,0.0,0.0,0.160383,2.3500000500000002
58.40892585,0.129797613,0.00289885,179,1,0.0,0.0,0.0,0.0,0.0,0.14287999,0.575000015
58.40892585,0.146022314625,0.00289885,179,0,0.0,0.0,0.0,0.0,0.0,0.163461,1.15
58.40892585,0.14246079475609758,0.00289885,179,0,0.0,0.0,0.0,0.0,0.0,0.15910199,1.525
58.243734450000005,0.12943052100000002,0.0029203009523809526,178,1,0.0,0.0,0.0,0.0,0.0,0.1425,0.55000001
58.243734450000005,0.14934290884615387,0.0029203009523809526,178,0,0.0,0.0,0.0,0.0,0.0,0.176728,0.94999999
58.298798250000004,0.1943293275,0.0028955185714285713,177,1,0.0,0.0,0.0,0.0,0.0,-99.989998,12.25
58.298798250000004,0.129552885,0.0028955185714285713,177,1,0.0,0.0,0.0,0.0,0.0,0.14229,0.55000001
58.298798250000004,0.1494840980769231,0.0028955185714285713,177,0,0.0,0.0,0.0,0.0,0.0,0.17267901,0.900000005
58.298798250000004,0.14219219085365856,0.0028955185714285713,177,0,0.0,0.0,0.0,0.0,0.0,0.160456,1.55
57.982181399999995,0.14141995463414633,0.0018858182142857142,32,1,0.0,0.0,0.0,0.0,0.0,0.143369,1.3
57.982181399999995,0.13484228232558138,0.0018858182142857142,32,1,0.0,0.0,0.0,0.0,0.0,0.136351,0.25000000499999997
57.982181399999995,0.13177768499999998,0.0018858182142857142,32,1,0.0,0.0,0.0,0.0,0.0,0.133112,0.0750000005
57.982181399999995,0.14141995463414633,0.0018858182142857142,32,0,0.0,0.0,0.0,0.0,0.0,0.14116199,0.375
57.982181399999995,0.13805281285714285,0.0018858182142857142,32,0,0.0,0.0,0.0,0.0,0.0,0.136254,0.80000001
57.982181399999995,0.13484228232558138,0.0018858182142857142,32,0,0.0,0.0,0.0,0.0,0.0,0.116355,1.4
57.2388201,0.13960687829268292,0.00188336,31,1,0.0,0.0,0.0,0.0,0.0,0.143775,0.900000005
57.2388201,0.13628290499999998,0.00188336,31,1,0.0,0.0,0.0,0.0,0.0,0.142795,0.39999998999999997
57.2388201,0.14676620538461538,0.00188336,31,0,0.0,0.0,0.0,0.0,0.0,0.18643799,0.17500000500000001
57.2388201,0.14309705025,0.00188336,31,0,0.0,0.0,0.0,0.0,0.0,0.160804,0.29999999499999996
57.2388201,0.13628290499999998,0.00188336,31,0,0.0,0.0,0.0,0.0,0.0,0.142823,1.15
57.982181399999995,0.14141995463414633,0.0018748457142857141,29,1,0.0,0.0,0.0,0.0,0.0,0.146458,1.275
57.982181399999995,0.13805281285714285,0.0018748457142857141,29,1,0.0,0.0,0.0,0.0,0.0,0.134262,0.575000015
57.982181399999995,0.13484228232558138,0.0018748457142857141,29,1,0.0,0.0,0.0,0.0,0.0,0.13085499,0.20000000499999998
57.21884135999999,0.1430471034,0.0018578031428571429,32,1,0.0,0.0,0.0,0.0,0.0,0.145832,1.425
57.21884135999999,0.13955814965853658,0.0018578031428571429,32,1,0.0,0.0,0.0,0.0,0.0,0.143269,0.775000005
57.21884135999999,0.13623533657142856,0.0018578031428571429,32,1,0.0,0.0,0.0,0.0,0.0,0.135331,0.32499999999999996
57.21884135999999,0.13306707293023254,0.0018578031428571429,32,1,0.0,0.0,0.0,0.0,0.0,0.138446,0.125000005
57.21884135999999,0.15057589831578946,0.0018578031428571429,32,0,0.0,0.0,0.0,0.0,0.0,0.214018,0.125000005
57.21884135999999,0.1430471034,0.0018578031428571429,32,0,0.0,0.0,0.0,0.0,0.0,0.15367,0.29999999499999996
57.21884135999999,0.13955814965853658,0.0018578031428571429,32,0,0.0,0.0,0.0,0.0,0.0,0.14371,0.625
58.64965968,0.1466241492,0.0018477988571428572,31,1,0.0,0.0,0.0,0.0,0.0,0.158751,2.3000000500000004
58.64965968,0.14304795043902438,0.0018477988571428572,31,1,0.0,0.0,0.0,0.0,0.0,0.154263,1.475
58.64965968,0.13964204685714285,0.0018477988571428572,31,1,0.0,0.0,0.0,0.0,0.0,0.14044499,0.775000005
58.64965968,0.13329468109090908,0.0018477988571428572,31,1,0.0,0.0,0.0,0.0,0.0,0.12752099,0.10000000549999999
58.64965968,0.15851259372972973,0.0018477988571428572,31,0,0.0,0.0,0.0,0.0,0.0,0.22884899,0.0250000005
58.64965968,0.13964204685714285,0.0018477988571428572,31,0,0.0,0.0,0.0,0.0,0.0,0.13335501,0.575000015
58.71911688,0.15056183815384616,0.0018364682857142855,30,1,0.0,0.0,0.0,0.0,0.0,0.194281,3.35
58.71911688,0.1467977922,0.0018364682857142855,30,1,0.0,0.0,0.0,0.0,0.0,0.168465,2.4
58.71911688,0.14321735824390244,0.0018364682857142855,30,1,0.0,0.0,0.0,0.0,0.0,0.142838,1.5
58.71911688,0.13980742114285716,0.0018364682857142855,30,1,0.0,0.0,0.0,0.0,0.0,0.13546801,0.80000001
58.71911688,0.13655608576744185,0.0018364682857142855,30,1,0.0,0.0,0.0,0.0,0.0,0.127362,0.32499999999999996
58.71911688,0.16310865800000002,0.0018364682857142855,30,0,0.0,0.0,0.0,0.0,0.0,0.27757299,0.0250000005
58.71911688,0.1467977922,0.0018364682857142855,30,0,0.0,0.0,0.0,0.0,0.0,0.158029,0.10000000549999999
58.71911688,0.14321735824390244,0.0018364682857142855,30,0,0.0,0.0,0.0,0.0,0.0,0.143047,0.225
58.71911688,0.13980742114285716,0.0018364682857142855,30,0,0.0,0.0,0.0,0.0,0.0,0.130365,0.5
58.46907096,0.14260749014634147,0.001833306285714286,29,1,0.0,0.0,0.0,0.0,0.0,0.14849401,1.375
58.46907096,0.13921207371428573,0.001833306285714286,29,1,0.0,0.0,0.0,0.0,0.0,0.13766401,0.69999999
58.46907096,0.135974583627907,0.001833306285714286,29,1,0.0,0.0,0.0,0.0,0.0,0.130824,0.275000005
58.46907096,0.13288425218181818,0.001833306285714286,29,1,0.0,0.0,0.0,0.0,0.0,0.124623,0.0750000005
58.46907096,0.14260749014634147,0.001833306285714286,29,0,0.0,0.0,0.0,0.0,0.0,0.140811,0.25000000499999997
58.46907096,0.13921207371428573,0.001833306285714286,29,0,0.0,0.0,0.0,0.0,0.0,0.131492,0.575000015
57.95508768,0.137988304,0.0029124885714285715,187,1,0.0,0.0,0.0,0.0,0.0,0.16498099,1.575
57.95508768,0.1347792736744186,0.0029124885714285715,187,1,0.0,0.0,0.0,0.0,0.0,0.161194,1.15
57.95508768,0.12878908373333334,0.0029124885714285715,187,1,0.0,0.0,0.0,0.0,0.0,0.15414201,0.55000001
57.552235919999994,0.14388058979999999,0.0017751219999999999,32,1,0.0,0.0,0.0,0.0,0.0,0.201111,1.85
57.552235919999994,0.1403713071219512,0.0017751219999999999,32,1,0.0,0.0,0.0,0.0,0.0,0.193271,1.1749999999999998
57.552235919999994,0.13702913314285714,0.0017751219999999999,32,1,0.0,0.0,0.0,0.0,0.0,0.18348201,0.650000005
57.552235919999994,0.13080053618181817,0.0017751219999999999,32,1,0.0,0.0,0.0,0.0,0.0,0.160574,0.10000000549999999
58.31626511999999,0.13884825028571426,0.0017798900000000001,31,1,0.0,0.0,0.0,0.0,0.0,0.17094199,0.80000001
58.31626511999999,0.1356192212093023,0.0017798900000000001,31,1,0.0,0.0,0.0,0.0,0.0,0.155964,0.35000001000000003
58.31626511999999,0.12959170026666664,0.0027399547619047617,185,1,0.0,0.0,0.0,0.0,0.0,0.148986,0.55000001
58.996945679999996,0.1438949894634146,0.0017475958823529412,30,1,0.0,0.0,0.0,0.0,0.0,0.173601,1.75
58.996945679999996,0.14046891828571428,0.0017475958823529412,30,1,0.0,0.0,0.0,0.0,0.0,0.166439,1.05
58.996945679999996,0.13720219925581395,0.0017475958823529412,30,1,0.0,0.0,0.0,0.0,0.0,0.146558,0.474999995
58.996945679999996,0.15525512021052632,0.0017475958823529412,30,0,0.0,0.0,0.0,0.0,0.0,0.249276,0.0750000005
58.996945679999996,0.15127421969230767,0.0017475958823529412,30,0,0.0,0.0,0.0,0.0,0.0,0.21662,0.10000000549999999
58.996945679999996,0.14046891828571428,0.002311990857142857,93,1,0.0,0.0,0.0,0.0,0.0,0.154441,1.375
58.996945679999996,0.13720219925581395,0.002311990857142857,93,1,0.0,0.0,0.0,0.0,0.0,0.149746,0.875
58.996945679999996,0.16856270194285713,0.002311990857142857,93,0,0.0,0.0,0.0,0.0,0.0,0.235489,0.125000005
58.996945679999996,0.14046891828571428,0.002311990857142857,93,0,0.0,0.0,0.0,0.0,0.0,0.146201,1.25
58.996945679999996,0.14046891828571428,0.002639192857142857,184,1,0.0,0.0,0.0,0.0,0.0,0.16148899,1.85
58.996945679999996,0.13720219925581395,0.002639192857142857,184,1,0.0,0.0,0.0,0.0,0.0,0.156754,1.35
58.9691628,0.14382722634146342,0.0017412229411764705,29,1,0.0,0.0,0.0,0.0,0.0,0.18148901,1.75
58.9691628,0.14040276857142858,0.0017412229411764705,29,1,0.0,0.0,0.0,0.0,0.0,0.167004,1.025
58.9691628,0.13713758790697675,0.0017412229411764705,29,1,0.0,0.0,0.0,0.0,0.0,0.156589,0.5
58.9691628,0.13402082454545455,0.0017412229411764705,29,1,0.0,0.0,0.0,0.0,0.0,0.150951,0.20000000499999998
58.9691628,0.147422907,0.0017412229411764705,29,0,0.0,0.0,0.0,0.0,0.0,0.20812801,0.20000000499999998
58.9691628,0.14040276857142858,0.0017412229411764705,29,0,0.0,0.0,0.0,0.0,0.0,0.172792,0.625
58.9691628,0.147422907,0.0022860922857142855,92,1,0.0,0.0,0.0,0.0,0.0,0.165888,2.79999995
58.9691628,0.14040276857142858,0.0022860922857142855,92,1,0.0,0.0,0.0,0.0,0.0,0.147525,1.35
58.9691628,0.13713758790697675,0.0022860922857142855,92,1,0.0,0.0,0.0,0.0,0.0,0.143676,0.849999995
58.9691628,0.13402082454545455,0.0022860922857142855,92,1,0.0,0.0,0.0,0.0,0.0,0.137113,0.474999995
58.9691628,0.131042584,0.0022860922857142855,92,1,0.0,0.0,0.0,0.0,0.0,0.134095,0.25000000499999997
58.9691628,0.147422907,0.0022860922857142855,92,0,0.0,0.0,0.0,0.0,0.0,0.166881,0.575000015
58.9691628,0.13713758790697675,0.0025955595238095234,183,1,0.0,0.0,0.0,0.0,0.0,0.15088101,1.3
58.9691628,0.131042584,0.0025955595238095234,183,1,0.0,0.0,0.0,0.0,0.0,0.142728,0.599999995
58.9691628,0.16848332228571428,0.0025955595238095234,183,0,0.0,0.0,0.0,0.0,0.0,0.213377,0.35000001000000003
58.9691628,0.15120298153846154,0.0025955595238095234,183,0,0.0,0.0,0.0,0.0,0.0,0.17764699,0.94999999
58.9691628,0.147422907,0.0025955595238095234,183,0,0.0,0.0,0.0,0.0,0.0,0.1679,1.2
59.06640288,0.14063429257142857,0.0022610962857142858,89,1,0.0,0.0,0.0,0.0,0.0,0.145815,1.35
59.06640288,0.13736372762790697,0.0022610962857142858,89,1,0.0,0.0,0.0,0.0,0.0,0.139768,0.825000015
59.06640288,0.13424182472727272,0.0022610962857142858,89,1,0.0,0.0,0.0,0.0,0.0,0.133325,0.45000000500000004
59.06640288,0.13125867306666666,0.0022610962857142858,89,1,0.0,0.0,0.0,0.0,0.0,0.12948,0.225
59.06640288,0.1284052236521739,0.0022610962857142858,89,1,0.0,0.0,0.0,0.0,0.0,0.126029,0.10000000549999999
59.06640288,0.14063429257142857,0.0022610962857142858,89,0,0.0,0.0,0.0,0.0,0.0,0.147531,1.15
59.06640288,0.13736372762790697,0.0022610962857142858,89,0,0.0,0.0,0.0,0.0,0.0,0.140167,1.65
59.06640288,0.15543790231578947,0.0025442476190476195,180,1,0.0,0.0,0.0,0.0,0.0,0.185919,4.79999995
59.06640288,0.13125867306666666,0.0025442476190476195,180,1,0.0,0.0,0.0,0.0,0.0,0.142557,0.599999995
59.06640288,0.1284052236521739,0.0025442476190476195,180,1,0.0,0.0,0.0,0.0,0.0,0.138447,0.375
59.06640288,0.1476660072,0.0025442476190476195,180,0,0.0,0.0,0.0,0.0,0.0,0.16610999,1.15
59.74708344,0.14936770859999998,0.0025130242857142856,179,1,0.0,0.0,0.0,0.0,0.0,0.170663,3.5
59.74708344,0.1389467056744186,0.0025130242857142856,179,1,0.0,0.0,0.0,0.0,0.0,0.149298,1.5
59.74708344,0.135788826,0.0025130242857142856,179,1,0.0,0.0,0.0,0.0,0.0,0.14473601,1.05
59.74708344,0.129884964,0.0025130242857142856,179,1,0.0,0.0,0.0,0.0,0.0,0.13717701,0.45000000500000004
59.74708344,0.14936770859999998,0.0025130242857142856,179,0,0.0,0.0,0.0,0.0,0.0,0.165694,0.999999995
60.149935199999994,0.14321413142857142,0.0025217338095238095,178,1,0.0,0.0,0.0,0.0,0.0,0.159431,2.29999995
60.149935199999994,0.13366652266666665,0.0025217338095238095,178,1,0.0,0.0,0.0,0.0,0.0,0.14280801,0.825000015
60.149935199999994,0.13076072869565217,0.0025217338095238095,178,1,0.0,0.0,0.0,0.0,0.0,0.140277,0.55000001
60.149935199999994,0.15423060307692307,0.0025217338095238095,178,0,0.0,0.0,0.0,0.0,0.0,0.17552,0.69999999
60.149935199999994,0.15037483799999998,0.0025217338095238095,178,0,0.0,0.0,0.0,0.0,0.0,0.166247,0.900000005
60.149935199999994,0.13988357023255812,0.0025217338095238095,178,0,0.0,0.0,0.0,0.0,0.0,0.146118,1.9749999999999999
60.10826088,0.15027065220000002,0.00253120380952381,177,1,0.0,0.0,0.0,0.0,0.0,0.167502,3.6999999499999996
60.10826088,0.13357391306666666,0.00253120380952381,177,1,0.0,0.0,0.0,0.0,0.0,0.143647,0.82499999
62.98378896,0.13996397546666667,0.0017338278571428572,32,1,0.0,0.0,0.0,0.0,0.0,0.125735,0.724999995
62.98378896,0.13692128034782608,0.0017338278571428572,32,1,0.0,0.0,0.0,0.0,0.0,0.125798,0.29999999499999996
62.98378896,0.1464739278139535,0.0017338278571428572,32,0,0.0,0.0,0.0,0.0,0.0,0.14730801,0.15000000000000002
62.98378896,0.13996397546666667,0.0017338278571428572,32,0,0.0,0.0,0.0,0.0,0.0,0.12525401,0.674999985
63.08102903999999,0.14336597509090906,0.0017307717857142856,31,1,0.0,0.0,0.0,0.0,0.0,0.086795002,1.425
63.08102903999999,0.14018006453333332,0.0017307717857142856,31,1,0.0,0.0,0.0,0.0,0.0,0.118743,0.724999995
63.08102903999999,0.13713267182608693,0.0017307717857142856,31,1,0.0,0.0,0.0,0.0,0.0,0.123442,0.29999999499999996
63.08102903999999,0.15019292628571426,0.0017307717857142856,31,0,0.0,0.0,0.0,0.0,0.0,0.15434,0.05
63.08102903999999,0.14336597509090906,0.0017307717857142856,31,0,0.0,0.0,0.0,0.0,0.0,0.136081,0.29999999499999996
63.595012319999995,0.1382500267826087,0.001729672142857143,30,1,0.0,0.0,0.0,0.0,0.0,0.120339,0.39999998999999997
63.595012319999995,0.1478953774883721,0.001729672142857143,30,0,0.0,0.0,0.0,0.0,0.0,0.15247799,0.10000000549999999
63.595012319999995,0.1445341189090909,0.001729672142857143,30,0,0.0,0.0,0.0,0.0,0.0,0.133362,0.20000000499999998
63.595012319999995,0.14132224959999998,0.001729672142857143,30,0,0.0,0.0,0.0,0.0,0.0,0.126268,0.474999995
64.0395384,0.14554440545454544,0.001729207142857143,29,1,0.0,0.0,0.0,0.0,0.0,0.159769,2.125
64.0395384,0.13921638782608695,0.001729207142857143,29,1,0.0,0.0,0.0,0.0,0.0,0.13046999,0.55000001
64.0395384,0.1362543370212766,0.001729207142857143,29,1,0.0,0.0,0.0,0.0,0.0,0.121818,0.17500000500000001
64.0395384,0.14231008533333334,0.001729207142857143,29,0,0.0,0.0,0.0,0.0,0.0,0.118467,0.35000001000000003
64.0395384,0.13921638782608695,0.001729207142857143,29,0,0.0,0.0,0.0,0.0,0.0,0.102244,0.75
60.86242703999999,0.1383236978181818,0.0017264,32,1,0.0,0.0,0.0,0.0,0.0,0.144686,0.5
61.604651759999996,0.14001057218181817,0.0017330474285714285,31,1,0.0,0.0,0.0,0.0,0.0,0.146982,0.75
61.604651759999996,0.13689922613333333,0.0017330474285714285,31,1,0.0,0.0,0.0,0.0,0.0,0.144412,0.35000001000000003
61.604651759999996,0.1540116294,0.0017330474285714285,31,0,0.0,0.0,0.0,0.0,0.0,0.230873,0.10000000549999999
61.604651759999996,0.13689922613333333,0.0017330474285714285,31,0,0.0,0.0,0.0,0.0,0.0,0.13789,1.325
61.46460936,0.139692294,0.0017221614285714288,30,1,0.0,0.0,0.0,0.0,0.0,0.143398,0.650000005
61.46460936,0.1365880208,0.0017221614285714288,30,1,0.0,0.0,0.0,0.0,0.0,0.13263801,0.25000000499999997
61.46460936,0.13077576459574466,0.0017221614285714288,30,1,0.0,0.0,0.0,0.0,0.0,0.15406001,0.05
62.136812879999994,0.144504216,0.001725053142857143,29,1,0.0,0.0,0.0,0.0,0.0,0.15791,1.65
62.136812879999994,0.14122002927272725,0.001725053142857143,29,1,0.0,0.0,0.0,0.0,0.0,0.15035699,0.94999999
62.136812879999994,0.13808180639999998,0.001725053142857143,29,1,0.0,0.0,0.0,0.0,0.0,0.132542,0.39999998999999997
60.260244719999996,0.1506506118,0.0025220323809523808,187,0,0.0,0.0,0.0,0.0,0.0,0.17324901,1.075
60.260244719999996,0.14347677314285714,0.0025220323809523808,187,0,0.0,0.0,0.0,0.0,0.0,0.16125099,1.775
60.260244719999996,0.12821328663829787,0.003021134065934066,369,1,0.0,0.0,0.0,0.0,0.0,0.161697,1.024999995
60.260244719999996,0.12052048943999999,0.003021134065934066,369,1,0.0,0.0,0.0,0.0,0.0,0.159913,0.500000015
60.63835919999999,0.1378144527272727,0.0024938738095238093,186,1,0.0,0.0,0.0,0.0,0.0,0.152577,1.325
60.63835919999999,0.1347519093333333,0.0024938738095238093,186,1,0.0,0.0,0.0,0.0,0.0,0.147535,0.92500001
60.48431255999999,0.12869002672340424,0.0029893915384615385,367,1,0.0,0.0,0.0,0.0,0.0,0.160815,1.0499999949999999
60.022172639999994,0.1364140287272727,0.002207032857142857,93,1,0.0,0.0,0.0,0.0,0.0,0.144163,0.650000005
60.022172639999994,0.13338260586666664,0.002207032857142857,93,1,0.0,0.0,0.0,0.0,0.0,0.141864,0.375
60.022172639999994,0.14290993485714285,0.002207032857142857,93,0,0.0,0.0,0.0,0.0,0.0,0.155147,1.1
60.022172639999994,0.130482984,0.002207032857142857,93,0,0.0,0.0,0.0,0.0,0.0,0.13198701,3.70000005
60.022172639999994,0.14290993485714285,0.0024953614285714285,184,0,0.0,0.0,0.0,0.0,0.0,0.159362,1.825
60.022172639999994,0.13338260586666664,0.0029667815384615387,366,1,0.0,0.0,0.0,0.0,0.0,0.16109701,1.475
60.38628287999999,0.14043321599999997,0.0021921297142857145,92,1,0.0,0.0,0.0,0.0,0.0,0.15401,1.25
60.38628287999999,0.13419173973333332,0.0021921297142857145,92,1,0.0,0.0,0.0,0.0,0.0,0.14300901,0.45000000500000004
60.38628287999999,0.1284814529361702,0.0021921297142857145,92,1,0.0,0.0,0.0,0.0,0.0,0.14487299,0.15000000000000002
60.38628287999999,0.13419173973333332,0.0024894857142857144,183,1,0.0,0.0,0.0,0.0,0.0,0.15129299,0.900000005
60.38628287999999,0.13127452799999997,0.0024894857142857144,183,1,0.0,0.0,0.0,0.0,0.0,0.14921799,0.625
60.38628287999999,0.1284814529361702,0.0024894857142857144,183,1,0.0,0.0,0.0,0.0,0.0,0.14792401,0.42499999499999996
60.38628287999999,0.15096570719999997,0.0024894857142857144,183,0,0.0,0.0,0.0,0.0,0.0,0.165948,0.94999999
60.38628287999999,0.16320616994594592,0.0029650835164835164,365,0,0.0,0.0,0.0,0.0,0.0,0.18599699,1.15
60.09219383999999,0.13974928799999997,0.0016453046428571427,32,1,0.0,0.0,0.0,0.0,0.0,0.155947,0.75
60.09219383999999,0.1365731678181818,0.0016453046428571427,32,1,0.0,0.0,0.0,0.0,0.0,0.150848,0.35000001000000003
60.09219383999999,0.1335382085333333,0.0016453046428571427,32,1,0.0,0.0,0.0,0.0,0.0,0.152464,0.15000000000000002
60.09219383999999,0.13063520399999998,0.0016453046428571427,32,1,0.0,0.0,0.0,0.0,0.0,0.164444,0.075000005
60.09219383999999,0.14656632643902437,0.0016453046428571427,32,0,0.0,0.0,0.0,0.0,0.0,0.17477299,0.22500000999999997
60.09219383999999,0.14307665199999997,0.0016453046428571427,32,0,0.0,0.0,0.0,0.0,0.0,0.16525,0.45000000500000004
60.09219383999999,0.13974928799999997,0.0016453046428571427,32,0,0.0,0.0,0.0,0.0,0.0,0.149222,0.80000001
60.09219383999999,0.1365731678181818,0.0016453046428571427,32,0,0.0,0.0,0.0,0.0,0.0,0.148734,1.425
60.09219383999999,0.13063520399999998,0.0016453046428571427,32,0,0.0,0.0,0.0,0.0,0.0,0.18346199,3.20000005
60.09219383999999,0.1365731678181818,0.002481723333333333,179,1,0.0,0.0,0.0,0.0,0.0,0.15018401,1.1
60.09219383999999,0.1335382085333333,0.002481723333333333,179,1,0.0,0.0,0.0,0.0,0.0,0.14849301,0.775000005
60.09219383999999,0.13063520399999998,0.002481723333333333,179,1,0.0,0.0,0.0,0.0,0.0,0.146281,0.525000005
60.09219383999999,0.12785573157446806,0.002481723333333333,179,1,0.0,0.0,0.0,0.0,0.0,0.15215801,0.400000005
60.09219383999999,0.1502304846,0.002481723333333333,179,0,0.0,0.0,0.0,0.0,0.0,0.165756,0.999999995
60.09219383999999,0.12785573157446806,0.0029120343956043956,361,1,0.0,0.0,0.0,0.0,0.0,0.162322,0.97500001
59.868126,0.14254315714285715,0.0016699703571428574,31,1,0.0,0.0,0.0,0.0,0.0,0.16123299,1.225
59.868126,0.1392282,0.0016699703571428574,31,1,0.0,0.0,0.0,0.0,0.0,0.149122,0.625
59.868126,0.13606392272727272,0.0016699703571428574,31,1,0.0,0.0,0.0,0.0,0.0,0.146272,0.275000005
59.868126,0.13304027999999998,0.0016699703571428574,31,1,0.0,0.0,0.0,0.0,0.0,0.154379,0.125000005
59.868126,0.14601981951219511,0.0016699703571428574,31,0,0.0,0.0,0.0,0.0,0.0,0.175621,0.25000000499999997
59.868126,0.13606392272727272,0.0024832885714285717,178,1,0.0,0.0,0.0,0.0,0.0,0.148285,1.024999995
59.868126,0.13304027999999998,0.0024832885714285717,178,1,0.0,0.0,0.0,0.0,0.0,0.147819,0.724999995
59.868126,0.1301481,0.0024832885714285717,178,1,0.0,0.0,0.0,0.0,0.0,0.147166,0.5
59.868126,0.149670315,0.0024832885714285717,178,0,0.0,0.0,0.0,0.0,0.0,0.16715001,1.05
59.868126,0.13304027999999998,0.0029505875824175827,360,1,0.0,0.0,0.0,0.0,0.0,0.160182,1.4
59.868126,0.1273789914893617,0.0029505875824175827,360,1,0.0,0.0,0.0,0.0,0.0,0.15831099,0.875
59.868126,0.10885113818181817,0.0029505875824175827,360,1,0.0,0.0,0.0,0.0,0.0,0.155738,0.1
59.868126,0.14254315714285715,0.0029505875824175827,360,0,0.0,0.0,0.0,0.0,0.0,0.163518,3.0
59.25193944,0.1410760462857143,0.0016781849999999998,30,1,0.0,0.0,0.0,0.0,0.0,0.16512799,0.92500001
59.25193944,0.13167097653333334,0.0016781849999999998,30,1,0.0,0.0,0.0,0.0,0.0,0.15917601,0.0750000005
59.25193944,0.14451692546341463,0.0016781849999999998,30,0,0.0,0.0,0.0,0.0,0.0,0.173337,0.35000001000000003
59.25193944,0.1410760462857143,0.0016781849999999998,30,0,0.0,0.0,0.0,0.0,0.0,0.158262,0.650000005
59.25193944,0.13466349872727273,0.0016781849999999998,30,0,0.0,0.0,0.0,0.0,0.0,0.16294301,1.97499995
59.25193944,0.137795208,0.002522940476190476,177,1,0.0,0.0,0.0,0.0,0.0,0.152907,1.225
59.25193944,0.13167097653333334,0.002522940476190476,177,1,0.0,0.0,0.0,0.0,0.0,0.14689501,0.575000015
59.25193944,0.1481298486,0.002522940476190476,177,0,0.0,0.0,0.0,0.0,0.0,0.165629,1.2
59.25193944,0.14451692546341463,0.002522940476190476,177,0,0.0,0.0,0.0,0.0,0.0,0.160403,1.575
58.31365536,0.13884203657142857,0.0017108564285714287,29,1,0.0,0.0,0.0,0.0,0.0,0.178711,0.67500001
58.31365536,0.1325310349090909,0.0017108564285714287,29,1,0.0,0.0,0.0,0.0,0.0,0.16881,0.125000005
58.31365536,0.1295859008,0.0017108564285714287,29,1,0.0,0.0,0.0,0.0,0.0,0.172722,0.05
58.31365536,0.14222842770731706,0.0017108564285714287,29,0,0.0,0.0,0.0,0.0,0.0,0.168014,0.5
58.31365536,0.13884203657142857,0.0017108564285714287,29,0,0.0,0.0,0.0,0.0,0.0,0.16150901,0.95000001
58.31365536,0.1325310349090909,0.0017108564285714287,29,0,0.0,0.0,0.0,0.0,0.0,0.108416,2.375
58.42568927999999,0.1425016811707317,0.001616965,32,1,0.0,0.0,0.0,0.0,0.0,0.167557,1.0750000000000002
58.42568927999999,0.13910878399999999,0.001616965,32,1,0.0,0.0,0.0,0.0,0.0,0.15992799,0.525000005
58.42568927999999,0.135873696,0.001616965,32,1,0.0,0.0,0.0,0.0,0.0,0.150351,0.20000000499999998
58.42568927999999,0.13278565745454543,0.001616965,32,1,0.0,0.0,0.0,0.0,0.0,0.164076,0.10000000549999999
58.42568927999999,0.15375181389473683,0.001616965,32,0,0.0,0.0,0.0,0.0,0.0,0.211088,0.10000000549999999
58.42568927999999,0.14980945969230766,0.001616965,32,0,0.0,0.0,0.0,0.0,0.0,0.19083001,0.17500000500000001
58.42568927999999,0.14606422319999998,0.001616965,32,0,0.0,0.0,0.0,0.0,0.0,0.16728701,0.29999999499999996
58.42568927999999,0.1425016811707317,0.001616965,32,0,0.0,0.0,0.0,0.0,0.0,0.15765999,0.599999995
58.42568927999999,0.13910878399999999,0.001616965,32,0,0.0,0.0,0.0,0.0,0.0,0.149592,1.1
58.42568927999999,0.135873696,0.001616965,32,0,0.0,0.0,0.0,0.0,0.0,0.146557,1.825
57.68346455999999,0.14420866139999997,0.0016100785714285714,31,1,0.0,0.0,0.0,0.0,0.0,0.189941,1.4500000000000002
57.68346455999999,0.14069137697560974,0.0016100785714285714,31,1,0.0,0.0,0.0,0.0,0.0,0.163344,0.724999995
57.68346455999999,0.13734158228571428,0.0016100785714285714,31,1,0.0,0.0,0.0,0.0,0.0,0.153147,0.29999999499999996
57.68346455999999,0.13414759199999998,0.0016100785714285714,31,1,0.0,0.0,0.0,0.0,0.0,0.157444,0.125000005
57.68346455999999,0.1517985909473684,0.0016100785714285714,31,0,0.0,0.0,0.0,0.0,0.0,0.190101,0.10000000549999999
57.68346455999999,0.14790631938461535,0.0016100785714285714,31,0,0.0,0.0,0.0,0.0,0.0,0.173512,0.20000000499999998
57.68346455999999,0.14420866139999997,0.0016100785714285714,31,0,0.0,0.0,0.0,0.0,0.0,0.163886,0.42499999499999996
57.68346455999999,0.14069137697560974,0.0016100785714285714,31,0,0.0,0.0,0.0,0.0,0.0,0.15494999,0.825000015
57.389375519999994,0.1434734388,0.0016042639285714286,30,1,0.0,0.0,0.0,0.0,0.0,0.174041,1.225
57.389375519999994,0.13997408663414632,0.0016042639285714286,30,1,0.0,0.0,0.0,0.0,0.0,0.16219801,0.599999995
57.389375519999994,0.13664137028571427,0.0016042639285714286,30,1,0.0,0.0,0.0,0.0,0.0,0.143024,0.20000000499999998
57.389375519999994,0.13346366399999998,0.0016042639285714286,30,1,0.0,0.0,0.0,0.0,0.0,0.148596,0.0750000005
57.389375519999994,0.1471522449230769,0.0016042639285714286,30,0,0.0,0.0,0.0,0.0,0.0,0.171845,0.225
57.389375519999994,0.1434734388,0.0016042639285714286,30,0,0.0,0.0,0.0,0.0,0.0,0.155718,0.45000000500000004
57.389375519999994,0.13997408663414632,0.0016042639285714286,30,0,0.0,0.0,0.0,0.0,0.0,0.143096,0.875
57.40337976,0.14000824331707318,0.001586404642857143,29,1,0.0,0.0,0.0,0.0,0.0,0.15901899,0.57499999
57.40337976,0.13667471371428572,0.001586404642857143,29,1,0.0,0.0,0.0,0.0,0.0,0.145009,0.20000000499999998
57.40337976,0.133496232,0.001586404642857143,29,1,0.0,0.0,0.0,0.0,0.0,0.150668,0.0750000005
57.40337976,0.1435084494,0.001586404642857143,29,0,0.0,0.0,0.0,0.0,0.0,0.147413,0.39999998999999997
57.40337976,0.14000824331707318,0.001586404642857143,29,0,0.0,0.0,0.0,0.0,0.0,0.141224,0.849999995
58.378052700000005,0.14238549439024392,0.001602558,32,1,0.0,0.0,0.0,0.0,0.0,0.139218,0.82499999
58.378052700000005,0.13899536357142858,0.001602558,32,1,0.0,0.0,0.0,0.0,0.0,0.13183101,0.35000001000000003
58.378052700000005,0.13267739250000002,0.001602558,32,1,0.0,0.0,0.0,0.0,0.0,0.141937,0.05
58.378052700000005,0.14238549439024392,0.001602558,32,0,0.0,0.0,0.0,0.0,0.0,0.13439,0.525000005
58.194340600000004,0.13855795380952382,0.0015965902857142855,31,1,0.0,0.0,0.0,0.0,0.0,0.129904,0.29999999499999996
58.194340600000004,0.13855795380952382,0.0015965902857142855,31,0,0.0,0.0,0.0,0.0,0.0,0.130024,1.125
58.0388919,0.14155827292682926,0.0015540531428571427,30,1,0.0,0.0,0.0,0.0,0.0,0.135666,0.67500001
58.0388919,0.13497416720930233,0.0015540531428571427,30,1,0.0,0.0,0.0,0.0,0.0,0.126472,0.0750000005
58.0388919,0.15686187000000001,0.0015540531428571427,30,0,0.0,0.0,0.0,0.0,0.0,0.22006799,0.05
58.0388919,0.14509722975,0.0015540531428571427,30,0,0.0,0.0,0.0,0.0,0.0,0.14710499,0.275000005
57.5584141,0.14038637585365854,0.0015385482857142856,29,1,0.0,0.0,0.0,0.0,0.0,0.13018499,0.47500001000000003
57.5584141,0.1370438430952381,0.0015385482857142856,29,1,0.0,0.0,0.0,0.0,0.0,0.131116,0.17500000500000001
57.5584141,0.1338567769767442,0.0015385482857142856,29,1,0.0,0.0,0.0,0.0,0.0,0.13164601,0.05
57.5584141,0.14038637585365854,0.0015385482857142856,29,0,0.0,0.0,0.0,0.0,0.0,0.126807,0.724999995
57.5584141,0.1370438430952381,0.0015385482857142856,29,0,0.0,0.0,0.0,0.0,0.0,0.109879,1.375
58.505238,0.14269570243902438,0.0015612533333333335,32,1,0.0,0.0,0.0,0.0,0.0,0.17687,1.05
58.505238,0.1392981857142857,0.0015612533333333335,32,1,0.0,0.0,0.0,0.0,0.0,0.158639,0.5
58.505238,0.146263095,0.0015612533333333335,32,0,0.0,0.0,0.0,0.0,0.0,0.173051,0.32499999999999996
58.505238,0.13605869302325582,0.0015612533333333335,32,0,0.0,0.0,0.0,0.0,0.0,0.165702,1.8999999499999998
59.5792472,0.14531523707317073,0.001555086,31,1,0.0,0.0,0.0,0.0,0.0,0.177485,1.525
59.5792472,0.14185535047619047,0.001555086,31,1,0.0,0.0,0.0,0.0,0.0,0.16264901,0.849999995
59.5792472,0.1385563888372093,0.001555086,31,1,0.0,0.0,0.0,0.0,0.0,0.14915501,0.375
59.5792472,0.14185535047619047,0.001555086,31,0,0.0,0.0,0.0,0.0,0.0,0.142931,0.650000005
59.5792472,0.14531523707317073,0.0022339395238095234,185,1,0.0,0.0,0.0,0.0,0.0,0.154865,2.1999999499999996
59.5792472,0.1385563888372093,0.0022339395238095234,185,1,0.0,0.0,0.0,0.0,0.0,0.147535,1.175
59.395535100000004,0.15229624384615387,0.0015433,30,1,0.0,0.0,0.0,0.0,0.0,0.216548,3.15
59.395535100000004,0.14141794071428573,0.0015433,30,1,0.0,0.0,0.0,0.0,0.0,0.155847,0.75
59.395535100000004,0.13812915139534884,0.0015433,30,1,0.0,0.0,0.0,0.0,0.0,0.14736199,0.32499999999999996
59.395535100000004,0.14848883775000002,0.0015433,30,0,0.0,0.0,0.0,0.0,0.0,0.17310099,0.17500000500000001
59.395535100000004,0.13812915139534884,0.0015433,30,0,0.0,0.0,0.0,0.0,0.0,0.13523901,1.275
59.395535100000004,0.14141794071428573,0.0020540925714285715,93,1,0.0,0.0,0.0,0.0,0.0,0.141166,1.075
59.395535100000004,0.13812915139534884,0.0020540925714285715,93,1,0.0,0.0,0.0,0.0,0.0,0.135124,0.625
59.395535100000004,0.15229624384615387,0.0020540925714285715,93,0,0.0,0.0,0.0,0.0,0.0,0.158692,0.375
59.395535100000004,0.14848883775000002,0.0020540925714285715,93,0,0.0,0.0,0.0,0.0,0.0,0.15616199,0.625
59.395535100000004,0.13812915139534884,0.0022429161904761906,184,1,0.0,0.0,0.0,0.0,0.0,0.1435,1.05
59.395535100000004,0.12912072847826087,0.0022429161904761906,184,1,0.0,0.0,0.0,0.0,0.0,0.14463501,0.349999995
59.395535100000004,0.14848883775000002,0.0022429161904761906,184,0,0.0,0.0,0.0,0.0,0.0,0.154934,1.225
59.1552962,0.14084594333333333,0.0020747605714285713,89,1,0.0,0.0,0.0,0.0,0.0,0.132433,0.875
59.1552962,0.13757045627906977,0.0020747605714285713,89,1,0.0,0.0,0.0,0.0,0.0,0.13462999,0.525000005
59.1552962,0.134443855,0.0020747605714285713,89,1,0.0,0.0,0.0,0.0,0.0,0.127634,0.25000000499999997
59.1552962,0.13145621377777778,0.0020747605714285713,89,1,0.0,0.0,0.0,0.0,0.0,0.128452,0.1250000005
59.1552962,0.14428121024390245,0.0020747605714285713,89,0,0.0,0.0,0.0,0.0,0.0,0.144353,0.97499999
59.1552962,0.15567183210526317,0.002257325714285714,180,1,0.0,0.0,0.0,0.0,0.0,0.164766,4.1000001500000005
59.1552962,0.134443855,0.002257325714285714,180,1,0.0,0.0,0.0,0.0,0.0,0.139422,0.625
59.1552962,0.13145621377777778,0.002257325714285714,180,1,0.0,0.0,0.0,0.0,0.0,0.13720199,0.39999998999999997
59.2966132,0.1411824123809524,0.00225016380952381,179,1,0.0,0.0,0.0,0.0,0.0,0.144135,1.425
59.2966132,0.13476503,0.00225016380952381,179,1,0.0,0.0,0.0,0.0,0.0,0.13686,0.650000005
59.2966132,0.148241533,0.00225016380952381,179,0,0.0,0.0,0.0,0.0,0.0,0.15257099,1.175
59.3390083,0.13799769372093024,0.0022602138095238096,178,1,0.0,0.0,0.0,0.0,0.0,0.134344,0.900000005
59.3390083,0.1318644628888889,0.0022602138095238096,178,1,0.0,0.0,0.0,0.0,0.0,0.13120501,0.375
60.5402028,0.13759137000000002,0.0022531914285714287,177,1,0.0,0.0,0.0,0.0,0.0,0.127398,0.825000015
60.5402028,0.13453378400000002,0.0022531914285714287,177,1,0.0,0.0,0.0,0.0,0.0,0.124657,0.525000005
60.5402028,0.13160913652173914,0.0022531914285714287,177,1,0.0,0.0,0.0,0.0,0.0,0.127086,0.35000001000000003
60.5402028,0.17805942,0.0022531914285714287,177,0,0.0,0.0,0.0,0.0,0.0,0.210188,0.175
61.3598414,0.139454185,0.001514012857142857,32,1,0.0,0.0,0.0,0.0,0.0,0.124581,0.29999999499999996
61.3598414,0.14609486047619047,0.001514012857142857,32,0,0.0,0.0,0.0,0.0,0.0,0.140182,0.29999999499999996
61.6848705,0.14686873928571428,0.0015108553571428571,31,1,0.0,0.0,0.0,0.0,0.0,0.1261,1.675
61.6848705,0.14345318720930234,0.0015108553571428571,31,1,0.0,0.0,0.0,0.0,0.0,0.121763,0.849999995
61.6848705,0.1401928875,0.0015108553571428571,31,1,0.0,0.0,0.0,0.0,0.0,0.113842,0.29999999499999996
61.444631599999994,0.13964689,0.0015137100000000001,30,1,0.0,0.0,0.0,0.0,0.0,0.115639,0.25000000499999997
61.444631599999994,0.13654362577777776,0.0015137100000000001,30,0,0.0,0.0,0.0,0.0,0.0,0.127795,2.02500005
61.2891829,0.14592662595238096,0.0015075303571428572,29,1,0.0,0.0,0.0,0.0,0.0,0.12344,1.425
61.2891829,0.1392935975,0.0015075303571428572,29,1,0.0,0.0,0.0,0.0,0.0,0.111983,0.20000000499999998
61.2891829,0.1425329834883721,0.0015075303571428572,29,0,0.0,0.0,0.0,0.0,0.0,0.116912,0.575000015
63.077581599999995,0.1501847180952381,0.0015963088571428572,32,1,0.0,0.0,0.0,0.0,0.0,0.175989,2.4499999499999996
63.077581599999995,0.14335814,0.0015963088571428572,32,1,0.0,0.0,0.0,0.0,0.0,0.136026,0.849999995
63.077581599999995,0.14017240355555555,0.0015963088571428572,32,1,0.0,0.0,0.0,0.0,0.0,0.123737,0.35000001000000003
63.134587999999994,0.15032044761904761,0.0015655511428571429,31,1,0.0,0.0,0.0,0.0,0.0,0.162668,2.42499995
63.134587999999994,0.1434877,0.0015655511428571429,31,1,0.0,0.0,0.0,0.0,0.0,0.12575699,0.80000001
63.134587999999994,0.14029908444444444,0.0015655511428571429,31,1,0.0,0.0,0.0,0.0,0.0,0.118807,0.32500000500000004
63.2343492,0.15055797428571427,0.0015544959999999998,30,1,0.0,0.0,0.0,0.0,0.0,0.159356,2.4750000500000002
63.2343492,0.140520776,0.0015544959999999998,30,1,0.0,0.0,0.0,0.0,0.0,0.120717,0.35000001000000003
63.6048908,0.15144021619047618,0.0015484617142857142,29,1,0.0,0.0,0.0,0.0,0.0,0.164094,2.6999999499999996
63.6048908,0.14455657,0.0015484617142857142,29,1,0.0,0.0,0.0,0.0,0.0,0.131304,0.9999999900000001
63.6048908,0.1413442017777778,0.0015484617142857142,29,1,0.0,0.0,0.0,0.0,0.0,0.119732,0.42500000000000004
63.6048908,0.13827150173913044,0.0015484617142857142,29,1,0.0,0.0,0.0,0.0,0.0,0.119937,0.15000000000000002
63.6048908,0.15144021619047618,0.0015484617142857142,29,0,0.0,0.0,0.0,0.0,0.0,0.168098,0.10000000549999999
63.6048908,0.1413442017777778,0.0015484617142857142,29,0,0.0,0.0,0.0,0.0,0.0,0.10954,0.775000005
63.433871599999996,0.1409641591111111,0.0015772120000000001,32,1,0.0,0.0,0.0,0.0,0.0,0.140241,0.5
63.433871599999996,0.1378997208695652,0.0015772120000000001,32,1,0.0,0.0,0.0,0.0,0.0,0.13590001,0.20000000499999998
63.433871599999996,0.15471675999999998,0.0015772120000000001,32,0,0.0,0.0,0.0,0.0,0.0,0.199861,0.10000000549999999
63.433871599999996,0.1626509528205128,0.002360027714285714,186,0,0.0,0.0,0.0,0.0,0.0,0.17293499,0.47500001000000003
63.633393999999996,0.14462134999999998,0.0015763399999999999,31,1,0.0,0.0,0.0,0.0,0.0,0.141969,1.075
63.633393999999996,0.1414075422222222,0.0015763399999999999,31,1,0.0,0.0,0.0,0.0,0.0,0.13043,0.5
63.633393999999996,0.14798463720930233,0.0015763399999999999,31,0,0.0,0.0,0.0,0.0,0.0,0.159283,0.25000000499999997
62.8068012,0.1365365243478261,0.0015691866666666667,30,1,0.0,0.0,0.0,0.0,0.0,0.145732,0.15000000000000002
62.8068012,0.14954000285714286,0.0015691866666666667,30,0,0.0,0.0,0.0,0.0,0.0,0.160399,0.15000000000000002
62.8068012,0.1365365243478261,0.0021046914285714285,93,1,0.0,0.0,0.0,0.0,0.0,0.12936001,0.375
62.8068012,0.13363149191489362,0.0021046914285714285,93,1,0.0,0.0,0.0,0.0,0.0,0.12887099,0.20000000499999998
62.8068012,0.14274273,0.002358604,184,1,0.0,0.0,0.0,0.0,0.0,0.145632,1.6
63.33411039999999,0.15079550095238092,0.0015364825000000002,29,1,0.0,0.0,0.0,0.0,0.0,0.203851,2.6
63.33411039999999,0.14394115999999998,0.0015364825000000002,29,1,0.0,0.0,0.0,0.0,0.0,0.14673699,0.92500001
63.33411039999999,0.14074246755555553,0.0015364825000000002,29,1,0.0,0.0,0.0,0.0,0.0,0.13931499,0.42500000000000004
63.33411039999999,0.14074246755555553,0.0020988634285714286,92,1,0.0,0.0,0.0,0.0,0.0,0.124818,0.724999995
63.33411039999999,0.1319460633333333,0.0020988634285714286,92,1,0.0,0.0,0.0,0.0,0.0,0.121757,0.10000000549999999
63.33411039999999,0.15079550095238092,0.0023570754285714285,183,0,0.0,0.0,0.0,0.0,0.0,0.150242,1.1
63.39111679999999,0.14407071999999999,0.0021036242857142857,89,1,0.0,0.0,0.0,0.0,0.0,0.136334,1.275
63.39111679999999,0.14086914844444443,0.0021036242857142857,89,1,0.0,0.0,0.0,0.0,0.0,0.129104,0.75
63.39111679999999,0.1378067756521739,0.0021036242857142857,89,1,0.0,0.0,0.0,0.0,0.0,0.120576,0.375
63.39111679999999,0.1378067756521739,0.002363752,180,1,0.0,0.0,0.0,0.0,0.0,0.127399,0.75
63.39111679999999,0.13487471659574465,0.002363752,180,1,0.0,0.0,0.0,0.0,0.0,0.124536,0.47500001000000003
63.39111679999999,0.1668187284210526,0.002363752,180,0,0.0,0.0,0.0,0.0,0.0,0.17170601,0.29999999499999996
63.433871599999996,0.1378997208695652,0.002349668285714286,179,1,0.0,0.0,0.0,0.0,0.0,0.127021,0.775000005
63.433871599999996,0.16693124105263157,0.002349668285714286,179,0,0.0,0.0,0.0,0.0,0.0,0.174371,0.29999999499999996
63.433871599999996,0.1510330276190476,0.002349668285714286,179,0,0.0,0.0,0.0,0.0,0.0,0.144428,0.97499999
63.1060848,0.1342682655319149,0.0023603182857142857,178,1,0.0,0.0,0.0,0.0,0.0,0.128243,0.47500001000000003
63.1488396,0.14033075466666667,0.0023533577142857143,177,1,0.0,0.0,0.0,0.0,0.0,0.131018,1.074999995
63.1488396,0.13728008608695652,0.0023533577142857143,177,1,0.0,0.0,0.0,0.0,0.0,0.126572,0.700000015
63.1488396,0.210496132,0.0023533577142857143,177,0,0.0,0.0,0.0,0.0,0.0,0.23829,0.0250000005
63.1488396,0.17541344333333334,0.0023533577142857143,177,0,0.0,0.0,0.0,0.0,0.0,0.197041,0.20000000499999998
63.1488396,0.1468577665116279,0.0023533577142857143,177,0,0.0,0.0,0.0,0.0,0.0,0.138184,1.375
66.0276628,0.1404843889361702,0.001590970357142857,32,1,0.0,0.0,0.0,0.0,0.0,0.10084,0.20000000499999998
66.0276628,0.14672813955555555,0.001590970357142857,32,0,0.0,0.0,0.0,0.0,0.0,0.119753,0.275000005
66.0276628,0.14353839739130436,0.001590970357142857,32,0,0.0,0.0,0.0,0.0,0.0,0.106415,0.599999995
66.5264688,0.14154567829787235,0.0015730385714285713,31,1,0.0,0.0,0.0,0.0,0.0,0.098494001,0.275000005
66.5264688,0.14783659733333335,0.0015730385714285713,31,0,0.0,0.0,0.0,0.0,0.0,0.119674,0.20000000499999998
66.5264688,0.14462275826086957,0.0015730385714285713,31,0,0.0,0.0,0.0,0.0,0.0,0.104139,0.45000000500000004
66.554972,0.14468472173913044,0.0015637517857142857,30,1,0.0,0.0,0.0,0.0,0.0,0.105603,0.849999995
66.554972,0.14160632340425533,0.0015637517857142857,30,1,0.0,0.0,0.0,0.0,0.0,0.098635003,0.275000005
66.554972,0.15477900465116282,0.0015637517857142857,30,0,0.0,0.0,0.0,0.0,0.0,0.16113301,0.05
66.554972,0.14468472173913044,0.0015637517857142857,30,0,0.0,0.0,0.0,0.0,0.0,0.108089,0.45000000500000004
66.554972,0.14160632340425533,0.0015637517857142857,30,0,0.0,0.0,0.0,0.0,0.0,0.098136,0.97499999
66.1701788,0.1407876144680851,0.001550074642857143,29,1,0.0,0.0,0.0,0.0,0.0,0.099904999,0.20000000499999998
66.1701788,0.1438482147826087,0.001550074642857143,29,0,0.0,0.0,0.0,0.0,0.0,0.102316,0.5
67.8769875,0.14441912234042553,0.0015839857142857141,32,1,0.0,0.0,0.0,0.0,0.0,0.114724,0.775000005
67.8769875,0.141410390625,0.0015839857142857141,32,1,0.0,0.0,0.0,0.0,0.0,0.106635,0.29999999499999996
68.035008,0.14173960000000002,0.0015671251428571427,31,1,0.0,0.0,0.0,0.0,0.0,0.106136,0.32499999999999996
68.035008,0.14475533617021277,0.0015671251428571427,31,0,0.0,0.0,0.0,0.0,0.0,0.112254,0.45000000500000004
68.035008,0.14173960000000002,0.0015671251428571427,31,0,0.0,0.0,0.0,0.0,0.0,0.104324,0.94999999
68.09246999999999,0.14487759574468084,0.0015574742857142857,30,1,0.0,0.0,0.0,0.0,0.0,0.109657,0.80000001
68.09246999999999,0.14185931249999997,0.0015574742857142857,30,1,0.0,0.0,0.0,0.0,0.0,0.097042002,0.275000005
68.02064250000001,0.14472477127659575,0.0015442608571428571,29,1,0.0,0.0,0.0,0.0,0.0,0.109313,0.775000005
68.02064250000001,0.14787096195652175,0.0015442608571428571,29,0,0.0,0.0,0.0,0.0,0.0,0.106768,0.125000005
68.02064250000001,0.14472477127659575,0.0015442608571428571,29,0,0.0,0.0,0.0,0.0,0.0,0.100666,0.375
68.02064250000001,0.14170967187500003,0.0015442608571428571,29,0,0.0,0.0,0.0,0.0,0.0,0.095987998,0.900000005
67.000692,0.14255466382978724,0.002307587142857143,186,1,0.0,0.0,0.0,0.0,0.0,0.161276,1.725
67.000692,0.139584775,0.002307587142857143,186,1,0.0,0.0,0.0,0.0,0.0,0.154061,1.25
67.000692,0.136736106122449,0.002307587142857143,186,1,0.0,0.0,0.0,0.0,0.0,0.150736,0.900000005
66.78520950000001,0.14841157666666668,0.0023058342857142857,185,0,0.0,0.0,0.0,0.0,0.0,0.164774,1.75
66.78520950000001,0.14209619042553193,0.0023058342857142857,185,0,0.0,0.0,0.0,0.0,0.0,0.15293001,2.67499995
66.483534,0.15461286976744187,0.002309773492063492,184,0,0.0,0.0,0.0,0.0,0.0,0.179059,1.225
66.483534,0.14452942173913044,0.002309773492063492,184,0,0.0,0.0,0.0,0.0,0.0,0.161484,2.375
66.4978995,0.14456065108695654,0.002142423142857143,93,1,0.0,0.0,0.0,0.0,0.0,0.173512,1.625
66.4978995,0.15464627790697674,0.002142423142857143,93,0,0.0,0.0,0.0,0.0,0.0,0.197815,0.67500001
66.4978995,0.14456065108695654,0.002142423142857143,93,0,0.0,0.0,0.0,0.0,0.0,0.169581,1.6
66.4978995,0.132995799,0.002428436507936508,183,1,0.0,0.0,0.0,0.0,0.0,0.160722,0.625
67.115616,0.14914581333333335,0.0021362237142857144,92,1,0.0,0.0,0.0,0.0,0.0,0.177045,2.4749999
67.115616,0.1398242,0.0021362237142857144,92,1,0.0,0.0,0.0,0.0,0.0,0.154975,0.799999985
67.115616,0.13697064489795918,0.0021362237142857144,92,1,0.0,0.0,0.0,0.0,0.0,0.144894,0.45000000500000004
67.115616,0.1973988705882353,0.0021362237142857144,92,0,0.0,0.0,0.0,0.0,0.0,0.30643001,0.05
67.115616,0.1398242,0.0021362237142857144,92,0,0.0,0.0,0.0,0.0,0.0,0.144192,2.3500000500000002
67.115616,0.1398242,0.002395715873015873,182,1,0.0,0.0,0.0,0.0,0.0,0.157904,1.275
67.115616,0.134231232,0.002395715873015873,182,1,0.0,0.0,0.0,0.0,0.0,0.14644,0.599999995
67.115616,0.16778904,0.002395715873015873,182,0,0.0,0.0,0.0,0.0,0.0,0.196831,0.499999985
67.0150575,0.14892234999999998,0.0021367234285714284,89,1,0.0,0.0,0.0,0.0,0.0,0.161789,2.2750001
67.0150575,0.139614703125,0.0021367234285714284,89,1,0.0,0.0,0.0,0.0,0.0,0.14579201,0.67500001
67.0150575,0.13676542346938775,0.0021367234285714284,89,1,0.0,0.0,0.0,0.0,0.0,0.14644,0.42499999499999996
67.0150575,0.16753764375,0.0021367234285714284,89,0,0.0,0.0,0.0,0.0,0.0,0.228339,0.22500000999999997
67.0150575,0.14892234999999998,0.0021367234285714284,89,0,0.0,0.0,0.0,0.0,0.0,0.16677,0.94999999
67.0150575,0.14568490760869565,0.0021367234285714284,89,0,0.0,0.0,0.0,0.0,0.0,0.16005,1.325
67.0150575,0.134030115,0.002359003015873016,179,1,0.0,0.0,0.0,0.0,0.0,0.14287899,0.55000001
67.891353,0.14758989782608695,0.0015674942857142856,32,1,0.0,0.0,0.0,0.0,0.0,0.184494,1.7
67.891353,0.14444968723404256,0.0015674942857142856,32,1,0.0,0.0,0.0,0.0,0.0,0.16103099,0.974999995
67.891353,0.14144031875,0.0015674942857142856,32,1,0.0,0.0,0.0,0.0,0.0,0.14812399,0.474999995
67.891353,0.15086967333333332,0.0015674942857142856,32,0,0.0,0.0,0.0,0.0,0.0,0.177212,0.25000000499999997
67.891353,0.14758989782608695,0.0015674942857142856,32,0,0.0,0.0,0.0,0.0,0.0,0.175129,0.5
67.891353,0.14444968723404256,0.0015674942857142856,32,0,0.0,0.0,0.0,0.0,0.0,0.155797,0.80000001
67.891353,0.14144031875,0.0015674942857142856,32,0,0.0,0.0,0.0,0.0,0.0,0.14621601,1.325
67.891353,0.13855378163265306,0.002352040476190476,178,1,0.0,0.0,0.0,0.0,0.0,0.139448,0.875
67.79079449999999,0.14737129239130434,0.001554607857142857,31,1,0.0,0.0,0.0,0.0,0.0,0.187778,1.725
67.79079449999999,0.14423573297872339,0.001554607857142857,31,1,0.0,0.0,0.0,0.0,0.0,0.17328601,1.0499999949999999
67.79079449999999,0.14123082187499997,0.001554607857142857,31,1,0.0,0.0,0.0,0.0,0.0,0.15693501,0.525000005
67.79079449999999,0.14737129239130434,0.001554607857142857,31,0,0.0,0.0,0.0,0.0,0.0,0.171317,0.45000000500000004
67.79079449999999,0.14423573297872339,0.001554607857142857,31,0,0.0,0.0,0.0,0.0,0.0,0.158796,0.775000005
67.79079449999999,0.14123082187499997,0.001554607857142857,31,0,0.0,0.0,0.0,0.0,0.0,0.146403,1.275
67.79079449999999,0.13558158899999997,0.002346407142857143,177,1,0.0,0.0,0.0,0.0,0.0,0.140255,0.650000005
68.7963795,0.143325790625,0.0015337142857142858,30,1,0.0,0.0,0.0,0.0,0.0,0.147082,0.724999995
68.7963795,0.143325790625,0.0015337142857142858,30,0,0.0,0.0,0.0,0.0,0.0,0.147719,0.900000005
68.896938,0.14658922978723404,0.0015249307142857144,29,1,0.0,0.0,0.0,0.0,0.0,0.16544899,1.425
68.896938,0.14353528750000003,0.0015249307142857144,29,1,0.0,0.0,0.0,0.0,0.0,0.150213,0.775000005
68.896938,0.14060599591836737,0.0015249307142857144,29,1,0.0,0.0,0.0,0.0,0.0,0.13599899,0.32499999999999996
68.896938,0.14658922978723404,0.0015249307142857144,29,0,0.0,0.0,0.0,0.0,0.0,0.155904,0.45000000500000004
69.758868,0.1423650367346939,0.00158334,31,1,0.0,0.0,0.0,0.0,0.0,0.110356,0.32500000500000004
69.758868,0.14842312340425534,0.00158334,31,0,0.0,0.0,0.0,0.0,0.0,0.12855799,0.275000005
69.758868,0.145330975,0.00158334,31,0,0.0,0.0,0.0,0.0,0.0,0.112634,0.55000001
69.414096,0.1476895659574468,0.0015728900000000002,30,1,0.0,0.0,0.0,0.0,0.0,0.134836,1.4500000000000002
69.414096,0.14166142040816326,0.0015728900000000002,30,1,0.0,0.0,0.0,0.0,0.0,0.108412,0.225
69.414096,0.1476895659574468,0.0015728900000000002,30,0,0.0,0.0,0.0,0.0,0.0,0.131082,0.35000001000000003
69.7157715,0.14524119062500002,0.0015655225714285715,29,1,0.0,0.0,0.0,0.0,0.0,0.109585,0.75
69.7157715,0.14227708469387756,0.0015655225714285715,29,1,0.0,0.0,0.0,0.0,0.0,0.099234998,0.225
69.7157715,0.14833142872340427,0.0015655225714285715,29,0,0.0,0.0,0.0,0.0,0.0,0.121426,0.25000000499999997
69.7157715,0.14524119062500002,0.0015655225714285715,29,0,0.0,0.0,0.0,0.0,0.0,0.098747,0.5
71.49246950999999,0.15211163725531912,0.0016573359999999997,32,1,0.0,0.0,0.0,0.0,0.0,0.16903,2.6
71.49246950999999,0.1489426448125,0.0016573359999999997,32,1,0.0,0.0,0.0,0.0,0.0,0.173917,1.85
71.49246950999999,0.14590299899999998,0.0016573359999999997,32,1,0.0,0.0,0.0,0.0,0.0,0.15708899,1.125
71.49246950999999,0.14298493901999998,0.0016573359999999997,32,1,0.0,0.0,0.0,0.0,0.0,0.143508,0.57499999
71.49246950999999,0.15211163725531912,0.0016573359999999997,32,0,0.0,0.0,0.0,0.0,0.0,0.182036,0.25000000499999997
71.49246950999999,0.1489426448125,0.0016573359999999997,32,0,0.0,0.0,0.0,0.0,0.0,0.16301,0.39999998999999997
71.72407095,0.15260440627659574,0.0016633800000000001,31,1,0.0,0.0,0.0,0.0,0.0,0.154523,2.625
71.72407095,0.1494251478125,0.0016633800000000001,31,1,0.0,0.0,0.0,0.0,0.0,0.17030001,1.875
71.72407095,0.1434481419,0.0016633800000000001,31,1,0.0,0.0,0.0,0.0,0.0,0.14566,0.599999995
71.72407095,0.13040740172727272,0.0016633800000000001,31,1,0.0,0.0,0.0,0.0,0.0,0.184172,0.0250000005
71.72407095,0.15260440627659574,0.0016633800000000001,31,0,0.0,0.0,0.0,0.0,0.0,0.18042301,0.22500000999999997
71.72407095,0.1494251478125,0.0016633800000000001,31,0,0.0,0.0,0.0,0.0,0.0,0.168606,0.400000005
73.62030774,0.15663895263829788,0.001662685,30,1,0.0,0.0,0.0,0.0,0.0,-99.989998,3.75
73.62030774,0.153375641125,0.001662685,30,1,0.0,0.0,0.0,0.0,0.0,-99.989998,2.79999995
73.62030774,0.150245526,0.001662685,30,1,0.0,0.0,0.0,0.0,0.0,0.097378999,1.92499995
73.62030774,0.14724061548,0.001662685,30,1,0.0,0.0,0.0,0.0,0.0,0.13259301,1.275
73.62030774,0.13385510498181818,0.001662685,30,1,0.0,0.0,0.0,0.0,0.0,0.14438599,0.0250000005
73.62030774,0.153375641125,0.001662685,30,0,0.0,0.0,0.0,0.0,0.0,0.174311,0.15000000000000002
73.62030774,0.150245526,0.001662685,30,0,0.0,0.0,0.0,0.0,0.0,0.1617,0.274999995
73.62030774,0.14724061548,0.001662685,30,0,0.0,0.0,0.0,0.0,0.0,0.154678,0.525000005
73.50450701999999,0.15639256812765956,0.001637418333333333,29,1,0.0,0.0,0.0,0.0,0.0,0.13438,3.8000000500000004
73.50450701999999,0.15000919799999998,0.001637418333333333,29,1,0.0,0.0,0.0,0.0,0.0,0.131338,1.95000005
73.50450701999999,0.14700901403999997,0.001637418333333333,29,1,0.0,0.0,0.0,0.0,0.0,0.135648,1.225
73.50450701999999,0.15000919799999998,0.001637418333333333,29,0,0.0,0.0,0.0,0.0,0.0,0.147893,0.22500000999999997
73.50450701999999,0.14700901403999997,0.001637418333333333,29,0,0.0,0.0,0.0,0.0,0.0,0.137825,0.45000000500000004
74.56118859,0.13556579743636363,0.0029150672527472527,185,1,0.0,0.0,0.0,0.0,0.0,0.13412599,0.57499999
74.99544129,0.15956476870212766,0.0023139682857142856,93,1,0.0,0.0,0.0,0.0,0.0,0.169989,4.8499999
74.99544129,0.14999088258,0.0023139682857142856,93,1,0.0,0.0,0.0,0.0,0.0,0.17378899,2.5
74.99544129,0.14999088258,0.0023139682857142856,93,0,0.0,0.0,0.0,0.0,0.0,0.145063,1.02499999
74.99544129,0.14999088258,0.002729480549450549,184,0,0.0,0.0,0.0,0.0,0.0,0.158584,1.85
74.99544129,0.14999088258,0.0037877657142857146,366,1,0.0,0.0,0.0,0.0,0.0,0.156956,3.45
75.00991637999999,0.15959556676595743,0.002310216285714286,92,1,0.0,0.0,0.0,0.0,0.0,0.209741,5.20000005
75.00991637999999,0.15001983276,0.002310216285714286,92,1,0.0,0.0,0.0,0.0,0.0,0.172304,2.675
75.00991637999999,0.13638166614545452,0.002310216285714286,92,1,0.0,0.0,0.0,0.0,0.0,0.139846,0.35000001000000003
75.00991637999999,0.156270659125,0.002310216285714286,92,0,0.0,0.0,0.0,0.0,0.0,0.17446101,0.525000005
75.00991637999999,0.15308146199999997,0.002310216285714286,92,0,0.0,0.0,0.0,0.0,0.0,0.17003199,0.75
75.00991637999999,0.15001983276,0.002310216285714286,92,0,0.0,0.0,0.0,0.0,0.0,0.160679,0.999999995
75.00991637999999,0.15001983276,0.002675256593406593,183,1,0.0,0.0,0.0,0.0,0.0,0.168835,3.15
75.00991637999999,0.13638166614545452,0.002675256593406593,183,1,0.0,0.0,0.0,0.0,0.0,0.132871,0.650000005
75.00991637999999,0.15959556676595743,0.002675256593406593,183,0,0.0,0.0,0.0,0.0,0.0,0.17974,0.94999999
75.00991637999999,0.156270659125,0.002675256593406593,183,0,0.0,0.0,0.0,0.0,0.0,0.171295,1.15
75.61787016,0.1608890854468085,0.002326640857142857,91,1,0.0,0.0,0.0,0.0,0.0,-99.989998,5.20000005
75.61787016,0.15123574031999998,0.002326640857142857,91,1,0.0,0.0,0.0,0.0,0.0,0.16354799,2.8000000500000004
75.61787016,0.19389197476923076,0.002326640857142857,91,0,0.0,0.0,0.0,0.0,0.0,0.27934301,0.05
75.61787016,0.154322184,0.002326640857142857,91,0,0.0,0.0,0.0,0.0,0.0,0.166134,0.650000005
75.61787016,0.15123574031999998,0.002326640857142857,91,0,0.0,0.0,0.0,0.0,0.0,0.164593,0.950000005
75.61787016,0.15123574031999998,0.002789403174603175,182,1,0.0,0.0,0.0,0.0,0.0,0.151499,3.0749999499999996
75.61787016,0.13748703665454545,0.002789403174603175,182,1,0.0,0.0,0.0,0.0,0.0,0.133637,0.700000015
75.61787016,0.16803971146666666,0.002789403174603175,182,0,0.0,0.0,0.0,0.0,0.0,0.191099,0.57499999
75.61787016,0.15123574031999998,0.004052301098901099,364,1,0.0,0.0,0.0,0.0,0.0,0.15484101,3.70000005
75.61787016,0.13748703665454545,0.004052301098901099,364,0,0.0,0.0,0.0,0.0,0.0,0.14301699,5.70000005
76.58770118999999,0.15317540238,0.0017139342857142856,31,1,0.0,0.0,0.0,0.0,0.0,0.194004,3.1
76.58770118999999,0.13925036579999997,0.0017139342857142856,31,1,0.0,0.0,0.0,0.0,0.0,0.136692,0.17500000500000001
76.58770118999999,0.15317540238,0.0028123158730158724,178,1,0.0,0.0,0.0,0.0,0.0,0.15820301,3.6000000500000002
76.58770118999999,0.13925036579999997,0.0028123158730158724,178,1,0.0,0.0,0.0,0.0,0.0,0.135949,0.900000005
76.58770118999999,0.15955771081249998,0.0028123158730158724,178,0,0.0,0.0,0.0,0.0,0.0,0.172305,0.92500001
76.58770118999999,0.1701948915333333,0.004106559120879121,360,0,0.0,0.0,0.0,0.0,0.0,0.188601,1.25
76.32714956999999,0.15265429913999998,0.0016868585714285716,30,0,0.0,0.0,0.0,0.0,0.0,0.17787801,0.20000000499999998
76.32714956999999,0.13877663558181816,0.002805629841269841,177,1,0.0,0.0,0.0,0.0,0.0,0.136714,0.925
76.32714956999999,0.15265429913999998,0.002805629841269841,177,0,0.0,0.0,0.0,0.0,0.0,0.15338901,1.3
76.39952502,0.13890822730909091,0.0016840307142857141,29,1,0.0,0.0,0.0,0.0,0.0,0.136511,0.15000000000000002
76.39952502,0.15279905004,0.0016840307142857141,29,0,0.0,0.0,0.0,0.0,0.0,0.17486,0.175
76.71797699999999,0.15343595399999999,0.0016665557142857142,28,1,0.0,0.0,0.0,0.0,0.0,-99.989998,2.9499999499999996
76.71797699999999,0.1394872309090909,0.0016665557142857142,28,1,0.0,0.0,0.0,0.0,0.0,0.129042,0.15000000000000002
78.07863545999999,0.15615727091999998,0.001809635714285714,31,1,0.0,0.0,0.0,0.0,0.0,0.24360099,4.1000001500000005
78.07863545999999,0.14196115538181817,0.001809635714285714,31,1,0.0,0.0,0.0,0.0,0.0,0.142782,0.375
78.07863545999999,0.15615727091999998,0.001809635714285714,31,0,0.0,0.0,0.0,0.0,0.0,0.182163,0.1250000005
78.07863545999999,0.14196115538181817,0.001809635714285714,31,0,0.0,0.0,0.0,0.0,0.0,0.11447,1.65
79.07741667,0.15815483334000002,0.0017966307142857144,30,1,0.0,0.0,0.0,0.0,0.0,-99.989998,4.5999999
79.07741667,0.14377712121818184,0.0017966307142857144,30,1,0.0,0.0,0.0,0.0,0.0,0.121459,0.45000000500000004
79.07741667,0.14377712121818184,0.0017966307142857144,30,0,0.0,0.0,0.0,0.0,0.0,0.121849,1.25
78.73001451,0.14314548092727272,0.0017823885714285713,29,1,0.0,0.0,0.0,0.0,0.0,0.124057,0.349999995
78.90371558999999,0.15780743117999999,0.00174969,28,1,0.0,0.0,0.0,0.0,0.0,-99.989998,4.5
78.90371558999999,0.14346130107272725,0.00174969,28,1,0.0,0.0,0.0,0.0,0.0,0.120742,0.375
79.3007296,0.16872495659574469,0.0018145445714285715,32,1,0.0,0.0,0.0,0.0,0.0,-99.989998,7.3499999
79.3007296,0.16520985333333332,0.0018145445714285715,32,1,0.0,0.0,0.0,0.0,0.0,-99.989998,6.29999995
79.3007296,0.1586014592,0.0018145445714285715,32,1,0.0,0.0,0.0,0.0,0.0,-99.989998,4.39999985
79.3007296,0.14418314472727273,0.0018145445714285715,32,1,0.0,0.0,0.0,0.0,0.0,0.125625,0.55000001
79.40277098,0.1443686745090909,0.0018052894285714286,31,1,0.0,0.0,0.0,0.0,0.0,0.12717301,0.575000015
79.40277098,0.1689420659148936,0.0018052894285714286,31,0,0.0,0.0,0.0,0.0,0.0,0.24427199,0.0250000005
79.40277098,0.1443686745090909,0.0018052894285714286,31,0,0.0,0.0,0.0,0.0,0.0,0.123576,1.075
80.27741138,0.14595892978181818,0.0017746485714285715,30,1,0.0,0.0,0.0,0.0,0.0,0.116828,0.775000005
80.27741138,0.13379568563333333,0.0017746485714285715,30,1,0.0,0.0,0.0,0.0,0.0,0.153661,0.0250000005
80.27741138,0.16055482276000002,0.0017746485714285715,30,0,0.0,0.0,0.0,0.0,0.0,0.19514699,0.05
79.78178182,0.15956356364000002,0.001741072,29,1,0.0,0.0,0.0,0.0,0.0,0.245986,4.89999985
79.78178182,0.14505778512727274,0.001741072,29,1,0.0,0.0,0.0,0.0,0.0,0.12957899,0.67500001
79.5193897,0.16919019085106385,0.0017322522857142854,28,1,0.0,0.0,0.0,0.0,0.0,0.325847,7.6500001
79.5193897,0.14458070854545454,0.0017322522857142854,28,1,0.0,0.0,0.0,0.0,0.0,0.119791,0.525000005
79.5193897,0.14458070854545454,0.0017322522857142854,28,0,0.0,0.0,0.0,0.0,0.0,0.108149,0.900000005
79.94213256,0.14534933192727273,0.0018704042857142858,32,1,0.0,0.0,0.0,0.0,0.0,0.167218,0.999999995
79.94213256,0.12298789624615385,0.0018704042857142858,32,1,0.0,0.0,0.0,0.0,0.0,0.265104,0.0250000005
79.94213256,0.15988426512,0.003317702857142857,186,1,0.0,0.0,0.0,0.0,0.0,0.183787,5.5500002
79.06749216,0.14375907665454546,0.0018651883333333332,31,1,0.0,0.0,0.0,0.0,0.0,0.18044899,0.80000001
79.06749216,0.14375907665454546,0.0018651883333333332,31,0,0.0,0.0,0.0,0.0,0.0,0.180585,1.575
79.06749216,0.1317791536,0.0032825485714285713,185,1,0.0,0.0,0.0,0.0,0.0,0.146153,0.42499999499999996
79.06749216,0.12164229563076923,0.0032825485714285713,185,1,0.0,0.0,0.0,0.0,0.0,0.136198,0.05
79.0820695,0.1437855809090909,0.00182907,30,1,0.0,0.0,0.0,0.0,0.0,0.185432,0.825000015
79.0820695,0.1437855809090909,0.00182907,30,0,0.0,0.0,0.0,0.0,0.0,0.178434,1.525
79.0820695,0.158164139,0.002601855142857143,93,1,0.0,0.0,0.0,0.0,0.0,0.199359,4.75
79.0820695,0.1437855809090909,0.002601855142857143,93,1,0.0,0.0,0.0,0.0,0.0,0.15625601,1.25
79.0820695,0.16475431145833333,0.002601855142857143,93,0,0.0,0.0,0.0,0.0,0.0,0.196251,0.29999999499999996
79.0820695,0.158164139,0.002601855142857143,93,0,0.0,0.0,0.0,0.0,0.0,0.181281,0.55000001
79.0820695,0.1437855809090909,0.002601855142857143,93,0,0.0,0.0,0.0,0.0,0.0,0.14731801,2.2250000500000002
78.70305866000001,0.1430964702909091,0.0018157947826086956,29,1,0.0,0.0,0.0,0.0,0.0,0.180261,0.674999985
78.70305866000001,0.1606184870612245,0.00261121,92,1,0.0,0.0,0.0,0.0,0.0,0.19320799,5.29999995
78.70305866000001,0.15740611732,0.00261121,92,1,0.0,0.0,0.0,0.0,0.0,0.195914,4.5
78.70305866000001,0.1430964702909091,0.00261121,92,1,0.0,0.0,0.0,0.0,0.0,0.155956,1.125
78.70305866000001,0.15740611732,0.00261121,92,0,0.0,0.0,0.0,0.0,0.0,0.18169899,0.599999995
78.70305866000001,0.15740611732,0.003209332857142857,183,1,0.0,0.0,0.0,0.0,0.0,0.178782,4.79999995
78.70305866000001,0.1430964702909091,0.003209332857142857,183,1,0.0,0.0,0.0,0.0,0.0,0.152786,1.65
77.08497392000001,0.15416994784000002,0.0017989626086956523,28,1,0.0,0.0,0.0,0.0,0.0,0.23586001,3.25
77.08497392000001,0.14015449803636365,0.0017989626086956523,28,1,0.0,0.0,0.0,0.0,0.0,0.195319,0.39999998999999997
77.08497392000001,0.15416994784000002,0.0017989626086956523,28,0,0.0,0.0,0.0,0.0,0.0,0.232493,0.35000001000000003
77.08497392000001,0.15731627330612247,0.0025908985714285715,91,1,0.0,0.0,0.0,0.0,0.0,0.19954801,4.39999985
77.08497392000001,0.15416994784000002,0.0025908985714285715,91,1,0.0,0.0,0.0,0.0,0.0,0.192536,3.6
77.08497392000001,0.14015449803636365,0.0025908985714285715,91,1,0.0,0.0,0.0,0.0,0.0,0.16102199,0.775000005
77.08497392000001,0.15416994784000002,0.0025908985714285715,91,0,0.0,0.0,0.0,0.0,0.0,0.180796,0.849999995
77.08497392000001,0.14015449803636365,0.0025908985714285715,91,0,0.0,0.0,0.0,0.0,0.0,0.151473,3.15
77.08497392000001,0.15416994784000002,0.003251925714285714,182,1,0.0,0.0,0.0,0.0,0.0,0.17542,3.94999995
77.08497392000001,0.14015449803636365,0.003251925714285714,182,1,0.0,0.0,0.0,0.0,0.0,0.15704501,1.275
77.08497392000001,0.17129994204444446,0.003251925714285714,182,0,0.0,0.0,0.0,0.0,0.0,0.19786599,0.500000015
77.28905668000002,0.15457811336000002,0.0033178785714285714,179,1,0.0,0.0,0.0,0.0,0.0,0.173354,4.0
77.28905668000002,0.15457811336000002,0.0033178785714285714,179,0,0.0,0.0,0.0,0.0,0.0,0.16529401,1.375
77.02666456000001,0.15405332912000003,0.0032972257142857143,178,1,0.0,0.0,0.0,0.0,0.0,0.176048,3.89999995
77.02666456000001,0.14004848101818185,0.0032972257142857143,178,1,0.0,0.0,0.0,0.0,0.0,0.156121,1.225
77.02666456000001,0.15405332912000003,0.0032972257142857143,178,0,0.0,0.0,0.0,0.0,0.0,0.16500901,1.425
76.69138574,0.15338277148,0.003327732857142857,177,1,0.0,0.0,0.0,0.0,0.0,0.16958299,3.65
76.69138574,0.13943888316363637,0.003327732857142857,177,1,0.0,0.0,0.0,0.0,0.0,0.151311,1.075
76.69138574,0.12781897623333333,0.003327732857142857,177,1,0.0,0.0,0.0,0.0,0.0,0.15377501,0.25000000499999997
76.69138574,0.15338277148,0.003327732857142857,177,0,0.0,0.0,0.0,0.0,0.0,0.16518299,1.5
72.66803990000001,0.14533607980000002,0.0018862435714285717,32,1,0.0,0.0,0.0,0.0,0.0,0.13035201,0.575000015
72.66803990000001,0.16148453311111113,0.0018862435714285717,32,0,0.0,0.0,0.0,0.0,0.0,0.188908,0.05
72.66803990000001,0.15461285085106385,0.0018862435714285717,32,0,0.0,0.0,0.0,0.0,0.0,0.1629,0.175
72.66803990000001,0.14830212224489797,0.0018862435714285717,32,0,0.0,0.0,0.0,0.0,0.0,0.13392,0.57499999
72.68261724,0.14536523448,0.0018979485714285716,31,1,0.0,0.0,0.0,0.0,0.0,0.131054,0.575000015
72.47853448000001,0.14495706896000002,0.0018643857142857142,30,1,0.0,0.0,0.0,0.0,0.0,0.125828,0.474999995
73.06162808,0.14910536342857145,0.0018528042857142858,29,1,0.0,0.0,0.0,0.0,0.0,0.128518,1.3
73.06162808,0.14612325616000002,0.0018528042857142858,29,1,0.0,0.0,0.0,0.0,0.0,0.121885,0.625
73.06162808,0.15221172516666667,0.0018528042857142858,29,0,0.0,0.0,0.0,0.0,0.0,0.14206301,0.20000000499999998
73.06162808,0.14910536342857145,0.0018528042857142858,29,0,0.0,0.0,0.0,0.0,0.0,0.132819,0.42500000000000004
72.97416404,0.15202950841666668,0.0018399464285714286,28,0,0.0,0.0,0.0,0.0,0.0,0.12733001,0.15000000000000002
72.97416404,0.14594832808000002,0.0018399464285714286,28,0,0.0,0.0,0.0,0.0,0.0,0.118654,0.82499999
70.224414,0.1463008625,0.0019015062857142859,31,1,0.0,0.0,0.0,0.0,0.0,0.14231101,0.69999999
70.224414,0.140448828,0.0019015062857142859,31,1,0.0,0.0,0.0,0.0,0.0,0.144076,0.15000000000000002
70.224414,0.1463008625,0.0019015062857142859,31,0,0.0,0.0,0.0,0.0,0.0,0.13461301,0.849999995
70.224414,0.140448828,0.0019015062857142859,31,0,0.0,0.0,0.0,0.0,0.0,0.146127,2.35
70.3419444,0.14068388880000002,0.0019007722857142858,30,1,0.0,0.0,0.0,0.0,0.0,0.13466699,0.125000005
70.3419444,0.12789444436363637,0.0019007722857142858,30,1,0.0,0.0,0.0,0.0,0.0,0.23463801,0.0250000005
70.3419444,0.156315432,0.0019007722857142858,30,0,0.0,0.0,0.0,0.0,0.0,0.166389,0.10000000549999999
70.3419444,0.15291727043478262,0.0019007722857142858,30,0,0.0,0.0,0.0,0.0,0.0,0.15286499,0.20000000499999998
70.3419444,0.14068388880000002,0.0019007722857142858,30,0,0.0,0.0,0.0,0.0,0.0,0.15367401,2.3
70.958979,0.14481424285714287,0.0018797177142857143,29,1,0.0,0.0,0.0,0.0,0.0,0.12859499,0.39999998999999997
70.958979,0.141917958,0.0018797177142857143,29,1,0.0,0.0,0.0,0.0,0.0,0.12638199,0.15000000000000002
70.958979,0.1509765510638298,0.0018797177142857143,29,0,0.0,0.0,0.0,0.0,0.0,0.13915899,0.275000005
70.958979,0.14783120624999999,0.0018797177142857143,29,0,0.0,0.0,0.0,0.0,0.0,0.13004801,0.575000015
70.1656488,0.146178435,0.0018643548571428573,28,1,0.0,0.0,0.0,0.0,0.0,0.134312,0.599999995
70.1656488,0.14319520163265306,0.0018643548571428573,28,1,0.0,0.0,0.0,0.0,0.0,0.125018,0.225
70.1656488,0.1403312976,0.0018643548571428573,28,1,0.0,0.0,0.0,0.0,0.0,0.135793,0.10000000549999999
70.1656488,0.155923664,0.0018643548571428573,28,0,0.0,0.0,0.0,0.0,0.0,0.16712999,0.10000000549999999
70.1656488,0.1525340191304348,0.0018643548571428573,28,0,0.0,0.0,0.0,0.0,0.0,0.14467099,0.17500000500000001
70.1656488,0.146178435,0.0018643548571428573,28,0,0.0,0.0,0.0,0.0,0.0,0.118368,0.75
70.1656488,0.14319520163265306,0.0018643548571428573,28,0,0.0,0.0,0.0,0.0,0.0,0.11,1.4
70.1656488,0.1403312976,0.0018643548571428573,28,0,0.0,0.0,0.0,0.0,0.0,0.088018999,2.25
70.41540090000001,0.14083080180000002,0.0038268014285714287,186,1,0.0,0.0,0.0,0.0,0.0,0.13941699,0.900000005
70.41540090000001,0.16003500204545457,0.0038268014285714287,186,0,0.0,0.0,0.0,0.0,0.0,0.16294999,0.874999995
71.39971800000001,0.1487494125,0.003717892857142857,185,1,0.0,0.0,0.0,0.0,0.0,0.14564499,2.00000005
71.39971800000001,0.142799436,0.003717892857142857,185,1,0.0,0.0,0.0,0.0,0.0,0.140597,1.1
71.105892,0.1545780260869565,0.0028399485714285717,93,1,0.0,0.0,0.0,0.0,0.0,0.164443,2.8999999499999998
71.8992222,0.1437984444,0.0028732171428571427,92,1,0.0,0.0,0.0,0.0,0.0,0.138634,0.799999985
71.8992222,0.14979004625,0.0028732171428571427,92,0,0.0,0.0,0.0,0.0,0.0,0.13948999,1.074999995
71.8992222,0.1437984444,0.0028732171428571427,92,0,0.0,0.0,0.0,0.0,0.0,0.134288,2.15
71.8992222,0.1529770685106383,0.003790777142857143,183,1,0.0,0.0,0.0,0.0,0.0,0.15624601,2.9499999499999996
71.8992222,0.13072585854545454,0.003790777142857143,183,1,0.0,0.0,0.0,0.0,0.0,0.13917901,0.22500000999999997
71.5172484,0.1430344968,0.0029105085714285716,91,1,0.0,0.0,0.0,0.0,0.0,0.133439,0.650000005
71.5172484,0.13003136072727273,0.0038876628571428568,182,1,0.0,0.0,0.0,0.0,0.0,0.139815,0.20000000499999998
71.5172484,0.17027916285714287,0.0038876628571428568,182,0,0.0,0.0,0.0,0.0,0.0,0.175714,0.400000005
71.5172484,0.15892721866666668,0.0038876628571428568,182,0,0.0,0.0,0.0,0.0,0.0,0.159803,0.925000005
71.29687890000001,0.14550383448979595,0.0019486007142857143,32,1,0.0,0.0,0.0,0.0,0.0,0.146027,0.625
71.29687890000001,0.14259375780000003,0.0019486007142857143,32,1,0.0,0.0,0.0,0.0,0.0,0.13868,0.275000005
71.29687890000001,0.1516954870212766,0.0019486007142857143,32,0,0.0,0.0,0.0,0.0,0.0,0.16276801,0.35000001000000003
71.29687890000001,0.14259375780000003,0.00407389,179,1,0.0,0.0,0.0,0.0,0.0,0.139522,1.075
71.29687890000001,0.13580357885714286,0.00407389,179,1,0.0,0.0,0.0,0.0,0.0,0.13771001,0.44999999999999996
71.29687890000001,0.23765626300000003,0.00407389,179,0,0.0,0.0,0.0,0.0,0.0,0.28577301,0.0250000005
71.29687890000001,0.2037053682857143,0.00407389,179,0,0.0,0.0,0.0,0.0,0.0,0.235553,0.075000005
70.8561399,0.14460436714285715,0.0018960014285714286,31,1,0.0,0.0,0.0,0.0,0.0,0.151628,0.5
70.8561399,0.15403508673913044,0.0018960014285714286,31,0,0.0,0.0,0.0,0.0,0.0,0.176908,0.25000000499999997
70.8561399,0.1507577444680851,0.0018960014285714286,31,0,0.0,0.0,0.0,0.0,0.0,0.15972701,0.42499999499999996
70.224414,0.15605425333333334,0.0018960064285714288,30,1,0.0,0.0,0.0,0.0,0.0,0.197997,3.0
70.224414,0.14941364680851063,0.0018960064285714288,30,1,0.0,0.0,0.0,0.0,0.0,0.17375401,1.4
70.224414,0.1463008625,0.0018960064285714288,30,1,0.0,0.0,0.0,0.0,0.0,0.16302,0.80000001
70.224414,0.14331513061224488,0.0018960064285714288,30,1,0.0,0.0,0.0,0.0,0.0,0.162269,0.42500000000000004
70.224414,0.140448828,0.0018960064285714288,30,1,0.0,0.0,0.0,0.0,0.0,0.14647,0.15000000000000002
70.224414,0.1596009409090909,0.0018960064285714288,30,0,0.0,0.0,0.0,0.0,0.0,0.218963,0.125000005
70.224414,0.15605425333333334,0.0018960064285714288,30,0,0.0,0.0,0.0,0.0,0.0,0.191888,0.17500000500000001
70.224414,0.15266176956521738,0.0018960064285714288,30,0,0.0,0.0,0.0,0.0,0.0,0.175244,0.29999999499999996
70.224414,0.14941364680851063,0.0018960064285714288,30,0,0.0,0.0,0.0,0.0,0.0,0.165342,0.55000001
70.224414,0.1463008625,0.0018960064285714288,30,0,0.0,0.0,0.0,0.0,0.0,0.155158,0.94999999
70.224414,0.140448828,0.0018960064285714288,30,0,0.0,0.0,0.0,0.0,0.0,0.140411,2.32500005
70.224414,0.15605425333333334,0.004029047142857143,177,0,0.0,0.0,0.0,0.0,0.0,0.155046,1.1
72.1049004,0.160233112,0.0019124071428571429,29,1,0.0,0.0,0.0,0.0,0.0,0.2234,4.20000005
72.1049004,0.15341468170212766,0.0019124071428571429,29,1,0.0,0.0,0.0,0.0,0.0,0.165674,2.3000000500000004
72.1049004,0.15021854250000002,0.0019124071428571429,29,1,0.0,0.0,0.0,0.0,0.0,0.144795,1.45
72.1049004,0.14715285795918367,0.0019124071428571429,29,1,0.0,0.0,0.0,0.0,0.0,0.137007,0.80000001
72.1049004,0.1442098008,0.0019124071428571429,29,1,0.0,0.0,0.0,0.0,0.0,0.12847,0.35000001000000003
72.1049004,0.15021854250000002,0.0019124071428571429,29,0,0.0,0.0,0.0,0.0,0.0,0.136664,0.32499999999999996
72.1049004,0.14715285795918367,0.0019124071428571429,29,0,0.0,0.0,0.0,0.0,0.0,0.139211,0.724999995
71.7376179,0.149453370625,0.0018869128571428573,28,1,0.0,0.0,0.0,0.0,0.0,0.141945,1.25
71.7376179,0.1464033018367347,0.0018869128571428573,28,1,0.0,0.0,0.0,0.0,0.0,0.139457,0.674999985
71.7376179,0.14347523580000002,0.0018869128571428573,28,1,0.0,0.0,0.0,0.0,0.0,0.130061,0.275000005
71.7376179,0.1526332295744681,0.0018869128571428573,28,0,0.0,0.0,0.0,0.0,0.0,0.152399,0.20000000499999998
71.7376179,0.149453370625,0.0018869128571428573,28,0,0.0,0.0,0.0,0.0,0.0,0.13922299,0.39999998999999997
71.7376179,0.1464033018367347,0.0018869128571428573,28,0,0.0,0.0,0.0,0.0,0.0,0.132349,0.80000001
71.7376179,0.14347523580000002,0.0018869128571428573,28,0,0.0,0.0,0.0,0.0,0.0,0.126967,1.425
77.3350032,0.147304768,0.0021080157142857143,32,1,0.0,0.0,0.0,0.0,0.0,0.12841301,0.75
77.3350032,0.1546700064,0.0021080157142857143,32,0,0.0,0.0,0.0,0.0,0.0,0.159234,0.22500000999999997
77.3350032,0.147304768,0.0021080157142857143,32,0,0.0,0.0,0.0,0.0,0.0,0.129539,0.92500001
77.3350032,0.13449565773913044,0.0021080157142857143,32,0,0.0,0.0,0.0,0.0,0.0,0.19365799,5.29999995
77.423151,0.14747266857142857,0.0020713222857142856,31,1,0.0,0.0,0.0,0.0,0.0,0.12961601,0.775000005
77.423151,0.16831119782608697,0.0020713222857142856,31,0,0.0,0.0,0.0,0.0,0.0,0.26511499,0.075000005
77.423151,0.14747266857142857,0.0020713222857142856,31,0,0.0,0.0,0.0,0.0,0.0,0.132728,0.900000005
77.276238,0.1471928342857143,0.0020386482857142857,30,1,0.0,0.0,0.0,0.0,0.0,0.137565,0.75
77.2321641,0.14710888400000002,0.0020056954285714284,29,1,0.0,0.0,0.0,0.0,0.0,0.13799,0.775000005
77.2321641,0.1544643282,0.0020056954285714284,29,0,0.0,0.0,0.0,0.0,0.0,0.164019,0.225
77.2321641,0.14710888400000002,0.0020056954285714284,29,0,0.0,0.0,0.0,0.0,0.0,0.13798399,0.97499999
77.2321641,0.14042211654545456,0.0020056954285714284,29,0,0.0,0.0,0.0,0.0,0.0,0.116901,2.85
75.86587320000001,0.14450642514285716,0.0019746277142857144,28,1,0.0,0.0,0.0,0.0,0.0,0.167576,0.525000005
75.86587320000001,0.15482831265306124,0.0019746277142857144,28,0,0.0,0.0,0.0,0.0,0.0,0.193637,0.29999999499999996
75.86587320000001,0.15173174640000003,0.0019746277142857144,28,0,0.0,0.0,0.0,0.0,0.0,0.185248,0.525000005
73.86149643,0.14772299286,0.0021610257142857144,32,1,0.0,0.0,0.0,0.0,0.0,0.208525,1.125
73.86149643,0.1538781175625,0.0021610257142857144,32,0,0.0,0.0,0.0,0.0,0.0,0.214748,0.55000001
74.24642305,0.15152331234693878,0.00212205,31,1,0.0,0.0,0.0,0.0,0.0,0.211732,1.825
74.26122792,0.14852245583999998,0.0021576300000000002,30,1,0.0,0.0,0.0,0.0,0.0,0.181318,1.125
74.26122792,0.14144995794285714,0.0021576300000000002,30,1,0.0,0.0,0.0,0.0,0.0,0.166879,0.224999995
74.26122792,0.15800261259574466,0.0021576300000000002,30,0,0.0,0.0,0.0,0.0,0.0,0.245103,0.324999995
74.12798409000001,0.14825596818000003,0.0021675930434782607,29,1,0.0,0.0,0.0,0.0,0.0,0.166228,0.97499999
74.12798409000001,0.15443330018750004,0.0021675930434782607,29,0,0.0,0.0,0.0,0.0,0.0,0.203298,0.375
74.12798409000001,0.14825596818000003,0.0021675930434782607,29,0,0.0,0.0,0.0,0.0,0.0,0.166806,0.900000005
73.86149643,0.15073774781632654,0.0019503508695652171,28,1,0.0,0.0,0.0,0.0,0.0,0.188136,1.525
73.86149643,0.14772299286,0.0019503508695652171,28,1,0.0,0.0,0.0,0.0,0.0,0.169544,0.875
73.86149643,0.14068856462857143,0.0019503508695652171,28,1,0.0,0.0,0.0,0.0,0.0,0.171942,0.175
73.86149643,0.1538781175625,0.0019503508695652171,28,0,0.0,0.0,0.0,0.0,0.0,0.201772,0.39999998999999997
73.86149643,0.15073774781632654,0.0019503508695652171,28,0,0.0,0.0,0.0,0.0,0.0,0.18354701,0.625
73.86149643,0.14772299286,0.0019503508695652171,28,0,0.0,0.0,0.0,0.0,0.0,0.169728,0.9999999900000001
73.86149643,0.14068856462857143,0.0019503508695652171,28,0,0.0,0.0,0.0,0.0,0.0,0.164087,2.7750001
78.55464022000001,0.16365550045833335,0.003948020659340659,185,0,0.0,0.0,0.0,0.0,0.0,0.18288501,0.97499999
78.55464022000001,0.15710928044000003,0.003948020659340659,185,0,0.0,0.0,0.0,0.0,0.0,0.169632,1.4500000000000002
77.65154315000001,0.14790770123809527,0.002953947142857143,93,1,0.0,0.0,0.0,0.0,0.0,0.157746,1.525
77.65154315000001,0.16880770250000002,0.002953947142857143,93,0,0.0,0.0,0.0,0.0,0.0,0.213569,0.32500000500000004
77.65154315000001,0.14790770123809527,0.002953947142857143,93,0,0.0,0.0,0.0,0.0,0.0,0.15789101,1.875
77.65154315000001,0.15530308630000003,0.0035423360439560438,184,1,0.0,0.0,0.0,0.0,0.0,0.17629001,3.70000005
77.72556750000001,0.14804870000000003,0.0029952714285714287,92,1,0.0,0.0,0.0,0.0,0.0,0.155773,1.525
77.72556750000001,0.19431391875000004,0.0029952714285714287,92,0,0.0,0.0,0.0,0.0,0.0,0.29586899,0.1
77.72556750000001,0.161928265625,0.0029952714285714287,92,0,0.0,0.0,0.0,0.0,0.0,0.192788,0.525000005
77.65154315000001,0.1617740482291667,0.00300597,91,1,0.0,0.0,0.0,0.0,0.0,0.179805,4.70000005
77.65154315000001,0.15530308630000003,0.00300597,91,1,0.0,0.0,0.0,0.0,0.0,0.16811299,3.0500000500000004
77.65154315000001,0.14790770123809527,0.00300597,91,1,0.0,0.0,0.0,0.0,0.0,0.153327,1.425
77.65154315000001,0.14118462390909092,0.00300597,91,1,0.0,0.0,0.0,0.0,0.0,0.141608,0.47500001000000003
77.65154315000001,0.13504616200000003,0.00300597,91,1,0.0,0.0,0.0,0.0,0.0,0.138561,0.1250000005
77.65154315000001,0.14790770123809527,0.003722835714285714,182,1,0.0,0.0,0.0,0.0,0.0,0.153189,1.97499995
77.74037237,0.14807689975238095,0.002020127142857143,32,1,0.0,0.0,0.0,0.0,0.0,0.179204,1.1
77.74037237,0.1413461315818182,0.002020127142857143,32,1,0.0,0.0,0.0,0.0,0.0,0.149214,0.17500000500000001
77.74037237,0.1352006476,0.003698782857142857,179,1,0.0,0.0,0.0,0.0,0.0,0.13979,0.400000005
78.03646977000001,0.14864089480000003,0.0020103614285714284,31,1,0.0,0.0,0.0,0.0,0.0,0.16904999,1.125
78.03646977000001,0.14188449049090912,0.0020103614285714284,31,1,0.0,0.0,0.0,0.0,0.0,0.14982501,0.20000000499999998
78.03646977000001,0.14864089480000003,0.0020103614285714284,31,0,0.0,0.0,0.0,0.0,0.0,0.1734,0.97499999
78.03646977000001,0.14188449049090912,0.0037958714285714285,178,1,0.0,0.0,0.0,0.0,0.0,0.14471699,1.02499999
78.03646977000001,0.13571559960000001,0.0037958714285714285,178,1,0.0,0.0,0.0,0.0,0.0,0.138515,0.42500001
78.03646977000001,0.1625759786875,0.0037958714285714285,178,0,0.0,0.0,0.0,0.0,0.0,0.184588,1.0499999899999999
79.11722528,0.1506994767238095,0.0019801185714285715,30,1,0.0,0.0,0.0,0.0,0.0,0.183578,1.65
79.11722528,0.1438495005090909,0.0019801185714285715,30,1,0.0,0.0,0.0,0.0,0.0,0.154392,0.375
79.11722528,0.1506994767238095,0.0019801185714285715,30,0,0.0,0.0,0.0,0.0,0.0,0.17450801,0.650000005
79.11722528,0.1438495005090909,0.003766604285714286,177,1,0.0,0.0,0.0,0.0,0.0,0.147306,1.325
79.22085937,0.1508968749904762,0.001982239285714286,29,1,0.0,0.0,0.0,0.0,0.0,0.196521,1.75
79.22085937,0.14403792612727273,0.001982239285714286,29,1,0.0,0.0,0.0,0.0,0.0,0.153264,0.375
79.22085937,0.1722192595,0.001982239285714286,29,0,0.0,0.0,0.0,0.0,0.0,0.31147301,0.075000005
79.22085937,0.1508968749904762,0.001982239285714286,29,0,0.0,0.0,0.0,0.0,0.0,0.172805,0.599999995
78.74710353,0.14999448291428572,0.0019383499999999997,28,1,0.0,0.0,0.0,0.0,0.0,0.19126099,1.5
78.74710353,0.1431765518727273,0.0019383499999999997,28,1,0.0,0.0,0.0,0.0,0.0,0.168026,0.35000001000000003
78.74710353,0.14999448291428572,0.0019383499999999997,28,0,0.0,0.0,0.0,0.0,0.0,0.18198501,0.75
77.81439672,0.1482178985142857,0.002094311714285714,32,1,0.0,0.0,0.0,0.0,0.0,0.166199,0.82499999
77.99205516,0.14855629554285715,0.002108646,31,1,0.0,0.0,0.0,0.0,0.0,0.152969,0.875
77.99205516,0.14855629554285715,0.002108646,31,0,0.0,0.0,0.0,0.0,0.0,0.15381099,1.075
79.32449346,0.15109427325714286,0.002127859714285714,30,1,0.0,0.0,0.0,0.0,0.0,0.15116,1.425
79.32449346,0.14422635174545453,0.002127859714285714,30,1,0.0,0.0,0.0,0.0,0.0,0.126678,0.20000000499999998
79.39851781000002,0.15123527201904766,0.002168405714285714,29,0,0.0,0.0,0.0,0.0,0.0,0.15619101,0.599999995
80.12395644,0.1456799208,0.0021294994285714288,28,1,0.0,0.0,0.0,0.0,0.0,0.133048,0.29999999499999996
80.12395644,0.15261705988571428,0.0021294994285714288,28,0,0.0,0.0,0.0,0.0,0.0,0.141129,0.39999998999999997
77.28573437,0.15457146874,0.0035211166666666667,32,1,0.0,0.0,0.0,0.0,0.0,0.242955,2.425
77.28573437,0.14721092260952381,0.0035211166666666667,32,1,0.0,0.0,0.0,0.0,0.0,0.197652,0.82499999
77.28573437,0.14051951703636364,0.0035211166666666667,32,1,0.0,0.0,0.0,0.0,0.0,0.176567,0.15000000000000002
77.28573437,0.17174607637777778,0.0035211166666666667,32,0,0.0,0.0,0.0,0.0,0.0,0.291152,0.10000000549999999
79.53735426,0.1514997224,0.00355303,31,1,0.0,0.0,0.0,0.0,0.0,0.210142,1.625
79.53735426,0.14461337138181818,0.00355303,31,1,0.0,0.0,0.0,0.0,0.0,0.175089,0.39999998999999997
79.53735426,0.1514997224,0.00355303,31,0,0.0,0.0,0.0,0.0,0.0,0.16438299,0.75
80.41712627,0.1531754786095238,0.0036404858333333335,30,1,0.0,0.0,0.0,0.0,0.0,0.17687701,1.95
80.41712627,0.14621295685454544,0.0036404858333333335,30,1,0.0,0.0,0.0,0.0,0.0,0.154356,0.525000005
80.41712627,0.1641165842244898,0.0036404858333333335,30,0,0.0,0.0,0.0,0.0,0.0,0.248594,0.15000000000000002
79.44788592,0.15889577184,0.0040519625,29,1,0.0,0.0,0.0,0.0,0.0,0.24816801,3.65
79.44788592,0.15132930651428572,0.0040519625,29,0,0.0,0.0,0.0,0.0,0.0,0.16337501,0.625
78.62775947,0.1497671608952381,0.00415249875,28,1,0.0,0.0,0.0,0.0,0.0,0.18014,1.175
78.62775947,0.14295956267272728,0.00415249875,28,1,0.0,0.0,0.0,0.0,0.0,0.147487,0.175
78.62775947,0.1497671608952381,0.00415249875,28,0,0.0,0.0,0.0,0.0,0.0,0.162163,0.82499999
78.82160754,0.17515912786666668,0.006999703469387755,186,0,0.0,0.0,0.0,0.0,0.0,0.235076,0.82499999
79.3285948,0.14423380872727273,0.007012307551020408,185,1,0.0,0.0,0.0,0.0,0.0,0.175092,1.65
79.3285948,0.17628576622222222,0.007012307551020408,185,0,0.0,0.0,0.0,0.0,0.0,0.236885,0.799999985
79.3285948,0.1586571896,0.007012307551020408,185,0,0.0,0.0,0.0,0.0,0.0,0.20353299,1.875
77.92692414,0.14843223645714285,0.005897788571428571,93,1,0.0,0.0,0.0,0.0,0.0,0.191999,1.775
77.92692414,0.14843223645714285,0.006733253673469389,184,1,0.0,0.0,0.0,0.0,0.0,0.190238,2.4750000500000002
78.70231642,0.14309512076363637,0.005808347142857143,92,1,0.0,0.0,0.0,0.0,0.0,0.178654,0.875
78.70231642,0.15740463284,0.005808347142857143,92,0,0.0,0.0,0.0,0.0,0.0,0.202263,1.125
76.82348128000001,0.1396790568727273,0.005732585714285714,91,1,0.0,0.0,0.0,0.0,0.0,0.17841101,0.549999985
76.82348128000001,0.15364696256000002,0.005732585714285714,91,0,0.0,0.0,0.0,0.0,0.0,0.20722499,1.575
76.82348128000001,0.1396790568727273,0.006485952857142857,182,1,0.0,0.0,0.0,0.0,0.0,0.182823,1.15
76.82348128000001,0.1336060544,0.006485952857142857,182,1,0.0,0.0,0.0,0.0,0.0,0.17876901,0.599999995
78.46373417999999,0.14945473177142854,0.004353287142857143,31,1,0.0,0.0,0.0,0.0,0.0,0.22576299,1.45
78.46373417999999,0.14266133487272725,0.004353287142857143,31,1,0.0,0.0,0.0,0.0,0.0,0.203328,0.42500000000000004
78.46373417999999,0.15692746836,0.004353287142857143,31,0,0.0,0.0,0.0,0.0,0.0,0.249267,0.525000005
78.46373417999999,0.14945473177142854,0.004353287142857143,31,0,0.0,0.0,0.0,0.0,0.0,0.215691,1.25
78.46373417999999,0.14266133487272725,0.006682902857142858,178,1,0.0,0.0,0.0,0.0,0.0,0.184484,1.5
78.46373417999999,0.15692746836,0.006682902857142858,178,0,0.0,0.0,0.0,0.0,0.0,0.209517,2.125
78.46373417999999,0.14945473177142854,0.007556630714285715,367,1,0.0,0.0,0.0,0.0,0.0,0.19126201,3.55
78.46373417999999,0.14266133487272725,0.007556630714285715,367,1,0.0,0.0,0.0,0.0,0.0,0.188482,2.525
78.46373417999999,0.13077289029999997,0.007556630714285715,367,1,0.0,0.0,0.0,0.0,0.0,0.169837,0.950000005
77.41993688000001,0.14746654643809526,0.00433725,30,1,0.0,0.0,0.0,0.0,0.0,0.25789699,1.275
77.41993688000001,0.14076352160000002,0.00433725,30,1,0.0,0.0,0.0,0.0,0.0,0.230105,0.375
77.41993688000001,0.1720443041777778,0.00433725,30,0,0.0,0.0,0.0,0.0,0.0,0.34144399,0.15000000000000002
77.41993688000001,0.15483987376000002,0.00433725,30,0,0.0,0.0,0.0,0.0,0.0,0.242397,0.650000005
77.41993688000001,0.14746654643809526,0.00433725,30,0,0.0,0.0,0.0,0.0,0.0,0.20056599,1.5
77.41993688000001,0.13464336848695654,0.0065071714285714274,177,1,0.0,0.0,0.0,0.0,0.0,0.178872,0.67500001
77.41993688000001,0.1720443041777778,0.0065071714285714274,177,0,0.0,0.0,0.0,0.0,0.0,0.25138301,1.0999999950000001
77.41993688000001,0.20373667600000003,0.007263675,366,0,0.0,0.0,0.0,0.0,0.0,0.27425,0.9
77.41993688000001,0.18004636483720932,0.007263675,366,0,0.0,0.0,0.0,0.0,0.0,0.22606599,1.425
77.41993688000001,0.14746654643809526,0.007263675,366,0,0.0,0.0,0.0,0.0,0.0,0.200086,5.0500002
77.50940521999999,0.14763696232380952,0.004329565714285714,29,1,0.0,0.0,0.0,0.0,0.0,0.236113,1.15
77.50940521999999,0.1409261913090909,0.004329565714285714,29,1,0.0,0.0,0.0,0.0,0.0,0.21244501,0.29999999499999996
77.50940521999999,0.15501881044,0.004329565714285714,29,0,0.0,0.0,0.0,0.0,0.0,0.260032,0.69999999
77.50940521999999,0.14763696232380952,0.004329565714285714,29,0,0.0,0.0,0.0,0.0,0.0,0.22698601,1.6
77.50940521999999,0.15501881044,0.007206292142857143,365,1,0.0,0.0,0.0,0.0,0.0,0.205166,4.70000005
77.50940521999999,0.25836468406666663,0.007206292142857143,365,0,0.0,0.0,0.0,0.0,0.0,0.330605,0.3
79.00054422,0.1504772270857143,0.0043165700000000005,28,1,0.0,0.0,0.0,0.0,0.0,0.229582,1.575
79.00054422,0.14363735312727272,0.0043165700000000005,28,1,0.0,0.0,0.0,0.0,0.0,0.20267101,0.45000000500000004
79.00054422,0.15800108844,0.0043165700000000005,28,0,0.0,0.0,0.0,0.0,0.0,0.26034701,0.45000000500000004
79.00054422,0.1504772270857143,0.0043165700000000005,28,0,0.0,0.0,0.0,0.0,0.0,0.22531299,1.1
77.97165831,0.18132943793023254,0.007382843571428571,360,0,0.0,0.0,0.0,0.0,0.0,0.22991,1.375
81.69950581,0.15561810630476192,0.004419762857142857,31,1,0.0,0.0,0.0,0.0,0.0,0.261246,2.825
81.69950581,0.14854455601818184,0.004419762857142857,31,1,0.0,0.0,0.0,0.0,0.0,0.24047799,1.25
81.69950581,0.14208609706086958,0.004419762857142857,31,1,0.0,0.0,0.0,0.0,0.0,0.22048301,0.375
81.69950581,0.18155445735555556,0.004419762857142857,31,0,0.0,0.0,0.0,0.0,0.0,0.41254699,0.15000000000000002
81.69950581,0.16339901162,0.004419762857142857,31,0,0.0,0.0,0.0,0.0,0.0,0.294788,0.39999998999999997
81.69950581,0.15561810630476192,0.004419762857142857,31,0,0.0,0.0,0.0,0.0,0.0,0.25690201,0.849999995
81.69950581,0.14854455601818184,0.004419762857142857,31,0,0.0,0.0,0.0,0.0,0.0,0.233,1.85
81.8635311,0.15593053542857144,0.0044106828571428575,30,1,0.0,0.0,0.0,0.0,0.0,0.26429999,2.92499995
81.8635311,0.14884278381818183,0.0044106828571428575,30,1,0.0,0.0,0.0,0.0,0.0,0.23195601,1.25
81.8635311,0.1423713584347826,0.0044106828571428575,30,1,0.0,0.0,0.0,0.0,0.0,0.21634801,0.375
81.8635311,0.13643921850000001,0.0044106828571428575,30,1,0.0,0.0,0.0,0.0,0.0,0.220265,0.1
81.8635311,0.18191895800000002,0.0044106828571428575,30,0,0.0,0.0,0.0,0.0,0.0,0.391287,0.10000000549999999
81.8635311,0.1637270622,0.0044106828571428575,30,0,0.0,0.0,0.0,0.0,0.0,0.27882099,0.29999999499999996
81.8635311,0.15593053542857144,0.0044106828571428575,30,0,0.0,0.0,0.0,0.0,0.0,0.248037,0.724999995
81.8635311,0.14884278381818183,0.0044106828571428575,30,0,0.0,0.0,0.0,0.0,0.0,0.228595,1.7
82.47489809,0.16494979618,0.004412413714285714,29,1,0.0,0.0,0.0,0.0,0.0,0.304203,5.3499999
82.47489809,0.15709504398095236,0.004412413714285714,29,1,0.0,0.0,0.0,0.0,0.0,0.25658399,3.0500000500000004
82.47489809,0.14995436016363636,0.004412413714285714,29,1,0.0,0.0,0.0,0.0,0.0,0.20544,1.15
82.47489809,0.16494979618,0.004412413714285714,29,0,0.0,0.0,0.0,0.0,0.0,0.24375001,0.17500000500000001
82.47489809,0.15709504398095236,0.004412413714285714,29,0,0.0,0.0,0.0,0.0,0.0,0.20072,0.45000000500000004
82.47489809,0.14995436016363636,0.004412413714285714,29,0,0.0,0.0,0.0,0.0,0.0,0.151298,1.175
82.7582145,0.15763469428571428,0.0044098662857142866,28,1,0.0,0.0,0.0,0.0,0.0,0.208492,3.1
82.7582145,0.1504694809090909,0.0044098662857142866,28,1,0.0,0.0,0.0,0.0,0.0,0.179474,1.15
82.7582145,0.1439273295652174,0.0044098662857142866,28,1,0.0,0.0,0.0,0.0,0.0,0.171864,0.25000000499999997
82.7582145,0.165516429,0.0044098662857142866,28,0,0.0,0.0,0.0,0.0,0.0,0.241263,0.125000005
82.7582145,0.15763469428571428,0.0044098662857142866,28,0,0.0,0.0,0.0,0.0,0.0,0.21306001,0.39999998999999997
82.7582145,0.1504694809090909,0.0044098662857142866,28,0,0.0,0.0,0.0,0.0,0.0,0.176752,1.1
87.43561108,0.14572601846666666,0.00450172,32,1,0.0,0.0,0.0,0.0,0.0,0.137208,0.32499999999999996
87.43561108,0.139896977728,0.00450172,32,1,0.0,0.0,0.0,0.0,0.0,0.125616,0.0250000005
87.43561108,0.1520619323130435,0.00450172,32,0,0.0,0.0,0.0,0.0,0.0,0.150492,0.69999999
88.11142738,0.15323726500869564,0.0044727,31,1,0.0,0.0,0.0,0.0,0.0,0.163398,1.8
88.11142738,0.14685237896666667,0.0044727,31,1,0.0,0.0,0.0,0.0,0.0,0.135885,0.42500000000000004
88.11142738,0.15323726500869564,0.0044727,31,0,0.0,0.0,0.0,0.0,0.0,0.15790699,0.575000015
88.35171762,0.16063948658181817,0.0044428375,30,1,0.0,0.0,0.0,0.0,0.0,0.202924,4.04999995
88.35171762,0.15365516107826088,0.0044428375,30,1,0.0,0.0,0.0,0.0,0.0,0.160303,1.875
88.35171762,0.14725286270000001,0.0044428375,30,1,0.0,0.0,0.0,0.0,0.0,0.134142,0.45000000500000004
88.35171762,0.15365516107826088,0.0044428375,30,0,0.0,0.0,0.0,0.0,0.0,0.15611599,0.5
88.27662692,0.15352456855652175,0.0043512175,29,1,0.0,0.0,0.0,0.0,0.0,0.156234,1.8
88.27662692,0.14712771153333334,0.0043512175,29,1,0.0,0.0,0.0,0.0,0.0,0.130529,0.39999998999999997
88.27662692,0.15352456855652175,0.0043512175,29,0,0.0,0.0,0.0,0.0,0.0,0.147374,0.45000000500000004
88.0063004,0.15305443547826086,0.00430440875,28,1,0.0,0.0,0.0,0.0,0.0,0.171726,1.75
88.0063004,0.14667716733333333,0.00430440875,28,1,0.0,0.0,0.0,0.0,0.0,0.133082,0.35000001000000003
88.0063004,0.16001145527272728,0.00430440875,28,0,0.0,0.0,0.0,0.0,0.0,0.18530899,0.15000000000000002
88.0063004,0.15305443547826086,0.00430440875,28,0,0.0,0.0,0.0,0.0,0.0,0.140452,0.45000000500000004
88.0063004,0.14667716733333333,0.00430440875,28,0,0.0,0.0,0.0,0.0,0.0,0.096166,1.5499999999999998
85.61841614,0.1489015932869565,0.005949871428571428,93,1,0.0,0.0,0.0,0.0,0.0,0.153621,1.425
85.61841614,0.14269736023333332,0.005949871428571428,93,1,0.0,0.0,0.0,0.0,0.0,0.137182,0.47500001000000003
85.54332544,0.15553331898181819,0.005936178571428572,92,1,0.0,0.0,0.0,0.0,0.0,0.17149299,2.92499995
85.54332544,0.1487710007652174,0.005936178571428572,92,1,0.0,0.0,0.0,0.0,0.0,0.148443,1.325
85.45321659999999,0.15536948472727272,0.005925625714285714,91,1,0.0,0.0,0.0,0.0,0.0,0.15763199,2.75
85.45321659999999,0.14242202766666665,0.005925625714285714,91,1,0.0,0.0,0.0,0.0,0.0,0.135646,0.42499999499999996
85.45321659999999,0.15536948472727272,0.005925625714285714,91,0,0.0,0.0,0.0,0.0,0.0,0.157416,1.075
85.85870638,0.14931948935652173,0.004524068571428571,32,1,0.0,0.0,0.0,0.0,0.0,0.15998299,0.875
85.85870638,0.14309784396666667,0.004524068571428571,32,1,0.0,0.0,0.0,0.0,0.0,0.152457,0.17500000500000001
85.85870638,0.15610673887272727,0.004524068571428571,32,0,0.0,0.0,0.0,0.0,0.0,0.16771799,0.375
85.85870638,0.14309784396666667,0.00676985619047619,186,1,0.0,0.0,0.0,0.0,0.0,0.14260601,1.0250000099999999
85.85870638,0.1907971252888889,0.00676985619047619,186,0,0.0,0.0,0.0,0.0,0.0,0.22673801,0.300000005
85.79863382,0.14921501533913045,0.004532299285714286,31,1,0.0,0.0,0.0,0.0,0.0,0.15233301,0.849999995
85.79863382,0.14299772303333336,0.004532299285714286,31,1,0.0,0.0,0.0,0.0,0.0,0.136613,0.125000005
85.79863382,0.15599751603636364,0.004532299285714286,31,0,0.0,0.0,0.0,0.0,0.0,0.170149,0.35000001000000003
85.79863382,0.14299772303333336,0.006869376666666666,185,1,0.0,0.0,0.0,0.0,0.0,0.141242,1.024999995
85.21292636,0.15493259338181817,0.0045180864285714285,30,1,0.0,0.0,0.0,0.0,0.0,0.191558,2.3000000500000004
85.21292636,0.14819639366956522,0.0045180864285714285,30,1,0.0,0.0,0.0,0.0,0.0,0.149304,0.650000005
85.21292636,0.14202154393333333,0.0045180864285714285,30,1,0.0,0.0,0.0,0.0,0.0,0.144107,0.10000000549999999
85.21292636,0.15493259338181817,0.0045180864285714285,30,0,0.0,0.0,0.0,0.0,0.0,0.17943899,0.474999995
84.6272189,0.15386767072727273,0.004482200714285714,29,1,0.0,0.0,0.0,0.0,0.0,0.179454,1.925
84.6272189,0.147177772,0.004482200714285714,29,1,0.0,0.0,0.0,0.0,0.0,0.151262,0.5
84.6272189,0.147177772,0.004482200714285714,29,0,0.0,0.0,0.0,0.0,0.0,0.151457,1.65
84.6272189,0.14104536483333333,0.0070964144444444445,183,1,0.0,0.0,0.0,0.0,0.0,0.141541,0.799999985
84.68729146,0.1472822460173913,0.00444756,28,1,0.0,0.0,0.0,0.0,0.0,0.15541901,0.525000005
84.68729146,0.21171822865,0.007114107619047619,182,0,0.0,0.0,0.0,0.0,0.0,0.27830699,0.175
84.89754542,0.14149590903333334,0.00714801873015873,178,1,0.0,0.0,0.0,0.0,0.0,0.140872,0.799999985
84.89754542,0.135836072672,0.00714801873015873,178,1,0.0,0.0,0.0,0.0,0.0,0.13499101,0.32500000500000004
84.70230959999999,0.14730836452173912,0.007065335555555555,177,1,0.0,0.0,0.0,0.0,0.0,0.152989,1.65
84.70230959999999,0.141170516,0.007065335555555555,177,1,0.0,0.0,0.0,0.0,0.0,0.13913999,0.724999995
92.2864703,0.15381078383333335,0.004475461428571428,32,1,0.0,0.0,0.0,0.0,0.0,0.15376399,1.85
92.2864703,0.14765835248,0.004475461428571428,32,1,0.0,0.0,0.0,0.0,0.0,0.13107599,0.42499999499999996
92.2864703,0.15381078383333335,0.004475461428571428,32,0,0.0,0.0,0.0,0.0,0.0,0.15395901,0.650000005
92.2864703,0.14765835248,0.004475461428571428,32,0,0.0,0.0,0.0,0.0,0.0,0.123871,1.7999999999999998
91.20516422,0.15200860703333333,0.004492426285714286,31,1,0.0,0.0,0.0,0.0,0.0,0.144903,1.275
91.20516422,0.1658275713090909,0.004492426285714286,31,0,0.0,0.0,0.0,0.0,0.0,0.209315,0.10000000549999999
91.20516422,0.15861767690434783,0.004492426285714286,31,0,0.0,0.0,0.0,0.0,0.0,0.173546,0.275000005
91.20516422,0.15200860703333333,0.004492426285714286,31,0,0.0,0.0,0.0,0.0,0.0,0.150214,0.900000005
91.3102912,0.1588005064347826,0.004491516857142857,30,0,0.0,0.0,0.0,0.0,0.0,0.171151,0.25000000499999997
91.3102912,0.15218381866666666,0.004491516857142857,30,0,0.0,0.0,0.0,0.0,0.0,0.142782,0.825000015
91.25021864,0.15208369773333333,0.004524083714285715,29,1,0.0,0.0,0.0,0.0,0.0,0.141709,1.225
91.25021864,0.15208369773333333,0.004524083714285715,29,0,0.0,0.0,0.0,0.0,0.0,0.147588,0.849999995
91.20516422,0.15200860703333333,0.004511882285714286,28,1,0.0,0.0,0.0,0.0,0.0,0.13153499,1.15
91.20516422,0.145928262752,0.004511882285714286,28,1,0.0,0.0,0.0,0.0,0.0,0.13647699,0.225
91.20516422,0.15200860703333333,0.004511882285714286,28,0,0.0,0.0,0.0,0.0,0.0,0.144446,0.80000001
94.58521472,0.15133634355199999,0.00454319,32,1,0.0,0.0,0.0,0.0,0.0,0.13974699,1.075
94.58521472,0.1576420245333333,0.00454319,32,0,0.0,0.0,0.0,0.0,0.0,0.170645,0.35000001000000003
94.58521472,0.15133634355199999,0.00454319,32,0,0.0,0.0,0.0,0.0,0.0,0.137536,0.974999995
95.22021776,0.15870036293333334,0.004515155,31,1,0.0,0.0,0.0,0.0,0.0,0.14314,3.0
95.22021776,0.15235234841599998,0.004515155,31,1,0.0,0.0,0.0,0.0,0.0,0.164606,1.3
95.22021776,0.1464926427076923,0.004515155,31,1,0.0,0.0,0.0,0.0,0.0,0.13232,0.225
95.22021776,0.15870036293333334,0.004515155,31,0,0.0,0.0,0.0,0.0,0.0,0.17509,0.349999995
95.22021776,0.15235234841599998,0.004515155,31,0,0.0,0.0,0.0,0.0,0.0,0.122037,0.825000015
94.94807359999999,0.1582467893333333,0.00452167,30,1,0.0,0.0,0.0,0.0,0.0,0.234207,3.2749999499999998
94.94807359999999,0.1651270845217391,0.00452167,30,0,0.0,0.0,0.0,0.0,0.0,0.216699,0.15000000000000002
94.94807359999999,0.15191691776,0.00452167,30,0,0.0,0.0,0.0,0.0,0.0,0.122874,0.849999995
95.87033991999999,0.15978389986666666,0.004524240434782609,29,1,0.0,0.0,0.0,0.0,0.0,-99.989998,3.3
95.87033991999999,0.14749283064615384,0.004524240434782609,29,1,0.0,0.0,0.0,0.0,0.0,0.138208,0.32499999999999996
95.87033991999999,0.15978389986666666,0.004524240434782609,29,0,0.0,0.0,0.0,0.0,0.0,0.182138,0.274999995
95.87033991999999,0.153392543872,0.004524240434782609,29,0,0.0,0.0,0.0,0.0,0.0,0.12927499,0.650000005
94.72128679999999,0.1578688113333333,0.0045059956521739135,28,1,0.0,0.0,0.0,0.0,0.0,0.186903,3.0249999499999998
94.72128679999999,0.15155405887999998,0.0045059956521739135,28,1,0.0,0.0,0.0,0.0,0.0,0.146378,1.1
94.72128679999999,0.1457250566153846,0.0045059956521739135,28,1,0.0,0.0,0.0,0.0,0.0,0.13312601,0.20000000499999998
101.64584376,0.14520834822857143,0.004985965714285714,32,1,0.0,0.0,0.0,0.0,0.0,0.15342399,0.32500000500000004
101.64584376,0.15637822116923078,0.004985965714285714,32,0,0.0,0.0,0.0,0.0,0.0,0.18690699,0.599999995
101.64584376,0.1505864352,0.004985965714285714,32,0,0.0,0.0,0.0,0.0,0.0,0.16021,1.4
101.64584376,0.1505864352,0.007353905000000001,186,1,0.0,0.0,0.0,0.0,0.0,0.157122,2.6499999499999998
101.64584376,0.14520834822857143,0.007353905000000001,186,1,0.0,0.0,0.0,0.0,0.0,0.141635,1.425
101.64584376,0.20329168752000001,0.007353905000000001,186,0,0.0,0.0,0.0,0.0,0.0,0.25921899,0.275000005
101.64584376,0.18481062501818182,0.007353905000000001,186,0,0.0,0.0,0.0,0.0,0.0,0.228306,0.57499999
101.64584376,0.1694097396,0.007353905000000001,186,0,0.0,0.0,0.0,0.0,0.0,0.190117,1.075
102.23548944,0.15145998435555555,0.004959032285714285,31,1,0.0,0.0,0.0,0.0,0.0,0.17467,1.2999999999999998
102.23548944,0.1460506992,0.004959032285714285,31,1,0.0,0.0,0.0,0.0,0.0,0.153145,0.324999995
102.23548944,0.15728536836923077,0.004959032285714285,31,0,0.0,0.0,0.0,0.0,0.0,0.175822,0.5
102.23548944,0.15145998435555555,0.004959032285714285,31,0,0.0,0.0,0.0,0.0,0.0,0.150143,1.275
102.23548944,0.13631398592,0.007441089285714286,185,1,0.0,0.0,0.0,0.0,0.0,0.13218699,0.375
102.23548944,0.20447097888,0.007441089285714286,185,0,0.0,0.0,0.0,0.0,0.0,0.27290499,0.32500000500000004
102.23548944,0.18588270807272728,0.007441089285714286,185,0,0.0,0.0,0.0,0.0,0.0,0.226568,0.524999995
102.23548944,0.1778008512,0.007441089285714286,185,0,0.0,0.0,0.0,0.0,0.0,0.208271,0.72500002
102.23548944,0.1703924824,0.007441089285714286,185,0,0.0,0.0,0.0,0.0,0.0,0.187479,0.975000005
102.23548944,0.16357678310399998,0.007441089285714286,185,0,0.0,0.0,0.0,0.0,0.0,0.17579401,1.475
102.23548944,0.15728536836923077,0.007441089285714286,185,0,0.0,0.0,0.0,0.0,0.0,0.159091,2.1
102.46227624,0.15763427113846154,0.0049637405714285715,30,0,0.0,0.0,0.0,0.0,0.0,0.184562,0.42500000000000004
102.46227624,0.163939641984,0.007676119285714286,184,1,0.0,0.0,0.0,0.0,0.0,0.170425,6.1500001
102.46227624,0.14637468034285714,0.007676119285714286,184,1,0.0,0.0,0.0,0.0,0.0,0.14391799,1.625
102.46227624,0.14132727757241378,0.007676119285714286,184,1,0.0,0.0,0.0,0.0,0.0,0.132266,0.775000005
101.57024816,0.15047444171851854,0.0049549868571428565,29,1,0.0,0.0,0.0,0.0,0.0,0.167273,1.125
101.57024816,0.1451003545142857,0.007071082142857142,92,1,0.0,0.0,0.0,0.0,0.0,0.13588201,0.69999999
101.57024816,0.15626192024615385,0.007071082142857142,92,0,0.0,0.0,0.0,0.0,0.0,0.156987,1.275
101.57024816,0.15047444171851854,0.007071082142857142,92,0,0.0,0.0,0.0,0.0,0.0,0.14380801,2.2749999499999998
101.57024816,0.1451003545142857,0.007071082142857142,92,0,0.0,0.0,0.0,0.0,0.0,0.136149,3.85
101.57024816,0.15047444171851854,0.007886117500000001,183,1,0.0,0.0,0.0,0.0,0.0,0.156753,2.6
101.57024816,0.21610691097872342,0.007886117500000001,183,0,0.0,0.0,0.0,0.0,0.0,0.28746399,0.20000000499999998
101.57024816,0.1846731784727273,0.007886117500000001,183,0,0.0,0.0,0.0,0.0,0.0,0.23265301,0.599999995
101.6004864,0.1505192391111111,0.004954202857142858,28,1,0.0,0.0,0.0,0.0,0.0,0.17238501,1.15
101.6004864,0.1563084406153846,0.004954202857142858,28,0,0.0,0.0,0.0,0.0,0.0,0.17724501,0.47500001000000003
101.6004864,0.1505192391111111,0.007095615,91,1,0.0,0.0,0.0,0.0,0.0,0.148635,1.725
101.6004864,0.14514355199999998,0.007095615,91,1,0.0,0.0,0.0,0.0,0.0,0.140018,0.75
101.6004864,0.16256077823999998,0.007095615,91,0,0.0,0.0,0.0,0.0,0.0,0.171977,0.67500001
101.6004864,0.22577885866666667,0.007928660714285714,182,1,0.0,0.0,0.0,0.0,0.0,0.37022299,22.4
101.6004864,0.14514355199999998,0.007928660714285714,182,1,0.0,0.0,0.0,0.0,0.0,0.141093,1.375
101.6004864,0.19352473599999998,0.007928660714285714,182,0,0.0,0.0,0.0,0.0,0.0,0.24596301,0.39999998999999997
101.63072464,0.14518674948571428,0.008146549285714285,179,1,0.0,0.0,0.0,0.0,0.0,0.144099,1.375
101.63072464,0.14018030984827587,0.008146549285714285,179,1,0.0,0.0,0.0,0.0,0.0,0.14782199,0.82499999
101.63072464,0.19358233264761904,0.008146549285714285,179,0,0.0,0.0,0.0,0.0,0.0,0.250691,0.42500000000000004
101.63072464,0.1847831357090909,0.008146549285714285,179,0,0.0,0.0,0.0,0.0,0.0,0.233803,0.599999995
101.63072464,0.16938454106666667,0.008146549285714285,179,0,0.0,0.0,0.0,0.0,0.0,0.195316,1.125
101.63072464,0.162609159424,0.008146549285714285,179,0,0.0,0.0,0.0,0.0,0.0,0.178616,1.6
101.82727319999998,0.1851404967272727,0.008145204999999999,178,1,0.0,0.0,0.0,0.0,0.0,0.20482901,12.45
101.82727319999998,0.20365454639999997,0.008145204999999999,178,0,0.0,0.0,0.0,0.0,0.0,0.269822,0.300000005
101.82727319999998,0.16971212199999997,0.008145204999999999,178,0,0.0,0.0,0.0,0.0,0.0,0.195921,1.1
101.82727319999998,0.15665734338461534,0.008145204999999999,178,0,0.0,0.0,0.0,0.0,0.0,0.16359501,2.25
99.93738319999999,0.1665623053333333,0.008070202142857143,177,1,0.0,0.0,0.0,0.0,0.0,0.187692,6.89999985
99.93738319999999,0.1537498203076923,0.008070202142857143,177,1,0.0,0.0,0.0,0.0,0.0,0.16417401,3.29999995
99.93738319999999,0.1480553825185185,0.008070202142857143,177,1,0.0,0.0,0.0,0.0,0.0,0.15303899,1.9749999999999999
99.93738319999999,0.1378446664827586,0.008070202142857143,177,1,0.0,0.0,0.0,0.0,0.0,0.14469799,0.57499999
99.93738319999999,0.17380414469565214,0.008070202142857143,177,0,0.0,0.0,0.0,0.0,0.0,0.208653,0.900000005
99.93738319999999,0.1665623053333333,0.008070202142857143,177,0,0.0,0.0,0.0,0.0,0.0,0.187435,1.225
99.93738319999999,0.1537498203076923,0.008070202142857143,177,0,0.0,0.0,0.0,0.0,0.0,0.16220801,2.70000005
100.13393176,0.1540522027076923,0.00518649,32,1,0.0,0.0,0.0,0.0,0.0,0.142791,1.7
100.13393176,0.14834656557037038,0.00518649,32,1,0.0,0.0,0.0,0.0,0.0,0.1231,0.375
100.13393176,0.160214290816,0.00518649,32,0,0.0,0.0,0.0,0.0,0.0,0.13795801,0.1250000005
100.13393176,0.1540522027076923,0.00518649,32,0,0.0,0.0,0.0,0.0,0.0,0.124932,0.599999995
98.22892264,0.15112141944615384,0.00514459,31,1,0.0,0.0,0.0,0.0,0.0,0.14169,0.924999985
98.22892264,0.14552432983703703,0.00514459,31,1,0.0,0.0,0.0,0.0,0.0,0.141194,0.20000000499999998
98.22892264,0.15716627622399998,0.00514459,31,0,0.0,0.0,0.0,0.0,0.0,0.156516,0.39999998999999997
98.22892264,0.15112141944615384,0.00514459,31,0,0.0,0.0,0.0,0.0,0.0,0.13669799,1.25
98.22892264,0.14032703234285712,0.00514459,31,0,0.0,0.0,0.0,0.0,0.0,0.143171,5.45000005
98.89416391999998,0.15214486756923074,0.0051810499999999995,30,1,0.0,0.0,0.0,0.0,0.0,0.134482,0.9999999900000001
98.89416391999998,0.14650987247407404,0.0051810499999999995,30,1,0.0,0.0,0.0,0.0,0.0,0.12995601,0.17500000500000001
98.89416391999998,0.15823066227199997,0.0051810499999999995,30,0,0.0,0.0,0.0,0.0,0.0,0.16679201,0.400000005
98.89416391999998,0.15214486756923074,0.0051810499999999995,30,0,0.0,0.0,0.0,0.0,0.0,0.119183,0.9999999900000001
98.15332704,0.1510051185230769,0.005134664166666667,29,1,0.0,0.0,0.0,0.0,0.0,0.139036,0.825000015
98.15332704,0.157045323264,0.005134664166666667,29,0,0.0,0.0,0.0,0.0,0.0,0.15788899,0.39999998999999997
98.15332704,0.1510051185230769,0.005134664166666667,29,0,0.0,0.0,0.0,0.0,0.0,0.13051,1.225
98.15332704,0.14541233635555553,0.005134664166666667,29,0,0.0,0.0,0.0,0.0,0.0,0.13559601,3.15
98.22892264,0.15112141944615384,0.005182935,28,1,0.0,0.0,0.0,0.0,0.0,0.12523501,0.75
98.22892264,0.16371487106666666,0.005182935,28,0,0.0,0.0,0.0,0.0,0.0,0.231924,0.25
98.22892264,0.15716627622399998,0.005182935,28,0,0.0,0.0,0.0,0.0,0.0,0.155202,0.35000001000000003
98.22892264,0.15112141944615384,0.005182935,28,0,0.0,0.0,0.0,0.0,0.0,0.11879,1.075
95.84438719,0.15974064531666668,0.0055577149999999995,32,1,0.0,0.0,0.0,0.0,0.0,0.20300899,3.45
95.84438719,0.153351019504,0.0055577149999999995,32,1,0.0,0.0,0.0,0.0,0.0,0.154672,1.425
95.84438719,0.14745290336923078,0.0055577149999999995,32,1,0.0,0.0,0.0,0.0,0.0,0.13105001,0.29999999499999996
95.84438719,0.15974064531666668,0.0055577149999999995,32,0,0.0,0.0,0.0,0.0,0.0,0.18697,0.35000001000000003
95.84438719,0.153351019504,0.0055577149999999995,32,0,0.0,0.0,0.0,0.0,0.0,0.150456,0.875
95.84438719,0.14745290336923078,0.0055577149999999995,32,0,0.0,0.0,0.0,0.0,0.0,0.124803,2.25
96.19435082,0.153910961312,0.005594475714285714,31,1,0.0,0.0,0.0,0.0,0.0,0.16256601,1.6
96.19435082,0.14799130895384616,0.005594475714285714,31,1,0.0,0.0,0.0,0.0,0.0,0.136859,0.375
96.19435082,0.14799130895384616,0.005594475714285714,31,0,0.0,0.0,0.0,0.0,0.0,0.109003,1.9750000500000002
97.381184,0.14981720615384617,0.005582618571428571,30,1,0.0,0.0,0.0,0.0,0.0,0.12576599,0.500000015
97.39639981,0.1498406150923077,0.005366074285714285,29,1,0.0,0.0,0.0,0.0,0.0,0.124029,0.47500001000000003
97.39639981,0.1693850431478261,0.005366074285714285,29,0,0.0,0.0,0.0,0.0,0.0,0.27220601,0.1750000055
97.39639981,0.1623273330166667,0.005366074285714285,29,0,0.0,0.0,0.0,0.0,0.0,0.20703299,0.25000000499999997
97.39639981,0.15583423969600002,0.005366074285714285,29,0,0.0,0.0,0.0,0.0,0.0,0.15956201,0.549999985
96.40737216000001,0.1606789536,0.005307398571428571,28,1,0.0,0.0,0.0,0.0,0.0,0.217581,3.75
96.40737216000001,0.154251795456,0.005307398571428571,28,0,0.0,0.0,0.0,0.0,0.0,0.152284,0.67500001
95.31183384,0.1588530564,0.005433142285714285,32,1,0.0,0.0,0.0,0.0,0.0,0.218854,3.25
95.31183384,0.152498934144,0.005433142285714285,32,1,0.0,0.0,0.0,0.0,0.0,0.185798,1.4500000000000002
95.31183384,0.14663359052307692,0.005433142285714285,32,1,0.0,0.0,0.0,0.0,0.0,0.168235,0.42499999499999996
95.31183384,0.152498934144,0.005433142285714285,32,0,0.0,0.0,0.0,0.0,0.0,0.189393,1.325
95.15967574,0.14639950113846154,0.005386266571428572,31,1,0.0,0.0,0.0,0.0,0.0,0.162403,0.35000001000000003
94.99230183,0.15832050305,0.005351894571428571,30,0,0.0,0.0,0.0,0.0,0.0,0.222008,0.625
94.99230183,0.15832050305,0.007964258571428571,93,1,0.0,0.0,0.0,0.0,0.0,0.182008,3.5500000500000004
94.99230183,0.151987682928,0.007964258571428571,93,1,0.0,0.0,0.0,0.0,0.0,0.162541,1.9
94.99230183,0.151987682928,0.007964258571428571,93,0,0.0,0.0,0.0,0.0,0.0,0.162503,2.2250000500000002
95.00751764,0.152012028224,0.005326787142857143,29,1,0.0,0.0,0.0,0.0,0.0,0.187598,1.275
95.00751764,0.14616541175384615,0.005326787142857143,29,1,0.0,0.0,0.0,0.0,0.0,0.16756199,0.32499999999999996
95.00751764,0.15834586273333334,0.005326787142857143,29,0,0.0,0.0,0.0,0.0,0.0,0.210419,0.55000001
95.00751764,0.152012028224,0.005326787142857143,29,0,0.0,0.0,0.0,0.0,0.0,0.186001,1.35
95.00751764,0.152012028224,0.008106951428571428,92,1,0.0,0.0,0.0,0.0,0.0,0.161762,1.85
95.00751764,0.14616541175384615,0.008106951428571428,92,1,0.0,0.0,0.0,0.0,0.0,0.152345,0.82499999
95.00751764,0.16523046546086956,0.008106951428571428,92,0,0.0,0.0,0.0,0.0,0.0,0.200653,0.775000005
95.00751764,0.14616541175384615,0.008922227301587302,183,1,0.0,0.0,0.0,0.0,0.0,0.157022,1.525
94.65755401000001,0.15776259001666668,0.005376251714285715,28,1,0.0,0.0,0.0,0.0,0.0,0.217217,2.7750001
94.65755401000001,0.1456270061692308,0.005376251714285715,28,1,0.0,0.0,0.0,0.0,0.0,0.159914,0.22500000999999997
94.65755401000001,0.15776259001666668,0.005376251714285715,28,0,0.0,0.0,0.0,0.0,0.0,0.218532,0.650000005
94.65755401000001,0.15145208641600003,0.005376251714285715,28,0,0.0,0.0,0.0,0.0,0.0,0.18543001,1.475
94.65755401000001,0.15145208641600003,0.008176580714285715,91,1,0.0,0.0,0.0,0.0,0.0,0.165765,1.75
94.65755401000001,0.1456270061692308,0.008176580714285715,91,1,0.0,0.0,0.0,0.0,0.0,0.15354,0.75
94.65755401000001,0.15145208641600003,0.008176580714285715,91,0,0.0,0.0,0.0,0.0,0.0,0.167879,2.4499999499999996
94.65755401000001,0.15145208641600003,0.009004014444444444,182,1,0.0,0.0,0.0,0.0,0.0,0.168735,2.5249999499999998
94.65755401000001,0.1456270061692308,0.009004014444444444,182,1,0.0,0.0,0.0,0.0,0.0,0.15803701,1.425
95.22053898,0.14106746515555554,0.009103704444444445,179,1,0.0,0.0,0.0,0.0,0.0,0.14865901,0.775000005
95.46399194000001,0.14686767990769234,0.009167231746031746,178,1,0.0,0.0,0.0,0.0,0.0,0.156308,1.625
95.46399194000001,0.14142813620740743,0.009167231746031746,178,1,0.0,0.0,0.0,0.0,0.0,0.147467,0.82499999
95.46399194000001,0.1660243338086957,0.009167231746031746,178,0,0.0,0.0,0.0,0.0,0.0,0.191485,1.375
97.33553657,0.14420079491851853,0.009248538253968253,177,1,0.0,0.0,0.0,0.0,0.0,0.139035,1.00000001
97.33553657,0.17697370285454544,0.009248538253968253,177,0,0.0,0.0,0.0,0.0,0.0,0.213627,0.799999985
103.04146532,0.14720209331428571,0.00559879,32,1,0.0,0.0,0.0,0.0,0.0,0.140903,0.274999995
103.04146532,0.15852533126153845,0.00559879,32,0,0.0,0.0,0.0,0.0,0.0,0.18154199,0.55000001
103.04146532,0.1526540226962963,0.00559879,32,0,0.0,0.0,0.0,0.0,0.0,0.151711,1.2999999999999998
104.45653565000002,0.1492236223571429,0.0056234200000000005,31,1,0.0,0.0,0.0,0.0,0.0,0.140572,0.45000000500000004
104.45653565000002,0.16070236253846157,0.0056234200000000005,31,0,0.0,0.0,0.0,0.0,0.0,0.18406799,0.375
104.54783051,0.15488567482962962,0.00562152,30,1,0.0,0.0,0.0,0.0,0.0,0.153621,1.725
104.54783051,0.14935404358571427,0.00562152,30,1,0.0,0.0,0.0,0.0,0.0,0.13413,0.42499999499999996
104.54783051,0.16084281616923077,0.00562152,30,0,0.0,0.0,0.0,0.0,0.0,0.191751,0.375
104.54783051,0.15488567482962962,0.00562152,30,0,0.0,0.0,0.0,0.0,0.0,0.15331,0.849999995
104.63912537,0.1609832698,0.005648933478260869,29,1,0.0,0.0,0.0,0.0,0.0,0.16009,3.8499999000000003
104.63912537,0.1550209264740741,0.005648933478260869,29,1,0.0,0.0,0.0,0.0,0.0,0.15010799,1.75
104.63912537,0.1494844648142857,0.005648933478260869,29,1,0.0,0.0,0.0,0.0,0.0,0.135297,0.45000000500000004
104.63912537,0.1550209264740741,0.005648933478260869,29,0,0.0,0.0,0.0,0.0,0.0,0.152628,0.775000005
104.83693090000001,0.14976704414285716,0.005644081739130435,28,1,0.0,0.0,0.0,0.0,0.0,0.13318899,0.39999998999999997
104.83693090000001,0.16773908944000002,0.005644081739130435,28,0,0.0,0.0,0.0,0.0,0.0,0.19463,0.0750000005
104.83693090000001,0.15531397170370373,0.005644081739130435,28,0,0.0,0.0,0.0,0.0,0.0,0.131387,0.650000005
108.80715495000001,0.1554387927857143,0.007618982857142857,32,1,0.0,0.0,0.0,0.0,0.0,0.15009899,1.9
108.80715495000001,0.15007883441379313,0.007618982857142857,32,1,0.0,0.0,0.0,0.0,0.0,0.13958099,0.625
108.80715495000001,0.16119578511111113,0.007618982857142857,32,0,0.0,0.0,0.0,0.0,0.0,0.176635,0.29999999499999996
108.80715495000001,0.1554387927857143,0.007618982857142857,32,0,0.0,0.0,0.0,0.0,0.0,0.151427,0.775000005
108.80715495000001,0.15007883441379313,0.007618982857142857,32,0,0.0,0.0,0.0,0.0,0.0,0.120564,1.85
108.88368270000001,0.15554811814285716,0.007647775714285715,31,1,0.0,0.0,0.0,0.0,0.0,0.148321,1.9
108.88368270000001,0.1501843899310345,0.007647775714285715,31,1,0.0,0.0,0.0,0.0,0.0,0.129647,0.55000001
108.88368270000001,0.1451782436,0.007647775714285715,31,1,0.0,0.0,0.0,0.0,0.0,0.135406,0.1250000005
108.88368270000001,0.1404950744516129,0.007647775714285715,31,1,0.0,0.0,0.0,0.0,0.0,0.19504599,0.125
108.88368270000001,0.167513358,0.007647775714285715,31,0,0.0,0.0,0.0,0.0,0.0,0.21872801,0.15000000000000002
108.88368270000001,0.16130915955555558,0.007647775714285715,31,0,0.0,0.0,0.0,0.0,0.0,0.180978,0.29999999499999996
108.88368270000001,0.15554811814285716,0.007647775714285715,31,0,0.0,0.0,0.0,0.0,0.0,0.149527,0.724999995
108.19493295000001,0.15456418992857143,0.007686285,30,1,0.0,0.0,0.0,0.0,0.0,0.15526301,1.65
108.19493295000001,0.14923439027586208,0.007686285,30,1,0.0,0.0,0.0,0.0,0.0,0.132789,0.42500000000000004
108.19493295000001,0.16028878955555556,0.007686285,30,0,0.0,0.0,0.0,0.0,0.0,0.174463,0.32499999999999996
108.19493295000001,0.15456418992857143,0.007686285,30,0,0.0,0.0,0.0,0.0,0.0,0.149838,0.875
108.19493295000001,0.14923439027586208,0.007686285,30,0,0.0,0.0,0.0,0.0,0.0,0.105294,2.025
108.34798845000002,0.15478284064285716,0.007684754285714286,29,0,0.0,0.0,0.0,0.0,0.0,0.144316,0.775000005
108.5469606,0.166995324,0.007706128571428571,28,1,0.0,0.0,0.0,0.0,0.0,0.200436,6.04999995
108.5469606,0.160810312,0.007706128571428571,28,0,0.0,0.0,0.0,0.0,0.0,0.17208,0.25000000499999997
108.5469606,0.1550670865714286,0.007706128571428571,28,0,0.0,0.0,0.0,0.0,0.0,0.14655,0.724999995
106.34296140000001,0.1519185162857143,0.007854113571428572,31,1,0.0,0.0,0.0,0.0,0.0,0.165931,1.1
106.34296140000001,0.157545128,0.007854113571428572,31,0,0.0,0.0,0.0,0.0,0.0,0.186492,0.69999999
106.34296140000001,0.1519185162857143,0.007854113571428572,31,0,0.0,0.0,0.0,0.0,0.0,0.169549,1.65
106.34296140000001,0.157545128,0.010841129523809525,185,1,0.0,0.0,0.0,0.0,0.0,0.16819499,4.1500001
106.34296140000001,0.1519185162857143,0.010841129523809525,185,1,0.0,0.0,0.0,0.0,0.0,0.160651,2.75
106.34296140000001,0.1417906152,0.010841129523809525,185,1,0.0,0.0,0.0,0.0,0.0,0.15349799,1.0250000099999999
106.34296140000001,0.157545128,0.010841129523809525,185,0,0.0,0.0,0.0,0.0,0.0,0.169457,2.57500005
106.34296140000001,0.1519185162857143,0.010841129523809525,185,0,0.0,0.0,0.0,0.0,0.0,0.159003,3.65
106.34296140000001,0.1519185162857143,0.012199517692307694,367,1,0.0,0.0,0.0,0.0,0.0,0.171308,4.1500001
106.34296140000001,0.20255802171428572,0.012199517692307694,367,0,0.0,0.0,0.0,0.0,0.0,0.249162,1.075
106.34296140000001,0.177238269,0.012199517692307694,367,0,0.0,0.0,0.0,0.0,0.0,0.21483301,2.2249999
106.34296140000001,0.17014873824,0.012199517692307694,367,0,0.0,0.0,0.0,0.0,0.0,0.195998,2.625
106.51132245000001,0.15215903207142858,0.007905274285714286,30,1,0.0,0.0,0.0,0.0,0.0,0.167859,1.15
106.51132245000001,0.163863573,0.007905274285714286,30,0,0.0,0.0,0.0,0.0,0.0,0.220063,0.29999999499999996
106.51132245000001,0.1577945517777778,0.007905274285714286,30,0,0.0,0.0,0.0,0.0,0.0,0.183534,0.625
106.51132245000001,0.15215903207142858,0.009896428571428572,93,1,0.0,0.0,0.0,0.0,0.0,0.14773101,1.75
106.51132245000001,0.15215903207142858,0.010959812380952384,184,0,0.0,0.0,0.0,0.0,0.0,0.152174,3.5
106.51132245000001,0.15215903207142858,0.012425830659340659,366,1,0.0,0.0,0.0,0.0,0.0,0.166822,4.04999995
106.51132245000001,0.14691216889655173,0.012425830659340659,366,1,0.0,0.0,0.0,0.0,0.0,0.16697399,3.075
106.51132245000001,0.1420150966,0.012425830659340659,366,1,0.0,0.0,0.0,0.0,0.0,0.156978,2.04999995
106.51132245000001,0.20287870942857145,0.012425830659340659,366,0,0.0,0.0,0.0,0.0,0.0,0.25181201,1.1
106.51132245000001,0.19365694990909094,0.012425830659340659,366,0,0.0,0.0,0.0,0.0,0.0,0.231663,1.275
106.51132245000001,0.18523708252173915,0.012425830659340659,366,0,0.0,0.0,0.0,0.0,0.0,0.21543799,1.5499999999999998
106.51132245000001,0.17751887075,0.012425830659340659,366,0,0.0,0.0,0.0,0.0,0.0,0.20229,1.94999995
106.51132245000001,0.17041811592,0.012425830659340659,366,0,0.0,0.0,0.0,0.0,0.0,0.197971,2.65
106.48071134999999,0.15211530192857142,0.007890467142857143,29,1,0.0,0.0,0.0,0.0,0.0,0.161853,1.0750000000000002
106.48071134999999,0.14686994668965517,0.007890467142857143,29,1,0.0,0.0,0.0,0.0,0.0,0.156838,0.29999999499999996
106.48071134999999,0.15774920199999998,0.007890467142857143,29,0,0.0,0.0,0.0,0.0,0.0,0.193747,0.67500001
106.48071134999999,0.15211530192857142,0.007890467142857143,29,0,0.0,0.0,0.0,0.0,0.0,0.160429,1.475
106.48071134999999,0.15774920199999998,0.010075796428571428,92,1,0.0,0.0,0.0,0.0,0.0,0.16460299,3.25
106.48071134999999,0.15774920199999998,0.011211096984126985,183,1,0.0,0.0,0.0,0.0,0.0,0.16268399,3.9999998999999997
106.48071134999999,0.14686994668965517,0.011211096984126985,183,1,0.0,0.0,0.0,0.0,0.0,0.14731599,1.525
106.48071134999999,0.15211530192857142,0.011211096984126985,183,0,0.0,0.0,0.0,0.0,0.0,0.155644,3.6000000500000002
106.48071134999999,0.15211530192857142,0.012668787252747253,365,1,0.0,0.0,0.0,0.0,0.0,0.17059401,4.20000005
106.48071134999999,0.19360129336363635,0.012668787252747253,365,0,0.0,0.0,0.0,0.0,0.0,0.22987901,1.225
106.48071134999999,0.18518384582608693,0.012668787252747253,365,0,0.0,0.0,0.0,0.0,0.0,0.217031,1.5499999999999998
106.48071134999999,0.17746785224999997,0.012668787252747253,365,0,0.0,0.0,0.0,0.0,0.0,0.207669,2.0250000000000004
106.48071134999999,0.17036913816,0.012668787252747253,365,0,0.0,0.0,0.0,0.0,0.0,0.199818,2.6500001
106.6184613,0.157953276,0.007861556428571427,28,1,0.0,0.0,0.0,0.0,0.0,0.195952,2.8000000500000004
106.6184613,0.14705994662068966,0.007861556428571427,28,1,0.0,0.0,0.0,0.0,0.0,0.142193,0.225
106.6184613,0.16402840200000002,0.007861556428571427,28,0,0.0,0.0,0.0,0.0,0.0,0.223114,0.274999995
106.6184613,0.157953276,0.007861556428571427,28,0,0.0,0.0,0.0,0.0,0.0,0.18406799,0.57499999
106.6184613,0.15231208757142858,0.007861556428571427,28,0,0.0,0.0,0.0,0.0,0.0,0.15130199,1.35
106.6184613,0.157953276,0.010091839285714286,91,1,0.0,0.0,0.0,0.0,0.0,0.159098,3.25
106.6184613,0.15231208757142858,0.010091839285714286,91,1,0.0,0.0,0.0,0.0,0.0,0.14470901,1.7000000000000002
106.6184613,0.14705994662068966,0.010091839285714286,91,1,0.0,0.0,0.0,0.0,0.0,0.132862,0.700000015
106.6184613,0.15231208757142858,0.011197194920634921,182,1,0.0,0.0,0.0,0.0,0.0,0.148477,2.5249999499999998
106.6184613,0.14705994662068966,0.011197194920634921,182,1,0.0,0.0,0.0,0.0,0.0,0.146349,1.55
106.6184613,0.16402840200000002,0.011197194920634921,182,0,0.0,0.0,0.0,0.0,0.0,0.17509399,1.65
106.6184613,0.15231208757142858,0.012608566813186813,364,1,0.0,0.0,0.0,0.0,0.0,0.167725,4.1500001
106.6184613,0.14705994662068966,0.012608566813186813,364,1,0.0,0.0,0.0,0.0,0.0,0.161787,3.0
106.6184613,0.1776974355,0.012608566813186813,364,0,0.0,0.0,0.0,0.0,0.0,0.206303,1.9749999999999999
106.12868370000001,0.14638439131034484,0.011034463015873014,179,1,0.0,0.0,0.0,0.0,0.0,0.14328299,1.4
106.12868370000001,0.1415049116,0.011034463015873014,179,1,0.0,0.0,0.0,0.0,0.0,0.13934501,0.75
106.12868370000001,0.1768811395,0.011034463015873014,179,0,0.0,0.0,0.0,0.0,0.0,0.202923,0.799999985
106.12868370000001,0.16327489800000003,0.011034463015873014,179,0,0.0,0.0,0.0,0.0,0.0,0.17726099,1.725
106.12868370000001,0.1516124052857143,0.012316808571428573,361,1,0.0,0.0,0.0,0.0,0.0,0.170967,4.04999995
106.12868370000001,0.14638439131034484,0.012316808571428573,361,1,0.0,0.0,0.0,0.0,0.0,0.164883,2.92499995
106.12868370000001,0.1415049116,0.012316808571428573,361,1,0.0,0.0,0.0,0.0,0.0,0.155921,1.9500000000000002
106.12868370000001,0.12485727494117649,0.012316808571428573,361,1,0.0,0.0,0.0,0.0,0.0,0.144704,0.324999995
106.12868370000001,0.18457162382608697,0.012316808571428573,361,0,0.0,0.0,0.0,0.0,0.0,0.218356,1.6
106.46540580000001,0.14684883558620693,0.011156633015873017,178,1,0.0,0.0,0.0,0.0,0.0,0.149542,1.5
106.46540580000001,0.13737471716129035,0.011156633015873017,178,1,0.0,0.0,0.0,0.0,0.0,0.137885,0.375
106.46540580000001,0.17744234300000003,0.011156633015873017,178,0,0.0,0.0,0.0,0.0,0.0,0.20092,0.775000005
106.63376685000001,0.15233395264285715,0.011243776666666667,177,1,0.0,0.0,0.0,0.0,0.0,0.149461,2.5249999499999998
108.42451620000001,0.15489216600000003,0.007949516857142857,32,1,0.0,0.0,0.0,0.0,0.0,0.182117,1.65
108.42451620000001,0.14955105682758624,0.007949516857142857,32,1,0.0,0.0,0.0,0.0,0.0,0.15146901,0.42499999499999996
108.42451620000001,0.16062891288888892,0.007949516857142857,32,0,0.0,0.0,0.0,0.0,0.0,0.158024,0.39999998999999997
108.42451620000001,0.15489216600000003,0.007949516857142857,32,0,0.0,0.0,0.0,0.0,0.0,0.13067,1.075
108.4551273,0.15493589614285713,0.007930416285714286,31,1,0.0,0.0,0.0,0.0,0.0,0.17471699,1.6
108.4551273,0.14959327903448277,0.007930416285714286,31,1,0.0,0.0,0.0,0.0,0.0,0.15162501,0.42499999499999996
108.4551273,0.15493589614285713,0.007930416285714286,31,0,0.0,0.0,0.0,0.0,0.0,0.131137,1.024999995
109.20509925,0.15600728464285715,0.007936508,30,1,0.0,0.0,0.0,0.0,0.0,0.186404,1.95
109.20509925,0.15062772310344827,0.007936508,30,1,0.0,0.0,0.0,0.0,0.0,0.14995,0.525000005
109.20509925,0.145606799,0.007936508,30,1,0.0,0.0,0.0,0.0,0.0,0.14605699,0.10000000549999999
109.20509925,0.16178533222222222,0.007936508,30,0,0.0,0.0,0.0,0.0,0.0,0.16331901,0.29999999499999996
109.20509925,0.15600728464285715,0.007936508,30,0,0.0,0.0,0.0,0.0,0.0,0.137008,0.849999995
109.20509925,0.15062772310344827,0.007936508,30,0,0.0,0.0,0.0,0.0,0.0,0.096832998,2.125
108.94490490000001,0.15563557842857145,0.007987248285714286,29,1,0.0,0.0,0.0,0.0,0.0,0.1384,1.475
108.94490490000001,0.1502688343448276,0.007987248285714286,29,1,0.0,0.0,0.0,0.0,0.0,0.117604,0.25
108.94490490000001,0.15563557842857145,0.007987248285714286,29,0,0.0,0.0,0.0,0.0,0.0,0.107612,0.700000015
108.94490490000001,0.1502688343448276,0.007987248285714286,29,0,0.0,0.0,0.0,0.0,0.0,-99.989998,2.0250000000000004
110.88870975000002,0.15841244250000003,0.007943685142857143,28,1,0.0,0.0,0.0,0.0,0.0,0.13557599,2.4749999
110.88870975000002,0.15294994448275864,0.007943685142857143,28,1,0.0,0.0,0.0,0.0,0.0,0.118548,0.650000005
110.88870975000002,0.16427957,0.007943685142857143,28,0,0.0,0.0,0.0,0.0,0.0,0.149573,0.10000000549999999
110.88870975000002,0.15841244250000003,0.007943685142857143,28,0,0.0,0.0,0.0,0.0,0.0,0.112317,0.29999999499999996
110.88870975000002,0.15294994448275864,0.007943685142857143,28,0,0.0,0.0,0.0,0.0,0.0,0.082493998,1.2000000000000002
112.55759715,0.15525185813793105,0.009966645,32,1,0.0,0.0,0.0,0.0,0.0,0.125654,1.4500000000000002
112.55759715,0.1500767962,0.009966645,32,1,0.0,0.0,0.0,0.0,0.0,0.100211,0.25000000499999997
112.55759715,0.16079656735714287,0.009966645,32,0,0.0,0.0,0.0,0.0,0.0,0.13101099,0.175
112.55759715,0.15525185813793105,0.009966645,32,0,0.0,0.0,0.0,0.0,0.0,0.116135,0.69999999
111.6492538,0.15399897075862068,0.00995431,31,1,0.0,0.0,0.0,0.0,0.0,0.122686,1.074999995
111.6492538,0.159498934,0.00995431,31,0,0.0,0.0,0.0,0.0,0.0,0.13562199,0.274999995
111.6492538,0.15399897075862068,0.00995431,31,0,0.0,0.0,0.0,0.0,0.0,0.111133,0.900000005
111.84939725000001,0.15427503068965517,0.009996979999999999,30,1,0.0,0.0,0.0,0.0,0.0,0.122548,1.125
111.84939725000001,0.14913252966666668,0.009996979999999999,30,1,0.0,0.0,0.0,0.0,0.0,0.099907003,0.15000000000000002
111.84939725000001,0.16570281074074075,0.009996979999999999,30,0,0.0,0.0,0.0,0.0,0.0,0.149239,0.05
111.84939725000001,0.15978485321428573,0.009996979999999999,30,0,0.0,0.0,0.0,0.0,0.0,0.13723201,0.25
111.7108364,0.15408391227586207,0.009958164285714284,29,1,0.0,0.0,0.0,0.0,0.0,0.112245,0.97500001
111.7108364,0.14894778186666668,0.009958164285714284,29,1,0.0,0.0,0.0,0.0,0.0,0.109796,0.175
111.7108364,0.15958690914285714,0.009958164285714284,29,0,0.0,0.0,0.0,0.0,0.0,0.136591,0.25
111.3413408,0.1535742631724138,0.009951906428571428,28,1,0.0,0.0,0.0,0.0,0.0,0.113498,0.82499999
111.6184625,0.1488246166666667,0.010196064,32,1,0.0,0.0,0.0,0.0,0.0,0.13359199,0.32500000500000004
111.54148425000001,0.1538503231034483,0.010103811428571429,31,1,0.0,0.0,0.0,0.0,0.0,0.15434401,1.275
111.54148425000001,0.148721979,0.010103811428571429,31,1,0.0,0.0,0.0,0.0,0.0,0.13023201,0.274999995
111.94177115,0.16583966096296296,0.0100712,30,0,0.0,0.0,0.0,0.0,0.0,0.182872,0.1250000005
111.94177115,0.15991681592857143,0.0100712,30,0,0.0,0.0,0.0,0.0,0.0,0.16640399,0.400000005
111.94177115,0.15440244296551722,0.0100712,30,0,0.0,0.0,0.0,0.0,0.0,0.147856,1.0999999950000001
111.94177115,0.16583966096296296,0.011645537857142858,93,1,0.0,0.0,0.0,0.0,0.0,0.171552,5.79999995
111.94177115,0.15440244296551722,0.011645537857142858,93,1,0.0,0.0,0.0,0.0,0.0,0.125411,1.85
111.94177115,0.14925569486666665,0.011645537857142858,93,1,0.0,0.0,0.0,0.0,0.0,0.119909,0.799999985
111.94177115,0.16583966096296296,0.011645537857142858,93,0,0.0,0.0,0.0,0.0,0.0,0.153118,0.525000005
111.94177115,0.15991681592857143,0.011645537857142858,93,0,0.0,0.0,0.0,0.0,0.0,0.13501,0.94999999
111.94177115,0.15440244296551722,0.011645537857142858,93,0,0.0,0.0,0.0,0.0,0.0,0.12338,1.825
111.94177115,0.14925569486666665,0.01245028253968254,184,1,0.0,0.0,0.0,0.0,0.0,0.125882,1.475
112.1419146,0.15467850289655175,0.010029931999999998,29,1,0.0,0.0,0.0,0.0,0.0,0.150015,1.425
112.1419146,0.1661361697777778,0.010029931999999998,29,0,0.0,0.0,0.0,0.0,0.0,0.19741,0.15000000000000002
112.1419146,0.16020273514285716,0.010029931999999998,29,0,0.0,0.0,0.0,0.0,0.0,0.16872901,0.375
112.1419146,0.15467850289655175,0.010029931999999998,29,0,0.0,0.0,0.0,0.0,0.0,0.144337,0.9999999900000001
112.1419146,0.16020273514285716,0.011754472857142857,92,1,0.0,0.0,0.0,0.0,0.0,0.14168499,3.65
112.1419146,0.15467850289655175,0.011754472857142857,92,1,0.0,0.0,0.0,0.0,0.0,0.126076,1.9
112.1419146,0.1661361697777778,0.011754472857142857,92,0,0.0,0.0,0.0,0.0,0.0,0.152816,0.5
112.97327969999999,0.15582521337931032,0.01002975057142857,28,1,0.0,0.0,0.0,0.0,0.0,0.154852,1.75
112.97327969999999,0.1506310396,0.01002975057142857,28,1,0.0,0.0,0.0,0.0,0.0,0.13335299,0.47500001000000003
112.97327969999999,0.15582521337931032,0.01002975057142857,28,0,0.0,0.0,0.0,0.0,0.0,0.155077,0.849999995
112.97327969999999,0.1506310396,0.011727837857142858,91,1,0.0,0.0,0.0,0.0,0.0,0.11671,0.95
112.97327969999999,0.16736782177777776,0.011727837857142858,91,0,0.0,0.0,0.0,0.0,0.0,0.163616,0.5
112.97327969999999,0.16139039957142856,0.011727837857142858,91,0,0.0,0.0,0.0,0.0,0.0,0.149161,0.92500001
112.97327969999999,0.1506310396,0.012565465555555558,182,1,0.0,0.0,0.0,0.0,0.0,0.126295,1.725
112.97327969999999,0.1457719738064516,0.012565465555555558,182,1,0.0,0.0,0.0,0.0,0.0,0.115338,0.80000001
114.0817665,0.152109022,0.012894344126984127,179,1,0.0,0.0,0.0,0.0,0.0,0.126206,2.00000005
114.0817665,0.1472022793548387,0.012894344126984127,179,1,0.0,0.0,0.0,0.0,0.0,0.117174,0.999999995
114.28190995000001,0.15237587993333335,0.013048904603174602,178,1,0.0,0.0,0.0,0.0,0.0,0.12491,2.075
114.28190995000001,0.1428523874375,0.013048904603174602,178,1,0.0,0.0,0.0,0.0,0.0,0.113822,0.500000015
111.31054950000001,0.1649045177777778,0.013005178253968255,177,1,0.0,0.0,0.0,0.0,0.0,0.151888,5.75
111.31054950000001,0.148414066,0.013005178253968255,177,1,0.0,0.0,0.0,0.0,0.0,0.122202,1.25
111.31054950000001,0.13913818687500001,0.013005178253968255,177,1,0.0,0.0,0.0,0.0,0.0,0.114484,0.25
111.31054950000001,0.1649045177777778,0.013005178253968255,177,0,0.0,0.0,0.0,0.0,0.0,0.138326,1.05000001
111.31054950000001,0.15901507071428572,0.013005178253968255,177,0,0.0,0.0,0.0,0.0,0.0,0.13125101,1.775
111.31054950000001,0.1535317924137931,0.013005178253968255,177,0,0.0,0.0,0.0,0.0,0.0,0.12694199,2.8999999499999998
111.11040605000001,0.15325573248275864,0.010167591666666666,32,1,0.0,0.0,0.0,0.0,0.0,0.103005,0.625
111.11040605000001,0.15872915150000003,0.010167591666666666,32,0,0.0,0.0,0.0,0.0,0.0,0.119519,0.375
111.11040605000001,0.15325573248275864,0.010167591666666666,32,0,0.0,0.0,0.0,0.0,0.0,0.103879,1.35
109.69400625,0.15670572321428572,0.010125660000000002,31,1,0.0,0.0,0.0,0.0,0.0,0.116932,1.65
109.69400625,0.1513020775862069,0.010125660000000002,31,1,0.0,0.0,0.0,0.0,0.0,0.100331,0.29999999499999996
109.69400625,0.1625096388888889,0.010125660000000002,31,0,0.0,0.0,0.0,0.0,0.0,0.137117,0.15000000000000002
109.69400625,0.15670572321428572,0.010125660000000002,31,0,0.0,0.0,0.0,0.0,0.0,0.115203,0.57499999
109.69400625,0.1513020775862069,0.010125660000000002,31,0,0.0,0.0,0.0,0.0,0.0,0.100023,1.9
108.89343245,0.15556204635714285,0.01014596125,30,0,0.0,0.0,0.0,0.0,0.0,0.123893,0.82499999
109.2475324,0.15068625158620688,0.010181775000000002,29,1,0.0,0.0,0.0,0.0,0.0,0.111034,0.274999995
109.2475324,0.16184819614814813,0.010181775000000002,29,0,0.0,0.0,0.0,0.0,0.0,0.146088,0.20000000499999998
109.2475324,0.15606790342857144,0.010181775000000002,29,0,0.0,0.0,0.0,0.0,0.0,0.122177,0.69999999
108.5393325,0.1550561892857143,0.01021931125,28,1,0.0,0.0,0.0,0.0,0.0,0.117684,1.075
108.5393325,0.14970942413793104,0.01021931125,28,1,0.0,0.0,0.0,0.0,0.0,0.096225999,0.10000000549999999
108.5393325,0.1607990111111111,0.01021931125,28,0,0.0,0.0,0.0,0.0,0.0,0.141315,0.25000000499999997
108.5393325,0.1550561892857143,0.01021931125,28,0,0.0,0.0,0.0,0.0,0.0,0.11539,0.875
108.5393325,0.14970942413793104,0.01021931125,28,0,0.0,0.0,0.0,0.0,0.0,0.088110998,2.5250001
114.86683984000001,0.16409548548571432,0.012333116428571428,32,1,0.0,0.0,0.0,0.0,0.0,0.141583,4.3499999
114.86683984000001,0.15315578645333336,0.012333116428571428,32,1,0.0,0.0,0.0,0.0,0.0,0.108473,0.625
114.86683984000001,0.14821527721290323,0.012333116428571428,32,1,0.0,0.0,0.0,0.0,0.0,0.100401,0.0750000005
114.86683984000001,0.1701730960592593,0.012333116428571428,32,0,0.0,0.0,0.0,0.0,0.0,0.176566,0.05
114.86683984000001,0.16409548548571432,0.012333116428571428,32,0,0.0,0.0,0.0,0.0,0.0,0.12960599,0.0750000005
114.86683984000001,0.15843702046896554,0.012333116428571428,32,0,0.0,0.0,0.0,0.0,0.0,0.121027,0.39999998999999997
114.86683984000001,0.15315578645333336,0.012333116428571428,32,0,0.0,0.0,0.0,0.0,0.0,0.110155,1.4
114.23195976,0.15756132380689655,0.012341868571428572,31,1,0.0,0.0,0.0,0.0,0.0,0.122571,1.85
114.23195976,0.15230927968,0.012341868571428572,31,1,0.0,0.0,0.0,0.0,0.0,0.108842,0.47500001000000003
114.23195976,0.16318851394285713,0.012341868571428572,31,0,0.0,0.0,0.0,0.0,0.0,0.1223,0.0750000005
114.23195976,0.15756132380689655,0.012341868571428572,31,0,0.0,0.0,0.0,0.0,0.0,0.118395,0.47500001000000003
113.65901920000002,0.16237002742857146,0.01233112,30,1,0.0,0.0,0.0,0.0,0.0,0.136362,3.5500000500000004
113.65901920000002,0.15677106096551727,0.01233112,30,1,0.0,0.0,0.0,0.0,0.0,0.121502,1.525
113.65901920000002,0.15154535893333335,0.01233112,30,1,0.0,0.0,0.0,0.0,0.0,0.107289,0.32499999999999996
113.65901920000002,0.16237002742857146,0.01233112,30,0,0.0,0.0,0.0,0.0,0.0,0.13561501,0.15000000000000002
113.65901920000002,0.15677106096551727,0.01233112,30,0,0.0,0.0,0.0,0.0,0.0,0.118136,0.599999995
113.65901920000002,0.15154535893333335,0.01233112,30,0,0.0,0.0,0.0,0.0,0.0,0.107397,1.9249999999999998
113.59707968000001,0.1622815424,0.012332980714285713,29,0,0.0,0.0,0.0,0.0,0.0,0.124501,0.10000000549999999
113.70547384000001,0.1568351363310345,0.012339273571428572,28,1,0.0,0.0,0.0,0.0,0.0,0.115002,1.5
113.70547384000001,0.15160729845333334,0.012339273571428572,28,1,0.0,0.0,0.0,0.0,0.0,0.099931002,0.274999995
113.70547384000001,0.1421318423,0.012339273571428572,28,1,0.0,0.0,0.0,0.0,0.0,0.15101001,0.0250000005
113.70547384000001,0.1624363912,0.012339273571428572,28,0,0.0,0.0,0.0,0.0,0.0,0.128122,0.10000000549999999
113.70547384000001,0.1568351363310345,0.012339273571428572,28,0,0.0,0.0,0.0,0.0,0.0,0.109086,0.47500001000000003
115.362356,0.15912049103448275,0.012458487142857144,32,1,0.0,0.0,0.0,0.0,0.0,0.150461,2.6
115.362356,0.15381647466666667,0.012458487142857144,32,1,0.0,0.0,0.0,0.0,0.0,0.138559,1.024999995
115.362356,0.1488546529032258,0.012458487142857144,32,1,0.0,0.0,0.0,0.0,0.0,0.130952,0.25000000499999997
115.362356,0.15912049103448275,0.013615636825396826,186,1,0.0,0.0,0.0,0.0,0.0,0.13811,3.8500000500000002
115.362356,0.19227059333333335,0.013615636825396826,186,0,0.0,0.0,0.0,0.0,0.0,0.19748899,0.274999995
115.362356,0.16480336571428572,0.013615636825396826,186,0,0.0,0.0,0.0,0.0,0.0,0.143069,1.325
115.81141752000002,0.15441522336000002,0.012438363714285715,31,1,0.0,0.0,0.0,0.0,0.0,0.13378,1.1
115.81141752000002,0.14943408712258066,0.012438363714285715,31,1,0.0,0.0,0.0,0.0,0.0,0.12855799,0.274999995
115.81141752000002,0.14476427190000002,0.013615284444444445,185,1,0.0,0.0,0.0,0.0,0.0,0.11578,0.67500001
115.81141752000002,0.1781714115692308,0.013615284444444445,185,0,0.0,0.0,0.0,0.0,0.0,0.16935199,0.55000001
116.01272096000001,0.15468362794666668,0.012435156285714287,30,1,0.0,0.0,0.0,0.0,0.0,0.13049001,1.0750000000000002
116.01272096000001,0.1496938334967742,0.012435156285714287,30,1,0.0,0.0,0.0,0.0,0.0,0.120241,0.225
116.01272096000001,0.16001754615172414,0.013136204285714286,93,1,0.0,0.0,0.0,0.0,0.0,0.12995,3.3000000500000004
116.01272096000001,0.16573245851428572,0.013687116984126986,184,1,0.0,0.0,0.0,0.0,0.0,0.137274,5.75
116.01272096000001,0.15468362794666668,0.013687116984126986,184,1,0.0,0.0,0.0,0.0,0.0,0.126623,2.4749999
116.01272096000001,0.1784811091692308,0.013687116984126986,184,0,0.0,0.0,0.0,0.0,0.0,0.165433,0.5
116.01272096000001,0.1496938334967742,0.013687116984126986,184,0,0.0,0.0,0.0,0.0,0.0,0.120099,4.4000001
116.1366,0.16018841379310345,0.012410507714285712,29,1,0.0,0.0,0.0,0.0,0.0,0.146451,2.9
116.1366,0.1548488,0.012410507714285712,29,1,0.0,0.0,0.0,0.0,0.0,0.12970699,1.125
116.1366,0.14985367741935485,0.012410507714285712,29,1,0.0,0.0,0.0,0.0,0.0,0.122115,0.25000000499999997
116.1366,0.14517075000000002,0.012410507714285712,29,1,0.0,0.0,0.0,0.0,0.0,0.131433,0.05
116.1366,0.16590942857142857,0.012410507714285712,29,0,0.0,0.0,0.0,0.0,0.0,0.165571,0.10000000549999999
116.1366,0.1548488,0.012410507714285712,29,0,0.0,0.0,0.0,0.0,0.0,0.127822,1.05
116.1366,0.16018841379310345,0.013206920714285714,92,1,0.0,0.0,0.0,0.0,0.0,0.133783,3.4
116.1366,0.14985367741935485,0.013206920714285714,92,1,0.0,0.0,0.0,0.0,0.0,0.115077,0.724999995
116.1366,0.14517075000000002,0.013206920714285714,92,1,0.0,0.0,0.0,0.0,0.0,0.11276,0.25000000499999997
116.1366,0.1786716923076923,0.013206920714285714,92,0,0.0,0.0,0.0,0.0,0.0,0.176589,0.15000000000000002
116.1366,0.16590942857142857,0.013206920714285714,92,0,0.0,0.0,0.0,0.0,0.0,0.14528,0.525000005
116.1366,0.16590942857142857,0.013786199047619048,183,1,0.0,0.0,0.0,0.0,0.0,0.142297,5.95000005
116.1366,0.13663129411764707,0.013786199047619048,183,1,0.0,0.0,0.0,0.0,0.0,0.118135,0.17500000500000001
116.1366,0.16018841379310345,0.013786199047619048,183,0,0.0,0.0,0.0,0.0,0.0,0.133157,1.825
116.70954056000001,0.15561272074666668,0.012439318857142858,28,1,0.0,0.0,0.0,0.0,0.0,0.13075501,1.3
116.70954056000001,0.15059295556129032,0.012439318857142858,28,1,0.0,0.0,0.0,0.0,0.0,0.121281,0.29999999499999996
116.70954056000001,0.1667279150857143,0.012439318857142858,28,0,0.0,0.0,0.0,0.0,0.0,0.176899,0.10000000549999999
116.70954056000001,0.15561272074666668,0.012439318857142858,28,0,0.0,0.0,0.0,0.0,0.0,0.12814701,0.875
116.70954056000001,0.15059295556129032,0.012439318857142858,28,0,0.0,0.0,0.0,0.0,0.0,0.121425,2.4
116.70954056000001,0.15561272074666668,0.013234842857142857,91,1,0.0,0.0,0.0,0.0,0.0,0.119897,1.925
116.70954056000001,0.15059295556129032,0.013234842857142857,91,1,0.0,0.0,0.0,0.0,0.0,0.11205,0.80000001
116.70954056000001,0.1667279150857143,0.01380247380952381,182,1,0.0,0.0,0.0,0.0,0.0,0.14460599,6.20000005
116.70954056000001,0.15561272074666668,0.01380247380952381,182,1,0.0,0.0,0.0,0.0,0.0,0.125846,2.67499995
116.70954056000001,0.15059295556129032,0.01380247380952381,182,1,0.0,0.0,0.0,0.0,0.0,0.120386,1.525
116.70954056000001,0.1458869257,0.01380247380952381,182,1,0.0,0.0,0.0,0.0,0.0,0.114618,0.75
116.70954056000001,0.14146610976969698,0.01380247380952381,182,1,0.0,0.0,0.0,0.0,0.0,0.113055,0.35000001000000003
116.70954056000001,0.13730534183529414,0.01380247380952381,182,1,0.0,0.0,0.0,0.0,0.0,0.108125,0.1250000005
116.70954056000001,0.20297311401739132,0.01380247380952381,182,0,0.0,0.0,0.0,0.0,0.0,0.211595,0.15000000000000002
116.70954056000001,0.17290302305185187,0.01380247380952381,182,0,0.0,0.0,0.0,0.0,0.0,0.154267,0.69999999
116.70954056000001,0.15561272074666668,0.01380247380952381,182,0,0.0,0.0,0.0,0.0,0.0,0.123097,2.65
116.27596392000001,0.16038063988965517,0.013853567777777777,179,1,0.0,0.0,0.0,0.0,0.0,0.131327,4.04999995
116.27596392000001,0.14534495490000002,0.013853567777777777,179,1,0.0,0.0,0.0,0.0,0.0,0.115122,0.69999999
117.12763232,0.23425526464000002,0.013950837142857143,178,1,0.0,0.0,0.0,0.0,0.0,0.29778799,25.75
117.12763232,0.16732518902857144,0.013950837142857143,178,1,0.0,0.0,0.0,0.0,0.0,0.144407,6.45000005
117.12763232,0.16155535492413794,0.013950837142857143,178,1,0.0,0.0,0.0,0.0,0.0,0.135097,4.5
117.12763232,0.15617017642666667,0.013950837142857143,178,1,0.0,0.0,0.0,0.0,0.0,0.12596899,2.85
117.12763232,0.1511324288,0.013950837142857143,178,1,0.0,0.0,0.0,0.0,0.0,0.123225,1.7000000000000002
117.12763232,0.14197288766060606,0.013950837142857143,178,1,0.0,0.0,0.0,0.0,0.0,0.109872,0.349999995
117.12763232,0.16155535492413794,0.013950837142857143,178,0,0.0,0.0,0.0,0.0,0.0,0.137374,1.65
117.12763232,0.15617017642666667,0.013950837142857143,178,0,0.0,0.0,0.0,0.0,0.0,0.124712,2.4749999
117.12763232,0.1511324288,0.013950837142857143,178,0,0.0,0.0,0.0,0.0,0.0,0.118773,3.79999995
115.61011408,0.15414681877333333,0.013752984761904763,177,1,0.0,0.0,0.0,0.0,0.0,0.122221,2.1999999499999996
115.61011408,0.1491743407483871,0.013752984761904763,177,1,0.0,0.0,0.0,0.0,0.0,0.114065,1.125
115.61011408,0.1445126426,0.013752984761904763,177,1,0.0,0.0,0.0,0.0,0.0,0.110807,0.525000005
115.61011408,0.16515730582857144,0.013752984761904763,177,0,0.0,0.0,0.0,0.0,0.0,0.14030799,1.2
115.61011408,0.15946222631724138,0.013752984761904763,177,0,0.0,0.0,0.0,0.0,0.0,0.13150901,1.925
115.61011408,0.15414681877333333,0.013752984761904763,177,0,0.0,0.0,0.0,0.0,0.0,0.12243,2.9749999
116.9882684,0.15598435786666667,0.01245312,32,1,0.0,0.0,0.0,0.0,0.0,0.092648998,1.075
116.9882684,0.16712609771428572,0.01245312,32,0,0.0,0.0,0.0,0.0,0.0,0.150658,0.0750000005
116.9882684,0.15598435786666667,0.01245312,32,0,0.0,0.0,0.0,0.0,0.0,0.094292,0.75
117.68508800000001,0.15691345066666668,0.012434440416666668,30,1,0.0,0.0,0.0,0.0,0.0,0.088979997,1.2999999999999998
117.68508800000001,0.1518517264516129,0.012434440416666668,30,1,0.0,0.0,0.0,0.0,0.0,0.080496997,0.15000000000000002
117.68508800000001,0.15691345066666668,0.012434440416666668,30,0,0.0,0.0,0.0,0.0,0.0,0.091196001,0.525000005
116.95729864,0.15594306485333334,0.012442675833333331,29,0,0.0,0.0,0.0,0.0,0.0,0.098260999,0.75
116.523722,0.15536496266666666,0.012470002499999999,28,1,0.0,0.0,0.0,0.0,0.0,0.092469998,0.82499999
116.523722,0.15035318967741937,0.012470002499999999,28,1,0.0,0.0,0.0,0.0,0.0,0.095381998,0.10000000549999999
116.523722,0.15536496266666666,0.012470002499999999,28,0,0.0,0.0,0.0,0.0,0.0,0.099969998,0.900000005
121.73712702000002,0.16231616936,0.012571360714285716,32,1,0.0,0.0,0.0,0.0,0.0,0.127572,3.4499999499999996
121.73712702000002,0.1570801638967742,0.012571360714285716,32,1,0.0,0.0,0.0,0.0,0.0,0.108373,1.425
121.73712702000002,0.15217140877500002,0.012571360714285716,32,1,0.0,0.0,0.0,0.0,0.0,0.094659999,0.274999995
121.73712702000002,0.16231616936,0.012571360714285716,32,0,0.0,0.0,0.0,0.0,0.0,0.130054,0.20000000499999998
121.73712702000002,0.1570801638967742,0.012571360714285716,32,0,0.0,0.0,0.0,0.0,0.0,0.101179,0.599999995
121.86169814000002,0.1624822641866667,0.012566854999999998,31,1,0.0,0.0,0.0,0.0,0.0,0.121194,3.4499999499999996
121.86169814000002,0.15724090082580647,0.012566854999999998,31,1,0.0,0.0,0.0,0.0,0.0,0.106988,1.425
121.86169814000002,0.152327122675,0.012566854999999998,31,1,0.0,0.0,0.0,0.0,0.0,0.091072001,0.25000000499999997
121.86169814000002,0.1624822641866667,0.012566854999999998,31,0,0.0,0.0,0.0,0.0,0.0,0.122337,0.15000000000000002
122.06412621000001,0.1525801577625,0.012536725,30,1,0.0,0.0,0.0,0.0,0.0,0.094498999,0.29999999499999996
122.06412621000001,0.16275216828000003,0.012536725,30,0,0.0,0.0,0.0,0.0,0.0,0.128516,0.15000000000000002
122.06412621000001,0.1575020983354839,0.012536725,30,0,0.0,0.0,0.0,0.0,0.0,0.107184,0.55000001
121.89284092000001,0.15728108505806454,0.012532614285714288,29,1,0.0,0.0,0.0,0.0,0.0,0.102411,1.375
121.89284092000001,0.15236605115000001,0.012532614285714288,29,1,0.0,0.0,0.0,0.0,0.0,0.089332998,0.22500000999999997
121.89284092000001,0.16812805644137932,0.012532614285714288,29,0,0.0,0.0,0.0,0.0,0.0,0.15475801,0.05
121.89284092000001,0.15728108505806454,0.012532614285714288,29,0,0.0,0.0,0.0,0.0,0.0,0.100337,0.525000005
121.76826980000001,0.1623576930666667,0.012522677142857144,28,1,0.0,0.0,0.0,0.0,0.0,0.1345,3.4499999499999996
121.76826980000001,0.15712034812903228,0.012522677142857144,28,1,0.0,0.0,0.0,0.0,0.0,0.102863,1.325
119.41698991,0.1540864385935484,0.012575640285714285,32,1,0.0,0.0,0.0,0.0,0.0,0.153732,1.05
119.41698991,0.1492712373875,0.012575640285714285,32,1,0.0,0.0,0.0,0.0,0.0,0.13212,0.225
119.41698991,0.16471308953103447,0.012575640285714285,32,0,0.0,0.0,0.0,0.0,0.0,0.181613,0.29999999499999996
119.41698991,0.1540864385935484,0.012575640285714285,32,0,0.0,0.0,0.0,0.0,0.0,0.143315,1.725
119.41698991,0.1492712373875,0.015071582857142858,186,1,0.0,0.0,0.0,0.0,0.0,0.12650999,1.4
119.41698991,0.14049057636470588,0.015071582857142858,186,1,0.0,0.0,0.0,0.0,0.0,0.121631,0.375
119.41698991,0.16471308953103447,0.015071582857142858,186,0,0.0,0.0,0.0,0.0,0.0,0.147404,1.5499999999999998
119.65056076,0.15438782033548387,0.012575533428571428,31,1,0.0,0.0,0.0,0.0,0.0,0.147052,1.0499999949999999
119.65056076,0.14956320095,0.012575533428571428,31,1,0.0,0.0,0.0,0.0,0.0,0.13800099,0.274999995
119.65056076,0.15953408101333333,0.012575533428571428,31,0,0.0,0.0,0.0,0.0,0.0,0.149251,0.575000015
119.65056076,0.15438782033548387,0.012575533428571428,31,0,0.0,0.0,0.0,0.0,0.0,0.128958,1.475
119.65056076,0.14503098273939394,0.015107187460317462,185,1,0.0,0.0,0.0,0.0,0.0,0.123261,0.775000005
119.65056076,0.15953408101333333,0.015107187460317462,185,0,0.0,0.0,0.0,0.0,0.0,0.13884,2.2749999499999998
119.80627466,0.1545887414967742,0.012570556,30,1,0.0,0.0,0.0,0.0,0.0,0.141653,1.024999995
119.80627466,0.15974169954666667,0.012570556,30,0,0.0,0.0,0.0,0.0,0.0,0.151889,0.55000001
119.80627466,0.1545887414967742,0.012570556,30,0,0.0,0.0,0.0,0.0,0.0,0.13172799,1.4249999999999998
119.80627466,0.149757843325,0.014105707142857145,93,1,0.0,0.0,0.0,0.0,0.0,0.121291,0.724999995
119.80627466,0.15974169954666667,0.015115663333333333,184,0,0.0,0.0,0.0,0.0,0.0,0.13627701,2.17499995
120.47584443000001,0.1554527024903226,0.012556415428571428,29,1,0.0,0.0,0.0,0.0,0.0,0.13855299,1.175
120.47584443000001,0.15059480553750001,0.012556415428571428,29,1,0.0,0.0,0.0,0.0,0.0,0.130739,0.29999999499999996
120.47584443000001,0.16063445924,0.012556415428571428,29,0,0.0,0.0,0.0,0.0,0.0,0.154873,0.45000000500000004
120.47584443000001,0.1554527024903226,0.012556415428571428,29,0,0.0,0.0,0.0,0.0,0.0,0.133803,1.2
120.47584443000001,0.1721083491857143,0.014073819714285713,92,1,0.0,0.0,0.0,0.0,0.0,0.15304799,7.6500001
120.47584443000001,0.1554527024903226,0.014073819714285713,92,1,0.0,0.0,0.0,0.0,0.0,0.122511,1.775
120.47584443000001,0.15059480553750001,0.014073819714285713,92,1,0.0,0.0,0.0,0.0,0.0,0.11708,0.775000005
120.47584443000001,0.1460313265818182,0.014073819714285713,92,1,0.0,0.0,0.0,0.0,0.0,0.116689,0.29999999499999996
120.47584443000001,0.16617357852413794,0.014073819714285713,92,0,0.0,0.0,0.0,0.0,0.0,0.146294,0.599999995
120.47584443000001,0.1460313265818182,0.015063616507936506,183,1,0.0,0.0,0.0,0.0,0.0,0.117246,0.775000005
120.47584443000001,0.16617357852413794,0.015063616507936506,183,0,0.0,0.0,0.0,0.0,0.0,0.15017501,1.4
121.03641447000001,0.16138188596000003,0.012535554857142856,28,1,0.0,0.0,0.0,0.0,0.0,0.15631001,3.15
121.03641447000001,0.15617601867096775,0.012535554857142856,28,1,0.0,0.0,0.0,0.0,0.0,0.14034,1.35
121.03641447000001,0.15129551808750002,0.012535554857142856,28,1,0.0,0.0,0.0,0.0,0.0,0.125562,0.32499999999999996
121.03641447000001,0.15617601867096775,0.012535554857142856,28,0,0.0,0.0,0.0,0.0,0.0,0.132263,0.999999995
121.03641447000001,0.16138188596000003,0.014120274285714284,91,1,0.0,0.0,0.0,0.0,0.0,0.13402601,3.65
121.03641447000001,0.15617601867096775,0.014120274285714284,91,1,0.0,0.0,0.0,0.0,0.0,0.123666,1.9749999999999999
121.03641447000001,0.15129551808750002,0.014120274285714284,91,1,0.0,0.0,0.0,0.0,0.0,0.114876,0.849999995
121.03641447000001,0.14671080541818182,0.014120274285714284,91,1,0.0,0.0,0.0,0.0,0.0,0.111207,0.29999999499999996
121.03641447000001,0.15617601867096775,0.014120274285714284,91,0,0.0,0.0,0.0,0.0,0.0,0.123042,1.875
121.03641447000001,0.16138188596000003,0.015133667460317461,182,1,0.0,0.0,0.0,0.0,0.0,0.137108,4.4000001
121.03641447000001,0.15617601867096775,0.015133667460317461,182,1,0.0,0.0,0.0,0.0,0.0,0.12988,2.85
121.03641447000001,0.15129551808750002,0.015133667460317461,182,1,0.0,0.0,0.0,0.0,0.0,0.125011,1.7000000000000002
121.03641447000001,0.16694677857931037,0.015133667460317461,182,0,0.0,0.0,0.0,0.0,0.0,0.14894301,1.275
121.03641447000001,0.16138188596000003,0.015133667460317461,182,0,0.0,0.0,0.0,0.0,0.0,0.140072,1.95
121.02084308,0.15127605385,0.015126608571428573,179,1,0.0,0.0,0.0,0.0,0.0,0.120107,1.575
121.02084308,0.14669193100606062,0.015126608571428573,179,1,0.0,0.0,0.0,0.0,0.0,0.115009,0.799999985
121.02084308,0.1728869186857143,0.015126608571428573,179,0,0.0,0.0,0.0,0.0,0.0,0.152326,0.724999995
121.02084308,0.16136112410666667,0.015126608571428573,179,0,0.0,0.0,0.0,0.0,0.0,0.131136,1.75
121.37898505000001,0.15172373131250003,0.015188510793650793,178,1,0.0,0.0,0.0,0.0,0.0,0.119444,1.625
121.37898505000001,0.1733985500714286,0.015188510793650793,178,0,0.0,0.0,0.0,0.0,0.0,0.15304001,0.69999999
121.37898505000001,0.16183864673333334,0.015188510793650793,178,0,0.0,0.0,0.0,0.0,0.0,0.133468,1.725
120.69384389000001,0.16092512518666668,0.015225039841269841,177,1,0.0,0.0,0.0,0.0,0.0,0.133672,4.1500001
120.69384389000001,0.15573399211612904,0.015225039841269841,177,1,0.0,0.0,0.0,0.0,0.0,0.124182,2.575
120.69384389000001,0.15086730486250002,0.015225039841269841,177,1,0.0,0.0,0.0,0.0,0.0,0.120826,1.5
120.69384389000001,0.14629556835151517,0.015225039841269841,177,1,0.0,0.0,0.0,0.0,0.0,0.11856,0.80000001
120.69384389000001,0.16092512518666668,0.015225039841269841,177,0,0.0,0.0,0.0,0.0,0.0,0.13448399,1.875
127.90339746000001,0.15503442116363636,0.012738419999999999,32,1,0.0,0.0,0.0,0.0,0.0,0.116675,0.849999995
128.27711082,0.15548740705454545,0.012835685,31,1,0.0,0.0,0.0,0.0,0.0,0.116377,0.94999999
128.27711082,0.1509142480235294,0.012835685,31,1,0.0,0.0,0.0,0.0,0.0,0.112589,0.20000000499999998
128.27711082,0.160346388525,0.012835685,31,0,0.0,0.0,0.0,0.0,0.0,0.131266,0.47500001000000003
127.26497047000001,0.15426057026666667,0.01282884,30,1,0.0,0.0,0.0,0.0,0.0,0.116132,0.650000005
127.21825630000001,0.159022820375,0.012964,29,1,0.0,0.0,0.0,0.0,0.0,0.128084,2.1
127.21825630000001,0.15420394703030305,0.012964,29,1,0.0,0.0,0.0,0.0,0.0,0.113948,0.599999995
125.58326035000002,0.15697907543750003,0.012969835217391305,28,1,0.0,0.0,0.0,0.0,0.0,0.129133,1.375
125.58326035000002,0.1522221337575758,0.012969835217391305,28,1,0.0,0.0,0.0,0.0,0.0,0.116196,0.29999999499999996
125.58326035000002,0.1477450121764706,0.012969835217391305,28,1,0.0,0.0,0.0,0.0,0.0,0.120406,0.05
125.58326035000002,0.15697907543750003,0.012969835217391305,28,0,0.0,0.0,0.0,0.0,0.0,0.114819,0.875
125.58326035000002,0.1522221337575758,0.012969835217391305,28,0,0.0,0.0,0.0,0.0,0.0,0.093372002,2.375
134.79373220000002,0.1739273963870968,0.015242529714285713,32,1,0.0,0.0,0.0,0.0,0.0,0.242447,8.9000001
134.79373220000002,0.1633863420606061,0.015242529714285713,32,1,0.0,0.0,0.0,0.0,0.0,0.166714,4.1500001
134.79373220000002,0.15858086141176472,0.015242529714285713,32,1,0.0,0.0,0.0,0.0,0.0,0.14363299,2.1499999499999998
134.79373220000002,0.15404997965714287,0.015242529714285713,32,1,0.0,0.0,0.0,0.0,0.0,0.130548,0.80000001
134.79373220000002,0.1633863420606061,0.015242529714285713,32,0,0.0,0.0,0.0,0.0,0.0,0.155747,0.35000001000000003
134.79373220000002,0.15858086141176472,0.015242529714285713,32,0,0.0,0.0,0.0,0.0,0.0,0.141477,0.900000005
134.05809525,0.17297818741935486,0.01531901057142857,31,1,0.0,0.0,0.0,0.0,0.0,0.29263499,8.6499996
134.05809525,0.16249466090909093,0.01531901057142857,31,1,0.0,0.0,0.0,0.0,0.0,0.180525,3.85
134.05809525,0.1577154061764706,0.01531901057142857,31,1,0.0,0.0,0.0,0.0,0.0,0.15791699,1.97499995
134.05809525,0.15320925171428573,0.01531901057142857,31,1,0.0,0.0,0.0,0.0,0.0,0.13921399,0.69999999
134.05809525,0.25534875285714287,0.01531901057142857,31,0,0.0,0.0,0.0,0.0,0.0,0.66986001,0.0250000005
134.05809525,0.22343015875000002,0.01531901057142857,31,0,0.0,0.0,0.0,0.0,0.0,0.50184101,0.0250000005
134.05809525,0.1675726190625,0.01531901057142857,31,0,0.0,0.0,0.0,0.0,0.0,0.176852,0.17500000500000001
134.05809525,0.16249466090909093,0.01531901057142857,31,0,0.0,0.0,0.0,0.0,0.0,0.14939199,0.375
134.05809525,0.1577154061764706,0.01531901057142857,31,0,0.0,0.0,0.0,0.0,0.0,0.127517,0.92500001
134.27722115,0.31594640270588237,0.015505023142857143,30,1,0.0,0.0,0.0,0.0,0.0,1.1715291,43.450001
134.27722115,0.16276026806060606,0.015505023142857143,30,1,0.0,0.0,0.0,0.0,0.0,0.17824399,3.89999995
134.27722115,0.15797320135294118,0.015505023142857143,30,1,0.0,0.0,0.0,0.0,0.0,0.143013,1.875
134.27722115,0.15345968131428572,0.015505023142857143,30,1,0.0,0.0,0.0,0.0,0.0,0.128884,0.625
134.27722115,0.15797320135294118,0.015505023142857143,30,0,0.0,0.0,0.0,0.0,0.0,0.137098,0.94999999
134.27722115,0.15345968131428572,0.015505023142857143,30,0,0.0,0.0,0.0,0.0,0.0,0.121748,2.1999999499999996
134.27722115,0.16276026806060606,0.015645552285714286,29,1,0.0,0.0,0.0,0.0,0.0,0.155688,3.75
134.27722115,0.15797320135294118,0.015645552285714286,29,1,0.0,0.0,0.0,0.0,0.0,0.141241,1.85
134.27722115,0.15345968131428572,0.015645552285714286,29,1,0.0,0.0,0.0,0.0,0.0,0.127315,0.599999995
134.27722115,0.16276026806060606,0.015645552285714286,29,0,0.0,0.0,0.0,0.0,0.0,0.15018301,0.32500000500000004
134.27722115,0.15797320135294118,0.015645552285714286,29,0,0.0,0.0,0.0,0.0,0.0,0.12947901,0.849999995
134.46504335,0.16298793133333334,0.015724594285714287,28,1,0.0,0.0,0.0,0.0,0.0,0.180995,3.85
134.46504335,0.15367433525714286,0.015724594285714287,28,1,0.0,0.0,0.0,0.0,0.0,0.13224,0.599999995
134.46504335,0.17928672446666666,0.015724594285714287,28,0,0.0,0.0,0.0,0.0,0.0,0.24661,0.05
134.46504335,0.15819416864705882,0.015724594285714287,28,0,0.0,0.0,0.0,0.0,0.0,0.120551,0.775000005
137.9867096,0.1379867096,0.01576729,31,1,0.0,0.0,0.0,0.0,0.0,0.214149,0.05
137.9867096,0.1672566176969697,0.01576729,31,1,0.0,0.0,0.0,0.0,0.0,0.232133,6.25
137.9867096,0.1576990966857143,0.01576729,31,1,0.0,0.0,0.0,0.0,0.0,0.18980899,2.3500000500000002
137.9867096,0.15331856622222223,0.01576729,31,1,0.0,0.0,0.0,0.0,0.0,0.18228,1.15
137.9867096,0.145249168,0.01576729,31,1,0.0,0.0,0.0,0.0,0.0,0.185761,0.20000000499999998
137.9867096,0.16233730541176472,0.01576729,31,0,0.0,0.0,0.0,0.0,0.0,0.192413,0.724999995
137.9867096,0.1576990966857143,0.01576729,31,0,0.0,0.0,0.0,0.0,0.0,0.18201999,1.5
137.9867096,0.145249168,0.0187905273015873,185,1,0.0,0.0,0.0,0.0,0.0,0.162834,1.65
137.9867096,0.1672566176969697,0.0187905273015873,185,0,0.0,0.0,0.0,0.0,0.0,0.17722601,2.05000005
137.9867096,0.16233730541176472,0.0187905273015873,185,0,0.0,0.0,0.0,0.0,0.0,0.17211699,2.85
137.9867096,0.1379867096,0.0202895178021978,367,1,0.0,0.0,0.0,0.0,0.0,0.17849401,2.375
137.9867096,0.15331856622222223,0.0202895178021978,367,1,0.0,0.0,0.0,0.0,0.0,0.18823799,5.79999995
137.9867096,0.22077873536,0.0202895178021978,367,0,0.0,0.0,0.0,0.0,0.0,0.27004999,0.94999999
137.9867096,0.18398227946666668,0.0202895178021978,367,0,0.0,0.0,0.0,0.0,0.0,0.218896,2.3500000500000002
137.9867096,0.17248338700000002,0.0202895178021978,367,0,0.0,0.0,0.0,0.0,0.0,0.204951,3.5
137.9867096,0.16233730541176472,0.0202895178021978,367,0,0.0,0.0,0.0,0.0,0.0,0.191706,5.0999999
138.56582805,0.16301862123529412,0.01574275375,30,1,0.0,0.0,0.0,0.0,0.0,0.19549,4.25
138.56582805,0.15836094634285713,0.01574275375,30,1,0.0,0.0,0.0,0.0,0.0,0.180769,2.4250000500000004
138.56582805,0.15396203116666665,0.01574275375,30,1,0.0,0.0,0.0,0.0,0.0,0.18008099,1.225
138.56582805,0.15836094634285713,0.01574275375,30,0,0.0,0.0,0.0,0.0,0.0,0.181198,1.3250000000000002
138.56582805,0.15396203116666665,0.01574275375,30,0,0.0,0.0,0.0,0.0,0.0,0.17781,2.6000000500000002
138.56582805,0.19795118292857142,0.017547395714285714,93,1,0.0,0.0,0.0,0.0,0.0,0.30423701,18.8500005
138.56582805,0.16301862123529412,0.017547395714285714,93,1,0.0,0.0,0.0,0.0,0.0,0.18621001,5.25
138.56582805,0.15836094634285713,0.017547395714285714,93,1,0.0,0.0,0.0,0.0,0.0,0.17918,3.65
138.56582805,0.15396203116666665,0.017547395714285714,93,1,0.0,0.0,0.0,0.0,0.0,0.173096,2.375
138.56582805,0.14980089518918918,0.017547395714285714,93,1,0.0,0.0,0.0,0.0,0.0,0.167307,1.425
138.56582805,0.1732072850625,0.01885292666666667,184,1,0.0,0.0,0.0,0.0,0.0,0.19425499,10.049999799999998
138.56582805,0.15836094634285713,0.01885292666666667,184,1,0.0,0.0,0.0,0.0,0.0,0.172896,4.79999995
138.56582805,0.15396203116666665,0.02043073428571428,366,1,0.0,0.0,0.0,0.0,0.0,0.19165701,6.0999999
138.56582805,0.21317819699999999,0.02043073428571428,366,0,0.0,0.0,0.0,0.0,0.0,0.26606899,1.2
137.6736726,0.17209209075,0.015737652499999998,29,1,0.0,0.0,0.0,0.0,0.0,0.23748299,8.25
137.6736726,0.1619690265882353,0.015737652499999998,29,1,0.0,0.0,0.0,0.0,0.0,0.19378901,3.8000000500000004
137.6736726,0.15734134011428572,0.015737652499999998,29,1,0.0,0.0,0.0,0.0,0.0,0.182695,2.1000000500000002
137.6736726,0.15297074733333332,0.015737652499999998,29,1,0.0,0.0,0.0,0.0,0.0,0.17475,0.94999999
137.6736726,0.1668771789090909,0.015737652499999998,29,0,0.0,0.0,0.0,0.0,0.0,0.196217,0.274999995
137.6736726,0.1619690265882353,0.015737652499999998,29,0,0.0,0.0,0.0,0.0,0.0,0.18600801,0.674999985
137.6736726,0.15734134011428572,0.015737652499999998,29,0,0.0,0.0,0.0,0.0,0.0,0.176442,1.475
137.6736726,0.15297074733333332,0.015737652499999998,29,0,0.0,0.0,0.0,0.0,0.0,0.172962,2.875
137.6736726,0.19667667514285714,0.017513350714285714,92,1,0.0,0.0,0.0,0.0,0.0,0.30569199,18.3500005
137.6736726,0.1668771789090909,0.017513350714285714,92,1,0.0,0.0,0.0,0.0,0.0,0.19268399,6.70000005
137.6736726,0.15297074733333332,0.017513350714285714,92,1,0.0,0.0,0.0,0.0,0.0,0.17026401,2.1
137.6736726,0.1619690265882353,0.017513350714285714,92,0,0.0,0.0,0.0,0.0,0.0,0.178341,1.85
137.6736726,0.15297074733333332,0.018843693333333335,183,1,0.0,0.0,0.0,0.0,0.0,0.16959099,3.3000000500000004
137.6736726,0.21180565015384617,0.018843693333333335,183,0,0.0,0.0,0.0,0.0,0.0,0.25223899,0.25000000499999997
137.6736726,0.17209209075,0.018843693333333335,183,0,0.0,0.0,0.0,0.0,0.0,0.18847001,1.575
137.6736726,0.1668771789090909,0.02040448252747253,365,1,0.0,0.0,0.0,0.0,0.0,0.207164,10.0500001
137.6736726,0.15297074733333332,0.02040448252747253,365,1,0.0,0.0,0.0,0.0,0.0,0.193087,5.8499999
137.6736726,0.14491965536842105,0.02040448252747253,365,1,0.0,0.0,0.0,0.0,0.0,0.185508,3.79999995
137.6736726,0.2503157683636364,0.02040448252747253,365,0,0.0,0.0,0.0,0.0,0.0,0.313573,0.625
137.8301911,0.1575202184,0.01569953625,28,1,0.0,0.0,0.0,0.0,0.0,0.18026701,2.1000000500000002
137.8301911,0.15314465677777778,0.01569953625,28,1,0.0,0.0,0.0,0.0,0.0,0.171386,0.92500001
137.8301911,0.149005612,0.01569953625,28,1,0.0,0.0,0.0,0.0,0.0,0.17150199,0.35000001000000003
137.8301911,0.16215316600000002,0.01569953625,28,0,0.0,0.0,0.0,0.0,0.0,0.1823,0.599999995
137.8301911,0.1575202184,0.01569953625,28,0,0.0,0.0,0.0,0.0,0.0,0.173511,1.375
137.8301911,0.15314465677777778,0.01569953625,28,0,0.0,0.0,0.0,0.0,0.0,0.166352,2.7250000500000002
137.8301911,0.19690027300000001,0.017522765,91,1,0.0,0.0,0.0,0.0,0.0,0.320755,18.4000005
137.8301911,0.16706689830303031,0.017522765,91,1,0.0,0.0,0.0,0.0,0.0,0.20426799,6.79999995
137.8301911,0.16215316600000002,0.017522765,91,1,0.0,0.0,0.0,0.0,0.0,0.19371501,4.95000005
137.8301911,0.15314465677777778,0.017522765,91,1,0.0,0.0,0.0,0.0,0.0,0.176157,2.15
137.8301911,0.16706689830303031,0.017522765,91,0,0.0,0.0,0.0,0.0,0.0,0.18764099,1.2
137.8301911,0.15314465677777778,0.017522765,91,0,0.0,0.0,0.0,0.0,0.0,0.162715,4.0999999
137.8301911,0.17784540787096775,0.02048172296703297,364,1,0.0,0.0,0.0,0.0,0.0,0.21517301,13.5
137.8301911,0.16215316600000002,0.02048172296703297,364,1,0.0,0.0,0.0,0.0,0.0,0.19768301,8.4000001
137.8301911,0.149005612,0.02048172296703297,364,1,0.0,0.0,0.0,0.0,0.0,0.18537,4.6500001
137.8301911,0.14508441168421055,0.02048172296703297,364,1,0.0,0.0,0.0,0.0,0.0,0.181716,3.70000005
137.8301911,0.39380054600000003,0.02048172296703297,364,0,0.0,0.0,0.0,0.0,0.0,0.43931299,0.15000000000000002
137.8301911,0.21204644784615387,0.02048172296703297,364,0,0.0,0.0,0.0,0.0,0.0,0.261985,1.175
137.8301911,0.16215316600000002,0.02048172296703297,364,0,0.0,0.0,0.0,0.0,0.0,0.19574299,5.25
138.7693021,0.15002086713513513,0.018847555555555555,179,1,0.0,0.0,0.0,0.0,0.0,0.165966,2.5
138.7693021,0.18502573613333334,0.018847555555555555,179,0,0.0,0.0,0.0,0.0,0.0,0.209987,0.775000005
138.7693021,0.1387693021,0.02048985131868132,361,1,0.0,0.0,0.0,0.0,0.0,0.173723,2.325
138.7693021,0.16325800247058825,0.02048985131868132,361,1,0.0,0.0,0.0,0.0,0.0,0.190322,8.5
138.7693021,0.15418811344444444,0.02048985131868132,361,1,0.0,0.0,0.0,0.0,0.0,0.185785,5.9000001
138.7693021,0.15002086713513513,0.02048985131868132,361,1,0.0,0.0,0.0,0.0,0.0,0.181453,4.75
138.7693021,0.14607294957894737,0.02048985131868132,361,1,0.0,0.0,0.0,0.0,0.0,0.177148,3.75
138.7693021,0.16820521466666669,0.02048985131868132,361,0,0.0,0.0,0.0,0.0,0.0,0.19408099,3.9
138.675391,0.42669351076923073,0.020302482197802195,360,1,0.0,0.0,0.0,0.0,0.0,-99.989998,56.1000005
138.675391,0.15408376777777777,0.020302482197802195,360,1,0.0,0.0,0.0,0.0,0.0,0.18861701,5.95000005
138.675391,0.1499193416216216,0.020302482197802195,360,1,0.0,0.0,0.0,0.0,0.0,0.18124899,4.70000005
126.10695544999999,0.1801527935,0.017472033214285712,32,1,0.0,0.0,0.0,0.0,0.0,0.38819399,10.9
126.10695544999999,0.1576336943125,0.017472033214285712,32,1,0.0,0.0,0.0,0.0,0.0,0.27957001,2.7750001
126.10695544999999,0.1528569156969697,0.017472033214285712,32,1,0.0,0.0,0.0,0.0,0.0,0.268594,1.6
126.10695544999999,0.1483611240588235,0.017472033214285712,32,1,0.0,0.0,0.0,0.0,0.0,0.26651901,0.875
126.10695544999999,0.1441222348,0.017472033214285712,32,1,0.0,0.0,0.0,0.0,0.0,0.25716299,0.400000005
126.10695544999999,0.13274416363157893,0.017472033214285712,32,1,0.0,0.0,0.0,0.0,0.0,0.27635401,0.05
126.10695544999999,0.16814260726666666,0.017472033214285712,32,0,0.0,0.0,0.0,0.0,0.0,0.29323399,0.849999995
126.10695544999999,0.1576336943125,0.017472033214285712,32,0,0.0,0.0,0.0,0.0,0.0,0.26663899,2.42499995
126.10695544999999,0.1528569156969697,0.017472033214285712,32,0,0.0,0.0,0.0,0.0,0.0,0.26926401,3.9
126.45129615000002,0.15806412018750002,0.017475841785714284,31,1,0.0,0.0,0.0,0.0,0.0,0.27059501,2.79999995
126.45129615000002,0.15327429836363637,0.017475841785714284,31,1,0.0,0.0,0.0,0.0,0.0,0.260813,1.6
126.45129615000002,0.1487662307647059,0.017475841785714284,31,1,0.0,0.0,0.0,0.0,0.0,0.25107101,0.799999985
126.45129615000002,0.14451576702857144,0.017475841785714284,31,1,0.0,0.0,0.0,0.0,0.0,0.24364001,0.349999995
126.45129615000002,0.16860172820000002,0.017475841785714284,31,0,0.0,0.0,0.0,0.0,0.0,0.28339499,0.69999999
126.45129615000002,0.15806412018750002,0.017475841785714284,31,0,0.0,0.0,0.0,0.0,0.0,0.25799701,2.17499995
129.284281,0.16160535125,0.01616815857142857,30,1,0.0,0.0,0.0,0.0,0.0,0.252689,3.6499999499999998
129.284281,0.1567082193939394,0.01616815857142857,30,1,0.0,0.0,0.0,0.0,0.0,0.23833001,2.1000000500000002
129.284281,0.15209915411764705,0.01616815857142857,30,1,0.0,0.0,0.0,0.0,0.0,0.23403899,1.1
129.284281,0.147753464,0.01616815857142857,30,1,0.0,0.0,0.0,0.0,0.0,0.23723,0.55000001
129.284281,0.1436492011111111,0.01616815857142857,30,1,0.0,0.0,0.0,0.0,0.0,0.232742,0.22500000999999997
129.284281,0.17237904133333332,0.01616815857142857,30,0,0.0,0.0,0.0,0.0,0.0,0.279165,0.400000005
129.284281,0.16160535125,0.01616815857142857,30,0,0.0,0.0,0.0,0.0,0.0,0.24416301,1.35
129.284281,0.1567082193939394,0.01616815857142857,30,0,0.0,0.0,0.0,0.0,0.0,0.2358,2.4
129.284281,0.147753464,0.01616815857142857,30,0,0.0,0.0,0.0,0.0,0.0,0.22940101,5.85000015
131.5068437,0.17534245826666667,0.016153661666666666,29,1,0.0,0.0,0.0,0.0,0.0,-99.989998,8.9499998
131.5068437,0.16438355462499998,0.016153661666666666,29,1,0.0,0.0,0.0,0.0,0.0,0.21408799,4.4000001
131.5068437,0.15940223478787877,0.016153661666666666,29,1,0.0,0.0,0.0,0.0,0.0,0.20672201,2.575
131.5068437,0.15471393376470588,0.016153661666666666,29,1,0.0,0.0,0.0,0.0,0.0,0.202586,1.3
131.5068437,0.15029353565714285,0.016153661666666666,29,1,0.0,0.0,0.0,0.0,0.0,0.194271,0.525000005
131.5068437,0.14611871522222222,0.016153661666666666,29,1,0.0,0.0,0.0,0.0,0.0,0.196363,0.20000000499999998
131.5068437,0.17534245826666667,0.016153661666666666,29,0,0.0,0.0,0.0,0.0,0.0,0.26659301,0.20000000499999998
131.5068437,0.16438355462499998,0.016153661666666666,29,0,0.0,0.0,0.0,0.0,0.0,0.220608,0.724999995
131.5068437,0.15940223478787877,0.016153661666666666,29,0,0.0,0.0,0.0,0.0,0.0,0.204629,1.425
131.5068437,0.15471393376470588,0.016153661666666666,29,0,0.0,0.0,0.0,0.0,0.0,0.197457,2.67499995
131.5068437,0.15029353565714285,0.016153661666666666,29,0,0.0,0.0,0.0,0.0,0.0,0.20058399,4.5
133.27550275000002,0.16659437843750002,0.01614806,28,1,0.0,0.0,0.0,0.0,0.0,0.244367,5.54999995
133.27550275000002,0.16154606393939397,0.01614806,28,1,0.0,0.0,0.0,0.0,0.0,0.217558,3.4499999499999996
133.27550275000002,0.15679470911764706,0.01614806,28,1,0.0,0.0,0.0,0.0,0.0,0.190999,1.725
133.27550275000002,0.1523148602857143,0.01614806,28,1,0.0,0.0,0.0,0.0,0.0,0.17689601,0.67500001
133.27550275000002,0.14808389194444446,0.01614806,28,1,0.0,0.0,0.0,0.0,0.0,0.179983,0.25000000499999997
133.27550275000002,0.16659437843750002,0.01614806,28,0,0.0,0.0,0.0,0.0,0.0,0.210978,0.39999998999999997
133.27550275000002,0.16154606393939397,0.01614806,28,0,0.0,0.0,0.0,0.0,0.0,0.185626,0.80000001
133.27550275000002,0.15679470911764706,0.01614806,28,0,0.0,0.0,0.0,0.0,0.0,0.173779,1.725
133.27550275000002,0.1523148602857143,0.01614806,28,0,0.0,0.0,0.0,0.0,0.0,0.162049,3.25
135.0254334,0.15885345105882354,0.01873047142857143,32,1,0.0,0.0,0.0,0.0,0.0,0.190387,2.42499995
135.0254334,0.15431478102857143,0.01873047142857143,32,1,0.0,0.0,0.0,0.0,0.0,0.170524,1.075
135.0254334,0.15002825933333333,0.01873047142857143,32,1,0.0,0.0,0.0,0.0,0.0,0.161709,0.375
135.0254334,0.14597344151351352,0.01873047142857143,32,1,0.0,0.0,0.0,0.0,0.0,0.156905,0.10000000549999999
135.0254334,0.17422636567741936,0.01873047142857143,32,0,0.0,0.0,0.0,0.0,0.0,0.227924,0.15000000000000002
135.0254334,0.16878179175,0.01873047142857143,32,0,0.0,0.0,0.0,0.0,0.0,0.200991,0.274999995
135.0254334,0.163667192,0.01873047142857143,32,0,0.0,0.0,0.0,0.0,0.0,0.17689499,0.55000001
135.0254334,0.15885345105882354,0.01873047142857143,32,0,0.0,0.0,0.0,0.0,0.0,0.15311299,1.125
135.0254334,0.15431478102857143,0.01873047142857143,32,0,0.0,0.0,0.0,0.0,0.0,0.13323499,2.3000000500000004
135.76508321,0.15972362730588235,0.01881833,31,1,0.0,0.0,0.0,0.0,0.0,0.1847,2.625
135.76508321,0.15516009509714285,0.01881833,31,1,0.0,0.0,0.0,0.0,0.0,0.175072,1.275
135.76508321,0.15085009245555556,0.01881833,31,1,0.0,0.0,0.0,0.0,0.0,0.16942801,0.5
135.76508321,0.14677306292972972,0.01881833,31,1,0.0,0.0,0.0,0.0,0.0,0.16458,0.15000000000000002
135.76508321,0.1697063540125,0.01881833,31,0,0.0,0.0,0.0,0.0,0.0,0.20935901,0.25000000499999997
135.76508321,0.16456373722424242,0.01881833,31,0,0.0,0.0,0.0,0.0,0.0,0.18588901,0.5
135.76508321,0.15972362730588235,0.01881833,31,0,0.0,0.0,0.0,0.0,0.0,0.174206,1.125
135.76508321,0.15516009509714285,0.01881833,31,0,0.0,0.0,0.0,0.0,0.0,0.166976,2.3000000500000004
135.21428016,0.16389609716363635,0.018860772142857144,30,1,0.0,0.0,0.0,0.0,0.0,0.20723601,4.25
135.21428016,0.15907562371764705,0.018860772142857144,30,1,0.0,0.0,0.0,0.0,0.0,0.184369,2.375
135.21428016,0.15453060589714285,0.018860772142857144,30,1,0.0,0.0,0.0,0.0,0.0,0.174288,1.1
135.21428016,0.15023808906666666,0.018860772142857144,30,1,0.0,0.0,0.0,0.0,0.0,0.17160501,0.42499999499999996
135.21428016,0.16389609716363635,0.018860772142857144,30,0,0.0,0.0,0.0,0.0,0.0,0.17883299,0.5
135.21428016,0.15907562371764705,0.018860772142857144,30,0,0.0,0.0,0.0,0.0,0.0,0.173407,1.225
135.21428016,0.15453060589714285,0.018860772142857144,30,0,0.0,0.0,0.0,0.0,0.0,0.15977199,2.425
132.57042552,0.16069142487272725,0.018903335,29,1,0.0,0.0,0.0,0.0,0.0,0.202778,2.9749999
132.57042552,0.15596520649411763,0.018903335,29,1,0.0,0.0,0.0,0.0,0.0,0.189174,1.5
132.57042552,0.15150905773714285,0.018903335,29,1,0.0,0.0,0.0,0.0,0.0,0.17969,0.599999995
132.57042552,0.1473004728,0.018903335,29,1,0.0,0.0,0.0,0.0,0.0,0.18288299,0.22500000999999997
132.57042552,0.14331937894054053,0.018903335,29,1,0.0,0.0,0.0,0.0,0.0,0.186582,0.075000005
132.57042552,0.17105861357419352,0.018903335,29,0,0.0,0.0,0.0,0.0,0.0,0.22087701,0.20000000499999998
132.57042552,0.16069142487272725,0.018903335,29,0,0.0,0.0,0.0,0.0,0.0,0.192353,1.024999995
132.57042552,0.15596520649411763,0.018903335,29,0,0.0,0.0,0.0,0.0,0.0,0.1793,2.04999995
132.57042552,0.15150905773714285,0.018903335,29,0,0.0,0.0,0.0,0.0,0.0,0.172327,3.6999999499999996
130.4616367,0.16307704587500002,0.018870388571428573,28,1,0.0,0.0,0.0,0.0,0.0,0.240959,3.9999998999999997
130.4616367,0.15813531721212123,0.018870388571428573,28,1,0.0,0.0,0.0,0.0,0.0,0.214055,2.2250000500000002
130.4616367,0.15348427847058826,0.018870388571428573,28,1,0.0,0.0,0.0,0.0,0.0,0.20231199,1.0499999949999999
130.4616367,0.14909901337142858,0.018870388571428573,28,1,0.0,0.0,0.0,0.0,0.0,0.198742,0.42500000000000004
130.4616367,0.14495737411111112,0.018870388571428573,28,1,0.0,0.0,0.0,0.0,0.0,0.190653,0.125000005
130.4616367,0.16307704587500002,0.018870388571428573,28,0,0.0,0.0,0.0,0.0,0.0,0.206117,0.724999995
130.4616367,0.15813531721212123,0.018870388571428573,28,0,0.0,0.0,0.0,0.0,0.0,0.190697,1.5
130.4616367,0.15348427847058826,0.018870388571428573,28,0,0.0,0.0,0.0,0.0,0.0,0.17315,2.8000000500000004
131.21702374,0.15437296910588236,0.019330799142857142,32,1,0.0,0.0,0.0,0.0,0.0,0.180381,1.15
131.21702374,0.1499623128457143,0.019330799142857142,32,1,0.0,0.0,0.0,0.0,0.0,0.17565601,0.45000000500000004
131.21702374,0.1693122886967742,0.019330799142857142,32,0,0.0,0.0,0.0,0.0,0.0,0.214509,0.29999999499999996
131.21702374,0.164021279675,0.019330799142857142,32,0,0.0,0.0,0.0,0.0,0.0,0.19850799,0.650000005
131.21702374,0.15437296910588236,0.019330799142857142,32,0,0.0,0.0,0.0,0.0,0.0,0.178579,2.625
131.21702374,0.15437296910588236,0.023471651428571428,186,1,0.0,0.0,0.0,0.0,0.0,0.163938,3.1999999499999996
131.21702374,0.14579669304444445,0.023471651428571428,186,1,0.0,0.0,0.0,0.0,0.0,0.157355,1.4500000000000002
131.21702374,0.17495603165333334,0.023471651428571428,186,0,0.0,0.0,0.0,0.0,0.0,0.188788,1.2999999999999998
131.21702374,0.15905093786666666,0.023471651428571428,186,0,0.0,0.0,0.0,0.0,0.0,0.166777,3.5
131.43734496,0.1593179938909091,0.019279696285714285,31,1,0.0,0.0,0.0,0.0,0.0,0.185488,2.42499995
131.43734496,0.15463217054117645,0.019279696285714285,31,1,0.0,0.0,0.0,0.0,0.0,0.174981,1.125
131.43734496,0.15021410852571426,0.019279696285714285,31,1,0.0,0.0,0.0,0.0,0.0,0.170788,0.42500000000000004
131.43734496,0.1642966812,0.019279696285714285,31,0,0.0,0.0,0.0,0.0,0.0,0.191663,0.55000001
131.43734496,0.15463217054117645,0.019279696285714285,31,0,0.0,0.0,0.0,0.0,0.0,0.168937,2.42499995
131.64192895,0.1645524111875,0.019235883999999998,30,1,0.0,0.0,0.0,0.0,0.0,0.209621,4.4000001
131.64192895,0.15956597448484847,0.019235883999999998,30,1,0.0,0.0,0.0,0.0,0.0,0.191026,2.5249999499999998
131.64192895,0.1548728575882353,0.019235883999999998,30,1,0.0,0.0,0.0,0.0,0.0,0.180656,1.2
131.64192895,0.1645524111875,0.019235883999999998,30,0,0.0,0.0,0.0,0.0,0.0,0.19859301,0.55000001
131.64192895,0.15956597448484847,0.019235883999999998,30,0,0.0,0.0,0.0,0.0,0.0,0.185562,1.2
131.64192895,0.1548728575882353,0.019235883999999998,30,0,0.0,0.0,0.0,0.0,0.0,0.17476299,2.375
131.64192895,0.1645524111875,0.022503452857142857,93,0,0.0,0.0,0.0,0.0,0.0,0.17357101,1.4
131.64192895,0.1548728575882353,0.023635541428571428,184,1,0.0,0.0,0.0,0.0,0.0,0.16161101,3.25
131.64192895,0.1504479188,0.023635541428571428,184,1,0.0,0.0,0.0,0.0,0.0,0.16008499,2.2749999499999998
131.64192895,0.14626880994444444,0.023635541428571428,184,0,0.0,0.0,0.0,0.0,0.0,0.149727,7.70000005
130.02099426,0.162526242825,0.019183867142857143,29,1,0.0,0.0,0.0,0.0,0.0,0.217327,3.65
130.02099426,0.15760120516363638,0.019183867142857143,29,1,0.0,0.0,0.0,0.0,0.0,0.19668899,1.95
130.02099426,0.15296587560000002,0.019183867142857143,29,1,0.0,0.0,0.0,0.0,0.0,0.19487999,0.92500001
130.02099426,0.14859542201142859,0.019183867142857143,29,1,0.0,0.0,0.0,0.0,0.0,0.198992,0.39999998999999997
130.02099426,0.1444677714,0.019183867142857143,29,1,0.0,0.0,0.0,0.0,0.0,0.20145001,0.15000000000000002
130.02099426,0.13686420448421052,0.019183867142857143,29,1,0.0,0.0,0.0,0.0,0.0,0.220222,0.0250000005
130.02099426,0.1677690248516129,0.019183867142857143,29,0,0.0,0.0,0.0,0.0,0.0,0.225436,0.400000005
130.02099426,0.162526242825,0.019183867142857143,29,0,0.0,0.0,0.0,0.0,0.0,0.209517,0.849999995
130.02099426,0.15760120516363638,0.019183867142857143,29,0,0.0,0.0,0.0,0.0,0.0,0.192728,1.675
130.02099426,0.15296587560000002,0.019183867142857143,29,0,0.0,0.0,0.0,0.0,0.0,0.18969101,3.15
130.02099426,0.17336132568,0.02254991,92,1,0.0,0.0,0.0,0.0,0.0,0.200783,8.4000001
130.02099426,0.162526242825,0.02254991,92,1,0.0,0.0,0.0,0.0,0.0,0.176975,4.4000001
130.02099426,0.15760120516363638,0.02254991,92,1,0.0,0.0,0.0,0.0,0.0,0.169936,2.875
130.02099426,0.15296587560000002,0.02254991,92,1,0.0,0.0,0.0,0.0,0.0,0.16415,1.725
130.02099426,0.1444677714,0.02254991,92,1,0.0,0.0,0.0,0.0,0.0,0.161844,0.525000005
130.02099426,0.1677690248516129,0.02254991,92,0,0.0,0.0,0.0,0.0,0.0,0.18422601,1.075
130.02099426,0.162526242825,0.02254991,92,0,0.0,0.0,0.0,0.0,0.0,0.17422,1.725
130.02099426,0.15760120516363638,0.02254991,92,0,0.0,0.0,0.0,0.0,0.0,0.165755,2.6999999499999996
130.02099426,0.15296587560000002,0.02254991,92,0,0.0,0.0,0.0,0.0,0.0,0.161305,4.0999999
130.02099426,0.18574427751428574,0.02368016428571429,183,0,0.0,0.0,0.0,0.0,0.0,0.203679,0.67500001
130.02099426,0.1444677714,0.02368016428571429,183,0,0.0,0.0,0.0,0.0,0.0,0.156444,8.5999999
129.80067304,0.16748473940645162,0.019106630285714285,28,1,0.0,0.0,0.0,0.0,0.0,0.22682001,5.5
129.80067304,0.1622508413,0.019106630285714285,28,1,0.0,0.0,0.0,0.0,0.0,0.18889301,3.3000000500000004
129.80067304,0.15733414913939392,0.019106630285714285,28,1,0.0,0.0,0.0,0.0,0.0,0.16458599,1.55
129.80067304,0.15270667416470587,0.019106630285714285,28,1,0.0,0.0,0.0,0.0,0.0,0.15601,0.55000001
129.80067304,0.14834362633142856,0.019106630285714285,28,1,0.0,0.0,0.0,0.0,0.0,0.154586,0.15000000000000002
129.80067304,0.14422297004444443,0.019106630285714285,28,1,0.0,0.0,0.0,0.0,0.0,0.18019401,0.0750000005
129.80067304,0.16748473940645162,0.019106630285714285,28,0,0.0,0.0,0.0,0.0,0.0,0.18856101,0.22500000999999997
129.80067304,0.1622508413,0.019106630285714285,28,0,0.0,0.0,0.0,0.0,0.0,0.167555,0.55000001
129.80067304,0.15733414913939392,0.019106630285714285,28,0,0.0,0.0,0.0,0.0,0.0,0.15009999,1.325
129.80067304,0.15270667416470587,0.019106630285714285,28,0,0.0,0.0,0.0,0.0,0.0,0.135589,2.82500005
129.80067304,0.17306756405333332,0.02251126357142857,91,1,0.0,0.0,0.0,0.0,0.0,0.198644,8.25
129.80067304,0.1622508413,0.02251126357142857,91,1,0.0,0.0,0.0,0.0,0.0,0.16433901,4.0999999
129.80067304,0.15733414913939392,0.02251126357142857,91,1,0.0,0.0,0.0,0.0,0.0,0.15710101,2.57500005
129.80067304,0.15270667416470587,0.02251126357142857,91,1,0.0,0.0,0.0,0.0,0.0,0.14912599,1.425
129.80067304,0.14834362633142856,0.02251126357142857,91,1,0.0,0.0,0.0,0.0,0.0,0.147852,0.75
129.80067304,0.14422297004444443,0.02251126357142857,91,1,0.0,0.0,0.0,0.0,0.0,0.145711,0.35000001000000003
129.80067304,0.17306756405333332,0.02251126357142857,91,0,0.0,0.0,0.0,0.0,0.0,0.187803,0.599999995
129.80067304,0.16748473940645162,0.02251126357142857,91,0,0.0,0.0,0.0,0.0,0.0,0.17449901,0.97499999
129.80067304,0.15733414913939392,0.02251126357142857,91,0,0.0,0.0,0.0,0.0,0.0,0.15000799,2.5
129.80067304,0.15270667416470587,0.02251126357142857,91,0,0.0,0.0,0.0,0.0,0.0,0.14269599,3.9
129.80067304,0.1622508413,0.02367574968253968,182,1,0.0,0.0,0.0,0.0,0.0,0.175037,5.4000001
129.80067304,0.15733414913939392,0.02367574968253968,182,1,0.0,0.0,0.0,0.0,0.0,0.16493399,3.85
129.80067304,0.15270667416470587,0.02367574968253968,182,1,0.0,0.0,0.0,0.0,0.0,0.158243,2.625
129.80067304,0.14422297004444443,0.02367574968253968,182,1,0.0,0.0,0.0,0.0,0.0,0.15099899,1.075
129.80067304,0.15733414913939392,0.02367574968253968,182,0,0.0,0.0,0.0,0.0,0.0,0.158824,3.6999999499999996
129.8321475,0.15274370294117645,0.023693402222222222,179,1,0.0,0.0,0.0,0.0,0.0,0.15724801,2.57500005
129.8321475,0.14425794166666667,0.023693402222222222,179,1,0.0,0.0,0.0,0.0,0.0,0.15076999,1.05
129.8321475,0.1573723,0.023693402222222222,179,0,0.0,0.0,0.0,0.0,0.0,0.15366,3.5500000500000004
128.1010522,0.15070712023529412,0.02372285634920635,178,1,0.0,0.0,0.0,0.0,0.0,0.159493,2.17499995
128.1010522,0.1652916802580645,0.02372285634920635,178,0,0.0,0.0,0.0,0.0,0.0,0.17211001,2.17499995
128.1010522,0.15527400266666666,0.02372285634920635,178,0,0.0,0.0,0.0,0.0,0.0,0.157904,4.20000005
127.86499375,0.1504294044117647,0.023933505873015872,177,1,0.0,0.0,0.0,0.0,0.0,0.16136999,2.1499999499999998
127.86499375,0.14207221527777777,0.023933505873015872,177,1,0.0,0.0,0.0,0.0,0.0,0.15515099,0.849999995
127.86499375,0.196715375,0.023933505873015872,177,0,0.0,0.0,0.0,0.0,0.0,0.21886399,0.35000001000000003
127.86499375,0.18266427678571429,0.023933505873015872,177,0,0.0,0.0,0.0,0.0,0.0,0.198989,0.75
130.03673149,0.1576202805939394,0.019640105,32,1,0.0,0.0,0.0,0.0,0.0,0.123158,1.2
130.03673149,0.1529843899882353,0.019640105,32,1,0.0,0.0,0.0,0.0,0.0,0.122026,0.32500000500000004
130.03673149,0.1625459143625,0.019640105,32,0,0.0,0.0,0.0,0.0,0.0,0.135795,0.474999995
130.03673149,0.1576202805939394,0.019640105,32,0,0.0,0.0,0.0,0.0,0.0,0.12768,1.375
129.32855614000002,0.15676188623030304,0.01964071,31,1,0.0,0.0,0.0,0.0,0.0,0.13338999,0.999999995
129.32855614000002,0.16166069517500004,0.01964071,31,0,0.0,0.0,0.0,0.0,0.0,0.138155,0.57499999
129.32855614000002,0.15676188623030304,0.01964071,31,0,0.0,0.0,0.0,0.0,0.0,0.12888201,1.575
128.44727126,0.16055908907500002,0.019525269999999997,30,1,0.0,0.0,0.0,0.0,0.0,0.151163,2.17499995
128.44727126,0.15569366213333335,0.019525269999999997,30,1,0.0,0.0,0.0,0.0,0.0,0.12830099,0.69999999
128.44727126,0.16055908907500002,0.019525269999999997,30,0,0.0,0.0,0.0,0.0,0.0,0.130632,0.67500001
128.44727126,0.15569366213333335,0.019525269999999997,30,0,0.0,0.0,0.0,0.0,0.0,0.120688,1.85
128.22695004,0.16028368755,0.0195673975,29,1,0.0,0.0,0.0,0.0,0.0,0.147732,2.0249999499999998
128.22695004,0.1554266061090909,0.0195673975,29,1,0.0,0.0,0.0,0.0,0.0,0.12792499,0.625
128.22695004,0.16028368755,0.0195673975,29,0,0.0,0.0,0.0,0.0,0.0,0.129499,0.69999999
128.22695004,0.1554266061090909,0.0195673975,29,0,0.0,0.0,0.0,0.0,0.0,0.11587,1.9
128.22695004,0.16028368755,0.01956738,28,1,0.0,0.0,0.0,0.0,0.0,0.127231,1.9749999999999999
128.22695004,0.1554266061090909,0.01956738,28,1,0.0,0.0,0.0,0.0,0.0,0.121483,0.599999995
128.22695004,0.15085523534117645,0.01956738,28,1,0.0,0.0,0.0,0.0,0.0,0.118415,0.10000000549999999
128.22695004,0.16028368755,0.01956738,28,0,0.0,0.0,0.0,0.0,0.0,0.124514,0.650000005
128.22695004,0.1554266061090909,0.01956738,28,0,0.0,0.0,0.0,0.0,0.0,0.105041,1.825
131.77527462,0.164719093275,0.021198066428571426,32,1,0.0,0.0,0.0,0.0,0.0,0.14624,3.6999999499999996
131.77527462,0.15972760560000002,0.021198066428571426,32,1,0.0,0.0,0.0,0.0,0.0,0.13125201,1.775
131.77527462,0.15502973484705884,0.021198066428571426,32,1,0.0,0.0,0.0,0.0,0.0,0.125156,0.599999995
131.77527462,0.15060031385142858,0.021198066428571426,32,1,0.0,0.0,0.0,0.0,0.0,0.120593,0.125000005
131.77527462,0.17570036616,0.021198066428571426,32,0,0.0,0.0,0.0,0.0,0.0,0.189247,0.05
131.77527462,0.164719093275,0.021198066428571426,32,0,0.0,0.0,0.0,0.0,0.0,0.142987,0.29999999499999996
131.77527462,0.15972760560000002,0.021198066428571426,32,0,0.0,0.0,0.0,0.0,0.0,0.13191199,0.900000005
131.77527462,0.15502973484705884,0.021198066428571426,32,0,0.0,0.0,0.0,0.0,0.0,0.121926,2.20000005
130.84159608000002,0.1635519951,0.02119496857142857,31,1,0.0,0.0,0.0,0.0,0.0,0.159906,3.1999999499999996
130.84159608000002,0.15859587403636366,0.02119496857142857,31,1,0.0,0.0,0.0,0.0,0.0,0.139884,1.4249999999999998
130.84159608000002,0.15393128950588236,0.02119496857142857,31,1,0.0,0.0,0.0,0.0,0.0,0.12641799,0.39999998999999997
130.84159608000002,0.1635519951,0.02119496857142857,31,0,0.0,0.0,0.0,0.0,0.0,0.147736,0.45000000500000004
130.84159608000002,0.15859587403636366,0.02119496857142857,31,0,0.0,0.0,0.0,0.0,0.0,0.128323,1.15
129.63889152,0.16204861439999999,0.02111320357142857,30,1,0.0,0.0,0.0,0.0,0.0,0.146358,2.625
129.63889152,0.1571380503272727,0.02111320357142857,30,1,0.0,0.0,0.0,0.0,0.0,0.133745,1.05
129.63889152,0.15251634296470587,0.02111320357142857,30,1,0.0,0.0,0.0,0.0,0.0,0.12788799,0.275000005
129.63889152,0.14815873316571426,0.02111320357142857,30,1,0.0,0.0,0.0,0.0,0.0,0.127813,0.05
129.63889152,0.17285185535999997,0.02111320357142857,30,0,0.0,0.0,0.0,0.0,0.0,0.170865,0.05
129.63889152,0.1672759890580645,0.02111320357142857,30,0,0.0,0.0,0.0,0.0,0.0,0.16314,0.20000000499999998
129.63889152,0.16204861439999999,0.02111320357142857,30,0,0.0,0.0,0.0,0.0,0.0,0.140543,0.525000005
129.63889152,0.1571380503272727,0.02111320357142857,30,0,0.0,0.0,0.0,0.0,0.0,0.12565599,1.425
128.61026262,0.1558912274181818,0.021145610000000002,29,1,0.0,0.0,0.0,0.0,0.0,0.138253,0.80000001
128.61026262,0.15130619131764705,0.021145610000000002,29,1,0.0,0.0,0.0,0.0,0.0,0.12929299,0.17500000500000001
128.61026262,0.14698315727999997,0.021145610000000002,29,1,0.0,0.0,0.0,0.0,0.0,0.15476701,0.0750000005
128.61026262,0.18372894659999997,0.021145610000000002,29,0,0.0,0.0,0.0,0.0,0.0,0.24304099,0.0250000005
128.61026262,0.16594872596129032,0.021145610000000002,29,0,0.0,0.0,0.0,0.0,0.0,0.159784,0.25000000499999997
128.61026262,0.160762828275,0.021145610000000002,29,0,0.0,0.0,0.0,0.0,0.0,0.146982,0.75
128.61026262,0.1558912274181818,0.021145610000000002,29,0,0.0,0.0,0.0,0.0,0.0,0.13144401,1.85
129.57559128,0.1619694891,0.021160297857142858,28,1,0.0,0.0,0.0,0.0,0.0,0.156238,2.625
129.57559128,0.15706132276363635,0.021160297857142858,28,1,0.0,0.0,0.0,0.0,0.0,0.135313,0.999999995
129.57559128,0.15244187209411764,0.021160297857142858,28,1,0.0,0.0,0.0,0.0,0.0,0.1249,0.22500000999999997
129.57559128,0.14808639003428573,0.021160297857142858,28,1,0.0,0.0,0.0,0.0,0.0,0.13330901,0.05
129.57559128,0.1619694891,0.021160297857142858,28,0,0.0,0.0,0.0,0.0,0.0,0.136915,0.47500001000000003
129.57559128,0.15706132276363635,0.021160297857142858,28,0,0.0,0.0,0.0,0.0,0.0,0.118622,1.35
129.57559128,0.15244187209411764,0.021160297857142858,28,0,0.0,0.0,0.0,0.0,0.0,-99.989998,3.1
132.56652762,0.16068670014545453,0.021100054,32,1,0.0,0.0,0.0,0.0,0.0,0.15647399,2.3500000500000002
132.56652762,0.15596062072941175,0.021100054,32,1,0.0,0.0,0.0,0.0,0.0,0.150719,1.025
132.56652762,0.16570815952499998,0.021100054,32,0,0.0,0.0,0.0,0.0,0.0,0.17363501,0.39999998999999997
132.56652762,0.16068670014545453,0.021100054,32,0,0.0,0.0,0.0,0.0,0.0,0.158319,0.94999999
132.56652762,0.15596062072941175,0.021100054,32,0,0.0,0.0,0.0,0.0,0.0,0.149114,2.1000000500000002
132.56652762,0.15596062072941175,0.02484106634920635,186,1,0.0,0.0,0.0,0.0,0.0,0.14983299,3.075
132.56652762,0.14729614179999997,0.02484106634920635,186,1,0.0,0.0,0.0,0.0,0.0,0.142279,1.275
132.4557522,0.1605524269090909,0.021076209999999998,31,1,0.0,0.0,0.0,0.0,0.0,0.16157299,2.32500005
132.4557522,0.15583029670588236,0.021076209999999998,31,1,0.0,0.0,0.0,0.0,0.0,0.14824,0.94999999
132.4557522,0.1513780025142857,0.021076209999999998,31,1,0.0,0.0,0.0,0.0,0.0,0.141407,0.275000005
132.4557522,0.16556969025,0.021076209999999998,31,0,0.0,0.0,0.0,0.0,0.0,0.170288,0.375
132.4557522,0.147173058,0.024870078095238096,185,1,0.0,0.0,0.0,0.0,0.0,0.142373,1.25
130.80994596,0.15855751025454545,0.021068817142857143,30,1,0.0,0.0,0.0,0.0,0.0,0.172042,1.75
130.80994596,0.15389405407058823,0.021068817142857143,30,1,0.0,0.0,0.0,0.0,0.0,0.161438,0.674999985
130.80994596,0.14949708109714285,0.021068817142857143,30,1,0.0,0.0,0.0,0.0,0.0,0.162983,0.225
130.80994596,0.16351243245,0.021068817142857143,30,0,0.0,0.0,0.0,0.0,0.0,0.17358699,0.599999995
130.80994596,0.15855751025454545,0.021068817142857143,30,0,0.0,0.0,0.0,0.0,0.0,0.160686,1.4
130.80994596,0.15389405407058823,0.021068817142857143,30,0,0.0,0.0,0.0,0.0,0.0,0.14730699,2.82500005
130.80994596,0.16351243245,0.023487529142857143,93,1,0.0,0.0,0.0,0.0,0.0,0.153056,4.0999999
130.80994596,0.14949708109714285,0.023487529142857143,93,1,0.0,0.0,0.0,0.0,0.0,0.134342,0.650000005
130.80994596,0.2012460707076923,0.023487529142857143,93,0,0.0,0.0,0.0,0.0,0.0,0.22439601,0.05
130.80994596,0.16878702704516127,0.023487529142857143,93,0,0.0,0.0,0.0,0.0,0.0,0.15762401,0.75
130.80994596,0.15855751025454545,0.023487529142857143,93,0,0.0,0.0,0.0,0.0,0.0,0.139327,2.25
130.80994596,0.15389405407058823,0.023487529142857143,93,0,0.0,0.0,0.0,0.0,0.0,0.130173,3.6
130.80994596,0.15389405407058823,0.024912066825396827,184,1,0.0,0.0,0.0,0.0,0.0,0.14804401,2.5
130.80994596,0.14949708109714285,0.024912066825396827,184,1,0.0,0.0,0.0,0.0,0.0,0.14802299,1.675
130.80994596,0.1414161577945946,0.024912066825396827,184,1,0.0,0.0,0.0,0.0,0.0,0.14429399,0.625
130.7941209,0.163492651125,0.020975061714285714,29,1,0.0,0.0,0.0,0.0,0.0,0.18037499,3.4
130.7941209,0.15853832836363635,0.020975061714285714,29,1,0.0,0.0,0.0,0.0,0.0,0.167294,1.7
130.7941209,0.15387543635294118,0.020975061714285714,29,1,0.0,0.0,0.0,0.0,0.0,0.156462,0.625
130.7941209,0.163492651125,0.020975061714285714,29,0,0.0,0.0,0.0,0.0,0.0,0.174247,0.575000015
130.7941209,0.15387543635294118,0.020975061714285714,29,0,0.0,0.0,0.0,0.0,0.0,0.152263,2.8249999499999996
130.7941209,0.15387543635294118,0.02344991228571429,92,1,0.0,0.0,0.0,0.0,0.0,0.137362,1.325
130.7941209,0.145326801,0.02484321904761905,183,1,0.0,0.0,0.0,0.0,0.0,0.142003,0.97499999
130.7941209,0.20122172446153846,0.02484321904761905,183,0,0.0,0.0,0.0,0.0,0.0,0.22437599,0.32500000500000004
130.7941209,0.163492651125,0.02484321904761905,183,0,0.0,0.0,0.0,0.0,0.0,0.159868,2.4749999
130.7941209,0.1494789953142857,0.02484321904761905,183,0,0.0,0.0,0.0,0.0,0.0,0.141608,6.3499999
130.85742113999999,0.16357177642499998,0.020825380571428572,28,1,0.0,0.0,0.0,0.0,0.0,0.196321,3.3000000500000004
130.85742113999999,0.1586150559272727,0.020825380571428572,28,1,0.0,0.0,0.0,0.0,0.0,0.178385,1.625
130.85742113999999,0.1539499072235294,0.020825380571428572,28,1,0.0,0.0,0.0,0.0,0.0,0.163313,0.575000015
130.85742113999999,0.16357177642499998,0.020825380571428572,28,0,0.0,0.0,0.0,0.0,0.0,0.15633801,0.5
130.85742113999999,0.1586150559272727,0.020825380571428572,28,0,0.0,0.0,0.0,0.0,0.0,0.13841499,1.275
130.85742113999999,0.1586150559272727,0.02333624114285714,91,1,0.0,0.0,0.0,0.0,0.0,0.140965,2.42499995
130.85742113999999,0.1539499072235294,0.02333624114285714,91,1,0.0,0.0,0.0,0.0,0.0,0.13600899,1.3
130.85742113999999,0.14539713459999998,0.02333624114285714,91,1,0.0,0.0,0.0,0.0,0.0,0.129899,0.25000000499999997
130.85742113999999,0.17447656152,0.02333624114285714,91,0,0.0,0.0,0.0,0.0,0.0,0.167981,0.39999998999999997
130.85742113999999,0.16884828534193547,0.02333624114285714,91,0,0.0,0.0,0.0,0.0,0.0,0.154989,0.69999999
130.85742113999999,0.1414674823135135,0.02474938301587301,182,1,0.0,0.0,0.0,0.0,0.0,0.13923199,0.55000001
130.14529344,0.17352705791999998,0.02476359873015873,179,1,0.0,0.0,0.0,0.0,0.0,0.17393699,8.5499997
130.14529344,0.16792941089032257,0.02476359873015873,179,1,0.0,0.0,0.0,0.0,0.0,0.16854499,6.6500001
130.14529344,0.16268161679999998,0.02476359873015873,179,1,0.0,0.0,0.0,0.0,0.0,0.157719,4.8499999
130.14529344,0.15311210992941174,0.02476359873015873,179,1,0.0,0.0,0.0,0.0,0.0,0.147073,2.25
130.14529344,0.14873747821714284,0.02476359873015873,179,1,0.0,0.0,0.0,0.0,0.0,0.14430299,1.425
130.14529344,0.14460588159999999,0.02476359873015873,179,1,0.0,0.0,0.0,0.0,0.0,0.13851701,0.80000001
130.14529344,0.20022352836923074,0.02476359873015873,179,0,0.0,0.0,0.0,0.0,0.0,0.22669999,0.35000001000000003
130.14529344,0.17352705791999998,0.02476359873015873,179,0,0.0,0.0,0.0,0.0,0.0,0.17344099,1.225
130.14529344,0.14460588159999999,0.02476359873015873,179,0,0.0,0.0,0.0,0.0,0.0,0.13910601,8.5999999
128.95841393999999,0.19839755990769228,0.02468330396825397,178,1,0.0,0.0,0.0,0.0,0.0,0.218968,16.9000005
128.95841393999999,0.1563132290181818,0.02468330396825397,178,1,0.0,0.0,0.0,0.0,0.0,0.15751199,3.125
128.95841393999999,0.15171578110588232,0.02468330396825397,178,1,0.0,0.0,0.0,0.0,0.0,0.15099999,2.02500005
128.95841393999999,0.14738104450285713,0.02468330396825397,178,1,0.0,0.0,0.0,0.0,0.0,0.144155,1.2
128.95841393999999,0.14328712659999998,0.02468330396825397,178,1,0.0,0.0,0.0,0.0,0.0,0.14348599,0.724999995
128.95841393999999,0.1778736744,0.02468330396825397,178,0,0.0,0.0,0.0,0.0,0.0,0.185892,0.999999995
128.95841393999999,0.17194455192,0.02468330396825397,178,0,0.0,0.0,0.0,0.0,0.0,0.175588,1.425
128.95841393999999,0.16119801742499998,0.02468330396825397,178,0,0.0,0.0,0.0,0.0,0.0,0.157093,2.85
139.00732704,0.13900732704000002,0.024720824444444442,177,1,0.0,0.0,0.0,0.0,0.0,0.121814,0.22500000999999997
139.00732704,0.1323879305142857,0.024720824444444442,177,1,0.0,0.0,0.0,0.0,0.0,0.120448,0.05
139.00732704,0.19858189577142857,0.024720824444444442,177,1,0.0,0.0,0.0,0.0,0.0,0.196605,18.2
139.00732704,0.18534310272,0.024720824444444442,177,1,0.0,0.0,0.0,0.0,0.0,0.19222599,13.6
139.00732704,0.17936429295483872,0.024720824444444442,177,1,0.0,0.0,0.0,0.0,0.0,0.181979,11.35
139.00732704,0.1737591588,0.024720824444444442,177,1,0.0,0.0,0.0,0.0,0.0,0.17178801,9.1999998
139.00732704,0.16849372974545454,0.024720824444444442,177,1,0.0,0.0,0.0,0.0,0.0,0.160427,7.1500001
139.00732704,0.1635380318117647,0.024720824444444442,177,1,0.0,0.0,0.0,0.0,0.0,0.15053201,5.29999995
139.00732704,0.15886551661714288,0.024720824444444442,177,1,0.0,0.0,0.0,0.0,0.0,0.14192399,3.70000005
139.00732704,0.1544525856,0.024720824444444442,177,1,0.0,0.0,0.0,0.0,0.0,0.13852701,2.5
139.00732704,0.1502781913945946,0.024720824444444442,177,1,0.0,0.0,0.0,0.0,0.0,0.131082,1.5
139.00732704,0.14632350214736842,0.024720824444444442,177,1,0.0,0.0,0.0,0.0,0.0,0.128213,0.875
139.00732704,0.19173424419310345,0.024720824444444442,177,0,0.0,0.0,0.0,0.0,0.0,0.197881,0.400000005
139.00732704,0.18534310272,0.024720824444444442,177,0,0.0,0.0,0.0,0.0,0.0,0.183273,0.525000005
139.00732704,0.17936429295483872,0.024720824444444442,177,0,0.0,0.0,0.0,0.0,0.0,0.17284501,0.75
139.00732704,0.1737591588,0.024720824444444442,177,0,0.0,0.0,0.0,0.0,0.0,0.16439,1.1
139.00732704,0.1635380318117647,0.024720824444444442,177,0,0.0,0.0,0.0,0.0,0.0,0.147598,2.2749999499999998
144.27707202,0.16030785779999998,0.020993965,32,1,0.0,0.0,0.0,0.0,0.0,0.112491,1.8
144.27707202,0.15597521299459458,0.020993965,32,1,0.0,0.0,0.0,0.0,0.0,0.102393,0.5
144.27707202,0.15187060212631578,0.020993965,32,1,0.0,0.0,0.0,0.0,0.0,0.104873,0.10000000549999999
144.27707202,0.16973773178823529,0.020993965,32,0,0.0,0.0,0.0,0.0,0.0,0.137252,0.0750000005
144.27707202,0.1648880823085714,0.020993965,32,0,0.0,0.0,0.0,0.0,0.0,0.118444,0.225
144.27707202,0.16030785779999998,0.020993965,32,0,0.0,0.0,0.0,0.0,0.0,0.10794,0.775000005
143.81814527999998,0.16436359460571426,0.020938339999999996,31,1,0.0,0.0,0.0,0.0,0.0,0.124308,3.6
143.81814527999998,0.1597979392,0.020938339999999996,31,1,0.0,0.0,0.0,0.0,0.0,0.111131,1.575
143.81814527999998,0.15547907597837834,0.020938339999999996,31,1,0.0,0.0,0.0,0.0,0.0,0.102329,0.39999998999999997
143.81814527999998,0.1513875213473684,0.020938339999999996,31,1,0.0,0.0,0.0,0.0,0.0,0.105567,0.0750000005
143.81814527999998,0.16919781797647057,0.020938339999999996,31,0,0.0,0.0,0.0,0.0,0.0,0.13404199,0.0750000005
143.81814527999998,0.1597979392,0.020938339999999996,31,0,0.0,0.0,0.0,0.0,0.0,0.103057,0.825000015
143.3750436,0.159305604,0.020889864285714283,30,1,0.0,0.0,0.0,0.0,0.0,0.111413,1.375
143.3750436,0.15500004713513513,0.020889864285714283,30,1,0.0,0.0,0.0,0.0,0.0,0.100032,0.29999999499999996
143.3750436,0.159305604,0.020889864285714283,30,0,0.0,0.0,0.0,0.0,0.0,0.099936999,0.900000005
143.3750436,0.15500004713513513,0.020889864285714283,30,0,0.0,0.0,0.0,0.0,0.0,0.087342001,2.45000005
143.42251878,0.1593583542,0.020842779285714284,29,1,0.0,0.0,0.0,0.0,0.0,0.103902,1.275
143.42251878,0.15505137165405405,0.020842779285714284,29,1,0.0,0.0,0.0,0.0,0.0,0.095691003,0.25000000499999997
143.42251878,0.1509710724,0.020842779285714284,29,1,0.0,0.0,0.0,0.0,0.0,0.106423,0.05
143.42251878,0.1639114500342857,0.020842779285714284,29,0,0.0,0.0,0.0,0.0,0.0,0.113255,0.25000000499999997
143.42251878,0.1593583542,0.020842779285714284,29,0,0.0,0.0,0.0,0.0,0.0,0.100555,0.900000005
143.5332942,0.16886269905882353,0.020873210714285717,28,1,0.0,0.0,0.0,0.0,0.0,-99.989998,5.70000005
143.5332942,0.159481438,0.020873210714285717,28,1,0.0,0.0,0.0,0.0,0.0,0.099468999,1.25
143.5332942,0.159481438,0.020873210714285717,28,0,0.0,0.0,0.0,0.0,0.0,0.099435002,0.849999995
146.50233665,0.14650233664999998,0.022044000857142854,32,1,0.0,0.0,0.0,0.0,0.0,0.131586,0.0250000005
146.50233665,0.15838090448648648,0.022044000857142854,32,1,0.0,0.0,0.0,0.0,0.0,0.117024,1.125
146.50233665,0.1542129859473684,0.022044000857142854,32,1,0.0,0.0,0.0,0.0,0.0,0.10743,0.275000005
146.50233665,0.15025880682051282,0.022044000857142854,32,1,0.0,0.0,0.0,0.0,0.0,0.108512,0.05
146.50233665,0.16743124188571426,0.022044000857142854,32,0,0.0,0.0,0.0,0.0,0.0,0.13244499,0.15000000000000002
146.50233665,0.16278037405555554,0.022044000857142854,32,0,0.0,0.0,0.0,0.0,0.0,0.119228,0.474999995
147.13854265,0.16348726961111112,0.021931107999999998,31,1,0.0,0.0,0.0,0.0,0.0,0.141074,3.1999999499999996
147.13854265,0.15906869475675675,0.021931107999999998,31,1,0.0,0.0,0.0,0.0,0.0,0.121628,1.4
147.13854265,0.15488267647368423,0.021931107999999998,31,1,0.0,0.0,0.0,0.0,0.0,0.106239,0.35000001000000003
147.13854265,0.15906869475675675,0.021931107999999998,31,0,0.0,0.0,0.0,0.0,0.0,0.104856,1.05
145.07087314999998,0.16118985905555552,0.02201297485714286,30,1,0.0,0.0,0.0,0.0,0.0,0.122918,2.07500005
145.07087314999998,0.15683337637837835,0.02201297485714286,30,1,0.0,0.0,0.0,0.0,0.0,0.112154,0.69999999
145.07087314999998,0.16118985905555552,0.02201297485714286,30,0,0.0,0.0,0.0,0.0,0.0,0.11677,0.650000005
145.07087314999998,0.15683337637837835,0.02201297485714286,30,0,0.0,0.0,0.0,0.0,0.0,0.107349,1.7999999999999998
145.88203579999998,0.16209115088888887,0.02227178285714286,29,1,0.0,0.0,0.0,0.0,0.0,0.1164,2.29999995
145.88203579999998,0.15771030897297295,0.02227178285714286,29,1,0.0,0.0,0.0,0.0,0.0,0.105053,0.775000005
145.88203579999998,0.1535600376842105,0.02227178285714286,29,1,0.0,0.0,0.0,0.0,0.0,0.10604,0.17500000500000001
145.88203579999998,0.16672232662857142,0.02227178285714286,29,0,0.0,0.0,0.0,0.0,0.0,0.124855,0.125000005
145.88203579999998,0.16209115088888887,0.02227178285714286,29,0,0.0,0.0,0.0,0.0,0.0,0.116446,0.5
145.88203579999998,0.15771030897297295,0.02227178285714286,29,0,0.0,0.0,0.0,0.0,0.0,0.104852,1.475
145.4048813,0.16156097922222223,0.02230485542857143,28,1,0.0,0.0,0.0,0.0,0.0,0.117242,2.125
145.4048813,0.16156097922222223,0.02230485542857143,28,0,0.0,0.0,0.0,0.0,0.0,0.110814,0.5
140.64924145,0.15627693494444445,0.023207491666666663,32,1,0.0,0.0,0.0,0.0,0.0,0.19912,1.475
140.64924145,0.15627693494444445,0.023207491666666663,32,0,0.0,0.0,0.0,0.0,0.0,0.17865101,2.67499995
140.64924145,0.15627693494444445,0.026902163015873018,185,1,0.0,0.0,0.0,0.0,0.0,0.162948,3.5
143.54397874999998,0.1594933097222222,0.02316592,31,1,0.0,0.0,0.0,0.0,0.0,0.17955001,2.07500005
143.54397874999998,0.1551826797297297,0.02316592,31,1,0.0,0.0,0.0,0.0,0.0,0.173691,0.97499999
143.54397874999998,0.15109892499999997,0.02316592,31,1,0.0,0.0,0.0,0.0,0.0,0.165748,0.35000001000000003
143.54397874999998,0.16887526911764703,0.02316592,31,0,0.0,0.0,0.0,0.0,0.0,0.19837201,0.375
143.54397874999998,0.1640502614285714,0.02316592,31,0,0.0,0.0,0.0,0.0,0.0,0.183989,0.80000001
143.3690221,0.15929891344444444,0.023083787083333335,30,1,0.0,0.0,0.0,0.0,0.0,0.181264,1.9749999999999999
143.3690221,0.1549935374054054,0.023083787083333335,30,1,0.0,0.0,0.0,0.0,0.0,0.171464,0.875
143.3690221,0.15929891344444444,0.023083787083333335,30,0,0.0,0.0,0.0,0.0,0.0,0.172754,1.675
143.3690221,0.15929891344444444,0.025456564285714287,93,1,0.0,0.0,0.0,0.0,0.0,0.152817,2.85
143.3690221,0.1549935374054054,0.025456564285714287,93,1,0.0,0.0,0.0,0.0,0.0,0.14491899,1.65
143.3690221,0.2205677263076923,0.025456564285714287,93,0,0.0,0.0,0.0,0.0,0.0,0.30759799,0.0750000005
143.32130665,0.15924589627777777,0.023035394166666667,29,1,0.0,0.0,0.0,0.0,0.0,0.18932199,1.9999999499999999
143.32130665,0.15494195313513512,0.023035394166666667,29,1,0.0,0.0,0.0,0.0,0.0,0.181604,0.92500001
143.32130665,0.15086453331578947,0.023035394166666667,29,1,0.0,0.0,0.0,0.0,0.0,0.176761,0.35000001000000003
143.32130665,0.16379577902857143,0.023035394166666667,29,0,0.0,0.0,0.0,0.0,0.0,0.198292,0.92500001
143.32130665,0.15924589627777777,0.023035394166666667,29,0,0.0,0.0,0.0,0.0,0.0,0.188402,1.825
143.32130665,0.15494195313513512,0.023035394166666667,29,0,0.0,0.0,0.0,0.0,0.0,0.180582,3.25
143.32130665,0.16379577902857143,0.02581299771428571,92,1,0.0,0.0,0.0,0.0,0.0,0.165682,4.45000005
143.32130665,0.15924589627777777,0.02581299771428571,92,1,0.0,0.0,0.0,0.0,0.0,0.157593,2.9
143.32130665,0.15494195313513512,0.02581299771428571,92,1,0.0,0.0,0.0,0.0,0.0,0.15096299,1.725
143.32130665,0.15086453331578947,0.02581299771428571,92,1,0.0,0.0,0.0,0.0,0.0,0.145539,0.92500001
143.32130665,0.17372279593939394,0.02581299771428571,92,0,0.0,0.0,0.0,0.0,0.0,0.181949,0.69999999
143.32130665,0.16379577902857143,0.02581299771428571,92,0,0.0,0.0,0.0,0.0,0.0,0.163865,1.7999999999999998
143.32130665,0.15924589627777777,0.02581299771428571,92,0,0.0,0.0,0.0,0.0,0.0,0.15734801,2.8000000500000004
143.84617659999998,0.15550938010810808,0.02302856625,28,1,0.0,0.0,0.0,0.0,0.0,0.180067,1.024999995
143.84617659999998,0.15141702799999998,0.02302856625,28,1,0.0,0.0,0.0,0.0,0.0,0.16865399,0.35000001000000003
143.84617659999998,0.16923079599999996,0.02302856625,28,0,0.0,0.0,0.0,0.0,0.0,0.21413,0.375
143.84617659999998,0.15982908511111107,0.02302856625,28,0,0.0,0.0,0.0,0.0,0.0,0.17567401,1.475
143.84617659999998,0.15550938010810808,0.02302856625,28,0,0.0,0.0,0.0,0.0,0.0,0.167134,2.82500005
143.84617659999998,0.15982908511111107,0.025892105428571427,91,1,0.0,0.0,0.0,0.0,0.0,0.155276,3.075
143.84617659999998,0.15550938010810808,0.025892105428571427,91,1,0.0,0.0,0.0,0.0,0.0,0.14763799,1.825
143.84617659999998,0.15141702799999998,0.025892105428571427,91,1,0.0,0.0,0.0,0.0,0.0,0.142041,0.97499999
143.84617659999998,0.1475345401025641,0.025892105428571427,91,1,0.0,0.0,0.0,0.0,0.0,0.13640501,0.45000000500000004
143.84617659999998,0.17980772074999998,0.025892105428571427,91,0,0.0,0.0,0.0,0.0,0.0,0.191653,0.375
143.84617659999998,0.15982908511111107,0.025892105428571427,91,0,0.0,0.0,0.0,0.0,0.0,0.14692301,2.4
143.0191088,0.16825777505882353,0.027356761111111114,178,0,0.0,0.0,0.0,0.0,0.0,0.16452301,1.95
140.5697157,0.1519672602162162,0.027299538095238097,177,1,0.0,0.0,0.0,0.0,0.0,0.157203,2.3000000500000004
140.5697157,0.16537613611764704,0.027299538095238097,177,0,0.0,0.0,0.0,0.0,0.0,0.172112,2.6
147.36121475,0.14736121475,0.02344966642857143,32,1,0.0,0.0,0.0,0.0,0.0,0.1469,0.05
147.36121475,0.15930942135135134,0.02344966642857143,32,1,0.0,0.0,0.0,0.0,0.0,0.170333,1.725
147.36121475,0.15511706815789472,0.02344966642857143,32,1,0.0,0.0,0.0,0.0,0.0,0.15895399,0.69999999
147.36121475,0.1511397074358974,0.02344966642857143,32,1,0.0,0.0,0.0,0.0,0.0,0.15322199,0.225
147.36121475,0.16841281685714285,0.02344966642857143,32,0,0.0,0.0,0.0,0.0,0.0,0.1929,0.5
147.36121475,0.16373468305555555,0.02344966642857143,32,0,0.0,0.0,0.0,0.0,0.0,0.17150401,0.94999999
147.36121475,0.15930942135135134,0.02344966642857143,32,0,0.0,0.0,0.0,0.0,0.0,0.16240799,1.925
147.36121475,0.15511706815789472,0.02344966642857143,32,0,0.0,0.0,0.0,0.0,0.0,0.15341599,3.4499999499999996
145.45259675,0.15724605054054053,0.023468160000000002,31,1,0.0,0.0,0.0,0.0,0.0,0.17973299,1.325
145.45259675,0.15310799657894736,0.023468160000000002,31,1,0.0,0.0,0.0,0.0,0.0,0.176679,0.57499999
145.45259675,0.16623153914285715,0.023468160000000002,31,0,0.0,0.0,0.0,0.0,0.0,0.201233,0.75
145.45259675,0.16161399638888888,0.023468160000000002,31,0,0.0,0.0,0.0,0.0,0.0,0.1825,1.4
145.45259675,0.15724605054054053,0.023468160000000002,31,0,0.0,0.0,0.0,0.0,0.0,0.17006899,2.57500005
145.45259675,0.15310799657894736,0.023468160000000002,31,0,0.0,0.0,0.0,0.0,0.0,0.15697999,4.29999995
144.91182164999998,0.16101313516666665,0.023531620714285717,30,1,0.0,0.0,0.0,0.0,0.0,0.182776,2.2749999499999998
144.91182164999998,0.1566614288108108,0.023531620714285717,30,1,0.0,0.0,0.0,0.0,0.0,0.170037,1.024999995
144.91182164999998,0.15253875963157892,0.023531620714285717,30,1,0.0,0.0,0.0,0.0,0.0,0.16034199,0.35000001000000003
144.91182164999998,0.17048449605882351,0.023531620714285717,30,0,0.0,0.0,0.0,0.0,0.0,0.20493899,0.35000001000000003
144.91182164999998,0.16561351045714284,0.023531620714285717,30,0,0.0,0.0,0.0,0.0,0.0,0.18801901,0.724999995
144.91182164999998,0.16101313516666665,0.023531620714285717,30,0,0.0,0.0,0.0,0.0,0.0,0.172185,1.45
144.91182164999998,0.1566614288108108,0.023531620714285717,30,0,0.0,0.0,0.0,0.0,0.0,0.15705299,2.70000005
144.91182164999998,0.15253875963157892,0.023531620714285717,30,0,0.0,0.0,0.0,0.0,0.0,0.159556,4.6500001
144.4823826,0.16512272297142858,0.023519733571428572,28,1,0.0,0.0,0.0,0.0,0.0,0.19612999,3.85
144.4823826,0.16053598066666666,0.023519733571428572,28,1,0.0,0.0,0.0,0.0,0.0,0.18211199,2.1000000500000002
144.4823826,0.15619717037837838,0.023519733571428572,28,1,0.0,0.0,0.0,0.0,0.0,0.17693099,0.97499999
144.4823826,0.15208671852631578,0.023519733571428572,28,1,0.0,0.0,0.0,0.0,0.0,0.170275,0.35000001000000003
144.4823826,0.16512272297142858,0.023519733571428572,28,0,0.0,0.0,0.0,0.0,0.0,0.189215,0.724999995
142.34562355,0.15816180394444446,0.025042516571428575,32,1,0.0,0.0,0.0,0.0,0.0,0.192114,1.675
142.34562355,0.1538871605945946,0.025042516571428575,32,1,0.0,0.0,0.0,0.0,0.0,0.180172,0.724999995
142.34562355,0.14983749847368422,0.025042516571428575,32,1,0.0,0.0,0.0,0.0,0.0,0.167349,0.22500000999999997
142.34562355,0.17254014975757576,0.025042516571428575,32,0,0.0,0.0,0.0,0.0,0.0,0.232824,0.375
142.34562355,0.16268071262857142,0.025042516571428575,32,0,0.0,0.0,0.0,0.0,0.0,0.196536,1.3
142.34562355,0.1538871605945946,0.025042516571428575,32,0,0.0,0.0,0.0,0.0,0.0,0.17274,3.94999995
142.56941229,0.2479468039826087,0.02502741742857143,31,1,0.0,0.0,0.0,0.0,0.0,0.76087898,31.950001
142.56941229,0.19664746522758622,0.02502741742857143,31,1,0.0,0.0,0.0,0.0,0.0,0.410849,17.0
142.56941229,0.1584104581,0.02502741742857143,31,1,0.0,0.0,0.0,0.0,0.0,0.196513,1.75
142.56941229,0.15007306556842107,0.02502741742857143,31,1,0.0,0.0,0.0,0.0,0.0,0.181456,0.29999999499999996
142.56941229,0.16772872034117647,0.02502741742857143,31,0,0.0,0.0,0.0,0.0,0.0,0.210816,0.625
140.53932872000001,0.1653403867294118,0.025071417428571427,30,1,0.0,0.0,0.0,0.0,0.0,0.224521,4.1000001500000005
140.53932872000001,0.1561548096888889,0.025071417428571427,30,1,0.0,0.0,0.0,0.0,0.0,0.192155,1.15
140.53932872000001,0.15193440942702705,0.025071417428571427,30,1,0.0,0.0,0.0,0.0,0.0,0.18668,0.47500001000000003
140.53932872000001,0.14414290125128207,0.025071417428571427,30,1,0.0,0.0,0.0,0.0,0.0,0.196751,0.0750000005
140.53932872000001,0.1653403867294118,0.025071417428571427,30,0,0.0,0.0,0.0,0.0,0.0,0.20847499,0.875
140.53932872000001,0.16061637568,0.025071417428571427,30,0,0.0,0.0,0.0,0.0,0.0,0.18709099,1.6
140.58728345,0.14058728345,0.025301972571428574,29,1,0.0,0.0,0.0,0.0,0.0,0.208708,0.0250000005
140.58728345,0.15620809272222222,0.025301972571428574,29,1,0.0,0.0,0.0,0.0,0.0,0.19792899,1.0499999949999999
140.58728345,0.15198625237837837,0.025301972571428574,29,1,0.0,0.0,0.0,0.0,0.0,0.192178,0.42499999499999996
140.58728345,0.14798661415789474,0.025301972571428574,29,1,0.0,0.0,0.0,0.0,0.0,0.19066399,0.15000000000000002
140.58728345,0.18140294638709678,0.025301972571428574,29,0,0.0,0.0,0.0,0.0,0.0,0.293394,0.20000000499999998
140.58728345,0.17040882842424243,0.025301972571428574,29,0,0.0,0.0,0.0,0.0,0.0,0.23703,0.55
140.58728345,0.16539680405882354,0.025301972571428574,29,0,0.0,0.0,0.0,0.0,0.0,0.22962999,1.12499999
140.58728345,0.1606711810857143,0.025301972571428574,29,0,0.0,0.0,0.0,0.0,0.0,0.196785,1.825
140.58728345,0.15620809272222222,0.025301972571428574,29,0,0.0,0.0,0.0,0.0,0.0,0.19077501,3.25
140.58728345,0.15198625237837837,0.025301972571428574,29,0,0.0,0.0,0.0,0.0,0.0,0.193931,5.20000005
140.68319291000003,0.1655096387176471,0.025298806857142857,28,1,0.0,0.0,0.0,0.0,0.0,0.24365599,4.25
140.68319291000003,0.15631465878888892,0.025298806857142857,28,1,0.0,0.0,0.0,0.0,0.0,0.198467,1.175
140.68319291000003,0.1520899382810811,0.025298806857142857,28,1,0.0,0.0,0.0,0.0,0.0,0.190944,0.47500001000000003
140.68319291000003,0.14808757148421056,0.025298806857142857,28,1,0.0,0.0,0.0,0.0,0.0,0.191259,0.175
140.68319291000003,0.1815267005290323,0.025298806857142857,28,0,0.0,0.0,0.0,0.0,0.0,0.27883601,0.1250000005
140.68319291000003,0.1655096387176471,0.025298806857142857,28,0,0.0,0.0,0.0,0.0,0.0,0.221589,0.900000005
140.68319291000003,0.1607807918971429,0.025298806857142857,28,0,0.0,0.0,0.0,0.0,0.0,0.19996201,1.625
140.68319291000003,0.15631465878888892,0.025298806857142857,28,0,0.0,0.0,0.0,0.0,0.0,0.18614,2.8999999499999998
148.83549701,0.16090324001081083,0.025466206666666668,32,1,0.0,0.0,0.0,0.0,0.0,0.17423201,2.32500005
148.83549701,0.15666894422105265,0.025466206666666668,32,1,0.0,0.0,0.0,0.0,0.0,0.16488101,1.1
148.83549701,0.17009771086857145,0.025466206666666668,32,0,0.0,0.0,0.0,0.0,0.0,0.203109,0.400000005
148.83549701,0.16537277445555557,0.025466206666666668,32,0,0.0,0.0,0.0,0.0,0.0,0.18494,0.775000005
148.83549701,0.16090324001081083,0.025466206666666668,32,0,0.0,0.0,0.0,0.0,0.0,0.171913,1.525
148.83549701,0.16537277445555557,0.027054988095238094,186,0,0.0,0.0,0.0,0.0,0.0,0.16303501,2.7750001
148.83549701,0.18040666304242425,0.027179487692307693,368,0,0.0,0.0,0.0,0.0,0.0,0.179396,2.20000005
148.83549701,0.16090324001081083,0.027179487692307693,368,0,0.0,0.0,0.0,0.0,0.0,0.156123,5.20000005
149.90648598,0.16656276220000002,0.02539591,31,1,0.0,0.0,0.0,0.0,0.0,0.177773,4.5
149.90648598,0.16206106592432434,0.02539591,31,1,0.0,0.0,0.0,0.0,0.0,0.168622,2.65
149.90648598,0.15779630103157896,0.02539591,31,1,0.0,0.0,0.0,0.0,0.0,0.15649299,1.25
149.90648598,0.15375024203076926,0.02539591,31,1,0.0,0.0,0.0,0.0,0.0,0.14155,0.39999998999999997
149.90648598,0.16656276220000002,0.02539591,31,0,0.0,0.0,0.0,0.0,0.0,0.17889901,0.55000001
149.90648598,0.16206106592432434,0.02539591,31,0,0.0,0.0,0.0,0.0,0.0,0.16706599,1.175
149.90648598,0.17636057174117648,0.026625040714285717,93,0,0.0,0.0,0.0,0.0,0.0,0.18641099,0.625
149.90648598,0.16656276220000002,0.026625040714285717,93,0,0.0,0.0,0.0,0.0,0.0,0.168249,1.55
149.90648598,0.14990648598,0.02705438703296703,367,1,0.0,0.0,0.0,0.0,0.0,0.144412,3.20000005
148.18011570000002,0.1601947196756757,0.025410905,30,1,0.0,0.0,0.0,0.0,0.0,0.167455,1.9749999999999999
148.18011570000002,0.15597906915789475,0.025410905,30,1,0.0,0.0,0.0,0.0,0.0,0.15837499,0.849999995
148.18011570000002,0.17432954788235297,0.025410905,30,0,0.0,0.0,0.0,0.0,0.0,0.205194,0.15000000000000002
148.18011570000002,0.16934870365714288,0.025410905,30,0,0.0,0.0,0.0,0.0,0.0,0.191955,0.35000001000000003
148.18011570000002,0.16464457300000002,0.025410905,30,0,0.0,0.0,0.0,0.0,0.0,0.173443,0.724999995
148.18011570000002,0.15597906915789475,0.026662082142857146,92,1,0.0,0.0,0.0,0.0,0.0,0.156041,1.97499995
148.18011570000002,0.15197960584615386,0.026662082142857146,92,1,0.0,0.0,0.0,0.0,0.0,0.151008,1.124999995
148.18011570000002,0.17432954788235297,0.026662082142857146,92,0,0.0,0.0,0.0,0.0,0.0,0.186738,0.775000005
148.18011570000002,0.16464457300000002,0.026662082142857146,92,0,0.0,0.0,0.0,0.0,0.0,0.166776,1.85
148.18011570000002,0.1601947196756757,0.026662082142857146,92,0,0.0,0.0,0.0,0.0,0.0,0.15723801,2.7750001
148.18011570000002,0.1601947196756757,0.026985301587301586,184,1,0.0,0.0,0.0,0.0,0.0,0.15779801,4.3499999
148.18011570000002,0.16464457300000002,0.026985301587301586,184,0,0.0,0.0,0.0,0.0,0.0,0.158271,2.8000000500000004
149.17118012,0.16126614067027029,0.025269593333333337,29,1,0.0,0.0,0.0,0.0,0.0,0.160171,2.15
149.17118012,0.15702229486315789,0.025269593333333337,29,1,0.0,0.0,0.0,0.0,0.0,0.154223,0.94999999
149.17118012,0.15299608217435898,0.025269593333333337,29,1,0.0,0.0,0.0,0.0,0.0,0.142232,0.274999995
149.17118012,0.16574575568888888,0.025269593333333337,29,0,0.0,0.0,0.0,0.0,0.0,0.172534,0.57499999
149.17118012,0.16574575568888888,0.02664173714285714,91,1,0.0,0.0,0.0,0.0,0.0,0.160216,4.8499999
149.17118012,0.15299608217435898,0.02664173714285714,91,1,0.0,0.0,0.0,0.0,0.0,0.134636,0.97500001
149.17118012,0.16574575568888888,0.02664173714285714,91,0,0.0,0.0,0.0,0.0,0.0,0.158475,1.5499999999999998
149.17118012,0.17048134870857143,0.027002376349206346,183,1,0.0,0.0,0.0,0.0,0.0,0.16102099,7.70000005
149.17118012,0.18646397515000002,0.027002376349206346,183,0,0.0,0.0,0.0,0.0,0.0,0.184705,0.650000005
149.17118012,0.17549550602352942,0.027002376349206346,183,0,0.0,0.0,0.0,0.0,0.0,0.164621,1.225
151.00944477000002,0.16325345380540543,0.025256726250000004,28,1,0.0,0.0,0.0,0.0,0.0,0.15783501,2.8500000500000002
151.00944477000002,0.15895731028421053,0.025256726250000004,28,1,0.0,0.0,0.0,0.0,0.0,0.14494,1.3
151.00944477000002,0.15488148181538464,0.025256726250000004,28,1,0.0,0.0,0.0,0.0,0.0,0.133123,0.39999998999999997
151.00944477000002,0.16778827196666668,0.025256726250000004,28,0,0.0,0.0,0.0,0.0,0.0,0.169064,0.32500000500000004
151.00944477000002,0.16325345380540543,0.025256726250000004,28,0,0.0,0.0,0.0,0.0,0.0,0.156986,0.80000001
151.00944477000002,0.15895731028421053,0.025256726250000004,28,0,0.0,0.0,0.0,0.0,0.0,0.149094,1.8
151.00944477000002,0.15100944477000003,0.0266554,90,1,0.0,0.0,0.0,0.0,0.0,0.124033,0.57499999
151.00944477000002,0.16325345380540543,0.0266554,90,1,0.0,0.0,0.0,0.0,0.0,0.145579,3.8000000500000004
151.00944477000002,0.15895731028421053,0.0266554,90,1,0.0,0.0,0.0,0.0,0.0,0.138961,2.3500000500000002
151.00944477000002,0.15488148181538464,0.0266554,90,1,0.0,0.0,0.0,0.0,0.0,0.130301,1.25
151.00944477000002,0.17765817031764708,0.0266554,90,0,0.0,0.0,0.0,0.0,0.0,0.17834701,0.45000000500000004
151.00944477000002,0.17258222259428574,0.0266554,90,0,0.0,0.0,0.0,0.0,0.0,0.165062,0.69999999
151.00944477000002,0.16778827196666668,0.027098122063492065,182,1,0.0,0.0,0.0,0.0,0.0,0.154719,6.70000005
151.00944477000002,0.16325345380540543,0.027098122063492065,182,1,0.0,0.0,0.0,0.0,0.0,0.14955001,5.04999995
151.00944477000002,0.15488148181538464,0.027098122063492065,182,1,0.0,0.0,0.0,0.0,0.0,0.13534001,2.375
151.00944477000002,0.18876180596250003,0.027098122063492065,182,0,0.0,0.0,0.0,0.0,0.0,0.186515,0.55000001
151.00944477000002,0.16778827196666668,0.027098122063492065,182,0,0.0,0.0,0.0,0.0,0.0,0.151917,2.07500005
151.00944477000002,0.15100944477000003,0.0274637510989011,364,1,0.0,0.0,0.0,0.0,0.0,0.13511699,3.1000000500000002
151.00944477000002,0.16325345380540543,0.0274637510989011,364,1,0.0,0.0,0.0,0.0,0.0,0.146538,6.75
151.00944477000002,0.16778827196666668,0.0274637510989011,364,0,0.0,0.0,0.0,0.0,0.0,0.15493,3.5
151.00944477000002,0.16325345380540543,0.0274637510989011,364,0,0.0,0.0,0.0,0.0,0.0,0.15179899,4.45000005
151.66482608,0.15166482608,0.02706077904761905,178,1,0.0,0.0,0.0,0.0,0.0,0.13173001,1.525
151.66482608,0.16851647342222223,0.02706077904761905,178,1,0.0,0.0,0.0,0.0,0.0,0.162696,6.95000005
151.66482608,0.155553667774359,0.02706077904761905,178,1,0.0,0.0,0.0,0.0,0.0,0.135726,2.3999999499999998
151.66482608,0.1733312298057143,0.02706077904761905,178,0,0.0,0.0,0.0,0.0,0.0,0.15863,1.4
151.66482608,0.1444426915047619,0.027254111978021977,360,1,0.0,0.0,0.0,0.0,0.0,0.13362999,1.775
151.66482608,0.27575422923636367,0.027254111978021977,360,1,0.0,0.0,0.0,0.0,0.0,-99.989998,39.8500005
151.66482608,0.16851647342222223,0.027254111978021977,360,1,0.0,0.0,0.0,0.0,0.0,0.153604,8.5500002
151.66482608,0.27575422923636367,0.027254111978021977,360,0,0.0,0.0,0.0,0.0,0.0,0.24698,0.075000005
151.66482608,0.25277471013333336,0.027254111978021977,360,0,0.0,0.0,0.0,0.0,0.0,0.234267,0.150000005
151.66482608,0.16396197414054056,0.027254111978021977,360,0,0.0,0.0,0.0,0.0,0.0,0.151173,4.29999995
151.71278081,0.15171278081,0.027094696666666668,177,1,0.0,0.0,0.0,0.0,0.0,0.136048,1.7000000000000002
151.71278081,0.14448836267619047,0.027094696666666668,177,1,0.0,0.0,0.0,0.0,0.0,0.13106599,0.625
151.71278081,0.1640138170918919,0.027094696666666668,177,0,0.0,0.0,0.0,0.0,0.0,0.15531901,2.92499995
155.64506867000003,0.15564506867000003,0.02606301071428571,32,1,0.0,0.0,0.0,0.0,0.0,0.160368,0.775000005
155.64506867000003,0.14823339873333335,0.02606301071428571,32,1,0.0,0.0,0.0,0.0,0.0,0.16011401,0.10000000549999999
155.64506867000003,0.1638369143894737,0.02606301071428571,32,1,0.0,0.0,0.0,0.0,0.0,0.195316,3.5
155.64506867000003,0.1596359678666667,0.02606301071428571,32,1,0.0,0.0,0.0,0.0,0.0,0.17489,1.85
155.64506867000003,0.16826493910270274,0.02606301071428571,32,0,0.0,0.0,0.0,0.0,0.0,0.19069301,0.575000015
155.64506867000003,0.1638369143894737,0.02606301071428571,32,0,0.0,0.0,0.0,0.0,0.0,0.174465,1.1
155.64506867000003,0.1596359678666667,0.02606301071428571,32,0,0.0,0.0,0.0,0.0,0.0,0.162608,2.07500005
157.69113715000003,0.15769113715000002,0.02615897,31,1,0.0,0.0,0.0,0.0,0.0,0.154918,1.0750000000000002
157.69113715000003,0.1501820353809524,0.02615897,31,1,0.0,0.0,0.0,0.0,0.0,0.15578599,0.15000000000000002
157.69113715000003,0.17047690502702706,0.02615897,31,1,0.0,0.0,0.0,0.0,0.0,0.204662,6.45000005
157.69113715000003,0.16599067068421056,0.02615897,31,1,0.0,0.0,0.0,0.0,0.0,0.18456399,4.25
157.69113715000003,0.16173449964102568,0.02615897,31,1,0.0,0.0,0.0,0.0,0.0,0.166604,2.375
157.69113715000003,0.17521237461111114,0.02615897,31,0,0.0,0.0,0.0,0.0,0.0,0.205319,0.17500000500000001
157.69113715000003,0.17047690502702706,0.02615897,31,0,0.0,0.0,0.0,0.0,0.0,0.191809,0.375
157.69113715000003,0.16599067068421056,0.02615897,31,0,0.0,0.0,0.0,0.0,0.0,0.17303801,0.724999995
157.69113715000003,0.16173449964102568,0.02615897,31,0,0.0,0.0,0.0,0.0,0.0,0.15750299,1.425
157.54727296000002,0.15754727296,0.025278872857142858,30,1,0.0,0.0,0.0,0.0,0.0,0.16569801,1.15
157.54727296000002,0.15004502186666668,0.025278872857142858,30,1,0.0,0.0,0.0,0.0,0.0,0.16468599,0.17500000500000001
157.54727296000002,0.170321376172973,0.025278872857142858,30,1,0.0,0.0,0.0,0.0,0.0,0.216598,6.4499998
157.54727296000002,0.16583923469473685,0.025278872857142858,30,1,0.0,0.0,0.0,0.0,0.0,0.19246601,4.25
157.54727296000002,0.16158694662564105,0.025278872857142858,30,1,0.0,0.0,0.0,0.0,0.0,0.171663,2.375
157.54727296000002,0.16583923469473685,0.025278872857142858,30,0,0.0,0.0,0.0,0.0,0.0,0.183643,0.80000001
157.54727296000002,0.16158694662564105,0.025278872857142858,30,0,0.0,0.0,0.0,0.0,0.0,0.168101,1.525
157.99485044000002,0.15799485044000003,0.025169501666666667,29,1,0.0,0.0,0.0,0.0,0.0,0.145908,0.999999995
157.99485044000002,0.15047128613333335,0.025169501666666667,29,1,0.0,0.0,0.0,0.0,0.0,0.150521,0.125000005
157.99485044000002,0.17080524371891895,0.025169501666666667,29,1,0.0,0.0,0.0,0.0,0.0,0.21813101,6.6500001
157.99485044000002,0.16631036888421055,0.025169501666666667,29,1,0.0,0.0,0.0,0.0,0.0,0.17726,4.29999995
157.99485044000002,0.16204600045128206,0.025169501666666667,29,1,0.0,0.0,0.0,0.0,0.0,0.16315401,2.4
157.99485044000002,0.15799485044000003,0.025169501666666667,29,0,0.0,0.0,0.0,0.0,0.0,0.134441,2.375
157.99485044000002,0.18587629463529415,0.025169501666666667,29,0,0.0,0.0,0.0,0.0,0.0,0.25619799,0.05
157.99485044000002,0.17080524371891895,0.025169501666666667,29,0,0.0,0.0,0.0,0.0,0.0,0.179969,0.25000000499999997
157.99485044000002,0.16631036888421055,0.025169501666666667,29,0,0.0,0.0,0.0,0.0,0.0,0.163596,0.55000001
157.99485044000002,0.16204600045128206,0.025169501666666667,29,0,0.0,0.0,0.0,0.0,0.0,0.145218,1.15
158.34651846000003,0.15834651846000003,0.025124050000000002,28,1,0.0,0.0,0.0,0.0,0.0,0.13851801,0.999999995
158.34651846000003,0.15080620805714287,0.025124050000000002,28,1,0.0,0.0,0.0,0.0,0.0,0.140761,0.10000000549999999
158.34651846000003,0.1711854253621622,0.025124050000000002,28,1,0.0,0.0,0.0,0.0,0.0,0.21729399,6.8499999
158.34651846000003,0.16240668560000002,0.025124050000000002,28,1,0.0,0.0,0.0,0.0,0.0,0.152246,2.42499995
158.34651846000003,0.15834651846000003,0.025124050000000002,28,0,0.0,0.0,0.0,0.0,0.0,0.131317,2.15
158.34651846000003,0.1711854253621622,0.025124050000000002,28,0,0.0,0.0,0.0,0.0,0.0,0.177963,0.20000000499999998
158.34651846000003,0.16668054574736846,0.025124050000000002,28,0,0.0,0.0,0.0,0.0,0.0,0.156892,0.42499999499999996
158.34651846000003,0.16240668560000002,0.025124050000000002,28,0,0.0,0.0,0.0,0.0,0.0,0.143216,0.999999995
162.9201912,0.1629201912,0.02518983107142857,31,1,0.0,0.0,0.0,0.0,0.0,0.131262,2.4749999
162.9201912,0.15516208685714286,0.02518983107142857,31,1,0.0,0.0,0.0,0.0,0.0,0.111517,0.274999995
162.9201912,0.14810926472727273,0.02518983107142857,31,1,0.0,0.0,0.0,0.0,0.0,0.143833,0.05
162.9201912,0.1629201912,0.02518983107142857,31,0,0.0,0.0,0.0,0.0,0.0,0.136463,0.925
162.9201912,0.17149493810526317,0.02518983107142857,31,0,0.0,0.0,0.0,0.0,0.0,0.170959,0.20000000499999998
162.9201912,0.167097632,0.02518983107142857,31,0,0.0,0.0,0.0,0.0,0.0,0.152961,0.42499999499999996
162.69525208000002,0.16269525208000002,0.025149631785714287,30,1,0.0,0.0,0.0,0.0,0.0,0.148321,2.3500000500000002
162.69525208000002,0.15494785912380954,0.025149631785714287,30,1,0.0,0.0,0.0,0.0,0.0,0.12727299,0.29999999499999996
162.69525208000002,0.19140617891764708,0.025149631785714287,30,1,0.0,0.0,0.0,0.0,0.0,-99.989998,16.2
162.69525208000002,0.16269525208000002,0.025149631785714287,30,0,0.0,0.0,0.0,0.0,0.0,0.14024,1.1
161.9561664,0.1619561664,0.025156055714285714,29,1,0.0,0.0,0.0,0.0,0.0,0.137353,2.1
161.9561664,0.154243968,0.025156055714285714,29,1,0.0,0.0,0.0,0.0,0.0,0.112702,0.175
161.9561664,0.1619561664,0.025156055714285714,29,0,0.0,0.0,0.0,0.0,0.0,0.141023,1.15
163.8038806,0.1638038806,0.025069638571428573,28,1,0.0,0.0,0.0,0.0,0.0,0.141583,2.875
163.8038806,0.15600369580952383,0.025069638571428573,28,1,0.0,0.0,0.0,0.0,0.0,0.114707,0.35000001000000003
163.8038806,0.1638038806,0.025069638571428573,28,0,0.0,0.0,0.0,0.0,0.0,0.142801,0.75
167.51537608,0.16751537608,0.025091028,32,1,0.0,0.0,0.0,0.0,0.0,0.212551,5.4000001
167.51537608,0.15953845340952383,0.025091028,32,1,0.0,0.0,0.0,0.0,0.0,0.181903,2.0
167.51537608,0.15228670552727275,0.025091028,32,1,0.0,0.0,0.0,0.0,0.0,0.165837,0.39999998999999997
167.51537608,0.14566554441739132,0.025091028,32,1,0.0,0.0,0.0,0.0,0.0,0.176571,0.0750000005
167.51537608,0.17633197482105264,0.025091028,32,1,0.0,0.0,0.0,0.0,0.0,0.26601899,9.899999900000001
167.51537608,0.16751537608,0.025091028,32,0,0.0,0.0,0.0,0.0,0.0,0.196454,0.775000005
167.51537608,0.15953845340952383,0.025091028,32,0,0.0,0.0,0.0,0.0,0.0,0.167355,2.3500000500000002
167.51537608,0.17181064213333333,0.025091028,32,0,0.0,0.0,0.0,0.0,0.0,0.21463101,0.45000000500000004
167.51537608,0.16751537608,0.025817051587301586,186,1,0.0,0.0,0.0,0.0,0.0,0.175367,7.70000005
167.51537608,0.15953845340952383,0.025817051587301586,186,1,0.0,0.0,0.0,0.0,0.0,0.16670001,4.75
167.51537608,0.15228670552727275,0.025817051587301586,186,1,0.0,0.0,0.0,0.0,0.0,0.154121,2.4749999
167.51537608,0.14566554441739132,0.025817051587301586,186,1,0.0,0.0,0.0,0.0,0.0,0.147535,1.15
167.51537608,0.16751537608,0.025817051587301586,186,0,0.0,0.0,0.0,0.0,0.0,0.175671,3.15
167.80458352,0.16780458352,0.025123022857142855,31,1,0.0,0.0,0.0,0.0,0.0,0.198884,5.3499999
167.80458352,0.15981388906666666,0.025123022857142855,31,1,0.0,0.0,0.0,0.0,0.0,0.175412,1.95
167.80458352,0.15254962138181818,0.025123022857142855,31,1,0.0,0.0,0.0,0.0,0.0,0.162155,0.375
167.80458352,0.1459170291478261,0.025123022857142855,31,1,0.0,0.0,0.0,0.0,0.0,0.16563401,0.05
167.80458352,0.16780458352,0.025123022857142855,31,0,0.0,0.0,0.0,0.0,0.0,0.200091,0.75
167.80458352,0.15981388906666666,0.025123022857142855,31,0,0.0,0.0,0.0,0.0,0.0,0.172102,2.29999995
167.80458352,0.15981388906666666,0.025876326984126986,185,1,0.0,0.0,0.0,0.0,0.0,0.16716,4.79999995
167.80458352,0.15254962138181818,0.025876326984126986,185,1,0.0,0.0,0.0,0.0,0.0,0.15612701,2.5500000500000004
167.80458352,0.1459170291478261,0.025876326984126986,185,1,0.0,0.0,0.0,0.0,0.0,0.148305,1.175
167.80458352,0.15981388906666666,0.025876326984126986,185,0,0.0,0.0,0.0,0.0,0.0,0.167042,5.1500001
168.94534620000002,0.1689453462,0.025165425714285716,30,1,0.0,0.0,0.0,0.0,0.0,0.202105,5.95000005
168.94534620000002,0.16090032971428572,0.025165425714285716,30,1,0.0,0.0,0.0,0.0,0.0,0.175883,2.29999995
168.94534620000002,0.15358667836363638,0.025165425714285716,30,1,0.0,0.0,0.0,0.0,0.0,0.158557,0.45000000500000004
168.94534620000002,0.1469089966956522,0.025165425714285716,30,1,0.0,0.0,0.0,0.0,0.0,0.169038,0.0750000005
168.94534620000002,0.1689453462,0.025165425714285716,30,0,0.0,0.0,0.0,0.0,0.0,0.199411,0.57499999
168.94534620000002,0.16090032971428572,0.025165425714285716,30,0,0.0,0.0,0.0,0.0,0.0,0.171985,1.9
168.94534620000002,0.17327727815384616,0.025165425714285716,30,0,0.0,0.0,0.0,0.0,0.0,0.21297701,0.29999999499999996
168.94534620000002,0.1689453462,0.02590292,93,1,0.0,0.0,0.0,0.0,0.0,0.175759,6.89999985
168.94534620000002,0.16090032971428572,0.02590292,93,1,0.0,0.0,0.0,0.0,0.0,0.157849,3.5
168.94534620000002,0.15358667836363638,0.02590292,93,1,0.0,0.0,0.0,0.0,0.0,0.145714,1.35
168.94534620000002,0.1469089966956522,0.02590292,93,1,0.0,0.0,0.0,0.0,0.0,0.14033,0.39999998999999997
168.94534620000002,0.18264361751351355,0.02590292,93,1,0.0,0.0,0.0,0.0,0.0,0.214048,13.45
168.94534620000002,0.17327727815384616,0.02590292,93,1,0.0,0.0,0.0,0.0,0.0,0.193997,9.0499997
168.94534620000002,0.16090032971428572,0.02590292,93,0,0.0,0.0,0.0,0.0,0.0,0.157226,3.1999999499999996
168.94534620000002,0.1778372065263158,0.02590292,93,0,0.0,0.0,0.0,0.0,0.0,0.197281,0.775000005
168.94534620000002,0.16090032971428572,0.02592513777777778,184,1,0.0,0.0,0.0,0.0,0.0,0.17201,5.3499999
168.94534620000002,0.15358667836363638,0.02592513777777778,184,1,0.0,0.0,0.0,0.0,0.0,0.161351,2.9749999
168.94534620000002,0.1469089966956522,0.02592513777777778,184,1,0.0,0.0,0.0,0.0,0.0,0.15119401,1.4
169.95757224,0.16995757224,0.025075171714285718,29,1,0.0,0.0,0.0,0.0,0.0,0.213323,6.45000005
169.95757224,0.1618643545142857,0.025075171714285718,29,1,0.0,0.0,0.0,0.0,0.0,0.179214,2.6000000500000002
169.95757224,0.15450688385454545,0.025075171714285718,29,1,0.0,0.0,0.0,0.0,0.0,0.16097701,0.55000001
169.95757224,0.1477891932521739,0.025075171714285718,29,1,0.0,0.0,0.0,0.0,0.0,0.16369399,0.0750000005
169.95757224,0.1416313102,0.025075171714285718,29,1,0.0,0.0,0.0,0.0,0.0,0.195631,0.0250000005
169.95757224,0.16995757224,0.025075171714285718,29,0,0.0,0.0,0.0,0.0,0.0,0.20459101,0.5
169.95757224,0.1618643545142857,0.025075171714285718,29,0,0.0,0.0,0.0,0.0,0.0,0.174289,1.65
169.95757224,0.18373791593513514,0.025075171714285718,29,0,0.0,0.0,0.0,0.0,0.0,0.26384699,0.10000000549999999
169.95757224,0.17890270762105262,0.025075171714285718,29,0,0.0,0.0,0.0,0.0,0.0,0.238214,0.15000000000000002
169.95757224,0.1743154587076923,0.025075171714285718,29,0,0.0,0.0,0.0,0.0,0.0,0.22161999,0.274999995
169.95757224,0.1618643545142857,0.02584931742857143,92,1,0.0,0.0,0.0,0.0,0.0,0.162793,3.9
169.95757224,0.15450688385454545,0.02584931742857143,92,1,0.0,0.0,0.0,0.0,0.0,0.14658301,1.525
169.95757224,0.1477891932521739,0.02584931742857143,92,1,0.0,0.0,0.0,0.0,0.0,0.137045,0.42499999499999996
169.95757224,0.16995757224,0.02587428126984127,183,1,0.0,0.0,0.0,0.0,0.0,0.181896,8.8000002
169.95757224,0.1618643545142857,0.02587428126984127,183,1,0.0,0.0,0.0,0.0,0.0,0.16957,5.54999995
169.95757224,0.1477891932521739,0.02587428126984127,183,1,0.0,0.0,0.0,0.0,0.0,0.150749,1.5
169.95757224,0.1618643545142857,0.02587428126984127,183,0,0.0,0.0,0.0,0.0,0.0,0.17194299,4.6500001
169.95757224,0.15450688385454545,0.02587428126984127,183,0,0.0,0.0,0.0,0.0,0.0,0.159236,7.1500001
169.95757224,0.1477891932521739,0.02587428126984127,183,0,0.0,0.0,0.0,0.0,0.0,0.151621,10.600000000000001
169.909371,0.16181844857142857,0.025876612857142853,179,1,0.0,0.0,0.0,0.0,0.0,0.17452499,5.6500001
169.909371,0.15446306454545453,0.025876612857142853,179,1,0.0,0.0,0.0,0.0,0.0,0.167698,3.3000000500000004
169.909371,0.169909371,0.025876612857142853,179,0,0.0,0.0,0.0,0.0,0.0,0.18907601,2.9499999499999996
169.909371,0.16181844857142857,0.025876612857142853,179,0,0.0,0.0,0.0,0.0,0.0,0.17759299,4.75
169.909371,0.22654582799999998,0.025876612857142853,179,0,0.0,0.0,0.0,0.0,0.0,0.28571501,0.29999999499999996
170.66452376,0.15514956705454547,0.02568817825396825,178,1,0.0,0.0,0.0,0.0,0.0,0.160714,3.25
170.48778588,0.15498889625454546,0.02551482,177,1,0.0,0.0,0.0,0.0,0.0,0.170443,3.5
170.48778588,0.14825024859130434,0.02551482,177,1,0.0,0.0,0.0,0.0,0.0,0.162982,1.825
170.48778588,0.1420731549,0.02551482,177,1,0.0,0.0,0.0,0.0,0.0,0.156192,0.82499999
170.48778588,0.17048778588,0.02551482,177,0,0.0,0.0,0.0,0.0,0.0,0.192468,2.8999999499999998
170.48778588,0.17485926756923076,0.02551482,177,0,0.0,0.0,0.0,0.0,0.0,0.20048299,2.3000000500000004
174.16714720000002,0.16587347352380954,0.024686470714285712,32,1,0.0,0.0,0.0,0.0,0.0,0.179968,4.20000005
174.16714720000002,0.15833377018181818,0.024686470714285712,32,1,0.0,0.0,0.0,0.0,0.0,0.149674,1.1
174.16714720000002,0.15144969321739132,0.024686470714285712,32,1,0.0,0.0,0.0,0.0,0.0,0.15043201,0.17500000500000001
174.16714720000002,0.14513928933333334,0.024686470714285712,32,1,0.0,0.0,0.0,0.0,0.0,0.160924,0.0250000005
174.16714720000002,0.1741671472,0.024686470714285712,32,0,0.0,0.0,0.0,0.0,0.0,0.193409,0.25000000499999997
174.16714720000002,0.16587347352380954,0.024686470714285712,32,0,0.0,0.0,0.0,0.0,0.0,0.15813901,0.849999995
174.16714720000002,0.15833377018181818,0.024686470714285712,32,0,0.0,0.0,0.0,0.0,0.0,0.128444,2.875
175.59711732000002,0.15963374301818184,0.024617229285714286,31,1,0.0,0.0,0.0,0.0,0.0,0.147726,1.4249999999999998
175.59711732000002,0.1526931454956522,0.024617229285714286,31,1,0.0,0.0,0.0,0.0,0.0,0.13118,0.15000000000000002
175.59711732000002,0.14633093110000003,0.024617229285714286,31,1,0.0,0.0,0.0,0.0,0.0,0.15151399,0.0250000005
175.59711732000002,0.16723534982857144,0.024617229285714286,31,0,0.0,0.0,0.0,0.0,0.0,0.155522,0.57499999
175.59711732000002,0.15963374301818184,0.024617229285714286,31,0,0.0,0.0,0.0,0.0,0.0,0.129113,2.25
175.82205644,0.16744957756190476,0.024666475,30,1,0.0,0.0,0.0,0.0,0.0,0.143682,4.75
175.82205644,0.15983823312727274,0.024666475,30,1,0.0,0.0,0.0,0.0,0.0,0.139735,1.375
175.82205644,0.1528887447304348,0.024666475,30,1,0.0,0.0,0.0,0.0,0.0,0.135066,0.17500000500000001
175.82205644,0.14651838036666667,0.024666475,30,1,0.0,0.0,0.0,0.0,0.0,0.151526,0.0250000005
175.82205644,0.18507584888421053,0.024666475,30,1,0.0,0.0,0.0,0.0,0.0,-99.989998,14.45
175.82205644,0.17582205644,0.024666475,30,0,0.0,0.0,0.0,0.0,0.0,0.20203499,0.17500000500000001
175.82205644,0.16744957756190476,0.024666475,30,0,0.0,0.0,0.0,0.0,0.0,0.165356,0.599999995
175.82205644,0.15983823312727274,0.024666475,30,0,0.0,0.0,0.0,0.0,0.0,0.140258,2.25
176.07912972,0.1600719361090909,0.024588447142857142,29,1,0.0,0.0,0.0,0.0,0.0,0.15398701,1.525
176.07912972,0.15311228671304347,0.024588447142857142,29,1,0.0,0.0,0.0,0.0,0.0,0.142226,0.20000000499999998
176.07912972,0.17607912972,0.024588447142857142,29,0,0.0,0.0,0.0,0.0,0.0,0.21190999,0.20000000499999998
176.07912972,0.16769440925714285,0.024588447142857142,29,0,0.0,0.0,0.0,0.0,0.0,0.17685901,0.674999985
176.07912972,0.1600719361090909,0.024588447142857142,29,0,0.0,0.0,0.0,0.0,0.0,0.152032,2.3500000500000002
174.21534844,0.16591937946666668,0.024569855,28,1,0.0,0.0,0.0,0.0,0.0,0.17634401,4.0999999
174.21534844,0.1583775894909091,0.024569855,28,1,0.0,0.0,0.0,0.0,0.0,0.15259901,1.05
174.21534844,0.15149160733913045,0.024569855,28,1,0.0,0.0,0.0,0.0,0.0,0.146805,0.125000005
174.21534844,0.17421534844,0.024569855,28,0,0.0,0.0,0.0,0.0,0.0,0.19149201,0.17500000500000001
174.21534844,0.16591937946666668,0.024569855,28,0,0.0,0.0,0.0,0.0,0.0,0.17218199,0.849999995
174.21534844,0.1583775894909091,0.024569855,28,0,0.0,0.0,0.0,0.0,0.0,0.15070701,2.95000005
183.94290723,0.15995035411304348,0.024183721714285712,32,1,0.0,0.0,0.0,0.0,0.0,0.156946,1.75
183.94290723,0.153285756025,0.024183721714285712,32,1,0.0,0.0,0.0,0.0,0.0,0.14350601,0.29999999499999996
183.94290723,0.147154325784,0.024183721714285712,32,1,0.0,0.0,0.0,0.0,0.0,0.139432,0.0250000005
183.94290723,0.15995035411304348,0.024183721714285712,32,0,0.0,0.0,0.0,0.0,0.0,0.154402,2.5249999499999998
183.8299301,0.1671181182727273,0.024100272,31,1,0.0,0.0,0.0,0.0,0.0,0.193978,5.0
183.8299301,0.1598521131304348,0.024100272,31,1,0.0,0.0,0.0,0.0,0.0,0.162925,1.7000000000000002
183.8299301,0.15319160841666668,0.024100272,31,1,0.0,0.0,0.0,0.0,0.0,0.14600299,0.275000005
183.8299301,0.14706394408,0.024100272,31,1,0.0,0.0,0.0,0.0,0.0,0.144235,0.0250000005
183.8299301,0.1750761239047619,0.024100272,31,0,0.0,0.0,0.0,0.0,0.0,0.214267,0.29999999499999996
183.8299301,0.1671181182727273,0.024100272,31,0,0.0,0.0,0.0,0.0,0.0,0.17340299,0.80000001
183.8299301,0.1598521131304348,0.024100272,31,0,0.0,0.0,0.0,0.0,0.0,0.15061,2.5500000500000004
184.66918877999998,0.1605819032869565,0.024072708285714284,30,1,0.0,0.0,0.0,0.0,0.0,0.15615401,1.875
184.66918877999998,0.15389099064999998,0.024072708285714284,30,1,0.0,0.0,0.0,0.0,0.0,0.14007699,0.29999999499999996
184.66918877999998,0.14773535102399998,0.024072708285714284,30,1,0.0,0.0,0.0,0.0,0.0,0.138733,0.0250000005
187.31608154,0.17028734685454544,0.024254533428571427,29,1,0.0,0.0,0.0,0.0,0.0,0.204227,6.8499999
187.31608154,0.16288354916521738,0.024254533428571427,29,1,0.0,0.0,0.0,0.0,0.0,0.16755199,2.875
187.31608154,0.15609673461666668,0.024254533428571427,29,1,0.0,0.0,0.0,0.0,0.0,0.136125,0.525000005
187.31608154,0.149852865232,0.024254533428571427,29,1,0.0,0.0,0.0,0.0,0.0,0.120889,0.0250000005
187.31608154,0.17028734685454544,0.024254533428571427,29,0,0.0,0.0,0.0,0.0,0.0,0.19057199,0.474999995
187.31608154,0.16288354916521738,0.024254533428571427,29,0,0.0,0.0,0.0,0.0,0.0,0.15136001,1.4
187.31608154,0.15609673461666668,0.024254533428571427,29,0,0.0,0.0,0.0,0.0,0.0,0.119263,4.1500001
186.96101056,0.1780581052952381,0.024234474571428567,28,1,0.0,0.0,0.0,0.0,0.0,0.26379901,11.35
186.96101056,0.16996455505454547,0.024234474571428567,28,1,0.0,0.0,0.0,0.0,0.0,0.206596,6.6500001
186.96101056,0.16257479179130435,0.024234474571428567,28,1,0.0,0.0,0.0,0.0,0.0,0.16332901,2.65
186.96101056,0.15580084213333334,0.024234474571428567,28,1,0.0,0.0,0.0,0.0,0.0,0.14640599,0.55000001
186.96101056,0.149568808448,0.024234474571428567,28,1,0.0,0.0,0.0,0.0,0.0,0.140203,0.05
186.96101056,0.19175488262564103,0.024234474571428567,28,1,0.0,0.0,0.0,0.0,0.0,0.396332,18.8
186.96101056,0.16996455505454547,0.024234474571428567,28,0,0.0,0.0,0.0,0.0,0.0,0.182546,0.42500000000000004
186.96101056,0.16257479179130435,0.024234474571428567,28,0,0.0,0.0,0.0,0.0,0.0,0.15274,1.475
190.49558077,0.15874631730833333,0.023436736666666666,32,1,0.0,0.0,0.0,0.0,0.0,0.170094,1.625
190.49558077,0.152396464616,0.023436736666666666,32,1,0.0,0.0,0.0,0.0,0.0,0.160768,0.35000001000000003
190.49558077,0.20052166396842105,0.023436736666666666,32,1,0.0,0.0,0.0,0.0,0.0,0.30655801,23.25
190.49558077,0.1731778007,0.023436736666666666,32,0,0.0,0.0,0.0,0.0,0.0,0.216922,0.474999995
190.49558077,0.16564833110434782,0.023436736666666666,32,0,0.0,0.0,0.0,0.0,0.0,0.18761,1.275
190.49558077,0.16564833110434782,0.02125049634920635,186,1,0.0,0.0,0.0,0.0,0.0,0.18044899,7.75
190.49558077,0.15874631730833333,0.02125049634920635,186,1,0.0,0.0,0.0,0.0,0.0,0.17219999,5.0
190.49558077,0.152396464616,0.02125049634920635,186,1,0.0,0.0,0.0,0.0,0.0,0.165705,2.9749999
190.49558077,0.14653506213076922,0.02125049634920635,186,1,0.0,0.0,0.0,0.0,0.0,0.159591,1.6
190.49558077,0.3463556014,0.02125049634920635,186,0,0.0,0.0,0.0,0.0,0.0,0.39923,0.0250000005
190.72153502999998,0.17338321366363635,0.02330023,31,1,0.0,0.0,0.0,0.0,0.0,0.22897001,8.8499999
190.72153502999998,0.1658448130695652,0.02330023,31,1,0.0,0.0,0.0,0.0,0.0,0.192102,4.5999999
190.72153502999998,0.158934612525,0.02330023,31,1,0.0,0.0,0.0,0.0,0.0,0.16890199,1.6
190.72153502999998,0.15257722802399998,0.02330023,31,1,0.0,0.0,0.0,0.0,0.0,0.15498599,0.29999999499999996
190.72153502999998,0.14127521113333333,0.02330023,31,1,0.0,0.0,0.0,0.0,0.0,0.19510899,0.0250000005
190.72153502999998,0.18163955717142855,0.02330023,31,0,0.0,0.0,0.0,0.0,0.0,0.258297,0.20000000499999998
190.72153502999998,0.17338321366363635,0.02330023,31,0,0.0,0.0,0.0,0.0,0.0,0.218036,0.45000000500000004
190.72153502999998,0.1658448130695652,0.02330023,31,0,0.0,0.0,0.0,0.0,0.0,0.18826699,1.225
190.72153502999998,0.158934612525,0.02330023,31,0,0.0,0.0,0.0,0.0,0.0,0.170862,3.3000000500000004
190.72153502999998,0.19072153502999997,0.021340871428571426,185,1,0.0,0.0,0.0,0.0,0.0,0.22445101,19.6499995
190.72153502999998,0.17338321366363635,0.021340871428571426,185,1,0.0,0.0,0.0,0.0,0.0,0.192945,11.3
190.72153502999998,0.158934612525,0.021340871428571426,185,1,0.0,0.0,0.0,0.0,0.0,0.167998,4.9000001
190.72153502999998,0.15257722802399998,0.021340871428571426,185,1,0.0,0.0,0.0,0.0,0.0,0.160798,2.85
190.72153502999998,0.1467088731,0.021340871428571426,185,1,0.0,0.0,0.0,0.0,0.0,0.15596899,1.525
190.72153502999998,0.17338321366363635,0.021340871428571426,185,0,0.0,0.0,0.0,0.0,0.0,0.19000401,2.85
190.75381420999997,0.19075381420999998,0.023306180833333336,30,1,0.0,0.0,0.0,0.0,0.0,0.33659601,18.5500005
190.75381420999997,0.1658728819217391,0.023306180833333336,30,1,0.0,0.0,0.0,0.0,0.0,0.19060899,4.5999999
190.75381420999997,0.15896151184166665,0.023306180833333336,30,1,0.0,0.0,0.0,0.0,0.0,0.167454,1.575
190.75381420999997,0.15260305136799998,0.023306180833333336,30,1,0.0,0.0,0.0,0.0,0.0,0.15620799,0.29999999499999996
190.75381420999997,0.1658728819217391,0.023306180833333336,30,0,0.0,0.0,0.0,0.0,0.0,0.182283,1.1
190.75381420999997,0.15896151184166665,0.023306180833333336,30,0,0.0,0.0,0.0,0.0,0.0,0.161277,3.1
190.75381420999997,0.18167029924761902,0.022198145142857145,93,1,0.0,0.0,0.0,0.0,0.0,0.220239,14.25
190.75381420999997,0.1658728819217391,0.022198145142857145,93,1,0.0,0.0,0.0,0.0,0.0,0.17775001,6.04999995
190.75381420999997,0.15896151184166665,0.022198145142857145,93,1,0.0,0.0,0.0,0.0,0.0,0.161838,3.1
190.75381420999997,0.15260305136799998,0.022198145142857145,93,1,0.0,0.0,0.0,0.0,0.0,0.152137,1.3
190.75381420999997,0.18167029924761902,0.022198145142857145,93,0,0.0,0.0,0.0,0.0,0.0,0.21076301,0.775000005
190.75381420999997,0.17341255837272726,0.022198145142857145,93,0,0.0,0.0,0.0,0.0,0.0,0.188079,1.375
190.75381420999997,0.1658728819217391,0.021398217936507934,184,1,0.0,0.0,0.0,0.0,0.0,0.179956,7.79999995
190.75381420999997,0.15896151184166665,0.021398217936507934,184,1,0.0,0.0,0.0,0.0,0.0,0.170867,5.0
190.75381420999997,0.15260305136799998,0.021398217936507934,184,1,0.0,0.0,0.0,0.0,0.0,0.162404,2.9
190.75381420999997,0.17341255837272726,0.021398217936507934,184,0,0.0,0.0,0.0,0.0,0.0,0.18911,2.8000000500000004
190.39874322999998,0.19039874322999997,0.023098538333333335,29,1,0.0,0.0,0.0,0.0,0.0,0.313665,18.1499995
190.39874322999998,0.17308976657272726,0.023098538333333335,29,1,0.0,0.0,0.0,0.0,0.0,0.21975499,8.5
190.39874322999998,0.16556412454782607,0.023098538333333335,29,1,0.0,0.0,0.0,0.0,0.0,0.193205,4.35000015
190.39874322999998,0.15866561935833332,0.023098538333333335,29,1,0.0,0.0,0.0,0.0,0.0,0.17101,1.45
190.39874322999998,0.15231899458399997,0.023098538333333335,29,1,0.0,0.0,0.0,0.0,0.0,0.165031,0.29999999499999996
190.39874322999998,0.16556412454782607,0.023098538333333335,29,0,0.0,0.0,0.0,0.0,0.0,0.190028,1.25
190.39874322999998,0.15866561935833332,0.023098538333333335,29,0,0.0,0.0,0.0,0.0,0.0,0.17212699,3.4
190.39874322999998,0.17308976657272726,0.021788534857142855,92,1,0.0,0.0,0.0,0.0,0.0,0.18999,9.5
190.39874322999998,0.16556412454782607,0.021788534857142855,92,1,0.0,0.0,0.0,0.0,0.0,0.174077,5.75
190.39874322999998,0.15866561935833332,0.021788534857142855,92,1,0.0,0.0,0.0,0.0,0.0,0.163369,2.9749999
190.39874322999998,0.17308976657272726,0.020902665079365078,183,1,0.0,0.0,0.0,0.0,0.0,0.187062,10.899999999999999
190.39874322999998,0.16556412454782607,0.020902665079365078,183,1,0.0,0.0,0.0,0.0,0.0,0.17747299,7.5
190.39874322999998,0.15866561935833332,0.020902665079365078,183,1,0.0,0.0,0.0,0.0,0.0,0.168657,4.75
190.39874322999998,0.1464605717153846,0.020902665079365078,183,1,0.0,0.0,0.0,0.0,0.0,0.15631901,1.4500000000000002
190.39874322999998,0.17308976657272726,0.020902665079365078,183,0,0.0,0.0,0.0,0.0,0.0,0.18987399,2.9
188.49427161,0.17135842873636364,0.02304234625,28,1,0.0,0.0,0.0,0.0,0.0,0.23969799,7.70000005
188.49427161,0.16390806226956522,0.02304234625,28,1,0.0,0.0,0.0,0.0,0.0,0.20183399,3.6999999499999996
188.49427161,0.157078559675,0.02304234625,28,1,0.0,0.0,0.0,0.0,0.0,0.175547,1.1
188.49427161,0.150795417288,0.02304234625,28,1,0.0,0.0,0.0,0.0,0.0,0.17375501,0.225
188.49427161,0.16390806226956522,0.02304234625,28,0,0.0,0.0,0.0,0.0,0.0,0.188298,1.55
188.49427161,0.157078559675,0.02304234625,28,0,0.0,0.0,0.0,0.0,0.0,0.163856,4.0
188.49427161,0.17951835391428572,0.02210302885714286,91,1,0.0,0.0,0.0,0.0,0.0,0.224436,13.05
188.49427161,0.17135842873636364,0.02210302885714286,91,1,0.0,0.0,0.0,0.0,0.0,0.20022701,8.8000002
188.49427161,0.16390806226956522,0.02210302885714286,91,1,0.0,0.0,0.0,0.0,0.0,0.176531,5.0999999
188.49427161,0.157078559675,0.02210302885714286,91,1,0.0,0.0,0.0,0.0,0.0,0.164534,2.5249999499999998
188.49427161,0.150795417288,0.02210302885714286,91,1,0.0,0.0,0.0,0.0,0.0,0.156574,1.024999995
188.49427161,0.14499559354615385,0.02210302885714286,91,1,0.0,0.0,0.0,0.0,0.0,0.15274601,0.35000001000000003
188.49427161,0.17951835391428572,0.02210302885714286,91,0,0.0,0.0,0.0,0.0,0.0,0.210208,0.92500001
188.49427161,0.17135842873636364,0.02210302885714286,91,0,0.0,0.0,0.0,0.0,0.0,0.186131,1.625
188.49427161,0.157078559675,0.02210302885714286,91,0,0.0,0.0,0.0,0.0,0.0,0.15698799,5.5
188.49427161,0.157078559675,0.021330410952380953,182,1,0.0,0.0,0.0,0.0,0.0,0.168955,4.25
188.49427161,0.150795417288,0.021330410952380953,182,1,0.0,0.0,0.0,0.0,0.0,0.161845,2.4
188.49427161,0.14499559354615385,0.021330410952380953,182,1,0.0,0.0,0.0,0.0,0.0,0.15621001,1.225
188.49427161,0.16390806226956522,0.021330410952380953,182,0,0.0,0.0,0.0,0.0,0.0,0.170838,4.6500001
189.04301766999998,0.1454177059,0.021452254761904762,179,1,0.0,0.0,0.0,0.0,0.0,0.15471201,1.225
189.04301766999998,0.19389027453333332,0.021452254761904762,179,1,0.0,0.0,0.0,0.0,0.0,0.22539601,20.8
189.13985520999998,0.1576165460083333,0.021599388730158733,178,1,0.0,0.0,0.0,0.0,0.0,0.16074,4.0999999
189.13985520999998,0.15131188416799998,0.021599388730158733,178,1,0.0,0.0,0.0,0.0,0.0,0.155067,2.2749999499999998
189.13985520999998,0.18913985520999999,0.021599388730158733,178,0,0.0,0.0,0.0,0.0,0.0,0.211455,1.125
189.13985520999998,0.1719453229181818,0.021599388730158733,178,0,0.0,0.0,0.0,0.0,0.0,0.179966,2.75
186.8964522,0.16990586563636365,0.021575542380952384,177,1,0.0,0.0,0.0,0.0,0.0,0.17925,9.0500002
186.8964522,0.1625186540869565,0.021575542380952384,177,1,0.0,0.0,0.0,0.0,0.0,0.17474499,6.0500002
186.8964522,0.1557470435,0.021575542380952384,177,1,0.0,0.0,0.0,0.0,0.0,0.16704001,3.6500001
186.8964522,0.1437665016923077,0.021575542380952384,177,1,0.0,0.0,0.0,0.0,0.0,0.15272699,0.92500001
193.70735918,0.16844118189565216,0.021893177857142856,32,1,0.0,0.0,0.0,0.0,0.0,0.189879,5.79999995
193.70735918,0.16142279931666667,0.021893177857142856,32,1,0.0,0.0,0.0,0.0,0.0,0.16332699,2.2250000500000002
193.70735918,0.154965887344,0.021893177857142856,32,1,0.0,0.0,0.0,0.0,0.0,0.149134,0.47500001000000003
193.70735918,0.17609759925454546,0.021893177857142856,32,0,0.0,0.0,0.0,0.0,0.0,0.213083,0.29999999499999996
193.70735918,0.16844118189565216,0.021893177857142856,32,0,0.0,0.0,0.0,0.0,0.0,0.18126599,0.82499999
193.70735918,0.16142279931666667,0.021893177857142856,32,0,0.0,0.0,0.0,0.0,0.0,0.15920299,2.3999999499999998
190.62469749,0.18154733094285713,0.021896630714285714,31,1,0.0,0.0,0.0,0.0,0.0,-99.989998,12.899999999999999
190.62469749,0.16576060651304347,0.021896630714285714,31,1,0.0,0.0,0.0,0.0,0.0,0.18409701,4.25
190.62469749,0.15885391457499998,0.021896630714285714,31,1,0.0,0.0,0.0,0.0,0.0,0.161515,1.325
190.62469749,0.152499757992,0.021896630714285714,31,1,0.0,0.0,0.0,0.0,0.0,0.15594199,0.25000000499999997
190.62469749,0.16576060651304347,0.021896630714285714,31,0,0.0,0.0,0.0,0.0,0.0,0.17701,1.25
190.62469749,0.15885391457499998,0.021896630714285714,31,0,0.0,0.0,0.0,0.0,0.0,0.15261699,3.4
191.59307288999997,0.16660267207826085,0.021872089285714286,30,1,0.0,0.0,0.0,0.0,0.0,0.17561699,4.54999995
191.59307288999997,0.15966089407499998,0.021872089285714286,30,1,0.0,0.0,0.0,0.0,0.0,0.152656,1.4
191.59307288999997,0.15327445831199998,0.021872089285714286,30,1,0.0,0.0,0.0,0.0,0.0,0.144339,0.225
191.59307288999997,0.17417552080909088,0.021872089285714286,30,0,0.0,0.0,0.0,0.0,0.0,0.202933,0.32500000500000004
191.59307288999997,0.16660267207826085,0.021872089285714286,30,0,0.0,0.0,0.0,0.0,0.0,0.173319,0.999999995
190.56013912999998,0.16570446880869563,0.021673920714285713,29,1,0.0,0.0,0.0,0.0,0.0,0.186105,4.15
190.56013912999998,0.15880011594166665,0.021673920714285713,29,1,0.0,0.0,0.0,0.0,0.0,0.158861,1.2
190.56013912999998,0.16570446880869563,0.021673920714285713,29,0,0.0,0.0,0.0,0.0,0.0,0.17084099,1.125
187.10626687,0.16270110162608697,0.021619380714285718,28,1,0.0,0.0,0.0,0.0,0.0,0.196933,2.5500000500000004
187.10626687,0.15592188905833335,0.021619380714285718,28,1,0.0,0.0,0.0,0.0,0.0,0.180444,0.625
187.10626687,0.149685013496,0.021619380714285718,28,1,0.0,0.0,0.0,0.0,0.0,0.18479601,0.125000005
187.10626687,0.17009660624545456,0.021619380714285718,28,0,0.0,0.0,0.0,0.0,0.0,0.196476,0.75
187.10626687,0.16270110162608697,0.021619380714285718,28,0,0.0,0.0,0.0,0.0,0.0,0.16230901,2.1499999499999998
181.37915759999998,0.16489014327272725,0.020708562285714285,32,1,0.0,0.0,0.0,0.0,0.0,0.188319,3.6
181.37915759999998,0.15772100660869565,0.020708562285714285,32,1,0.0,0.0,0.0,0.0,0.0,0.166657,1.05
181.37915759999998,0.151149298,0.020708562285714285,32,1,0.0,0.0,0.0,0.0,0.0,0.16923299,0.225
181.37915759999998,0.14510332607999998,0.020708562285714285,32,1,0.0,0.0,0.0,0.0,0.0,0.18249001,0.05
181.37915759999998,0.13952242892307692,0.020708562285714285,32,1,0.0,0.0,0.0,0.0,0.0,0.21499901,0.0250000005
181.37915759999998,0.17274205485714283,0.020708562285714285,32,0,0.0,0.0,0.0,0.0,0.0,0.21725599,0.57499999
181.37915759999998,0.16489014327272725,0.020708562285714285,32,0,0.0,0.0,0.0,0.0,0.0,0.182909,1.525
181.37915759999998,0.15772100660869565,0.020708562285714285,32,0,0.0,0.0,0.0,0.0,0.0,0.167037,4.04999995
181.37915759999998,0.19608557578378377,0.020708562285714285,32,0,0.0,0.0,0.0,0.0,0.0,0.346118,0.125
184.55612943999998,0.16777829949090908,0.020832510857142855,31,1,0.0,0.0,0.0,0.0,0.0,0.19475301,5.0
184.55612943999998,0.16048359081739128,0.020832510857142855,31,1,0.0,0.0,0.0,0.0,0.0,0.172888,1.8250000000000002
184.55612943999998,0.15379677453333332,0.020832510857142855,31,1,0.0,0.0,0.0,0.0,0.0,0.149974,0.29999999499999996
184.55612943999998,0.147644903552,0.020832510857142855,31,1,0.0,0.0,0.0,0.0,0.0,0.17126,0.0750000005
184.55612943999998,0.1757677423238095,0.020832510857142855,31,0,0.0,0.0,0.0,0.0,0.0,0.223037,0.35000001000000003
184.55612943999998,0.16777829949090908,0.020832510857142855,31,0,0.0,0.0,0.0,0.0,0.0,0.182761,0.900000005
184.55612943999998,0.16048359081739128,0.020832510857142855,31,0,0.0,0.0,0.0,0.0,0.0,0.15172,2.57500005
184.55612943999998,0.15379677453333332,0.020832510857142855,31,0,0.0,0.0,0.0,0.0,0.0,0.15027399,6.3499999
185.31795431999998,0.16847086756363636,0.020677971714285714,30,1,0.0,0.0,0.0,0.0,0.0,0.20330299,5.35000015
185.31795431999998,0.1611460472347826,0.020677971714285714,30,1,0.0,0.0,0.0,0.0,0.0,0.160145,1.7999999999999998
185.31795431999998,0.15443162859999998,0.020677971714285714,30,1,0.0,0.0,0.0,0.0,0.0,0.148727,0.32499999999999996
185.31795431999998,0.148254363456,0.020677971714285714,30,1,0.0,0.0,0.0,0.0,0.0,0.157538,0.05
185.31795431999998,0.14255227255384614,0.020677971714285714,30,1,0.0,0.0,0.0,0.0,0.0,0.194406,0.0250000005
185.31795431999998,0.16847086756363636,0.020677971714285714,30,0,0.0,0.0,0.0,0.0,0.0,0.18250901,0.775000005
185.31795431999998,0.15443162859999998,0.020677971714285714,30,0,0.0,0.0,0.0,0.0,0.0,0.155164,6.0
185.96631592,0.17711077706666667,0.02061820085714286,29,1,0.0,0.0,0.0,0.0,0.0,0.25491199,10.1999999
185.96631592,0.1690602872,0.02061820085714286,29,1,0.0,0.0,0.0,0.0,0.0,0.19248199,5.54999995
185.96631592,0.16170983993043478,0.02061820085714286,29,1,0.0,0.0,0.0,0.0,0.0,0.158329,1.95
185.96631592,0.15497192993333334,0.02061820085714286,29,1,0.0,0.0,0.0,0.0,0.0,0.14281499,0.32499999999999996
185.96631592,0.148773052736,0.02061820085714286,29,1,0.0,0.0,0.0,0.0,0.0,0.154402,0.05
185.96631592,0.14305101224615385,0.02061820085714286,29,1,0.0,0.0,0.0,0.0,0.0,0.192551,0.0250000005
185.96631592,0.17711077706666667,0.02061820085714286,29,0,0.0,0.0,0.0,0.0,0.0,0.219335,0.22500000999999997
185.96631592,0.1690602872,0.02061820085714286,29,0,0.0,0.0,0.0,0.0,0.0,0.18181901,0.650000005
185.96631592,0.16170983993043478,0.02061820085714286,29,0,0.0,0.0,0.0,0.0,0.0,0.15695,2.125
186.85781312,0.17795982201904761,0.020493254000000002,28,1,0.0,0.0,0.0,0.0,0.0,0.28011501,10.899999999999999
186.85781312,0.1698707392,0.020493254000000002,28,1,0.0,0.0,0.0,0.0,0.0,0.216251,6.25
186.85781312,0.16248505488695653,0.020493254000000002,28,1,0.0,0.0,0.0,0.0,0.0,0.16809399,2.375
186.85781312,0.15571484426666668,0.020493254000000002,28,1,0.0,0.0,0.0,0.0,0.0,0.15110999,0.474999995
186.85781312,0.149486250496,0.020493254000000002,28,1,0.0,0.0,0.0,0.0,0.0,0.159034,0.075000005
186.85781312,0.17795982201904761,0.020493254000000002,28,0,0.0,0.0,0.0,0.0,0.0,0.227504,0.20000000499999998
186.85781312,0.1698707392,0.020493254000000002,28,0,0.0,0.0,0.0,0.0,0.0,0.183879,0.525000005
186.85781312,0.16248505488695653,0.020493254000000002,28,0,0.0,0.0,0.0,0.0,0.0,0.15230601,1.725
188.2679996,0.163711304,0.019179198333333335,32,1,0.0,0.0,0.0,0.0,0.0,0.202172,3.4499999499999996
188.2679996,0.15688999966666667,0.019179198333333335,32,1,0.0,0.0,0.0,0.0,0.0,0.188099,1.175
188.2679996,0.15061439968,0.019179198333333335,32,1,0.0,0.0,0.0,0.0,0.0,0.182676,0.274999995
188.2679996,0.17930285676190477,0.019179198333333335,32,0,0.0,0.0,0.0,0.0,0.0,0.257126,0.349999995
188.2679996,0.17115272690909092,0.019179198333333335,32,0,0.0,0.0,0.0,0.0,0.0,0.23012801,0.900000005
188.2679996,0.163711304,0.019179198333333335,32,0,0.0,0.0,0.0,0.0,0.0,0.206591,2.2250000500000002
188.2679996,0.163711304,0.01833764222222222,186,0,0.0,0.0,0.0,0.0,0.0,0.18004,5.3499999
187.4575476,0.17041595236363635,0.01913812,31,1,0.0,0.0,0.0,0.0,0.0,0.221371,6.70000005
187.4575476,0.16300656313043477,0.01913812,31,1,0.0,0.0,0.0,0.0,0.0,0.202389,3.15
187.4575476,0.156214623,0.01913812,31,1,0.0,0.0,0.0,0.0,0.0,0.182446,0.94999999
187.4575476,0.17041595236363635,0.01913812,31,0,0.0,0.0,0.0,0.0,0.0,0.21885,0.849999995
187.4575476,0.16300656313043477,0.01913812,31,0,0.0,0.0,0.0,0.0,0.0,0.19313601,2.1999999499999996
187.4575476,0.156214623,0.018525854126984126,185,1,0.0,0.0,0.0,0.0,0.0,0.173417,3.9
186.2418696,0.16931079054545456,0.019009749583333332,30,1,0.0,0.0,0.0,0.0,0.0,0.234162,6.20000005
186.2418696,0.16194945182608697,0.019009749583333332,30,1,0.0,0.0,0.0,0.0,0.0,0.2025,2.70000005
186.2418696,0.155201558,0.019009749583333332,30,1,0.0,0.0,0.0,0.0,0.0,0.183768,0.75
186.2418696,0.17737320914285715,0.019009749583333332,30,0,0.0,0.0,0.0,0.0,0.0,0.245401,0.349999995
186.2418696,0.16931079054545456,0.019009749583333332,30,0,0.0,0.0,0.0,0.0,0.0,0.218679,0.97499999
186.2418696,0.16194945182608697,0.019009749583333332,30,0,0.0,0.0,0.0,0.0,0.0,0.19247,2.5
186.2418696,0.16194945182608697,0.019171105142857144,93,1,0.0,0.0,0.0,0.0,0.0,0.178463,4.0999999
186.2418696,0.155201558,0.019171105142857144,93,1,0.0,0.0,0.0,0.0,0.0,0.167227,1.925
186.2418696,0.14899349568,0.019171105142857144,93,1,0.0,0.0,0.0,0.0,0.0,0.16205201,0.775000005
186.2418696,0.17737320914285715,0.019171105142857144,93,0,0.0,0.0,0.0,0.0,0.0,0.20689,1.225
186.2418696,0.16931079054545456,0.019171105142857144,93,0,0.0,0.0,0.0,0.0,0.0,0.186068,2.1999999499999996
186.2418696,0.155201558,0.018275633333333333,184,1,0.0,0.0,0.0,0.0,0.0,0.172501,3.5500000500000004
188.47871712,0.16389453662608697,0.0187116175,29,1,0.0,0.0,0.0,0.0,0.0,0.189083,3.25
188.47871712,0.1570655976,0.0187116175,29,1,0.0,0.0,0.0,0.0,0.0,0.173291,0.94999999
188.47871712,0.150782973696,0.0187116175,29,1,0.0,0.0,0.0,0.0,0.0,0.17475399,0.20000000499999998
188.47871712,0.2094207968,0.0187116175,29,1,0.0,0.0,0.0,0.0,0.0,-99.989998,26.4000005
188.47871712,0.17134428829090909,0.0187116175,29,0,0.0,0.0,0.0,0.0,0.0,0.216269,0.650000005
188.47871712,0.16389453662608697,0.0187116175,29,0,0.0,0.0,0.0,0.0,0.0,0.18856999,1.8
188.47871712,0.1570655976,0.0187116175,29,0,0.0,0.0,0.0,0.0,0.0,0.161973,4.39999985
188.47871712,0.18847871712,0.019139668571428573,92,1,0.0,0.0,0.0,0.0,0.0,0.20861501,16.8
188.47871712,0.16389453662608697,0.019139668571428573,92,1,0.0,0.0,0.0,0.0,0.0,0.170638,4.6500001
188.47871712,0.1570655976,0.019139668571428573,92,1,0.0,0.0,0.0,0.0,0.0,0.15891001,2.1999999499999996
188.47871712,0.150782973696,0.019139668571428573,92,1,0.0,0.0,0.0,0.0,0.0,0.15193699,0.849999995
188.47871712,0.18847871712,0.019139668571428573,92,0,0.0,0.0,0.0,0.0,0.0,0.22670899,0.525000005
188.47871712,0.17134428829090909,0.019139668571428573,92,0,0.0,0.0,0.0,0.0,0.0,0.185256,1.775
189.72681319999998,0.17247892109090907,0.018741091249999998,28,1,0.0,0.0,0.0,0.0,0.0,0.241264,7.9000001
189.72681319999998,0.16497983756521736,0.018741091249999998,28,1,0.0,0.0,0.0,0.0,0.0,0.206588,3.9
189.72681319999998,0.15810567766666664,0.018741091249999998,28,1,0.0,0.0,0.0,0.0,0.0,0.18447199,1.275
189.72681319999998,0.15178145055999998,0.018741091249999998,28,1,0.0,0.0,0.0,0.0,0.0,0.174601,0.25000000499999997
189.72681319999998,0.14594370246153845,0.018741091249999998,28,1,0.0,0.0,0.0,0.0,0.0,0.184531,0.05
189.72681319999998,0.18069220304761904,0.018741091249999998,28,0,0.0,0.0,0.0,0.0,0.0,0.26152,0.22500000999999997
189.72681319999998,0.17247892109090907,0.018741091249999998,28,0,0.0,0.0,0.0,0.0,0.0,0.229256,0.599999995
189.72681319999998,0.16497983756521736,0.018741091249999998,28,0,0.0,0.0,0.0,0.0,0.0,0.19910499,1.6
189.72681319999998,0.18069220304761904,0.018927122,91,1,0.0,0.0,0.0,0.0,0.0,0.218669,13.15
189.72681319999998,0.17247892109090907,0.018927122,91,1,0.0,0.0,0.0,0.0,0.0,0.197574,8.9000001
189.72681319999998,0.16497983756521736,0.018927122,91,1,0.0,0.0,0.0,0.0,0.0,0.18270899,5.3499999
189.72681319999998,0.15810567766666664,0.018927122,91,1,0.0,0.0,0.0,0.0,0.0,0.16807801,2.67499995
189.72681319999998,0.15178145055999998,0.018927122,91,1,0.0,0.0,0.0,0.0,0.0,0.157372,1.0750000000000002
189.72681319999998,0.18972681319999998,0.018927122,91,0,0.0,0.0,0.0,0.0,0.0,0.232134,0.5
189.72681319999998,0.17247892109090907,0.018927122,91,0,0.0,0.0,0.0,0.0,0.0,0.188446,1.625
189.72681319999998,0.16497983756521736,0.018927122,91,0,0.0,0.0,0.0,0.0,0.0,0.175015,3.1
189.72681319999998,0.16497983756521736,0.018042584761904762,182,1,0.0,0.0,0.0,0.0,0.0,0.18218,7.04999995
189.72681319999998,0.15178145055999998,0.018042584761904762,182,1,0.0,0.0,0.0,0.0,0.0,0.16433699,2.5
189.72681319999998,0.15810567766666664,0.018042584761904762,182,0,0.0,0.0,0.0,0.0,0.0,0.162973,7.04999995
190.08341208,0.15206672966399998,0.018086328412698412,179,1,0.0,0.0,0.0,0.0,0.0,0.16345499,2.5
190.08341208,0.19008341207999999,0.018086328412698412,179,0,0.0,0.0,0.0,0.0,0.0,0.214458,1.2000000000000002
190.08341208,0.16528992354782607,0.018086328412698412,179,0,0.0,0.0,0.0,0.0,0.0,0.174483,4.5999999
189.51609567999998,0.16479660493913043,0.018046315238095238,178,1,0.0,0.0,0.0,0.0,0.0,0.179847,6.79999995
189.51609567999998,0.1579300797333333,0.018046315238095238,178,1,0.0,0.0,0.0,0.0,0.0,0.165892,4.04999995
189.51609567999998,0.18951609567999997,0.018046315238095238,178,0,0.0,0.0,0.0,0.0,0.0,0.211996,1.2000000000000002
183.76188648,0.15979294476521738,0.01809281238095238,177,1,0.0,0.0,0.0,0.0,0.0,0.17304701,4.70000005
183.76188648,0.1531349054,0.01809281238095238,177,1,0.0,0.0,0.0,0.0,0.0,0.165537,2.675
183.76188648,0.147009509184,0.01809281238095238,177,1,0.0,0.0,0.0,0.0,0.0,0.16091,1.4
183.76188648,0.1361199159111111,0.01809281238095238,177,1,0.0,0.0,0.0,0.0,0.0,0.160851,0.35000001000000003
183.76188648,0.18376188648,0.01809281238095238,177,0,0.0,0.0,0.0,0.0,0.0,0.20557299,1.6
183.76188648,0.17501132045714285,0.01809281238095238,177,0,0.0,0.0,0.0,0.0,0.0,0.19102199,2.5500000500000004
183.76188648,0.19343356471578946,0.01809281238095238,177,0,0.0,0.0,0.0,0.0,0.0,0.21798401,0.94999999
182.1896096,0.16562691781818184,0.017519517857142855,32,1,0.0,0.0,0.0,0.0,0.0,0.16094901,3.3000000500000004
182.1896096,0.15842574747826088,0.017519517857142855,32,1,0.0,0.0,0.0,0.0,0.0,0.14281701,0.75
182.1896096,0.1518246746666667,0.017519517857142855,32,1,0.0,0.0,0.0,0.0,0.0,0.150089,0.125000005
182.1896096,0.18218960960000002,0.017519517857142855,32,0,0.0,0.0,0.0,0.0,0.0,0.24427,0.20000000499999998
182.1896096,0.17351391390476192,0.017519517857142855,32,0,0.0,0.0,0.0,0.0,0.0,0.197431,0.45000000500000004
182.1896096,0.16562691781818184,0.017519517857142855,32,0,0.0,0.0,0.0,0.0,0.0,0.160243,1.3
182.40032712,0.16581847919999998,0.017442666428571427,31,1,0.0,0.0,0.0,0.0,0.0,0.156351,3.4
182.40032712,0.15860898010434782,0.017442666428571427,31,1,0.0,0.0,0.0,0.0,0.0,0.139992,0.775000005
182.40032712,0.15200027259999999,0.017442666428571427,31,1,0.0,0.0,0.0,0.0,0.0,0.14120799,0.10000000549999999
182.40032712,0.14592026169599998,0.017442666428571427,31,1,0.0,0.0,0.0,0.0,0.0,0.183663,0.05
182.40032712,0.18240032711999998,0.017442666428571427,31,0,0.0,0.0,0.0,0.0,0.0,0.237875,0.15000000000000002
182.40032712,0.17371459725714283,0.017442666428571427,31,0,0.0,0.0,0.0,0.0,0.0,0.19089,0.35000001000000003
182.40032712,0.16581847919999998,0.017442666428571427,31,0,0.0,0.0,0.0,0.0,0.0,0.15839501,1.15
182.40032712,0.21458862014117647,0.017442666428571427,31,0,0.0,0.0,0.0,0.0,0.0,0.38686001,0.0250000005
182.46516327999998,0.16587742116363635,0.01733480142857143,30,1,0.0,0.0,0.0,0.0,0.0,0.16083901,3.35
182.46516327999998,0.15866535937391302,0.01733480142857143,30,1,0.0,0.0,0.0,0.0,0.0,0.14588401,0.775000005
182.46516327999998,0.18246516327999998,0.01733480142857143,30,0,0.0,0.0,0.0,0.0,0.0,0.23966099,0.15000000000000002
182.46516327999998,0.17377634598095237,0.01733480142857143,30,0,0.0,0.0,0.0,0.0,0.0,0.19539,0.375
182.46516327999998,0.16587742116363635,0.01733480142857143,30,0,0.0,0.0,0.0,0.0,0.0,0.16134401,1.2
180.26073383999997,0.16387339439999998,0.017219765,29,1,0.0,0.0,0.0,0.0,0.0,0.154333,2.42499995
180.26073383999997,0.15674846420869562,0.017219765,29,1,0.0,0.0,0.0,0.0,0.0,0.143905,0.45000000500000004
180.26073383999997,0.15021727819999997,0.017219765,29,1,0.0,0.0,0.0,0.0,0.0,0.15790799,0.0750000005
180.26073383999997,0.16387339439999998,0.017219765,29,0,0.0,0.0,0.0,0.0,0.0,0.157052,1.575
180.26073383999997,0.15674846420869562,0.017219765,29,0,0.0,0.0,0.0,0.0,0.0,0.14313801,4.6500001
179.54753608,0.16322503279999998,0.017142075714285714,28,1,0.0,0.0,0.0,0.0,0.0,0.15598001,2.1499999499999998
179.54753608,0.15612829224347824,0.017142075714285714,28,1,0.0,0.0,0.0,0.0,0.0,0.13636801,0.29999999499999996
179.54753608,0.14962294673333332,0.017142075714285714,28,1,0.0,0.0,0.0,0.0,0.0,0.15604401,0.05
179.54753608,0.14363802886399998,0.017142075714285714,28,1,0.0,0.0,0.0,0.0,0.0,0.217436,0.05
179.54753608,0.13811348929230768,0.017142075714285714,28,1,0.0,0.0,0.0,0.0,0.0,0.273972,0.05
179.54753608,0.1709976534095238,0.017142075714285714,28,0,0.0,0.0,0.0,0.0,0.0,0.187186,0.5
179.54753608,0.16322503279999998,0.017142075714285714,28,0,0.0,0.0,0.0,0.0,0.0,0.15194,1.675
182.42483471,0.17373793781904762,0.017632764285714288,32,1,0.0,0.0,0.0,0.0,0.0,0.19018701,7.54999995
182.42483471,0.16584075882727273,0.017632764285714288,32,1,0.0,0.0,0.0,0.0,0.0,0.153522,3.3000000500000004
182.42483471,0.1586302910521739,0.017632764285714288,32,1,0.0,0.0,0.0,0.0,0.0,0.130915,0.69999999
182.42483471,0.15202069559166667,0.017632764285714288,32,1,0.0,0.0,0.0,0.0,0.0,0.144862,0.125000005
182.42483471,0.2146174526,0.017632764285714288,32,1,0.0,0.0,0.0,0.0,0.0,0.48342699,27.3
182.42483471,0.17373793781904762,0.017632764285714288,32,0,0.0,0.0,0.0,0.0,0.0,0.188803,0.35000001000000003
182.42483471,0.16584075882727273,0.017632764285714288,32,0,0.0,0.0,0.0,0.0,0.0,0.14887001,1.05
183.93920672,0.16721746065454543,0.01774145914285714,31,1,0.0,0.0,0.0,0.0,0.0,0.16009,4.0
183.93920672,0.15994713627826085,0.01774145914285714,31,1,0.0,0.0,0.0,0.0,0.0,0.134418,0.999999995
183.93920672,0.15328267226666667,0.01774145914285714,31,1,0.0,0.0,0.0,0.0,0.0,0.132778,0.125000005
183.93920672,0.18393920672,0.01774145914285714,31,0,0.0,0.0,0.0,0.0,0.0,0.25200599,0.15000000000000002
183.93920672,0.17518019687619046,0.01774145914285714,31,0,0.0,0.0,0.0,0.0,0.0,0.190257,0.25000000499999997
183.93920672,0.16721746065454543,0.01774145914285714,31,0,0.0,0.0,0.0,0.0,0.0,0.152816,0.80000001
183.93920672,0.15994713627826085,0.01774145914285714,31,0,0.0,0.0,0.0,0.0,0.0,0.12691499,2.8000000500000004
183.93920672,0.20437689635555553,0.01774145914285714,31,0,0.0,0.0,0.0,0.0,0.0,0.355616,0.05
183.32043106,0.16665493732727274,0.017683376,30,1,0.0,0.0,0.0,0.0,0.0,0.160779,3.6999999499999996
183.32043106,0.15940907048695652,0.017683376,30,1,0.0,0.0,0.0,0.0,0.0,0.13682,0.875
183.32043106,0.15276702588333332,0.017683376,30,1,0.0,0.0,0.0,0.0,0.0,0.141093,0.125000005
183.32043106,0.18332043106,0.017683376,30,0,0.0,0.0,0.0,0.0,0.0,0.241817,0.125000005
183.32043106,0.17459088672380954,0.017683376,30,0,0.0,0.0,0.0,0.0,0.0,0.200543,0.32500000500000004
183.32043106,0.16665493732727274,0.017683376,30,0,0.0,0.0,0.0,0.0,0.0,0.15033001,0.849999995
183.32043106,0.15940907048695652,0.017683376,30,0,0.0,0.0,0.0,0.0,0.0,0.129898,3.075
183.15759536000002,0.1665069048727273,0.017771619714285713,29,1,0.0,0.0,0.0,0.0,0.0,0.16648,3.6
183.15759536000002,0.15926747422608697,0.017771619714285713,29,1,0.0,0.0,0.0,0.0,0.0,0.137575,0.80000001
183.15759536000002,0.1526313294666667,0.017771619714285713,29,1,0.0,0.0,0.0,0.0,0.0,0.14653499,0.125000005
183.15759536000002,0.2154795239529412,0.017771619714285713,29,1,0.0,0.0,0.0,0.0,0.0,0.60073203,27.8499995
183.15759536000002,0.1665069048727273,0.017771619714285713,29,0,0.0,0.0,0.0,0.0,0.0,0.15047599,0.875
183.15759536000002,0.15926747422608697,0.017771619714285713,29,0,0.0,0.0,0.0,0.0,0.0,0.123343,3.1
184.26487812,0.1602303288,0.01764557085714286,28,1,0.0,0.0,0.0,0.0,0.0,0.15055101,0.94999999
184.26487812,0.1535540651,0.01764557085714286,28,1,0.0,0.0,0.0,0.0,0.0,0.147944,0.125000005
184.26487812,0.1754903601142857,0.01764557085714286,28,0,0.0,0.0,0.0,0.0,0.0,0.180429,0.20000000499999998
184.26487812,0.16751352556363636,0.01764557085714286,28,0,0.0,0.0,0.0,0.0,0.0,0.13257,0.650000005
184.26487812,0.1602303288,0.01764557085714286,28,0,0.0,0.0,0.0,0.0,0.0,0.069099002,2.5500000500000004
