,mean,corr,ninety_fifth,ninety_ninth,min,max
0,0.04297056245721049,0.35097056869067145,0.07319514751434325,0.07793342232704162,0.02306007593870163,0.07911799103021622
