,mean,corr,ninety_fifth,ninety_ninth,min,max
0,0.0003443000726595831,0.995969291853778,0.0011400368122849597,0.0019152989995200168,8.873587648849934e-05,0.002109114546328783
