,mean,corr,ninety_fifth,ninety_ninth,min,max
0,0.04395716176885697,0.4407636442306346,0.07515654042363164,0.08955429211258885,0.0117069436237216,0.09315373003482819
