,mean,corr,ninety_fifth,ninety_ninth,min,max
0,0.0006094119226973918,0.993642292506328,0.001602231175638735,0.0016697646351531146,0.0001262639561900869,0.0016866480000317097
