,mean,corr,ninety_fifth,ninety_ninth,min,max
0,0.0006615766841504308,0.9931726125059099,0.0013546360016334796,0.0015936187154147769,0.00015677721239626408,0.0016533643938601017
