,mean,corr,ninety_fifth,ninety_ninth,min,max
0,0.0011881754060076284,0.9862031229468456,0.0028940407093614334,0.004363812953233712,0.0001193640346173197,0.005828144960105419
