,mean,corr,ninety_fifth,ninety_ninth,min,max
0,3.73637787691093e-05,0.9994447960785896,7.813093325239606e-05,9.125430617132223e-05,1.0113003554579336e-05,9.453514940105379e-05
