,mean,corr,ninety_fifth,ninety_ninth,min,max
0,0.0002763058364507742,0.9958426230085063,0.00039154545665951444,0.00040255009342217814,0.00015897545381449163,0.0004053012526128441
