,mean,corr,ninety_fifth,ninety_ninth,min,max
0,2.1225037081811543e-05,0.9996816969584313,3.397467444301583e-05,3.453501805779524e-05,6.698417564621195e-06,3.4675103961490095e-05
