S0,m,r,T,corp,alpha,beta,omega,gamma,lambda,sigma,V
188.5625805,0.3142709675,0.016871812197802198,368,1,0.0,0.0,0.0,0.0,0.0,0.20654,4.5749998
188.5625805,0.34284105545454546,0.016871812197802198,368,0,0.0,0.0,0.0,0.0,0.0,0.214228,3.0149999999999997
189.38655143999998,0.8417180063999999,0.016851285494505496,367,0,0.0,0.0,0.0,0.0,0.0,0.45143899,0.090000005
189.38655143999998,0.7575462057599999,0.016851285494505496,367,0,0.0,0.0,0.0,0.0,0.0,0.40258399,0.085
188.8794924,0.314799154,0.016857384615384614,366,1,0.0,0.0,0.0,0.0,0.0,0.203896,4.54999995
188.8794924,0.3434172589090909,0.016857384615384614,366,0,0.0,0.0,0.0,0.0,0.0,0.213406,2.9550000499999998
191.00280213,0.31833800354999997,0.016848126043956045,365,1,0.0,0.0,0.0,0.0,0.0,0.19737799,4.75
191.00280213,0.34727782205454544,0.016848126043956045,365,0,0.0,0.0,0.0,0.0,0.0,0.210775,2.68500005
191.00280213,0.31833800354999997,0.016848126043956045,365,0,0.0,0.0,0.0,0.0,0.0,0.195362,4.60000015
194.01346518,0.35275175487272725,0.01692361021978022,364,0,0.0,0.0,0.0,0.0,0.0,0.210087,2.39
191.70000831,0.33631580405263156,0.016758222857142856,31,1,0.0,0.0,0.0,0.0,0.0,0.227863,3.95000005
191.70000831,0.31685951786776856,0.016758222857142856,31,1,0.0,0.0,0.0,0.0,0.0,0.189538,1.37
191.70000831,0.314262308704918,0.016758222857142856,31,1,0.0,0.0,0.0,0.0,0.0,0.187949,1.125
191.70000831,0.2904545580454545,0.016758222857142856,31,1,0.0,0.0,0.0,0.0,0.0,0.186988,0.08500000099999999
191.70000831,0.35500001538888887,0.016758222857142856,31,0,0.0,0.0,0.0,0.0,0.0,0.276714,0.160000005
191.70000831,0.31950001385,0.016758222857142856,31,0,0.0,0.0,0.0,0.0,0.0,0.19201399,1.08000005
191.70000831,0.31685951786776856,0.016758222857142856,31,0,0.0,0.0,0.0,0.0,0.0,0.18955199,1.2999999500000001
191.70000831,0.314262308704918,0.016758222857142856,31,0,0.0,0.0,0.0,0.0,0.0,0.18642201,1.54499995
189.83022809999997,0.31638371349999994,0.016714724285714286,30,1,0.0,0.0,0.0,0.0,0.0,0.202828,1.365
189.83022809999997,0.30372836495999994,0.016714724285714286,30,1,0.0,0.0,0.0,0.0,0.0,0.191735,0.435000005
189.83022809999997,0.2920465047692307,0.016714724285714286,30,1,0.0,0.0,0.0,0.0,0.0,0.200718,0.130000005
186.37588839,0.3241319798086956,0.016692569285714286,29,1,0.0,0.0,0.0,0.0,0.0,0.23930401,2.2749999499999998
186.37588839,0.3185912622051282,0.016692569285714286,29,1,0.0,0.0,0.0,0.0,0.0,0.230773,1.655
186.37588839,0.31062648065,0.016692569285714286,29,1,0.0,0.0,0.0,0.0,0.0,0.225392,0.965000005
186.37588839,0.30553424326229506,0.016692569285714286,29,1,0.0,0.0,0.0,0.0,0.0,0.218688,0.61499998
186.37588839,0.41416864086666666,0.016692569285714286,29,0,0.0,0.0,0.0,0.0,0.0,0.462378,0.05
186.37588839,0.3388652516181818,0.016692569285714286,29,0,0.0,0.0,0.0,0.0,0.0,0.245212,0.355000005
186.37588839,0.31062648065,0.016692569285714286,29,0,0.0,0.0,0.0,0.0,0.0,0.211274,2.115
186.37588839,0.3030502250243902,0.016692569285714286,29,0,0.0,0.0,0.0,0.0,0.0,0.21233,3.1999999499999996
186.91463861999998,0.3337761403928571,0.016642117857142858,28,1,0.0,0.0,0.0,0.0,0.0,0.25977999,3.6000000500000002
186.91463861999998,0.30392624165853654,0.016642117857142858,28,1,0.0,0.0,0.0,0.0,0.0,0.227733,0.594999995
186.91463861999998,0.3279204186315789,0.016642117857142858,28,0,0.0,0.0,0.0,0.0,0.0,0.250471,0.784999995
186.91463861999998,0.2966899025714285,0.016642117857142858,28,0,0.0,0.0,0.0,0.0,0.0,0.23602401,4.29999995
185.45684388,0.3341564754594595,0.016559847142857142,30,0,0.0,0.0,0.0,0.0,0.0,0.247005,0.580000015
185.45684388,0.3311729355,0.016559847142857142,30,0,0.0,0.0,0.0,0.0,0.0,0.241074,0.685
188.62596288,0.33683207657142855,0.016598347857142856,29,0,0.0,0.0,0.0,0.0,0.0,0.25481701,0.5
188.62596288,0.33092274189473686,0.016598347857142856,29,0,0.0,0.0,0.0,0.0,0.0,0.240916,0.685
187.86537432,0.31574012490756304,0.016615400714285716,28,0,0.0,0.0,0.0,0.0,0.0,0.22592799,1.745
187.86537432,0.3131089572,0.016615400714285716,28,0,0.0,0.0,0.0,0.0,0.0,0.24072801,2.13500005
190.59081666,0.32303528247457625,0.016695482857142854,32,1,0.0,0.0,0.0,0.0,0.0,0.220633,2.15999995
190.59081666,0.30740454300000003,0.016695482857142854,32,1,0.0,0.0,0.0,0.0,0.0,0.215304,0.76000002
190.59081666,0.33146228984347825,0.016695482857142854,32,0,0.0,0.0,0.0,0.0,0.0,0.23373801,0.694999995
182.92154867999997,0.31003652318644065,0.016732907142857145,31,1,0.0,0.0,0.0,0.0,0.0,0.173778,0.599999995
188.27735979,0.3303111575263158,0.01669823857142857,30,0,0.0,0.0,0.0,0.0,0.0,0.18652099,0.449999985
188.94287477999998,0.32024216064406774,0.016651697142857143,29,1,0.0,0.0,0.0,0.0,0.0,0.185873,1.45999995
189.54500739,0.3212627243898305,0.016597098571428572,28,1,0.0,0.0,0.0,0.0,0.0,0.185772,1.525
186.66110909999998,0.37332221819999994,0.016727833333333334,30,0,0.0,0.0,0.0,0.0,0.0,0.31836501,0.0799999995
187.73860956,0.3077682123934426,0.01680412,29,1,0.0,0.0,0.0,0.0,0.0,0.15567701,0.335000005
187.73860956,0.29799779295238094,0.01680412,29,1,0.0,0.0,0.0,0.0,0.0,0.167868,0.105000002
187.73860956,0.31820103315254233,0.01680412,29,0,0.0,0.0,0.0,0.0,0.0,0.159532,1.085
185.48853506999998,0.3372518819454545,0.01668964785714286,31,1,0.0,0.0,0.0,0.0,0.0,0.20469999,3.6750000500000004
185.48853506999998,0.30914755844999997,0.01668964785714286,31,1,0.0,0.0,0.0,0.0,0.0,0.15648,0.420000005
185.48853506999998,0.46372133767499996,0.01668964785714286,31,0,0.0,0.0,0.0,0.0,0.0,0.53582501,0.0199999995
184.09412271,0.36818824542,0.016595747142857144,30,1,0.0,0.0,0.0,0.0,0.0,0.36844501,8.1999998
184.09412271,0.30682353785,0.016595747142857144,30,1,0.0,0.0,0.0,0.0,0.0,0.154659,0.29999999499999996
184.09412271,0.30682353785,0.016595747142857144,30,0,0.0,0.0,0.0,0.0,0.0,0.14005999,2.4050001
184.06243152,0.36812486303999997,0.016471465,29,1,0.0,0.0,0.0,0.0,0.0,0.34733999,8.1500001
184.06243152,0.3067707192,0.016471465,29,1,0.0,0.0,0.0,0.0,0.0,0.153622,0.28
184.06243152,0.3346589664,0.016471465,29,0,0.0,0.0,0.0,0.0,0.0,0.20569,0.350000005
183.96735794999998,0.3344861053636363,0.01642610214285714,28,1,0.0,0.0,0.0,0.0,0.0,0.222179,3.275
183.96735794999998,0.30661226324999996,0.01642610214285714,28,1,0.0,0.0,0.0,0.0,0.0,0.166527,0.32000000500000003
175.15720713,0.30462122979130435,0.016189528571428573,31,1,0.0,0.0,0.0,0.0,0.0,0.237096,0.61500001
175.15720713,0.29941402928205124,0.016189528571428573,31,1,0.0,0.0,0.0,0.0,0.0,0.27704301,0.5900000000000001
175.15720713,0.2968766222542373,0.016189528571428573,31,1,0.0,0.0,0.0,0.0,0.0,0.236881,0.319999995
175.15720713,0.3304852964716981,0.016189528571428573,31,0,0.0,0.0,0.0,0.0,0.0,0.26581201,0.850000015
175.15720713,0.31278072701785714,0.016189528571428573,31,0,0.0,0.0,0.0,0.0,0.0,0.239006,2.08500005
164.66742324,0.31069325139622644,0.01591081142857143,29,0,0.0,0.0,0.0,0.0,0.0,0.31356901,2.57000005
164.66742324,0.2940489700714286,0.01591081142857143,29,0,0.0,0.0,0.0,0.0,0.0,0.256026,4.5749998
164.9095063,0.3298190126,0.010433762857142856,29,0,0.0,0.0,0.0,0.0,0.0,0.48441401,2.0150000500000003
106.8562565,0.19428410272727273,0.006210575142857143,32,1,0.0,0.0,0.0,0.0,0.0,1.079218,0.354999995
106.8562565,0.427425026,0.006210575142857143,32,0,0.0,0.0,0.0,0.0,0.0,1.4392689,1.7750000049999999
106.8562565,0.16439424076923076,0.004751302197802198,186,1,0.0,0.0,0.0,0.0,0.0,0.78152901,1.3749999499999999
106.8562565,0.3561875216666667,0.004751302197802198,186,0,0.0,0.0,0.0,0.0,0.0,0.76016498,5.3499999
106.8562565,0.30530359,0.004751302197802198,186,0,0.0,0.0,0.0,0.0,0.0,0.60922903,6.92499995
106.25020609,0.3035720174,0.007541757714285715,31,0,0.0,0.0,0.0,0.0,0.0,1.024122,5.07500005
106.25020609,0.17708367681666667,0.005802313956043955,185,1,0.0,0.0,0.0,0.0,0.0,0.729922,1.31499995
106.25020609,0.16346185552307693,0.005802313956043955,185,1,0.0,0.0,0.0,0.0,0.0,0.63433498,0.55
83.73064875,0.3721362166666667,0.007875340571428571,30,0,0.0,0.0,0.0,0.0,0.0,1.580449,2.764999985
83.73064875,0.334922595,0.007875340571428571,30,0,0.0,0.0,0.0,0.0,0.0,1.7477781,4.5000001
83.73064875,0.27910216250000003,0.007875340571428571,30,0,0.0,0.0,0.0,0.0,0.0,1.302093,6.3499999
83.73064875,0.15223754318181817,0.007875340571428571,30,0,0.0,0.0,0.0,0.0,0.0,1.7535,29.4000005
83.73064875,0.239230425,0.007645117857142858,93,1,0.0,0.0,0.0,0.0,0.0,0.99526101,2.565000105
83.73064875,0.47846085,0.006404251098901099,184,0,0.0,0.0,0.0,0.0,0.0,0.89272499,2.25499999
83.73064875,0.334922595,0.006404251098901099,184,0,0.0,0.0,0.0,0.0,0.0,0.900545,6.1500001
106.92005128000001,0.3054858608,0.008987177142857142,92,1,0.0,0.0,0.0,0.0,0.0,0.93473601,5.2249999
106.92005128000001,0.35640017093333337,0.008987177142857142,92,0,0.0,0.0,0.0,0.0,0.0,1.091958,5.54999995
106.92005128000001,0.3054858608,0.007542150000000001,183,0,0.0,0.0,0.0,0.0,0.0,0.84996003,9.275
99.74313853,0.249357846325,0.006423078571428571,182,1,0.0,0.0,0.0,0.0,0.0,0.73194802,3.5249999
99.74313853,0.2849803958,0.006423078571428571,182,0,0.0,0.0,0.0,0.0,0.0,0.62170398,8.0749998
97.95688469,0.21768196597777778,0.006215936813186813,179,1,0.0,0.0,0.0,0.0,0.0,0.81853598,2.99499995
97.95688469,0.1781034267090909,0.006215936813186813,179,1,0.0,0.0,0.0,0.0,0.0,0.81742197,1.7400000000000002
97.95688469,0.43536393195555556,0.006215936813186813,179,0,0.0,0.0,0.0,0.0,0.0,0.89938301,3.3349998999999997
97.95688469,0.32652294896666667,0.006215936813186813,179,0,0.0,0.0,0.0,0.0,0.0,0.82563102,6.75
130.55601726999998,0.43518672423333327,0.008413833333333334,32,0,0.0,0.0,0.0,0.0,0.0,0.95822102,0.685
131.51293897,0.8767529264666666,0.0081298675,31,0,0.0,0.0,0.0,0.0,0.0,1.940358,0.20000000499999998
131.51293897,0.7515025084,0.0081298675,31,0,0.0,0.0,0.0,0.0,0.0,1.975384,0.449999995
123.53859146999999,0.308846478675,0.007609390000000001,30,1,0.0,0.0,0.0,0.0,0.0,0.61092401,2.15499995
123.53859146999999,0.27453020326666666,0.007609390000000001,30,1,0.0,0.0,0.0,0.0,0.0,0.54220903,0.575000015
123.53859146999999,0.8235906097999999,0.007609390000000001,30,0,0.0,0.0,0.0,0.0,0.0,2.250926,0.47
119.36003338,0.29840008345,0.007055300869565217,29,1,0.0,0.0,0.0,0.0,0.0,0.61727798,1.59500005
119.36003338,0.26524451862222226,0.007055300869565217,29,1,0.0,0.0,0.0,0.0,0.0,0.53139597,0.324999995
127.62145738999999,0.2836032386444444,0.006385204782608695,28,1,0.0,0.0,0.0,0.0,0.0,0.42144901,0.41000000000000003
117.25480563999999,0.28598733082926825,0.005796794285714285,31,1,0.0,0.0,0.0,0.0,0.0,0.719504,1.5399999400000002
114.95819356,0.32382589735211265,0.0038410028571428567,28,0,0.0,0.0,0.0,0.0,0.0,0.65079099,2.3050000500000003
125.48433226,0.32175469810256413,0.00323384,31,0,0.0,0.0,0.0,0.0,0.0,0.51111501,2.375
125.48433226,0.3098378574320988,0.00323384,31,0,0.0,0.0,0.0,0.0,0.0,0.478962,3.115
131.25775984999999,0.35002069293333327,0.002985870357142857,30,0,0.0,0.0,0.0,0.0,0.0,0.70559901,1.78
112.43829975,0.32125228499999997,0.0017631514285714287,32,1,0.0,0.0,0.0,0.0,0.0,0.509615,2.08
112.43829975,0.299835466,0.0017631514285714287,32,1,0.0,0.0,0.0,0.0,0.0,0.486963,1.0450000099999999
112.43829975,0.24986288833333334,0.0017631514285714287,32,1,0.0,0.0,0.0,0.0,0.0,0.48625001,0.0900000045
112.43829975,0.3747943325,0.0017631514285714287,32,0,0.0,0.0,0.0,0.0,0.0,0.62478101,0.69
109.53563726,0.43814254904,0.0017111128571428572,31,0,0.0,0.0,0.0,0.0,0.0,0.72695398,0.200000005
109.53563726,0.3911987045,0.0017111128571428572,31,0,0.0,0.0,0.0,0.0,0.0,0.61313999,0.3849999949
109.53563726,0.31295896360000003,0.0017111128571428572,31,0,0.0,0.0,0.0,0.0,0.0,0.48924199,2.49
109.53563726,0.21907127452,0.0017111128571428572,31,0,0.0,0.0,0.0,0.0,0.0,-99.989998,14.825
111.67276238999999,0.29387569049999995,0.0016877557142857143,30,1,0.0,0.0,0.0,0.0,0.0,0.493011,0.780000005
111.67276238999999,0.44669104955999994,0.0016877557142857143,30,0,0.0,0.0,0.0,0.0,0.0,0.72078699,0.150000005
111.67276238999999,0.37224254129999995,0.0016877557142857143,30,0,0.0,0.0,0.0,0.0,0.0,0.60535502,0.64499998
118.37121429,0.31565657144,0.0016333085714285713,29,1,0.0,0.0,0.0,0.0,0.0,0.47415099,1.63
118.37121429,0.30745769945454543,0.0016333085714285713,29,1,0.0,0.0,0.0,0.0,0.0,0.46495301,1.21500005
118.37121429,0.30351593407692307,0.0016333085714285713,29,1,0.0,0.0,0.0,0.0,0.0,0.454633,1.01500001
117.98844561,0.32325601536986304,0.0016504757142857143,28,1,0.0,0.0,0.0,0.0,0.0,0.46010801,1.9499999999999997
117.98844561,0.3025344759230769,0.0016504757142857143,28,1,0.0,0.0,0.0,0.0,0.0,0.43099001,0.8700000050000001
117.98844561,0.32774568225,0.0016504757142857143,28,0,0.0,0.0,0.0,0.0,0.0,0.46631601,1.5550000000000002
125.03752131,0.39074225409375,0.0019582875,31,0,0.0,0.0,0.0,0.0,0.0,0.59259599,0.39500001
125.03752131,0.3572500608857143,0.0019582875,31,0,0.0,0.0,0.0,0.0,0.0,0.52693099,0.830000015
142.44047964,0.31653439920000004,0.0019930292857142855,28,1,0.0,0.0,0.0,0.0,0.0,0.39888799,1.58
144.69224874,0.34450535414285716,0.0019309375000000001,31,0,0.0,0.0,0.0,0.0,0.0,0.52522999,1.43
138.0012777,0.3285744707142857,0.0019313099999999999,30,1,0.0,0.0,0.0,0.0,0.0,0.52174902,2.9850000000000003
125.74522017000001,0.330908474131579,0.0018378699999999997,29,0,0.0,0.0,0.0,0.0,0.0,0.57266498,1.97
125.74522017000001,0.3266109614805195,0.0018378699999999997,29,0,0.0,0.0,0.0,0.0,0.0,0.55786902,2.14500005
125.74522017000001,0.3104820251111111,0.0018378699999999997,29,0,0.0,0.0,0.0,0.0,0.0,0.52367598,3.1100000000000003
131.43897918000002,0.37553994051428574,0.00293804967032967,186,0,0.0,0.0,0.0,0.0,0.0,0.52063799,3.29500005
133.46557137000002,0.33366392842500003,0.001949581142857143,31,1,0.0,0.0,0.0,0.0,0.0,0.55474597,3.375
133.46557137000002,0.29659015860000004,0.001949581142857143,31,1,0.0,0.0,0.0,0.0,0.0,0.52277899,1.2000000499999999
132.11450991,0.29358779980000005,0.0019124234285714287,30,1,0.0,0.0,0.0,0.0,0.0,0.53382301,1.115000005
132.11450991,0.26422901982,0.00277001,93,1,0.0,0.0,0.0,0.0,0.0,0.50562203,1.39
132.56486373,0.3787567535142857,0.0018445471428571428,29,0,0.0,0.0,0.0,0.0,0.0,0.612306,0.60499999
132.56486373,0.331412159325,0.0018445471428571428,29,0,0.0,0.0,0.0,0.0,0.0,0.55097401,1.9599999499999998
128.60818374,0.2857959638666666,0.001815126,28,1,0.0,0.0,0.0,0.0,0.0,0.52971399,0.73999998
128.60818374,0.3674519535428571,0.001815126,28,0,0.0,0.0,0.0,0.0,0.0,0.60031998,0.745
128.60818374,0.32152045934999995,0.001815126,28,0,0.0,0.0,0.0,0.0,0.0,0.50906497,2.255
128.60818374,0.2857959638666666,0.0027057271428571426,91,1,0.0,0.0,0.0,0.0,0.0,0.495002,2.0599999
128.60818374,0.4286939458,0.0027057271428571426,91,0,0.0,0.0,0.0,0.0,0.0,0.66996002,1.29
128.60818374,0.25721636748,0.002851402967032967,182,1,0.0,0.0,0.0,0.0,0.0,0.44365099,1.80999995
125.87389269000002,0.2706965434193549,0.001860243142857143,32,1,0.0,0.0,0.0,0.0,0.0,0.81265402,1.41999995
125.87389269000002,0.31468473172500006,0.0028431663736263736,179,1,0.0,0.0,0.0,0.0,0.0,0.49492201,4.79999995
125.87389269000002,0.31468473172500006,0.0028431663736263736,179,0,0.0,0.0,0.0,0.0,0.0,0.47532099,5.9499998
121.78854018,0.35820158876470587,0.0017715005714285714,30,0,0.0,0.0,0.0,0.0,0.0,0.545524,0.834999995
123.39694668,0.24679389336,0.001778488857142857,29,0,0.0,0.0,0.0,0.0,0.0,0.65026599,11.900000200000001
121.11300945,0.33181646424657535,0.0018759670833333332,30,1,0.0,0.0,0.0,0.0,0.0,0.47483701,2.625
120.34097433,0.31668677455263156,0.0016880537499999997,28,1,0.0,0.0,0.0,0.0,0.0,0.488208,1.725
120.34097433,0.30856660084615384,0.0016880537499999997,28,1,0.0,0.0,0.0,0.0,0.0,0.47850001,1.2999999999999998
120.34097433,0.32524587656756754,0.0016880537499999997,28,0,0.0,0.0,0.0,0.0,0.0,0.46169499,1.725
129.99141333,0.37140403808571426,0.0023666237142857143,93,0,0.0,0.0,0.0,0.0,0.0,0.49656501,1.775
129.99141333,0.324978533325,0.00263322,184,1,0.0,0.0,0.0,0.0,0.0,0.46089101,5.1500001
136.10335803,0.3202431953647059,0.0018298316666666664,29,1,0.0,0.0,0.0,0.0,0.0,0.45609999,2.075
136.10335803,0.30245190673333333,0.0023851768571428573,92,1,0.0,0.0,0.0,0.0,0.0,0.44941801,2.6
136.10335803,0.27220671606,0.0023851768571428573,92,1,0.0,0.0,0.0,0.0,0.0,0.41504899,1.0750000050000001
136.10335803,0.27220671606,0.002619671111111111,183,1,0.0,0.0,0.0,0.0,0.0,0.43991101,2.475
136.10335803,0.24746065096363637,0.002619671111111111,183,1,0.0,0.0,0.0,0.0,0.0,0.42822701,1.425
134.94530535,0.26989061070000003,0.0026018477777777775,182,1,0.0,0.0,0.0,0.0,0.0,0.40697899,1.95
134.94530535,0.33736326337500006,0.0026018477777777775,182,0,0.0,0.0,0.0,0.0,0.0,0.436488,4.4000001
132.17884617,0.31471153850000005,0.001767662857142857,32,1,0.0,0.0,0.0,0.0,0.0,0.45328501,1.7999999999999998
132.17884617,0.33892011838461544,0.001767662857142857,32,0,0.0,0.0,0.0,0.0,0.0,0.463487,1.2999999999999998
132.17884617,0.3223874296829269,0.001767662857142857,32,0,0.0,0.0,0.0,0.0,0.0,0.43293101,2.05
132.17884617,0.26435769234,0.002591631111111111,179,1,0.0,0.0,0.0,0.0,0.0,0.40867001,1.7000000000000002
133.94809332,0.3348702333,0.0017374242857142858,31,1,0.0,0.0,0.0,0.0,0.0,0.46977401,3.1
133.94809332,0.26789618664,0.0017374242857142858,31,1,0.0,0.0,0.0,0.0,0.0,0.44238901,0.20000000499999998
133.94809332,0.4059033130909091,0.0017374242857142858,31,0,0.0,0.0,0.0,0.0,0.0,0.609824,0.29999999499999996
133.94809332,0.3939649803529412,0.0017374242857142858,31,0,0.0,0.0,0.0,0.0,0.0,0.57329798,0.35000001000000003
133.94809332,0.2976624296,0.0025227977777777777,178,1,0.0,0.0,0.0,0.0,0.0,0.40704399,3.15
133.94809332,0.26789618664,0.0025227977777777777,178,1,0.0,0.0,0.0,0.0,0.0,0.39431399,1.725
133.94809332,0.24354198785454545,0.0025227977777777777,178,1,0.0,0.0,0.0,0.0,0.0,0.38987699,0.925000005
135.49216356,0.28828119906382976,0.0017556971428571426,30,0,0.0,0.0,0.0,0.0,0.0,0.41908699,5.39999985
135.49216356,0.3010936968,0.0025568155555555556,177,1,0.0,0.0,0.0,0.0,0.0,0.39714301,3.25
135.49216356,0.27098432712,0.0025568155555555556,177,1,0.0,0.0,0.0,0.0,0.0,0.38545901,1.775
136.3928712,0.3209244028235294,0.00166244,29,1,0.0,0.0,0.0,0.0,0.0,0.463595,2.15
136.3928712,0.3099837981818182,0.00166244,29,1,0.0,0.0,0.0,0.0,0.0,0.44625801,1.4500000000000002
136.3928712,0.3247449314285714,0.00166244,29,0,0.0,0.0,0.0,0.0,0.0,0.45512199,1.97499995
136.3928712,0.3209244028235294,0.00166244,29,0,0.0,0.0,0.0,0.0,0.0,0.45864201,2.25
136.3928712,0.30309526933333336,0.00166244,29,0,0.0,0.0,0.0,0.0,0.0,0.45814899,3.79999995
133.43340324,0.3139609488,0.0016357485714285714,28,1,0.0,0.0,0.0,0.0,0.0,0.44144899,1.575
133.43340324,0.3176985791428571,0.0016357485714285714,28,0,0.0,0.0,0.0,0.0,0.0,0.44527999,2.32500005
131.37464292,0.3091168068705883,0.0016755239285714285,32,1,0.0,0.0,0.0,0.0,0.0,0.43749499,1.4249999999999998
131.37464292,0.34572274452631585,0.0016755239285714285,32,0,0.0,0.0,0.0,0.0,0.0,0.46967199,1.0499999899999999
131.37464292,0.31656540462650606,0.0016755239285714285,32,0,0.0,0.0,0.0,0.0,0.0,0.44908699,2.525
131.37464292,0.3127967688571429,0.0016755239285714285,32,0,0.0,0.0,0.0,0.0,0.0,0.42902601,2.725
130.12008585,0.3212841625925926,0.0016893085714285716,31,1,0.0,0.0,0.0,0.0,0.0,0.45126399,2.0999999999999996
130.12008585,0.3173660630487805,0.0016893085714285716,31,1,0.0,0.0,0.0,0.0,0.0,0.446174,1.8499999999999999
130.12008585,0.3135423755421687,0.0016893085714285716,31,1,0.0,0.0,0.0,0.0,0.0,0.44778201,1.65
130.12008585,0.30980972821428576,0.0016893085714285716,31,1,0.0,0.0,0.0,0.0,0.0,0.44556999,1.45
130.12008585,0.3827061348529412,0.0016893085714285716,31,0,0.0,0.0,0.0,0.0,0.0,0.59235698,0.525000005
130.12008585,0.3717716738571429,0.0016893085714285716,31,0,0.0,0.0,0.0,0.0,0.0,0.57528698,0.675
133.30473072,0.3212162186024097,0.0016163685714285713,30,1,0.0,0.0,0.0,0.0,0.0,0.43217799,2.0
133.30473072,0.317392216,0.0016163685714285713,30,1,0.0,0.0,0.0,0.0,0.0,0.43209499,1.775
133.30473072,0.3136581899294118,0.0016163685714285713,30,1,0.0,0.0,0.0,0.0,0.0,0.43861401,1.6
133.30473072,0.31001100167441864,0.0016163685714285713,30,1,0.0,0.0,0.0,0.0,0.0,0.44141701,1.425
133.30473072,0.3291474832592593,0.0016163685714285713,30,0,0.0,0.0,0.0,0.0,0.0,0.447543,1.675
133.30473072,0.32513348956097565,0.0016163685714285713,30,0,0.0,0.0,0.0,0.0,0.0,0.42874101,1.825
136.13552616,0.32031888508235296,0.0015351271428571428,28,1,0.0,0.0,0.0,0.0,0.0,0.399863,1.775
136.13552616,0.31659424688372095,0.0015351271428571428,28,1,0.0,0.0,0.0,0.0,0.0,0.409587,1.6
136.13552616,0.31295523255172414,0.0015351271428571428,28,1,0.0,0.0,0.0,0.0,0.0,0.393296,1.3250000000000002
136.13552616,0.3093989230909091,0.0015351271428571428,28,1,0.0,0.0,0.0,0.0,0.0,0.410981,1.225
136.13552616,0.32031888508235296,0.0015351271428571428,28,0,0.0,0.0,0.0,0.0,0.0,0.40010601,1.975
136.13552616,0.31659424688372095,0.0015351271428571428,28,0,0.0,0.0,0.0,0.0,0.0,0.399068,2.24999995
135.106146,0.29370901304347824,0.0017149235714285715,32,1,0.0,0.0,0.0,0.0,0.0,0.36536601,0.47500001
135.106146,0.38601756,0.0017149235714285715,32,0,0.0,0.0,0.0,0.0,0.0,0.534253,0.42500001
135.106146,0.34204087594936705,0.0017149235714285715,32,0,0.0,0.0,0.0,0.0,0.0,0.415263,1.125000005
135.106146,0.337765365,0.0017149235714285715,32,0,0.0,0.0,0.0,0.0,0.0,0.411778,1.2999999999999998
130.50610341,0.35271919840540544,0.001669615,31,0,0.0,0.0,0.0,0.0,0.0,0.418044,0.700000015
135.20265039,0.3181238832705882,0.0016719999999999999,30,1,0.0,0.0,0.0,0.0,0.0,0.37331799,1.525
135.20265039,0.32191107235714284,0.0016719999999999999,30,0,0.0,0.0,0.0,0.0,0.0,0.371301,1.9249999999999998
137.6795964,0.3093923514606742,0.0017604371428571431,28,0,0.0,0.0,0.0,0.0,0.0,0.36281699,2.9499999499999996
137.6795964,0.3278085628571429,0.0015845233333333334,30,0,0.0,0.0,0.0,0.0,0.0,0.362694,1.5499999999999998
136.58587998000002,0.34146469995000006,0.0016031575,29,0,0.0,0.0,0.0,0.0,0.0,0.39053401,0.95000001
136.58587998000002,0.33724908637037043,0.0016031575,29,0,0.0,0.0,0.0,0.0,0.0,0.38319299,1.1
137.71176453,0.3202599175116279,0.00148288625,28,0,0.0,0.0,0.0,0.0,0.0,0.343281,1.92499995
134.55928779,0.29902063953333335,0.0016272842857142859,32,1,0.0,0.0,0.0,0.0,0.0,0.35385001,0.57499999
132.79004064,0.2950889792,0.0015914414285714286,31,1,0.0,0.0,0.0,0.0,0.0,0.358244,0.45000000500000004
132.79004064,0.3319751016,0.0015914414285714286,31,0,0.0,0.0,0.0,0.0,0.0,0.36952201,1.3
131.21380227,0.29158622726666666,0.0016545457142857142,30,1,0.0,0.0,0.0,0.0,0.0,0.333599,0.274999995
129.60539577,0.2880119906,0.0017183862857142857,29,1,0.0,0.0,0.0,0.0,0.0,0.35683,0.25000000499999997
129.60539577,0.324013489425,0.0017183862857142857,29,0,0.0,0.0,0.0,0.0,0.0,0.34153101,1.55
128.18999805,0.32047499512500005,0.0016226811428571427,28,1,0.0,0.0,0.0,0.0,0.0,0.32630399,1.225
133.01521755000002,0.332538043875,0.0016321642857142857,32,0,0.0,0.0,0.0,0.0,0.0,0.349868,1.25
133.46557137000002,0.3033308440227273,0.0015710654285714287,29,0,0.0,0.0,0.0,0.0,0.0,0.34828901,3.4499999499999996
133.04629877000002,0.3411443558205129,0.0016250337142857145,29,0,0.0,0.0,0.0,0.0,0.0,0.42930299,1.0999999900000001
128.24716345,0.29824921732558135,0.0015923963636363637,31,1,0.0,0.0,0.0,0.0,0.0,0.435076,0.799999985
126.1394351,0.32343444897435897,0.001513291304347826,29,0,0.0,0.0,0.0,0.0,0.0,0.41159001,1.85
125.29634376000001,0.3132408594,0.0015015621739130436,28,1,0.0,0.0,0.0,0.0,0.0,0.41184101,1.1749999949999999
125.29634376000001,0.32127267630769235,0.0015015621739130436,28,0,0.0,0.0,0.0,0.0,0.0,0.406773,1.95000005
126.10700851000001,0.315267521275,0.0015737899999999998,32,1,0.0,0.0,0.0,0.0,0.0,0.39179599,1.325
126.10700851000001,0.36030573860000004,0.0015737899999999998,32,0,0.0,0.0,0.0,0.0,0.0,0.450445,0.599999995
126.10700851000001,0.36030573860000004,0.0024084552747252745,186,0,0.0,0.0,0.0,0.0,0.0,0.42119399,2.92499995
121.53485932,0.34724245519999997,0.0015407650000000001,31,1,0.0,0.0,0.0,0.0,0.0,0.45280001,3.4
121.53485932,0.30383714829999997,0.0015407650000000001,31,1,0.0,0.0,0.0,0.0,0.0,0.369717,0.69999999
121.53485932,0.34724245519999997,0.0015407650000000001,31,0,0.0,0.0,0.0,0.0,0.0,0.427955,0.825000015
121.53485932,0.34724245519999997,0.002406200659340659,185,1,0.0,0.0,0.0,0.0,0.0,0.44340801,5.6500001
121.53485932,0.30383714829999997,0.002406200659340659,185,1,0.0,0.0,0.0,0.0,0.0,0.39114699,2.9499999499999996
121.53485932,0.27007746515555553,0.002406200659340659,185,1,0.0,0.0,0.0,0.0,0.0,0.38442901,1.5499999999999998
121.53485932,0.30383714829999997,0.002406200659340659,185,0,0.0,0.0,0.0,0.0,0.0,0.37729201,5.8499999
123.67501426000001,0.30918753565,0.0015207399999999998,30,1,0.0,0.0,0.0,0.0,0.0,0.363217,0.849999995
123.67501426000001,0.30918753565,0.0021702266666666667,93,1,0.0,0.0,0.0,0.0,0.0,0.39765999,2.17499995
123.67501426000001,0.30918753565,0.00229955,184,1,0.0,0.0,0.0,0.0,0.0,0.39149299,3.25
123.67501426000001,0.2748333650222223,0.00229955,184,1,0.0,0.0,0.0,0.0,0.0,0.37010199,1.6
122.08611135,0.305215278375,0.0015608504347826085,29,1,0.0,0.0,0.0,0.0,0.0,0.37566599,0.724999995
120.78904775000001,0.345111565,0.0015301065217391302,28,1,0.0,0.0,0.0,0.0,0.0,0.4217,3.0249999499999998
120.78904775000001,0.30197261937500003,0.0015301065217391302,28,1,0.0,0.0,0.0,0.0,0.0,0.34295699,0.47500000499999995
120.78904775000001,0.4026301591666667,0.0015301065217391302,28,0,0.0,0.0,0.0,0.0,0.0,0.56473303,0.20000000499999998
120.78904775000001,0.345111565,0.0015301065217391302,28,0,0.0,0.0,0.0,0.0,0.0,0.42236999,0.80000001
120.78904775000001,0.2684201061111111,0.002103078888888889,91,1,0.0,0.0,0.0,0.0,0.0,0.39110899,0.650000005
120.78904775000001,0.2684201061111111,0.002240949340659341,182,1,0.0,0.0,0.0,0.0,0.0,0.37786701,1.4
120.78904775000001,0.30197261937500003,0.002240949340659341,182,0,0.0,0.0,0.0,0.0,0.0,0.372069,5.89999985
117.51396216000002,0.3264276726666667,0.0015591871428571426,32,0,0.0,0.0,0.0,0.0,0.0,0.403263,1.6
117.51396216000002,0.30131785169230774,0.0015591871428571426,32,0,0.0,0.0,0.0,0.0,0.0,0.41814199,3.55
117.51396216000002,0.2937849054000001,0.002265204285714286,179,1,0.0,0.0,0.0,0.0,0.0,0.39537999,2.3999999499999998
117.51396216000002,0.26114213813333337,0.002265204285714286,179,1,0.0,0.0,0.0,0.0,0.0,0.378086,1.125
116.21689856000002,0.32282471822222225,0.001523514285714286,31,0,0.0,0.0,0.0,0.0,0.0,0.405655,1.7999999999999998
116.21689856000002,0.33204828160000005,0.00229761010989011,178,1,0.0,0.0,0.0,0.0,0.0,0.408932,4.20000005
114.82255518999999,0.3234438174366197,0.0014492142857142857,29,1,0.0,0.0,0.0,0.0,0.0,0.412222,1.6
114.82255518999999,0.3103312302432432,0.0014492142857142857,29,1,0.0,0.0,0.0,0.0,0.0,0.40504801,0.975000005
114.82255518999999,0.3061934805066666,0.0014492142857142857,29,1,0.0,0.0,0.0,0.0,0.0,0.392371,0.77499998
119.58926392000002,0.28138650334117654,0.001522875714285714,32,0,0.0,0.0,0.0,0.0,0.0,0.55813599,6.3499999
118.45433327,0.27871607828235295,0.0015106435714285714,31,0,0.0,0.0,0.0,0.0,0.0,0.304625,6.29999995
119.52441074000001,0.31873176197333336,0.0014751249999999999,30,1,0.0,0.0,0.0,0.0,0.0,0.41316301,1.4500000000000002
119.52441074000001,0.314537923,0.0014751249999999999,30,1,0.0,0.0,0.0,0.0,0.0,0.430868,1.325
119.52441074000001,0.31045301490909094,0.0014751249999999999,30,1,0.0,0.0,0.0,0.0,0.0,0.425675,1.124999995
119.52441074000001,0.31873176197333336,0.0014751249999999999,30,0,0.0,0.0,0.0,0.0,0.0,0.41329899,2.1
119.23257143000002,0.29808142857500003,0.0014216375,29,1,0.0,0.0,0.0,0.0,0.0,0.41419801,0.6000000050000001
121.79427204000001,0.3291737082162162,0.0014003003571428571,28,0,0.0,0.0,0.0,0.0,0.0,0.42324901,1.475
127.20951257,0.3102671038292683,0.0015610428571428572,32,1,0.0,0.0,0.0,0.0,0.0,0.38873699,1.0750000100000001
121.34029978000001,0.30335074945,0.0020978644444444444,93,1,0.0,0.0,0.0,0.0,0.0,0.37917399,1.725
122.66978997,0.306674474925,0.0020718333333333335,92,1,0.0,0.0,0.0,0.0,0.0,0.37274799,1.825
122.66978997,0.27259953326666664,0.0020718333333333335,92,1,0.0,0.0,0.0,0.0,0.0,0.35256001,0.57499999
122.66978997,0.24533957994,0.0020718333333333335,92,1,0.0,0.0,0.0,0.0,0.0,0.36542401,0.20000000499999998
122.66978997,0.4088992999,0.0020718333333333335,92,0,0.0,0.0,0.0,0.0,0.0,0.464434,0.69999999
122.66978997,0.3504851142,0.0020718333333333335,92,0,0.0,0.0,0.0,0.0,0.0,0.40225399,1.825
122.24824430000001,0.30562061075,0.002088152222222222,91,1,0.0,0.0,0.0,0.0,0.0,0.36120301,1.675
122.24824430000001,0.27166276511111115,0.002088152222222222,91,1,0.0,0.0,0.0,0.0,0.0,0.34857801,0.525000005
122.24824430000001,0.24449648860000003,0.002088152222222222,91,1,0.0,0.0,0.0,0.0,0.0,0.34957001,0.15000000000000002
122.24824430000001,0.4074941476666667,0.002088152222222222,91,0,0.0,0.0,0.0,0.0,0.0,0.45660201,0.67500001
122.24824430000001,0.34928069800000006,0.002088152222222222,91,0,0.0,0.0,0.0,0.0,0.0,0.390737,1.775
122.24824430000001,0.30562061075,0.002088152222222222,91,0,0.0,0.0,0.0,0.0,0.0,0.35083601,4.20000005
120.59448821,0.32158530189333334,0.001469487142857143,32,1,0.0,0.0,0.0,0.0,0.0,0.43071699,1.75
120.59448821,0.31735391634210525,0.001469487142857143,32,1,0.0,0.0,0.0,0.0,0.0,0.42255101,1.5
120.59448821,0.3092166364358974,0.001469487142857143,32,1,0.0,0.0,0.0,0.0,0.0,0.40882701,1.075
120.59448821,0.30148622052499996,0.001469487142857143,32,1,0.0,0.0,0.0,0.0,0.0,0.405965,0.775000005
120.59448821,0.29776416841975306,0.001469487142857143,32,1,0.0,0.0,0.0,0.0,0.0,0.38991499,0.599999995
120.59448821,0.2941328980731707,0.001469487142857143,32,1,0.0,0.0,0.0,0.0,0.0,0.38962001,0.500000015
120.59448821,0.40198162736666665,0.001469487142857143,32,0,0.0,0.0,0.0,0.0,0.0,0.58639902,0.300000005
120.59448821,0.34455568059999997,0.001469487142857143,32,0,0.0,0.0,0.0,0.0,0.0,0.44582501,0.999999995
120.59448821,0.33970278369014084,0.001469487142857143,32,0,0.0,0.0,0.0,0.0,0.0,0.43753001,1.15
120.59448821,0.33039585810958905,0.001469487142857143,32,0,0.0,0.0,0.0,0.0,0.0,0.43154699,1.55
124.48567901000001,0.35567336860000004,0.0014698900000000002,31,1,0.0,0.0,0.0,0.0,0.0,0.431696,3.9999998999999997
124.48567901000001,0.3506638845352113,0.0014698900000000002,31,1,0.0,0.0,0.0,0.0,0.0,0.407386,3.5500000500000004
124.48567901000001,0.34579355280555557,0.0014698900000000002,31,1,0.0,0.0,0.0,0.0,0.0,0.421377,3.25
124.48567901000001,0.32759389213157897,0.0014698900000000002,31,1,0.0,0.0,0.0,0.0,0.0,0.39560601,1.94999995
124.48567901000001,0.32333942600000004,0.0014698900000000002,31,1,0.0,0.0,0.0,0.0,0.0,0.38308701,1.65
124.48567901000001,0.31919404874358975,0.0014698900000000002,31,1,0.0,0.0,0.0,0.0,0.0,0.387997,1.4500000000000002
124.48567901000001,0.3151536177468355,0.0014698900000000002,31,1,0.0,0.0,0.0,0.0,0.0,0.39362401,1.275
124.48567901000001,0.311214197525,0.0014698900000000002,31,1,0.0,0.0,0.0,0.0,0.0,0.38868001,1.075
124.48567901000001,0.34579355280555557,0.0014698900000000002,31,0,0.0,0.0,0.0,0.0,0.0,0.415095,0.849999995
124.48567901000001,0.3410566548219178,0.0014698900000000002,31,0,0.0,0.0,0.0,0.0,0.0,0.39735001,0.95000001
124.48567901000001,0.32759389213157897,0.0014698900000000002,31,0,0.0,0.0,0.0,0.0,0.0,0.39016101,1.5499999999999998
124.48567901000001,0.31919404874358975,0.0014698900000000002,31,0,0.0,0.0,0.0,0.0,0.0,0.38256001,2.05
124.48567901000001,0.3151536177468355,0.0014698900000000002,31,0,0.0,0.0,0.0,0.0,0.0,0.382377,2.35
131.0034236,0.327508559,0.0014817971428571428,30,1,0.0,0.0,0.0,0.0,0.0,0.42240399,2.15
131.0034236,0.2977350536363636,0.0014817971428571428,30,1,0.0,0.0,0.0,0.0,0.0,0.395623,0.625
131.0034236,0.43667807866666664,0.0014817971428571428,30,0,0.0,0.0,0.0,0.0,0.0,0.62522,0.125000005
131.0034236,0.37429549599999995,0.0014817971428571428,30,0,0.0,0.0,0.0,0.0,0.0,0.45049199,0.32500000500000004
129.60908023,0.3366469616363636,0.0014659657142857142,29,1,0.0,0.0,0.0,0.0,0.0,0.41843501,2.67499995
129.60908023,0.33233097494871794,0.0014659657142857142,29,1,0.0,0.0,0.0,0.0,0.0,0.41047701,2.35
129.60908023,0.324022700575,0.0014659657142857142,29,1,0.0,0.0,0.0,0.0,0.0,0.40891701,1.825
129.60908023,0.3161197078780488,0.0014659657142857142,29,1,0.0,0.0,0.0,0.0,0.0,0.41622099,1.425
129.60908023,0.3123110366987952,0.0014659657142857142,29,1,0.0,0.0,0.0,0.0,0.0,0.39569601,1.15
129.60908023,0.30859304816666666,0.0014659657142857142,29,1,0.0,0.0,0.0,0.0,0.0,0.38704699,0.95000001
129.60908023,0.30496254171764703,0.0014659657142857142,29,1,0.0,0.0,0.0,0.0,0.0,0.39803901,0.849999995
129.60908023,0.30141646565116276,0.0014659657142857142,29,1,0.0,0.0,0.0,0.0,0.0,0.38555601,0.67500001
129.60908023,0.2979519085747126,0.0014659657142857142,29,1,0.0,0.0,0.0,0.0,0.0,0.37358001,0.525000005
129.60908023,0.37031165779999997,0.0014659657142857142,29,0,0.0,0.0,0.0,0.0,0.0,0.45608199,0.375
129.60908023,0.33233097494871794,0.0014659657142857142,29,0,0.0,0.0,0.0,0.0,0.0,0.41034201,1.375
131.68438199,0.37624109139999995,0.0014975385714285714,28,0,0.0,0.0,0.0,0.0,0.0,0.46520099,0.29999999499999996
131.68438199,0.32921095497499997,0.0014975385714285714,28,0,0.0,0.0,0.0,0.0,0.0,0.406562,1.525
121.79427204000001,0.297059200097561,0.0014882114285714285,31,1,0.0,0.0,0.0,0.0,0.0,0.43591899,0.72500002
121.79427204000001,0.2934801735903615,0.0014882114285714285,31,1,0.0,0.0,0.0,0.0,0.0,0.422681,0.57499999
121.79427204000001,0.289986362,0.0014882114285714285,31,1,0.0,0.0,0.0,0.0,0.0,0.43547899,0.52499999
124.90722468000001,0.32443434981818187,0.0014621057142857143,28,1,0.0,0.0,0.0,0.0,0.0,0.47348699,1.925
124.90722468000001,0.36737419023529416,0.0014621057142857143,28,0,0.0,0.0,0.0,0.0,0.0,0.547943,0.674999985
124.90722468000001,0.36204992660869567,0.0014621057142857143,28,0,0.0,0.0,0.0,0.0,0.0,0.52324301,0.724999995
124.90722468000001,0.32443434981818187,0.0014621057142857143,28,0,0.0,0.0,0.0,0.0,0.0,0.47732401,2.12499995
145.49810933,0.3163002376739131,0.0013430019999999998,32,1,0.0,0.0,0.0,0.0,0.0,0.366615,1.35
150.26481806,0.33392181791111114,0.00148382,32,1,0.0,0.0,0.0,0.0,0.0,0.34681201,2.4499999499999996
150.26481806,0.37566204515,0.00148382,32,0,0.0,0.0,0.0,0.0,0.0,0.480423,0.525000005
150.55665737,0.33457034971111116,0.001519921111111111,31,1,0.0,0.0,0.0,0.0,0.0,0.369955,2.6
148.77319492,0.3719329873,0.0014826433333333332,30,1,0.0,0.0,0.0,0.0,0.0,0.50656003,6.29999995
148.77319492,0.33060709982222225,0.0014826433333333332,30,1,0.0,0.0,0.0,0.0,0.0,0.36774999,2.2249999
148.41650243,0.32981444984444447,0.0014558122222222223,28,1,0.0,0.0,0.0,0.0,0.0,0.335805,1.9
148.41650243,0.4947216747666667,0.0014558122222222223,28,0,0.0,0.0,0.0,0.0,0.0,0.71812701,0.05
144.3793884,0.3479021407228916,0.0016197686111111109,31,1,0.0,0.0,0.0,0.0,0.0,0.370516,3.5
144.3793884,0.36094847100000005,0.0016197686111111109,31,0,0.0,0.0,0.0,0.0,0.0,0.382833,0.47500001000000003
148.75650108,0.3628207343414634,0.0014894175000000002,32,0,0.0,0.0,0.0,0.0,0.0,0.37766001,0.450000015
150.91239240000002,0.36364431903614464,0.0015080599999999999,31,0,0.0,0.0,0.0,0.0,0.0,0.354857,0.35
150.91239240000002,0.3550879821176471,0.0015080599999999999,31,0,0.0,0.0,0.0,0.0,0.0,0.376715,0.625
155.38750014000001,0.33416666696774194,0.0014812345833333336,30,0,0.0,0.0,0.0,0.0,0.0,0.341795,1.35
148.75650108,0.3305700024,0.0015590860000000001,32,1,0.0,0.0,0.0,0.0,0.0,0.36293399,2.2250000500000002
148.75650108,0.3718912527,0.0015590860000000001,32,0,0.0,0.0,0.0,0.0,0.0,0.40038499,0.35000001000000003
148.75650108,0.3305700024,0.0015590860000000001,32,0,0.0,0.0,0.0,0.0,0.0,0.33860201,1.55
148.75650108,0.3305700024,0.0017071161538461538,186,0,0.0,0.0,0.0,0.0,0.0,0.353654,4.54999995
149.4424665,0.33209436999999997,0.00154608,31,1,0.0,0.0,0.0,0.0,0.0,0.345193,2.1999999499999996
149.4424665,0.29888493299999996,0.0017479416483516482,185,1,0.0,0.0,0.0,0.0,0.0,0.34354201,2.65
149.4424665,0.33209436999999997,0.0017479416483516482,185,0,0.0,0.0,0.0,0.0,0.0,0.35709101,4.5
151.20637758,0.30241275516,0.0015764891666666667,30,1,0.0,0.0,0.0,0.0,0.0,0.34649599,0.599999995
151.20637758,0.33601417240000003,0.0018121148571428572,93,1,0.0,0.0,0.0,0.0,0.0,0.371672,3.9999998999999997
151.20637758,0.30241275516,0.0018121148571428572,93,1,0.0,0.0,0.0,0.0,0.0,0.346993,1.75
151.20637758,0.33601417240000003,0.0018121148571428572,93,0,0.0,0.0,0.0,0.0,0.0,0.36296299,2.8499999
152.80696356,0.33957103013333334,0.0018219631428571428,92,1,0.0,0.0,0.0,0.0,0.0,0.35662699,4.1500001
152.80696356,0.30561392712,0.0018219631428571428,92,1,0.0,0.0,0.0,0.0,0.0,0.348299,1.92499995
155.64882029999998,0.3112976406,0.0014033750000000001,28,1,0.0,0.0,0.0,0.0,0.0,0.32872,0.82499999
155.64882029999998,0.2829978550909091,0.0014033750000000001,28,1,0.0,0.0,0.0,0.0,0.0,0.375671,0.20000000499999998
155.64882029999998,0.2394597235384615,0.0014033750000000001,28,1,0.0,0.0,0.0,0.0,0.0,0.56435603,0.075000005
155.64882029999998,0.3112976406,0.0017413365934065936,182,1,0.0,0.0,0.0,0.0,0.0,0.34122199,3.35
155.64882029999998,0.2829978550909091,0.0017413365934065936,182,1,0.0,0.0,0.0,0.0,0.0,0.34694201,1.9749999999999999
155.64882029999998,0.38912205074999995,0.0017413365934065936,182,0,0.0,0.0,0.0,0.0,0.0,0.38820899,2.05000005
157.67405154000002,0.35038678120000005,0.0018326851648351647,177,1,0.0,0.0,0.0,0.0,0.0,0.37050599,6.3499999
157.67405154000002,0.31534810308000005,0.0018326851648351647,177,1,0.0,0.0,0.0,0.0,0.0,0.34292701,3.65
168.78015834,0.3125558487777778,0.00127633,28,1,0.0,0.0,0.0,0.0,0.0,0.35403901,1.1
172.01399532,0.33079614484615383,0.0013149177777777776,31,1,0.0,0.0,0.0,0.0,0.0,0.35384801,2.375
172.01399532,0.32764570537142856,0.0013149177777777776,31,1,0.0,0.0,0.0,0.0,0.0,0.37413701,2.25
172.01399532,0.3245547081509434,0.0013149177777777776,31,1,0.0,0.0,0.0,0.0,0.0,0.321426,1.7
172.01399532,0.31275271876363636,0.0013149177777777776,31,1,0.0,0.0,0.0,0.0,0.0,0.33480901,1.05
172.01399532,0.3510489700408163,0.0013149177777777776,31,0,0.0,0.0,0.0,0.0,0.0,0.341093,0.75
172.01399532,0.34750302084848483,0.0013149177777777776,31,0,0.0,0.0,0.0,0.0,0.0,0.34278101,0.900000005
172.01399532,0.32764570537142856,0.0013149177777777776,31,0,0.0,0.0,0.0,0.0,0.0,0.307585,1.925
172.01399532,0.3245547081509434,0.0013149177777777776,31,0,0.0,0.0,0.0,0.0,0.0,0.34074101,2.4000001
172.01399532,0.31275271876363636,0.0013149177777777776,31,0,0.0,0.0,0.0,0.0,0.0,0.29034501,3.4
172.01399532,0.4300349883,0.0018223857142857145,367,1,0.0,0.0,0.0,0.0,0.0,0.41251099,14.7
172.01399532,0.31275271876363636,0.0018223857142857145,367,1,0.0,0.0,0.0,0.0,0.0,0.34996799,5.75
172.01399532,0.4300349883,0.0018223857142857145,367,0,0.0,0.0,0.0,0.0,0.0,0.373932,2.575
172.01399532,0.3822533229333333,0.0018223857142857145,367,0,0.0,0.0,0.0,0.0,0.0,0.35321799,4.1000001500000005
172.01399532,0.34402799064,0.0018223857142857145,367,0,0.0,0.0,0.0,0.0,0.0,0.339286,6.25
171.45868998,0.26378259996923076,0.00186469,366,1,0.0,0.0,0.0,0.0,0.0,0.33096999,2.625
166.65693204000002,0.33668067078787883,0.0012909688888888887,29,1,0.0,0.0,0.0,0.0,0.0,0.357889,2.875
166.65693204000002,0.3204941000769231,0.0012909688888888887,29,1,0.0,0.0,0.0,0.0,0.0,0.34538001,1.5499999999999998
166.65693204000002,0.3703487378666667,0.0012909688888888887,29,0,0.0,0.0,0.0,0.0,0.0,0.396593,0.35000001000000003
166.65693204000002,0.30579253585321103,0.0012909688888888887,29,0,0.0,0.0,0.0,0.0,0.0,0.304371,4.04999995
166.65693204000002,0.4166423301,0.0018108042857142856,365,0,0.0,0.0,0.0,0.0,0.0,0.36896899,2.8000000500000004
166.65693204000002,0.3703487378666667,0.0018108042857142856,365,0,0.0,0.0,0.0,0.0,0.0,0.37325901,4.9000001
164.53370574,0.3656304572,0.0012422788888888888,28,0,0.0,0.0,0.0,0.0,0.0,0.400372,0.42499999499999996
164.53370574,0.32906741147999996,0.0012422788888888888,28,0,0.0,0.0,0.0,0.0,0.0,0.343927,1.725
164.53370574,0.5484456858,0.001779394285714286,364,1,0.0,0.0,0.0,0.0,0.0,0.46206301,20.950001
164.53370574,0.47009630211428566,0.001779394285714286,364,1,0.0,0.0,0.0,0.0,0.0,0.412637,16.5
164.53370574,0.25312877806153844,0.001779394285714286,364,1,0.0,0.0,0.0,0.0,0.0,0.34023899,2.225
164.53370574,0.2991521922545454,0.001779394285714286,364,0,0.0,0.0,0.0,0.0,0.0,0.31627601,9.85
165.6116514,0.276019419,0.001782962857142857,361,1,0.0,0.0,0.0,0.0,0.0,0.34353599,3.35
165.6116514,0.254787156,0.001782962857142857,361,1,0.0,0.0,0.0,0.0,0.0,0.347013,2.4
165.6116514,0.368025892,0.001782962857142857,361,0,0.0,0.0,0.0,0.0,0.0,0.357472,4.6500001
163.03111482,0.3293557875151515,0.001291848888888889,31,0,0.0,0.0,0.0,0.0,0.0,0.34186801,1.94999995
163.03111482,0.2508170997230769,0.00178083,360,1,0.0,0.0,0.0,0.0,0.0,0.324992,1.8500000500000002
161.46319386,0.3295167221632653,0.0013813385185185185,30,1,0.0,0.0,0.0,0.0,0.0,0.35879099,2.15
166.39561188,0.33279122376,0.001380340740740741,29,1,0.0,0.0,0.0,0.0,0.0,0.34106901,2.2750001
166.39561188,0.3294962611485148,0.001380340740740741,29,1,0.0,0.0,0.0,0.0,0.0,0.33951601,1.9999999499999999
166.39561188,0.32309827549514564,0.001380340740740741,29,1,0.0,0.0,0.0,0.0,0.0,0.33306101,1.5
166.39561188,0.3199915613076923,0.001380340740740741,29,1,0.0,0.0,0.0,0.0,0.0,0.32806399,1.275
166.39561188,0.3169440226285714,0.001380340740740741,29,1,0.0,0.0,0.0,0.0,0.0,0.319426,1.0499999899999999
166.39561188,0.3139539846792453,0.001380340740740741,29,1,0.0,0.0,0.0,0.0,0.0,0.32515699,0.925000005
166.39561188,0.3110198352897196,0.001380340740740741,29,1,0.0,0.0,0.0,0.0,0.0,0.323504,0.77499998
164.33771562,0.32867543124000004,0.0015347288888888889,32,1,0.0,0.0,0.0,0.0,0.0,0.30341899,1.7999999999999998
164.10906048,0.32496843659405944,0.00121468,31,1,0.0,0.0,0.0,0.0,0.0,0.325681,1.65
164.10906048,0.3217824715294118,0.00121468,31,1,0.0,0.0,0.0,0.0,0.0,0.319619,1.4
164.10906048,0.3349164499591837,0.00121468,31,0,0.0,0.0,0.0,0.0,0.0,0.31982601,1.425
164.10906048,0.3217824715294118,0.00121468,31,0,0.0,0.0,0.0,0.0,0.0,0.31470901,2.4499999499999996
162.05116422,0.3307166616734694,0.0010886700000000001,28,0,0.0,0.0,0.0,0.0,0.0,0.31854701,1.6
162.05116422,0.32737608933333334,0.0010886700000000001,28,0,0.0,0.0,0.0,0.0,0.0,0.31704801,1.85
162.05116422,0.32410232844000003,0.0010886700000000001,28,0,0.0,0.0,0.0,0.0,0.0,0.31133199,2.1
159.40529759999998,0.3188105952,0.00113121,31,1,0.0,0.0,0.0,0.0,0.0,0.32662401,1.2000000000000002
159.40529759999998,0.2898278138181818,0.00113121,31,1,0.0,0.0,0.0,0.0,0.0,0.360405,0.29999999499999996
159.40529759999998,0.3188105952,0.00113121,31,0,0.0,0.0,0.0,0.0,0.0,0.31884199,2.6999999499999996
163.6517502,0.3273035004,0.0011341717142857144,30,1,0.0,0.0,0.0,0.0,0.0,0.32659999,1.75
163.6517502,0.2975486367272727,0.0011341717142857144,30,1,0.0,0.0,0.0,0.0,0.0,0.36008501,0.47500001000000003
161.43052884,0.35873450853333333,0.0011203397142857145,29,1,0.0,0.0,0.0,0.0,0.0,0.343604,4.6500001
161.43052884,0.32286105768,0.0011203397142857145,29,1,0.0,0.0,0.0,0.0,0.0,0.32259899,1.375
161.43052884,0.29351005243636363,0.0011203397142857145,29,1,0.0,0.0,0.0,0.0,0.0,0.35348901,0.32500000500000004
162.86778972,0.29612325403636364,0.0011512500000000001,28,1,0.0,0.0,0.0,0.0,0.0,0.34607601,0.32500000500000004
170.89940172000001,0.33841465687128713,0.001222222,31,0,0.0,0.0,0.0,0.0,0.0,0.31796399,1.25
171.19541685,0.33900082544554455,0.001235394,28,1,0.0,0.0,0.0,0.0,0.0,0.361922,2.82500005
178.95759137,0.3059104125982906,0.00108613,31,1,0.0,0.0,0.0,0.0,0.0,0.33847299,0.75
178.95759137,0.3441492141730769,0.0010564066666666665,29,0,0.0,0.0,0.0,0.0,0.0,0.30238199,0.925
178.95759137,0.33450017078504674,0.0010564066666666665,29,0,0.0,0.0,0.0,0.0,0.0,0.29949999,1.5
189.1207775,0.378241555,0.001100185,32,1,0.0,0.0,0.0,0.0,0.0,0.48285401,8.04999995
189.1207775,0.3438559590909091,0.001100185,32,1,0.0,0.0,0.0,0.0,0.0,0.34506699,3.6499999499999998
189.1207775,0.31520129583333334,0.001100185,32,1,0.0,0.0,0.0,0.0,0.0,0.31891099,1.125
189.1207775,0.2909550423076923,0.001100185,32,1,0.0,0.0,0.0,0.0,0.0,0.36546201,0.400000005
189.1207775,0.3438559590909091,0.001100185,32,0,0.0,0.0,0.0,0.0,0.0,0.321935,1.175
186.4895319,0.33907187618181817,0.00109627,31,1,0.0,0.0,0.0,0.0,0.0,0.31230199,2.9749999
186.4895319,0.3108158865,0.00109627,31,1,0.0,0.0,0.0,0.0,0.0,0.30648899,0.82499999
186.4895319,0.33907187618181817,0.00109627,31,0,0.0,0.0,0.0,0.0,0.0,0.30852699,1.275
188.82476237,0.37764952474,0.0011086791666666666,30,1,0.0,0.0,0.0,0.0,0.0,0.361812,7.6500001
188.82476237,0.3433177497636364,0.0011086791666666666,30,1,0.0,0.0,0.0,0.0,0.0,0.322568,3.5
188.82476237,0.31470793728333335,0.0011086791666666666,30,1,0.0,0.0,0.0,0.0,0.0,0.30772701,1.024999995
188.82476237,0.3433177497636364,0.0011086791666666666,30,0,0.0,0.0,0.0,0.0,0.0,0.31211099,1.024999995
188.82476237,0.3433177497636364,0.0014805865714285712,93,1,0.0,0.0,0.0,0.0,0.0,0.31944701,4.8499999
188.82476237,0.2904996344153846,0.0015771663736263738,184,1,0.0,0.0,0.0,0.0,0.0,0.30596,2.175
224.14923455000002,0.44829846910000004,0.0010996516666666666,29,1,0.0,0.0,0.0,0.0,0.0,0.978329,19.0999995
224.14923455000002,0.40754406281818184,0.0010996516666666666,29,1,0.0,0.0,0.0,0.0,0.0,0.864703,14.5999995
224.14923455000002,0.37358205758333335,0.0010996516666666666,29,1,0.0,0.0,0.0,0.0,0.0,0.82092297,10.75
224.14923455000002,0.34484497623076926,0.0010996516666666666,29,1,0.0,0.0,0.0,0.0,0.0,0.75187403,7.25
224.14923455000002,0.32021319221428574,0.0010996516666666666,29,1,0.0,0.0,0.0,0.0,0.0,0.72126299,4.6500001
224.14923455000002,0.2988656460666667,0.0010996516666666666,29,1,0.0,0.0,0.0,0.0,0.0,0.79084003,3.45000005
224.14923455000002,0.8965969382000001,0.0010996516666666666,29,0,0.0,0.0,0.0,0.0,0.0,-99.989998,2.04999995
224.14923455000002,0.44829846910000004,0.0010996516666666666,29,0,0.0,0.0,0.0,0.0,0.0,-99.989998,2.29999995
224.14923455000002,0.40754406281818184,0.0010996516666666666,29,0,0.0,0.0,0.0,0.0,0.0,0.68248898,0.8
224.14923455000002,0.40754406281818184,0.0015074665714285712,92,1,0.0,0.0,0.0,0.0,0.0,0.52498198,14.950000000000001
224.14923455000002,0.37358205758333335,0.0015074665714285712,92,1,0.0,0.0,0.0,0.0,0.0,0.48453301,11.0000001
224.14923455000002,0.34484497623076926,0.0015074665714285712,92,1,0.0,0.0,0.0,0.0,0.0,0.50530303,8.29999995
224.14923455000002,0.32021319221428574,0.0015074665714285712,92,1,0.0,0.0,0.0,0.0,0.0,0.54725802,6.54999995
224.14923455000002,0.560373086375,0.0015074665714285712,92,0,0.0,0.0,0.0,0.0,0.0,0.60017103,0.250000005
224.14923455000002,0.49810941011111115,0.0015074665714285712,92,0,0.0,0.0,0.0,0.0,0.0,-99.989998,2.325000005
224.14923455000002,0.37358205758333335,0.0015074665714285712,92,0,0.0,0.0,0.0,0.0,0.0,0.47211301,2.9000001
224.14923455000002,0.40754406281818184,0.0016164618681318683,183,1,0.0,0.0,0.0,0.0,0.0,0.41027099,15.25
222.60337776000003,0.37100562960000005,0.0010644225,28,1,0.0,0.0,0.0,0.0,0.0,0.52160299,8.6999998
222.60337776000003,0.34246673501538466,0.0010644225,28,1,0.0,0.0,0.0,0.0,0.0,0.50154501,5.1500001
222.60337776000003,0.3180048253714286,0.0010644225,28,1,0.0,0.0,0.0,0.0,0.0,0.477575,2.5749999499999996
222.60337776000003,0.29680450368000005,0.0010644225,28,1,0.0,0.0,0.0,0.0,0.0,0.42895201,0.90000001
222.60337776000003,0.2782542222,0.0010644225,28,1,0.0,0.0,0.0,0.0,0.0,0.41616899,0.274999995
222.60337776000003,0.7420112592000001,0.0010644225,28,0,0.0,0.0,0.0,0.0,0.0,1.376653,0.1
222.60337776000003,0.6360096507428572,0.0010644225,28,0,0.0,0.0,0.0,0.0,0.0,1.661242,0.75
222.60337776000003,0.40473341410909097,0.0010644225,28,0,0.0,0.0,0.0,0.0,0.0,0.52169198,0.3
222.60337776000003,0.37100562960000005,0.0010644225,28,0,0.0,0.0,0.0,0.0,0.0,0.47022301,0.80000001
222.60337776000003,0.34246673501538466,0.0010644225,28,0,0.0,0.0,0.0,0.0,0.0,0.44087201,2.075
222.60337776000003,0.3180048253714286,0.0010644225,28,0,0.0,0.0,0.0,0.0,0.0,0.419548,4.5
222.60337776000003,0.40473341410909097,0.001498652857142857,91,1,0.0,0.0,0.0,0.0,0.0,-99.989998,12.65
222.60337776000003,0.37100562960000005,0.001498652857142857,91,1,0.0,0.0,0.0,0.0,0.0,0.30177599,8.6
222.60337776000003,0.34246673501538466,0.001498652857142857,91,1,0.0,0.0,0.0,0.0,0.0,0.386197,6.29999995
222.60337776000003,0.3180048253714286,0.001498652857142857,91,1,0.0,0.0,0.0,0.0,0.0,0.367493,3.7500001000000003
222.60337776000003,0.29680450368000005,0.001498652857142857,91,1,0.0,0.0,0.0,0.0,0.0,0.346681,1.94999995
222.60337776000003,0.2782542222,0.001498652857142857,91,1,0.0,0.0,0.0,0.0,0.0,0.29609701,0.625
222.60337776000003,0.2618863267764706,0.001498652857142857,91,1,0.0,0.0,0.0,0.0,0.0,0.33934599,0.47500000499999995
222.60337776000003,0.5565084444,0.001498652857142857,91,0,0.0,0.0,0.0,0.0,0.0,0.54213297,0.15000000000000002
222.60337776000003,0.37100562960000005,0.001498652857142857,91,0,0.0,0.0,0.0,0.0,0.0,0.349639,1.75
222.60337776000003,0.34246673501538466,0.001498652857142857,91,0,0.0,0.0,0.0,0.0,0.0,0.37448299,3.94999995
222.60337776000003,0.40473341410909097,0.00161192967032967,182,1,0.0,0.0,0.0,0.0,0.0,0.33652201,13.9
222.60337776000003,0.37100562960000005,0.00161192967032967,182,1,0.0,0.0,0.0,0.0,0.0,0.35206801,10.55
222.60337776000003,0.34246673501538466,0.00161192967032967,182,1,0.0,0.0,0.0,0.0,0.0,0.32606301,7.20000005
222.60337776000003,0.3180048253714286,0.00161192967032967,182,1,0.0,0.0,0.0,0.0,0.0,0.32059199,4.8500001500000005
222.60337776000003,0.2782542222,0.00161192967032967,182,1,0.0,0.0,0.0,0.0,0.0,0.28732401,1.575
222.60337776000003,0.2618863267764706,0.00161192967032967,182,1,0.0,0.0,0.0,0.0,0.0,0.24705601,0.525000005
222.60337776000003,0.24733708640000004,0.00161192967032967,182,1,0.0,0.0,0.0,0.0,0.0,0.230556,0.1750000055
221.32064553000004,0.6323447015142858,0.001106202857142857,32,0,0.0,0.0,0.0,0.0,0.0,0.877204,0.0250000005
221.32064553000004,0.5533016138250001,0.001106202857142857,32,0,0.0,0.0,0.0,0.0,0.0,0.77435899,0.05
221.32064553000004,0.3161723507571429,0.001656036813186813,179,1,0.0,0.0,0.0,0.0,0.0,0.30914801,4.4499998
221.35353609999999,0.3303784120895522,0.0011104814285714285,31,0,0.0,0.0,0.0,0.0,0.0,0.34600601,2.5500000500000004
221.35353609999999,0.36892256016666664,0.0016476287912087911,178,1,0.0,0.0,0.0,0.0,0.0,0.34612101,10.0
220.53127185,0.33413829068181816,0.0011318542857142856,30,1,0.0,0.0,0.0,0.0,0.0,0.382388,3.4000001
220.53127185,0.3243106938970588,0.0011318542857142856,30,1,0.0,0.0,0.0,0.0,0.0,0.35964599,2.27500005
220.53127185,0.31504467407142855,0.0016512850549450547,177,1,0.0,0.0,0.0,0.0,0.0,0.30598801,4.25
220.53127185,0.2940416958,0.0016512850549450547,177,1,0.0,0.0,0.0,0.0,0.0,0.28013799,2.275
227.50407269000002,0.28438009086250005,0.0011018985714285714,29,1,0.0,0.0,0.0,0.0,0.0,0.428554,0.500000005
227.50407269000002,0.3500062656769231,0.0011018985714285714,29,0,0.0,0.0,0.0,0.0,0.0,0.46052101,1.7750000400000001
227.50407269000002,0.3345648127794118,0.0011018985714285714,29,0,0.0,0.0,0.0,0.0,0.0,0.43531701,2.8
222.6691589,0.3425679367692308,0.0010823471428571428,28,0,0.0,0.0,0.0,0.0,0.0,0.37577599,1.725
222.6691589,0.3274546454411765,0.0010823471428571428,28,0,0.0,0.0,0.0,0.0,0.0,0.37731001,3.1500001
216.94619971999998,0.3337633841846154,0.0011869235714285714,32,1,0.0,0.0,0.0,0.0,0.0,0.54398102,4.54999995
216.94619971999998,0.3238002980895522,0.0011869235714285714,32,1,0.0,0.0,0.0,0.0,0.0,0.49764299,3.275
216.94619971999998,0.3099231424571428,0.0011869235714285714,32,1,0.0,0.0,0.0,0.0,0.0,0.60385299,2.97500005
216.94619971999998,0.3238002980895522,0.0011869235714285714,32,0,0.0,0.0,0.0,0.0,0.0,0.47420201,4.4250000499999995
222.70204947,0.33239111861194026,0.0012319339285714285,31,1,0.0,0.0,0.0,0.0,0.0,0.42783901,3.45000005
219.67611703000003,0.32305311327941183,0.0012082696428571428,30,1,0.0,0.0,0.0,0.0,0.0,0.39775401,2.5
219.67611703000003,0.3183711841014493,0.0012082696428571428,30,0,0.0,0.0,0.0,0.0,0.0,0.35552099,4.0
224.57681196000001,0.34026789690909093,0.0011912967857142856,29,1,0.0,0.0,0.0,0.0,0.0,0.388006,4.14999995
224.57681196000001,0.33518927158208955,0.0011912967857142856,29,1,0.0,0.0,0.0,0.0,0.0,0.40406501,3.69999995
224.57681196000001,0.31191223883333336,0.0011912967857142856,29,1,0.0,0.0,0.0,0.0,0.0,0.39602199,1.57500005
218.91963392000002,0.2918928452266667,0.001343325,29,1,0.0,0.0,0.0,0.0,0.0,0.46091101,0.824999995
219.67611703000003,0.2929014893733334,0.0013558271428571428,28,1,0.0,0.0,0.0,0.0,0.0,0.52714998,1.25
219.47877361000002,0.33765965170769235,0.0011817585714285713,32,1,0.0,0.0,0.0,0.0,0.0,0.34059,3.6
219.47877361000002,0.3300432685864662,0.0011817585714285713,32,1,0.0,0.0,0.0,0.0,0.0,0.34147599,2.8000000500000004
219.47877361000002,0.32758025911940303,0.0011817585714285713,32,1,0.0,0.0,0.0,0.0,0.0,0.34010699,2.5500000500000004
219.47877361000002,0.3251537386814815,0.0011817585714285713,32,1,0.0,0.0,0.0,0.0,0.0,0.34641999,2.375
219.47877361000002,0.31808517914492757,0.0011817585714285713,32,1,0.0,0.0,0.0,0.0,0.0,0.34508201,1.775
219.47877361000002,0.3135411051571429,0.0011817585714285713,32,1,0.0,0.0,0.0,0.0,0.0,0.345294,1.45
219.47877361000002,0.3657979560166667,0.0011817585714285713,32,0,0.0,0.0,0.0,0.0,0.0,0.34540799,0.5
219.47877361000002,0.35399802195161295,0.0011817585714285713,32,0,0.0,0.0,0.0,0.0,0.0,0.37294099,1.075
219.47877361000002,0.35116603777600003,0.0011817585714285713,32,0,0.0,0.0,0.0,0.0,0.0,0.33027899,0.950000005
219.47877361000002,0.3402771683875969,0.0011817585714285713,32,0,0.0,0.0,0.0,0.0,0.0,0.337365,1.65
219.47877361000002,0.33765965170769235,0.0011817585714285713,32,0,0.0,0.0,0.0,0.0,0.0,0.33064499,1.8
219.47877361000002,0.3325435963787879,0.0011817585714285713,32,0,0.0,0.0,0.0,0.0,0.0,0.341032,2.325
216.18971661000003,0.33259956401538465,0.0011217414285714287,31,1,0.0,0.0,0.0,0.0,0.0,0.3642,3.15
216.18971661000003,0.32267121882089556,0.0011217414285714287,31,1,0.0,0.0,0.0,0.0,0.0,0.36130601,2.1999999499999996
216.18971661000003,0.30884245230000007,0.0011217414285714287,31,1,0.0,0.0,0.0,0.0,0.0,0.36736,1.25
216.18971661000003,0.3066520802978724,0.0011217414285714287,31,1,0.0,0.0,0.0,0.0,0.0,0.37518099,1.175
216.18971661000003,0.30236324001398607,0.0011217414285714287,31,1,0.0,0.0,0.0,0.0,0.0,0.375007,0.950000005
216.18971661000003,0.30026349529166674,0.0011217414285714287,31,1,0.0,0.0,0.0,0.0,0.0,0.379069,0.874999995
216.18971661000003,0.28825295548,0.0011217414285714287,31,1,0.0,0.0,0.0,0.0,0.0,0.39943299,0.52499999
216.18971661000003,0.3930722120181819,0.0011217414285714287,31,0,0.0,0.0,0.0,0.0,0.0,0.462248,0.3499999905
216.18971661000003,0.36031619435000006,0.0011217414285714287,31,0,0.0,0.0,0.0,0.0,0.0,0.32388499,0.525000005
216.18971661000003,0.3431582803333334,0.0011217414285714287,31,0,0.0,0.0,0.0,0.0,0.0,0.33915201,1.4
216.18971661000003,0.33259956401538465,0.0011217414285714287,31,0,0.0,0.0,0.0,0.0,0.0,0.33583,2.20000005
221.84689465000002,0.3413029148461539,0.0011285185714285714,30,1,0.0,0.0,0.0,0.0,0.0,0.36264399,4.10000005
221.84689465000002,0.3311147681343284,0.0011285185714285714,30,1,0.0,0.0,0.0,0.0,0.0,0.33244401,2.75
221.84689465000002,0.3286620661481482,0.0011285185714285714,30,1,0.0,0.0,0.0,0.0,0.0,0.33175901,2.5
221.84689465000002,0.31692413521428575,0.0011285185714285714,30,1,0.0,0.0,0.0,0.0,0.0,0.348629,1.625
221.84689465000002,0.29579585953333337,0.0011285185714285714,30,1,0.0,0.0,0.0,0.0,0.0,0.40142801,0.775000005
221.84689465000002,0.35213792801587307,0.0011285185714285714,30,0,0.0,0.0,0.0,0.0,0.0,0.52057397,2.0749999900000002
221.84689465000002,0.3413029148461539,0.0011285185714285714,30,0,0.0,0.0,0.0,0.0,0.0,0.335399,1.525
221.84689465000002,0.3336043528571429,0.0011285185714285714,30,0,0.0,0.0,0.0,0.0,0.0,0.32844901,2.1
221.84689465000002,0.3311147681343284,0.0011285185714285714,30,0,0.0,0.0,0.0,0.0,0.0,0.32653499,2.3249999499999996
219.24853962,0.33730544556923076,0.0010923957142857143,29,1,0.0,0.0,0.0,0.0,0.0,0.36295,3.6
219.24853962,0.3296970520601504,0.0010923957142857143,29,1,0.0,0.0,0.0,0.0,0.0,0.33285701,2.575
219.24853962,0.31321219945714285,0.0010923957142857143,29,1,0.0,0.0,0.0,0.0,0.0,0.332481,1.225
219.24853962,0.29233138616,0.0010923957142857143,29,1,0.0,0.0,0.0,0.0,0.0,0.357382,0.42500001
219.24853962,0.3654142327,0.0010923957142857143,29,0,0.0,0.0,0.0,0.0,0.0,0.32918099,0.375
219.24853962,0.33730544556923076,0.0010923957142857143,29,0,0.0,0.0,0.0,0.0,0.0,0.30198801,1.5
219.24853962,0.3296970520601504,0.0010923957142857143,29,0,0.0,0.0,0.0,0.0,0.0,0.298159,2.15
219.24853962,0.32723662629850747,0.0010923957142857143,29,0,0.0,0.0,0.0,0.0,0.0,0.29998401,2.42499995
224.74126481,0.3745687746833333,0.0011182657142857144,28,1,0.0,0.0,0.0,0.0,0.0,0.33431101,8.5500002
224.74126481,0.3457557920153846,0.0011182657142857144,28,1,0.0,0.0,0.0,0.0,0.0,0.321632,4.39999985
224.74126481,0.3305018600147059,0.0011182657142857144,28,1,0.0,0.0,0.0,0.0,0.0,0.305884,2.4750000500000002
224.74126481,0.3210589497285714,0.0011182657142857144,28,1,0.0,0.0,0.0,0.0,0.0,0.32310799,1.725
224.74126481,0.3187819359007092,0.0011182657142857144,28,1,0.0,0.0,0.0,0.0,0.0,0.32738701,1.575
224.74126481,0.31653699269014085,0.0011182657142857144,28,1,0.0,0.0,0.0,0.0,0.0,0.32980901,1.425
224.74126481,0.3078647463150685,0.0011182657142857144,28,1,0.0,0.0,0.0,0.0,0.0,0.336252,0.925000005
224.74126481,0.30370441190540537,0.0011182657142857144,28,1,0.0,0.0,0.0,0.0,0.0,0.34601101,0.77499998
224.74126481,0.29965501974666664,0.0011182657142857144,28,1,0.0,0.0,0.0,0.0,0.0,0.350364,0.625
224.74126481,0.3457557920153846,0.0011182657142857144,28,0,0.0,0.0,0.0,0.0,0.0,0.303231,0.94999999
224.74126481,0.3305018600147059,0.0011182657142857144,28,0,0.0,0.0,0.0,0.0,0.0,0.30064401,2.1000000500000002
224.74126481,0.3280894376788321,0.0011182657142857144,28,0,0.0,0.0,0.0,0.0,0.0,0.30324599,2.375
225.92532533,0.30530449368918916,0.0012057942857142856,32,1,0.0,0.0,0.0,0.0,0.0,0.33152899,0.774999995
228.5894615,0.3265563735714286,0.0012049299999999999,31,1,0.0,0.0,0.0,0.0,0.0,0.59356999,4.54999995
222.34025319999998,0.3199140333812949,0.001187355,30,1,0.0,0.0,0.0,0.0,0.0,0.416513,2.3999999450000002
222.34025319999998,0.3176289331428571,0.001187355,30,1,0.0,0.0,0.0,0.0,0.0,0.50738502,2.8999999
219.21564905000002,0.3372548446923077,0.0011712389285714287,29,1,0.0,0.0,0.0,0.0,0.0,0.54377699,4.85
219.21564905000002,0.31316521292857147,0.0011712389285714287,29,1,0.0,0.0,0.0,0.0,0.0,0.588534,3.0
219.21564905000002,0.3372548446923077,0.0011712389285714287,29,0,0.0,0.0,0.0,0.0,0.0,0.52956301,3.325
217.24221485,0.3103460212142857,0.0012205057142857143,32,1,0.0,0.0,0.0,0.0,0.0,0.33150601,1.0750000050000001
217.57112055000002,0.33472480084615386,0.0009882948571428571,32,1,0.0,0.0,0.0,0.0,0.0,0.305154,2.8000000500000004
217.57112055000002,0.27196390068750004,0.0009882948571428571,32,1,0.0,0.0,0.0,0.0,0.0,0.37377501,0.125000005
217.57112055000002,0.33472480084615386,0.0009882948571428571,32,0,0.0,0.0,0.0,0.0,0.0,0.285427,1.825
215.20299951000004,0.3074328564428572,0.0009943882857142857,31,1,0.0,0.0,0.0,0.0,0.0,0.31432101,0.75
215.20299951000004,0.3310815377076924,0.0009943882857142857,31,0,0.0,0.0,0.0,0.0,0.0,0.28668299,2.125
216.84752801000002,0.3097821828714286,0.000957448,30,1,0.0,0.0,0.0,0.0,0.0,0.30656999,0.775000005
216.84752801000002,0.3336115815538462,0.000957448,30,0,0.0,0.0,0.0,0.0,0.0,0.310949,2.07500005
216.02526376000003,0.33234655963076926,0.0009017331428571429,29,1,0.0,0.0,0.0,0.0,0.0,0.293295,2.3000000500000004
216.02526376000003,0.3086075196571429,0.0009017331428571429,29,1,0.0,0.0,0.0,0.0,0.0,0.312803,0.724999995
216.02526376000003,0.3600421062666667,0.0009017331428571429,29,0,0.0,0.0,0.0,0.0,0.0,0.30706301,0.47500000499999995
216.02526376000003,0.33234655963076926,0.0009017331428571429,29,0,0.0,0.0,0.0,0.0,0.0,0.27407399,1.875
215.13721837,0.3309803359538461,0.0008853834285714285,28,1,0.0,0.0,0.0,0.0,0.0,0.29920101,2.15
215.13721837,0.3073388833857143,0.0008853834285714285,28,1,0.0,0.0,0.0,0.0,0.0,0.320741,0.674999985
215.13721837,0.35856203061666664,0.0008853834285714285,28,0,0.0,0.0,0.0,0.0,0.0,0.31338701,0.52499999
215.13721837,0.3309803359538461,0.0008853834285714285,28,0,0.0,0.0,0.0,0.0,0.0,0.291372,2.0999999999999996
214.57807868,0.3276001201221374,0.0009176122857142857,32,1,0.0,0.0,0.0,0.0,0.0,0.28878799,1.925
216.62008272,0.3209186410666667,0.0008960062857142858,30,1,0.0,0.0,0.0,0.0,0.0,0.25770199,1.125000005
217.87661808,0.33779320632558135,0.00079232,31,0,0.0,0.0,0.0,0.0,0.0,0.24608099,1.25
217.87661808,0.33519479704615385,0.00079232,31,0,0.0,0.0,0.0,0.0,0.0,0.24490499,1.45
213.97474511999997,0.3056782073142857,0.000774952,32,1,0.0,0.0,0.0,0.0,0.0,0.258425,0.400000005
214.17314543999998,0.3569552424,0.00083774,31,1,0.0,0.0,0.0,0.0,0.0,0.283795,5.1500001
214.17314543999998,0.3294971468307692,0.00083774,31,1,0.0,0.0,0.0,0.0,0.0,0.25142899,1.7000000000000002
214.17314543999998,0.3059616363428571,0.00083774,31,1,0.0,0.0,0.0,0.0,0.0,0.27075601,0.42499999499999996
214.17314543999998,0.3569552424,0.00083774,31,0,0.0,0.0,0.0,0.0,0.0,0.24496099,0.35000001000000003
213.61101119999998,0.32863232492307687,0.00083643,30,1,0.0,0.0,0.0,0.0,0.0,0.265037,1.6
207.85740192,0.31978061833846155,0.0009396208695652174,29,1,0.0,0.0,0.0,0.0,0.0,0.2449,0.875
207.85740192,0.2969391456,0.0009396208695652174,29,1,0.0,0.0,0.0,0.0,0.0,0.29555801,0.25000000499999997
207.85740192,0.3464290032,0.0009396208695652174,29,0,0.0,0.0,0.0,0.0,0.0,0.217746,0.500000015
207.85740192,0.2598217524,0.001178018,92,1,0.0,0.0,0.0,0.0,0.0,0.32320401,0.324999995
207.85740192,0.41571480384,0.001178018,92,0,0.0,0.0,0.0,0.0,0.0,0.305289,0.274999995
207.85740192,0.3464290032,0.001178018,92,0,0.0,0.0,0.0,0.0,0.0,0.24436,1.90000005
207.85740192,0.2969391456,0.001178018,92,0,0.0,0.0,0.0,0.0,0.0,0.191845,7.8499999
201.2109912,0.335351652,0.0009183095652173913,28,1,0.0,0.0,0.0,0.0,0.0,0.24532001,2.1
201.2109912,0.30955537107692305,0.0009183095652173913,28,1,0.0,0.0,0.0,0.0,0.0,0.26172099,0.45000000500000004
201.2109912,0.28744427314285714,0.0009183095652173913,28,1,0.0,0.0,0.0,0.0,0.0,0.33557701,0.1750000055
201.2109912,0.335351652,0.0009183095652173913,28,0,0.0,0.0,0.0,0.0,0.0,0.238288,1.2000000000000002
201.2109912,0.335351652,0.0012371448571428573,91,1,0.0,0.0,0.0,0.0,0.0,0.26340899,3.5
201.2109912,0.30955537107692305,0.0012371448571428573,91,1,0.0,0.0,0.0,0.0,0.0,0.27076101,1.625
201.2109912,0.28744427314285714,0.0012371448571428573,91,1,0.0,0.0,0.0,0.0,0.0,0.282882,0.72500002
201.2109912,0.251513739,0.0012371448571428573,91,1,0.0,0.0,0.0,0.0,0.0,0.31843901,0.174999995
201.2109912,0.4024219824,0.0012371448571428573,91,0,0.0,0.0,0.0,0.0,0.0,0.28940201,0.35000001
201.2109912,0.335351652,0.0012371448571428573,91,0,0.0,0.0,0.0,0.0,0.0,0.25435799,2.825
201.2109912,0.28744427314285714,0.0012371448571428573,91,0,0.0,0.0,0.0,0.0,0.0,0.28294301,10.2499998
201.2109912,0.28744427314285714,0.0014345956043956046,182,1,0.0,0.0,0.0,0.0,0.0,0.27939001,1.675
205.5096648,0.342516108,0.0014651919780219779,179,1,0.0,0.0,0.0,0.0,0.0,0.256403,5.25
204.41846303999998,0.29202637577142854,0.0014144468131868132,177,0,0.0,0.0,0.0,0.0,0.0,0.246261,10.3
209.70913824,0.3251304468837209,0.0010026085714285714,28,1,0.0,0.0,0.0,0.0,0.0,0.252819,1.3
202.96352736,0.3382725456,0.0009017200000000001,32,1,0.0,0.0,0.0,0.0,0.0,0.298978,2.9
202.96352736,0.324741643776,0.0009017200000000001,32,1,0.0,0.0,0.0,0.0,0.0,0.29615799,1.65
202.96352736,0.3171305115,0.0009017200000000001,32,1,0.0,0.0,0.0,0.0,0.0,0.29614201,1.125
202.96352736,0.31467213544186046,0.0009017200000000001,32,1,0.0,0.0,0.0,0.0,0.0,0.29897401,0.9999999900000001
202.96352736,0.31225158055384616,0.0009017200000000001,32,1,0.0,0.0,0.0,0.0,0.0,0.28714901,0.799999985
202.96352736,0.3382725456,0.0014532821818181818,186,1,0.0,0.0,0.0,0.0,0.0,0.26843399,5.04999995
202.96352736,0.31225158055384616,0.0014532821818181818,186,1,0.0,0.0,0.0,0.0,0.0,0.265962,2.9499999499999996
202.96352736,0.2899478962285714,0.0014532821818181818,186,1,0.0,0.0,0.0,0.0,0.0,0.27048501,1.7000000000000002
202.96352736,0.2537044092,0.0014532821818181818,186,1,0.0,0.0,0.0,0.0,0.0,0.288322,0.599999995
202.96352736,0.3382725456,0.0014532821818181818,186,0,0.0,0.0,0.0,0.0,0.0,0.262407,4.1500001
206.10486576,0.31708440886153844,0.0009339814285714284,31,1,0.0,0.0,0.0,0.0,0.0,0.284527,1.024999995
206.10486576,0.29443552251428573,0.001517311090909091,185,1,0.0,0.0,0.0,0.0,0.0,0.258598,1.775
206.10486576,0.3435081096,0.001517311090909091,185,0,0.0,0.0,0.0,0.0,0.0,0.257296,3.65
207.03073392,0.3185088214153846,0.0009156828571428571,30,1,0.0,0.0,0.0,0.0,0.0,0.28873101,1.125
207.03073392,0.2957581913142857,0.0009156828571428571,30,1,0.0,0.0,0.0,0.0,0.0,0.31154799,0.29999999499999996
207.03073392,0.33124917427199996,0.0009156828571428571,30,0,0.0,0.0,0.0,0.0,0.0,0.27354199,1.9
207.03073392,0.3450512232,0.0015009318181818181,184,1,0.0,0.0,0.0,0.0,0.0,0.260607,5.60000015
207.03073392,0.3185088214153846,0.0015009318181818181,184,1,0.0,0.0,0.0,0.0,0.0,0.24717399,3.1
207.03073392,0.2957581913142857,0.0015009318181818181,184,1,0.0,0.0,0.0,0.0,0.0,0.266482,1.95
203.62486176,0.32321406628571425,0.0009309271428571428,29,1,0.0,0.0,0.0,0.0,0.0,0.30468801,1.5
203.62486176,0.29944832611764705,0.0009309271428571428,29,1,0.0,0.0,0.0,0.0,0.0,0.382328,0.674999995
203.62486176,0.3702270213818182,0.0014633234545454545,183,0,0.0,0.0,0.0,0.0,0.0,0.26888001,2.05000005
203.0296608,0.3147746679069767,0.00090072,28,1,0.0,0.0,0.0,0.0,0.0,0.301173,0.9
203.0296608,0.3123533243076923,0.00090072,28,1,0.0,0.0,0.0,0.0,0.0,0.30560499,0.799999985
203.0296608,0.3053077606015037,0.00090072,28,1,0.0,0.0,0.0,0.0,0.0,0.31595701,0.549999985
203.0296608,0.29004237257142856,0.0014258523636363637,182,1,0.0,0.0,0.0,0.0,0.0,0.27185801,1.625
203.0296608,0.3691448378181818,0.0014258523636363637,182,0,0.0,0.0,0.0,0.0,0.0,0.270473,2.175
204.68299679999998,0.31489691815384613,0.0014653792727272728,178,0,0.0,0.0,0.0,0.0,0.0,0.261949,6.75
201.24405792,0.30960624295384614,0.0014737441818181817,177,0,0.0,0.0,0.0,0.0,0.0,0.262503,7.3499999
219.5630208,0.30924369126760565,0.0010682414285714287,28,1,0.0,0.0,0.0,0.0,0.0,0.274831,0.499999985
224.12622815999998,0.3201803259428571,0.0009197234285714286,32,0,0.0,0.0,0.0,0.0,0.0,0.19541299,3.5
223.20036,0.3433851692307692,0.0009044577142857143,31,1,0.0,0.0,0.0,0.0,0.0,0.24758101,3.1999999499999996
220.58808911999998,0.31512584159999996,0.0009173548571428572,30,1,0.0,0.0,0.0,0.0,0.0,0.242227,0.599999995
218.00888496000002,0.3353982845538462,0.0009169085714285715,29,1,0.0,0.0,0.0,0.0,0.0,0.27460501,2.17499995
218.00888496000002,0.31144126422857143,0.0009169085714285715,29,1,0.0,0.0,0.0,0.0,0.0,0.28350499,0.549999985
218.00888496000002,0.3633481416,0.0009169085714285715,29,0,0.0,0.0,0.0,0.0,0.0,0.443746,1.199999955
218.00888496000002,0.3353982845538462,0.0009169085714285715,29,0,0.0,0.0,0.0,0.0,0.0,0.238197,1.6749999999999998
218.00888496000002,0.31144126422857143,0.0009169085714285715,29,0,0.0,0.0,0.0,0.0,0.0,0.28277701,5.39999985
219.03395327999996,0.3369753127384615,0.000890682,28,1,0.0,0.0,0.0,0.0,0.0,0.232201,2.175
219.03395327999996,0.3129056475428571,0.000890682,28,1,0.0,0.0,0.0,0.0,0.0,0.24843299,0.47500001000000003
221.58009072000002,0.34621889175000004,0.0009655285714285715,32,0,0.0,0.0,0.0,0.0,0.0,0.248972,0.874999995
221.58009072000002,0.3408924472615385,0.0009655285714285715,32,0,0.0,0.0,0.0,0.0,0.0,0.23653901,1.124999995
229.14890766,0.3471953146363636,0.0008397278260869566,28,1,0.0,0.0,0.0,0.0,0.0,0.275141,3.8499999
229.14890766,0.332099866173913,0.0008397278260869566,28,1,0.0,0.0,0.0,0.0,0.0,0.249704,1.875
233.73587447999998,0.3339083921142857,0.0008594000000000001,32,1,0.0,0.0,0.0,0.0,0.0,0.269788,2.2749999499999998
233.73587447999998,0.38955979079999997,0.0008594000000000001,32,0,0.0,0.0,0.0,0.0,0.0,0.328805,0.1500000005
233.73587447999998,0.3595936530461538,0.0008594000000000001,32,0,0.0,0.0,0.0,0.0,0.0,0.28754401,0.599999995
233.73587447999998,0.3339083921142857,0.0008594000000000001,32,0,0.0,0.0,0.0,0.0,0.0,0.250696,2.05
233.73587447999998,0.3339083921142857,0.0013627525274725275,186,1,0.0,0.0,0.0,0.0,0.0,0.269905,5.29999995
233.07109668,0.33295870954285717,0.000861945,31,1,0.0,0.0,0.0,0.0,0.0,0.30356899,2.20000005
233.07109668,0.31076146224,0.000861945,31,1,0.0,0.0,0.0,0.0,0.0,0.31393,0.724999995
233.07109668,0.3585709179692308,0.000861945,31,0,0.0,0.0,0.0,0.0,0.0,0.284538,0.700000015
233.07109668,0.33295870954285717,0.000861945,31,0,0.0,0.0,0.0,0.0,0.0,0.217035,2.125
234.06826338,0.3343832334,0.00085295,30,1,0.0,0.0,0.0,0.0,0.0,0.26354301,2.2750001
234.06826338,0.31209101784,0.00085295,30,1,0.0,0.0,0.0,0.0,0.0,0.272558,0.650000005
234.06826338,0.3343832334,0.00085295,30,0,0.0,0.0,0.0,0.0,0.0,0.248854,1.85
234.06826338,0.36010502058461535,0.0012182233333333334,93,1,0.0,0.0,0.0,0.0,0.0,0.31374401,7.1500001
234.06826338,0.3343832334,0.0012182233333333334,93,1,0.0,0.0,0.0,0.0,0.0,0.28729001,3.94999995
234.06826338,0.29258532922499997,0.0012182233333333334,93,1,0.0,0.0,0.0,0.0,0.0,0.27820501,0.900000005
234.06826338,0.42557866069090905,0.0012182233333333334,93,0,0.0,0.0,0.0,0.0,0.0,0.34165701,0.42499999499999996
234.06826338,0.36010502058461535,0.0012182233333333334,93,0,0.0,0.0,0.0,0.0,0.0,0.276591,1.9
234.50036895,0.3350005270714286,0.0008800604347826087,29,1,0.0,0.0,0.0,0.0,0.0,0.25797701,2.32500005
234.50036895,0.3126671586,0.0008800604347826087,29,1,0.0,0.0,0.0,0.0,0.0,0.25957,0.599999995
234.50036895,0.3126671586,0.0012648944444444443,92,1,0.0,0.0,0.0,0.0,0.0,0.27680501,1.9999999499999999
234.50036895,0.36076979838461537,0.0012648944444444443,92,0,0.0,0.0,0.0,0.0,0.0,0.27204999,1.75
231.20971884,0.35570725975384615,0.0008376499999999999,28,1,0.0,0.0,0.0,0.0,0.0,0.29100701,5.1500001
231.20971884,0.33029959834285716,0.0008376499999999999,28,1,0.0,0.0,0.0,0.0,0.0,0.25256899,1.725
231.20971884,0.30827962512,0.0008376499999999999,28,1,0.0,0.0,0.0,0.0,0.0,0.266774,0.42499999499999996
231.20971884,0.33029959834285716,0.0008376499999999999,28,0,0.0,0.0,0.0,0.0,0.0,0.251066,2.17499995
231.20971884,0.28901214855,0.001254591111111111,91,1,0.0,0.0,0.0,0.0,0.0,0.27147999,0.75
231.20971884,0.2568996876,0.001254591111111111,91,1,0.0,0.0,0.0,0.0,0.0,0.30245399,0.1999999955
231.20971884,0.3853495314,0.001254591111111111,91,0,0.0,0.0,0.0,0.0,0.0,0.31231299,0.97500001
231.20971884,0.33029959834285716,0.001254591111111111,91,0,0.0,0.0,0.0,0.0,0.0,0.26000699,3.9999998999999997
231.20971884,0.30827962512,0.0014375136263736262,182,1,0.0,0.0,0.0,0.0,0.0,0.27119201,3.0249999499999998
227.65315760999997,0.3397808322537313,0.0008721642857142857,32,0,0.0,0.0,0.0,0.0,0.0,0.28099999,1.625
227.65315760999997,0.41391483201818174,0.0014530603296703296,179,0,0.0,0.0,0.0,0.0,0.0,0.333009,1.425
225.42615197999996,0.3220373599714285,0.001453409010989011,178,1,0.0,0.0,0.0,0.0,0.0,0.27840701,4.1000001500000005
225.42615197999996,0.30056820263999995,0.001453409010989011,178,1,0.0,0.0,0.0,0.0,0.0,0.272569,2.4
225.42615197999996,0.28178268997499994,0.001453409010989011,178,1,0.0,0.0,0.0,0.0,0.0,0.28510299,1.5499999999999998
229.11566877,0.32730809824285717,0.0014575787912087911,177,1,0.0,0.0,0.0,0.0,0.0,0.27193901,4.5
230.61141881999998,0.32029363725,0.0008831828571428571,29,1,0.0,0.0,0.0,0.0,0.0,0.24556001,0.874999995
230.6778966,0.31599711863013696,0.0008684185714285714,28,1,0.0,0.0,0.0,0.0,0.0,0.24788,0.650000005
236.02935789,0.34207153317391303,0.0008841649999999999,28,1,0.0,0.0,0.0,0.0,0.0,0.311667,3.5500000500000004
236.02935789,0.327818552625,0.0008841649999999999,28,1,0.0,0.0,0.0,0.0,0.0,0.29235801,1.85
236.02935789,0.31470581052,0.0008841649999999999,28,1,0.0,0.0,0.0,0.0,0.0,0.29913899,0.925
239.18705243999997,0.3276534964931507,0.0008909699999999999,31,1,0.0,0.0,0.0,0.0,0.0,0.272643,1.7999999999999998
238.42255797,0.31789674396,0.0009065257142857143,32,1,0.0,0.0,0.0,0.0,0.0,0.24462201,0.875
238.42255797,0.35585456413432837,0.0009065257142857143,32,0,0.0,0.0,0.0,0.0,0.0,0.27357501,0.625
238.42255797,0.34060365424285716,0.0009065257142857143,32,0,0.0,0.0,0.0,0.0,0.0,0.260968,1.425
240.45013026,0.3249326084594595,0.0009065442857142858,31,1,0.0,0.0,0.0,0.0,0.0,0.25609499,1.4500000000000002
240.45013026,0.3435001860857143,0.0009065442857142858,31,0,0.0,0.0,0.0,0.0,0.0,0.26285601,1.2000000000000002
242.97628589999997,0.32834633229729726,0.0008917214285714286,30,1,0.0,0.0,0.0,0.0,0.0,0.248386,1.625
242.97628589999997,0.32396838119999993,0.0008917214285714286,30,1,0.0,0.0,0.0,0.0,0.0,0.248348,1.25
242.97628589999997,0.40496047649999994,0.0008917214285714286,30,0,0.0,0.0,0.0,0.0,0.0,0.35946,0.075000005
242.97628589999997,0.37380967061538456,0.0008917214285714286,30,0,0.0,0.0,0.0,0.0,0.0,0.30207899,0.25000000499999997
242.97628589999997,0.32396838119999993,0.0014729922222222222,93,1,0.0,0.0,0.0,0.0,0.0,0.246545,2.65
246.30017489999997,0.33283807418918915,0.0009049471428571428,28,1,0.0,0.0,0.0,0.0,0.0,0.25939399,2.17499995
246.30017489999997,0.32840023319999995,0.0009049471428571428,28,1,0.0,0.0,0.0,0.0,0.0,0.260187,1.725
246.30017489999997,0.319870357012987,0.0009049471428571428,28,1,0.0,0.0,0.0,0.0,0.0,0.25340301,0.97499999
246.30017489999997,0.33739749986301365,0.0009049471428571428,28,0,0.0,0.0,0.0,0.0,0.0,0.262402,1.625
246.30017489999997,0.3518573927142857,0.0015143544444444442,91,1,0.0,0.0,0.0,0.0,0.0,0.26425999,6.0
238.48903575,0.32669730924657536,0.0008920760869565217,28,1,0.0,0.0,0.0,0.0,0.0,0.247989,1.2999999899999999
240.41689136999997,0.34345270195714284,0.0009837,32,1,0.0,0.0,0.0,0.0,0.0,0.28943199,3.4
240.41689136999997,0.32055585515999996,0.0009837,32,1,0.0,0.0,0.0,0.0,0.0,0.27448899,1.0499999899999999
236.89356902999998,0.36445164466153845,0.0009610100000000001,31,1,0.0,0.0,0.0,0.0,0.0,0.35116401,6.79999995
236.89356902999998,0.3384193843285714,0.0009610100000000001,31,1,0.0,0.0,0.0,0.0,0.0,0.272347,2.75
236.89356902999998,0.31585809204,0.0009610100000000001,31,1,0.0,0.0,0.0,0.0,0.0,0.25049701,0.67500001
236.89356902999998,0.3384193843285714,0.0009610100000000001,31,0,0.0,0.0,0.0,0.0,0.0,0.239757,1.5499999999999998
236.36174678999998,0.36363345659999996,0.0009539555555555555,30,1,0.0,0.0,0.0,0.0,0.0,0.34968901,6.39999985
236.36174678999998,0.33765963827142853,0.0009539555555555555,30,1,0.0,0.0,0.0,0.0,0.0,0.27620801,2.425
236.36174678999998,0.33765963827142853,0.0009539555555555555,30,0,0.0,0.0,0.0,0.0,0.0,0.218868,1.675
234.3341745,0.33476310642857143,0.0009747566666666665,29,1,0.0,0.0,0.0,0.0,0.0,0.27948099,2.075
234.3341745,0.292917718125,0.0009747566666666665,29,1,0.0,0.0,0.0,0.0,0.0,0.32857299,0.1999999955
234.3341745,0.33476310642857143,0.0009747566666666665,29,0,0.0,0.0,0.0,0.0,0.0,0.20971499,1.875
231.60858552000002,0.3563209008,0.0009897322222222223,28,1,0.0,0.0,0.0,0.0,0.0,0.31394699,5.1999999500000005
231.60858552000002,0.33086940788571434,0.0009897322222222223,28,1,0.0,0.0,0.0,0.0,0.0,0.25183299,1.625
231.60858552000002,0.3563209008,0.0009897322222222223,28,0,0.0,0.0,0.0,0.0,0.0,0.27093199,0.55000001
231.60858552000002,0.33086940788571434,0.0009897322222222223,28,0,0.0,0.0,0.0,0.0,0.0,0.23767,2.1999999499999996
224.80006276,0.28100007845,0.0064191880769230766,368,1,0.0,0.0,0.0,0.0,0.0,0.27288601,2.7750001
227.50809445,0.3250115635,0.005681117472527472,185,1,0.0,0.0,0.0,0.0,0.0,0.29370999,4.64999985
227.24063453,0.34960097619999997,0.00549744,93,1,0.0,0.0,0.0,0.0,0.0,0.306225,5.60000015
227.24063453,0.4131647900545454,0.00549744,93,0,0.0,0.0,0.0,0.0,0.0,0.36543599,0.75
231.01850589999998,0.31646370671232876,0.0054624545,29,1,0.0,0.0,0.0,0.0,0.0,0.31527999,0.975
231.01850589999998,0.36096641546874997,0.0054624545,29,0,0.0,0.0,0.0,0.0,0.0,0.32420701,0.724999995
231.01850589999998,0.33002643699999995,0.005539953548387096,92,0,0.0,0.0,0.0,0.0,0.0,0.27189001,4.39999985
226.33795730000003,0.34821224200000006,0.0055479,91,1,0.0,0.0,0.0,0.0,0.0,0.293378,5.29999995
226.33795730000003,0.41152355872727275,0.0055479,91,0,0.0,0.0,0.0,0.0,0.0,0.36735401,0.75
226.33795730000003,0.3772299288333334,0.0055479,91,0,0.0,0.0,0.0,0.0,0.0,0.35480401,1.72499995
226.33795730000003,0.34821224200000006,0.0055479,91,0,0.0,0.0,0.0,0.0,0.0,0.28521201,2.67499995
220.9887589,0.3202735636231884,0.005542979333333333,32,1,0.0,0.0,0.0,0.0,0.0,0.292651,1.175
220.9887589,0.315698227,0.005542979333333333,32,1,0.0,0.0,0.0,0.0,0.0,0.28000799,0.825000015
220.9887589,0.29465167853333335,0.005542979333333333,32,1,0.0,0.0,0.0,0.0,0.0,0.28409499,0.1750000055
220.9887589,0.3683145981666667,0.005542979333333333,32,0,0.0,0.0,0.0,0.0,0.0,0.35838601,0.650000005
220.9887589,0.315698227,0.005542979333333333,32,0,0.0,0.0,0.0,0.0,0.0,0.280754,4.70000005
220.9887589,0.33998270599999997,0.005804495000000001,179,0,0.0,0.0,0.0,0.0,0.0,0.285081,4.9499998
225.80303746000004,0.3180324471267606,0.0055909946666666665,31,1,0.0,0.0,0.0,0.0,0.0,0.25060901,0.75
225.80303746000004,0.3010707166133334,0.0055909946666666665,31,1,0.0,0.0,0.0,0.0,0.0,0.257456,0.20000000499999998
225.80303746000004,0.3763383957666667,0.0055909946666666665,31,0,0.0,0.0,0.0,0.0,0.0,0.401135,0.599999995
225.80303746000004,0.3225757678000001,0.0055909946666666665,31,0,0.0,0.0,0.0,0.0,0.0,0.25077701,3.4499999499999996
225.80303746000004,0.3763383957666667,0.005839468666666666,178,0,0.0,0.0,0.0,0.0,0.0,0.29550201,2.45
226.10392987,0.3478521998,0.00568933,30,1,0.0,0.0,0.0,0.0,0.0,0.270605,3.65
226.10392987,0.30147190649333333,0.00568933,30,1,0.0,0.0,0.0,0.0,0.0,0.25088301,0.175
226.10392987,0.3478521998,0.00568933,30,0,0.0,0.0,0.0,0.0,0.0,0.26071799,0.92500001
226.10392987,0.3325057792205882,0.00568933,30,0,0.0,0.0,0.0,0.0,0.0,0.24175499,2.05000005
226.10392987,0.3230056141,0.005896021666666667,177,1,0.0,0.0,0.0,0.0,0.0,0.26841,3.85
226.10392987,0.2660046233764706,0.005896021666666667,177,1,0.0,0.0,0.0,0.0,0.0,0.26587299,0.674999995
228.24360923,0.32146987215492956,0.005596524,29,1,0.0,0.0,0.0,0.0,0.0,0.224088,0.724999995
228.24360923,0.3043248123066667,0.005596524,29,1,0.0,0.0,0.0,0.0,0.0,0.237038,0.175
228.24360923,0.3406621033283582,0.005596524,29,0,0.0,0.0,0.0,0.0,0.0,0.236748,1.225
232.58983293,0.31011977724,0.00543304,30,1,0.0,0.0,0.0,0.0,0.0,0.21661299,0.24999999550000002
235.56532453999998,0.33652189219999995,0.0049742599999999994,30,0,0.0,0.0,0.0,0.0,0.0,0.278736,2.15
235.56532453999998,0.3140870993866666,0.007447027582417582,366,1,0.0,0.0,0.0,0.0,0.0,0.28696799,5.79999995
235.56532453999998,0.42830059007272725,0.007447027582417582,366,0,0.0,0.0,0.0,0.0,0.0,0.325775,2.7749999499999998
235.56532453999998,0.33652189219999995,0.007447027582417582,366,0,0.0,0.0,0.0,0.0,0.0,0.291991,8.3499999
237.70500389999998,0.3169400052,0.0049082815,29,1,0.0,0.0,0.0,0.0,0.0,0.318905,1.125
237.70500389999998,0.3169400052,0.00748305,365,1,0.0,0.0,0.0,0.0,0.0,0.30977699,6.45000005
237.70500389999998,0.43219091618181815,0.00748305,365,0,0.0,0.0,0.0,0.0,0.0,0.33682999,2.9749999
237.70500389999998,0.36570000599999997,0.00748305,365,0,0.0,0.0,0.0,0.0,0.0,0.29975301,5.9499998
231.75402068,0.3310771724,0.00496391,28,1,0.0,0.0,0.0,0.0,0.0,0.37031701,2.325
231.75402068,0.30900536090666664,0.00496391,28,1,0.0,0.0,0.0,0.0,0.0,0.402657,1.024999995
231.75402068,0.3862567011333333,0.00496391,28,0,0.0,0.0,0.0,0.0,0.0,0.60061502,1.225
231.75402068,0.3565446472,0.00496391,28,0,0.0,0.0,0.0,0.0,0.0,0.38442999,1.325
231.75402068,0.4213709466909091,0.007519030760869565,364,0,0.0,0.0,0.0,0.0,0.0,0.33184701,3.1
231.75402068,0.3310771724,0.007519030760869565,364,0,0.0,0.0,0.0,0.0,0.0,0.271303,8.29999995
235.96651442,0.3370950206,0.005031662,32,1,0.0,0.0,0.0,0.0,0.0,0.420295,3.79999995
235.96651442,0.23596651442000002,0.007552630434782608,361,1,0.0,0.0,0.0,0.0,0.0,0.31465501,1.575
235.96651442,0.27760766402352943,0.007552630434782608,361,1,0.0,0.0,0.0,0.0,0.0,0.29787499,3.375
243.25479724000002,0.32433972965333335,0.005241099666666666,31,1,0.0,0.0,0.0,0.0,0.0,0.262319,1.19999999
232.89072534,0.3582934236,0.0046969153333333334,32,1,0.0,0.0,0.0,0.0,0.0,0.33842799,5.39999985
232.89072534,0.33270103619999997,0.0046969153333333334,32,1,0.0,0.0,0.0,0.0,0.0,0.28867701,2.02500005
232.89072534,0.31052096712,0.0046969153333333334,32,1,0.0,0.0,0.0,0.0,0.0,0.29221001,0.599999995
232.89072534,0.33270103619999997,0.0046969153333333334,32,0,0.0,0.0,0.0,0.0,0.0,0.28927401,2.775
237.40411149000002,0.3391487307,0.004691629666666666,31,1,0.0,0.0,0.0,0.0,0.0,0.30476001,2.79999995
237.40411149000002,0.31653881532,0.004691629666666666,31,1,0.0,0.0,0.0,0.0,0.0,0.26701799,0.700000015
238.10619378,0.36631722120000004,0.00469686,30,1,0.0,0.0,0.0,0.0,0.0,0.34579,6.70000005
238.10619378,0.3401517054,0.00469686,30,1,0.0,0.0,0.0,0.0,0.0,0.2967,2.875
238.10619378,0.31747492504,0.00469686,30,1,0.0,0.0,0.0,0.0,0.0,0.26800799,0.75
236.10024438000002,0.36323114520000005,0.004694661,29,1,0.0,0.0,0.0,0.0,0.0,0.31145099,6.0
235.79935197,0.3627682338,0.004671642,28,1,0.0,0.0,0.0,0.0,0.0,0.25805601,5.70000005
235.79935197,0.3368562171,0.004671642,28,1,0.0,0.0,0.0,0.0,0.0,0.28033501,2.2750001
235.79935197,0.3627682338,0.004671642,28,0,0.0,0.0,0.0,0.0,0.0,0.34518999,0.775000005
235.79935197,0.3368562171,0.004671642,28,0,0.0,0.0,0.0,0.0,0.0,0.30143201,2.25
235.06383719000002,0.36163667260000004,0.004816712,31,0,0.0,0.0,0.0,0.0,0.0,0.30725801,0.7000000000000001
224.7682765,0.3457973484615385,0.004780943,29,0,0.0,0.0,0.0,0.0,0.0,0.359413,1.925
234.4501885,0.3349288407142857,0.004742506,29,1,0.0,0.0,0.0,0.0,0.0,0.33127999,2.32500005
234.4501885,0.42627307,0.006409598709677419,93,0,0.0,0.0,0.0,0.0,0.0,0.42931601,1.0250000049999999
234.4501885,0.39075031416666667,0.006409598709677419,93,0,0.0,0.0,0.0,0.0,0.0,0.37805101,1.675
234.4501885,0.36069259769230766,0.006409598709677419,93,0,0.0,0.0,0.0,0.0,0.0,0.32123601,2.6499999499999998
234.4501885,0.3349288407142857,0.006409598709677419,93,0,0.0,0.0,0.0,0.0,0.0,0.29925299,4.75
234.4501885,0.3126002513333333,0.008604547802197804,184,0,0.0,0.0,0.0,0.0,0.0,0.29570901,9.5000002
236.46725350000003,0.3378103621428572,0.004735624,28,1,0.0,0.0,0.0,0.0,0.0,0.30918401,2.55
236.46725350000003,0.31528967133333335,0.004735624,28,1,0.0,0.0,0.0,0.0,0.0,0.29958099,0.75
236.46725350000003,0.36379577461538465,0.006438969677419354,92,1,0.0,0.0,0.0,0.0,0.0,0.34872699,7.5999999
236.46725350000003,0.42994046090909094,0.006438969677419354,92,0,0.0,0.0,0.0,0.0,0.0,0.39981899,0.724999995
236.46725350000003,0.39411208916666673,0.006438969677419354,92,0,0.0,0.0,0.0,0.0,0.0,0.35637701,1.3
236.46725350000003,0.36379577461538465,0.006438969677419354,92,0,0.0,0.0,0.0,0.0,0.0,0.32694501,2.4499999499999996
236.46725350000003,0.3378103621428572,0.006438969677419354,92,0,0.0,0.0,0.0,0.0,0.0,0.30725899,4.45000005
238.18175875,0.31757567833333333,0.00645146,91,1,0.0,0.0,0.0,0.0,0.0,0.27773201,2.125
240.40053025000003,0.30050066281250004,0.008774751,179,1,0.0,0.0,0.0,0.0,0.0,0.257925,2.1
241.3082095,0.301635261875,0.008877748,178,1,0.0,0.0,0.0,0.0,0.0,0.25084099,2.075
241.40906275000003,0.30176132843750003,0.004885203500000001,29,1,0.0,0.0,0.0,0.0,0.0,0.361101,0.5750000000000001
241.40906275000003,0.3713985580769231,0.004885203500000001,29,0,0.0,0.0,0.0,0.0,0.0,0.39195099,0.750000005
250.14967775,0.3523234897887324,0.005342537666666667,31,0,0.0,0.0,0.0,0.0,0.0,0.29631901,1.15
253.30974625,0.3671155742753623,0.00532868,30,0,0.0,0.0,0.0,0.0,0.0,0.33024001,0.650000005
252.30121375000002,0.3364016183333334,0.005521294666666666,32,1,0.0,0.0,0.0,0.0,0.0,0.282195,2.5250001
252.30121375000002,0.31537651718750004,0.005521294666666666,32,1,0.0,0.0,0.0,0.0,0.0,0.274387,0.775000005
246.98960925,0.329319479,0.005616690333333333,31,1,0.0,0.0,0.0,0.0,0.0,0.275049,1.7
246.98960925,0.3087370115625,0.005616690333333333,31,1,0.0,0.0,0.0,0.0,0.0,0.26828599,0.42500001
246.98960925,0.41164934875,0.005616690333333333,31,0,0.0,0.0,0.0,0.0,0.0,0.46920401,0.275000005
246.98960925,0.35284229892857144,0.005616690333333333,31,0,0.0,0.0,0.0,0.0,0.0,0.302818,1.15
246.98960925,0.347872689084507,0.005616690333333333,31,0,0.0,0.0,0.0,0.0,0.0,0.295158,1.425
246.98960925,0.34544001293706295,0.005616690333333333,31,0,0.0,0.0,0.0,0.0,0.0,0.309228,1.725
246.98960925,0.34304112395833336,0.005616690333333333,31,0,0.0,0.0,0.0,0.0,0.0,0.287191,1.75
246.98960925,0.3406753231034483,0.005616690333333333,31,0,0.0,0.0,0.0,0.0,0.0,0.282103,1.92499995
246.98960925,0.33834193047945205,0.005616690333333333,31,0,0.0,0.0,0.0,0.0,0.0,0.27817699,2.125
246.98960925,0.3337697422297297,0.005616690333333333,31,0,0.0,0.0,0.0,0.0,0.0,0.27630699,2.625
246.98960925,0.329319479,0.005616690333333333,31,0,0.0,0.0,0.0,0.0,0.0,0.263448,3.1
250.95650375000002,0.3346086716666667,0.005712040000000001,30,1,0.0,0.0,0.0,0.0,0.0,0.26934099,2.15
250.95650375000002,0.3302059259868421,0.005712040000000001,30,1,0.0,0.0,0.0,0.0,0.0,0.260858,1.65
250.95650375000002,0.31369562968750003,0.005712040000000001,30,1,0.0,0.0,0.0,0.0,0.0,0.250332,0.5
250.95650375000002,0.3485506996527778,0.005712040000000001,30,0,0.0,0.0,0.0,0.0,0.0,0.28055501,1.25
250.95650375000002,0.346146901724138,0.005712040000000001,30,0,0.0,0.0,0.0,0.0,0.0,0.277042,1.4
250.95650375000002,0.34143742006802724,0.005712040000000001,30,0,0.0,0.0,0.0,0.0,0.0,0.264691,1.7000000000000002
245.77937025,0.327705827,0.0058203989999999995,29,1,0.0,0.0,0.0,0.0,0.0,0.28592101,1.5499999999999998
245.77937025,0.31510175673076923,0.0058203989999999995,29,1,0.0,0.0,0.0,0.0,0.0,0.281836,0.700000015
237.57663925000003,0.3299675545138889,0.0069381596666666665,31,1,0.0,0.0,0.0,0.0,0.0,0.30681601,1.85
232.83653650000002,0.29104567062500003,0.008518550666666666,32,1,0.0,0.0,0.0,0.0,0.0,0.29892701,0.1250000005
232.83653650000002,0.3880608941666667,0.008518550666666666,32,0,0.0,0.0,0.0,0.0,0.0,0.418394,0.52499999
232.83653650000002,0.3326236235714286,0.008518550666666666,32,0,0.0,0.0,0.0,0.0,0.0,0.295544,3.0
238.61878950000002,0.318158386,0.008657753333333334,31,1,0.0,0.0,0.0,0.0,0.0,0.25818899,0.625
238.61878950000002,0.340883985,0.008657753333333334,31,0,0.0,0.0,0.0,0.0,0.0,0.275022,2.02500005
231.15564900000004,0.30820753200000006,0.00875826,30,1,0.0,0.0,0.0,0.0,0.0,0.29530799,0.39999998999999997
231.15564900000004,0.35562407538461543,0.00875826,30,0,0.0,0.0,0.0,0.0,0.0,0.32234299,1.175
226.718106,0.3238830085714286,0.008867362,29,1,0.0,0.0,0.0,0.0,0.0,0.285326,1.0499999949999999
226.718106,0.302290808,0.008867362,29,1,0.0,0.0,0.0,0.0,0.0,0.29585099,0.25000000499999997
226.718106,0.37786351,0.008867362,29,0,0.0,0.0,0.0,0.0,0.0,0.369093,0.47500001000000003
224.53295225000002,0.32076136035714287,0.008971848,28,1,0.0,0.0,0.0,0.0,0.0,0.29327899,0.849999995
224.53295225000002,0.2993772696666667,0.008971848,28,1,0.0,0.0,0.0,0.0,0.0,0.29735899,0.175
224.53295225000002,0.37422158708333336,0.008971848,28,0,0.0,0.0,0.0,0.0,0.0,0.37422001,0.57499999
224.53295225000002,0.3454353111538462,0.008971848,28,0,0.0,0.0,0.0,0.0,0.0,0.31192401,1.65
231.79438625000003,0.3863239770833334,0.009439752000000001,31,0,0.0,0.0,0.0,0.0,0.0,0.38238901,0.400000005
231.79438625000003,0.36217872851562505,0.009439752000000001,31,0,0.0,0.0,0.0,0.0,0.0,0.33356199,0.9
223.35935016000002,0.31908478594285716,0.010868302666666668,32,1,0.0,0.0,0.0,0.0,0.0,0.32392901,1.1
223.35935016000002,0.29781246688,0.010868302666666668,32,1,0.0,0.0,0.0,0.0,0.0,0.39285201,0.574999995
225.0829584,0.3001106112,0.010960106999999998,31,1,0.0,0.0,0.0,0.0,0.0,0.313512,0.29999999499999996
225.0829584,0.500184352,0.02620197252747253,367,0,0.0,0.0,0.0,0.0,0.0,0.39241499,1.725
225.0829584,0.34628147446153845,0.02620197252747253,367,0,0.0,0.0,0.0,0.0,0.0,0.318445,7.3499999
225.0829584,0.3215470834285714,0.02620197252747253,367,0,0.0,0.0,0.0,0.0,0.0,0.301808,9.7499998
225.0829584,0.3001106112,0.02620197252747253,367,0,0.0,0.0,0.0,0.0,0.0,0.30105999,13.0
226.53619672000002,0.2831702459,0.01967948538461538,184,1,0.0,0.0,0.0,0.0,0.0,0.28159899,1.425
226.53619672000002,0.3775603278666667,0.01967948538461538,184,0,0.0,0.0,0.0,0.0,0.0,0.316255,2.9499999499999996
226.53619672000002,0.348517225723077,0.01967948538461538,184,0,0.0,0.0,0.0,0.0,0.0,0.28877801,4.60000015
226.53619672000002,0.3236231381714286,0.01967948538461538,184,0,0.0,0.0,0.0,0.0,0.0,0.27163899,7.10000015
217.54639688000003,0.31078056697142864,0.0112833005,29,0,0.0,0.0,0.0,0.0,0.0,0.32298899,6.25
217.54639688000003,0.3625773281333334,0.019955542197802198,183,0,0.0,0.0,0.0,0.0,0.0,0.32872701,3.89999995
217.54639688000003,0.31078056697142864,0.019955542197802198,183,0,0.0,0.0,0.0,0.0,0.0,0.29201701,8.9000001
217.54639688000003,0.27193299610000005,0.026879089999999998,365,1,0.0,0.0,0.0,0.0,0.0,0.29639199,2.85
217.54639688000003,0.3625773281333334,0.026879089999999998,365,0,0.0,0.0,0.0,0.0,0.0,0.33371601,6.0999999
217.4788044,0.362464674,0.02019657,182,0,0.0,0.0,0.0,0.0,0.0,0.31986201,3.69999995
217.4788044,0.3106840062857143,0.02019657,182,0,0.0,0.0,0.0,0.0,0.0,0.288048,8.75
217.4788044,0.6213680125714286,0.027225088152173914,364,0,0.0,0.0,0.0,0.0,0.0,0.49901599,1.2000000100000001
219.91213367999998,0.27489016709999997,0.020300873333333334,178,1,0.0,0.0,0.0,0.0,0.0,0.27629799,1.0
220.45287352000003,0.3674214558666667,0.02055518333333333,177,0,0.0,0.0,0.0,0.0,0.0,0.31733599,3.29999995
222.00750056,0.31268662050704227,0.012361899,28,1,0.0,0.0,0.0,0.0,0.0,0.301507,0.525000005
223.86629376,0.3292151378823529,0.013909654,28,1,0.0,0.0,0.0,0.0,0.0,0.32361799,1.625
223.86629376,0.324443904,0.013909654,28,1,0.0,0.0,0.0,0.0,0.0,0.31440401,1.225
212.88251576000002,0.3670388202758621,0.016745407,28,0,0.0,0.0,0.0,0.0,0.0,0.34557,0.625
209.23252184,0.326925815375,0.017335014666666666,32,1,0.0,0.0,0.0,0.0,0.0,0.288515,1.275
209.23252184,0.32189618744615384,0.017335014666666666,32,1,0.0,0.0,0.0,0.0,0.0,0.285171,0.94999999
209.23252184,0.30997410642962964,0.017335014666666666,32,1,0.0,0.0,0.0,0.0,0.0,0.27021,0.375
209.23252184,0.2989036026285714,0.017335014666666666,32,1,0.0,0.0,0.0,0.0,0.0,0.281894,0.175
209.23252184,0.2989036026285714,0.02535348714285714,186,1,0.0,0.0,0.0,0.0,0.0,0.27510199,2.075
214.53853152,0.3405373516190476,0.017627751,31,1,0.0,0.0,0.0,0.0,0.0,0.29865199,2.4749999
214.53853152,0.32020676346268656,0.017627751,31,1,0.0,0.0,0.0,0.0,0.0,0.27970201,0.82499999
214.53853152,0.33005927926153844,0.017627751,31,0,0.0,0.0,0.0,0.0,0.0,0.29372901,3.0
214.53853152,0.30648361645714284,0.025565128571428574,185,1,0.0,0.0,0.0,0.0,0.0,0.27215299,2.5250001
213.89640296000002,0.3192483626268657,0.01790748,30,1,0.0,0.0,0.0,0.0,0.0,0.26861301,0.67500001
213.89640296000002,0.3145535337647059,0.01790748,30,1,0.0,0.0,0.0,0.0,0.0,0.282177,0.55
213.89640296000002,0.3290713891692308,0.01790748,30,0,0.0,0.0,0.0,0.0,0.0,0.27968001,3.0
215.55241872000002,0.32659457381818185,0.018491926,28,1,0.0,0.0,0.0,0.0,0.0,0.27347901,1.0499999949999999
215.55241872000002,0.36534308257627124,0.018491926,28,0,0.0,0.0,0.0,0.0,0.0,0.33831701,0.650000005
218.96583896000004,0.39811970720000006,0.019091311333333333,32,0,0.0,0.0,0.0,0.0,0.0,0.445739,0.399999995
225.82647568,0.32260925097142856,0.02291951,30,1,0.0,0.0,0.0,0.0,0.0,0.209475,0.47500001000000003
233.05887103999999,0.3585521092923077,0.023385786,28,0,0.0,0.0,0.0,0.0,0.0,0.21868099,0.42500001
232.78850112,0.3581361555692308,0.02384354066666667,32,1,0.0,0.0,0.0,0.0,0.0,0.23815399,4.3499999
234.47831312,0.3349690187428571,0.02424563,30,1,0.0,0.0,0.0,0.0,0.0,0.216171,1.25
235.8977552,0.33699679314285713,0.0244986675,29,1,0.0,0.0,0.0,0.0,0.0,0.195603,1.325
232.55192744000001,0.3322170392,0.024721634000000003,28,1,0.0,0.0,0.0,0.0,0.0,0.21178401,0.92500001
227.00934408,0.3783489068,0.025272212333333332,31,0,0.0,0.0,0.0,0.0,0.0,0.31973901,0.349999995
226.56999296000004,0.3776166549333334,0.02537866,30,0,0.0,0.0,0.0,0.0,0.0,0.35896701,0.5
228.73295232000004,0.38122158720000004,0.0255269375,29,0,0.0,0.0,0.0,0.0,0.0,0.33578199,0.324999995
222.14268552000001,0.37023780920000005,0.025828337333333336,32,0,0.0,0.0,0.0,0.0,0.0,0.321035,0.57499999
219.8445412,0.39971734763636363,0.025908745999999996,31,0,0.0,0.0,0.0,0.0,0.0,0.418421,0.300000005
230.51030459999998,0.3293004351428571,0.03302146131868132,186,0,0.0,0.0,0.0,0.0,0.0,0.24991301,5.9000001
223.23461061999998,0.3189065866,0.030165491612903224,93,1,0.0,0.0,0.0,0.0,0.0,0.266242,1.85
223.23461061999998,0.3189065866,0.033419885274725274,184,0,0.0,0.0,0.0,0.0,0.0,0.245893,7.25
223.3706049,0.34364708446153847,0.030389193548387098,92,1,0.0,0.0,0.0,0.0,0.0,0.279944,4.1500001
223.77858773999998,0.31968369677142855,0.028171652,32,1,0.0,0.0,0.0,0.0,0.0,0.24047799,0.55000001
223.77858773999998,0.35240722478740155,0.028171652,32,0,0.0,0.0,0.0,0.0,0.0,0.28709799,1.175
223.77858773999998,0.29837145031999995,0.034094149,179,1,0.0,0.0,0.0,0.0,0.0,0.259058,1.85
223.77858773999998,0.279723234675,0.034094149,179,1,0.0,0.0,0.0,0.0,0.0,0.250245,0.900000005
220.85471071999999,0.3562172753548387,0.028317844333333335,31,0,0.0,0.0,0.0,0.0,0.0,0.30417299,1.024999995
214.42898098999999,0.3063271157,0.02845304,30,1,0.0,0.0,0.0,0.0,0.0,0.26980299,0.22500000999999997
212.11707823,0.331432934734375,0.0285700615,29,1,0.0,0.0,0.0,0.0,0.0,0.28518099,1.375
212.11707823,0.30302439747142856,0.0285700615,29,1,0.0,0.0,0.0,0.0,0.0,0.258026,0.1250000005
210.51914544,0.316570143518797,0.028653710000000002,28,1,0.0,0.0,0.0,0.0,0.0,0.30159599,0.599999995
216.12890948999998,0.30875558498571426,0.02986126066666667,32,1,0.0,0.0,0.0,0.0,0.0,0.32462099,0.549999995
224.45855913999998,0.3453208602153846,0.03205844133333333,32,0,0.0,0.0,0.0,0.0,0.0,0.320021,1.95
231.19027599999998,0.33027182285714285,0.032309489999999996,30,1,0.0,0.0,0.0,0.0,0.0,0.299573,1.5499999999999998
223.06461776999998,0.3186637396714285,0.032370096,29,1,0.0,0.0,0.0,0.0,0.0,0.305262,0.799999985
223.06461776999998,0.29741949036,0.032370096,29,1,0.0,0.0,0.0,0.0,0.0,0.32710901,0.22500000550000002
223.06461776999998,0.3431763350307692,0.032370096,29,0,0.0,0.0,0.0,0.0,0.0,0.32523501,2.0249999499999998
223.06461776999998,0.3186637396714285,0.03561525806451613,92,1,0.0,0.0,0.0,0.0,0.0,0.28790399,2.15
228.43639183,0.3514406028153846,0.032481091000000004,28,1,0.0,0.0,0.0,0.0,0.0,0.34514499,3.75
228.43639183,0.3263377026142857,0.032481091000000004,28,1,0.0,0.0,0.0,0.0,0.0,0.30259001,1.15
228.43639183,0.3045818557733333,0.032481091000000004,28,1,0.0,0.0,0.0,0.0,0.0,0.290975,0.22500000999999997
228.43639183,0.3045818557733333,0.03578043,91,1,0.0,0.0,0.0,0.0,0.0,0.267665,1.125
235.44009724999998,0.33634299607142853,0.0328475,30,1,0.0,0.0,0.0,0.0,0.0,0.30444199,2.1499999499999998
246.04765109000002,0.37853484783076924,0.03293067,30,0,0.0,0.0,0.0,0.0,0.0,0.34321299,0.499999985
247.81557673,0.22528688793636364,0.034942190000000005,30,1,0.0,0.0,0.0,0.0,0.0,0.56761402,0.0250000005
247.81557673,0.33042076897333333,0.034942190000000005,30,1,0.0,0.0,0.0,0.0,0.0,0.24325,1.1
247.81557673,0.3097694709125,0.034942190000000005,30,1,0.0,0.0,0.0,0.0,0.0,0.249235,0.22500000999999997
247.81557673,0.3540222524714286,0.034942190000000005,30,0,0.0,0.0,0.0,0.0,0.0,0.267014,1.1
248.46154955999998,0.3549450708,0.035161673000000004,29,0,0.0,0.0,0.0,0.0,0.0,0.26614401,1.024999995
250.53546232999997,0.31316932791249996,0.035359263,28,1,0.0,0.0,0.0,0.0,0.0,0.22876699,0.20000000499999998
250.53546232999997,0.3854391728153846,0.035359263,28,0,0.0,0.0,0.0,0.0,0.0,0.30794001,0.20000000499999998
250.53546232999997,0.3579078033285714,0.035359263,28,0,0.0,0.0,0.0,0.0,0.0,0.255694,0.75
250.33147090999998,0.31291433863749996,0.03590296666666667,32,1,0.0,0.0,0.0,0.0,0.0,0.25417501,0.35
256.79119921,0.3209889990125,0.03640994,30,1,0.0,0.0,0.0,0.0,0.0,0.207416,0.375
258.28713629,0.32285892036249997,0.036708575,28,1,0.0,0.0,0.0,0.0,0.0,0.215157,0.44999999999999996
257.12621816999996,0.30250143314117645,0.04671140736263737,184,1,0.0,0.0,0.0,0.0,0.0,0.25610599,2.425
257.12621816999996,0.2706591770210526,0.04671140736263737,184,1,0.0,0.0,0.0,0.0,0.0,0.249036,0.749999995
257.12621816999996,0.4675022148545454,0.04671140736263737,184,0,0.0,0.0,0.0,0.0,0.0,0.37429199,0.90000001
257.12621816999996,0.42854369694999994,0.04671140736263737,184,0,0.0,0.0,0.0,0.0,0.0,0.34259301,1.4
257.12621816999996,0.3955787971846153,0.04671140736263737,184,0,0.0,0.0,0.0,0.0,0.0,0.31245601,2.15000005
257.12621816999996,0.36732316881428567,0.04671140736263737,184,0,0.0,0.0,0.0,0.0,0.0,0.286935,3.325
257.12621816999996,0.34283495755999993,0.04671140736263737,184,0,0.0,0.0,0.0,0.0,0.0,0.26578,5.0999999
252.81855915,0.297433599,0.04673929626373627,183,1,0.0,0.0,0.0,0.0,0.0,0.24491,1.8499999999999999
252.81855915,0.3370914122,0.04673929626373627,183,0,0.0,0.0,0.0,0.0,0.0,0.26486701,5.6500001
251.82711382,0.3357694850933333,0.040315618000000004,32,1,0.0,0.0,0.0,0.0,0.0,0.22436599,1.475
251.82711382,0.314783892275,0.040315618000000004,32,1,0.0,0.0,0.0,0.0,0.0,0.214737,0.25
251.82711382,0.3357694850933333,0.040315618000000004,32,0,0.0,0.0,0.0,0.0,0.0,0.212043,2.4749999
255.89545844999998,0.3458046735810811,0.04037791666666667,31,1,0.0,0.0,0.0,0.0,0.0,0.231584,2.6
255.89545844999998,0.34119394459999997,0.04037791666666667,31,1,0.0,0.0,0.0,0.0,0.0,0.223821,1.9999999499999999
255.89545844999998,0.3301876883225806,0.04037791666666667,31,1,0.0,0.0,0.0,0.0,0.0,0.212908,0.92500001
255.89545844999998,0.3198693230625,0.04037791666666667,31,1,0.0,0.0,0.0,0.0,0.0,0.21544801,0.39999998999999997
259.89542753999996,0.32486928442499996,0.04046806,30,1,0.0,0.0,0.0,0.0,0.0,0.199991,0.500000015
259.89542753999996,0.39983911929230764,0.04046806,30,0,0.0,0.0,0.0,0.0,0.0,0.382406,0.25
259.89542753999996,0.37127918219999995,0.04046806,30,0,0.0,0.0,0.0,0.0,0.0,0.25021499,0.29999999499999996
259.89542753999996,0.333199266076923,0.04046806,30,0,0.0,0.0,0.0,0.0,0.0,0.20262299,2.825
257.70741025999996,0.3436098803466666,0.040520731,29,0,0.0,0.0,0.0,0.0,0.0,0.23157699,1.675
260.27149301,0.3470286573466666,0.04058848699999999,28,1,0.0,0.0,0.0,0.0,0.0,0.22077601,2.54999995
260.27149301,0.33801492598701294,0.04058848699999999,28,1,0.0,0.0,0.0,0.0,0.0,0.20834,1.425
260.27149301,0.3253393662625,0.04058848699999999,28,1,0.0,0.0,0.0,0.0,0.0,0.201325,0.47500001000000003
260.27149301,0.3213228308765432,0.04058848699999999,28,1,0.0,0.0,0.0,0.0,0.0,0.20348801,0.32500000500000004
260.27149301,0.38846491494029844,0.04058848699999999,28,0,0.0,0.0,0.0,0.0,0.0,0.32863599,0.224999995
260.27149301,0.3470286573466666,0.04058848699999999,28,0,0.0,0.0,0.0,0.0,0.0,0.220644,1.275
263.51933116,0.32939916394999996,0.0412786465,29,1,0.0,0.0,0.0,0.0,0.0,0.25913301,1.15
269.74150530000003,0.33717688162500004,0.041267493,28,1,0.0,0.0,0.0,0.0,0.0,0.262326,1.90000005
269.74150530000003,0.33717688162500004,0.041267493,28,0,0.0,0.0,0.0,0.0,0.0,0.248346,2.65
259.75867646,0.324698345575,0.041363029999999995,30,1,0.0,0.0,0.0,0.0,0.0,0.24543101,0.75
259.69030091999997,0.34625373455999997,0.04129288066666667,31,1,0.0,0.0,0.0,0.0,0.0,0.24957401,2.8500000500000002
259.69030091999997,0.37098614417142856,0.04129288066666667,31,0,0.0,0.0,0.0,0.0,0.0,0.293493,0.524999995
259.69030091999997,0.34625373455999997,0.04129288066666667,31,0,0.0,0.0,0.0,0.0,0.0,0.241611,1.5750000000000002
259.69030091999997,0.399523539876923,0.05099708846153846,367,1,0.0,0.0,0.0,0.0,0.0,0.297959,15.85
259.69030091999997,0.34625373455999997,0.05099708846153846,367,1,0.0,0.0,0.0,0.0,0.0,0.268323,9.4000001
259.69030091999997,0.32461287614999995,0.05099708846153846,367,1,0.0,0.0,0.0,0.0,0.0,0.247825,6.60000015
259.69030091999997,0.7419722883428571,0.05099708846153846,367,0,0.0,0.0,0.0,0.0,0.0,0.45981801,0.375
259.69030091999997,0.5770895575999999,0.05099708846153846,367,0,0.0,0.0,0.0,0.0,0.0,0.411185,0.97499999
259.69030091999997,0.399523539876923,0.05099708846153846,367,0,0.0,0.0,0.0,0.0,0.0,0.29569101,3.35
259.69030091999997,0.37098614417142856,0.05099708846153846,367,0,0.0,0.0,0.0,0.0,0.0,0.278427,4.70000005
256.78434047,0.36683477210000004,0.04114548,30,0,0.0,0.0,0.0,0.0,0.0,0.29078001,0.625
256.78434047,0.2853159338555556,0.05098073021978022,366,1,0.0,0.0,0.0,0.0,0.0,0.23420601,2.875
254.04931887,0.3175616485875,0.04101151,29,1,0.0,0.0,0.0,0.0,0.0,0.235029,0.375
260.23730524,0.3061615355764706,0.05085395695652174,361,1,0.0,0.0,0.0,0.0,0.0,0.23630001,4.5
260.71593402,0.37245133431428573,0.04123719433333333,31,0,0.0,0.0,0.0,0.0,0.0,0.269968,0.42500001
268.30561896,0.33538202370000003,0.041461652,32,1,0.0,0.0,0.0,0.0,0.0,0.20029201,1.125
265.22871965999997,0.33153589957499996,0.04146797666666667,31,1,0.0,0.0,0.0,0.0,0.0,0.20021901,0.82499999
268.20305565,0.3576040742,0.041338929,28,1,0.0,0.0,0.0,0.0,0.0,0.278548,4.1000001500000005
268.20305565,0.3576040742,0.041338929,28,0,0.0,0.0,0.0,0.0,0.0,0.200826,0.67500001
264.44240095,0.3777748585,0.041675006,29,0,0.0,0.0,0.0,0.0,0.0,0.27956599,0.300000005
266.44240773,0.35525654364000003,0.04176133099999999,28,0,0.0,0.0,0.0,0.0,0.0,0.207663,0.75
230.314041,0.307085388,0.050135087362637366,186,0,0.0,0.0,0.0,0.0,0.0,0.29403001,10.1999998
224.57337759,0.32081911084285714,0.046370891612903226,93,1,0.0,0.0,0.0,0.0,0.0,0.315705,2.475
224.57337759,0.3454975039846154,0.046370891612903226,93,0,0.0,0.0,0.0,0.0,0.0,0.33904901,4.1500001
224.57337759,0.32081911084285714,0.046370891612903226,93,0,0.0,0.0,0.0,0.0,0.0,0.316246,6.8499999
235.88282826000003,0.3369754689428572,0.04634217161290323,92,1,0.0,0.0,0.0,0.0,0.0,0.30672801,3.79999995
235.88282826000003,0.31451043768000003,0.04634217161290323,92,1,0.0,0.0,0.0,0.0,0.0,0.28607899,1.7999999999999998
235.88282826000003,0.31451043768000003,0.049897962307692306,183,1,0.0,0.0,0.0,0.0,0.0,0.28737199,3.35
225.91401156,0.3227343022285714,0.046251480000000005,91,1,0.0,0.0,0.0,0.0,0.0,0.35712299,3.0
225.91401156,0.30121868208,0.046251480000000005,91,1,0.0,0.0,0.0,0.0,0.0,0.335823,1.45
225.91401156,0.34756001778461537,0.046251480000000005,91,0,0.0,0.0,0.0,0.0,0.0,0.37088999,4.45000005
225.91401156,0.30121868208,0.04973015,182,1,0.0,0.0,0.0,0.0,0.0,0.31386799,2.79999995
230.45154192000004,0.3292164884571429,0.04333266266666667,32,1,0.0,0.0,0.0,0.0,0.0,0.35172999,1.475
230.45154192000004,0.30726872256000004,0.04333266266666667,32,1,0.0,0.0,0.0,0.0,0.0,0.34083301,0.42500001
239.11409988000003,0.31881879984000006,0.043346625333333326,31,1,0.0,0.0,0.0,0.0,0.0,0.286073,0.650000005
239.11409988000003,0.29889262485,0.043346625333333326,31,1,0.0,0.0,0.0,0.0,0.0,0.35122901,0.3250000105
239.11409988000003,0.3415915712571429,0.04937360933333333,178,1,0.0,0.0,0.0,0.0,0.0,0.30055499,6.04999995
239.11409988000003,0.31881879984000006,0.04937360933333333,178,1,0.0,0.0,0.0,0.0,0.0,0.28528401,3.75
239.11409988000003,0.6831831425142858,0.04937360933333333,178,0,0.0,0.0,0.0,0.0,0.0,0.60083598,0.40000000999999996
239.11409988000003,0.3415915712571429,0.04937360933333333,178,0,0.0,0.0,0.0,0.0,0.0,0.296754,5.54999995
239.11409988000003,0.31881879984000006,0.04937360933333333,178,0,0.0,0.0,0.0,0.0,0.0,0.27886501,8.1999998
230.86404468,0.30781872624,0.04336059,30,1,0.0,0.0,0.0,0.0,0.0,0.31626001,0.375
230.86404468,0.35517545335384615,0.04336059,30,0,0.0,0.0,0.0,0.0,0.0,0.33566999,1.525
226.15463817000003,0.32307805452857147,0.043355498,29,1,0.0,0.0,0.0,0.0,0.0,0.356278,1.175
226.15463817000003,0.3479302125692308,0.043355498,29,0,0.0,0.0,0.0,0.0,0.0,0.40041599,2.4750000500000002
227.28902076000003,0.3246986010857143,0.043350023999999994,28,1,0.0,0.0,0.0,0.0,0.0,0.33566201,1.0499999949999999
227.28902076000003,0.37881503460000004,0.043350023999999994,28,0,0.0,0.0,0.0,0.0,0.0,0.446477,0.95
227.28902076000003,0.3496754165538462,0.043350023999999994,28,0,0.0,0.0,0.0,0.0,0.0,0.37188399,2.15
238.52972097,0.3407567442428571,0.04527164066666667,32,1,0.0,0.0,0.0,0.0,0.0,0.27543899,2.1000000500000002
238.52972097,0.31803962796,0.04527164066666667,32,1,0.0,0.0,0.0,0.0,0.0,0.245785,0.42499999499999996
238.52972097,0.3669688014923077,0.04527164066666667,32,0,0.0,0.0,0.0,0.0,0.0,0.30515301,0.775000005
240.66098523000002,0.3438014074714286,0.045331238,31,1,0.0,0.0,0.0,0.0,0.0,0.277989,2.4
240.66098523000002,0.32088131364000005,0.045331238,31,1,0.0,0.0,0.0,0.0,0.0,0.252363,0.549999985
240.66098523000002,0.3702476695846154,0.045331238,31,0,0.0,0.0,0.0,0.0,0.0,0.299692,0.599999995
240.66098523000002,0.3438014074714286,0.045331238,31,0,0.0,0.0,0.0,0.0,0.0,0.26384401,2.0249999499999998
243.0328761,0.347189823,0.04538238,30,1,0.0,0.0,0.0,0.0,0.0,0.26888999,2.625
243.0328761,0.3738967324615385,0.04538238,30,0,0.0,0.0,0.0,0.0,0.0,0.30960801,0.525000005
242.13912012,0.3459130287428571,0.045430749500000006,29,1,0.0,0.0,0.0,0.0,0.0,0.29303199,2.6000000500000002
242.13912012,0.32285216016,0.045430749500000006,29,1,0.0,0.0,0.0,0.0,0.0,0.259359,0.599999995
242.13912012,0.3459130287428571,0.045430749500000006,29,0,0.0,0.0,0.0,0.0,0.0,0.28112599,1.95
239.04534942000004,0.3414933563142858,0.045438735,28,1,0.0,0.0,0.0,0.0,0.0,0.29329601,2.1499999499999998
239.04534942000004,0.31872713256000007,0.045438735,28,1,0.0,0.0,0.0,0.0,0.0,0.263843,0.44999999999999996
239.04534942000004,0.3414933563142858,0.045438735,28,0,0.0,0.0,0.0,0.0,0.0,0.27564999,2.25
241.34848982999998,0.34478355689999995,0.04659115666666667,32,1,0.0,0.0,0.0,0.0,0.0,0.245849,2.1000000500000002
241.34848982999998,0.32179798643999996,0.04659115666666667,32,1,0.0,0.0,0.0,0.0,0.0,0.222507,0.375
241.34848982999998,0.4388154360545454,0.04659115666666667,32,0,0.0,0.0,0.0,0.0,0.0,0.53776598,0.274999995
239.04534942000004,0.3414933563142858,0.046613765333333335,31,1,0.0,0.0,0.0,0.0,0.0,0.249433,1.75
239.04534942000004,0.3414933563142858,0.046613765333333335,31,0,0.0,0.0,0.0,0.0,0.0,0.239281,2.275
241.62349167000002,0.3451764166714286,0.04661475,30,1,0.0,0.0,0.0,0.0,0.0,0.242176,2.0249999499999998
241.62349167000002,0.32216465556,0.04661475,30,1,0.0,0.0,0.0,0.0,0.0,0.222914,0.35000001000000003
241.62349167000002,0.40270581945000006,0.04661475,30,0,0.0,0.0,0.0,0.0,0.0,0.36390099,0.20000000499999998
245.37039174,0.35052913105714284,0.04658769149999999,29,1,0.0,0.0,0.0,0.0,0.0,0.252812,2.6999999499999996
245.37039174,0.37749291036923077,0.04658769149999999,29,0,0.0,0.0,0.0,0.0,0.0,0.30331799,0.42499999499999996
245.37039174,0.35052913105714284,0.04658769149999999,29,0,0.0,0.0,0.0,0.0,0.0,0.244479,1.4
244.85476329000002,0.34979251898571434,0.046542183,28,1,0.0,0.0,0.0,0.0,0.0,0.254282,2.57500005
247.89534948000002,0.29164158762352943,0.05209136,185,1,0.0,0.0,0.0,0.0,0.0,0.20134901,0.775000005
244.19438639999998,0.3488491234285714,0.04788478933333333,31,1,0.0,0.0,0.0,0.0,0.0,0.204873,2.15
244.19438639999998,0.3255925152,0.04788478933333333,31,1,0.0,0.0,0.0,0.0,0.0,0.169146,0.22500000999999997
244.19438639999998,0.37568367138461534,0.04788478933333333,31,0,0.0,0.0,0.0,0.0,0.0,0.241091,0.25000000499999997
244.19438639999998,0.3488491234285714,0.04788478933333333,31,0,0.0,0.0,0.0,0.0,0.0,0.188269,1.15
244.19438639999998,0.3255925152,0.052457126666666666,178,1,0.0,0.0,0.0,0.0,0.0,0.205433,2.6999999499999996
244.81697832,0.32642263776,0.04787625,30,1,0.0,0.0,0.0,0.0,0.0,0.15511,0.175
244.81697832,0.34973854045714287,0.04787625,30,0,0.0,0.0,0.0,0.0,0.0,0.186827,1.0499999949999999
242.46496439999999,0.34637852057142854,0.0478835095,29,1,0.0,0.0,0.0,0.0,0.0,0.185683,1.65
243.74473668,0.34820676668571426,0.047842582,28,1,0.0,0.0,0.0,0.0,0.0,0.191539,1.875
243.74473668,0.34820676668571426,0.047842582,28,0,0.0,0.0,0.0,0.0,0.0,0.17655,1.05
249.79771368,0.3568538766857143,0.048847664,32,0,0.0,0.0,0.0,0.0,0.0,0.227801,0.92500001
249.79771368,0.38430417489230767,0.053720575164835166,186,0,0.0,0.0,0.0,0.0,0.0,0.254599,1.9
251.25042816,0.3589291830857143,0.048840289666666675,31,1,0.0,0.0,0.0,0.0,0.0,0.227708,3.6999999499999996
251.25042816,0.33500057088,0.048840289666666675,31,1,0.0,0.0,0.0,0.0,0.0,0.19614799,0.849999995
251.25042816,0.3589291830857143,0.048840289666666675,31,0,0.0,0.0,0.0,0.0,0.0,0.23094399,0.80000001
251.25042816,0.7178583661714286,0.05374420879120879,185,0,0.0,0.0,0.0,0.0,0.0,0.55636799,0.22500000999999997
256.50787104,0.34201049472,0.04876943499999999,28,0,0.0,0.0,0.0,0.0,0.0,0.19458,1.925
256.50787104,0.34201049472,0.053811090000000006,182,1,0.0,0.0,0.0,0.0,0.0,0.21126799,4.5
258.85988496,0.39824597686153845,0.053790736,179,1,0.0,0.0,0.0,0.0,0.0,0.256767,12.0
258.85988496,0.39824597686153845,0.053790736,179,0,0.0,0.0,0.0,0.0,0.0,0.25730899,1.35
257.71846644000004,0.32214808305000003,0.05383325066666666,178,1,0.0,0.0,0.0,0.0,0.0,0.189705,2.2250000500000002
261.69613704,0.34892818272,0.05390649166666666,177,0,0.0,0.0,0.0,0.0,0.0,0.20975401,3.65
253.42949987999998,0.3620421426857143,0.050421948,32,0,0.0,0.0,0.0,0.0,0.0,0.213172,0.650000005
249.65935992,0.3566562284571429,0.05047363600000001,31,1,0.0,0.0,0.0,0.0,0.0,0.22819,3.15
249.65935992,0.3566562284571429,0.05047363600000001,31,0,0.0,0.0,0.0,0.0,0.0,0.209897,0.900000005
250.21277496000002,0.33361703328000003,0.05048234,30,1,0.0,0.0,0.0,0.0,0.0,0.18557601,0.55000001
250.21277496000002,0.3127659687,0.05048234,30,1,0.0,0.0,0.0,0.0,0.0,0.19133,0.05
247.16899224,0.35309856034285714,0.0504804695,29,0,0.0,0.0,0.0,0.0,0.0,0.213394,1.125
248.41417607999998,0.4516621383272727,0.05045989799999999,28,1,0.0,0.0,0.0,0.0,0.0,-99.989998,16.8999995
248.41417607999998,0.33121890144,0.05045989799999999,28,1,0.0,0.0,0.0,0.0,0.0,0.188063,0.39999998999999997
248.41417607999998,0.41402362679999993,0.05045989799999999,28,0,0.0,0.0,0.0,0.0,0.0,0.34323901,0.0750000005
248.41417607999998,0.3821756555076923,0.05045989799999999,28,0,0.0,0.0,0.0,0.0,0.0,0.259978,0.20000000499999998
