S0,m,r,T,corp,alpha,beta,omega,gamma,lambda,sigma,V
224.8,0.562,0.045354936428571434,32,1,0.0,0.0,0.0,0.0,0.0,0.608064,16.4499995
224.8,0.4995555555555556,0.045354936428571434,32,1,0.0,0.0,0.0,0.0,0.0,0.48163199,11.55
224.8,0.4496,0.045354936428571434,32,1,0.0,0.0,0.0,0.0,0.0,0.41332299,6.95000005
224.8,0.4087272727272728,0.045354936428571434,32,1,0.0,0.0,0.0,0.0,0.0,0.370179,3.1999999499999996
224.8,0.3746666666666667,0.045354936428571434,32,1,0.0,0.0,0.0,0.0,0.0,0.36318099,1.1
224.8,0.34584615384615386,0.045354936428571434,32,1,0.0,0.0,0.0,0.0,0.0,0.36805901,0.29999999499999996
224.8,0.4496,0.045354936428571434,32,-1,0.0,0.0,0.0,0.0,0.0,0.385355,0.45000000500000004
224.8,0.4087272727272728,0.045354936428571434,32,-1,0.0,0.0,0.0,0.0,0.0,0.355699,1.7
224.8,0.3746666666666667,0.045354936428571434,32,-1,0.0,0.0,0.0,0.0,0.0,0.34515399,4.5999999
224.8,0.34584615384615386,0.045354936428571434,32,-1,0.0,0.0,0.0,0.0,0.0,0.323448,8.8499999
224.8,0.3211428571428572,0.04771222131868132,368,1,0.0,0.0,0.0,0.0,0.0,0.30242199,3.3000000500000004
224.8,0.562,0.04771222131868132,368,-1,0.0,0.0,0.0,0.0,0.0,0.36208099,1.25
224.8,0.4496,0.04771222131868132,368,-1,0.0,0.0,0.0,0.0,0.0,0.33486199,3.6
227.96,0.5065777777777778,0.045378857142857144,31,1,0.0,0.0,0.0,0.0,0.0,0.46156299,12.25
227.96,0.41447272727272727,0.045378857142857144,31,1,0.0,0.0,0.0,0.0,0.0,0.37774599,3.6999999499999996
227.96,0.37993333333333335,0.045378857142857144,31,1,0.0,0.0,0.0,0.0,0.0,0.35673699,1.275
227.96,0.45592,0.045378857142857144,31,-1,0.0,0.0,0.0,0.0,0.0,0.40503699,0.39999998999999997
227.96,0.41447272727272727,0.045378857142857144,31,-1,0.0,0.0,0.0,0.0,0.0,0.366227,1.45
227.96,0.37993333333333335,0.045378857142857144,31,-1,0.0,0.0,0.0,0.0,0.0,0.356906,4.0999999
227.96,0.35070769230769233,0.045378857142857144,31,-1,0.0,0.0,0.0,0.0,0.0,0.34101999,8.1500001
227.96,0.5699000000000001,0.04771386703296703,367,1,0.0,0.0,0.0,0.0,0.0,0.36850199,20.0500005
227.96,0.45592,0.04771386703296703,367,1,0.0,0.0,0.0,0.0,0.0,0.33832899,12.65
227.96,0.41447272727272727,0.04771386703296703,367,1,0.0,0.0,0.0,0.0,0.0,0.32809001,9.6500001
227.96,0.32565714285714287,0.04771386703296703,367,1,0.0,0.0,0.0,0.0,0.0,0.29960701,3.5
227.96,0.28495000000000004,0.04771386703296703,367,1,0.0,0.0,0.0,0.0,0.0,0.28967699,1.575
227.96,0.2532888888888889,0.04771386703296703,367,1,0.0,0.0,0.0,0.0,0.0,0.28216001,0.650000005
225.8,0.6451428571428571,0.04561330285714285,30,1,0.0,0.0,0.0,0.0,0.0,0.647663,21.5500005
225.8,0.4516,0.04561330285714285,30,1,0.0,0.0,0.0,0.0,0.0,0.39287701,7.0
225.8,0.41054545454545455,0.04561330285714285,30,1,0.0,0.0,0.0,0.0,0.0,0.36258399,3.1999999499999996
225.8,0.37633333333333335,0.04561330285714285,30,1,0.0,0.0,0.0,0.0,0.0,0.35132399,1.025
225.8,0.3473846153846154,0.04561330285714285,30,1,0.0,0.0,0.0,0.0,0.0,0.35578299,0.25000000499999997
225.8,0.41054545454545455,0.04561330285714285,30,-1,0.0,0.0,0.0,0.0,0.0,0.36346999,1.6
225.8,0.37633333333333335,0.04561330285714285,30,-1,0.0,0.0,0.0,0.0,0.0,0.347148,4.4000001
225.8,0.3473846153846154,0.04561330285714285,30,-1,0.0,0.0,0.0,0.0,0.0,0.363478,8.7000003
225.8,0.32257142857142856,0.04561330285714285,30,-1,0.0,0.0,0.0,0.0,0.0,0.372385,13.55
225.8,0.3010666666666667,0.04561330285714285,30,-1,0.0,0.0,0.0,0.0,0.0,0.472541,18.5500005
225.8,0.4516,0.04808309043956044,366,-1,0.0,0.0,0.0,0.0,0.0,0.33825901,3.6
225.8,0.37633333333333335,0.04808309043956044,366,-1,0.0,0.0,0.0,0.0,0.0,0.31794101,8.0
219.68,0.6276571428571429,0.045703176428571426,29,1,0.0,0.0,0.0,0.0,0.0,0.54758799,20.0500005
219.68,0.5492,0.045703176428571426,29,1,0.0,0.0,0.0,0.0,0.0,0.52078402,15.1
219.68,0.48817777777777777,0.045703176428571426,29,1,0.0,0.0,0.0,0.0,0.0,0.462814,10.25
219.68,0.43936000000000003,0.045703176428571426,29,1,0.0,0.0,0.0,0.0,0.0,0.391927,5.70000005
219.68,0.39941818181818184,0.045703176428571426,29,1,0.0,0.0,0.0,0.0,0.0,0.363204,2.29999995
219.68,0.36613333333333337,0.045703176428571426,29,1,0.0,0.0,0.0,0.0,0.0,0.34770101,0.599999995
219.68,0.3379692307692308,0.045703176428571426,29,1,0.0,0.0,0.0,0.0,0.0,0.35574499,0.125000005
219.68,0.43936000000000003,0.045703176428571426,29,-1,0.0,0.0,0.0,0.0,0.0,0.38531601,0.575000015
219.68,0.39941818181818184,0.045703176428571426,29,-1,0.0,0.0,0.0,0.0,0.0,0.35603401,2.1499999499999998
219.68,0.36613333333333337,0.045703176428571426,29,-1,0.0,0.0,0.0,0.0,0.0,0.344033,5.5
219.68,0.5492,0.04800010461538462,365,1,0.0,0.0,0.0,0.0,0.0,0.358358,18.0999995
219.68,0.43936000000000003,0.04800010461538462,365,1,0.0,0.0,0.0,0.0,0.0,0.334993,11.05
219.68,0.36613333333333337,0.04800010461538462,365,1,0.0,0.0,0.0,0.0,0.0,0.315525,5.95000005
219.68,0.2746,0.04800010461538462,365,1,0.0,0.0,0.0,0.0,0.0,0.28617999,1.15
219.68,0.39941818181818184,0.04800010461538462,365,-1,0.0,0.0,0.0,0.0,0.0,0.32385001,6.0
219.36,0.36560000000000004,0.047963703076923075,362,1,0.0,0.0,0.0,0.0,0.0,0.315492,5.8499999
219.36,0.3133714285714286,0.047963703076923075,362,1,0.0,0.0,0.0,0.0,0.0,0.301642,2.7749999499999998
219.36,0.2742,0.047963703076923075,362,1,0.0,0.0,0.0,0.0,0.0,0.289049,1.15
219.36,0.4874666666666667,0.047963703076923075,362,-1,0.0,0.0,0.0,0.0,0.0,0.34742099,2.42499995
219.36,0.43872000000000005,0.047963703076923075,362,-1,0.0,0.0,0.0,0.0,0.0,0.33760199,4.0
219.36,0.39883636363636366,0.047963703076923075,362,-1,0.0,0.0,0.0,0.0,0.0,0.325039,6.04999995
219.36,0.36560000000000004,0.047963703076923075,362,-1,0.0,0.0,0.0,0.0,0.0,0.316585,8.75
222.16,0.40392727272727275,0.048109317692307696,361,1,0.0,0.0,0.0,0.0,0.0,0.328704,8.5499997
222.16,0.44432,0.048109317692307696,361,-1,0.0,0.0,0.0,0.0,0.0,0.336447,3.8000000500000004
219.76,0.36626666666666663,0.04861849483516483,360,1,0.0,0.0,0.0,0.0,0.0,0.31800601,5.9499998
212.48,0.47217777777777775,0.04643425,32,1,0.0,0.0,0.0,0.0,0.0,0.38342199,8.4500003
212.48,0.42496,0.04643425,32,1,0.0,0.0,0.0,0.0,0.0,0.344973,4.14999985
212.48,0.3863272727272727,0.04643425,32,1,0.0,0.0,0.0,0.0,0.0,0.32668,1.35
212.48,0.3541333333333333,0.04643425,32,1,0.0,0.0,0.0,0.0,0.0,0.32890499,0.29999999499999996
212.48,0.3268923076923077,0.04643425,32,1,0.0,0.0,0.0,0.0,0.0,0.358513,0.0750000005
212.48,0.42496,0.04643425,32,-1,0.0,0.0,0.0,0.0,0.0,0.33524799,0.80000001
212.48,0.3863272727272727,0.04643425,32,-1,0.0,0.0,0.0,0.0,0.0,0.32698199,3.04999995
212.48,0.3541333333333333,0.04643425,32,-1,0.0,0.0,0.0,0.0,0.0,0.31459999,7.0
211.2,0.4224,0.04640658742857143,31,1,0.0,0.0,0.0,0.0,0.0,0.33069101,3.8000000500000004
211.2,0.38399999999999995,0.04640658742857143,31,1,0.0,0.0,0.0,0.0,0.0,0.31082401,1.1
211.2,0.352,0.04640658742857143,31,1,0.0,0.0,0.0,0.0,0.0,0.32134601,0.225
211.2,0.3249230769230769,0.04640658742857143,31,1,0.0,0.0,0.0,0.0,0.0,0.37415999,0.0750000005
211.2,0.4693333333333333,0.04640658742857143,31,-1,0.0,0.0,0.0,0.0,0.0,0.38376799,0.17500000500000001
211.2,0.4224,0.04640658742857143,31,-1,0.0,0.0,0.0,0.0,0.0,0.323421,0.80000001
211.2,0.38399999999999995,0.04640658742857143,31,-1,0.0,0.0,0.0,0.0,0.0,0.31301001,3.1499999499999998
211.2,0.352,0.04640658742857143,31,-1,0.0,0.0,0.0,0.0,0.0,0.31953299,7.29999995
209.4,0.4188,0.046406774,30,1,0.0,0.0,0.0,0.0,0.0,0.32427499,3.4
209.4,0.38072727272727275,0.046406774,30,1,0.0,0.0,0.0,0.0,0.0,0.308157,0.900000005
209.4,0.34900000000000003,0.046406774,30,1,0.0,0.0,0.0,0.0,0.0,0.33423701,0.20000000499999998
209.4,0.3221538461538462,0.046406774,30,1,0.0,0.0,0.0,0.0,0.0,0.39432499,0.0750000005
209.4,0.4653333333333333,0.046406774,30,-1,0.0,0.0,0.0,0.0,0.0,0.374127,0.17500000500000001
209.4,0.4188,0.046406774,30,-1,0.0,0.0,0.0,0.0,0.0,0.31864199,0.875
209.4,0.38072727272727275,0.046406774,30,-1,0.0,0.0,0.0,0.0,0.0,0.30687499,3.4
208.04,0.4623111111111111,0.04640452371428571,29,1,0.0,0.0,0.0,0.0,0.0,0.342053,7.29999995
208.04,0.41608,0.04640452371428571,29,1,0.0,0.0,0.0,0.0,0.0,0.30352601,3.04999995
208.04,0.37825454545454545,0.04640452371428571,29,1,0.0,0.0,0.0,0.0,0.0,0.29702401,0.724999995
208.04,0.34673333333333334,0.04640452371428571,29,1,0.0,0.0,0.0,0.0,0.0,0.31557101,0.125000005
208.04,0.32006153846153845,0.04640452371428571,29,1,0.0,0.0,0.0,0.0,0.0,0.38435,0.05
208.04,0.4623111111111111,0.04640452371428571,29,-1,0.0,0.0,0.0,0.0,0.0,0.36960199,0.17500000500000001
208.04,0.41608,0.04640452371428571,29,-1,0.0,0.0,0.0,0.0,0.0,0.30619001,0.875
208.04,0.37825454545454545,0.04640452371428571,29,-1,0.0,0.0,0.0,0.0,0.0,0.296978,3.54999995
208.04,0.34673333333333334,0.04640452371428571,29,-1,0.0,0.0,0.0,0.0,0.0,0.29912201,8.00000025
208.04,0.27738666666666667,0.04640452371428571,29,-1,0.0,0.0,0.0,0.0,0.0,0.64772397,23.0
206.68,0.41336,0.05133904714285714,187,-1,0.0,0.0,0.0,0.0,0.0,0.32410899,3.4
206.68,0.3757818181818182,0.05133904714285714,187,-1,0.0,0.0,0.0,0.0,0.0,0.311358,5.9000001
211.76,0.5294,0.05084028257142857,186,1,0.0,0.0,0.0,0.0,0.0,0.36622199,14.6
211.76,0.47057777777777776,0.05084028257142857,186,1,0.0,0.0,0.0,0.0,0.0,0.34088901,10.5
211.76,0.42352,0.05084028257142857,186,1,0.0,0.0,0.0,0.0,0.0,0.328688,7.0999999
211.76,0.3850181818181818,0.05084028257142857,186,1,0.0,0.0,0.0,0.0,0.0,0.314266,4.4000001
211.76,0.3529333333333333,0.05084028257142857,186,1,0.0,0.0,0.0,0.0,0.0,0.30282,2.5
211.76,0.3257846153846154,0.05084028257142857,186,1,0.0,0.0,0.0,0.0,0.0,0.29794899,1.35
211.76,0.42352,0.05084028257142857,186,-1,0.0,0.0,0.0,0.0,0.0,0.32480201,2.975
211.76,0.3850181818181818,0.05084028257142857,186,-1,0.0,0.0,0.0,0.0,0.0,0.31481099,5.29999995
211.76,0.3529333333333333,0.05084028257142857,186,-1,0.0,0.0,0.0,0.0,0.0,0.30382201,8.4499998
211.76,0.3257846153846154,0.05084028257142857,186,-1,0.0,0.0,0.0,0.0,0.0,0.29299799,12.4
217.8,0.5445,0.05094791257142857,185,1,0.0,0.0,0.0,0.0,0.0,0.36750701,15.950000000000001
217.8,0.48400000000000004,0.05094791257142857,185,1,0.0,0.0,0.0,0.0,0.0,0.34978399,11.8
217.8,0.43560000000000004,0.05094791257142857,185,1,0.0,0.0,0.0,0.0,0.0,0.32686901,8.0999999
217.8,0.396,0.05094791257142857,185,1,0.0,0.0,0.0,0.0,0.0,0.31471601,5.20000005
217.8,0.36300000000000004,0.05094791257142857,185,1,0.0,0.0,0.0,0.0,0.0,0.30570301,3.1
217.8,0.31114285714285717,0.05094791257142857,185,1,0.0,0.0,0.0,0.0,0.0,0.294361,0.900000005
217.8,0.43560000000000004,0.05094791257142857,185,-1,0.0,0.0,0.0,0.0,0.0,0.326271,2.5249999499999998
217.8,0.36300000000000004,0.05094791257142857,185,-1,0.0,0.0,0.0,0.0,0.0,0.30621001,7.5
217.8,0.31114285714285717,0.05094791257142857,185,-1,0.0,0.0,0.0,0.0,0.0,0.30603901,15.7
212.04,0.42407999999999996,0.049871273714285715,93,1,0.0,0.0,0.0,0.0,0.0,0.31680501,5.4000001
212.04,0.3855272727272727,0.049871273714285715,93,1,0.0,0.0,0.0,0.0,0.0,0.301714,2.6499999499999998
212.04,0.3534,0.049871273714285715,93,1,0.0,0.0,0.0,0.0,0.0,0.28915,1.05
212.04,0.42407999999999996,0.05054601857142857,184,1,0.0,0.0,0.0,0.0,0.0,0.321529,7.04999995
212.04,0.3855272727272727,0.05054601857142857,184,1,0.0,0.0,0.0,0.0,0.0,0.31242499,4.4000001
212.04,0.3534,0.05054601857142857,184,1,0.0,0.0,0.0,0.0,0.0,0.30186999,2.5
212.04,0.42407999999999996,0.049871273714285715,93,-1,0.0,0.0,0.0,0.0,0.0,0.315678,1.775
212.04,0.3855272727272727,0.049871273714285715,93,-1,0.0,0.0,0.0,0.0,0.0,0.29877901,4.0
212.04,0.3534,0.049871273714285715,93,-1,0.0,0.0,0.0,0.0,0.0,0.288367,7.5
212.04,0.4712,0.05054601857142857,184,-1,0.0,0.0,0.0,0.0,0.0,0.33346501,1.4
212.04,0.3855272727272727,0.05054601857142857,184,-1,0.0,0.0,0.0,0.0,0.0,0.30934101,5.14999985
212.04,0.3534,0.05054601857142857,184,-1,0.0,0.0,0.0,0.0,0.0,0.30215299,8.3499999
210.32,0.42064,0.04993238228571428,92,1,0.0,0.0,0.0,0.0,0.0,0.31162599,5.0
210.32,0.38239999999999996,0.04993238228571428,92,1,0.0,0.0,0.0,0.0,0.0,0.30057099,2.3999999499999998
210.32,0.3505333333333333,0.04993238228571428,92,1,0.0,0.0,0.0,0.0,0.0,0.286235,0.900000005
210.32,0.3505333333333333,0.05064560371428572,183,1,0.0,0.0,0.0,0.0,0.0,0.29994801,2.29999995
210.32,0.42064,0.04993238228571428,92,-1,0.0,0.0,0.0,0.0,0.0,0.312006,1.875
210.32,0.38239999999999996,0.04993238228571428,92,-1,0.0,0.0,0.0,0.0,0.0,0.29403201,4.20000005
210.32,0.3505333333333333,0.04993238228571428,92,-1,0.0,0.0,0.0,0.0,0.0,0.28727999,7.85000015
210.32,0.42064,0.05064560371428572,183,-1,0.0,0.0,0.0,0.0,0.0,0.32212499,3.0249999499999998
210.68,0.6019428571428571,0.05003197428571429,89,1,0.0,0.0,0.0,0.0,0.0,0.40643501,18.1499995
210.68,0.42136,0.05003197428571429,89,1,0.0,0.0,0.0,0.0,0.0,0.30770299,5.0
210.68,0.3830545454545455,0.05003197428571429,89,1,0.0,0.0,0.0,0.0,0.0,0.29546401,2.3500000500000002
210.68,0.35113333333333335,0.05003197428571429,89,1,0.0,0.0,0.0,0.0,0.0,0.287536,0.900000005
210.68,0.32412307692307696,0.05003197428571429,89,1,0.0,0.0,0.0,0.0,0.0,0.28037399,0.275000005
210.68,0.42136,0.05072386114285714,180,1,0.0,0.0,0.0,0.0,0.0,0.317094,6.70000005
210.68,0.3830545454545455,0.05072386114285714,180,1,0.0,0.0,0.0,0.0,0.0,0.30814099,4.0999999
210.68,0.35113333333333335,0.05072386114285714,180,1,0.0,0.0,0.0,0.0,0.0,0.29628199,2.25
210.68,0.4681777777777778,0.05003197428571429,89,-1,0.0,0.0,0.0,0.0,0.0,0.332131,0.625
210.68,0.42136,0.05003197428571429,89,-1,0.0,0.0,0.0,0.0,0.0,0.30763501,1.75
210.68,0.35113333333333335,0.05003197428571429,89,-1,0.0,0.0,0.0,0.0,0.0,0.28204101,7.70000005
210.68,0.4681777777777778,0.05072386114285714,180,-1,0.0,0.0,0.0,0.0,0.0,0.332807,1.4249999999999998
210.68,0.42136,0.05072386114285714,180,-1,0.0,0.0,0.0,0.0,0.0,0.31406799,2.8500000500000002
210.68,0.3830545454545455,0.05072386114285714,180,-1,0.0,0.0,0.0,0.0,0.0,0.30707899,5.25
210.68,0.35113333333333335,0.05072386114285714,180,-1,0.0,0.0,0.0,0.0,0.0,0.297856,8.5
214.88,0.5372,0.048684148571428575,32,1,0.0,0.0,0.0,0.0,0.0,0.397874,13.9
214.88,0.4775111111111111,0.048684148571428575,32,1,0.0,0.0,0.0,0.0,0.0,0.35489699,9.0
214.88,0.42976,0.048684148571428575,32,1,0.0,0.0,0.0,0.0,0.0,0.29223201,4.4000001
214.88,0.3906909090909091,0.048684148571428575,32,1,0.0,0.0,0.0,0.0,0.0,0.25281,1.15
214.88,0.3581333333333333,0.048684148571428575,32,1,0.0,0.0,0.0,0.0,0.0,0.25334799,0.15000000000000002
214.88,0.4775111111111111,0.05114343171428572,179,1,0.0,0.0,0.0,0.0,0.0,0.33188799,11.0
214.88,0.42976,0.05114343171428572,179,1,0.0,0.0,0.0,0.0,0.0,0.31642801,7.4000001
214.88,0.3906909090909091,0.05114343171428572,179,1,0.0,0.0,0.0,0.0,0.0,0.30572799,4.5999999
214.88,0.3581333333333333,0.05114343171428572,179,1,0.0,0.0,0.0,0.0,0.0,0.295302,2.6000000500000002
214.88,0.33058461538461537,0.05114343171428572,179,1,0.0,0.0,0.0,0.0,0.0,0.28997001,1.375
214.88,0.30697142857142856,0.05114343171428572,179,1,0.0,0.0,0.0,0.0,0.0,0.28858,0.69999999
214.88,0.4775111111111111,0.048684148571428575,32,-1,0.0,0.0,0.0,0.0,0.0,0.343943,0.0750000005
214.88,0.42976,0.048684148571428575,32,-1,0.0,0.0,0.0,0.0,0.0,0.28736901,0.45000000500000004
214.88,0.3906909090909091,0.048684148571428575,32,-1,0.0,0.0,0.0,0.0,0.0,0.248953,2.20000005
214.88,0.3581333333333333,0.048684148571428575,32,-1,0.0,0.0,0.0,0.0,0.0,0.247354,6.29999995
214.88,0.4775111111111111,0.05114343171428572,179,-1,0.0,0.0,0.0,0.0,0.0,0.33231699,1.225
214.88,0.42976,0.05114343171428572,179,-1,0.0,0.0,0.0,0.0,0.0,0.31554401,2.5249999499999998
214.88,0.3906909090909091,0.05114343171428572,179,-1,0.0,0.0,0.0,0.0,0.0,0.30579299,4.70000005
214.88,0.3581333333333333,0.05114343171428572,179,-1,0.0,0.0,0.0,0.0,0.0,0.295894,7.75
211.72,0.42344,0.04877162571428571,31,1,0.0,0.0,0.0,0.0,0.0,0.28284001,3.6999999499999996
211.72,0.38494545454545454,0.04877162571428571,31,1,0.0,0.0,0.0,0.0,0.0,0.252143,0.825000015
211.72,0.35286666666666666,0.04877162571428571,31,1,0.0,0.0,0.0,0.0,0.0,0.27344,0.125000005
211.72,0.42344,0.051213336571428576,178,1,0.0,0.0,0.0,0.0,0.0,0.32047799,6.9000001
211.72,0.38494545454545454,0.051213336571428576,178,1,0.0,0.0,0.0,0.0,0.0,0.30409101,4.14999985
211.72,0.35286666666666666,0.051213336571428576,178,1,0.0,0.0,0.0,0.0,0.0,0.29856399,2.3500000500000002
211.72,0.32572307692307695,0.051213336571428576,178,1,0.0,0.0,0.0,0.0,0.0,0.29087299,1.2
211.72,0.4704888888888889,0.04877162571428571,31,-1,0.0,0.0,0.0,0.0,0.0,0.32622901,0.0750000005
211.72,0.42344,0.04877162571428571,31,-1,0.0,0.0,0.0,0.0,0.0,0.26211801,0.474999995
211.72,0.38494545454545454,0.04877162571428571,31,-1,0.0,0.0,0.0,0.0,0.0,0.24216899,2.6499999499999998
211.72,0.4704888888888889,0.051213336571428576,178,-1,0.0,0.0,0.0,0.0,0.0,0.32689801,1.3
211.72,0.42344,0.051213336571428576,178,-1,0.0,0.0,0.0,0.0,0.0,0.31481799,2.75
211.72,0.35286666666666666,0.051213336571428576,178,-1,0.0,0.0,0.0,0.0,0.0,0.29409501,8.25
209.92,0.41984,0.04888326607142857,30,1,0.0,0.0,0.0,0.0,0.0,0.266175,3.25
209.92,0.3816727272727273,0.04888326607142857,30,1,0.0,0.0,0.0,0.0,0.0,0.245159,0.625
209.92,0.34986666666666666,0.04888326607142857,30,1,0.0,0.0,0.0,0.0,0.0,0.26437399,0.0750000005
209.92,0.41984,0.05133228714285714,177,1,0.0,0.0,0.0,0.0,0.0,0.31431699,6.5
209.92,0.3816727272727273,0.05133228714285714,177,1,0.0,0.0,0.0,0.0,0.0,0.30362201,3.9
209.92,0.34986666666666666,0.05133228714285714,177,1,0.0,0.0,0.0,0.0,0.0,0.29614201,2.1499999499999998
209.92,0.41984,0.04888326607142857,30,-1,0.0,0.0,0.0,0.0,0.0,0.26640901,0.575000015
209.92,0.3816727272727273,0.04888326607142857,30,-1,0.0,0.0,0.0,0.0,0.0,0.241455,2.95000005
209.92,0.41984,0.05133228714285714,177,-1,0.0,0.0,0.0,0.0,0.0,0.315602,2.8999999499999998
210.32,0.5257999999999999,0.04890811357142857,29,1,0.0,0.0,0.0,0.0,0.0,0.55823702,12.7
210.32,0.4673777777777778,0.04890811357142857,29,1,0.0,0.0,0.0,0.0,0.0,0.37324601,7.75
210.32,0.42064,0.04890811357142857,29,1,0.0,0.0,0.0,0.0,0.0,0.27061999,3.1999999499999996
210.32,0.38239999999999996,0.04890811357142857,29,1,0.0,0.0,0.0,0.0,0.0,0.24288601,0.575000015
210.32,0.4673777777777778,0.04890811357142857,29,-1,0.0,0.0,0.0,0.0,0.0,0.32139701,0.0750000005
210.32,0.42064,0.04890811357142857,29,-1,0.0,0.0,0.0,0.0,0.0,0.25167999,0.5
210.32,0.38239999999999996,0.04890811357142857,29,-1,0.0,0.0,0.0,0.0,0.0,0.227321,2.875
224.04,0.4978666666666666,0.04986361771428571,32,1,0.0,0.0,0.0,0.0,0.0,0.44413701,11.25
224.04,0.4073454545454545,0.04986361771428571,32,1,0.0,0.0,0.0,0.0,0.0,0.30778101,2.6499999499999998
224.04,0.3734,0.04986361771428571,32,1,0.0,0.0,0.0,0.0,0.0,0.29361001,0.650000005
224.04,0.5600999999999999,0.04986361771428571,32,-1,0.0,0.0,0.0,0.0,0.0,0.49742901,0.0250000005
224.04,0.4978666666666666,0.04986361771428571,32,-1,0.0,0.0,0.0,0.0,0.0,0.40442601,0.0750000005
224.04,0.44808,0.04986361771428571,32,-1,0.0,0.0,0.0,0.0,0.0,0.33164099,0.29999999499999996
224.04,0.4073454545454545,0.04986361771428571,32,-1,0.0,0.0,0.0,0.0,0.0,0.301743,1.45
224.04,0.3734,0.04986361771428571,32,-1,0.0,0.0,0.0,0.0,0.0,0.29409799,4.5
225.6,0.4512,0.049875528,31,1,0.0,0.0,0.0,0.0,0.0,0.35034001,6.9000001
225.6,0.41018181818181815,0.049875528,31,1,0.0,0.0,0.0,0.0,0.0,0.30632001,2.8999999499999998
225.6,0.376,0.049875528,31,1,0.0,0.0,0.0,0.0,0.0,0.29527599,0.75
225.6,0.41018181818181815,0.049875528,31,-1,0.0,0.0,0.0,0.0,0.0,0.301548,1.25
225.6,0.376,0.049875528,31,-1,0.0,0.0,0.0,0.0,0.0,0.29529199,4.14999985
227.76,0.41410909090909087,0.050027896571428566,30,1,0.0,0.0,0.0,0.0,0.0,0.30584401,3.1999999499999996
227.76,0.3796,0.050027896571428566,30,1,0.0,0.0,0.0,0.0,0.0,0.29284701,0.849999995
227.76,0.5061333333333333,0.050027896571428566,30,-1,0.0,0.0,0.0,0.0,0.0,0.44338599,0.0750000005
227.76,0.45552,0.050027896571428566,30,-1,0.0,0.0,0.0,0.0,0.0,0.34854299,0.225
227.76,0.41410909090909087,0.050027896571428566,30,-1,0.0,0.0,0.0,0.0,0.0,0.30138001,1.05
227.76,0.3796,0.050027896571428566,30,-1,0.0,0.0,0.0,0.0,0.0,0.286264,3.6999999499999996
223.0,0.5575,0.050088292857142856,29,1,0.0,0.0,0.0,0.0,0.0,0.63026899,16.0
223.0,0.40545454545454546,0.050088292857142856,29,1,0.0,0.0,0.0,0.0,0.0,0.30230999,2.3999999499999998
223.0,0.37166666666666665,0.050088292857142856,29,1,0.0,0.0,0.0,0.0,0.0,0.29157901,0.525000005
223.0,0.446,0.050088292857142856,29,-1,0.0,0.0,0.0,0.0,0.0,0.33205399,0.275000005
223.0,0.40545454545454546,0.050088292857142856,29,-1,0.0,0.0,0.0,0.0,0.0,0.294705,1.4
223.0,0.37166666666666665,0.050088292857142856,29,-1,0.0,0.0,0.0,0.0,0.0,0.29159501,4.5999999
172.96,0.4324,0.05141289,32,1,0.0,0.0,0.0,0.0,0.0,0.34189799,3.9
172.96,0.38435555555555556,0.05141289,32,1,0.0,0.0,0.0,0.0,0.0,0.31098801,0.94999999
172.96,0.34592,0.05141289,32,1,0.0,0.0,0.0,0.0,0.0,0.34220499,0.17500000500000001
172.96,0.3144727272727273,0.05141289,32,1,0.0,0.0,0.0,0.0,0.0,0.42863801,0.0750000005
172.96,0.28826666666666667,0.05141289,32,1,0.0,0.0,0.0,0.0,0.0,0.47232199,0.0250000005
172.96,0.4324,0.05141289,32,-1,0.0,0.0,0.0,0.0,0.0,0.33535099,0.474999995
172.96,0.38435555555555556,0.05141289,32,-1,0.0,0.0,0.0,0.0,0.0,0.31132901,2.54999995
172.96,0.34592,0.05141289,32,-1,0.0,0.0,0.0,0.0,0.0,0.32667601,6.79999995
172.96,0.3144727272727273,0.05141289,32,-1,0.0,0.0,0.0,0.0,0.0,0.48525801,11.8
172.96,0.28826666666666667,0.05141289,32,-1,0.0,0.0,0.0,0.0,0.0,0.62215197,16.8000005
168.72,0.48205714285714285,0.05139253,31,1,0.0,0.0,0.0,0.0,0.0,0.38406,7.4000001
168.72,0.4218,0.05139253,31,1,0.0,0.0,0.0,0.0,0.0,0.35126799,3.1
168.72,0.37493333333333334,0.05139253,31,1,0.0,0.0,0.0,0.0,0.0,0.337008,0.69999999
168.72,0.33744,0.05139253,31,1,0.0,0.0,0.0,0.0,0.0,0.36547899,0.125000005
168.72,0.30676363636363635,0.05139253,31,1,0.0,0.0,0.0,0.0,0.0,0.47412899,0.0750000005
168.72,0.4218,0.05139253,31,-1,0.0,0.0,0.0,0.0,0.0,0.36094999,0.80000001
168.72,0.37493333333333334,0.05139253,31,-1,0.0,0.0,0.0,0.0,0.0,0.33248499,3.3500000500000002
168.72,0.33744,0.05139253,31,-1,0.0,0.0,0.0,0.0,0.0,0.366137,7.85000015
168.88,0.48251428571428573,0.051396900588235296,30,1,0.0,0.0,0.0,0.0,0.0,0.43802699,7.5
168.88,0.42219999999999996,0.051396900588235296,30,1,0.0,0.0,0.0,0.0,0.0,0.36141399,3.1499999499999998
168.88,0.3752888888888889,0.051396900588235296,30,1,0.0,0.0,0.0,0.0,0.0,0.33340099,0.674999985
168.88,0.33776,0.051396900588235296,30,1,0.0,0.0,0.0,0.0,0.0,0.36963099,0.125000005
168.88,0.30705454545454547,0.051396900588235296,30,1,0.0,0.0,0.0,0.0,0.0,0.480308,0.0750000005
168.88,0.48251428571428573,0.051396900588235296,30,-1,0.0,0.0,0.0,0.0,0.0,0.43216899,0.125000005
168.88,0.42219999999999996,0.051396900588235296,30,-1,0.0,0.0,0.0,0.0,0.0,0.357443,0.75
168.88,0.3752888888888889,0.051396900588235296,30,-1,0.0,0.0,0.0,0.0,0.0,0.33319601,3.3000000500000004
168.88,0.33776,0.051396900588235296,30,-1,0.0,0.0,0.0,0.0,0.0,0.36096501,7.79999995
170.08,0.4859428571428572,0.051388113529411764,29,1,0.0,0.0,0.0,0.0,0.0,0.39370701,7.70000005
170.08,0.4252,0.051388113529411764,29,1,0.0,0.0,0.0,0.0,0.0,0.38090199,3.4
170.08,0.3779555555555556,0.051388113529411764,29,1,0.0,0.0,0.0,0.0,0.0,0.338155,0.75
170.08,0.34016,0.051388113529411764,29,1,0.0,0.0,0.0,0.0,0.0,0.36434799,0.125000005
170.08,0.30923636363636364,0.051388113529411764,29,1,0.0,0.0,0.0,0.0,0.0,0.40480199,0.0250000005
170.08,0.4859428571428572,0.051388113529411764,29,-1,0.0,0.0,0.0,0.0,0.0,0.450634,0.125000005
170.08,0.4252,0.051388113529411764,29,-1,0.0,0.0,0.0,0.0,0.0,0.36888,0.69999999
170.08,0.3779555555555556,0.051388113529411764,29,-1,0.0,0.0,0.0,0.0,0.0,0.33852401,3.1
170.08,0.34016,0.051388113529411764,29,-1,0.0,0.0,0.0,0.0,0.0,0.345772,7.5
170.08,0.30923636363636364,0.051388113529411764,29,-1,0.0,0.0,0.0,0.0,0.0,0.50287998,12.5
169.68,0.4242,0.054644875142857145,187,1,0.0,0.0,0.0,0.0,0.0,0.375182,6.29999995
169.68,0.3085090909090909,0.054644875142857145,187,1,0.0,0.0,0.0,0.0,0.0,0.34653899,1.1
169.68,0.4242,0.054644875142857145,187,-1,0.0,0.0,0.0,0.0,0.0,0.36959001,2.82500005
169.68,0.37706666666666666,0.054644875142857145,187,-1,0.0,0.0,0.0,0.0,0.0,0.35966,5.29999995
170.08,0.34016,0.054719505714285716,186,1,0.0,0.0,0.0,0.0,0.0,0.353787,2.125
170.08,0.30923636363636364,0.054719505714285716,186,1,0.0,0.0,0.0,0.0,0.0,0.34906399,1.125
164.44,0.3654222222222222,0.05550911285714286,185,1,0.0,0.0,0.0,0.0,0.0,0.35922399,3.1
164.44,0.32888,0.05550911285714286,185,1,0.0,0.0,0.0,0.0,0.0,0.35306799,1.675
164.44,0.2989818181818182,0.05550911285714286,185,1,0.0,0.0,0.0,0.0,0.0,0.34843099,0.849999995
164.44,0.2740666666666667,0.05550911285714286,185,1,0.0,0.0,0.0,0.0,0.0,0.342924,0.39999998999999997
164.44,0.46982857142857143,0.05550911285714286,185,-1,0.0,0.0,0.0,0.0,0.0,0.388161,1.55
167.84,0.3729777777777778,0.05486033428571428,93,1,0.0,0.0,0.0,0.0,0.0,0.35644299,2.0
167.84,0.41960000000000003,0.05486033428571428,93,-1,0.0,0.0,0.0,0.0,0.0,0.36502099,1.95
167.84,0.3729777777777778,0.05486033428571428,93,-1,0.0,0.0,0.0,0.0,0.0,0.35857001,4.5999999
167.84,0.33568000000000003,0.05486033428571428,93,-1,0.0,0.0,0.0,0.0,0.0,0.34846601,8.4000001
167.84,0.41960000000000003,0.055665448857142856,184,-1,0.0,0.0,0.0,0.0,0.0,0.367091,2.92499995
169.2,0.376,0.05500646771428572,92,1,0.0,0.0,0.0,0.0,0.0,0.35077399,2.1000000500000002
169.2,0.3384,0.05500646771428572,92,1,0.0,0.0,0.0,0.0,0.0,0.33965799,0.775000005
169.2,0.3076363636363636,0.05500646771428572,92,1,0.0,0.0,0.0,0.0,0.0,0.336649,0.25000000499999997
169.2,0.4834285714285714,0.05582717114285715,183,1,0.0,0.0,0.0,0.0,0.0,0.38408899,9.5
169.2,0.423,0.05582717114285715,183,1,0.0,0.0,0.0,0.0,0.0,0.36570701,6.0999999
169.2,0.376,0.05582717114285715,183,1,0.0,0.0,0.0,0.0,0.0,0.35390601,3.6
169.2,0.3384,0.05582717114285715,183,1,0.0,0.0,0.0,0.0,0.0,0.34006101,1.9
169.2,0.423,0.05500646771428572,92,-1,0.0,0.0,0.0,0.0,0.0,0.36412701,1.8
169.2,0.423,0.05582717114285715,183,-1,0.0,0.0,0.0,0.0,0.0,0.36630699,2.7749999499999998
169.2,0.3076363636363636,0.05582717114285715,183,-1,0.0,0.0,0.0,0.0,0.0,0.334429,12.85
164.84,0.4121,0.05513152485714286,89,1,0.0,0.0,0.0,0.0,0.0,0.36051801,3.8000000500000004
164.84,0.36631111111111114,0.05513152485714286,89,1,0.0,0.0,0.0,0.0,0.0,0.34508899,1.5750000000000002
164.84,0.32968000000000003,0.05513152485714286,89,1,0.0,0.0,0.0,0.0,0.0,0.341259,0.55000001
164.84,0.2997090909090909,0.05513152485714286,89,1,0.0,0.0,0.0,0.0,0.0,0.34366,0.17500000500000001
164.84,0.27473333333333333,0.05513152485714286,89,1,0.0,0.0,0.0,0.0,0.0,0.36681199,0.0750000005
164.84,0.36631111111111114,0.05593829457142857,180,1,0.0,0.0,0.0,0.0,0.0,0.352588,3.0249999499999998
164.84,0.32968000000000003,0.05593829457142857,180,1,0.0,0.0,0.0,0.0,0.0,0.341548,1.55
164.84,0.2997090909090909,0.05593829457142857,180,1,0.0,0.0,0.0,0.0,0.0,0.33649701,0.75
164.84,0.4121,0.05513152485714286,89,-1,0.0,0.0,0.0,0.0,0.0,0.35866901,2.1000000500000002
164.84,0.36631111111111114,0.05513152485714286,89,-1,0.0,0.0,0.0,0.0,0.0,0.34554401,4.9000001
164.84,0.4709714285714286,0.05593829457142857,180,-1,0.0,0.0,0.0,0.0,0.0,0.37826601,1.4
164.84,0.4121,0.05593829457142857,180,-1,0.0,0.0,0.0,0.0,0.0,0.36287901,3.1
165.64,0.41409999999999997,0.05366357571428571,32,1,0.0,0.0,0.0,0.0,0.0,0.311151,2.4250000500000004
165.64,0.36808888888888885,0.05366357571428571,32,1,0.0,0.0,0.0,0.0,0.0,0.29382899,0.375
165.64,0.36808888888888885,0.05603649085714285,179,1,0.0,0.0,0.0,0.0,0.0,0.34776101,3.04999995
165.64,0.2366285714285714,0.05603649085714285,179,1,0.0,0.0,0.0,0.0,0.0,0.33456901,0.0750000005
165.64,0.41409999999999997,0.05366357571428571,32,-1,0.0,0.0,0.0,0.0,0.0,0.297631,0.775000005
165.64,0.36808888888888885,0.05366357571428571,32,-1,0.0,0.0,0.0,0.0,0.0,0.289193,3.8000000500000004
165.64,0.4732571428571428,0.05603649085714285,179,-1,0.0,0.0,0.0,0.0,0.0,0.37180999,1.3
165.64,0.41409999999999997,0.05603649085714285,179,-1,0.0,0.0,0.0,0.0,0.0,0.35694101,2.95000005
167.84,0.41960000000000003,0.05374113035714286,31,1,0.0,0.0,0.0,0.0,0.0,0.316652,2.7250000500000002
167.84,0.3729777777777778,0.05374113035714286,31,1,0.0,0.0,0.0,0.0,0.0,0.28754601,0.42500000000000004
167.84,0.33568000000000003,0.05608107628571428,178,1,0.0,0.0,0.0,0.0,0.0,0.33901,1.7
167.84,0.27973333333333333,0.05608107628571428,178,1,0.0,0.0,0.0,0.0,0.0,0.33430499,0.39999998999999997
167.84,0.41960000000000003,0.05374113035714286,31,-1,0.0,0.0,0.0,0.0,0.0,0.30328301,0.650000005
167.84,0.3729777777777778,0.05374113035714286,31,-1,0.0,0.0,0.0,0.0,0.0,0.28797001,3.4
167.84,0.33568000000000003,0.05374113035714286,31,-1,0.0,0.0,0.0,0.0,0.0,0.31848499,8.04999995
164.08,0.4102,0.05395621535714286,30,1,0.0,0.0,0.0,0.0,0.0,0.296242,2.04999995
164.08,0.36462222222222224,0.05395621535714286,30,1,0.0,0.0,0.0,0.0,0.0,0.293872,0.275000005
164.08,0.36462222222222224,0.056424206,177,1,0.0,0.0,0.0,0.0,0.0,0.34279701,2.7749999499999998
164.08,0.46880000000000005,0.05395621535714286,30,-1,0.0,0.0,0.0,0.0,0.0,0.36383399,0.10000000549999999
164.08,0.4102,0.05395621535714286,30,-1,0.0,0.0,0.0,0.0,0.0,0.29957801,0.875
164.08,0.36462222222222224,0.05395621535714286,30,-1,0.0,0.0,0.0,0.0,0.0,0.284298,4.0999999
164.8,0.41200000000000003,0.054098247142857145,29,1,0.0,0.0,0.0,0.0,0.0,0.29757601,2.1499999499999998
164.8,0.3662222222222222,0.054098247142857145,29,1,0.0,0.0,0.0,0.0,0.0,0.28899801,0.275000005
164.8,0.41200000000000003,0.054098247142857145,29,-1,0.0,0.0,0.0,0.0,0.0,0.28926101,0.75
164.8,0.3662222222222222,0.054098247142857145,29,-1,0.0,0.0,0.0,0.0,0.0,0.24395999,3.8500000500000002
180.6,0.4515,0.055882765714285715,187,1,0.0,0.0,0.0,0.0,0.0,0.374109,8.2000003
180.6,0.4013333333333333,0.055882765714285715,187,1,0.0,0.0,0.0,0.0,0.0,0.365666,5.29999995
180.6,0.36119999999999997,0.055882765714285715,187,1,0.0,0.0,0.0,0.0,0.0,0.35006201,3.1
180.6,0.32836363636363636,0.055882765714285715,187,1,0.0,0.0,0.0,0.0,0.0,0.34579301,1.75
180.6,0.301,0.055882765714285715,187,1,0.0,0.0,0.0,0.0,0.0,0.34084201,0.924999985
180.6,0.258,0.055882765714285715,187,1,0.0,0.0,0.0,0.0,0.0,0.34057701,0.25000000499999997
180.6,0.22575,0.055882765714285715,187,1,0.0,0.0,0.0,0.0,0.0,0.33075699,0.05
180.6,0.602,0.055882765714285715,187,-1,0.0,0.0,0.0,0.0,0.0,0.416632,0.35000001000000003
180.6,0.4515,0.055882765714285715,187,-1,0.0,0.0,0.0,0.0,0.0,0.373184,2.07500005
180.6,0.4013333333333333,0.055882765714285715,187,-1,0.0,0.0,0.0,0.0,0.0,0.36503899,4.0999999
180.6,0.32836363636363636,0.055882765714285715,187,-1,0.0,0.0,0.0,0.0,0.0,0.34929299,10.65
179.96,0.4499,0.05637397142857143,186,1,0.0,0.0,0.0,0.0,0.0,0.371232,8.0999999
179.96,0.3999111111111111,0.05637397142857143,186,1,0.0,0.0,0.0,0.0,0.0,0.36245301,5.20000005
179.96,0.3999111111111111,0.05443695,32,1,0.0,0.0,0.0,0.0,0.0,0.39841101,2.20000005
179.96,0.35992,0.05443695,32,1,0.0,0.0,0.0,0.0,0.0,0.38469401,0.55000001
179.96,0.3272,0.05443695,32,1,0.0,0.0,0.0,0.0,0.0,0.38730299,0.10000000549999999
179.96,0.4499,0.05443695,32,-1,0.0,0.0,0.0,0.0,0.0,0.433433,0.5
179.96,0.3999111111111111,0.05443695,32,-1,0.0,0.0,0.0,0.0,0.0,0.40092501,2.04999995
179.96,0.35992,0.05443695,32,-1,0.0,0.0,0.0,0.0,0.0,0.38363501,5.4000001
183.88,0.36776,0.05602155761904761,185,1,0.0,0.0,0.0,0.0,0.0,0.349287,3.45000005
183.88,0.30646666666666667,0.05602155761904761,185,1,0.0,0.0,0.0,0.0,0.0,0.33315399,0.999999995
183.88,0.2626857142857143,0.05602155761904761,185,1,0.0,0.0,0.0,0.0,0.0,0.32901901,0.25000000499999997
183.88,0.5253714285714286,0.05449311228571429,31,1,0.0,0.0,0.0,0.0,0.0,0.49945599,11.15
183.88,0.4597,0.05449311228571429,31,1,0.0,0.0,0.0,0.0,0.0,0.449384,6.5
183.88,0.4086222222222222,0.05449311228571429,31,1,0.0,0.0,0.0,0.0,0.0,0.39570099,2.70000005
183.88,0.36776,0.05449311228571429,31,1,0.0,0.0,0.0,0.0,0.0,0.386314,0.75
183.88,0.3343272727272727,0.05449311228571429,31,1,0.0,0.0,0.0,0.0,0.0,0.38996601,0.15000000000000002
183.88,0.4086222222222222,0.05602155761904761,185,-1,0.0,0.0,0.0,0.0,0.0,0.35857099,3.6499999499999998
183.88,0.5253714285714286,0.05449311228571429,31,-1,0.0,0.0,0.0,0.0,0.0,0.51228601,0.0750000005
183.88,0.4597,0.05449311228571429,31,-1,0.0,0.0,0.0,0.0,0.0,0.43350601,0.35000001000000003
183.88,0.4086222222222222,0.05449311228571429,31,-1,0.0,0.0,0.0,0.0,0.0,0.39055201,1.55
180.16,0.4003555555555556,0.055674414285714284,184,1,0.0,0.0,0.0,0.0,0.0,0.36106601,5.20000005
180.16,0.36032,0.055674414285714284,184,1,0.0,0.0,0.0,0.0,0.0,0.347316,3.0249999499999998
180.16,0.3002666666666667,0.055674414285714284,184,1,0.0,0.0,0.0,0.0,0.0,0.334598,0.849999995
180.16,0.4003555555555556,0.05453478571428571,30,1,0.0,0.0,0.0,0.0,0.0,0.39474401,2.1499999499999998
180.16,0.36032,0.05453478571428571,30,1,0.0,0.0,0.0,0.0,0.0,0.39364201,0.55000001
180.16,0.32756363636363633,0.05453478571428571,30,1,0.0,0.0,0.0,0.0,0.0,0.397549,0.10000000549999999
180.16,0.45039999999999997,0.05453478571428571,30,-1,0.0,0.0,0.0,0.0,0.0,0.425834,0.42500000000000004
180.16,0.4003555555555556,0.05453478571428571,30,-1,0.0,0.0,0.0,0.0,0.0,0.390387,1.9
180.16,0.36032,0.05453478571428571,30,-1,0.0,0.0,0.0,0.0,0.0,0.38074601,5.29999995
179.76,0.39946666666666664,0.05574568476190476,183,1,0.0,0.0,0.0,0.0,0.0,0.360558,5.0999999
179.76,0.35952,0.05574568476190476,183,1,0.0,0.0,0.0,0.0,0.0,0.344915,2.92499995
179.76,0.2996,0.05574568476190476,183,1,0.0,0.0,0.0,0.0,0.0,0.33521199,0.82499999
179.76,0.44939999999999997,0.05439698800000001,29,1,0.0,0.0,0.0,0.0,0.0,0.415158,5.5
179.76,0.39946666666666664,0.05439698800000001,29,1,0.0,0.0,0.0,0.0,0.0,0.39300701,2.04999995
179.76,0.35952,0.05439698800000001,29,1,0.0,0.0,0.0,0.0,0.0,0.38488501,0.474999995
179.76,0.39946666666666664,0.05574568476190476,183,-1,0.0,0.0,0.0,0.0,0.0,0.35504499,4.0
179.76,0.44939999999999997,0.05439698800000001,29,-1,0.0,0.0,0.0,0.0,0.0,0.427751,0.42500000000000004
179.76,0.39946666666666664,0.05439698800000001,29,-1,0.0,0.0,0.0,0.0,0.0,0.387178,1.9
179.76,0.35952,0.05439698800000001,29,-1,0.0,0.0,0.0,0.0,0.0,0.375752,5.35000015
182.88,0.4064,0.055814505714285714,180,1,0.0,0.0,0.0,0.0,0.0,0.35140201,5.4000001
182.88,0.36576,0.055814505714285714,180,1,0.0,0.0,0.0,0.0,0.0,0.340132,3.1499999499999998
182.88,0.3325090909090909,0.055814505714285714,180,1,0.0,0.0,0.0,0.0,0.0,0.33217001,1.7
182.88,0.3048,0.055814505714285714,180,1,0.0,0.0,0.0,0.0,0.0,0.32560799,0.849999995
182.88,0.4572,0.055814505714285714,180,-1,0.0,0.0,0.0,0.0,0.0,0.36430201,1.775
182.88,0.4064,0.055814505714285714,180,-1,0.0,0.0,0.0,0.0,0.0,0.34645799,3.54999995
191.52,0.4788,0.055945369523809525,179,1,0.0,0.0,0.0,0.0,0.0,0.370855,10.3
191.52,0.42560000000000003,0.055945369523809525,179,1,0.0,0.0,0.0,0.0,0.0,0.34955001,6.79999995
191.52,0.38304000000000005,0.055945369523809525,179,1,0.0,0.0,0.0,0.0,0.0,0.33660299,4.14999985
191.52,0.3482181818181818,0.055945369523809525,179,1,0.0,0.0,0.0,0.0,0.0,0.32832399,2.35
191.52,0.31920000000000004,0.055945369523809525,179,1,0.0,0.0,0.0,0.0,0.0,0.32329401,1.25
191.52,0.6384000000000001,0.055945369523809525,179,-1,0.0,0.0,0.0,0.0,0.0,0.415656,0.20000000499999998
191.52,0.4788,0.055945369523809525,179,-1,0.0,0.0,0.0,0.0,0.0,0.36802,1.35
191.52,0.42560000000000003,0.055945369523809525,179,-1,0.0,0.0,0.0,0.0,0.0,0.34870601,2.7749999499999998
191.52,0.38304000000000005,0.055945369523809525,179,-1,0.0,0.0,0.0,0.0,0.0,0.336698,5.0999999
191.52,0.31920000000000004,0.055945369523809525,179,-1,0.0,0.0,0.0,0.0,0.0,0.320393,12.4
191.2,0.6373333333333333,0.055653642380952384,178,1,0.0,0.0,0.0,0.0,0.0,0.420385,18.8000005
191.2,0.42488888888888887,0.055653642380952384,178,1,0.0,0.0,0.0,0.0,0.0,0.35176501,6.75
191.2,0.38239999999999996,0.055653642380952384,178,1,0.0,0.0,0.0,0.0,0.0,0.337486,4.0999999
191.2,0.31866666666666665,0.055653642380952384,178,1,0.0,0.0,0.0,0.0,0.0,0.31871799,1.1749999999999998
191.2,0.478,0.055653642380952384,178,-1,0.0,0.0,0.0,0.0,0.0,0.367053,1.35
191.2,0.42488888888888887,0.055653642380952384,178,-1,0.0,0.0,0.0,0.0,0.0,0.34916699,2.79999995
191.2,0.34763636363636363,0.055653642380952384,178,-1,0.0,0.0,0.0,0.0,0.0,0.328132,8.4000001
187.36,0.4163555555555556,0.05565937333333333,177,1,0.0,0.0,0.0,0.0,0.0,0.36983401,6.29999995
187.36,0.37472000000000005,0.05565937333333333,177,1,0.0,0.0,0.0,0.0,0.0,0.356877,3.8500000500000002
187.36,0.3406545454545455,0.05565937333333333,177,1,0.0,0.0,0.0,0.0,0.0,0.34836099,2.20000005
187.36,0.3122666666666667,0.05565937333333333,177,1,0.0,0.0,0.0,0.0,0.0,0.34141001,1.175
187.36,0.6245333333333334,0.05565937333333333,177,-1,0.0,0.0,0.0,0.0,0.0,0.438793,0.29999999499999996
187.36,0.46840000000000004,0.05565937333333333,177,-1,0.0,0.0,0.0,0.0,0.0,0.38543299,1.7
187.36,0.4163555555555556,0.05565937333333333,177,-1,0.0,0.0,0.0,0.0,0.0,0.36784199,3.3500000500000002
187.36,0.37472000000000005,0.05565937333333333,177,-1,0.0,0.0,0.0,0.0,0.0,0.35730401,5.9000001
187.36,0.3406545454545455,0.05565937333333333,177,-1,0.0,0.0,0.0,0.0,0.0,0.34868699,9.2999997
203.28,0.5082,0.053929208,32,1,0.0,0.0,0.0,0.0,0.0,0.51948297,11.05
203.28,0.4517333333333333,0.053929208,32,1,0.0,0.0,0.0,0.0,0.0,0.38988101,6.29999995
203.28,0.40656,0.053929208,32,1,0.0,0.0,0.0,0.0,0.0,0.32062501,2.3999999499999998
203.28,0.3696,0.053929208,32,1,0.0,0.0,0.0,0.0,0.0,0.28810999,0.45000000500000004
203.28,0.5082,0.053929208,32,-1,0.0,0.0,0.0,0.0,0.0,0.44231001,0.0750000005
203.28,0.4517333333333333,0.053929208,32,-1,0.0,0.0,0.0,0.0,0.0,0.347965,0.275000005
203.28,0.40656,0.053929208,32,-1,0.0,0.0,0.0,0.0,0.0,0.29392201,1.3250000000000002
206.56,0.5901714285714286,0.05391611,31,1,0.0,0.0,0.0,0.0,0.0,0.68487298,16.6999995
206.56,0.4590222222222222,0.05391611,31,1,0.0,0.0,0.0,0.0,0.0,0.41330099,7.0
206.56,0.41312,0.05391611,31,1,0.0,0.0,0.0,0.0,0.0,0.32437199,2.8500000500000002
206.56,0.3755636363636364,0.05391611,31,1,0.0,0.0,0.0,0.0,0.0,0.30099699,0.650000005
206.56,0.34426666666666667,0.05391611,31,1,0.0,0.0,0.0,0.0,0.0,0.292153,0.0750000005
206.56,0.4590222222222222,0.05391611,31,-1,0.0,0.0,0.0,0.0,0.0,0.36157399,0.225
206.56,0.41312,0.05391611,31,-1,0.0,0.0,0.0,0.0,0.0,0.307399,1.1
206.56,0.3755636363636364,0.05391611,31,-1,0.0,0.0,0.0,0.0,0.0,0.28429401,3.9
206.36,0.4585777777777778,0.053863894117647054,30,1,0.0,0.0,0.0,0.0,0.0,0.35986099,6.95000005
206.36,0.41272000000000003,0.053863894117647054,30,1,0.0,0.0,0.0,0.0,0.0,0.306171,2.79999995
206.36,0.37520000000000003,0.053863894117647054,30,1,0.0,0.0,0.0,0.0,0.0,0.28905001,0.599999995
206.36,0.4585777777777778,0.053863894117647054,30,-1,0.0,0.0,0.0,0.0,0.0,0.36045101,0.20000000499999998
206.36,0.41272000000000003,0.053863894117647054,30,-1,0.0,0.0,0.0,0.0,0.0,0.30940199,1.05
206.36,0.37520000000000003,0.053863894117647054,30,-1,0.0,0.0,0.0,0.0,0.0,0.28933099,3.8500000500000002
205.16,0.4559111111111111,0.05386814588235293,29,1,0.0,0.0,0.0,0.0,0.0,0.37341899,6.70000005
205.16,0.41032,0.05386814588235293,29,1,0.0,0.0,0.0,0.0,0.0,0.30069,2.54999995
205.16,0.3730181818181818,0.05386814588235293,29,1,0.0,0.0,0.0,0.0,0.0,0.286762,0.5
205.16,0.5129,0.05386814588235293,29,-1,0.0,0.0,0.0,0.0,0.0,0.48130199,0.0750000005
205.16,0.4559111111111111,0.05386814588235293,29,-1,0.0,0.0,0.0,0.0,0.0,0.36677599,0.225
205.16,0.41032,0.05386814588235293,29,-1,0.0,0.0,0.0,0.0,0.0,0.305132,1.1
205.16,0.3730181818181818,0.05386814588235293,29,-1,0.0,0.0,0.0,0.0,0.0,0.286861,4.04999995
209.0,0.418,0.05443236571428571,187,1,0.0,0.0,0.0,0.0,0.0,0.35453099,7.0999999
209.0,0.38,0.05443236571428571,187,1,0.0,0.0,0.0,0.0,0.0,0.342024,4.54999995
209.0,0.32153846153846155,0.05443236571428571,187,1,0.0,0.0,0.0,0.0,0.0,0.325358,1.55
209.0,0.5225,0.05443236571428571,187,-1,0.0,0.0,0.0,0.0,0.0,0.389851,0.94999999
209.0,0.46444444444444444,0.05443236571428571,187,-1,0.0,0.0,0.0,0.0,0.0,0.37096101,1.95
209.0,0.418,0.05443236571428571,187,-1,0.0,0.0,0.0,0.0,0.0,0.355903,3.6
217.8,0.7260000000000001,0.054354768571428576,186,1,0.0,0.0,0.0,0.0,0.0,0.45013699,25.3000005
217.8,0.6222857142857143,0.054354768571428576,186,1,0.0,0.0,0.0,0.0,0.0,0.42409301,20.6499995
217.8,0.5445,0.054354768571428576,186,1,0.0,0.0,0.0,0.0,0.0,0.396595,16.1999995
217.8,0.3350769230769231,0.054354768571428576,186,1,0.0,0.0,0.0,0.0,0.0,0.32689899,2.125
217.8,0.3350769230769231,0.054354768571428576,186,-1,0.0,0.0,0.0,0.0,0.0,0.32706901,11.5
217.08,0.6202285714285715,0.05428537428571428,185,1,0.0,0.0,0.0,0.0,0.0,0.428029,20.5
217.08,0.3339692307692308,0.05428537428571428,185,1,0.0,0.0,0.0,0.0,0.0,0.32969201,2.1000000500000002
217.08,0.43416000000000005,0.05428537428571428,185,-1,0.0,0.0,0.0,0.0,0.0,0.356722,2.95000005
217.08,0.3339692307692308,0.05428537428571428,185,-1,0.0,0.0,0.0,0.0,0.0,0.324922,11.6
213.56,0.3559333333333333,0.05436684142857143,184,1,0.0,0.0,0.0,0.0,0.0,0.33081299,3.1
213.56,0.42712,0.05444691542857142,93,1,0.0,0.0,0.0,0.0,0.0,0.359368,6.0999999
213.56,0.3882909090909091,0.05444691542857142,93,1,0.0,0.0,0.0,0.0,0.0,0.347469,3.3500000500000002
213.56,0.3559333333333333,0.05444691542857142,93,1,0.0,0.0,0.0,0.0,0.0,0.334602,1.5750000000000002
213.56,0.47457777777777777,0.05444691542857142,93,-1,0.0,0.0,0.0,0.0,0.0,0.38558099,0.875
213.56,0.42712,0.05444691542857142,93,-1,0.0,0.0,0.0,0.0,0.0,0.361918,2.0749999499999996
213.56,0.3882909090909091,0.05444691542857142,93,-1,0.0,0.0,0.0,0.0,0.0,0.344138,4.25
216.88,0.3943272727272727,0.05449865714285714,183,1,0.0,0.0,0.0,0.0,0.0,0.34528399,5.5999999
216.88,0.36146666666666666,0.05449865714285714,183,1,0.0,0.0,0.0,0.0,0.0,0.33570501,3.5
216.88,0.33366153846153845,0.05449865714285714,183,1,0.0,0.0,0.0,0.0,0.0,0.32534799,2.025
216.88,0.6196571428571428,0.054466581714285714,92,1,0.0,0.0,0.0,0.0,0.0,0.48809901,19.8000005
216.88,0.43376,0.054466581714285714,92,1,0.0,0.0,0.0,0.0,0.0,0.365152,6.70000005
216.88,0.3943272727272727,0.054466581714285714,92,1,0.0,0.0,0.0,0.0,0.0,0.34867001,3.75
216.88,0.36146666666666666,0.054466581714285714,92,1,0.0,0.0,0.0,0.0,0.0,0.33903399,1.85
216.88,0.33366153846153845,0.054466581714285714,92,1,0.0,0.0,0.0,0.0,0.0,0.33166999,0.80000001
216.88,0.4819555555555555,0.05449865714285714,183,-1,0.0,0.0,0.0,0.0,0.0,0.37355,1.55
216.88,0.36146666666666666,0.05449865714285714,183,-1,0.0,0.0,0.0,0.0,0.0,0.33474901,7.95000005
216.88,0.6196571428571428,0.054466581714285714,92,-1,0.0,0.0,0.0,0.0,0.0,0.48046499,0.125000005
216.88,0.5422,0.054466581714285714,92,-1,0.0,0.0,0.0,0.0,0.0,0.425376,0.29999999499999996
216.88,0.4819555555555555,0.054466581714285714,92,-1,0.0,0.0,0.0,0.0,0.0,0.389658,0.775000005
216.88,0.43376,0.054466581714285714,92,-1,0.0,0.0,0.0,0.0,0.0,0.36449599,1.85
216.88,0.3943272727272727,0.054466581714285714,92,-1,0.0,0.0,0.0,0.0,0.0,0.35039499,3.9
216.88,0.36146666666666666,0.054466581714285714,92,-1,0.0,0.0,0.0,0.0,0.0,0.33823401,7.0
216.88,0.33366153846153845,0.054466581714285714,92,-1,0.0,0.0,0.0,0.0,0.0,0.32940799,11.05
215.24,0.39134545454545455,0.054570191428571425,180,1,0.0,0.0,0.0,0.0,0.0,0.34128001,5.20000005
215.24,0.33113846153846155,0.054570191428571425,180,1,0.0,0.0,0.0,0.0,0.0,0.32606,1.85
215.24,0.5381,0.054478544571428575,89,1,0.0,0.0,0.0,0.0,0.0,0.435473,14.6
215.24,0.39134545454545455,0.054478544571428575,89,1,0.0,0.0,0.0,0.0,0.0,0.34464201,3.4
215.24,0.35873333333333335,0.054478544571428575,89,1,0.0,0.0,0.0,0.0,0.0,0.33962399,1.65
215.24,0.6149714285714286,0.054570191428571425,180,-1,0.0,0.0,0.0,0.0,0.0,0.42374501,0.35000001000000003
215.24,0.5381,0.054570191428571425,180,-1,0.0,0.0,0.0,0.0,0.0,0.39811999,0.80000001
215.24,0.43048000000000003,0.054570191428571425,180,-1,0.0,0.0,0.0,0.0,0.0,0.35554001,3.0249999499999998
215.24,0.6149714285714286,0.054478544571428575,89,-1,0.0,0.0,0.0,0.0,0.0,0.48096699,0.125000005
215.24,0.5381,0.054478544571428575,89,-1,0.0,0.0,0.0,0.0,0.0,0.42366701,0.29999999499999996
215.24,0.47831111111111113,0.054478544571428575,89,-1,0.0,0.0,0.0,0.0,0.0,0.389438,0.80000001
215.24,0.43048000000000003,0.054478544571428575,89,-1,0.0,0.0,0.0,0.0,0.0,0.36144799,1.9
215.24,0.35873333333333335,0.054478544571428575,89,-1,0.0,0.0,0.0,0.0,0.0,0.34193799,7.29999995
217.2,0.3949090909090909,0.054243884285714285,179,1,0.0,0.0,0.0,0.0,0.0,0.34059301,5.5
217.2,0.362,0.054243884285714285,179,1,0.0,0.0,0.0,0.0,0.0,0.33138499,3.4
217.2,0.33415384615384613,0.054243884285714285,179,1,0.0,0.0,0.0,0.0,0.0,0.32409099,1.9749999999999999
217.2,0.6205714285714286,0.053954691428571434,32,1,0.0,0.0,0.0,0.0,0.0,0.60808903,19.4499995
217.2,0.5429999999999999,0.053954691428571434,32,1,0.0,0.0,0.0,0.0,0.0,0.49772599,14.5
217.2,0.48266666666666663,0.053954691428571434,32,1,0.0,0.0,0.0,0.0,0.0,0.3944,9.5999999
217.2,0.43439999999999995,0.053954691428571434,32,1,0.0,0.0,0.0,0.0,0.0,0.323791,5.0
217.2,0.3949090909090909,0.053954691428571434,32,1,0.0,0.0,0.0,0.0,0.0,0.29945901,1.7
217.2,0.362,0.053954691428571434,32,1,0.0,0.0,0.0,0.0,0.0,0.29663,0.35000001000000003
217.2,0.43439999999999995,0.054243884285714285,179,-1,0.0,0.0,0.0,0.0,0.0,0.356112,2.8500000500000002
217.2,0.3949090909090909,0.054243884285714285,179,-1,0.0,0.0,0.0,0.0,0.0,0.34032699,4.9000001
217.2,0.362,0.054243884285714285,179,-1,0.0,0.0,0.0,0.0,0.0,0.33008099,7.79999995
217.2,0.33415384615384613,0.054243884285714285,179,-1,0.0,0.0,0.0,0.0,0.0,0.32393101,11.5
217.2,0.48266666666666663,0.053954691428571434,32,-1,0.0,0.0,0.0,0.0,0.0,0.39716101,0.125000005
217.2,0.43439999999999995,0.053954691428571434,32,-1,0.0,0.0,0.0,0.0,0.0,0.32388699,0.5
217.2,0.3949090909090909,0.053954691428571434,32,-1,0.0,0.0,0.0,0.0,0.0,0.29655701,2.17499995
217.2,0.362,0.053954691428571434,32,-1,0.0,0.0,0.0,0.0,0.0,0.300841,5.9000001
217.2,0.33415384615384613,0.053954691428571434,32,-1,0.0,0.0,0.0,0.0,0.0,0.38552201,10.75
224.04,0.6401142857142857,0.05429228428571428,178,1,0.0,0.0,0.0,0.0,0.0,0.42522001,22.1499995
224.04,0.4073454545454545,0.05395297607142857,31,1,0.0,0.0,0.0,0.0,0.0,0.311636,2.6000000500000002
224.04,0.3734,0.05395297607142857,31,1,0.0,0.0,0.0,0.0,0.0,0.28645501,0.575000015
224.04,0.34467692307692305,0.05395297607142857,31,1,0.0,0.0,0.0,0.0,0.0,0.28404301,0.0750000005
224.04,0.4978666666666666,0.05395297607142857,31,-1,0.0,0.0,0.0,0.0,0.0,0.382339,0.05
224.04,0.44808,0.05395297607142857,31,-1,0.0,0.0,0.0,0.0,0.0,0.32622799,0.275000005
224.04,0.4073454545454545,0.05395297607142857,31,-1,0.0,0.0,0.0,0.0,0.0,0.29873699,1.4249999999999998
224.04,0.3734,0.05395297607142857,31,-1,0.0,0.0,0.0,0.0,0.0,0.26986599,4.4000001
224.24,0.6406857142857143,0.05374256857142857,177,1,0.0,0.0,0.0,0.0,0.0,0.45403001,22.3000005
224.24,0.5606,0.05374256857142857,177,1,0.0,0.0,0.0,0.0,0.0,0.41397101,17.75
224.24,0.49831111111111115,0.05374256857142857,177,1,0.0,0.0,0.0,0.0,0.0,0.384471,13.5
224.24,0.44848000000000005,0.05374256857142857,177,1,0.0,0.0,0.0,0.0,0.0,0.368687,9.7999997
224.24,0.4077090909090909,0.05374256857142857,177,1,0.0,0.0,0.0,0.0,0.0,0.353663,6.70000005
224.24,0.37373333333333336,0.05374256857142857,177,1,0.0,0.0,0.0,0.0,0.0,0.34120601,4.29999995
224.24,0.3449846153846154,0.05374256857142857,177,1,0.0,0.0,0.0,0.0,0.0,0.331889,2.6000000500000002
224.24,0.5606,0.05393981321428571,30,1,0.0,0.0,0.0,0.0,0.0,0.588907,16.3000005
224.24,0.44848000000000005,0.05393981321428571,30,1,0.0,0.0,0.0,0.0,0.0,0.353984,6.5999999
224.24,0.4077090909090909,0.05393981321428571,30,1,0.0,0.0,0.0,0.0,0.0,0.328951,2.79999995
224.24,0.37373333333333336,0.05393981321428571,30,1,0.0,0.0,0.0,0.0,0.0,0.31161001,0.724999995
224.24,0.3449846153846154,0.05393981321428571,30,1,0.0,0.0,0.0,0.0,0.0,0.312648,0.125000005
224.24,0.32034285714285715,0.05393981321428571,30,1,0.0,0.0,0.0,0.0,0.0,0.336411,0.0250000005
224.24,0.7474666666666667,0.05374256857142857,177,-1,0.0,0.0,0.0,0.0,0.0,0.45960999,0.10000000549999999
224.24,0.6406857142857143,0.05374256857142857,177,-1,0.0,0.0,0.0,0.0,0.0,0.425228,0.25000000499999997
224.24,0.5606,0.05374256857142857,177,-1,0.0,0.0,0.0,0.0,0.0,0.401723,0.599999995
224.24,0.49831111111111115,0.05374256857142857,177,-1,0.0,0.0,0.0,0.0,0.0,0.38394499,1.3
224.24,0.44848000000000005,0.05374256857142857,177,-1,0.0,0.0,0.0,0.0,0.0,0.364108,2.45000005
224.24,0.4077090909090909,0.05374256857142857,177,-1,0.0,0.0,0.0,0.0,0.0,0.34757,4.25
224.24,0.44848000000000005,0.05393981321428571,30,-1,0.0,0.0,0.0,0.0,0.0,0.347195,0.29999999499999996
224.24,0.4077090909090909,0.05393981321428571,30,-1,0.0,0.0,0.0,0.0,0.0,0.319383,1.45
224.24,0.37373333333333336,0.05393981321428571,30,-1,0.0,0.0,0.0,0.0,0.0,0.29977399,4.4000001
227.68,0.5692,0.05391241321428571,29,1,0.0,0.0,0.0,0.0,0.0,0.582623,17.1000005
227.68,0.45536,0.05391241321428571,29,1,0.0,0.0,0.0,0.0,0.0,0.34356901,7.29999995
227.68,0.41396363636363637,0.05391241321428571,29,1,0.0,0.0,0.0,0.0,0.0,0.31206799,3.1999999499999996
227.68,0.3794666666666667,0.05391241321428571,29,1,0.0,0.0,0.0,0.0,0.0,0.29828,0.849999995
227.68,0.3502769230769231,0.05391241321428571,29,1,0.0,0.0,0.0,0.0,0.0,0.29192001,0.125000005
227.68,0.45536,0.05391241321428571,29,-1,0.0,0.0,0.0,0.0,0.0,0.35423499,0.225
227.68,0.41396363636363637,0.05391241321428571,29,-1,0.0,0.0,0.0,0.0,0.0,0.31044099,1.0750000000000002
227.68,0.3794666666666667,0.05391241321428571,29,-1,0.0,0.0,0.0,0.0,0.0,0.289702,3.6999999499999996
227.68,0.3502769230769231,0.05391241321428571,29,-1,0.0,0.0,0.0,0.0,0.0,0.29256001,8.0999999
223.32,0.49626666666666663,0.053840742857142854,32,1,0.0,0.0,0.0,0.0,0.0,0.471369,11.2
223.32,0.44664,0.053840742857142854,32,1,0.0,0.0,0.0,0.0,0.0,0.42415601,6.70000005
223.32,0.40603636363636364,0.053840742857142854,32,1,0.0,0.0,0.0,0.0,0.0,0.402527,3.1999999499999996
223.32,0.3722,0.053840742857142854,32,1,0.0,0.0,0.0,0.0,0.0,0.38975099,1.15
223.32,0.44664,0.053840742857142854,32,-1,0.0,0.0,0.0,0.0,0.0,0.44207799,0.724999995
223.32,0.40603636363636364,0.053840742857142854,32,-1,0.0,0.0,0.0,0.0,0.0,0.41226199,2.20000005
223.32,0.3722,0.053840742857142854,32,-1,0.0,0.0,0.0,0.0,0.0,0.39024699,5.0999999
226.04,0.45208,0.05383930828571429,31,1,0.0,0.0,0.0,0.0,0.0,0.43609899,7.29999995
226.04,0.41098181818181817,0.05383930828571429,31,1,0.0,0.0,0.0,0.0,0.0,0.39827099,3.54999995
226.04,0.3767333333333333,0.05383930828571429,31,1,0.0,0.0,0.0,0.0,0.0,0.384716,1.3
226.04,0.3229142857142857,0.05383930828571429,31,1,0.0,0.0,0.0,0.0,0.0,0.37721601,0.0750000005
226.04,0.45208,0.05383930828571429,31,-1,0.0,0.0,0.0,0.0,0.0,0.43225101,0.55000001
226.04,0.41098181818181817,0.05383930828571429,31,-1,0.0,0.0,0.0,0.0,0.0,0.39816701,1.8
226.04,0.3767333333333333,0.05383930828571429,31,-1,0.0,0.0,0.0,0.0,0.0,0.383248,4.54999995
223.36,0.4061090909090909,0.054290701428571425,93,1,0.0,0.0,0.0,0.0,0.0,0.34013101,4.5999999
223.36,0.3722666666666667,0.054290701428571425,93,1,0.0,0.0,0.0,0.0,0.0,0.323798,2.29999995
223.36,0.5584,0.05383790085714286,30,1,0.0,0.0,0.0,0.0,0.0,0.49549901,16.0
223.36,0.4963555555555556,0.05383790085714286,30,1,0.0,0.0,0.0,0.0,0.0,0.50153601,11.2
223.36,0.44672,0.05383790085714286,30,1,0.0,0.0,0.0,0.0,0.0,0.43126401,6.64999985
223.36,0.4061090909090909,0.05383790085714286,30,1,0.0,0.0,0.0,0.0,0.0,0.394324,3.04999995
223.36,0.3722666666666667,0.05383790085714286,30,1,0.0,0.0,0.0,0.0,0.0,0.37208,0.974999995
223.36,0.4061090909090909,0.054290701428571425,93,-1,0.0,0.0,0.0,0.0,0.0,0.33697399,3.04999995
223.36,0.3722666666666667,0.054290701428571425,93,-1,0.0,0.0,0.0,0.0,0.0,0.32413599,5.79999995
223.36,0.44672,0.05383790085714286,30,-1,0.0,0.0,0.0,0.0,0.0,0.42415899,0.599999995
223.36,0.4061090909090909,0.05383790085714286,30,-1,0.0,0.0,0.0,0.0,0.0,0.39197701,2.0
223.36,0.3722666666666667,0.05383790085714286,30,-1,0.0,0.0,0.0,0.0,0.0,0.37240401,4.95000005
223.36,0.34363076923076924,0.05383790085714286,30,-1,0.0,0.0,0.0,0.0,0.0,0.36661199,9.25
224.12,0.5603,0.05428116171428572,92,1,0.0,0.0,0.0,0.0,0.0,0.431907,16.8000005
224.12,0.49804444444444446,0.05428116171428572,92,1,0.0,0.0,0.0,0.0,0.0,0.390136,12.2
224.12,0.44824,0.05428116171428572,92,1,0.0,0.0,0.0,0.0,0.0,0.36599001,8.0999999
224.12,0.4074909090909091,0.05428116171428572,92,1,0.0,0.0,0.0,0.0,0.0,0.33947101,4.70000005
224.12,0.37353333333333333,0.05428116171428572,92,1,0.0,0.0,0.0,0.0,0.0,0.32249501,2.3500000500000002
224.12,0.5603,0.05383651142857143,29,1,0.0,0.0,0.0,0.0,0.0,0.57612401,16.25
224.12,0.44824,0.05383651142857143,29,1,0.0,0.0,0.0,0.0,0.0,0.42938301,6.79999995
224.12,0.4074909090909091,0.05383651142857143,29,1,0.0,0.0,0.0,0.0,0.0,0.38789099,3.1
224.12,0.37353333333333333,0.05383651142857143,29,1,0.0,0.0,0.0,0.0,0.0,0.371521,0.999999995
224.12,0.49804444444444446,0.05428116171428572,92,-1,0.0,0.0,0.0,0.0,0.0,0.387299,0.55000001
224.12,0.4074909090909091,0.05428116171428572,92,-1,0.0,0.0,0.0,0.0,0.0,0.33724299,2.95000005
224.12,0.49804444444444446,0.05383651142857143,29,-1,0.0,0.0,0.0,0.0,0.0,0.46965501,0.125000005
224.12,0.44824,0.05383651142857143,29,-1,0.0,0.0,0.0,0.0,0.0,0.42007899,0.525000005
224.12,0.4074909090909091,0.05383651142857143,29,-1,0.0,0.0,0.0,0.0,0.0,0.38834199,1.85
224.12,0.37353333333333333,0.05383651142857143,29,-1,0.0,0.0,0.0,0.0,0.0,0.359954,4.70000005
224.12,0.3448,0.05383651142857143,29,-1,0.0,0.0,0.0,0.0,0.0,0.33472601,9.0
223.36,0.4061090909090909,0.05437678142857142,89,1,0.0,0.0,0.0,0.0,0.0,0.33829501,4.5
223.36,0.3722666666666667,0.05437678142857142,89,1,0.0,0.0,0.0,0.0,0.0,0.32156599,2.20000005
223.36,0.3190857142857143,0.05437678142857142,89,1,0.0,0.0,0.0,0.0,0.0,0.30324799,0.32499999999999996
223.36,0.5584,0.05437678142857142,89,-1,0.0,0.0,0.0,0.0,0.0,0.412824,0.17500000500000001
223.36,0.4963555555555556,0.05437678142857142,89,-1,0.0,0.0,0.0,0.0,0.0,0.38415101,0.525000005
223.36,0.4061090909090909,0.05437678142857142,89,-1,0.0,0.0,0.0,0.0,0.0,0.33952901,3.0
233.88,0.6682285714285714,0.05383723,32,1,0.0,0.0,0.0,0.0,0.0,0.68370998,23.6499995
233.88,0.5847,0.05383723,32,1,0.0,0.0,0.0,0.0,0.0,0.59119803,18.6999995
233.88,0.46776,0.05383723,32,1,0.0,0.0,0.0,0.0,0.0,0.32098699,8.7999997
233.88,0.42523636363636363,0.05383723,32,1,0.0,0.0,0.0,0.0,0.0,0.28048801,4.29999995
233.88,0.3898,0.05383723,32,1,0.0,0.0,0.0,0.0,0.0,0.273597,1.35
233.88,0.3598153846153846,0.05383723,32,1,0.0,0.0,0.0,0.0,0.0,0.272816,0.25000000499999997
233.88,0.46776,0.05383723,32,-1,0.0,0.0,0.0,0.0,0.0,0.30689999,0.0750000005
233.88,0.42523636363636363,0.05383723,32,-1,0.0,0.0,0.0,0.0,0.0,0.28036299,0.575000015
233.88,0.3898,0.05383723,32,-1,0.0,0.0,0.0,0.0,0.0,0.26885,2.6000000500000002
233.88,0.3598153846153846,0.05383723,32,-1,0.0,0.0,0.0,0.0,0.0,0.268792,6.5999999
234.64,0.5866,0.053828118,31,1,0.0,0.0,0.0,0.0,0.0,0.51819998,18.8000005
234.64,0.46928,0.053828118,31,1,0.0,0.0,0.0,0.0,0.0,0.34357601,8.9499998
234.64,0.4266181818181818,0.053828118,31,1,0.0,0.0,0.0,0.0,0.0,0.29500401,4.45000005
234.64,0.3910666666666666,0.053828118,31,1,0.0,0.0,0.0,0.0,0.0,0.27749801,1.4
234.64,0.36098461538461535,0.053828118,31,1,0.0,0.0,0.0,0.0,0.0,0.272782,0.25000000499999997
234.64,0.46928,0.053828118,31,-1,0.0,0.0,0.0,0.0,0.0,0.315236,0.0750000005
234.64,0.4266181818181818,0.053828118,31,-1,0.0,0.0,0.0,0.0,0.0,0.29040501,0.575000015
234.64,0.3910666666666666,0.053828118,31,-1,0.0,0.0,0.0,0.0,0.0,0.27826399,2.54999995
234.64,0.36098461538461535,0.053828118,31,-1,0.0,0.0,0.0,0.0,0.0,0.27381301,6.45000005
234.24,0.46848,0.05381896,30,1,0.0,0.0,0.0,0.0,0.0,0.353585,8.9000001
234.24,0.4258909090909091,0.05381896,30,1,0.0,0.0,0.0,0.0,0.0,0.299528,4.4000001
234.24,0.3904,0.05381896,30,1,0.0,0.0,0.0,0.0,0.0,0.285997,1.4
234.24,0.3603692307692308,0.05381896,30,1,0.0,0.0,0.0,0.0,0.0,0.287027,0.275000005
234.24,0.46848,0.05381896,30,-1,0.0,0.0,0.0,0.0,0.0,0.33668399,0.10000000549999999
234.24,0.4258909090909091,0.05381896,30,-1,0.0,0.0,0.0,0.0,0.0,0.29769301,0.599999995
234.24,0.3904,0.05381896,30,-1,0.0,0.0,0.0,0.0,0.0,0.28415099,2.6000000500000002
234.6,0.4692,0.05381539375,29,1,0.0,0.0,0.0,0.0,0.0,0.29127699,8.9000001
234.6,0.42654545454545456,0.05381539375,29,1,0.0,0.0,0.0,0.0,0.0,0.28921601,4.4000001
234.6,0.391,0.05381539375,29,1,0.0,0.0,0.0,0.0,0.0,0.27356401,1.3250000000000002
234.6,0.3609230769230769,0.05381539375,29,1,0.0,0.0,0.0,0.0,0.0,0.273085,0.225
234.6,0.4692,0.05381539375,29,-1,0.0,0.0,0.0,0.0,0.0,0.32657,0.0750000005
234.6,0.42654545454545456,0.05381539375,29,-1,0.0,0.0,0.0,0.0,0.0,0.290227,0.525000005
234.6,0.391,0.05381539375,29,-1,0.0,0.0,0.0,0.0,0.0,0.27361,2.45000005
234.6,0.3609230769230769,0.05381539375,29,-1,0.0,0.0,0.0,0.0,0.0,0.262364,6.4000001
209.0,0.46444444444444444,0.053527137428571424,187,1,0.0,0.0,0.0,0.0,0.0,0.346378,10.1
209.0,0.418,0.053527137428571424,187,1,0.0,0.0,0.0,0.0,0.0,0.32676199,6.70000005
209.0,0.38,0.053527137428571424,187,1,0.0,0.0,0.0,0.0,0.0,0.31290701,4.0999999
209.0,0.34833333333333333,0.053527137428571424,187,1,0.0,0.0,0.0,0.0,0.0,0.30565399,2.3500000500000002
209.0,0.32153846153846155,0.053527137428571424,187,1,0.0,0.0,0.0,0.0,0.0,0.29950199,1.25
209.0,0.5971428571428572,0.053527137428571424,187,-1,0.0,0.0,0.0,0.0,0.0,0.383811,0.29999999499999996
209.0,0.418,0.053527137428571424,187,-1,0.0,0.0,0.0,0.0,0.0,0.326074,3.1999999499999996
207.16,0.5179,0.053339868857142855,186,1,0.0,0.0,0.0,0.0,0.0,0.35684901,13.6
207.16,0.41431999999999997,0.053339868857142855,186,1,0.0,0.0,0.0,0.0,0.0,0.32056201,6.29999995
207.16,0.37665454545454546,0.053339868857142855,186,1,0.0,0.0,0.0,0.0,0.0,0.31227201,3.8500000500000002
207.16,0.34526666666666667,0.053339868857142855,186,1,0.0,0.0,0.0,0.0,0.0,0.30319601,2.1499999499999998
207.16,0.3187076923076923,0.053339868857142855,186,1,0.0,0.0,0.0,0.0,0.0,0.29524401,1.1
207.16,0.41431999999999997,0.053339868857142855,186,-1,0.0,0.0,0.0,0.0,0.0,0.32214999,3.3000000500000004
207.16,0.34526666666666667,0.053339868857142855,186,-1,0.0,0.0,0.0,0.0,0.0,0.303399,9.2000003
210.48,0.6013714285714286,0.05367402,185,1,0.0,0.0,0.0,0.0,0.0,0.38686901,18.8000005
210.48,0.5262,0.05367402,185,1,0.0,0.0,0.0,0.0,0.0,0.35471499,14.3
210.48,0.42096,0.05367402,185,1,0.0,0.0,0.0,0.0,0.0,0.326592,6.9000001
210.48,0.3826909090909091,0.05367402,185,1,0.0,0.0,0.0,0.0,0.0,0.30980599,4.20000005
210.48,0.3508,0.05367402,185,1,0.0,0.0,0.0,0.0,0.0,0.30239299,2.3999999499999998
210.48,0.5262,0.05367402,185,-1,0.0,0.0,0.0,0.0,0.0,0.36067501,0.69999999
210.48,0.42096,0.05367402,185,-1,0.0,0.0,0.0,0.0,0.0,0.325461,3.04999995
210.48,0.3508,0.05367402,185,-1,0.0,0.0,0.0,0.0,0.0,0.30246601,8.5999999
210.48,0.3238153846153846,0.05367402,185,-1,0.0,0.0,0.0,0.0,0.0,0.287599,12.6
213.88,0.42776,0.05410517714285715,93,1,0.0,0.0,0.0,0.0,0.0,0.32244399,5.79999995
213.88,0.38887272727272726,0.05410517714285715,93,1,0.0,0.0,0.0,0.0,0.0,0.30529699,2.9250000500000004
213.88,0.35646666666666665,0.05410517714285715,93,1,0.0,0.0,0.0,0.0,0.0,0.29739201,1.25
213.88,0.42776,0.05380687314285714,184,1,0.0,0.0,0.0,0.0,0.0,0.32457399,7.45000005
213.88,0.38887272727272726,0.05380687314285714,184,1,0.0,0.0,0.0,0.0,0.0,0.31055,4.64999985
213.88,0.38887272727272726,0.05410517714285715,93,-1,0.0,0.0,0.0,0.0,0.0,0.30495,3.8000000500000004
213.88,0.3290461538461538,0.05380687314285714,184,-1,0.0,0.0,0.0,0.0,0.0,0.292465,11.9
215.4,0.4308,0.05409401714285715,92,1,0.0,0.0,0.0,0.0,0.0,0.321197,6.0
215.4,0.39163636363636367,0.05409401714285715,92,1,0.0,0.0,0.0,0.0,0.0,0.304028,3.04999995
215.4,0.359,0.05409401714285715,92,1,0.0,0.0,0.0,0.0,0.0,0.29217401,1.275
215.4,0.5385,0.053766574,183,1,0.0,0.0,0.0,0.0,0.0,0.35545701,15.4
215.4,0.4308,0.053766574,183,1,0.0,0.0,0.0,0.0,0.0,0.317945,7.5999999
215.4,0.39163636363636367,0.053766574,183,1,0.0,0.0,0.0,0.0,0.0,0.30858499,4.79999995
215.4,0.359,0.053766574,183,1,0.0,0.0,0.0,0.0,0.0,0.297203,2.75
215.4,0.3313846153846154,0.053766574,183,1,0.0,0.0,0.0,0.0,0.0,0.28906599,1.45
215.4,0.4308,0.05409401714285715,92,-1,0.0,0.0,0.0,0.0,0.0,0.32144299,1.5750000000000002
215.4,0.39163636363636367,0.05409401714285715,92,-1,0.0,0.0,0.0,0.0,0.0,0.303707,3.6
215.4,0.4786666666666667,0.053766574,183,-1,0.0,0.0,0.0,0.0,0.0,0.34026799,1.3
215.4,0.4308,0.053766574,183,-1,0.0,0.0,0.0,0.0,0.0,0.32250401,2.6000000500000002
215.4,0.39163636363636367,0.053766574,183,-1,0.0,0.0,0.0,0.0,0.0,0.30876899,4.70000005
211.24,0.46942222222222224,0.054074540000000004,89,1,0.0,0.0,0.0,0.0,0.0,0.35726601,9.0999999
211.24,0.42248,0.054074540000000004,89,1,0.0,0.0,0.0,0.0,0.0,0.32951,5.29999995
211.24,0.3840727272727273,0.054074540000000004,89,1,0.0,0.0,0.0,0.0,0.0,0.313301,2.6000000500000002
211.24,0.3520666666666667,0.054074540000000004,89,1,0.0,0.0,0.0,0.0,0.0,0.29896101,1.024999995
211.24,0.5281,0.05372578457142857,180,1,0.0,0.0,0.0,0.0,0.0,0.36417699,14.5
211.24,0.3840727272727273,0.05372578457142857,180,1,0.0,0.0,0.0,0.0,0.0,0.31105301,4.25
211.24,0.3520666666666667,0.05372578457142857,180,1,0.0,0.0,0.0,0.0,0.0,0.30004799,2.375
211.24,0.46942222222222224,0.054074540000000004,89,-1,0.0,0.0,0.0,0.0,0.0,0.348988,0.69999999
211.24,0.42248,0.054074540000000004,89,-1,0.0,0.0,0.0,0.0,0.0,0.32916501,1.9
211.24,0.3840727272727273,0.054074540000000004,89,-1,0.0,0.0,0.0,0.0,0.0,0.31367701,4.20000005
211.24,0.3520666666666667,0.054074540000000004,89,-1,0.0,0.0,0.0,0.0,0.0,0.299876,7.70000005
211.24,0.5281,0.05372578457142857,180,-1,0.0,0.0,0.0,0.0,0.0,0.36043099,0.650000005
211.24,0.46942222222222224,0.05372578457142857,180,-1,0.0,0.0,0.0,0.0,0.0,0.34443301,1.5
211.24,0.42248,0.05372578457142857,180,-1,0.0,0.0,0.0,0.0,0.0,0.32688999,2.95000005
211.24,0.3840727272727273,0.05372578457142857,180,-1,0.0,0.0,0.0,0.0,0.0,0.31089801,5.20000005
211.24,0.3520666666666667,0.05372578457142857,180,-1,0.0,0.0,0.0,0.0,0.0,0.30061501,8.4000001
210.64,0.46808888888888883,0.054126565714285715,32,1,0.0,0.0,0.0,0.0,0.0,0.316039,7.95000005
210.64,0.42128,0.054126565714285715,32,1,0.0,0.0,0.0,0.0,0.0,0.27560401,3.5
210.64,0.38298181818181815,0.054126565714285715,32,1,0.0,0.0,0.0,0.0,0.0,0.26210201,0.825000015
210.64,0.35106666666666664,0.054126565714285715,32,1,0.0,0.0,0.0,0.0,0.0,0.27707401,0.125000005
210.64,0.5266,0.05366443057142857,179,1,0.0,0.0,0.0,0.0,0.0,0.35332099,14.3
210.64,0.42128,0.05366443057142857,179,1,0.0,0.0,0.0,0.0,0.0,0.32224801,6.79999995
210.64,0.38298181818181815,0.05366443057142857,179,1,0.0,0.0,0.0,0.0,0.0,0.31348801,4.20000005
210.64,0.5266,0.054126565714285715,32,-1,0.0,0.0,0.0,0.0,0.0,0.42184699,0.0250000005
210.64,0.42128,0.054126565714285715,32,-1,0.0,0.0,0.0,0.0,0.0,0.27901,0.625
210.64,0.38298181818181815,0.054126565714285715,32,-1,0.0,0.0,0.0,0.0,0.0,0.26210299,2.95000005
205.52,0.4567111111111111,0.054136766571428574,31,1,0.0,0.0,0.0,0.0,0.0,0.332046,6.75
205.52,0.41104,0.054136766571428574,31,1,0.0,0.0,0.0,0.0,0.0,0.284733,2.6000000500000002
205.52,0.37367272727272727,0.054136766571428574,31,1,0.0,0.0,0.0,0.0,0.0,0.27658501,0.525000005
205.52,0.34253333333333336,0.054136766571428574,31,1,0.0,0.0,0.0,0.0,0.0,0.29365399,0.0750000005
205.52,0.4567111111111111,0.05368010257142857,178,1,0.0,0.0,0.0,0.0,0.0,0.34158599,9.25
205.52,0.2936,0.05368010257142857,178,1,0.0,0.0,0.0,0.0,0.0,0.29556099,0.474999995
205.52,0.4567111111111111,0.054136766571428574,31,-1,0.0,0.0,0.0,0.0,0.0,0.32484201,0.15000000000000002
205.52,0.41104,0.054136766571428574,31,-1,0.0,0.0,0.0,0.0,0.0,0.28019899,0.974999995
205.52,0.37367272727272727,0.054136766571428574,31,-1,0.0,0.0,0.0,0.0,0.0,0.26299101,3.9
205.52,0.4567111111111111,0.05368010257142857,178,-1,0.0,0.0,0.0,0.0,0.0,0.341957,1.75
207.2,0.46044444444444443,0.05413298771428571,30,1,0.0,0.0,0.0,0.0,0.0,0.343003,7.0999999
207.2,0.4144,0.05413298771428571,30,1,0.0,0.0,0.0,0.0,0.0,0.28030899,2.79999995
207.2,0.3767272727272727,0.05413298771428571,30,1,0.0,0.0,0.0,0.0,0.0,0.26785901,0.55000001
207.2,0.46044444444444443,0.05350549314285714,177,1,0.0,0.0,0.0,0.0,0.0,0.346136,9.5999999
207.2,0.3767272727272727,0.05350549314285714,177,1,0.0,0.0,0.0,0.0,0.0,0.31814399,3.8000000500000004
207.2,0.3453333333333333,0.05350549314285714,177,1,0.0,0.0,0.0,0.0,0.0,0.308126,2.1000000500000002
207.2,0.31876923076923075,0.05350549314285714,177,1,0.0,0.0,0.0,0.0,0.0,0.30110699,1.0750000000000002
207.2,0.46044444444444443,0.05413298771428571,30,-1,0.0,0.0,0.0,0.0,0.0,0.329083,0.125000005
207.2,0.4144,0.05413298771428571,30,-1,0.0,0.0,0.0,0.0,0.0,0.273936,0.80000001
207.2,0.3767272727272727,0.05413298771428571,30,-1,0.0,0.0,0.0,0.0,0.0,0.268231,3.6
207.2,0.46044444444444443,0.05350549314285714,177,-1,0.0,0.0,0.0,0.0,0.0,0.346378,1.7
207.2,0.3767272727272727,0.05350549314285714,177,-1,0.0,0.0,0.0,0.0,0.0,0.31753299,5.79999995
204.24,0.4538666666666667,0.054136774857142855,29,1,0.0,0.0,0.0,0.0,0.0,0.32256901,6.4000001
204.24,0.40848,0.054136774857142855,29,1,0.0,0.0,0.0,0.0,0.0,0.26505801,2.225
204.24,0.3713454545454546,0.054136774857142855,29,1,0.0,0.0,0.0,0.0,0.0,0.26631099,0.375
204.24,0.34040000000000004,0.054136774857142855,29,1,0.0,0.0,0.0,0.0,0.0,0.31449899,0.0750000005
204.24,0.40848,0.054136774857142855,29,-1,0.0,0.0,0.0,0.0,0.0,0.26322499,0.94999999
204.24,0.3713454545454546,0.054136774857142855,29,-1,0.0,0.0,0.0,0.0,0.0,0.26628199,4.14999985
203.88,0.4530666666666667,0.053820351999999995,32,1,0.0,0.0,0.0,0.0,0.0,0.441084,6.64999985
203.88,0.40776,0.053820351999999995,32,1,0.0,0.0,0.0,0.0,0.0,0.40230799,3.0
203.88,0.37069090909090907,0.053820351999999995,32,1,0.0,0.0,0.0,0.0,0.0,0.374688,0.900000005
203.88,0.3398,0.053820351999999995,32,1,0.0,0.0,0.0,0.0,0.0,0.36124301,0.17500000500000001
203.88,0.4530666666666667,0.053820351999999995,32,-1,0.0,0.0,0.0,0.0,0.0,0.42166799,0.474999995
203.88,0.40776,0.053820351999999995,32,-1,0.0,0.0,0.0,0.0,0.0,0.389489,1.8
203.88,0.37069090909090907,0.053820351999999995,32,-1,0.0,0.0,0.0,0.0,0.0,0.358834,4.70000005
203.88,0.37069090909090907,0.053040277912087916,368,1,0.0,0.0,0.0,0.0,0.0,0.31442899,5.9000001
203.88,0.5097,0.053040277912087916,368,-1,0.0,0.0,0.0,0.0,0.0,0.34841999,1.75
203.88,0.31366153846153844,0.053040277912087916,368,-1,0.0,0.0,0.0,0.0,0.0,0.29876399,14.6
197.92,0.43982222222222217,0.05381551,31,1,0.0,0.0,0.0,0.0,0.0,0.43396899,5.4000001
197.92,0.39583999999999997,0.05381551,31,1,0.0,0.0,0.0,0.0,0.0,0.40821499,2.20000005
197.92,0.3598545454545454,0.05381551,31,1,0.0,0.0,0.0,0.0,0.0,0.39006001,0.599999995
197.92,0.32986666666666664,0.05381551,31,1,0.0,0.0,0.0,0.0,0.0,0.39038801,0.125000005
197.92,0.43982222222222217,0.05381551,31,-1,0.0,0.0,0.0,0.0,0.0,0.41779301,0.674999985
197.92,0.39583999999999997,0.05381551,31,-1,0.0,0.0,0.0,0.0,0.0,0.40306199,2.5
197.92,0.3598545454545454,0.05381551,31,-1,0.0,0.0,0.0,0.0,0.0,0.39024901,5.95000005
197.92,0.6597333333333333,0.05338359945054945,367,1,0.0,0.0,0.0,0.0,0.0,0.38871601,21.5
197.92,0.49479999999999996,0.05338359945054945,367,1,0.0,0.0,0.0,0.0,0.0,0.35228699,13.5
197.92,0.39583999999999997,0.05338359945054945,367,1,0.0,0.0,0.0,0.0,0.0,0.32306299,7.29999995
197.92,0.3598545454545454,0.05338359945054945,367,1,0.0,0.0,0.0,0.0,0.0,0.314448,5.0999999
197.92,0.32986666666666664,0.05338359945054945,367,1,0.0,0.0,0.0,0.0,0.0,0.30765,3.45000005
197.92,0.49479999999999996,0.05338359945054945,367,-1,0.0,0.0,0.0,0.0,0.0,0.34792,2.0
197.92,0.3598545454545454,0.05338359945054945,367,-1,0.0,0.0,0.0,0.0,0.0,0.312848,8.2999997
200.4,0.501,0.053813451176470586,30,1,0.0,0.0,0.0,0.0,0.0,0.474886,10.3
200.4,0.4008,0.053813451176470586,30,1,0.0,0.0,0.0,0.0,0.0,0.40949601,2.45000005
200.4,0.3643636363636364,0.053813451176470586,30,1,0.0,0.0,0.0,0.0,0.0,0.39279401,0.69999999
200.4,0.334,0.053813451176470586,30,1,0.0,0.0,0.0,0.0,0.0,0.378097,0.125000005
200.4,0.44533333333333336,0.053813451176470586,30,-1,0.0,0.0,0.0,0.0,0.0,0.417144,0.55000001
200.4,0.4008,0.053813451176470586,30,-1,0.0,0.0,0.0,0.0,0.0,0.403716,2.20000005
200.4,0.3643636363636364,0.053813451176470586,30,-1,0.0,0.0,0.0,0.0,0.0,0.37254399,5.4000001
200.4,0.334,0.053813451176470586,30,-1,0.0,0.0,0.0,0.0,0.0,0.382613,9.9499998
200.4,0.501,0.05317376439560439,366,1,0.0,0.0,0.0,0.0,0.0,0.35110199,14.0
200.4,0.4008,0.05317376439560439,366,1,0.0,0.0,0.0,0.0,0.0,0.32399499,7.70000005
200.4,0.501,0.05317376439560439,366,-1,0.0,0.0,0.0,0.0,0.0,0.34924299,1.9
201.36,0.5753142857142858,0.05381321705882353,29,1,0.0,0.0,0.0,0.0,0.0,0.51349801,15.5
201.36,0.5034000000000001,0.05381321705882353,29,1,0.0,0.0,0.0,0.0,0.0,0.46780801,10.6
201.36,0.4474666666666667,0.05381321705882353,29,1,0.0,0.0,0.0,0.0,0.0,0.44516701,6.0999999
201.36,0.40272,0.05381321705882353,29,1,0.0,0.0,0.0,0.0,0.0,0.402107,2.54999995
201.36,0.36610909090909094,0.05381321705882353,29,1,0.0,0.0,0.0,0.0,0.0,0.38766801,0.724999995
201.36,0.3356,0.05381321705882353,29,1,0.0,0.0,0.0,0.0,0.0,0.37300801,0.125000005
201.36,0.4474666666666667,0.05381321705882353,29,-1,0.0,0.0,0.0,0.0,0.0,0.43193901,0.525000005
201.36,0.40272,0.05381321705882353,29,-1,0.0,0.0,0.0,0.0,0.0,0.400359,2.0
201.36,0.36610909090909094,0.05381321705882353,29,-1,0.0,0.0,0.0,0.0,0.0,0.38716701,5.20000005
201.36,0.40272,0.05339825076923077,365,1,0.0,0.0,0.0,0.0,0.0,0.320779,7.79999995
197.88,0.39576,0.0533705910989011,362,1,0.0,0.0,0.0,0.0,0.0,0.32712501,7.29999995
197.88,0.3298,0.0533705910989011,362,1,0.0,0.0,0.0,0.0,0.0,0.30828801,3.4
197.88,0.28268571428571426,0.0533705910989011,362,1,0.0,0.0,0.0,0.0,0.0,0.29314101,1.35
197.88,0.24735,0.0533705910989011,362,1,0.0,0.0,0.0,0.0,0.0,0.28609499,0.5
199.04,0.39808,0.05354019263736264,361,-1,0.0,0.0,0.0,0.0,0.0,0.31766999,5.29999995
199.04,0.3317333333333333,0.05354019263736264,361,-1,0.0,0.0,0.0,0.0,0.0,0.297364,11.4
201.36,0.4474666666666667,0.053508578791208794,360,1,0.0,0.0,0.0,0.0,0.0,0.32854801,10.6
201.36,0.40272,0.053508578791208794,360,1,0.0,0.0,0.0,0.0,0.0,0.318156,7.70000005
201.36,0.3356,0.053508578791208794,360,1,0.0,0.0,0.0,0.0,0.0,0.303114,3.6499999499999998
199.68,0.39936,0.05408834,32,1,0.0,0.0,0.0,0.0,0.0,0.25498801,1.5750000000000002
199.68,0.36305454545454546,0.05408834,32,1,0.0,0.0,0.0,0.0,0.0,0.25977999,0.225
199.68,0.3328,0.05408834,32,1,0.0,0.0,0.0,0.0,0.0,0.28083101,0.0250000005
199.68,0.44373333333333337,0.05408834,32,-1,0.0,0.0,0.0,0.0,0.0,0.298969,0.225
199.68,0.39936,0.05408834,32,-1,0.0,0.0,0.0,0.0,0.0,0.255674,1.45
201.92,0.44871111111111106,0.05408104285714286,31,1,0.0,0.0,0.0,0.0,0.0,0.32309899,5.79999995
201.92,0.40384,0.05408104285714286,31,1,0.0,0.0,0.0,0.0,0.0,0.259323,1.825
201.92,0.3671272727272727,0.05408104285714286,31,1,0.0,0.0,0.0,0.0,0.0,0.260829,0.275000005
201.92,0.3365333333333333,0.05408104285714286,31,1,0.0,0.0,0.0,0.0,0.0,0.272899,0.0250000005
201.92,0.5047999999999999,0.05408104285714286,31,-1,0.0,0.0,0.0,0.0,0.0,0.36996701,0.0250000005
201.92,0.44871111111111106,0.05408104285714286,31,-1,0.0,0.0,0.0,0.0,0.0,0.276748,0.125000005
201.92,0.40384,0.05408104285714286,31,-1,0.0,0.0,0.0,0.0,0.0,0.248519,1.1749999999999998
201.92,0.3671272727272727,0.05408104285714286,31,-1,0.0,0.0,0.0,0.0,0.0,0.26034901,4.70000005
200.44,0.40088,0.05383571,30,1,0.0,0.0,0.0,0.0,0.0,0.25372601,1.6
200.44,0.3644363636363636,0.05383571,30,1,0.0,0.0,0.0,0.0,0.0,0.24421,0.17500000500000001
200.44,0.3340666666666667,0.05383571,30,1,0.0,0.0,0.0,0.0,0.0,0.28587601,0.0250000005
200.44,0.5011,0.05383571,30,-1,0.0,0.0,0.0,0.0,0.0,0.36789599,0.0250000005
200.44,0.4454222222222222,0.05383571,30,-1,0.0,0.0,0.0,0.0,0.0,0.282619,0.15000000000000002
200.44,0.40088,0.05383571,30,-1,0.0,0.0,0.0,0.0,0.0,0.25037301,1.3
200.44,0.3644363636363636,0.05383571,30,-1,0.0,0.0,0.0,0.0,0.0,0.244123,4.95000005
200.04,0.44453333333333334,0.053831514,29,1,0.0,0.0,0.0,0.0,0.0,0.31660101,5.29999995
200.04,0.40008,0.053831514,29,1,0.0,0.0,0.0,0.0,0.0,0.255649,1.475
200.04,0.36370909090909087,0.053831514,29,1,0.0,0.0,0.0,0.0,0.0,0.25694799,0.17500000500000001
200.04,0.44453333333333334,0.053831514,29,-1,0.0,0.0,0.0,0.0,0.0,0.29107299,0.17500000500000001
200.04,0.40008,0.053831514,29,-1,0.0,0.0,0.0,0.0,0.0,0.23412199,1.275
199.96,0.39992,0.053704568285714294,93,1,0.0,0.0,0.0,0.0,0.0,0.31641001,3.5
199.96,0.36356363636363637,0.053704568285714294,93,1,0.0,0.0,0.0,0.0,0.0,0.30740499,1.525
199.96,0.44435555555555556,0.053704568285714294,93,-1,0.0,0.0,0.0,0.0,0.0,0.33515099,1.15
199.96,0.39992,0.053704568285714294,93,-1,0.0,0.0,0.0,0.0,0.0,0.31659999,2.8999999499999998
199.96,0.36356363636363637,0.053704568285714294,93,-1,0.0,0.0,0.0,0.0,0.0,0.300486,5.9000001
195.68,0.4348444444444445,0.05376626028571429,92,1,0.0,0.0,0.0,0.0,0.0,0.32592401,5.79999995
195.68,0.39136000000000004,0.05376626028571429,92,1,0.0,0.0,0.0,0.0,0.0,0.31187099,2.8500000500000002
195.68,0.4348444444444445,0.05376626028571429,92,-1,0.0,0.0,0.0,0.0,0.0,0.329106,1.35
195.68,0.39136000000000004,0.05376626028571429,92,-1,0.0,0.0,0.0,0.0,0.0,0.31123099,3.3500000500000002
195.68,0.3557818181818182,0.05376626028571429,92,-1,0.0,0.0,0.0,0.0,0.0,0.302138,6.70000005
195.92,0.43537777777777775,0.05380580399999999,89,1,0.0,0.0,0.0,0.0,0.0,0.331444,5.79999995
195.92,0.39183999999999997,0.05380580399999999,89,1,0.0,0.0,0.0,0.0,0.0,0.30678999,2.75
195.92,0.3562181818181818,0.05380580399999999,89,1,0.0,0.0,0.0,0.0,0.0,0.29284799,1.025
195.92,0.3562181818181818,0.053232536153846155,187,1,0.0,0.0,0.0,0.0,0.0,0.30031499,2.45000005
195.92,0.3265333333333333,0.053232536153846155,187,1,0.0,0.0,0.0,0.0,0.0,0.28948301,1.2
195.92,0.3014153846153846,0.053232536153846155,187,1,0.0,0.0,0.0,0.0,0.0,0.283939,0.55000001
195.92,0.43537777777777775,0.05380580399999999,89,-1,0.0,0.0,0.0,0.0,0.0,0.32172599,1.25
195.92,0.39183999999999997,0.05380580399999999,89,-1,0.0,0.0,0.0,0.0,0.0,0.306467,3.25
195.92,0.3562181818181818,0.05380580399999999,89,-1,0.0,0.0,0.0,0.0,0.0,0.29571599,6.5999999
195.92,0.5597714285714286,0.053232536153846155,187,-1,0.0,0.0,0.0,0.0,0.0,0.36310199,0.39999998999999997
195.92,0.43537777777777775,0.053232536153846155,187,-1,0.0,0.0,0.0,0.0,0.0,0.325845,2.2749999499999998
195.92,0.39183999999999997,0.053232536153846155,187,-1,0.0,0.0,0.0,0.0,0.0,0.30781201,4.29999995
195.92,0.3562181818181818,0.053232536153846155,187,-1,0.0,0.0,0.0,0.0,0.0,0.30145401,7.4000001
197.32,0.4384888888888889,0.05383049964285714,32,1,0.0,0.0,0.0,0.0,0.0,0.256098,4.70000005
197.32,0.39464,0.05383049964285714,32,1,0.0,0.0,0.0,0.0,0.0,0.25448701,1.275
197.32,0.35876363636363634,0.05383049964285714,32,1,0.0,0.0,0.0,0.0,0.0,0.26544601,0.17500000500000001
197.32,0.30356923076923076,0.05317496747252748,186,1,0.0,0.0,0.0,0.0,0.0,0.28097701,0.575000015
197.32,0.4384888888888889,0.05383049964285714,32,-1,0.0,0.0,0.0,0.0,0.0,0.275433,0.225
197.32,0.39464,0.05383049964285714,32,-1,0.0,0.0,0.0,0.0,0.0,0.255202,1.75
197.32,0.35876363636363634,0.05383049964285714,32,-1,0.0,0.0,0.0,0.0,0.0,0.254574,5.70000005
197.32,0.35876363636363634,0.05317496747252748,186,-1,0.0,0.0,0.0,0.0,0.0,0.298664,7.0999999
202.64,0.5065999999999999,0.053830322142857136,31,1,0.0,0.0,0.0,0.0,0.0,0.44787699,10.8
202.64,0.4503111111111111,0.053830322142857136,31,1,0.0,0.0,0.0,0.0,0.0,0.29809001,5.9000001
202.64,0.40528,0.053830322142857136,31,1,0.0,0.0,0.0,0.0,0.0,0.259049,1.925
202.64,0.3684363636363636,0.053830322142857136,31,1,0.0,0.0,0.0,0.0,0.0,0.245819,0.25000000499999997
202.64,0.33773333333333333,0.053830322142857136,31,1,0.0,0.0,0.0,0.0,0.0,0.268116,0.0250000005
202.64,0.40528,0.05278158230769231,185,1,0.0,0.0,0.0,0.0,0.0,0.30396599,5.29999995
202.64,0.3684363636363636,0.05278158230769231,185,1,0.0,0.0,0.0,0.0,0.0,0.290811,2.975
202.64,0.33773333333333333,0.05278158230769231,185,1,0.0,0.0,0.0,0.0,0.0,0.280938,1.5
202.64,0.4503111111111111,0.053830322142857136,31,-1,0.0,0.0,0.0,0.0,0.0,0.28284201,0.125000005
202.64,0.40528,0.053830322142857136,31,-1,0.0,0.0,0.0,0.0,0.0,0.24800999,1.1
202.64,0.3684363636363636,0.053830322142857136,31,-1,0.0,0.0,0.0,0.0,0.0,0.24511001,4.5
202.64,0.4503111111111111,0.05278158230769231,185,-1,0.0,0.0,0.0,0.0,0.0,0.31973499,1.75
202.64,0.40528,0.05278158230769231,185,-1,0.0,0.0,0.0,0.0,0.0,0.30430299,3.5
202.64,0.3684363636363636,0.05278158230769231,185,-1,0.0,0.0,0.0,0.0,0.0,0.292252,6.20000005
201.04,0.40208,0.053839688928571425,30,1,0.0,0.0,0.0,0.0,0.0,0.24799301,1.65
201.04,0.3655272727272727,0.053839688928571425,30,1,0.0,0.0,0.0,0.0,0.0,0.23818301,0.17500000500000001
201.04,0.40208,0.053078582637362634,184,1,0.0,0.0,0.0,0.0,0.0,0.304856,5.0999999
201.04,0.3655272727272727,0.053078582637362634,184,1,0.0,0.0,0.0,0.0,0.0,0.29275799,2.8500000500000002
201.04,0.3350666666666667,0.053078582637362634,184,1,0.0,0.0,0.0,0.0,0.0,0.280579,1.4
201.04,0.4467555555555555,0.053839688928571425,30,-1,0.0,0.0,0.0,0.0,0.0,0.2757,0.125000005
201.04,0.40208,0.053839688928571425,30,-1,0.0,0.0,0.0,0.0,0.0,0.23576599,1.15
201.04,0.3655272727272727,0.053839688928571425,30,-1,0.0,0.0,0.0,0.0,0.0,0.238057,4.79999995
201.04,0.3655272727272727,0.053078582637362634,184,-1,0.0,0.0,0.0,0.0,0.0,0.29170099,6.4000001
200.52,0.40104,0.053857248571428575,29,1,0.0,0.0,0.0,0.0,0.0,0.239677,1.525
200.52,0.3645818181818182,0.053857248571428575,29,1,0.0,0.0,0.0,0.0,0.0,0.23642901,0.15000000000000002
200.52,0.3645818181818182,0.053199161758241756,183,1,0.0,0.0,0.0,0.0,0.0,0.28856301,2.7250000500000002
200.52,0.4456,0.053857248571428575,29,-1,0.0,0.0,0.0,0.0,0.0,0.24702001,0.0750000005
200.52,0.40104,0.053857248571428575,29,-1,0.0,0.0,0.0,0.0,0.0,0.23141199,1.15
200.52,0.5729142857142857,0.053199161758241756,183,-1,0.0,0.0,0.0,0.0,0.0,0.352649,0.275000005
200.52,0.40104,0.053199161758241756,183,-1,0.0,0.0,0.0,0.0,0.0,0.298749,3.6
201.36,0.36610909090909094,0.05313953692307693,180,1,0.0,0.0,0.0,0.0,0.0,0.29067001,2.79999995
201.36,0.5034000000000001,0.05313953692307693,180,-1,0.0,0.0,0.0,0.0,0.0,0.339764,0.775000005
201.36,0.3356,0.05313953692307693,180,-1,0.0,0.0,0.0,0.0,0.0,0.274104,9.9999998
205.24,0.41048,0.05315816802197802,179,1,0.0,0.0,0.0,0.0,0.0,0.30002901,5.5999999
205.24,0.37316363636363636,0.05315816802197802,179,1,0.0,0.0,0.0,0.0,0.0,0.29041499,3.1999999499999996
205.24,0.31575384615384616,0.05315816802197802,179,1,0.0,0.0,0.0,0.0,0.0,0.273891,0.75
205.24,0.37316363636363636,0.05315816802197802,179,-1,0.0,0.0,0.0,0.0,0.0,0.28896099,5.70000005
205.24,0.3420666666666667,0.05315816802197802,179,-1,0.0,0.0,0.0,0.0,0.0,0.28280699,9.2999997
207.16,0.4603555555555556,0.05309825516483516,178,1,0.0,0.0,0.0,0.0,0.0,0.32549301,9.4000001
207.16,0.41431999999999997,0.05309825516483516,178,1,0.0,0.0,0.0,0.0,0.0,0.30726799,6.0
207.16,0.37665454545454546,0.05309825516483516,178,1,0.0,0.0,0.0,0.0,0.0,0.29290199,3.45000005
207.16,0.4603555555555556,0.05309825516483516,178,-1,0.0,0.0,0.0,0.0,0.0,0.321228,1.45
207.16,0.41431999999999997,0.05309825516483516,178,-1,0.0,0.0,0.0,0.0,0.0,0.30752599,3.0249999499999998
205.16,0.4559111111111111,0.053184178351648355,177,-1,0.0,0.0,0.0,0.0,0.0,0.323645,1.5750000000000002
205.16,0.41032,0.053184178351648355,177,-1,0.0,0.0,0.0,0.0,0.0,0.307024,3.1999999499999996
217.44,0.43488,0.053837901714285714,32,1,0.0,0.0,0.0,0.0,0.0,0.35045099,5.14999985
217.44,0.39534545454545456,0.053837901714285714,32,1,0.0,0.0,0.0,0.0,0.0,0.31547299,1.825
217.44,0.43488,0.053837901714285714,32,-1,0.0,0.0,0.0,0.0,0.0,0.349704,0.60000002
217.44,0.39534545454545456,0.053837901714285714,32,-1,0.0,0.0,0.0,0.0,0.0,0.31234801,2.25
217.04,0.43407999999999997,0.05383829771428572,31,1,0.0,0.0,0.0,0.0,0.0,0.339596,5.0
217.04,0.3946181818181818,0.05383829771428572,31,1,0.0,0.0,0.0,0.0,0.0,0.31223801,1.725
217.04,0.3617333333333333,0.05383829771428572,31,1,0.0,0.0,0.0,0.0,0.0,0.30353001,0.35000001000000003
217.04,0.4823111111111111,0.05383829771428572,31,-1,0.0,0.0,0.0,0.0,0.0,0.40190899,0.125000005
217.04,0.43407999999999997,0.05383829771428572,31,-1,0.0,0.0,0.0,0.0,0.0,0.33899999,0.55000001
217.04,0.3946181818181818,0.05383829771428572,31,-1,0.0,0.0,0.0,0.0,0.0,0.30891901,2.25
217.04,0.3617333333333333,0.05383829771428572,31,-1,0.0,0.0,0.0,0.0,0.0,0.308321,5.95000005
207.44,0.46097777777777776,0.053843469428571426,30,1,0.0,0.0,0.0,0.0,0.0,0.386812,7.20000005
207.44,0.41487999999999997,0.053843469428571426,30,1,0.0,0.0,0.0,0.0,0.0,0.3457,3.1499999499999998
207.44,0.37716363636363637,0.053843469428571426,30,1,0.0,0.0,0.0,0.0,0.0,0.31898099,0.80000001
207.44,0.34573333333333334,0.053843469428571426,30,1,0.0,0.0,0.0,0.0,0.0,0.317601,0.125000005
207.44,0.46097777777777776,0.053843469428571426,30,-1,0.0,0.0,0.0,0.0,0.0,0.36803299,0.20000000499999998
207.44,0.41487999999999997,0.053843469428571426,30,-1,0.0,0.0,0.0,0.0,0.0,0.33183199,1.1
207.44,0.37716363636363637,0.053843469428571426,30,-1,0.0,0.0,0.0,0.0,0.0,0.314448,3.8000000500000004
207.44,0.34573333333333334,0.053843469428571426,30,-1,0.0,0.0,0.0,0.0,0.0,0.328217,8.2000003
207.24,0.41448,0.053847439428571425,29,1,0.0,0.0,0.0,0.0,0.0,0.33929601,3.1
207.24,0.3768,0.053847439428571425,29,1,0.0,0.0,0.0,0.0,0.0,0.31304699,0.75
207.24,0.46053333333333335,0.053847439428571425,29,-1,0.0,0.0,0.0,0.0,0.0,0.37494799,0.20000000499999998
207.24,0.41448,0.053847439428571425,29,-1,0.0,0.0,0.0,0.0,0.0,0.328758,1.05
207.24,0.3768,0.053847439428571425,29,-1,0.0,0.0,0.0,0.0,0.0,0.29863799,3.6999999499999996
207.24,0.34540000000000004,0.053847439428571425,29,-1,0.0,0.0,0.0,0.0,0.0,0.308474,8.2000003
194.8,0.43288888888888893,0.0538183,32,1,0.0,0.0,0.0,0.0,0.0,0.302268,4.29999995
194.8,0.3896,0.0538183,32,1,0.0,0.0,0.0,0.0,0.0,0.26244801,1.05
194.8,0.3541818181818182,0.0538183,32,1,0.0,0.0,0.0,0.0,0.0,0.25405499,0.10000000549999999
194.8,0.32466666666666666,0.0538183,32,1,0.0,0.0,0.0,0.0,0.0,0.31429699,0.0250000005
194.8,0.43288888888888893,0.0538183,32,-1,0.0,0.0,0.0,0.0,0.0,0.28901699,0.35000001000000003
194.8,0.3896,0.0538183,32,-1,0.0,0.0,0.0,0.0,0.0,0.26263601,2.1499999499999998
194.8,0.3541818181818182,0.0538183,32,-1,0.0,0.0,0.0,0.0,0.0,0.243567,6.29999995
194.8,0.32466666666666666,0.0538183,32,-1,0.0,0.0,0.0,0.0,0.0,0.377675,11.3
196.56,0.4368,0.05381551,31,1,0.0,0.0,0.0,0.0,0.0,0.32150999,4.64999985
196.56,0.39312,0.05381551,31,1,0.0,0.0,0.0,0.0,0.0,0.26648301,1.2
196.56,0.3573818181818182,0.05381551,31,1,0.0,0.0,0.0,0.0,0.0,0.25800899,0.125000005
196.56,0.3276,0.05381551,31,1,0.0,0.0,0.0,0.0,0.0,0.30930701,0.0250000005
196.56,0.4368,0.05381551,31,-1,0.0,0.0,0.0,0.0,0.0,0.29446101,0.29999999499999996
196.56,0.39312,0.05381551,31,-1,0.0,0.0,0.0,0.0,0.0,0.25246799,1.85
196.56,0.3276,0.05381551,31,-1,0.0,0.0,0.0,0.0,0.0,0.405893,10.9
193.64,0.38727999999999996,0.053819472352941176,30,1,0.0,0.0,0.0,0.0,0.0,0.26329699,0.875
193.64,0.35207272727272726,0.053819472352941176,30,1,0.0,0.0,0.0,0.0,0.0,0.25931001,0.0750000005
193.64,0.4303111111111111,0.053819472352941176,30,-1,0.0,0.0,0.0,0.0,0.0,0.29655701,0.39999998999999997
193.64,0.38727999999999996,0.053819472352941176,30,-1,0.0,0.0,0.0,0.0,0.0,0.25993001,2.29999995
194.32,0.4318222222222222,0.053823434705882356,29,1,0.0,0.0,0.0,0.0,0.0,0.29110399,4.0999999
194.32,0.38864,0.053823434705882356,29,1,0.0,0.0,0.0,0.0,0.0,0.26206401,0.924999985
194.32,0.3533090909090909,0.053823434705882356,29,1,0.0,0.0,0.0,0.0,0.0,0.28572699,0.125000005
194.32,0.4318222222222222,0.053823434705882356,29,-1,0.0,0.0,0.0,0.0,0.0,0.28949401,0.32499999999999996
194.32,0.38864,0.053823434705882356,29,-1,0.0,0.0,0.0,0.0,0.0,0.26009899,2.1499999499999998
198.84,0.39768000000000003,0.05418266142857142,187,1,0.0,0.0,0.0,0.0,0.0,0.32047001,5.04999995
198.84,0.36152727272727275,0.05418266142857142,187,1,0.0,0.0,0.0,0.0,0.0,0.30910501,2.8999999499999998
198.84,0.33140000000000003,0.05418266142857142,187,1,0.0,0.0,0.0,0.0,0.0,0.29825199,1.5
198.84,0.4971,0.05418266142857142,187,-1,0.0,0.0,0.0,0.0,0.0,0.34728801,0.94999999
198.84,0.4418666666666667,0.05418266142857142,187,-1,0.0,0.0,0.0,0.0,0.0,0.33030599,2.1000000500000002
198.84,0.39768000000000003,0.05418266142857142,187,-1,0.0,0.0,0.0,0.0,0.0,0.320016,4.0999999
198.84,0.36152727272727275,0.05418266142857142,187,-1,0.0,0.0,0.0,0.0,0.0,0.306701,6.95000005
195.92,0.43537777777777775,0.053844230714285714,32,1,0.0,0.0,0.0,0.0,0.0,0.28972301,4.5
195.92,0.39183999999999997,0.053844230714285714,32,1,0.0,0.0,0.0,0.0,0.0,0.27210799,1.225
195.92,0.3562181818181818,0.053844230714285714,32,1,0.0,0.0,0.0,0.0,0.0,0.27846801,0.17500000500000001
195.92,0.3265333333333333,0.053844230714285714,32,1,0.0,0.0,0.0,0.0,0.0,0.306393,0.0250000005
195.92,0.39183999999999997,0.05405872747252747,186,1,0.0,0.0,0.0,0.0,0.0,0.31927699,4.5999999
195.92,0.3562181818181818,0.05405872747252747,186,1,0.0,0.0,0.0,0.0,0.0,0.305848,2.54999995
195.92,0.43537777777777775,0.053844230714285714,32,-1,0.0,0.0,0.0,0.0,0.0,0.29424801,0.32499999999999996
195.92,0.39183999999999997,0.053844230714285714,32,-1,0.0,0.0,0.0,0.0,0.0,0.27028,2.0249999499999998
195.92,0.3265333333333333,0.053844230714285714,32,-1,0.0,0.0,0.0,0.0,0.0,0.41734901,11.05
192.04,0.42675555555555555,0.053847893214285715,31,1,0.0,0.0,0.0,0.0,0.0,0.28484699,3.6499999499999998
192.04,0.38408,0.053847893214285715,31,1,0.0,0.0,0.0,0.0,0.0,0.27263501,0.825000015
192.04,0.34916363636363634,0.053847893214285715,31,1,0.0,0.0,0.0,0.0,0.0,0.29708701,0.125000005
192.04,0.48009999999999997,0.0541414345054945,185,1,0.0,0.0,0.0,0.0,0.0,0.35147899,10.3
192.04,0.38408,0.0541414345054945,185,1,0.0,0.0,0.0,0.0,0.0,0.31470999,4.0
192.04,0.34916363636363634,0.0541414345054945,185,1,0.0,0.0,0.0,0.0,0.0,0.30327299,2.1499999499999998
192.04,0.32006666666666667,0.0541414345054945,185,1,0.0,0.0,0.0,0.0,0.0,0.294871,1.05
192.04,0.42675555555555555,0.053847893214285715,31,-1,0.0,0.0,0.0,0.0,0.0,0.29443699,0.474999995
192.04,0.38408,0.053847893214285715,31,-1,0.0,0.0,0.0,0.0,0.0,0.26795799,2.6000000500000002
192.04,0.42675555555555555,0.0541414345054945,185,-1,0.0,0.0,0.0,0.0,0.0,0.32809499,2.54999995
192.04,0.38408,0.0541414345054945,185,-1,0.0,0.0,0.0,0.0,0.0,0.31397799,4.79999995
192.04,0.34916363636363634,0.0541414345054945,185,-1,0.0,0.0,0.0,0.0,0.0,0.30064201,8.00000025
192.0,0.4266666666666667,0.05385425571428572,30,1,0.0,0.0,0.0,0.0,0.0,0.28033799,3.6
192.0,0.384,0.05385425571428572,30,1,0.0,0.0,0.0,0.0,0.0,0.263486,0.75
192.0,0.3490909090909091,0.05385425571428572,30,1,0.0,0.0,0.0,0.0,0.0,0.27207801,0.0750000005
192.0,0.384,0.05405484678571429,93,1,0.0,0.0,0.0,0.0,0.0,0.30837801,2.3999999499999998
192.0,0.32,0.05405484678571429,93,1,0.0,0.0,0.0,0.0,0.0,0.29237199,0.275000005
192.0,0.48,0.054090879780219786,184,1,0.0,0.0,0.0,0.0,0.0,0.342208,10.2
192.0,0.4266666666666667,0.05385425571428572,30,-1,0.0,0.0,0.0,0.0,0.0,0.27144399,0.375
192.0,0.384,0.05385425571428572,30,-1,0.0,0.0,0.0,0.0,0.0,0.25442499,2.5249999499999998
192.0,0.4266666666666667,0.05405484678571429,93,-1,0.0,0.0,0.0,0.0,0.0,0.32172301,1.55
192.0,0.384,0.05405484678571429,93,-1,0.0,0.0,0.0,0.0,0.0,0.30677199,3.8000000500000004
194.28,0.43173333333333336,0.05386401714285714,29,1,0.0,0.0,0.0,0.0,0.0,0.323017,4.20000005
194.28,0.38856,0.05386401714285714,29,1,0.0,0.0,0.0,0.0,0.0,0.267566,0.94999999
194.28,0.3532363636363636,0.05386401714285714,29,1,0.0,0.0,0.0,0.0,0.0,0.27227601,0.10000000549999999
194.28,0.38856,0.05401025071428571,92,1,0.0,0.0,0.0,0.0,0.0,0.317817,2.75
194.28,0.3532363636363636,0.05401025071428571,92,1,0.0,0.0,0.0,0.0,0.0,0.301406,1.05
194.28,0.3238,0.05401025071428571,92,1,0.0,0.0,0.0,0.0,0.0,0.29276499,0.32499999999999996
194.28,0.38856,0.05388518769230769,183,1,0.0,0.0,0.0,0.0,0.0,0.32095,4.35000015
194.28,0.3532363636363636,0.05388518769230769,183,1,0.0,0.0,0.0,0.0,0.0,0.30545399,2.3500000500000002
194.28,0.4857,0.05386401714285714,29,-1,0.0,0.0,0.0,0.0,0.0,0.33150801,0.0250000005
194.28,0.43173333333333336,0.05386401714285714,29,-1,0.0,0.0,0.0,0.0,0.0,0.289029,0.32499999999999996
194.28,0.38856,0.05386401714285714,29,-1,0.0,0.0,0.0,0.0,0.0,0.249108,2.1000000500000002
194.28,0.43173333333333336,0.05401025071428571,92,-1,0.0,0.0,0.0,0.0,0.0,0.33102599,1.45
194.28,0.4857,0.05388518769230769,183,-1,0.0,0.0,0.0,0.0,0.0,0.34819901,1.1
194.28,0.3532363636363636,0.05388518769230769,183,-1,0.0,0.0,0.0,0.0,0.0,0.296332,7.54999995
189.84,0.37968,0.053984966428571424,89,1,0.0,0.0,0.0,0.0,0.0,0.323823,2.20000005
189.84,0.3451636363636364,0.053984966428571424,89,1,0.0,0.0,0.0,0.0,0.0,0.306824,0.775000005
189.84,0.37968,0.053746255824175825,180,1,0.0,0.0,0.0,0.0,0.0,0.31903699,3.6999999499999996
189.84,0.3451636363636364,0.053746255824175825,180,1,0.0,0.0,0.0,0.0,0.0,0.30729201,1.95
189.84,0.3164,0.053746255824175825,180,1,0.0,0.0,0.0,0.0,0.0,0.295093,0.900000005
189.84,0.2920615384615385,0.053746255824175825,180,1,0.0,0.0,0.0,0.0,0.0,0.28636101,0.375
189.84,0.42186666666666667,0.053984966428571424,89,-1,0.0,0.0,0.0,0.0,0.0,0.33300999,1.775
190.16,0.38032,0.05386225824175824,179,1,0.0,0.0,0.0,0.0,0.0,0.326217,3.8000000500000004
190.16,0.31693333333333334,0.05386225824175824,179,1,0.0,0.0,0.0,0.0,0.0,0.29523399,0.900000005
190.92,0.34712727272727273,0.053811605164835165,178,1,0.0,0.0,0.0,0.0,0.0,0.302706,1.95
190.92,0.2727428571428571,0.053811605164835165,178,1,0.0,0.0,0.0,0.0,0.0,0.271864,0.125000005
190.92,0.4242666666666666,0.053811605164835165,178,-1,0.0,0.0,0.0,0.0,0.0,0.33117899,2.625
190.4,0.3808,0.053979943956043955,177,1,0.0,0.0,0.0,0.0,0.0,0.318441,3.6999999499999996
190.4,0.4231111111111111,0.053979943956043955,177,-1,0.0,0.0,0.0,0.0,0.0,0.33027601,2.6499999499999998
190.4,0.3808,0.053979943956043955,177,-1,0.0,0.0,0.0,0.0,0.0,0.313223,4.95000005
192.36,0.3497454545454546,0.0538940061904762,187,1,0.0,0.0,0.0,0.0,0.0,0.31099999,2.29999995
192.36,0.3206,0.0538940061904762,187,1,0.0,0.0,0.0,0.0,0.0,0.29653201,1.1
192.36,0.48090000000000005,0.0538940061904762,187,-1,0.0,0.0,0.0,0.0,0.0,0.358978,1.3
197.88,0.39576,0.0539835380952381,186,1,0.0,0.0,0.0,0.0,0.0,0.32859501,5.0
197.88,0.3298,0.0539835380952381,186,1,0.0,0.0,0.0,0.0,0.0,0.296087,1.4
197.88,0.4397333333333333,0.05383790257142858,32,1,0.0,0.0,0.0,0.0,0.0,0.40760201,5.29999995
197.88,0.39576,0.05383790257142858,32,1,0.0,0.0,0.0,0.0,0.0,0.36977801,2.0
197.88,0.35978181818181815,0.05383790257142858,32,1,0.0,0.0,0.0,0.0,0.0,0.360154,0.5
197.88,0.3298,0.05383790257142858,32,1,0.0,0.0,0.0,0.0,0.0,0.36870399,0.10000000549999999
197.88,0.6596,0.0539835380952381,186,-1,0.0,0.0,0.0,0.0,0.0,0.41752699,0.17500000500000001
197.88,0.4947,0.0539835380952381,186,-1,0.0,0.0,0.0,0.0,0.0,0.36543599,1.125
197.88,0.4397333333333333,0.0539835380952381,186,-1,0.0,0.0,0.0,0.0,0.0,0.346569,2.3500000500000002
197.88,0.4397333333333333,0.05383790257142858,32,-1,0.0,0.0,0.0,0.0,0.0,0.39101899,0.599999995
197.88,0.39576,0.05383790257142858,32,-1,0.0,0.0,0.0,0.0,0.0,0.36476201,2.32500005
200.24,0.40048,0.05385395761904761,185,1,0.0,0.0,0.0,0.0,0.0,0.328852,5.29999995
200.24,0.36407272727272727,0.05385395761904761,185,1,0.0,0.0,0.0,0.0,0.0,0.31170899,3.0249999499999998
200.24,0.3080615384615385,0.05385395761904761,185,1,0.0,0.0,0.0,0.0,0.0,0.285759,0.69999999
200.24,0.28605714285714284,0.05385395761904761,185,1,0.0,0.0,0.0,0.0,0.0,0.27442899,0.275000005
200.24,0.4449777777777778,0.05384070771428571,31,1,0.0,0.0,0.0,0.0,0.0,0.39059499,5.64999985
200.24,0.40048,0.05384070771428571,31,1,0.0,0.0,0.0,0.0,0.0,0.363139,2.20000005
200.24,0.36407272727272727,0.05384070771428571,31,1,0.0,0.0,0.0,0.0,0.0,0.34681401,0.525000005
200.24,0.3337333333333333,0.05384070771428571,31,1,0.0,0.0,0.0,0.0,0.0,0.357135,0.10000000549999999
200.24,0.4449777777777778,0.05385395761904761,185,-1,0.0,0.0,0.0,0.0,0.0,0.34271401,2.1499999499999998
200.24,0.40048,0.05385395761904761,185,-1,0.0,0.0,0.0,0.0,0.0,0.32696399,4.04999995
200.24,0.5006,0.05384070771428571,31,-1,0.0,0.0,0.0,0.0,0.0,0.42731899,0.0750000005
200.24,0.4449777777777778,0.05384070771428571,31,-1,0.0,0.0,0.0,0.0,0.0,0.37269399,0.42500000000000004
200.24,0.40048,0.05384070771428571,31,-1,0.0,0.0,0.0,0.0,0.0,0.35097599,1.95
200.24,0.36407272727272727,0.05384070771428571,31,-1,0.0,0.0,0.0,0.0,0.0,0.33342099,5.29999995
208.08,0.41616000000000003,0.05391085952380953,184,1,0.0,0.0,0.0,0.0,0.0,0.32639,6.5
208.08,0.37832727272727273,0.05391085952380953,184,1,0.0,0.0,0.0,0.0,0.0,0.30662701,3.8500000500000002
208.08,0.3468,0.05391085952380953,184,1,0.0,0.0,0.0,0.0,0.0,0.293764,2.07500005
208.08,0.32012307692307695,0.05391085952380953,184,1,0.0,0.0,0.0,0.0,0.0,0.28275499,0.999999995
208.08,0.2972571428571429,0.05391085952380953,184,1,0.0,0.0,0.0,0.0,0.0,0.27649501,0.45000000500000004
208.08,0.5202,0.053845918,30,1,0.0,0.0,0.0,0.0,0.0,0.530608,12.25
208.08,0.46240000000000003,0.053845918,30,1,0.0,0.0,0.0,0.0,0.0,0.39339101,7.4000001
208.08,0.41616000000000003,0.053845918,30,1,0.0,0.0,0.0,0.0,0.0,0.35756099,3.3500000500000002
208.08,0.37832727272727273,0.053845918,30,1,0.0,0.0,0.0,0.0,0.0,0.341185,0.974999995
208.08,0.5202,0.05391085952380953,184,-1,0.0,0.0,0.0,0.0,0.0,0.360203,0.75
208.08,0.46240000000000003,0.05391085952380953,184,-1,0.0,0.0,0.0,0.0,0.0,0.340514,1.65
208.08,0.41616000000000003,0.05391085952380953,184,-1,0.0,0.0,0.0,0.0,0.0,0.32244799,3.1999999499999996
208.08,0.5202,0.053845918,30,-1,0.0,0.0,0.0,0.0,0.0,0.46200901,0.05
208.08,0.46240000000000003,0.053845918,30,-1,0.0,0.0,0.0,0.0,0.0,0.39737001,0.25000000499999997
208.08,0.41616000000000003,0.053845918,30,-1,0.0,0.0,0.0,0.0,0.0,0.35315001,1.15
208.08,0.37832727272727273,0.053845918,30,-1,0.0,0.0,0.0,0.0,0.0,0.34115401,3.8000000500000004
207.48,0.5186999999999999,0.05373966714285714,183,1,0.0,0.0,0.0,0.0,0.0,0.36339399,13.7
207.48,0.41496,0.05373966714285714,183,1,0.0,0.0,0.0,0.0,0.0,0.326554,6.4000001
207.48,0.3772363636363636,0.05373966714285714,183,1,0.0,0.0,0.0,0.0,0.0,0.315485,3.9
207.48,0.3458,0.05373966714285714,183,1,0.0,0.0,0.0,0.0,0.0,0.29985899,2.1000000500000002
207.48,0.4610666666666666,0.05384744857142856,29,1,0.0,0.0,0.0,0.0,0.0,0.41460201,7.29999995
207.48,0.41496,0.05384744857142856,29,1,0.0,0.0,0.0,0.0,0.0,0.363754,3.25
207.48,0.3772363636363636,0.05384744857142856,29,1,0.0,0.0,0.0,0.0,0.0,0.34619999,0.924999985
207.48,0.3458,0.05384744857142856,29,1,0.0,0.0,0.0,0.0,0.0,0.346324,0.17500000500000001
207.48,0.5186999999999999,0.05384744857142856,29,-1,0.0,0.0,0.0,0.0,0.0,0.42085201,0.0250000005
207.48,0.4610666666666666,0.05384744857142856,29,-1,0.0,0.0,0.0,0.0,0.0,0.38762999,0.225
207.48,0.41496,0.05384744857142856,29,-1,0.0,0.0,0.0,0.0,0.0,0.354727,1.1749999999999998
207.48,0.3772363636363636,0.05384744857142856,29,-1,0.0,0.0,0.0,0.0,0.0,0.345994,3.9
207.4,0.4148,0.053851819999999995,180,1,0.0,0.0,0.0,0.0,0.0,0.32730499,6.35000015
207.4,0.3456666666666667,0.053851819999999995,180,1,0.0,0.0,0.0,0.0,0.0,0.295616,2.0
207.4,0.3190769230769231,0.053851819999999995,180,1,0.0,0.0,0.0,0.0,0.0,0.28415599,0.94999999
207.4,0.2962857142857143,0.053851819999999995,180,1,0.0,0.0,0.0,0.0,0.0,0.27836001,0.42500000000000004
207.4,0.6913333333333334,0.053851819999999995,180,-1,0.0,0.0,0.0,0.0,0.0,0.42706901,0.125000005
207.4,0.4608888888888889,0.053851819999999995,180,-1,0.0,0.0,0.0,0.0,0.0,0.34536201,1.7
207.4,0.4148,0.053851819999999995,180,-1,0.0,0.0,0.0,0.0,0.0,0.328578,3.3000000500000004
207.4,0.3770909090909091,0.053851819999999995,180,-1,0.0,0.0,0.0,0.0,0.0,0.31107599,5.70000005
203.76,0.40752,0.05380756761904761,179,1,0.0,0.0,0.0,0.0,0.0,0.32429001,5.70000005
203.76,0.37047272727272723,0.05380756761904761,179,1,0.0,0.0,0.0,0.0,0.0,0.30901501,3.3000000500000004
203.76,0.33959999999999996,0.05380756761904761,179,1,0.0,0.0,0.0,0.0,0.0,0.29514399,1.7
203.76,0.2910857142857143,0.05380756761904761,179,1,0.0,0.0,0.0,0.0,0.0,0.27598399,0.32499999999999996
203.76,0.40752,0.05380756761904761,179,-1,0.0,0.0,0.0,0.0,0.0,0.32553199,3.6
203.76,0.37047272727272723,0.05380756761904761,179,-1,0.0,0.0,0.0,0.0,0.0,0.31017399,6.20000005
206.64,0.3179076923076923,0.05369074666666667,178,1,0.0,0.0,0.0,0.0,0.0,0.28741899,0.924999985
206.64,0.4592,0.05369074666666667,178,-1,0.0,0.0,0.0,0.0,0.0,0.345083,1.725
206.64,0.41328,0.05369074666666667,178,-1,0.0,0.0,0.0,0.0,0.0,0.3281,3.3500000500000002
206.64,0.3757090909090909,0.05369074666666667,178,-1,0.0,0.0,0.0,0.0,0.0,0.31143999,5.79999995
202.6,0.4502222222222222,0.052831965714285715,177,1,0.0,0.0,0.0,0.0,0.0,0.35967901,8.5
202.6,0.33766666666666667,0.052831965714285715,177,1,0.0,0.0,0.0,0.0,0.0,0.310936,1.65
202.6,0.31169230769230766,0.052831965714285715,177,1,0.0,0.0,0.0,0.0,0.0,0.29638499,0.75
202.6,0.25325,0.052831965714285715,177,1,0.0,0.0,0.0,0.0,0.0,0.28013799,0.05
202.6,0.5065,0.052831965714285715,177,-1,0.0,0.0,0.0,0.0,0.0,0.37737,1.05
202.6,0.4052,0.052831965714285715,177,-1,0.0,0.0,0.0,0.0,0.0,0.33651701,4.0
202.6,0.36836363636363634,0.052831965714285715,177,-1,0.0,0.0,0.0,0.0,0.0,0.325353,6.75
207.84,0.41568,0.05537417214285715,32,1,0.0,0.0,0.0,0.0,0.0,0.344717,3.3000000500000004
207.84,0.3778909090909091,0.05537417214285715,32,1,0.0,0.0,0.0,0.0,0.0,0.31525901,0.875
207.84,0.3464,0.05537417214285715,32,1,0.0,0.0,0.0,0.0,0.0,0.30280501,0.125000005
207.84,0.46186666666666665,0.05537417214285715,32,-1,0.0,0.0,0.0,0.0,0.0,0.38265899,0.25000000499999997
207.84,0.41568,0.05537417214285715,32,-1,0.0,0.0,0.0,0.0,0.0,0.338541,1.15
207.36,0.46080000000000004,0.055402578214285715,31,1,0.0,0.0,0.0,0.0,0.0,0.40010399,7.25
207.36,0.41472000000000003,0.055402578214285715,31,1,0.0,0.0,0.0,0.0,0.0,0.33981901,3.1499999499999998
207.36,0.37701818181818186,0.055402578214285715,31,1,0.0,0.0,0.0,0.0,0.0,0.30874801,0.775000005
207.36,0.46080000000000004,0.055402578214285715,31,-1,0.0,0.0,0.0,0.0,0.0,0.37321401,0.225
207.36,0.41472000000000003,0.055402578214285715,31,-1,0.0,0.0,0.0,0.0,0.0,0.32653701,1.1
207.36,0.37701818181818186,0.055402578214285715,31,-1,0.0,0.0,0.0,0.0,0.0,0.309003,3.8000000500000004
210.76,0.42152,0.055453067142857145,30,1,0.0,0.0,0.0,0.0,0.0,0.314486,3.6
210.76,0.3832,0.055453067142857145,30,1,0.0,0.0,0.0,0.0,0.0,0.29688099,0.94999999
210.76,0.35126666666666667,0.055453067142857145,30,1,0.0,0.0,0.0,0.0,0.0,0.288041,0.125000005
210.76,0.5268999999999999,0.055453067142857145,30,-1,0.0,0.0,0.0,0.0,0.0,0.434358,0.0250000005
210.76,0.4683555555555555,0.055453067142857145,30,-1,0.0,0.0,0.0,0.0,0.0,0.357898,0.125000005
210.76,0.42152,0.055453067142857145,30,-1,0.0,0.0,0.0,0.0,0.0,0.31208,0.75
210.76,0.3832,0.055453067142857145,30,-1,0.0,0.0,0.0,0.0,0.0,0.29482499,3.1
210.76,0.35126666666666667,0.055453067142857145,30,-1,0.0,0.0,0.0,0.0,0.0,0.293809,7.3499999
210.2,0.4204,0.05542655642857144,29,1,0.0,0.0,0.0,0.0,0.0,0.30244499,3.4
210.2,0.3821818181818182,0.05542655642857144,29,1,0.0,0.0,0.0,0.0,0.0,0.28330901,0.80000001
210.2,0.35033333333333333,0.05542655642857144,29,1,0.0,0.0,0.0,0.0,0.0,0.29846299,0.125000005
210.2,0.4671111111111111,0.05542655642857144,29,-1,0.0,0.0,0.0,0.0,0.0,0.35879299,0.125000005
210.2,0.4204,0.05542655642857144,29,-1,0.0,0.0,0.0,0.0,0.0,0.29848799,0.69999999
210.2,0.3821818181818182,0.05542655642857144,29,-1,0.0,0.0,0.0,0.0,0.0,0.27963701,3.1
214.92,0.39076363636363637,0.05070752890109889,187,1,0.0,0.0,0.0,0.0,0.0,0.37503901,5.79999995
214.92,0.35819999999999996,0.05070752890109889,187,1,0.0,0.0,0.0,0.0,0.0,0.36072201,3.6999999499999996
214.92,0.3306461538461538,0.05070752890109889,187,1,0.0,0.0,0.0,0.0,0.0,0.34909701,2.2250000500000002
214.92,0.30702857142857143,0.05070752890109889,187,1,0.0,0.0,0.0,0.0,0.0,0.33827001,1.25
214.92,0.7163999999999999,0.05070752890109889,187,-1,0.0,0.0,0.0,0.0,0.0,0.46509099,0.17500000500000001
214.92,0.47759999999999997,0.05070752890109889,187,-1,0.0,0.0,0.0,0.0,0.0,0.402284,2.0
214.92,0.39076363636363637,0.05070752890109889,187,-1,0.0,0.0,0.0,0.0,0.0,0.36771399,5.70000005
222.88,0.7429333333333333,0.04921130395604395,186,1,0.0,0.0,0.0,0.0,0.0,0.45252001,26.5500005
222.88,0.5572,0.04921130395604395,186,1,0.0,0.0,0.0,0.0,0.0,0.41472301,17.4499995
222.88,0.4952888888888889,0.04921130395604395,186,1,0.0,0.0,0.0,0.0,0.0,0.40039399,13.4
222.88,0.3184,0.04921130395604395,186,1,0.0,0.0,0.0,0.0,0.0,0.33197501,1.575
222.88,0.44576,0.055349818571428566,32,1,0.0,0.0,0.0,0.0,0.0,0.34761101,6.29999995
222.88,0.4052363636363636,0.055349818571428566,32,1,0.0,0.0,0.0,0.0,0.0,0.31705299,2.5749999499999996
222.88,0.37146666666666667,0.055349818571428566,32,1,0.0,0.0,0.0,0.0,0.0,0.30886,0.674999985
222.88,0.4052363636363636,0.04921130395604395,186,-1,0.0,0.0,0.0,0.0,0.0,0.36432201,4.79999995
222.88,0.3184,0.04921130395604395,186,-1,0.0,0.0,0.0,0.0,0.0,0.33272099,14.8
222.88,0.4952888888888889,0.055349818571428566,32,-1,0.0,0.0,0.0,0.0,0.0,0.39853299,0.0750000005
222.88,0.44576,0.055349818571428566,32,-1,0.0,0.0,0.0,0.0,0.0,0.33915499,0.35000001000000003
222.88,0.4052363636363636,0.055349818571428566,32,-1,0.0,0.0,0.0,0.0,0.0,0.31857401,1.65
222.88,0.37146666666666667,0.055349818571428566,32,-1,0.0,0.0,0.0,0.0,0.0,0.30652601,4.75
222.24,0.4938666666666667,0.048092539010989005,185,1,0.0,0.0,0.0,0.0,0.0,0.40831199,13.3
222.24,0.44448000000000004,0.048092539010989005,185,1,0.0,0.0,0.0,0.0,0.0,0.38778901,9.7000003
222.24,0.4040727272727273,0.048092539010989005,185,1,0.0,0.0,0.0,0.0,0.0,0.37057,6.70000005
222.24,0.44448000000000004,0.051921374571428563,31,1,0.0,0.0,0.0,0.0,0.0,0.34302199,6.0999999
222.24,0.4040727272727273,0.051921374571428563,31,1,0.0,0.0,0.0,0.0,0.0,0.32000199,2.45000005
222.24,0.3704,0.051921374571428563,31,1,0.0,0.0,0.0,0.0,0.0,0.312612,0.625
222.24,0.3419076923076923,0.051921374571428563,31,1,0.0,0.0,0.0,0.0,0.0,0.324478,0.125000005
222.24,0.6349714285714286,0.048092539010989005,185,-1,0.0,0.0,0.0,0.0,0.0,0.43835801,0.35000001000000003
222.24,0.5556,0.048092539010989005,185,-1,0.0,0.0,0.0,0.0,0.0,0.42067599,0.825000015
222.24,0.44448000000000004,0.048092539010989005,185,-1,0.0,0.0,0.0,0.0,0.0,0.38750699,3.0249999499999998
222.24,0.3174857142857143,0.048092539010989005,185,-1,0.0,0.0,0.0,0.0,0.0,0.32770199,14.9
222.24,0.44448000000000004,0.051921374571428563,31,-1,0.0,0.0,0.0,0.0,0.0,0.33742401,0.35000001000000003
222.24,0.4040727272727273,0.051921374571428563,31,-1,0.0,0.0,0.0,0.0,0.0,0.32293499,1.725
225.68,0.5015111111111111,0.04867191043956044,184,1,0.0,0.0,0.0,0.0,0.0,0.40469301,14.0
225.68,0.41032727272727276,0.04867191043956044,184,1,0.0,0.0,0.0,0.0,0.0,0.36844799,7.20000005
225.68,0.3761333333333333,0.04867191043956044,184,1,0.0,0.0,0.0,0.0,0.0,0.35143501,4.70000005
225.68,0.3224,0.04867191043956044,184,1,0.0,0.0,0.0,0.0,0.0,0.33079201,1.7
225.68,0.45136000000000004,0.05181434771428571,30,1,0.0,0.0,0.0,0.0,0.0,0.358363,6.9000001
225.68,0.41032727272727276,0.05181434771428571,30,1,0.0,0.0,0.0,0.0,0.0,0.33284101,3.0249999499999998
225.68,0.3761333333333333,0.05181434771428571,30,1,0.0,0.0,0.0,0.0,0.0,0.30989,0.80000001
225.68,0.3472,0.05181434771428571,30,1,0.0,0.0,0.0,0.0,0.0,0.30261999,0.125000005
225.68,0.5642,0.05087497,93,1,0.0,0.0,0.0,0.0,0.0,0.449855,17.1999995
225.68,0.45136000000000004,0.05087497,93,1,0.0,0.0,0.0,0.0,0.0,0.40225601,8.7000003
225.68,0.41032727272727276,0.05087497,93,1,0.0,0.0,0.0,0.0,0.0,0.377413,5.35000015
225.68,0.3761333333333333,0.05087497,93,1,0.0,0.0,0.0,0.0,0.0,0.36172,2.95000005
225.68,0.3472,0.05087497,93,1,0.0,0.0,0.0,0.0,0.0,0.347817,1.425
225.68,0.3224,0.05087497,93,1,0.0,0.0,0.0,0.0,0.0,0.33623499,0.599999995
225.68,0.6448,0.04867191043956044,184,-1,0.0,0.0,0.0,0.0,0.0,0.44308901,0.32499999999999996
225.68,0.5642,0.04867191043956044,184,-1,0.0,0.0,0.0,0.0,0.0,0.418556,0.724999995
225.68,0.41032727272727276,0.04867191043956044,184,-1,0.0,0.0,0.0,0.0,0.0,0.364268,4.5
225.68,0.3472,0.04867191043956044,184,-1,0.0,0.0,0.0,0.0,0.0,0.34122601,10.3
225.68,0.45136000000000004,0.05181434771428571,30,-1,0.0,0.0,0.0,0.0,0.0,0.33144999,0.225
225.68,0.41032727272727276,0.05181434771428571,30,-1,0.0,0.0,0.0,0.0,0.0,0.32289901,1.35
225.68,0.3761333333333333,0.05181434771428571,30,-1,0.0,0.0,0.0,0.0,0.0,0.31016001,4.20000005
225.68,0.5015111111111111,0.05087497,93,-1,0.0,0.0,0.0,0.0,0.0,0.421444,0.69999999
225.68,0.45136000000000004,0.05087497,93,-1,0.0,0.0,0.0,0.0,0.0,0.395951,1.6
225.68,0.41032727272727276,0.05087497,93,-1,0.0,0.0,0.0,0.0,0.0,0.37579101,3.25
225.68,0.3761333333333333,0.05087497,93,-1,0.0,0.0,0.0,0.0,0.0,0.35582101,5.79999995
223.76,0.4068363636363636,0.048667443956043964,183,1,0.0,0.0,0.0,0.0,0.0,0.36368701,6.79999995
223.76,0.37293333333333334,0.048667443956043964,183,1,0.0,0.0,0.0,0.0,0.0,0.348847,4.4000001
223.76,0.4068363636363636,0.05172848742857142,29,1,0.0,0.0,0.0,0.0,0.0,0.31912601,2.6000000500000002
223.76,0.37293333333333334,0.05172848742857142,29,1,0.0,0.0,0.0,0.0,0.0,0.30002499,0.599999995
223.76,0.5594,0.05088991821428571,92,1,0.0,0.0,0.0,0.0,0.0,0.46906999,16.75
223.76,0.4068363636363636,0.05088991821428571,92,1,0.0,0.0,0.0,0.0,0.0,0.376715,5.0
223.76,0.37293333333333334,0.05088991821428571,92,1,0.0,0.0,0.0,0.0,0.0,0.35650101,2.6499999499999998
223.76,0.3442461538461538,0.05088991821428571,92,1,0.0,0.0,0.0,0.0,0.0,0.34484199,1.25
223.76,0.5594,0.048667443956043964,183,-1,0.0,0.0,0.0,0.0,0.0,0.41676101,0.75
223.76,0.44752,0.05172848742857142,29,-1,0.0,0.0,0.0,0.0,0.0,0.33810601,0.275000005
223.76,0.4068363636363636,0.05172848742857142,29,-1,0.0,0.0,0.0,0.0,0.0,0.318086,1.475
223.76,0.37293333333333334,0.05172848742857142,29,-1,0.0,0.0,0.0,0.0,0.0,0.30021,4.5
223.76,0.49724444444444443,0.05088991821428571,92,-1,0.0,0.0,0.0,0.0,0.0,0.41735101,0.724999995
223.76,0.4068363636363636,0.05088991821428571,92,-1,0.0,0.0,0.0,0.0,0.0,0.372482,3.4
223.76,0.3442461538461538,0.05088991821428571,92,-1,0.0,0.0,0.0,0.0,0.0,0.338267,9.7000003
220.2,0.367,0.04933281417582418,180,1,0.0,0.0,0.0,0.0,0.0,0.34705499,3.9
220.2,0.33876923076923077,0.04933281417582418,180,1,0.0,0.0,0.0,0.0,0.0,0.336546,2.32500005
220.2,0.31457142857142856,0.04933281417582418,180,1,0.0,0.0,0.0,0.0,0.0,0.32760301,1.3
220.2,0.5505,0.05143097892857143,89,1,0.0,0.0,0.0,0.0,0.0,0.45364699,15.8
220.2,0.44039999999999996,0.05143097892857143,89,1,0.0,0.0,0.0,0.0,0.0,0.38894001,7.4000001
220.2,0.367,0.05143097892857143,89,1,0.0,0.0,0.0,0.0,0.0,0.351569,2.17499995
220.2,0.33876923076923077,0.05143097892857143,89,1,0.0,0.0,0.0,0.0,0.0,0.338824,0.94999999
220.2,0.31457142857142856,0.05143097892857143,89,1,0.0,0.0,0.0,0.0,0.0,0.327048,0.35000001000000003
220.2,0.4893333333333333,0.04933281417582418,180,-1,0.0,0.0,0.0,0.0,0.0,0.392434,1.6
220.2,0.44039999999999996,0.04933281417582418,180,-1,0.0,0.0,0.0,0.0,0.0,0.37546501,2.95000005
220.2,0.31457142857142856,0.04933281417582418,180,-1,0.0,0.0,0.0,0.0,0.0,0.32675499,15.3
220.2,0.4893333333333333,0.05143097892857143,89,-1,0.0,0.0,0.0,0.0,0.0,0.41285101,0.775000005
220.2,0.44039999999999996,0.05143097892857143,89,-1,0.0,0.0,0.0,0.0,0.0,0.38716599,1.8
220.2,0.40036363636363637,0.05143097892857143,89,-1,0.0,0.0,0.0,0.0,0.0,0.36965701,3.6999999499999996
220.28,0.4895111111111111,0.049517895054945055,179,1,0.0,0.0,0.0,0.0,0.0,0.39537799,12.7
220.28,0.4005090909090909,0.049517895054945055,179,1,0.0,0.0,0.0,0.0,0.0,0.35953701,6.1500001
220.28,0.4895111111111111,0.049517895054945055,179,-1,0.0,0.0,0.0,0.0,0.0,0.39436901,1.6
220.28,0.44056,0.049517895054945055,179,-1,0.0,0.0,0.0,0.0,0.0,0.37561199,2.92499995
220.28,0.4005090909090909,0.049517895054945055,179,-1,0.0,0.0,0.0,0.0,0.0,0.35873401,4.9000001
220.28,0.3388923076923077,0.049517895054945055,179,-1,0.0,0.0,0.0,0.0,0.0,0.33314201,11.1
220.28,0.3146857142857143,0.049517895054945055,179,-1,0.0,0.0,0.0,0.0,0.0,0.31781,15.2
222.68,0.5567,0.04923974417582417,178,1,0.0,0.0,0.0,0.0,0.0,0.40878901,17.25
222.68,0.37113333333333337,0.04923974417582417,178,1,0.0,0.0,0.0,0.0,0.0,0.34367499,4.0999999
222.68,0.31811428571428574,0.04923974417582417,178,1,0.0,0.0,0.0,0.0,0.0,0.32232299,1.35
222.68,0.4048727272727273,0.04923974417582417,178,-1,0.0,0.0,0.0,0.0,0.0,0.355593,4.5999999
225.0,0.4090909090909091,0.04898341043956044,177,1,0.0,0.0,0.0,0.0,0.0,0.358224,6.79999995
225.0,0.32142857142857145,0.04898341043956044,177,1,0.0,0.0,0.0,0.0,0.0,0.320849,1.45
225.0,0.45,0.04898341043956044,177,-1,0.0,0.0,0.0,0.0,0.0,0.37277001,2.54999995
225.0,0.34615384615384615,0.04898341043956044,177,-1,0.0,0.0,0.0,0.0,0.0,0.329577,10.2
238.52,0.43367272727272727,0.05108444,32,1,0.0,0.0,0.0,0.0,0.0,0.436418,6.0
238.52,0.39753333333333335,0.05108444,32,1,0.0,0.0,0.0,0.0,0.0,0.419038,2.8999999499999998
238.52,0.3669538461538462,0.05108444,32,1,0.0,0.0,0.0,0.0,0.0,0.41431999,1.15
238.52,0.3407428571428572,0.05108444,32,1,0.0,0.0,0.0,0.0,0.0,0.412141,0.375
238.52,0.47704,0.05108444,32,-1,0.0,0.0,0.0,0.0,0.0,0.46170801,0.32499999999999996
238.52,0.43367272727272727,0.05108444,32,-1,0.0,0.0,0.0,0.0,0.0,0.43497801,1.125
238.52,0.39753333333333335,0.05108444,32,-1,0.0,0.0,0.0,0.0,0.0,0.419117,3.0249999499999998
239.8,0.436,0.050799979999999995,31,1,0.0,0.0,0.0,0.0,0.0,0.43862599,6.20000005
239.8,0.39966666666666667,0.050799979999999995,31,1,0.0,0.0,0.0,0.0,0.0,0.41083401,2.95000005
239.8,0.36892307692307696,0.050799979999999995,31,1,0.0,0.0,0.0,0.0,0.0,0.39860699,1.1
239.8,0.3425714285714286,0.050799979999999995,31,1,0.0,0.0,0.0,0.0,0.0,0.40134799,0.35000001000000003
239.8,0.4796,0.050799979999999995,31,-1,0.0,0.0,0.0,0.0,0.0,0.45833999,0.275000005
239.8,0.436,0.050799979999999995,31,-1,0.0,0.0,0.0,0.0,0.0,0.43077701,0.999999995
239.8,0.39966666666666667,0.050799979999999995,31,-1,0.0,0.0,0.0,0.0,0.0,0.409987,2.7749999499999998
239.8,0.36892307692307696,0.050799979999999995,31,-1,0.0,0.0,0.0,0.0,0.0,0.40014401,5.95000005
239.8,0.3425714285714286,0.050799979999999995,31,-1,0.0,0.0,0.0,0.0,0.0,0.389763,10.2
237.88,0.7929333333333333,0.04984918685714286,93,1,0.0,0.0,0.0,0.0,0.0,0.56666201,29.8000005
237.88,0.47576,0.04984918685714286,93,1,0.0,0.0,0.0,0.0,0.0,0.40180299,11.1
237.88,0.4325090909090909,0.04984918685714286,93,1,0.0,0.0,0.0,0.0,0.0,0.375112,7.29999995
237.88,0.39646666666666663,0.04984918685714286,93,1,0.0,0.0,0.0,0.0,0.0,0.35415199,4.29999995
237.88,0.36596923076923077,0.04984918685714286,93,1,0.0,0.0,0.0,0.0,0.0,0.33964899,2.25
237.88,0.3398285714285714,0.04984918685714286,93,1,0.0,0.0,0.0,0.0,0.0,0.33590299,1.1
237.88,0.29735,0.04984918685714286,93,1,0.0,0.0,0.0,0.0,0.0,0.329335,0.20000000499999998
237.88,0.6796571428571428,0.05052869705882353,30,1,0.0,0.0,0.0,0.0,0.0,0.68577802,24.5500005
237.88,0.47576,0.05052869705882353,30,1,0.0,0.0,0.0,0.0,0.0,0.47748601,9.9500001
237.88,0.4325090909090909,0.05052869705882353,30,1,0.0,0.0,0.0,0.0,0.0,0.42966199,5.70000005
237.88,0.39646666666666663,0.05052869705882353,30,1,0.0,0.0,0.0,0.0,0.0,0.403685,2.57500005
237.88,0.36596923076923077,0.05052869705882353,30,1,0.0,0.0,0.0,0.0,0.0,0.394016,0.900000005
237.88,0.47576,0.04984918685714286,93,-1,0.0,0.0,0.0,0.0,0.0,0.40372899,1.1
237.88,0.4325090909090909,0.04984918685714286,93,-1,0.0,0.0,0.0,0.0,0.0,0.37137899,2.20000005
237.88,0.36596923076923077,0.04984918685714286,93,-1,0.0,0.0,0.0,0.0,0.0,0.342226,7.20000005
237.88,0.3398285714285714,0.04984918685714286,93,-1,0.0,0.0,0.0,0.0,0.0,0.337749,11.1
237.88,0.4325090909090909,0.05052869705882353,30,-1,0.0,0.0,0.0,0.0,0.0,0.424018,1.05
237.88,0.39646666666666663,0.05052869705882353,30,-1,0.0,0.0,0.0,0.0,0.0,0.400951,2.92499995
237.88,0.36596923076923077,0.05052869705882353,30,-1,0.0,0.0,0.0,0.0,0.0,0.39891699,6.29999995
237.88,0.3398285714285714,0.05052869705882353,30,-1,0.0,0.0,0.0,0.0,0.0,0.38865501,10.65
230.48,0.46096,0.04906016171428572,92,1,0.0,0.0,0.0,0.0,0.0,0.40845001,9.6500001
230.48,0.41905454545454546,0.04906016171428572,92,1,0.0,0.0,0.0,0.0,0.0,0.38056701,6.0999999
230.48,0.3841333333333333,0.04906016171428572,92,1,0.0,0.0,0.0,0.0,0.0,0.357245,3.4
230.48,0.3545846153846154,0.04906016171428572,92,1,0.0,0.0,0.0,0.0,0.0,0.34747601,1.725
230.48,0.32925714285714286,0.04906016171428572,92,1,0.0,0.0,0.0,0.0,0.0,0.34574699,0.82499999
230.48,0.28809999999999997,0.04906016171428572,92,1,0.0,0.0,0.0,0.0,0.0,0.33187601,0.125000005
230.48,0.46096,0.05002619411764706,29,1,0.0,0.0,0.0,0.0,0.0,0.48381099,8.3499999
230.48,0.41905454545454546,0.05002619411764706,29,1,0.0,0.0,0.0,0.0,0.0,0.43566,4.4000001
230.48,0.3841333333333333,0.05002619411764706,29,1,0.0,0.0,0.0,0.0,0.0,0.415243,1.7999999999999998
230.48,0.3545846153846154,0.05002619411764706,29,1,0.0,0.0,0.0,0.0,0.0,0.40926,0.575000015
230.48,0.5121777777777777,0.04906016171428572,92,-1,0.0,0.0,0.0,0.0,0.0,0.42731801,0.599999995
230.48,0.46096,0.04906016171428572,92,-1,0.0,0.0,0.0,0.0,0.0,0.39703,1.35
230.48,0.41905454545454546,0.04906016171428572,92,-1,0.0,0.0,0.0,0.0,0.0,0.37338701,2.775
230.48,0.3841333333333333,0.04906016171428572,92,-1,0.0,0.0,0.0,0.0,0.0,0.353807,5.0999999
230.48,0.32925714285714286,0.04906016171428572,92,-1,0.0,0.0,0.0,0.0,0.0,0.33846101,12.65
230.48,0.46096,0.05002619411764706,29,-1,0.0,0.0,0.0,0.0,0.0,0.45852801,0.45000000500000004
230.48,0.41905454545454546,0.05002619411764706,29,-1,0.0,0.0,0.0,0.0,0.0,0.42369401,1.5
230.48,0.3841333333333333,0.05002619411764706,29,-1,0.0,0.0,0.0,0.0,0.0,0.404145,3.9
230.48,0.3545846153846154,0.05002619411764706,29,-1,0.0,0.0,0.0,0.0,0.0,0.390295,7.70000005
232.84,0.7761333333333333,0.04881335685714285,89,1,0.0,0.0,0.0,0.0,0.0,0.65023798,28.6499995
232.84,0.5174222222222222,0.04881335685714285,89,1,0.0,0.0,0.0,0.0,0.0,0.437433,14.3
232.84,0.3582153846153846,0.04881335685714285,89,1,0.0,0.0,0.0,0.0,0.0,0.345698,1.825
232.84,0.33262857142857144,0.04881335685714285,89,1,0.0,0.0,0.0,0.0,0.0,0.34138501,0.849999995
232.84,0.29105000000000003,0.04881335685714285,89,1,0.0,0.0,0.0,0.0,0.0,0.338837,0.15000000000000002
232.84,0.5174222222222222,0.04881335685714285,89,-1,0.0,0.0,0.0,0.0,0.0,0.43492299,0.55000001
232.84,0.4233454545454545,0.04881335685714285,89,-1,0.0,0.0,0.0,0.0,0.0,0.371831,2.5
232.84,0.38806666666666667,0.04881335685714285,89,-1,0.0,0.0,0.0,0.0,0.0,0.355737,4.75
232.84,0.3582153846153846,0.04881335685714285,89,-1,0.0,0.0,0.0,0.0,0.0,0.34456599,8.00000025
232.84,0.33262857142857144,0.04881335685714285,89,-1,0.0,0.0,0.0,0.0,0.0,0.33673099,12.1
220.0,0.44,0.048398542142857146,32,1,0.0,0.0,0.0,0.0,0.0,0.39544699,5.8499999
220.0,0.4,0.048398542142857146,32,1,0.0,0.0,0.0,0.0,0.0,0.34399,2.32500005
220.0,0.36666666666666664,0.048398542142857146,32,1,0.0,0.0,0.0,0.0,0.0,0.30591401,0.5
220.0,0.3384615384615385,0.048398542142857146,32,1,0.0,0.0,0.0,0.0,0.0,0.28475299,0.05
220.0,0.4888888888888889,0.048398542142857146,32,-1,0.0,0.0,0.0,0.0,0.0,0.460659,0.20000000499999998
220.0,0.44,0.048398542142857146,32,-1,0.0,0.0,0.0,0.0,0.0,0.393547,0.674999985
220.0,0.4,0.048398542142857146,32,-1,0.0,0.0,0.0,0.0,0.0,0.34438801,2.1499999499999998
220.0,0.36666666666666664,0.048398542142857146,32,-1,0.0,0.0,0.0,0.0,0.0,0.307127,5.3499999
220.0,0.3384615384615385,0.048398542142857146,32,-1,0.0,0.0,0.0,0.0,0.0,0.35584301,10.049999799999998
215.24,0.39134545454545455,0.048385875,31,1,0.0,0.0,0.0,0.0,0.0,0.35902101,1.8
215.24,0.35873333333333335,0.048385875,31,1,0.0,0.0,0.0,0.0,0.0,0.32250899,0.35000001000000003
215.24,0.43048000000000003,0.048385875,31,-1,0.0,0.0,0.0,0.0,0.0,0.39481401,0.900000005
215.24,0.39134545454545455,0.048385875,31,-1,0.0,0.0,0.0,0.0,0.0,0.34822199,2.75
215.24,0.35873333333333335,0.048385875,31,-1,0.0,0.0,0.0,0.0,0.0,0.32280001,6.4000001
217.16,0.39483636363636365,0.04848626821428572,29,1,0.0,0.0,0.0,0.0,0.0,0.35383001,1.925
217.16,0.36193333333333333,0.04848626821428572,29,1,0.0,0.0,0.0,0.0,0.0,0.312895,0.35000001000000003
217.16,0.43432,0.04848626821428572,29,-1,0.0,0.0,0.0,0.0,0.0,0.41034901,0.80000001
227.36,0.37893333333333334,0.045703869010989016,187,1,0.0,0.0,0.0,0.0,0.0,0.343126,4.79999995
227.36,0.3497846153846154,0.045703869010989016,187,1,0.0,0.0,0.0,0.0,0.0,0.33421299,3.0
227.36,0.3031466666666667,0.045703869010989016,187,1,0.0,0.0,0.0,0.0,0.0,0.31036401,0.900000005
227.36,0.2842,0.045703869010989016,187,1,0.0,0.0,0.0,0.0,0.0,0.30244401,0.45000000500000004
227.36,0.4133818181818182,0.045703869010989016,187,-1,0.0,0.0,0.0,0.0,0.0,0.357517,4.29999995
227.36,0.37893333333333334,0.045703869010989016,187,-1,0.0,0.0,0.0,0.0,0.0,0.34297901,6.75
228.56,0.41556363636363636,0.05011814171428571,32,1,0.0,0.0,0.0,0.0,0.0,0.34038499,3.6
228.56,0.38093333333333335,0.05011814171428571,32,1,0.0,0.0,0.0,0.0,0.0,0.315119,1.1
228.56,0.35163076923076925,0.05011814171428571,32,1,0.0,0.0,0.0,0.0,0.0,0.311786,0.225
228.56,0.38093333333333335,0.04500613824175824,186,1,0.0,0.0,0.0,0.0,0.0,0.34336299,4.9000001
228.56,0.45712,0.05011814171428571,32,-1,0.0,0.0,0.0,0.0,0.0,0.38796699,0.35000001000000003
228.56,0.41556363636363636,0.05011814171428571,32,-1,0.0,0.0,0.0,0.0,0.0,0.33964401,1.275
228.56,0.38093333333333335,0.04500613824175824,186,-1,0.0,0.0,0.0,0.0,0.0,0.34214199,6.5999999
234.24,0.5205333333333334,0.05004340914285714,31,1,0.0,0.0,0.0,0.0,0.0,0.42631999,13.75
234.24,0.4258909090909091,0.05004340914285714,31,1,0.0,0.0,0.0,0.0,0.0,0.34006101,4.5999999
234.24,0.3904,0.05004340914285714,31,1,0.0,0.0,0.0,0.0,0.0,0.30626899,1.55
234.24,0.3603692307692308,0.05004340914285714,31,1,0.0,0.0,0.0,0.0,0.0,0.297901,0.32499999999999996
234.24,0.46848,0.05004340914285714,31,-1,0.0,0.0,0.0,0.0,0.0,0.40492201,0.25000000499999997
234.24,0.4258909090909091,0.05004340914285714,31,-1,0.0,0.0,0.0,0.0,0.0,0.345222,0.875
234.24,0.4258909090909091,0.04464832934065934,185,-1,0.0,0.0,0.0,0.0,0.0,0.35688901,3.6999999499999996
236.88,0.47376,0.04979098942857143,30,1,0.0,0.0,0.0,0.0,0.0,0.368958,9.5
236.88,0.43069090909090907,0.04979098942857143,30,1,0.0,0.0,0.0,0.0,0.0,0.32449701,5.0
236.88,0.3948,0.04979098942857143,30,1,0.0,0.0,0.0,0.0,0.0,0.29831001,1.75
236.88,0.3644307692307692,0.04979098942857143,30,1,0.0,0.0,0.0,0.0,0.0,0.29213801,0.375
236.88,0.5264,0.04712063892857143,93,1,0.0,0.0,0.0,0.0,0.0,0.38856,15.0
236.88,0.3644307692307692,0.04712063892857143,93,1,0.0,0.0,0.0,0.0,0.0,0.326199,2.0
236.88,0.3384,0.04712063892857143,93,1,0.0,0.0,0.0,0.0,0.0,0.312489,0.849999995
236.88,0.31584,0.04439416538461538,184,1,0.0,0.0,0.0,0.0,0.0,0.30891499,1.25
236.88,0.2961,0.04439416538461538,184,1,0.0,0.0,0.0,0.0,0.0,0.30084699,0.650000005
236.88,0.5264,0.04979098942857143,30,-1,0.0,0.0,0.0,0.0,0.0,0.50139099,0.0750000005
236.88,0.47376,0.04979098942857143,30,-1,0.0,0.0,0.0,0.0,0.0,0.40928999,0.20000000499999998
236.88,0.43069090909090907,0.04979098942857143,30,-1,0.0,0.0,0.0,0.0,0.0,0.33917299,0.674999985
236.88,0.3948,0.04979098942857143,30,-1,0.0,0.0,0.0,0.0,0.0,0.30197799,2.375
236.88,0.43069090909090907,0.04712063892857143,93,-1,0.0,0.0,0.0,0.0,0.0,0.358145,2.1499999499999998
236.88,0.3948,0.04712063892857143,93,-1,0.0,0.0,0.0,0.0,0.0,0.341616,4.20000005
236.88,0.5264,0.04439416538461538,184,-1,0.0,0.0,0.0,0.0,0.0,0.39183399,1.05
235.72,0.47143999999999997,0.049603354,29,1,0.0,0.0,0.0,0.0,0.0,0.384092,9.25
235.72,0.4285818181818182,0.049603354,29,1,0.0,0.0,0.0,0.0,0.0,0.324615,4.75
235.72,0.39286666666666664,0.049603354,29,1,0.0,0.0,0.0,0.0,0.0,0.292584,1.55
235.72,0.36264615384615384,0.049603354,29,1,0.0,0.0,0.0,0.0,0.0,0.28027299,0.275000005
235.72,0.39286666666666664,0.0472203,92,1,0.0,0.0,0.0,0.0,0.0,0.33158201,3.6999999499999996
235.72,0.39286666666666664,0.04467587021978022,183,1,0.0,0.0,0.0,0.0,0.0,0.33673599,5.70000005
235.72,0.47143999999999997,0.049603354,29,-1,0.0,0.0,0.0,0.0,0.0,0.40763599,0.20000000499999998
235.72,0.4285818181818182,0.049603354,29,-1,0.0,0.0,0.0,0.0,0.0,0.33277401,0.674999985
235.72,0.39286666666666664,0.049603354,29,-1,0.0,0.0,0.0,0.0,0.0,0.29505199,2.45000005
235.72,0.47143999999999997,0.0472203,92,-1,0.0,0.0,0.0,0.0,0.0,0.37173101,0.94999999
235.72,0.4285818181818182,0.0472203,92,-1,0.0,0.0,0.0,0.0,0.0,0.351477,2.1499999499999998
235.72,0.39286666666666664,0.0472203,92,-1,0.0,0.0,0.0,0.0,0.0,0.33114699,4.20000005
235.72,0.39286666666666664,0.04467587021978022,183,-1,0.0,0.0,0.0,0.0,0.0,0.33708099,5.5999999
237.56,0.4319272727272727,0.047243816785714286,89,1,0.0,0.0,0.0,0.0,0.0,0.35359699,6.95000005
237.56,0.39593333333333336,0.047243816785714286,89,1,0.0,0.0,0.0,0.0,0.0,0.33131599,3.9
237.56,0.3654769230769231,0.047243816785714286,89,1,0.0,0.0,0.0,0.0,0.0,0.31742299,1.9
237.56,0.3167466666666667,0.047243816785714286,89,1,0.0,0.0,0.0,0.0,0.0,0.29071599,0.25000000499999997
237.56,0.5279111111111111,0.047243816785714286,89,-1,0.0,0.0,0.0,0.0,0.0,0.39252299,0.29999999499999996
237.56,0.4319272727272727,0.047243816785714286,89,-1,0.0,0.0,0.0,0.0,0.0,0.35429999,1.9749999999999999
237.56,0.39593333333333336,0.047243816785714286,89,-1,0.0,0.0,0.0,0.0,0.0,0.331494,3.9
237.56,0.3654769230769231,0.047243816785714286,89,-1,0.0,0.0,0.0,0.0,0.0,0.315135,6.9000001
237.56,0.4319272727272727,0.04473145879120879,180,-1,0.0,0.0,0.0,0.0,0.0,0.353614,3.3000000500000004
240.08,0.40013333333333334,0.044813780879120885,178,1,0.0,0.0,0.0,0.0,0.0,0.33330101,6.1500001
240.08,0.48016000000000003,0.044813780879120885,178,-1,0.0,0.0,0.0,0.0,0.0,0.366804,1.7
240.08,0.40013333333333334,0.044813780879120885,178,-1,0.0,0.0,0.0,0.0,0.0,0.33319899,5.0
234.72,0.3912,0.04460135769230769,177,1,0.0,0.0,0.0,0.0,0.0,0.33916801,5.5
234.72,0.3611076923076923,0.04460135769230769,177,1,0.0,0.0,0.0,0.0,0.0,0.32569101,3.4
234.72,0.33531428571428573,0.04460135769230769,177,1,0.0,0.0,0.0,0.0,0.0,0.31228301,1.925
234.72,0.31296,0.04460135769230769,177,1,0.0,0.0,0.0,0.0,0.0,0.30318201,1.024999995
234.72,0.33531428571428573,0.04460135769230769,177,-1,0.0,0.0,0.0,0.0,0.0,0.30788299,12.15
213.28,0.42656,0.03264183461538462,369,-1,0.0,0.0,0.0,0.0,0.0,0.377529,5.54999995
205.88,0.41176,0.040706154,32,1,0.0,0.0,0.0,0.0,0.0,0.435204,3.5
205.88,0.37432727272727273,0.040706154,32,1,0.0,0.0,0.0,0.0,0.0,0.40793699,1.225
205.88,0.34313333333333335,0.040706154,32,1,0.0,0.0,0.0,0.0,0.0,0.38398701,0.275000005
205.88,0.41176,0.040706154,32,-1,0.0,0.0,0.0,0.0,0.0,0.43131,1.85
205.88,0.37432727272727273,0.040706154,32,-1,0.0,0.0,0.0,0.0,0.0,0.40809801,4.5999999
199.84,0.39968,0.04037803,31,1,0.0,0.0,0.0,0.0,0.0,0.42583901,2.5249999499999998
199.84,0.3633454545454545,0.04037803,31,1,0.0,0.0,0.0,0.0,0.0,0.403449,0.75
199.84,0.39968,0.04037803,31,-1,0.0,0.0,0.0,0.0,0.0,0.42628801,2.42499995
199.84,0.3633454545454545,0.04037803,31,-1,0.0,0.0,0.0,0.0,0.0,0.39055699,5.5999999
199.84,0.3330666666666667,0.04037803,31,-1,0.0,0.0,0.0,0.0,0.0,0.39300901,10.1
199.84,0.6661333333333334,0.03255855098901099,367,1,0.0,0.0,0.0,0.0,0.0,0.43478799,21.75
199.84,0.3330666666666667,0.03255855098901099,367,1,0.0,0.0,0.0,0.0,0.0,0.35840401,4.29999995
202.4,0.4497777777777778,0.04018493176470589,30,1,0.0,0.0,0.0,0.0,0.0,0.48405701,6.45000005
202.4,0.4048,0.04018493176470589,30,1,0.0,0.0,0.0,0.0,0.0,0.439769,2.92499995
202.4,0.368,0.04018493176470589,30,1,0.0,0.0,0.0,0.0,0.0,0.40748,0.900000005
202.4,0.506,0.04018493176470589,30,-1,0.0,0.0,0.0,0.0,0.0,0.53292501,0.17500000500000001
202.4,0.4497777777777778,0.04018493176470589,30,-1,0.0,0.0,0.0,0.0,0.0,0.48309001,0.69999999
202.4,0.4048,0.04018493176470589,30,-1,0.0,0.0,0.0,0.0,0.0,0.43641099,2.1499999499999998
202.4,0.368,0.04018493176470589,30,-1,0.0,0.0,0.0,0.0,0.0,0.40715599,5.1500001
202.4,0.3373333333333333,0.03177454758241758,366,1,0.0,0.0,0.0,0.0,0.0,0.35865799,4.54999995
202.4,0.506,0.03177454758241758,366,-1,0.0,0.0,0.0,0.0,0.0,0.40922201,2.82500005
197.68,0.49420000000000003,0.040061478823529416,29,1,0.0,0.0,0.0,0.0,0.0,0.52059197,9.75
197.68,0.39536,0.040061478823529416,29,1,0.0,0.0,0.0,0.0,0.0,0.44504499,2.2749999499999998
197.68,0.3594181818181818,0.040061478823529416,29,1,0.0,0.0,0.0,0.0,0.0,0.40880501,0.599999995
197.68,0.3294666666666667,0.040061478823529416,29,1,0.0,0.0,0.0,0.0,0.0,0.39015099,0.10000000549999999
197.68,0.4392888888888889,0.040061478823529416,29,-1,0.0,0.0,0.0,0.0,0.0,0.48291701,0.900000005
197.68,0.39536,0.040061478823529416,29,-1,0.0,0.0,0.0,0.0,0.0,0.442891,2.70000005
197.68,0.3594181818181818,0.040061478823529416,29,-1,0.0,0.0,0.0,0.0,0.0,0.40887001,6.04999995
197.68,0.30412307692307694,0.040061478823529416,29,-1,0.0,0.0,0.0,0.0,0.0,0.515414,15.6
197.68,0.39536,0.031038292637362637,365,1,0.0,0.0,0.0,0.0,0.0,0.379489,7.8499999
197.68,0.3294666666666667,0.031038292637362637,365,1,0.0,0.0,0.0,0.0,0.0,0.356062,4.0
197.96,0.32993333333333336,0.02724912549450549,361,1,0.0,0.0,0.0,0.0,0.0,0.36297199,4.04999995
197.96,0.4949,0.02724912549450549,361,-1,0.0,0.0,0.0,0.0,0.0,0.417716,3.1999999499999996
192.28,0.6409333333333334,0.026277929560439558,360,1,0.0,0.0,0.0,0.0,0.0,0.439349,19.8500005
192.28,0.38456,0.026277929560439558,360,1,0.0,0.0,0.0,0.0,0.0,0.38437301,7.0
192.28,0.3204666666666667,0.026277929560439558,360,1,0.0,0.0,0.0,0.0,0.0,0.360203,3.4499999499999996
192.28,0.6409333333333334,0.026277929560439558,360,-1,0.0,0.0,0.0,0.0,0.0,0.460895,1.2
192.28,0.4807,0.026277929560439558,360,-1,0.0,0.0,0.0,0.0,0.0,0.42239299,3.6
192.28,0.38456,0.026277929560439558,360,-1,0.0,0.0,0.0,0.0,0.0,0.38441199,7.79999995
192.28,0.3204666666666667,0.026277929560439558,360,-1,0.0,0.0,0.0,0.0,0.0,0.35973799,14.2
195.6,0.5588571428571428,0.03140278892857143,32,1,0.0,0.0,0.0,0.0,0.0,0.476558,13.95
195.6,0.489,0.03140278892857143,32,1,0.0,0.0,0.0,0.0,0.0,0.44267699,9.0999999
195.6,0.43466666666666665,0.03140278892857143,32,1,0.0,0.0,0.0,0.0,0.0,0.39216,4.70000005
195.6,0.3912,0.03140278892857143,32,1,0.0,0.0,0.0,0.0,0.0,0.360075,1.625
195.6,0.35563636363636364,0.03140278892857143,32,1,0.0,0.0,0.0,0.0,0.0,0.34900999,0.35000001000000003
195.6,0.326,0.03140278892857143,32,1,0.0,0.0,0.0,0.0,0.0,0.371196,0.0750000005
195.6,0.43466666666666665,0.03140278892857143,32,-1,0.0,0.0,0.0,0.0,0.0,0.382566,0.69999999
195.6,0.3912,0.03140278892857143,32,-1,0.0,0.0,0.0,0.0,0.0,0.35886201,2.6499999499999998
195.6,0.35563636363636364,0.03140278892857143,32,-1,0.0,0.0,0.0,0.0,0.0,0.353378,6.4000001
198.0,0.44,0.0314145525,31,1,0.0,0.0,0.0,0.0,0.0,0.407269,5.20000005
198.0,0.396,0.0314145525,31,1,0.0,0.0,0.0,0.0,0.0,0.357777,1.85
198.0,0.36,0.0314145525,31,1,0.0,0.0,0.0,0.0,0.0,0.32111701,0.32499999999999996
198.0,0.44,0.0314145525,31,-1,0.0,0.0,0.0,0.0,0.0,0.392472,0.599999995
198.0,0.396,0.0314145525,31,-1,0.0,0.0,0.0,0.0,0.0,0.353845,2.2749999499999998
198.0,0.36,0.0314145525,31,-1,0.0,0.0,0.0,0.0,0.0,0.329202,5.79999995
195.8,0.4351111111111111,0.031655831071428574,30,1,0.0,0.0,0.0,0.0,0.0,0.389294,4.70000005
195.8,0.3916,0.031655831071428574,30,1,0.0,0.0,0.0,0.0,0.0,0.351924,1.55
195.8,0.35600000000000004,0.031655831071428574,30,1,0.0,0.0,0.0,0.0,0.0,0.34883299,0.32499999999999996
195.8,0.32633333333333336,0.031655831071428574,30,1,0.0,0.0,0.0,0.0,0.0,0.380775,0.0750000005
195.8,0.4351111111111111,0.031655831071428574,30,-1,0.0,0.0,0.0,0.0,0.0,0.37383199,0.599999995
195.8,0.3916,0.031655831071428574,30,-1,0.0,0.0,0.0,0.0,0.0,0.35099199,2.5
195.8,0.35600000000000004,0.031655831071428574,30,-1,0.0,0.0,0.0,0.0,0.0,0.35134801,6.29999995
198.96,0.4974,0.031544808214285715,29,1,0.0,0.0,0.0,0.0,0.0,0.46371201,9.9500001
198.96,0.4421333333333334,0.031544808214285715,29,1,0.0,0.0,0.0,0.0,0.0,0.37748799,5.29999995
198.96,0.39792,0.031544808214285715,29,1,0.0,0.0,0.0,0.0,0.0,0.33785599,1.825
198.96,0.36174545454545454,0.031544808214285715,29,1,0.0,0.0,0.0,0.0,0.0,0.32558301,0.35000001000000003
198.96,0.4421333333333334,0.031544808214285715,29,-1,0.0,0.0,0.0,0.0,0.0,0.36266801,0.39999998999999997
198.96,0.39792,0.031544808214285715,29,-1,0.0,0.0,0.0,0.0,0.0,0.33458501,1.95
183.44,0.4076444444444444,0.02099324703296703,187,-1,0.0,0.0,0.0,0.0,0.0,0.413039,4.70000005
187.88,0.4697,0.02570598942857143,32,1,0.0,0.0,0.0,0.0,0.0,0.40911001,7.20000005
187.88,0.4175111111111111,0.02570598942857143,32,1,0.0,0.0,0.0,0.0,0.0,0.379397,3.1999999499999996
187.88,0.37576,0.02570598942857143,32,1,0.0,0.0,0.0,0.0,0.0,0.340211,0.80000001
187.88,0.3416,0.02570598942857143,32,1,0.0,0.0,0.0,0.0,0.0,0.337565,0.125000005
187.88,0.3131333333333333,0.022832735714285714,186,1,0.0,0.0,0.0,0.0,0.0,0.36042601,1.325
187.88,0.4697,0.02570598942857143,32,-1,0.0,0.0,0.0,0.0,0.0,0.421303,0.25000000499999997
187.88,0.4175111111111111,0.02570598942857143,32,-1,0.0,0.0,0.0,0.0,0.0,0.366689,1.15
187.88,0.37576,0.02570598942857143,32,-1,0.0,0.0,0.0,0.0,0.0,0.33893201,3.8000000500000004
187.48,0.4166222222222222,0.026328057999999998,31,1,0.0,0.0,0.0,0.0,0.0,0.377601,3.1499999499999998
187.48,0.37495999999999996,0.026328057999999998,31,1,0.0,0.0,0.0,0.0,0.0,0.34667599,0.80000001
187.48,0.31246666666666667,0.02278351967032967,185,1,0.0,0.0,0.0,0.0,0.0,0.36459699,1.35
187.48,0.2884307692307692,0.02278351967032967,185,1,0.0,0.0,0.0,0.0,0.0,0.35493699,0.69999999
187.48,0.46869999999999995,0.026328057999999998,31,-1,0.0,0.0,0.0,0.0,0.0,0.40318799,0.20000000499999998
187.48,0.4166222222222222,0.026328057999999998,31,-1,0.0,0.0,0.0,0.0,0.0,0.37098101,1.15
187.48,0.37495999999999996,0.026328057999999998,31,-1,0.0,0.0,0.0,0.0,0.0,0.33890399,3.8000000500000004
187.48,0.6249333333333333,0.02278351967032967,185,-1,0.0,0.0,0.0,0.0,0.0,0.46061099,0.45000000500000004
193.84,0.48460000000000003,0.02658233257142857,30,1,0.0,0.0,0.0,0.0,0.0,0.37812501,8.5499997
193.84,0.43075555555555556,0.02658233257142857,30,1,0.0,0.0,0.0,0.0,0.0,0.372812,4.20000005
193.84,0.38768,0.02658233257142857,30,1,0.0,0.0,0.0,0.0,0.0,0.334764,1.225
193.84,0.35243636363636366,0.02658233257142857,30,1,0.0,0.0,0.0,0.0,0.0,0.326702,0.20000000499999998
193.84,0.32306666666666667,0.02658233257142857,30,1,0.0,0.0,0.0,0.0,0.0,0.33670601,0.0250000005
193.84,0.38768,0.024912789642857144,93,1,0.0,0.0,0.0,0.0,0.0,0.388046,3.1999999499999996
193.84,0.35243636363636366,0.024912789642857144,93,1,0.0,0.0,0.0,0.0,0.0,0.36678499,1.45
193.84,0.5538285714285714,0.02658233257142857,30,-1,0.0,0.0,0.0,0.0,0.0,0.50512701,0.0250000005
193.84,0.48460000000000003,0.02658233257142857,30,-1,0.0,0.0,0.0,0.0,0.0,0.421426,0.125000005
193.84,0.43075555555555556,0.02658233257142857,30,-1,0.0,0.0,0.0,0.0,0.0,0.36999899,0.69999999
193.84,0.38768,0.02658233257142857,30,-1,0.0,0.0,0.0,0.0,0.0,0.33866999,2.75
193.84,0.32306666666666667,0.024912789642857144,93,-1,0.0,0.0,0.0,0.0,0.0,0.35917199,11.95
193.84,0.5538285714285714,0.023569475824175824,184,-1,0.0,0.0,0.0,0.0,0.0,0.44802499,0.97499999
193.84,0.35243636363636366,0.023569475824175824,184,-1,0.0,0.0,0.0,0.0,0.0,0.37186199,9.0
198.76,0.44168888888888885,0.025642992857142857,89,1,0.0,0.0,0.0,0.0,0.0,0.415636,6.79999995
198.76,0.39752,0.025642992857142857,89,1,0.0,0.0,0.0,0.0,0.0,0.39164901,3.8000000500000004
198.76,0.3613818181818182,0.025642992857142857,89,1,0.0,0.0,0.0,0.0,0.0,0.37007999,1.8
198.76,0.33126666666666665,0.025642992857142857,89,1,0.0,0.0,0.0,0.0,0.0,0.34673199,0.674999985
198.76,0.3057846153846154,0.025642992857142857,89,1,0.0,0.0,0.0,0.0,0.0,0.343941,0.25000000499999997
198.76,0.39752,0.024463865164835164,180,1,0.0,0.0,0.0,0.0,0.0,0.38258201,5.4000001
198.76,0.3613818181818182,0.024463865164835164,180,1,0.0,0.0,0.0,0.0,0.0,0.36740699,3.3000000500000004
198.76,0.33126666666666665,0.024463865164835164,180,1,0.0,0.0,0.0,0.0,0.0,0.354669,1.875
198.76,0.3057846153846154,0.024463865164835164,180,1,0.0,0.0,0.0,0.0,0.0,0.34210801,0.97499999
198.76,0.49689999999999995,0.025642992857142857,89,-1,0.0,0.0,0.0,0.0,0.0,0.44097099,0.775000005
198.76,0.44168888888888885,0.025642992857142857,89,-1,0.0,0.0,0.0,0.0,0.0,0.416839,1.9
198.76,0.39752,0.025642992857142857,89,-1,0.0,0.0,0.0,0.0,0.0,0.394618,3.9
198.76,0.3613818181818182,0.025642992857142857,89,-1,0.0,0.0,0.0,0.0,0.0,0.368173,6.8499999
198.76,0.33126666666666665,0.024463865164835164,180,-1,0.0,0.0,0.0,0.0,0.0,0.35108301,11.65
200.72,0.3649454545454545,0.024264925164835166,179,1,0.0,0.0,0.0,0.0,0.0,0.36717099,3.5
200.72,0.33453333333333335,0.024264925164835166,179,1,0.0,0.0,0.0,0.0,0.0,0.35379699,2.0
200.72,0.3088,0.024264925164835166,179,1,0.0,0.0,0.0,0.0,0.0,0.34132701,1.05
200.72,0.40144,0.024264925164835166,179,-1,0.0,0.0,0.0,0.0,0.0,0.38339999,5.0
197.84,0.3297333333333333,0.024219863296703295,178,1,0.0,0.0,0.0,0.0,0.0,0.35440701,1.8
197.84,0.4946,0.024219863296703295,178,-1,0.0,0.0,0.0,0.0,0.0,0.424187,1.7
192.6,0.5502857142857143,0.024197972527472526,177,-1,0.0,0.0,0.0,0.0,0.0,0.436887,0.875
203.52,0.40704,0.027506399999999997,32,1,0.0,0.0,0.0,0.0,0.0,0.41839099,3.0
203.52,0.37003636363636366,0.027506399999999997,32,1,0.0,0.0,0.0,0.0,0.0,0.38355201,0.900000005
203.52,0.3392,0.027506399999999997,32,1,0.0,0.0,0.0,0.0,0.0,0.37849501,0.20000000499999998
203.52,0.5088,0.027506399999999997,32,-1,0.0,0.0,0.0,0.0,0.0,0.53798997,0.20000000499999998
203.52,0.4522666666666667,0.027506399999999997,32,-1,0.0,0.0,0.0,0.0,0.0,0.463626,0.650000005
203.52,0.40704,0.027506399999999997,32,-1,0.0,0.0,0.0,0.0,0.0,0.42036501,2.04999995
208.08,0.46240000000000003,0.02766848,31,1,0.0,0.0,0.0,0.0,0.0,0.451814,7.5
208.08,0.41616000000000003,0.02766848,31,1,0.0,0.0,0.0,0.0,0.0,0.40822399,3.6
208.08,0.37832727272727273,0.02766848,31,1,0.0,0.0,0.0,0.0,0.0,0.37349001,1.15
208.08,0.3468,0.02766848,31,1,0.0,0.0,0.0,0.0,0.0,0.363637,0.25000000499999997
208.08,0.5202,0.02766848,31,-1,0.0,0.0,0.0,0.0,0.0,0.50793999,0.10000000549999999
208.08,0.46240000000000003,0.02766848,31,-1,0.0,0.0,0.0,0.0,0.0,0.45947701,0.45000000500000004
208.08,0.41616000000000003,0.02766848,31,-1,0.0,0.0,0.0,0.0,0.0,0.41419399,1.55
208.08,0.37832727272727273,0.02766848,31,-1,0.0,0.0,0.0,0.0,0.0,0.380366,4.0999999
208.08,0.32012307692307695,0.02766848,31,-1,0.0,0.0,0.0,0.0,0.0,0.43690801,13.05
205.84,0.41168,0.02835521,30,1,0.0,0.0,0.0,0.0,0.0,0.41972899,3.3000000500000004
205.84,0.37425454545454545,0.02835521,30,1,0.0,0.0,0.0,0.0,0.0,0.38140699,0.999999995
205.84,0.3430666666666667,0.02835521,30,1,0.0,0.0,0.0,0.0,0.0,0.36833301,0.20000000499999998
205.84,0.41168,0.02835521,30,-1,0.0,0.0,0.0,0.0,0.0,0.405736,1.65
205.84,0.37425454545454545,0.02835521,30,-1,0.0,0.0,0.0,0.0,0.0,0.37529299,4.4000001
208.04,0.41608,0.029071399375,29,1,0.0,0.0,0.0,0.0,0.0,0.40793699,3.5
208.04,0.37825454545454545,0.029071399375,29,1,0.0,0.0,0.0,0.0,0.0,0.38841999,1.15
208.04,0.34673333333333334,0.029071399375,29,1,0.0,0.0,0.0,0.0,0.0,0.37739101,0.25000000499999997
208.04,0.4623111111111111,0.029071399375,29,-1,0.0,0.0,0.0,0.0,0.0,0.456489,0.39999998999999997
208.04,0.41608,0.029071399375,29,-1,0.0,0.0,0.0,0.0,0.0,0.41211501,1.475
208.04,0.37825454545454545,0.029071399375,29,-1,0.0,0.0,0.0,0.0,0.0,0.38918799,4.0999999
196.2,0.4905,0.02465774928571428,32,1,0.0,0.0,0.0,0.0,0.0,0.37391901,9.1500001
196.2,0.436,0.02465774928571428,32,1,0.0,0.0,0.0,0.0,0.0,0.36507499,4.70000005
196.2,0.39239999999999997,0.02465774928571428,32,1,0.0,0.0,0.0,0.0,0.0,0.34052601,1.575
196.2,0.3567272727272727,0.02465774928571428,32,1,0.0,0.0,0.0,0.0,0.0,0.342978,0.35000001000000003
196.2,0.4905,0.02465774928571428,32,-1,0.0,0.0,0.0,0.0,0.0,0.428354,0.125000005
196.2,0.436,0.02465774928571428,32,-1,0.0,0.0,0.0,0.0,0.0,0.36482999,0.599999995
196.2,0.39239999999999997,0.02465774928571428,32,-1,0.0,0.0,0.0,0.0,0.0,0.34152201,2.4750000500000002
196.2,0.3567272727272727,0.02465774928571428,32,-1,0.0,0.0,0.0,0.0,0.0,0.343842,6.25
195.8,0.48950000000000005,0.024384426785714286,31,1,0.0,0.0,0.0,0.0,0.0,0.39130801,9.0499997
195.8,0.4351111111111111,0.024384426785714286,31,1,0.0,0.0,0.0,0.0,0.0,0.36901599,4.5999999
195.8,0.3916,0.024384426785714286,31,1,0.0,0.0,0.0,0.0,0.0,0.35064599,1.55
195.8,0.35600000000000004,0.024384426785714286,31,1,0.0,0.0,0.0,0.0,0.0,0.34566301,0.32499999999999996
195.8,0.32633333333333336,0.024384426785714286,31,1,0.0,0.0,0.0,0.0,0.0,0.317296,0.0250000005
195.8,0.48950000000000005,0.024384426785714286,31,-1,0.0,0.0,0.0,0.0,0.0,0.41235101,0.10000000549999999
195.8,0.4351111111111111,0.024384426785714286,31,-1,0.0,0.0,0.0,0.0,0.0,0.36496201,0.599999995
195.8,0.3916,0.024384426785714286,31,-1,0.0,0.0,0.0,0.0,0.0,0.349067,2.5500000500000004
195.8,0.35600000000000004,0.024384426785714286,31,-1,0.0,0.0,0.0,0.0,0.0,0.35075,6.3499999
194.6,0.3892,0.02426915857142857,30,1,0.0,0.0,0.0,0.0,0.0,0.34372899,1.375
194.6,0.3538181818181818,0.02426915857142857,30,1,0.0,0.0,0.0,0.0,0.0,0.35379401,0.29999999499999996
194.6,0.4324444444444444,0.02426915857142857,30,-1,0.0,0.0,0.0,0.0,0.0,0.35190701,0.575000015
194.6,0.3892,0.02426915857142857,30,-1,0.0,0.0,0.0,0.0,0.0,0.33738801,2.6000000500000002
193.36,0.38672,0.024157423214285715,29,1,0.0,0.0,0.0,0.0,0.0,0.338606,1.175
193.36,0.3515636363636364,0.024157423214285715,29,1,0.0,0.0,0.0,0.0,0.0,0.33658701,0.20000000499999998
193.36,0.4296888888888889,0.024157423214285715,29,-1,0.0,0.0,0.0,0.0,0.0,0.34571201,0.599999995
193.36,0.38672,0.024157423214285715,29,-1,0.0,0.0,0.0,0.0,0.0,0.33179301,2.75
188.24,0.37648000000000004,0.032388936483516484,187,1,0.0,0.0,0.0,0.0,0.0,0.35508001,3.8000000500000004
188.24,0.3422545454545455,0.032388936483516484,187,1,0.0,0.0,0.0,0.0,0.0,0.33766001,2.07500005
188.24,0.2896,0.032388936483516484,187,1,0.0,0.0,0.0,0.0,0.0,0.31055799,0.45000000500000004
188.24,0.4706,0.032388936483516484,187,-1,0.0,0.0,0.0,0.0,0.0,0.38654399,1.9
188.24,0.41831111111111113,0.032388936483516484,187,-1,0.0,0.0,0.0,0.0,0.0,0.36715201,3.6
187.04,0.46759999999999996,0.025444236285714288,32,1,0.0,0.0,0.0,0.0,0.0,0.409228,7.04999995
187.04,0.4156444444444444,0.025444236285714288,32,1,0.0,0.0,0.0,0.0,0.0,0.356397,2.975
187.04,0.37407999999999997,0.025444236285714288,32,1,0.0,0.0,0.0,0.0,0.0,0.333855,0.724999995
187.04,0.46759999999999996,0.025444236285714288,32,-1,0.0,0.0,0.0,0.0,0.0,0.37847,0.17500000500000001
187.04,0.4156444444444444,0.025444236285714288,32,-1,0.0,0.0,0.0,0.0,0.0,0.34573701,1.1
187.04,0.37407999999999997,0.025444236285714288,32,-1,0.0,0.0,0.0,0.0,0.0,0.31098601,3.8000000500000004
187.84,0.41742222222222225,0.025521913142857143,31,1,0.0,0.0,0.0,0.0,0.0,0.34498599,3.04999995
187.84,0.37568,0.025521913142857143,31,1,0.0,0.0,0.0,0.0,0.0,0.33594999,0.775000005
187.84,0.34152727272727273,0.025521913142857143,31,1,0.0,0.0,0.0,0.0,0.0,0.34033501,0.125000005
187.84,0.4696,0.025521913142857143,31,-1,0.0,0.0,0.0,0.0,0.0,0.37934399,0.15000000000000002
187.84,0.41742222222222225,0.025521913142857143,31,-1,0.0,0.0,0.0,0.0,0.0,0.35110101,1.025
193.76,0.4305777777777778,0.025632075714285715,30,1,0.0,0.0,0.0,0.0,0.0,0.34818301,4.0999999
193.76,0.38752,0.025632075714285715,30,1,0.0,0.0,0.0,0.0,0.0,0.320609,1.15
193.76,0.3522909090909091,0.025632075714285715,30,1,0.0,0.0,0.0,0.0,0.0,0.31586999,0.17500000500000001
193.76,0.38752,0.028944125714285715,93,1,0.0,0.0,0.0,0.0,0.0,0.36106601,2.95000005
193.76,0.3522909090909091,0.028944125714285715,93,1,0.0,0.0,0.0,0.0,0.0,0.34136,1.25
193.76,0.3522909090909091,0.03123335032967033,184,1,0.0,0.0,0.0,0.0,0.0,0.335556,2.4750000500000002
193.76,0.3229333333333333,0.03123335032967033,184,1,0.0,0.0,0.0,0.0,0.0,0.32064,1.25
193.76,0.29809230769230766,0.03123335032967033,184,1,0.0,0.0,0.0,0.0,0.0,0.31289601,0.599999995
193.76,0.2768,0.03123335032967033,184,1,0.0,0.0,0.0,0.0,0.0,0.302248,0.25000000499999997
193.76,0.4844,0.025632075714285715,30,-1,0.0,0.0,0.0,0.0,0.0,0.38094601,0.0750000005
193.76,0.4305777777777778,0.025632075714285715,30,-1,0.0,0.0,0.0,0.0,0.0,0.34544501,0.599999995
193.76,0.38752,0.025632075714285715,30,-1,0.0,0.0,0.0,0.0,0.0,0.31953901,2.6499999499999998
187.76,0.4172444444444444,0.025698857714285716,29,1,0.0,0.0,0.0,0.0,0.0,0.359355,3.0249999499999998
187.76,0.37551999999999996,0.025698857714285716,29,1,0.0,0.0,0.0,0.0,0.0,0.333877,0.69999999
187.76,0.3413818181818182,0.025698857714285716,29,1,0.0,0.0,0.0,0.0,0.0,0.353995,0.125000005
187.76,0.37551999999999996,0.02875139,92,1,0.0,0.0,0.0,0.0,0.0,0.36502799,2.32500005
187.76,0.3413818181818182,0.02875139,92,1,0.0,0.0,0.0,0.0,0.0,0.34992599,0.94999999
187.76,0.31293333333333334,0.02875139,92,1,0.0,0.0,0.0,0.0,0.0,0.33220401,0.29999999499999996
187.76,0.3413818181818182,0.030820840659340664,183,1,0.0,0.0,0.0,0.0,0.0,0.341804,2.07500005
187.76,0.4694,0.025698857714285716,29,-1,0.0,0.0,0.0,0.0,0.0,0.39012799,0.15000000000000002
187.76,0.4172444444444444,0.025698857714285716,29,-1,0.0,0.0,0.0,0.0,0.0,0.34349301,0.94999999
187.76,0.37551999999999996,0.025698857714285716,29,-1,0.0,0.0,0.0,0.0,0.0,0.334232,3.6999999499999996
187.76,0.4694,0.02875139,92,-1,0.0,0.0,0.0,0.0,0.0,0.40153399,0.999999995
187.76,0.4172444444444444,0.02875139,92,-1,0.0,0.0,0.0,0.0,0.0,0.38383201,2.5249999499999998
184.16,0.4092444444444444,0.02910876357142857,89,1,0.0,0.0,0.0,0.0,0.0,0.37922499,4.0999999
184.16,0.36832,0.02910876357142857,89,1,0.0,0.0,0.0,0.0,0.0,0.36218899,1.9
184.16,0.33483636363636365,0.02910876357142857,89,1,0.0,0.0,0.0,0.0,0.0,0.3441,0.69999999
184.16,0.36832,0.03132764461538461,180,1,0.0,0.0,0.0,0.0,0.0,0.356951,3.3000000500000004
184.16,0.33483636363636365,0.03132764461538461,180,1,0.0,0.0,0.0,0.0,0.0,0.338631,1.725
184.16,0.30693333333333334,0.03132764461538461,180,1,0.0,0.0,0.0,0.0,0.0,0.32916099,0.849999995
184.16,0.4604,0.02910876357142857,89,-1,0.0,0.0,0.0,0.0,0.0,0.405325,1.15
184.16,0.4092444444444444,0.02910876357142857,89,-1,0.0,0.0,0.0,0.0,0.0,0.38266101,2.79999995
184.16,0.36832,0.02910876357142857,89,-1,0.0,0.0,0.0,0.0,0.0,0.360311,5.54999995
184.56,0.36912,0.03098395175824176,179,1,0.0,0.0,0.0,0.0,0.0,0.35542399,3.3000000500000004
184.56,0.33556363636363634,0.03098395175824176,179,1,0.0,0.0,0.0,0.0,0.0,0.337695,1.725
184.56,0.5273142857142857,0.03098395175824176,179,-1,0.0,0.0,0.0,0.0,0.0,0.40462601,0.900000005
184.56,0.46140000000000003,0.03098395175824176,179,-1,0.0,0.0,0.0,0.0,0.0,0.386693,2.0249999499999998
184.56,0.41013333333333335,0.03098395175824176,179,-1,0.0,0.0,0.0,0.0,0.0,0.37164301,3.9
183.32,0.2820307692307692,0.030588098571428572,178,1,0.0,0.0,0.0,0.0,0.0,0.30943,0.29999999499999996
183.32,0.6110666666666666,0.030588098571428572,178,-1,0.0,0.0,0.0,0.0,0.0,0.42065099,0.32499999999999996
177.56,0.3945777777777778,0.029887373956043954,177,1,0.0,0.0,0.0,0.0,0.0,0.37324101,4.5999999
177.56,0.35512,0.029887373956043954,177,1,0.0,0.0,0.0,0.0,0.0,0.35622799,2.57500005
177.56,0.3945777777777778,0.029887373956043954,177,-1,0.0,0.0,0.0,0.0,0.0,0.37065199,4.5999999
177.56,0.35512,0.029887373956043954,177,-1,0.0,0.0,0.0,0.0,0.0,0.35637999,7.5999999
177.36,0.4434,0.029114536571428574,187,-1,0.0,0.0,0.0,0.0,0.0,0.40843701,2.82500005
177.36,0.3941333333333334,0.029114536571428574,187,-1,0.0,0.0,0.0,0.0,0.0,0.390522,5.0
178.24,0.35648,0.028591879714285715,186,1,0.0,0.0,0.0,0.0,0.0,0.38322601,3.075
178.24,0.5092571428571429,0.024961662000000003,32,1,0.0,0.0,0.0,0.0,0.0,0.532291,9.8000002
178.24,0.4456,0.024961662000000003,32,1,0.0,0.0,0.0,0.0,0.0,0.50698698,5.5
178.24,0.39608888888888893,0.024961662000000003,32,1,0.0,0.0,0.0,0.0,0.0,0.47202101,2.32500005
178.24,0.35648,0.024961662000000003,32,1,0.0,0.0,0.0,0.0,0.0,0.45195299,0.69999999
178.24,0.4456,0.028591879714285715,186,-1,0.0,0.0,0.0,0.0,0.0,0.41308999,2.8000000500000004
178.24,0.35648,0.028591879714285715,186,-1,0.0,0.0,0.0,0.0,0.0,0.38519201,7.950000300000001
178.24,0.39608888888888893,0.024961662000000003,32,-1,0.0,0.0,0.0,0.0,0.0,0.46765,2.6499999499999998
184.0,0.4088888888888889,0.028782634285714287,185,1,0.0,0.0,0.0,0.0,0.0,0.393435,5.9000001
184.0,0.368,0.028782634285714287,185,1,0.0,0.0,0.0,0.0,0.0,0.387577,3.75
184.0,0.30666666666666664,0.028782634285714287,185,1,0.0,0.0,0.0,0.0,0.0,0.359869,1.15
184.0,0.46,0.02487765,31,1,0.0,0.0,0.0,0.0,0.0,0.52207297,6.70000005
184.0,0.4088888888888889,0.02487765,31,1,0.0,0.0,0.0,0.0,0.0,0.476257,3.1
184.0,0.368,0.02487765,31,1,0.0,0.0,0.0,0.0,0.0,0.45543399,1.05
184.0,0.46,0.02487765,31,-1,0.0,0.0,0.0,0.0,0.0,0.50105,0.55000001
191.44,0.38288,0.029356816571428572,184,1,0.0,0.0,0.0,0.0,0.0,0.38155699,4.5
191.44,0.2734857142857143,0.029356816571428572,184,1,0.0,0.0,0.0,0.0,0.0,0.333442,0.35000001000000003
191.44,0.38288,0.02488450117647059,30,1,0.0,0.0,0.0,0.0,0.0,0.43971899,1.55
191.44,0.34807272727272726,0.02488450117647059,30,1,0.0,0.0,0.0,0.0,0.0,0.424954,0.39999998999999997
191.44,0.4254222222222222,0.029356816571428572,184,-1,0.0,0.0,0.0,0.0,0.0,0.39170301,3.6
191.44,0.4254222222222222,0.02488450117647059,30,-1,0.0,0.0,0.0,0.0,0.0,0.468961,1.3
191.44,0.38288,0.02488450117647059,30,-1,0.0,0.0,0.0,0.0,0.0,0.440566,3.65
193.84,0.38768,0.02965434885714286,183,1,0.0,0.0,0.0,0.0,0.0,0.378694,4.79999995
193.84,0.2769142857142857,0.02965434885714286,183,1,0.0,0.0,0.0,0.0,0.0,0.333507,0.39999998999999997
193.84,0.43075555555555556,0.024875137058823528,29,1,0.0,0.0,0.0,0.0,0.0,0.462203,4.5999999
193.84,0.38768,0.024875137058823528,29,1,0.0,0.0,0.0,0.0,0.0,0.434677,1.75
193.84,0.35243636363636366,0.024875137058823528,29,1,0.0,0.0,0.0,0.0,0.0,0.42474201,0.474999995
193.84,0.6461333333333333,0.02965434885714286,183,-1,0.0,0.0,0.0,0.0,0.0,0.44553101,0.29999999499999996
193.84,0.48460000000000003,0.02965434885714286,183,-1,0.0,0.0,0.0,0.0,0.0,0.40875,1.775
193.84,0.48460000000000003,0.024875137058823528,29,-1,0.0,0.0,0.0,0.0,0.0,0.492156,0.225
193.84,0.43075555555555556,0.024875137058823528,29,-1,0.0,0.0,0.0,0.0,0.0,0.45008299,0.999999995
193.84,0.38768,0.024875137058823528,29,-1,0.0,0.0,0.0,0.0,0.0,0.43468001,3.1999999499999996
192.6,0.321,0.029737902285714286,180,1,0.0,0.0,0.0,0.0,0.0,0.34362701,1.4
192.6,0.4815,0.029737902285714286,180,-1,0.0,0.0,0.0,0.0,0.0,0.402879,1.75
192.6,0.3852,0.029737902285714286,180,-1,0.0,0.0,0.0,0.0,0.0,0.373463,5.75
192.52,0.6417333333333334,0.029984438,179,1,0.0,0.0,0.0,0.0,0.0,0.44070101,18.75
192.52,0.3208666666666667,0.029984438,179,1,0.0,0.0,0.0,0.0,0.0,0.33926299,1.325
188.88,0.37776,0.029268434,177,1,0.0,0.0,0.0,0.0,0.0,0.37933901,4.0999999
188.88,0.31479999999999997,0.029268434,177,1,0.0,0.0,0.0,0.0,0.0,0.34937799,1.225
188.88,0.4722,0.029268434,177,-1,0.0,0.0,0.0,0.0,0.0,0.411915,2.0
185.72,0.4127111111111111,0.02520073285714286,32,1,0.0,0.0,0.0,0.0,0.0,0.374493,2.875
185.72,0.37144,0.02520073285714286,32,1,0.0,0.0,0.0,0.0,0.0,0.33414,0.650000005
185.72,0.3376727272727273,0.02520073285714286,32,1,0.0,0.0,0.0,0.0,0.0,0.32034701,0.0750000005
185.72,0.4643,0.02520073285714286,32,-1,0.0,0.0,0.0,0.0,0.0,0.423893,0.29999999499999996
185.72,0.4127111111111111,0.02520073285714286,32,-1,0.0,0.0,0.0,0.0,0.0,0.37462199,1.35
185.72,0.37144,0.02520073285714286,32,-1,0.0,0.0,0.0,0.0,0.0,0.32727799,4.0999999
188.24,0.41831111111111113,0.025174771071428573,31,1,0.0,0.0,0.0,0.0,0.0,0.36992601,3.1999999499999996
188.24,0.37648000000000004,0.025174771071428573,31,1,0.0,0.0,0.0,0.0,0.0,0.338714,0.80000001
188.24,0.3422545454545455,0.025174771071428573,31,1,0.0,0.0,0.0,0.0,0.0,0.33876699,0.125000005
188.24,0.5378285714285714,0.025174771071428573,31,-1,0.0,0.0,0.0,0.0,0.0,0.542907,0.0750000005
188.24,0.4706,0.025174771071428573,31,-1,0.0,0.0,0.0,0.0,0.0,0.43250999,0.25000000499999997
188.24,0.41831111111111113,0.025174771071428573,31,-1,0.0,0.0,0.0,0.0,0.0,0.36444101,1.075
188.24,0.37648000000000004,0.025174771071428573,31,-1,0.0,0.0,0.0,0.0,0.0,0.33937201,3.6999999499999996
187.76,0.4172444444444444,0.025164718928571427,30,1,0.0,0.0,0.0,0.0,0.0,0.37077001,3.1
187.76,0.37551999999999996,0.025164718928571427,30,1,0.0,0.0,0.0,0.0,0.0,0.340195,0.75
187.76,0.3413818181818182,0.025164718928571427,30,1,0.0,0.0,0.0,0.0,0.0,0.34853399,0.125000005
187.76,0.4172444444444444,0.025164718928571427,30,-1,0.0,0.0,0.0,0.0,0.0,0.35791099,1.05
187.76,0.37551999999999996,0.025164718928571427,30,-1,0.0,0.0,0.0,0.0,0.0,0.32698601,3.6999999499999996
191.0,0.42444444444444446,0.025144249285714286,29,1,0.0,0.0,0.0,0.0,0.0,0.37684101,3.6999999499999996
191.0,0.382,0.025144249285714286,29,1,0.0,0.0,0.0,0.0,0.0,0.32279101,0.900000005
191.0,0.4775,0.025144249285714286,29,-1,0.0,0.0,0.0,0.0,0.0,0.43705899,0.17500000500000001
191.0,0.42444444444444446,0.025144249285714286,29,-1,0.0,0.0,0.0,0.0,0.0,0.362643,0.80000001
191.0,0.382,0.025144249285714286,29,-1,0.0,0.0,0.0,0.0,0.0,0.31494001,3.0249999499999998
173.2,0.49485714285714283,0.025945739010989007,187,-1,0.0,0.0,0.0,0.0,0.0,0.45611799,1.825
171.84,0.3818666666666667,0.028688403956043954,186,1,0.0,0.0,0.0,0.0,0.0,0.39648199,4.25
171.84,0.34368,0.028688403956043954,186,1,0.0,0.0,0.0,0.0,0.0,0.37685099,2.4
171.84,0.3124363636363636,0.028688403956043954,186,1,0.0,0.0,0.0,0.0,0.0,0.36506,1.275
171.84,0.4296,0.028474518571428572,32,1,0.0,0.0,0.0,0.0,0.0,0.47141799,4.1500001
171.84,0.3818666666666667,0.028474518571428572,32,1,0.0,0.0,0.0,0.0,0.0,0.425538,1.375
171.84,0.34368,0.028474518571428572,32,1,0.0,0.0,0.0,0.0,0.0,0.411432,0.29999999499999996
171.84,0.5728,0.028688403956043954,186,-1,0.0,0.0,0.0,0.0,0.0,0.493218,0.92500001
171.84,0.49097142857142856,0.028688403956043954,186,-1,0.0,0.0,0.0,0.0,0.0,0.45666701,1.875
171.84,0.4296,0.028688403956043954,186,-1,0.0,0.0,0.0,0.0,0.0,0.42276001,3.4
171.84,0.34368,0.028688403956043954,186,-1,0.0,0.0,0.0,0.0,0.0,0.376636,8.8499999
171.84,0.3818666666666667,0.028474518571428572,32,-1,0.0,0.0,0.0,0.0,0.0,0.412193,3.25
164.16,0.3648,0.03169101406593407,185,1,0.0,0.0,0.0,0.0,0.0,0.41808799,3.5500000500000004
164.16,0.32832,0.03169101406593407,185,1,0.0,0.0,0.0,0.0,0.0,0.39569601,1.94999995
164.16,0.4104,0.03206099485714286,31,1,0.0,0.0,0.0,0.0,0.0,0.50861001,2.9499999499999996
164.16,0.3648,0.03206099485714286,31,1,0.0,0.0,0.0,0.0,0.0,0.46217701,0.849999995
164.16,0.32832,0.03206099485714286,31,1,0.0,0.0,0.0,0.0,0.0,0.43652299,0.15000000000000002
164.16,0.4690285714285714,0.03169101406593407,185,-1,0.0,0.0,0.0,0.0,0.0,0.470615,2.425
164.16,0.4104,0.03169101406593407,185,-1,0.0,0.0,0.0,0.0,0.0,0.44595599,4.3499999
164.16,0.3648,0.03206099485714286,31,-1,0.0,0.0,0.0,0.0,0.0,0.42574799,4.6500001
175.16,0.5004571428571428,0.03438790257142857,30,1,0.0,0.0,0.0,0.0,0.0,0.59489799,9.0
175.16,0.4379,0.03438790257142857,30,1,0.0,0.0,0.0,0.0,0.0,0.49588299,4.6500001
175.16,0.38924444444444445,0.03438790257142857,30,1,0.0,0.0,0.0,0.0,0.0,0.43956101,1.625
175.16,0.4379,0.036762211142857146,93,1,0.0,0.0,0.0,0.0,0.0,0.481058,6.20000005
175.16,0.38924444444444445,0.036762211142857146,93,1,0.0,0.0,0.0,0.0,0.0,0.43509799,3.29999995
175.16,0.35032,0.036762211142857146,93,1,0.0,0.0,0.0,0.0,0.0,0.40371001,1.475
175.16,0.31847272727272724,0.036762211142857146,93,1,0.0,0.0,0.0,0.0,0.0,0.38197199,0.549999985
175.16,0.4379,0.03420636417582418,184,-1,0.0,0.0,0.0,0.0,0.0,0.45799899,3.5500000500000004
175.16,0.4379,0.03438790257142857,30,-1,0.0,0.0,0.0,0.0,0.0,0.50322598,0.9999999900000001
175.16,0.38924444444444445,0.03438790257142857,30,-1,0.0,0.0,0.0,0.0,0.0,0.449882,3.0
175.16,0.5838666666666666,0.036762211142857146,93,-1,0.0,0.0,0.0,0.0,0.0,0.58620399,0.5
175.16,0.4379,0.036762211142857146,93,-1,0.0,0.0,0.0,0.0,0.0,0.48451799,2.425
175.16,0.38924444444444445,0.036762211142857146,93,-1,0.0,0.0,0.0,0.0,0.0,0.439311,4.5
175.16,0.35032,0.036762211142857146,93,-1,0.0,0.0,0.0,0.0,0.0,0.409246,7.6500001
173.68,0.43420000000000003,0.033624538,29,1,0.0,0.0,0.0,0.0,0.0,0.50335801,4.5
173.68,0.38595555555555555,0.033624538,29,1,0.0,0.0,0.0,0.0,0.0,0.42100099,1.425
173.68,0.34736,0.033624538,29,1,0.0,0.0,0.0,0.0,0.0,0.41067401,0.29999999499999996
173.68,0.49622857142857146,0.03387819771428571,92,1,0.0,0.0,0.0,0.0,0.0,0.51625901,9.6499996
173.68,0.38595555555555555,0.03387819771428571,92,1,0.0,0.0,0.0,0.0,0.0,0.426148,3.1000000500000002
173.68,0.34736,0.03387819771428571,92,1,0.0,0.0,0.0,0.0,0.0,0.39011899,1.2999999999999998
173.68,0.38595555555555555,0.033624538,29,-1,0.0,0.0,0.0,0.0,0.0,0.42559001,2.9499999499999996
173.68,0.38595555555555555,0.03387819771428571,92,-1,0.0,0.0,0.0,0.0,0.0,0.427701,4.5
163.2,0.36266666666666664,0.03253054230769231,180,1,0.0,0.0,0.0,0.0,0.0,0.41689199,3.35
163.2,0.32639999999999997,0.03253054230769231,180,1,0.0,0.0,0.0,0.0,0.0,0.39415401,1.7999999999999998
163.2,0.32639999999999997,0.03406564199999999,89,1,0.0,0.0,0.0,0.0,0.0,0.41980001,0.849999995
163.2,0.29672727272727273,0.03406564199999999,89,1,0.0,0.0,0.0,0.0,0.0,0.40488201,0.29999999499999996
163.2,0.27199999999999996,0.03406564199999999,89,1,0.0,0.0,0.0,0.0,0.0,0.39896199,0.10000000549999999
163.2,0.32639999999999997,0.03253054230769231,180,-1,0.0,0.0,0.0,0.0,0.0,0.395919,10.5
163.2,0.5439999999999999,0.03406564199999999,89,-1,0.0,0.0,0.0,0.0,0.0,0.57005697,0.650000005
163.2,0.46628571428571425,0.03406564199999999,89,-1,0.0,0.0,0.0,0.0,0.0,0.520899,1.575
163.2,0.408,0.03406564199999999,89,-1,0.0,0.0,0.0,0.0,0.0,0.47932801,3.3000000500000004
163.2,0.36266666666666664,0.03406564199999999,89,-1,0.0,0.0,0.0,0.0,0.0,0.44542199,6.04999995
160.24,0.2913454545454546,0.03408727296703296,179,1,0.0,0.0,0.0,0.0,0.0,0.40849501,0.9999999900000001
160.24,0.6409600000000001,0.03408727296703296,179,-1,0.0,0.0,0.0,0.0,0.0,0.54712403,0.57499999
157.84,0.35075555555555554,0.03675349593406593,178,1,0.0,0.0,0.0,0.0,0.0,0.441874,3.0500000500000004
157.84,0.26306666666666667,0.03675349593406593,178,1,0.0,0.0,0.0,0.0,0.0,0.385185,0.375
157.84,0.4509714285714286,0.03675349593406593,178,-1,0.0,0.0,0.0,0.0,0.0,0.49472299,2.9749999
157.84,0.3946,0.03675349593406593,178,-1,0.0,0.0,0.0,0.0,0.0,0.46025899,5.04999995
156.92,0.4483428571428571,0.03563354593406594,177,-1,0.0,0.0,0.0,0.0,0.0,0.47588801,2.875
109.96,0.3665333333333333,0.035943293714285715,93,1,0.0,0.0,0.0,0.0,0.0,0.73917598,3.15
109.96,0.31417142857142855,0.035943293714285715,93,1,0.0,0.0,0.0,0.0,0.0,0.69536102,1.6
109.96,0.2749,0.035943293714285715,93,1,0.0,0.0,0.0,0.0,0.0,0.67266601,0.775000005
109.96,0.24435555555555555,0.035943293714285715,93,1,0.0,0.0,0.0,0.0,0.0,0.65327698,0.349999995
109.96,0.18326666666666666,0.035943293714285715,93,1,0.0,0.0,0.0,0.0,0.0,0.66948599,0.05
109.96,0.3665333333333333,0.035943293714285715,93,-1,0.0,0.0,0.0,0.0,0.0,0.74400097,5.54999995
119.16,0.2979,0.033599540857142854,92,1,0.0,0.0,0.0,0.0,0.0,0.662763,1.175
119.16,0.2648,0.033599540857142854,92,1,0.0,0.0,0.0,0.0,0.0,0.63978702,0.549999985
119.16,0.23832,0.033599540857142854,92,1,0.0,0.0,0.0,0.0,0.0,0.61274803,0.22500000999999997
119.16,0.47664,0.033599540857142854,92,-1,0.0,0.0,0.0,0.0,0.0,0.78663599,2.2749999499999998
119.16,0.34045714285714285,0.033599540857142854,92,-1,0.0,0.0,0.0,0.0,0.0,0.68891501,7.45000005
119.16,0.2979,0.033599540857142854,92,-1,0.0,0.0,0.0,0.0,0.0,0.65333599,11.25
124.44,0.3111,0.03093990428571429,89,1,0.0,0.0,0.0,0.0,0.0,0.59958202,1.15
124.44,0.4148,0.03093990428571429,89,-1,0.0,0.0,0.0,0.0,0.0,0.66329598,3.4
112.72,0.3757333333333333,0.03435885821428571,32,1,0.0,0.0,0.0,0.0,0.0,0.764539,1.825
112.72,0.3220571428571429,0.03435885821428571,32,1,0.0,0.0,0.0,0.0,0.0,0.68758899,0.47500001000000003
112.72,0.2818,0.03435885821428571,32,1,0.0,0.0,0.0,0.0,0.0,0.66383302,0.10000000549999999
112.72,0.25048888888888887,0.03435885821428571,32,1,0.0,0.0,0.0,0.0,0.0,0.74842298,0.05
112.72,0.45088,0.03435885821428571,32,-1,0.0,0.0,0.0,0.0,0.0,0.80402499,1.225
112.72,0.3757333333333333,0.03435885821428571,32,-1,0.0,0.0,0.0,0.0,0.0,0.74953997,3.5500000500000004
112.72,0.5009777777777777,0.03435885821428571,32,-1,0.0,0.0,0.0,0.0,0.0,0.83380598,0.599999995
106.96,0.42784,0.031592221428571425,31,1,0.0,0.0,0.0,0.0,0.0,0.83943999,3.45
106.96,0.3565333333333333,0.031592221428571425,31,1,0.0,0.0,0.0,0.0,0.0,0.74836302,1.15
106.96,0.3056,0.031592221428571425,31,1,0.0,0.0,0.0,0.0,0.0,0.72254002,0.29999999499999996
106.96,0.42784,0.031592221428571425,31,-1,0.0,0.0,0.0,0.0,0.0,0.82077998,1.7
106.96,0.3565333333333333,0.031592221428571425,31,-1,0.0,0.0,0.0,0.0,0.0,0.76792097,4.5
106.96,0.3056,0.031592221428571425,31,-1,0.0,0.0,0.0,0.0,0.0,0.70084798,8.5500002
106.96,0.26739999999999997,0.031592221428571425,31,-1,0.0,0.0,0.0,0.0,0.0,0.94272798,13.55
106.96,0.47537777777777773,0.031592221428571425,31,-1,0.0,0.0,0.0,0.0,0.0,0.90512502,0.9999999900000001
107.16,0.42863999999999997,0.031224492142857142,30,1,0.0,0.0,0.0,0.0,0.0,0.85698098,3.5500000500000004
107.16,0.35719999999999996,0.031224492142857142,30,1,0.0,0.0,0.0,0.0,0.0,0.78789401,1.275
107.16,0.42863999999999997,0.031224492142857142,30,-1,0.0,0.0,0.0,0.0,0.0,0.85130203,1.7000000000000002
107.16,0.35719999999999996,0.031224492142857142,30,-1,0.0,0.0,0.0,0.0,0.0,0.79366797,4.45000005
107.16,0.47626666666666667,0.031224492142857142,30,-1,0.0,0.0,0.0,0.0,0.0,0.89983302,0.92500001
99.08,0.39632,0.030535761071428573,29,1,0.0,0.0,0.0,0.0,0.0,0.863913,2.325
99.08,0.33026666666666665,0.030535761071428573,29,1,0.0,0.0,0.0,0.0,0.0,0.82935202,0.75
99.08,0.2830857142857143,0.030535761071428573,29,1,0.0,0.0,0.0,0.0,0.0,0.837933,0.225
99.08,0.39632,0.030535761071428573,29,-1,0.0,0.0,0.0,0.0,0.0,0.84655499,2.4499999499999996
99.08,0.33026666666666665,0.030535761071428573,29,-1,0.0,0.0,0.0,0.0,0.0,0.79663497,5.8499999
99.08,0.44035555555555556,0.030535761071428573,29,-1,0.0,0.0,0.0,0.0,0.0,0.91070598,1.425
73.8,0.369,0.014812558285714286,32,1,0.0,0.0,0.0,0.0,0.0,0.86360103,1.275
73.8,0.29519999999999996,0.014812558285714286,32,1,0.0,0.0,0.0,0.0,0.0,0.85263199,0.29999999499999996
73.8,0.328,0.014812558285714286,32,1,0.0,0.0,0.0,0.0,0.0,0.83550102,0.599999995
73.8,0.369,0.014812558285714286,32,-1,0.0,0.0,0.0,0.0,0.0,0.86399603,2.82500005
73.8,0.4217142857142857,0.014812558285714286,32,-1,0.0,0.0,0.0,0.0,0.0,0.91644901,1.5
68.44,0.27376,0.01426613114285714,31,1,0.0,0.0,0.0,0.0,0.0,0.86245197,0.15000000000000002
68.44,0.19554285714285713,0.01426613114285714,31,1,0.0,0.0,0.0,0.0,0.0,1.052844,0.0250000005
68.44,0.39108571428571426,0.01426613114285714,31,1,0.0,0.0,0.0,0.0,0.0,0.93723798,1.7000000000000002
68.44,0.30417777777777777,0.01426613114285714,31,1,0.0,0.0,0.0,0.0,0.0,0.84496403,0.32500000500000004
68.44,0.3422,0.01426613114285714,31,-1,0.0,0.0,0.0,0.0,0.0,0.81717497,3.5500000500000004
69.36,0.4624,0.013970059142857143,30,1,0.0,0.0,0.0,0.0,0.0,1.060213,3.35
69.36,0.3468,0.013970059142857143,30,1,0.0,0.0,0.0,0.0,0.0,0.96764302,0.9999999900000001
69.36,0.2312,0.013970059142857143,30,1,0.0,0.0,0.0,0.0,0.0,0.94664198,0.05
69.36,0.39634285714285716,0.013970059142857143,30,1,0.0,0.0,0.0,0.0,0.0,1.004882,1.9249999999999998
69.36,0.3082666666666667,0.013970059142857143,30,1,0.0,0.0,0.0,0.0,0.0,0.92338002,0.45000000500000004
69.36,0.4624,0.013970059142857143,30,-1,0.0,0.0,0.0,0.0,0.0,1.048996,0.97499999
69.36,0.3468,0.013970059142857143,30,-1,0.0,0.0,0.0,0.0,0.0,0.91893399,3.5500000500000004
69.36,0.39634285714285716,0.013970059142857143,30,-1,0.0,0.0,0.0,0.0,0.0,0.95869797,1.9749999999999999
75.48,0.3774,0.013966193142857145,29,1,0.0,0.0,0.0,0.0,0.0,0.91799301,1.425
75.48,0.30192,0.013966193142857145,29,1,0.0,0.0,0.0,0.0,0.0,0.90230101,0.35000001000000003
75.48,0.3354666666666667,0.013966193142857145,29,1,0.0,0.0,0.0,0.0,0.0,0.93482298,0.775000005
75.48,0.5032,0.013966193142857145,29,-1,0.0,0.0,0.0,0.0,0.0,1.034469,0.625
75.48,0.3774,0.013966193142857145,29,-1,0.0,0.0,0.0,0.0,0.0,0.945566,2.75
75.48,0.30192,0.013966193142857145,29,-1,0.0,0.0,0.0,0.0,0.0,0.92703903,6.6500001
75.48,0.43131428571428576,0.013966193142857145,29,-1,0.0,0.0,0.0,0.0,0.0,0.96203399,1.4
75.48,0.3354666666666667,0.013966193142857145,29,-1,0.0,0.0,0.0,0.0,0.0,0.91016799,4.5
65.2,0.326,0.015027658021978023,187,1,0.0,0.0,0.0,0.0,0.0,0.75784099,2.3000000500000004
65.2,0.5216000000000001,0.015027658021978023,187,-1,0.0,0.0,0.0,0.0,0.0,0.841447,1.8
64.24,0.42826666666666663,0.009180118,32,1,0.0,0.0,0.0,0.0,0.0,0.81604397,2.07500005
64.24,0.3212,0.009180118,32,1,0.0,0.0,0.0,0.0,0.0,0.77987999,0.375
64.24,0.25695999999999997,0.009180118,32,1,0.0,0.0,0.0,0.0,0.0,0.88964897,0.10000000549999999
64.24,0.21413333333333331,0.009180118,32,1,0.0,0.0,0.0,0.0,0.0,1.102329,0.0750000005
64.24,0.07137777777777778,0.009180118,32,1,0.0,0.0,0.0,0.0,0.0,2.160188,0.0250000005
64.24,0.36708571428571424,0.009180118,32,1,0.0,0.0,0.0,0.0,0.0,0.78101301,0.924999985
64.24,0.2855111111111111,0.009180118,32,1,0.0,0.0,0.0,0.0,0.0,0.82419801,0.17500000500000001
64.24,0.6424,0.012419268131868132,186,1,0.0,0.0,0.0,0.0,0.0,0.87603599,7.10000015
64.24,0.3212,0.012419268131868132,186,1,0.0,0.0,0.0,0.0,0.0,0.744789,2.15
64.24,0.1606,0.012419268131868132,186,1,0.0,0.0,0.0,0.0,0.0,0.63965601,0.10000000549999999
64.24,0.42826666666666663,0.009180118,32,-1,0.0,0.0,0.0,0.0,0.0,0.80175698,0.999999995
64.24,0.5139199999999999,0.009180118,32,-1,0.0,0.0,0.0,0.0,0.0,0.85086697,0.29999999499999996
64.24,0.36708571428571424,0.009180118,32,-1,0.0,0.0,0.0,0.0,0.0,0.78175598,2.375
64.24,0.36708571428571424,0.012419268131868132,186,-1,0.0,0.0,0.0,0.0,0.0,0.75150698,4.25
68.88,0.4592,0.00589221,31,1,0.0,0.0,0.0,0.0,0.0,0.77537203,2.82500005
68.88,0.3444,0.00589221,31,1,0.0,0.0,0.0,0.0,0.0,0.72338802,0.55000001
68.88,0.39359999999999995,0.00589221,31,1,0.0,0.0,0.0,0.0,0.0,0.73569202,1.35
68.88,0.3061333333333333,0.00589221,31,1,0.0,0.0,0.0,0.0,0.0,0.72133899,0.20000000499999998
68.88,0.4592,0.011796874945054945,185,1,0.0,0.0,0.0,0.0,0.0,0.77223498,4.75
68.88,0.39359999999999995,0.011796874945054945,185,1,0.0,0.0,0.0,0.0,0.0,0.72755003,3.4499999499999996
68.88,0.6888,0.00589221,31,-1,0.0,0.0,0.0,0.0,0.0,1.015846,0.05
68.88,0.4592,0.00589221,31,-1,0.0,0.0,0.0,0.0,0.0,0.77691799,0.599999995
68.88,0.27552,0.00589221,31,-1,0.0,0.0,0.0,0.0,0.0,0.74344701,7.8499999
68.88,0.39359999999999995,0.00589221,31,-1,0.0,0.0,0.0,0.0,0.0,0.71235698,1.575
68.88,0.4592,0.011796874945054945,185,-1,0.0,0.0,0.0,0.0,0.0,0.75572002,2.375
67.04,0.33520000000000005,0.005194456470588236,30,1,0.0,0.0,0.0,0.0,0.0,0.69469303,0.375
67.04,0.22346666666666667,0.005194456470588236,30,1,0.0,0.0,0.0,0.0,0.0,1.067644,0.0750000005
67.04,0.3830857142857143,0.005194456470588236,30,1,0.0,0.0,0.0,0.0,0.0,0.69554299,1.024999995
67.04,0.26816,0.01043938,93,1,0.0,0.0,0.0,0.0,0.0,0.67277598,0.39999998999999997
67.04,0.3830857142857143,0.01043938,93,1,0.0,0.0,0.0,0.0,0.0,0.75675797,2.2250000500000002
67.04,0.33520000000000005,0.011409826703296702,184,1,0.0,0.0,0.0,0.0,0.0,0.68651599,2.15
67.04,0.26816,0.011409826703296702,184,1,0.0,0.0,0.0,0.0,0.0,0.65071201,0.999999995
67.04,0.44693333333333335,0.005194456470588236,30,-1,0.0,0.0,0.0,0.0,0.0,0.74766999,0.650000005
67.04,0.3830857142857143,0.005194456470588236,30,-1,0.0,0.0,0.0,0.0,0.0,0.69134599,1.75
67.04,0.6704000000000001,0.01043938,93,-1,0.0,0.0,0.0,0.0,0.0,0.88498098,0.35000001000000003
67.04,0.44693333333333335,0.01043938,93,-1,0.0,0.0,0.0,0.0,0.0,0.789123,1.725
67.04,0.53632,0.01043938,93,-1,0.0,0.0,0.0,0.0,0.0,0.82653201,0.849999995
67.04,0.3830857142857143,0.01043938,93,-1,0.0,0.0,0.0,0.0,0.0,0.76142001,3.0
67.04,0.44693333333333335,0.011409826703296702,184,-1,0.0,0.0,0.0,0.0,0.0,0.74988002,2.5
69.56,0.46373333333333333,0.004863445882352942,29,1,0.0,0.0,0.0,0.0,0.0,0.70977497,2.82500005
69.56,0.3478,0.004863445882352942,29,1,0.0,0.0,0.0,0.0,0.0,0.67313999,0.474999995
69.56,0.27824,0.004863445882352942,29,1,0.0,0.0,0.0,0.0,0.0,0.74561602,0.0750000005
69.56,0.3974857142857143,0.004863445882352942,29,1,0.0,0.0,0.0,0.0,0.0,0.66424102,1.25
69.56,0.3478,0.01030182,92,1,0.0,0.0,0.0,0.0,0.0,0.70320702,1.525
69.56,0.27824,0.01030182,92,1,0.0,0.0,0.0,0.0,0.0,0.66927099,0.5
69.56,0.55648,0.01030182,92,1,0.0,0.0,0.0,0.0,0.0,0.80940998,5.5999999
69.56,0.3974857142857143,0.01030182,92,1,0.0,0.0,0.0,0.0,0.0,0.73884499,2.5249999499999998
69.56,0.3478,0.011222227912087912,183,1,0.0,0.0,0.0,0.0,0.0,0.68893301,2.4749999
69.56,0.3974857142857143,0.011222227912087912,183,1,0.0,0.0,0.0,0.0,0.0,0.72114599,3.5
69.56,0.46373333333333333,0.004863445882352942,29,-1,0.0,0.0,0.0,0.0,0.0,0.68825698,0.39999998999999997
69.56,0.3478,0.004863445882352942,29,-1,0.0,0.0,0.0,0.0,0.0,0.63921899,3.0249999499999998
69.56,0.3974857142857143,0.004863445882352942,29,-1,0.0,0.0,0.0,0.0,0.0,0.64960903,1.325
69.56,0.3091555555555556,0.004863445882352942,29,-1,0.0,0.0,0.0,0.0,0.0,0.60444897,5.20000005
69.56,0.3974857142857143,0.01030182,92,-1,0.0,0.0,0.0,0.0,0.0,0.71600002,2.5249999499999998
65.52,0.43679999999999997,0.010367965357142857,89,1,0.0,0.0,0.0,0.0,0.0,0.75720501,3.1
65.52,0.3276,0.010367965357142857,89,1,0.0,0.0,0.0,0.0,0.0,0.692608,1.075
65.52,0.26208,0.010367965357142857,89,1,0.0,0.0,0.0,0.0,0.0,0.62720001,0.25000000499999997
65.52,0.37439999999999996,0.010367965357142857,89,1,0.0,0.0,0.0,0.0,0.0,0.72407103,1.9
65.52,0.29119999999999996,0.010367965357142857,89,1,0.0,0.0,0.0,0.0,0.0,0.65987903,0.55000001
65.52,0.37439999999999996,0.011418171098901097,180,1,0.0,0.0,0.0,0.0,0.0,0.71693301,2.85
65.52,0.29119999999999996,0.011418171098901097,180,1,0.0,0.0,0.0,0.0,0.0,0.66107899,1.2999999999999998
65.52,0.43679999999999997,0.010367965357142857,89,-1,0.0,0.0,0.0,0.0,0.0,0.74576002,1.65
65.52,0.37439999999999996,0.010367965357142857,89,-1,0.0,0.0,0.0,0.0,0.0,0.70724797,2.92499995
65.52,0.43679999999999997,0.011418171098901097,180,-1,0.0,0.0,0.0,0.0,0.0,0.747859,2.575
63.4,0.42266666666666663,0.011346701648351649,179,1,0.0,0.0,0.0,0.0,0.0,0.72448403,3.5500000500000004
63.4,0.317,0.011346701648351649,179,1,0.0,0.0,0.0,0.0,0.0,0.67469901,1.675
63.4,0.634,0.011346701648351649,179,-1,0.0,0.0,0.0,0.0,0.0,0.81656402,0.82499999
63.4,0.42266666666666663,0.011346701648351649,179,-1,0.0,0.0,0.0,0.0,0.0,0.73053801,2.67499995
63.4,0.317,0.011346701648351649,179,-1,0.0,0.0,0.0,0.0,0.0,0.67335498,5.75
63.4,0.5072,0.011346701648351649,179,-1,0.0,0.0,0.0,0.0,0.0,0.77117401,1.6
63.4,0.36228571428571427,0.011346701648351649,179,-1,0.0,0.0,0.0,0.0,0.0,0.70579797,4.0999999
63.2,0.2528,0.01137359054945055,178,1,0.0,0.0,0.0,0.0,0.0,0.63004601,0.67500001
63.2,0.36114285714285715,0.01137359054945055,178,-1,0.0,0.0,0.0,0.0,0.0,0.70505202,4.0999999
70.04,0.28016,0.008737362747252748,369,1,0.0,0.0,0.0,0.0,0.0,0.57737201,1.97499995
70.04,0.23346666666666668,0.008737362747252748,369,1,0.0,0.0,0.0,0.0,0.0,0.53707701,1.02499999
70.04,0.3502,0.008737362747252748,369,-1,0.0,0.0,0.0,0.0,0.0,0.64755398,6.04999995
68.84,0.27536,0.008831769120879122,368,1,0.0,0.0,0.0,0.0,0.0,0.54602897,1.675
68.84,0.6884,0.008831769120879122,368,-1,0.0,0.0,0.0,0.0,0.0,0.77507699,1.375
68.84,0.9178666666666667,0.008831769120879122,368,-1,0.0,0.0,0.0,0.0,0.0,0.81574398,0.69999999
68.84,0.55072,0.008831769120879122,368,-1,0.0,0.0,0.0,0.0,0.0,0.72970098,2.2250000500000002
66.68,0.33340000000000003,0.009444036373626374,367,1,0.0,0.0,0.0,0.0,0.0,0.63172501,3.0500000500000004
66.68,0.26672,0.009444036373626374,367,1,0.0,0.0,0.0,0.0,0.0,0.562985,1.5499999999999998
66.68,0.2222666666666667,0.009444036373626374,367,1,0.0,0.0,0.0,0.0,0.0,0.52845597,0.775000005
66.68,0.19051428571428575,0.009444036373626374,367,1,0.0,0.0,0.0,0.0,0.0,0.49647799,0.349999995
66.68,0.2963555555555556,0.009444036373626374,367,1,0.0,0.0,0.0,0.0,0.0,0.60520899,2.2750001
66.68,0.6668000000000001,0.009444036373626374,367,-1,0.0,0.0,0.0,0.0,0.0,0.77798998,1.475
66.68,0.4445333333333334,0.009444036373626374,367,-1,0.0,0.0,0.0,0.0,0.0,0.67825401,3.4
66.68,0.33340000000000003,0.009444036373626374,367,-1,0.0,0.0,0.0,0.0,0.0,0.638919,6.39999985
66.68,0.8890666666666668,0.009444036373626374,367,-1,0.0,0.0,0.0,0.0,0.0,0.81604803,0.75
66.68,0.53344,0.009444036373626374,367,-1,0.0,0.0,0.0,0.0,0.0,0.73257202,2.375
66.68,0.3810285714285715,0.009444036373626374,367,-1,0.0,0.0,0.0,0.0,0.0,0.665142,4.8499999
69.0,0.276,0.010296996593406594,366,1,0.0,0.0,0.0,0.0,0.0,0.55388099,1.725
69.0,0.3942857142857143,0.010296996593406594,366,1,0.0,0.0,0.0,0.0,0.0,0.65825403,4.4000001
69.0,0.30666666666666664,0.010296996593406594,366,1,0.0,0.0,0.0,0.0,0.0,0.598454,2.5250001
69.0,0.69,0.010296996593406594,366,-1,0.0,0.0,0.0,0.0,0.0,0.77887601,1.375
69.0,0.345,0.010296996593406594,366,-1,0.0,0.0,0.0,0.0,0.0,0.62917,6.0
70.12,0.28048,0.009644860329670329,365,1,0.0,0.0,0.0,0.0,0.0,0.55183899,1.75
70.12,0.20034285714285716,0.009644860329670329,365,1,0.0,0.0,0.0,0.0,0.0,0.48510301,0.39999998999999997
66.52,0.3326,0.0038697421428571426,32,1,0.0,0.0,0.0,0.0,0.0,0.85411602,0.625
66.52,0.3801142857142857,0.0038697421428571426,32,1,0.0,0.0,0.0,0.0,0.0,0.85718799,1.325
66.52,0.29564444444444443,0.0038697421428571426,32,1,0.0,0.0,0.0,0.0,0.0,0.87509602,0.29999999499999996
66.52,0.4434666666666666,0.0038697421428571426,32,-1,0.0,0.0,0.0,0.0,0.0,0.86623502,0.92500001
70.24,0.35119999999999996,0.003965507857142857,31,1,0.0,0.0,0.0,0.0,0.0,0.81379902,0.80000001
70.24,0.40137142857142855,0.003965507857142857,31,1,0.0,0.0,0.0,0.0,0.0,0.83016801,1.7
70.24,0.3121777777777778,0.003965507857142857,31,1,0.0,0.0,0.0,0.0,0.0,0.81202799,0.35000001000000003
70.24,0.4682666666666666,0.003965507857142857,31,-1,0.0,0.0,0.0,0.0,0.0,0.869883,0.67500001
70.24,0.56192,0.003965507857142857,31,-1,0.0,0.0,0.0,0.0,0.0,1.016013,0.274999995
70.24,0.40137142857142855,0.003965507857142857,31,-1,0.0,0.0,0.0,0.0,0.0,0.80611497,1.625
70.24,0.35119999999999996,0.010962972857142856,360,1,0.0,0.0,0.0,0.0,0.0,0.62044603,3.3999999499999998
70.24,0.28096,0.010962972857142856,360,1,0.0,0.0,0.0,0.0,0.0,0.53971601,1.6749999999999998
70.24,0.3121777777777778,0.010962972857142856,360,1,0.0,0.0,0.0,0.0,0.0,0.59024799,2.5250001
66.0,0.44,0.004239028571428572,30,1,0.0,0.0,0.0,0.0,0.0,0.809802,2.32500005
66.0,0.33,0.004239028571428572,30,1,0.0,0.0,0.0,0.0,0.0,0.75393599,0.39999998999999997
66.0,0.37714285714285717,0.004239028571428572,30,1,0.0,0.0,0.0,0.0,0.0,0.74519402,0.999999995
66.0,0.29333333333333333,0.004239028571428572,30,1,0.0,0.0,0.0,0.0,0.0,0.76568002,0.15000000000000002
66.0,0.44,0.004239028571428572,30,-1,0.0,0.0,0.0,0.0,0.0,0.79412502,0.80000001
66.0,0.528,0.004239028571428572,30,-1,0.0,0.0,0.0,0.0,0.0,0.88333398,0.25000000499999997
66.0,0.37714285714285717,0.004239028571428572,30,-1,0.0,0.0,0.0,0.0,0.0,0.73174298,1.9749999999999999
67.8,0.33899999999999997,0.004332831428571429,29,1,0.0,0.0,0.0,0.0,0.0,0.69554198,0.39999998999999997
67.8,0.2712,0.004332831428571429,29,1,0.0,0.0,0.0,0.0,0.0,0.73512501,0.05
67.8,0.3874285714285714,0.004332831428571429,29,1,0.0,0.0,0.0,0.0,0.0,0.70215601,1.1
67.8,0.30133333333333334,0.004332831428571429,29,1,0.0,0.0,0.0,0.0,0.0,0.724684,0.15000000000000002
67.8,0.45199999999999996,0.004332831428571429,29,-1,0.0,0.0,0.0,0.0,0.0,0.75847203,0.599999995
67.8,0.33899999999999997,0.004332831428571429,29,-1,0.0,0.0,0.0,0.0,0.0,0.69598401,3.4499999499999996
67.8,0.5424,0.004332831428571429,29,-1,0.0,0.0,0.0,0.0,0.0,0.824646,0.15000000000000002
67.8,0.3874285714285714,0.004332831428571429,29,-1,0.0,0.0,0.0,0.0,0.0,0.68898702,1.625
65.8,0.43866666666666665,0.005320113214285715,32,1,0.0,0.0,0.0,0.0,0.0,0.69795901,2.1499999499999998
65.8,0.32899999999999996,0.005320113214285715,32,1,0.0,0.0,0.0,0.0,0.0,0.64380199,0.275000005
65.8,0.376,0.005320113214285715,32,1,0.0,0.0,0.0,0.0,0.0,0.65233898,0.849999995
65.8,0.43866666666666665,0.005320113214285715,32,-1,0.0,0.0,0.0,0.0,0.0,0.68706501,0.674999985
65.8,0.376,0.005320113214285715,32,-1,0.0,0.0,0.0,0.0,0.0,0.62991399,1.85
66.12,0.4408,0.005224411785714286,31,1,0.0,0.0,0.0,0.0,0.0,0.69474798,2.1750000500000004
66.12,0.3306,0.005224411785714286,31,1,0.0,0.0,0.0,0.0,0.0,0.64454699,0.275000005
66.12,0.37782857142857146,0.005224411785714286,31,1,0.0,0.0,0.0,0.0,0.0,0.64784199,0.849999995
66.12,0.29386666666666666,0.005224411785714286,31,1,0.0,0.0,0.0,0.0,0.0,0.64332497,0.0750000005
66.12,0.4408,0.005224411785714286,31,-1,0.0,0.0,0.0,0.0,0.0,0.69452298,0.650000005
66.12,0.3306,0.005224411785714286,31,-1,0.0,0.0,0.0,0.0,0.0,0.64553398,3.75
66.12,0.52896,0.005224411785714286,31,-1,0.0,0.0,0.0,0.0,0.0,0.783544,0.17500000500000001
66.12,0.37782857142857146,0.005224411785714286,31,-1,0.0,0.0,0.0,0.0,0.0,0.63467097,1.8
64.76,0.43173333333333336,0.0052003825000000005,30,1,0.0,0.0,0.0,0.0,0.0,0.69440401,1.925
64.76,0.37005714285714286,0.0052003825000000005,30,1,0.0,0.0,0.0,0.0,0.0,0.64720201,0.69999999
64.76,0.43173333333333336,0.0052003825000000005,30,-1,0.0,0.0,0.0,0.0,0.0,0.64631999,0.650000005
64.76,0.37005714285714286,0.0052003825000000005,30,-1,0.0,0.0,0.0,0.0,0.0,0.60245103,1.925
65.52,0.43679999999999997,0.005141781071428572,29,1,0.0,0.0,0.0,0.0,0.0,0.67504901,2.0
65.52,0.3276,0.005141781071428572,29,1,0.0,0.0,0.0,0.0,0.0,0.644907,0.225
65.52,0.52416,0.005141781071428572,29,1,0.0,0.0,0.0,0.0,0.0,0.72234797,4.0
65.52,0.37439999999999996,0.005141781071428572,29,1,0.0,0.0,0.0,0.0,0.0,0.63371199,0.724999995
65.52,0.43679999999999997,0.005141781071428572,29,-1,0.0,0.0,0.0,0.0,0.0,0.659181,0.599999995
65.52,0.37439999999999996,0.005141781071428572,29,-1,0.0,0.0,0.0,0.0,0.0,0.63406497,1.85
73.52,0.4901333333333333,0.005928006857142858,32,1,0.0,0.0,0.0,0.0,0.0,0.67820299,3.6
73.52,0.3676,0.005928006857142858,32,1,0.0,0.0,0.0,0.0,0.0,0.57607901,0.625
73.52,0.4201142857142857,0.005928006857142858,32,1,0.0,0.0,0.0,0.0,0.0,0.61813402,1.75
73.52,0.29408,0.012699508131868131,186,1,0.0,0.0,0.0,0.0,0.0,0.53264701,0.94999999
73.52,0.3267555555555555,0.012699508131868131,186,1,0.0,0.0,0.0,0.0,0.0,0.555987,1.55
73.52,0.3676,0.005928006857142858,32,-1,0.0,0.0,0.0,0.0,0.0,0.57673901,2.3249999499999996
75.16,0.37579999999999997,0.005728375142857143,31,1,0.0,0.0,0.0,0.0,0.0,0.59553897,0.82499999
75.16,0.42948571428571425,0.005728375142857143,31,1,0.0,0.0,0.0,0.0,0.0,0.64255601,2.1000000500000002
75.16,0.3340444444444444,0.005728375142857143,31,1,0.0,0.0,0.0,0.0,0.0,0.57577097,0.25000000499999997
75.16,0.37579999999999997,0.011131596263736266,185,1,0.0,0.0,0.0,0.0,0.0,0.58920801,2.67499995
75.16,0.30063999999999996,0.011131596263736266,185,1,0.0,0.0,0.0,0.0,0.0,0.53786403,1.1
75.16,0.3340444444444444,0.011131596263736266,185,1,0.0,0.0,0.0,0.0,0.0,0.56029397,1.75
75.16,0.5010666666666667,0.005728375142857143,31,-1,0.0,0.0,0.0,0.0,0.0,0.669608,0.20000000499999998
75.16,0.42948571428571425,0.005728375142857143,31,-1,0.0,0.0,0.0,0.0,0.0,0.61597198,0.75
75.16,0.3340444444444444,0.005728375142857143,31,-1,0.0,0.0,0.0,0.0,0.0,0.53592002,3.9
75.76,0.5050666666666667,0.005518224857142857,30,1,0.0,0.0,0.0,0.0,0.0,0.76504898,4.20000005
75.76,0.3788,0.005518224857142857,30,1,0.0,0.0,0.0,0.0,0.0,0.59306198,0.849999995
75.76,0.43291428571428575,0.005518224857142857,30,1,0.0,0.0,0.0,0.0,0.0,0.659298,2.20000005
75.76,0.3788,0.010190726428571429,93,1,0.0,0.0,0.0,0.0,0.0,0.59949201,1.85
75.76,0.30304000000000003,0.010190726428571429,93,1,0.0,0.0,0.0,0.0,0.0,0.530177,0.45000000500000004
75.76,0.6060800000000001,0.010190726428571429,93,1,0.0,0.0,0.0,0.0,0.0,0.730407,6.79999995
75.76,0.3367111111111111,0.010190726428571429,93,1,0.0,0.0,0.0,0.0,0.0,0.57010102,0.999999995
75.76,0.30304000000000003,0.011168830109890109,184,1,0.0,0.0,0.0,0.0,0.0,0.54157299,1.15
75.76,0.25253333333333333,0.011168830109890109,184,1,0.0,0.0,0.0,0.0,0.0,0.50343901,0.39999998999999997
75.76,0.3367111111111111,0.011168830109890109,184,1,0.0,0.0,0.0,0.0,0.0,0.56095898,1.8
75.76,0.43291428571428575,0.005518224857142857,30,-1,0.0,0.0,0.0,0.0,0.0,0.64662701,0.75
75.76,0.5050666666666667,0.010190726428571429,93,-1,0.0,0.0,0.0,0.0,0.0,0.66306001,0.80000001
75.76,0.3788,0.010190726428571429,93,-1,0.0,0.0,0.0,0.0,0.0,0.60012501,2.8999999499999998
75.76,0.7576,0.011168830109890109,184,-1,0.0,0.0,0.0,0.0,0.0,0.72395802,0.35000001000000003
75.76,0.43291428571428575,0.011168830109890109,184,-1,0.0,0.0,0.0,0.0,0.0,0.61498898,2.45000005
72.88,0.4858666666666666,0.005496568857142857,29,1,0.0,0.0,0.0,0.0,0.0,0.73967999,3.54999995
72.88,0.3644,0.005496568857142857,29,1,0.0,0.0,0.0,0.0,0.0,0.60526901,0.599999995
72.88,0.4164571428571428,0.005496568857142857,29,1,0.0,0.0,0.0,0.0,0.0,0.65040898,1.7
72.88,0.3239111111111111,0.005496568857142857,29,1,0.0,0.0,0.0,0.0,0.0,0.57571399,0.15000000000000002
72.88,0.3644,0.010458314642857142,92,1,0.0,0.0,0.0,0.0,0.0,0.60974598,1.55
72.88,0.3644,0.011407663406593407,183,1,0.0,0.0,0.0,0.0,0.0,0.594679,2.3999999499999998
72.88,0.2429333333333333,0.011407663406593407,183,1,0.0,0.0,0.0,0.0,0.0,0.49927101,0.29999999499999996
72.88,0.3239111111111111,0.011407663406593407,183,1,0.0,0.0,0.0,0.0,0.0,0.56693298,1.55
72.88,0.4858666666666666,0.005496568857142857,29,-1,0.0,0.0,0.0,0.0,0.0,0.69800198,0.275000005
72.88,0.3644,0.005496568857142857,29,-1,0.0,0.0,0.0,0.0,0.0,0.59323603,2.3500000500000002
72.88,0.4164571428571428,0.005496568857142857,29,-1,0.0,0.0,0.0,0.0,0.0,0.63881701,0.94999999
72.88,0.3239111111111111,0.005496568857142857,29,-1,0.0,0.0,0.0,0.0,0.0,0.55177802,4.4000001
72.88,0.58304,0.010458314642857142,92,-1,0.0,0.0,0.0,0.0,0.0,0.71391201,0.39999998999999997
72.88,0.4164571428571428,0.010458314642857142,92,-1,0.0,0.0,0.0,0.0,0.0,0.63363397,1.9
78.6,0.5239999999999999,0.0105725875,89,1,0.0,0.0,0.0,0.0,0.0,0.68386197,5.29999995
78.6,0.39299999999999996,0.0105725875,89,1,0.0,0.0,0.0,0.0,0.0,0.62973303,2.25
78.6,0.31439999999999996,0.0105725875,89,1,0.0,0.0,0.0,0.0,0.0,0.56568402,0.650000005
78.6,0.4491428571428571,0.0105725875,89,1,0.0,0.0,0.0,0.0,0.0,0.66237998,3.6
78.6,0.34933333333333333,0.0105725875,89,1,0.0,0.0,0.0,0.0,0.0,0.60285002,1.3
78.6,0.7859999999999999,0.011435471648351648,180,1,0.0,0.0,0.0,0.0,0.0,0.71324599,9.9000001
78.6,0.5239999999999999,0.011435471648351648,180,1,0.0,0.0,0.0,0.0,0.0,0.66336697,6.0
78.6,0.39299999999999996,0.011435471648351648,180,1,0.0,0.0,0.0,0.0,0.0,0.605111,3.1499999499999998
78.6,0.31439999999999996,0.011435471648351648,180,1,0.0,0.0,0.0,0.0,0.0,0.556086,1.4
78.6,0.26199999999999996,0.011435471648351648,180,1,0.0,0.0,0.0,0.0,0.0,0.51773101,0.525000005
78.6,0.4491428571428571,0.011435471648351648,180,1,0.0,0.0,0.0,0.0,0.0,0.62648398,4.4000001
78.6,0.34933333333333333,0.011435471648351648,180,1,0.0,0.0,0.0,0.0,0.0,0.58002102,2.1499999499999998
78.6,0.39299999999999996,0.0105725875,89,-1,0.0,0.0,0.0,0.0,0.0,0.63115501,2.6499999499999998
78.6,0.31439999999999996,0.0105725875,89,-1,0.0,0.0,0.0,0.0,0.0,0.57084697,6.04999995
78.6,0.26199999999999996,0.0105725875,89,-1,0.0,0.0,0.0,0.0,0.0,0.521505,10.5
78.6,0.34933333333333333,0.0105725875,89,-1,0.0,0.0,0.0,0.0,0.0,0.605564,4.20000005
78.6,0.39299999999999996,0.011435471648351648,180,-1,0.0,0.0,0.0,0.0,0.0,0.60580802,3.5
78.6,0.26199999999999996,0.011435471648351648,180,-1,0.0,0.0,0.0,0.0,0.0,0.52181399,10.85
78.6,0.6287999999999999,0.011435471648351648,180,-1,0.0,0.0,0.0,0.0,0.0,0.68996298,0.69999999
76.6,0.34044444444444444,0.011642049890109888,179,1,0.0,0.0,0.0,0.0,0.0,0.57922399,1.95
76.6,0.5106666666666666,0.011642049890109888,179,-1,0.0,0.0,0.0,0.0,0.0,0.66292799,1.45
76.6,0.2553333333333333,0.011642049890109888,179,-1,0.0,0.0,0.0,0.0,0.0,0.51348197,11.2
76.6,0.43771428571428567,0.011642049890109888,179,-1,0.0,0.0,0.0,0.0,0.0,0.634157,2.4250000500000004
75.96,0.2532,0.011848776923076922,178,1,0.0,0.0,0.0,0.0,0.0,0.51023,0.39999998999999997
75.96,0.30384,0.011848776923076922,178,1,0.0,0.0,0.0,0.0,0.0,0.55379498,1.175
75.96,0.33759999999999996,0.011848776923076922,178,1,0.0,0.0,0.0,0.0,0.0,0.57728797,1.85
75.96,0.5064,0.011848776923076922,178,-1,0.0,0.0,0.0,0.0,0.0,0.66653597,1.5
75.96,0.37979999999999997,0.011848776923076922,178,-1,0.0,0.0,0.0,0.0,0.0,0.60390902,3.75
75.96,0.30384,0.011848776923076922,178,-1,0.0,0.0,0.0,0.0,0.0,0.54826403,7.0999999
75.96,0.4340571428571428,0.011848776923076922,178,-1,0.0,0.0,0.0,0.0,0.0,0.62787902,2.45000005
75.96,0.33759999999999996,0.011848776923076922,178,-1,0.0,0.0,0.0,0.0,0.0,0.57562602,5.29999995
78.0,0.312,0.011509752197802196,177,1,0.0,0.0,0.0,0.0,0.0,0.548141,1.3
78.0,0.4875,0.011509752197802196,177,-1,0.0,0.0,0.0,0.0,0.0,0.64927697,1.7
78.0,0.4105263157894737,0.011509752197802196,177,-1,0.0,0.0,0.0,0.0,0.0,0.62138301,3.0249999499999998
78.0,0.624,0.011509752197802196,177,-1,0.0,0.0,0.0,0.0,0.0,0.69072098,0.69999999
78.0,0.3466666666666667,0.011509752197802196,177,-1,0.0,0.0,0.0,0.0,0.0,0.57531798,5.0
78.0,0.26,0.011509752197802196,177,1,0.0,0.0,0.0,0.0,0.0,0.50438899,0.45000000500000004
75.08,0.3754,0.004872583333333333,32,1,0.0,0.0,0.0,0.0,0.0,0.66480398,0.974999995
75.08,0.46925,0.004872583333333333,32,1,0.0,0.0,0.0,0.0,0.0,0.72663403,3.25
75.08,0.4290285714285714,0.004872583333333333,32,1,0.0,0.0,0.0,0.0,0.0,0.69806802,2.20000005
75.08,0.3754,0.004872583333333333,32,-1,0.0,0.0,0.0,0.0,0.0,0.665429,2.225
75.08,0.46925,0.004872583333333333,32,-1,0.0,0.0,0.0,0.0,0.0,0.72804099,0.5
75.08,0.3951578947368421,0.004872583333333333,32,-1,0.0,0.0,0.0,0.0,0.0,0.68401802,1.65
76.64,0.3832,0.004685783999999999,31,1,0.0,0.0,0.0,0.0,0.0,0.66216898,1.125
76.64,0.364952380952381,0.004685783999999999,31,1,0.0,0.0,0.0,0.0,0.0,0.65190703,0.775000005
76.64,0.4033684210526316,0.004685783999999999,31,1,0.0,0.0,0.0,0.0,0.0,0.68406999,1.6
76.64,0.3406222222222222,0.004685783999999999,31,1,0.0,0.0,0.0,0.0,0.0,0.629363,0.39999998999999997
76.64,0.3832,0.004685783999999999,31,-1,0.0,0.0,0.0,0.0,0.0,0.65876102,1.95
76.64,0.4033684210526316,0.004685783999999999,31,-1,0.0,0.0,0.0,0.0,0.0,0.66921401,1.4
76.64,0.43794285714285713,0.004685783999999999,31,-1,0.0,0.0,0.0,0.0,0.0,0.69957101,0.80000001
76.0,0.38,0.004530139999999999,30,1,0.0,0.0,0.0,0.0,0.0,0.656084,0.999999995
76.0,0.3619047619047619,0.004530139999999999,30,1,0.0,0.0,0.0,0.0,0.0,0.63386899,0.650000005
76.0,0.31666666666666665,0.004530139999999999,30,1,0.0,0.0,0.0,0.0,0.0,0.60669899,0.15000000000000002
76.0,0.4,0.004530139999999999,30,1,0.0,0.0,0.0,0.0,0.0,0.66513097,1.4249999999999998
76.0,0.4342857142857143,0.004530139999999999,30,1,0.0,0.0,0.0,0.0,0.0,0.69665903,2.29999995
76.0,0.475,0.004530139999999999,30,-1,0.0,0.0,0.0,0.0,0.0,0.71038097,0.39999998999999997
76.0,0.4,0.004530139999999999,30,-1,0.0,0.0,0.0,0.0,0.0,0.660465,1.45
76.0,0.4342857142857143,0.004530139999999999,30,-1,0.0,0.0,0.0,0.0,0.0,0.70512497,0.849999995
74.48,0.3724,0.004503974375,29,1,0.0,0.0,0.0,0.0,0.0,0.63629597,0.80000001
74.48,0.3546666666666667,0.004503974375,29,1,0.0,0.0,0.0,0.0,0.0,0.617616,0.5
74.48,0.392,0.004503974375,29,1,0.0,0.0,0.0,0.0,0.0,0.652798,1.2
74.48,0.42560000000000003,0.004503974375,29,1,0.0,0.0,0.0,0.0,0.0,0.67272103,2.0
74.48,0.4965333333333334,0.004503974375,29,-1,0.0,0.0,0.0,0.0,0.0,0.72238201,0.25000000499999997
74.48,0.3724,0.004503974375,29,-1,0.0,0.0,0.0,0.0,0.0,0.62455797,2.1499999499999998
74.48,0.4655,0.004503974375,29,-1,0.0,0.0,0.0,0.0,0.0,0.678909,0.39999998999999997
74.48,0.392,0.004503974375,29,-1,0.0,0.0,0.0,0.0,0.0,0.64154702,1.55
74.48,0.42560000000000003,0.004503974375,29,-1,0.0,0.0,0.0,0.0,0.0,0.66021699,0.849999995
88.28,0.5885333333333334,0.003321675357142857,32,1,0.0,0.0,0.0,0.0,0.0,0.64242703,7.0999999
88.28,0.4414,0.003321675357142857,32,1,0.0,0.0,0.0,0.0,0.0,0.47773999,2.5
88.28,0.35312,0.003321675357142857,32,1,0.0,0.0,0.0,0.0,0.0,0.424272,0.25000000499999997
88.28,0.4203809523809524,0.003321675357142857,32,1,0.0,0.0,0.0,0.0,0.0,0.46671501,1.8
88.28,0.36783333333333335,0.003321675357142857,32,1,0.0,0.0,0.0,0.0,0.0,0.44150099,0.474999995
88.28,0.39235555555555557,0.003321675357142857,32,1,0.0,0.0,0.0,0.0,0.0,0.45645601,0.999999995
88.28,0.4414,0.003321675357142857,32,-1,0.0,0.0,0.0,0.0,0.0,0.49028301,0.45000000500000004
88.28,0.36783333333333335,0.003321675357142857,32,-1,0.0,0.0,0.0,0.0,0.0,0.441553,2.3999999499999998
88.28,0.46463157894736845,0.003321675357142857,32,-1,0.0,0.0,0.0,0.0,0.0,0.50289297,0.25000000499999997
88.28,0.5044571428571428,0.003321675357142857,32,-1,0.0,0.0,0.0,0.0,0.0,0.537184,0.10000000549999999
88.28,0.39235555555555557,0.003321675357142857,32,-1,0.0,0.0,0.0,0.0,0.0,0.44683501,1.4
88.28,0.33953846153846157,0.003321675357142857,32,1,0.0,0.0,0.0,0.0,0.0,0.43557599,0.15000000000000002
88.32,0.4416,0.0032732610714285714,31,1,0.0,0.0,0.0,0.0,0.0,0.467585,2.475
88.32,0.35328,0.0032732610714285714,31,1,0.0,0.0,0.0,0.0,0.0,0.42989501,0.25000000499999997
88.32,0.42057142857142854,0.0032732610714285714,31,1,0.0,0.0,0.0,0.0,0.0,0.47103399,1.8
88.32,0.368,0.0032732610714285714,31,1,0.0,0.0,0.0,0.0,0.0,0.43560299,0.45000000500000004
88.32,0.3925333333333333,0.0032732610714285714,31,1,0.0,0.0,0.0,0.0,0.0,0.451969,0.974999995
88.32,0.4416,0.0032732610714285714,31,-1,0.0,0.0,0.0,0.0,0.0,0.47318,0.39999998999999997
88.32,0.35328,0.0032732610714285714,31,-1,0.0,0.0,0.0,0.0,0.0,0.42133099,3.1499999499999998
88.32,0.42057142857142854,0.0032732610714285714,31,-1,0.0,0.0,0.0,0.0,0.0,0.46489999,0.69999999
88.32,0.368,0.0032732610714285714,31,-1,0.0,0.0,0.0,0.0,0.0,0.42906699,2.3500000500000002
88.32,0.46484210526315783,0.0032732610714285714,31,-1,0.0,0.0,0.0,0.0,0.0,0.494183,0.225
88.32,0.5046857142857143,0.0032732610714285714,31,-1,0.0,0.0,0.0,0.0,0.0,0.512407,0.0750000005
88.32,0.3925333333333333,0.0032732610714285714,31,-1,0.0,0.0,0.0,0.0,0.0,0.44646901,1.375
88.32,0.3396923076923077,0.0032732610714285714,31,1,0.0,0.0,0.0,0.0,0.0,0.420645,0.125000005
88.04,0.44020000000000004,0.00329754,30,1,0.0,0.0,0.0,0.0,0.0,0.47797099,2.4250000500000004
88.04,0.35216000000000003,0.00329754,30,1,0.0,0.0,0.0,0.0,0.0,0.42892501,0.225
88.04,0.41923809523809524,0.00329754,30,1,0.0,0.0,0.0,0.0,0.0,0.46652099,1.725
88.04,0.36683333333333334,0.00329754,30,1,0.0,0.0,0.0,0.0,0.0,0.43999499,0.42500000000000004
88.04,0.3912888888888889,0.00329754,30,1,0.0,0.0,0.0,0.0,0.0,0.45250201,0.924999985
88.04,0.41923809523809524,0.00329754,30,-1,0.0,0.0,0.0,0.0,0.0,0.46241701,0.69999999
88.04,0.4633684210526316,0.00329754,30,-1,0.0,0.0,0.0,0.0,0.0,0.49548,0.225
88.04,0.5030857142857144,0.00329754,30,-1,0.0,0.0,0.0,0.0,0.0,0.58051503,0.125000005
88.04,0.3912888888888889,0.00329754,30,-1,0.0,0.0,0.0,0.0,0.0,0.44881299,1.4
87.6,0.43799999999999994,0.0033464949999999997,29,1,0.0,0.0,0.0,0.0,0.0,0.46628201,2.2749999499999998
87.6,0.3504,0.0033464949999999997,29,1,0.0,0.0,0.0,0.0,0.0,0.435628,0.20000000499999998
87.6,0.4171428571428571,0.0033464949999999997,29,1,0.0,0.0,0.0,0.0,0.0,0.46219599,1.6
87.6,0.365,0.0033464949999999997,29,1,0.0,0.0,0.0,0.0,0.0,0.42893001,0.35000001000000003
87.6,0.3893333333333333,0.0033464949999999997,29,1,0.0,0.0,0.0,0.0,0.0,0.436459,0.80000001
87.6,0.43799999999999994,0.0033464949999999997,29,-1,0.0,0.0,0.0,0.0,0.0,0.46236199,0.39999998999999997
87.6,0.4171428571428571,0.0033464949999999997,29,-1,0.0,0.0,0.0,0.0,0.0,0.447191,0.69999999
87.6,0.365,0.0033464949999999997,29,-1,0.0,0.0,0.0,0.0,0.0,0.422858,2.4750000500000002
85.48,0.28493333333333337,0.00727435043956044,187,1,0.0,0.0,0.0,0.0,0.0,0.421161,0.5
85.48,0.34192,0.00727435043956044,187,1,0.0,0.0,0.0,0.0,0.0,0.45362899,1.525
85.48,0.3561666666666667,0.00727435043956044,187,1,0.0,0.0,0.0,0.0,0.0,0.460935,1.85
85.48,0.53425,0.00727435043956044,187,-1,0.0,0.0,0.0,0.0,0.0,0.53510499,0.900000005
83.2,0.3328,0.003377279142857143,32,1,0.0,0.0,0.0,0.0,0.0,0.45787799,0.125000005
83.2,0.3961904761904762,0.003377279142857143,32,1,0.0,0.0,0.0,0.0,0.0,0.46392101,1.05
83.2,0.3617391304347826,0.003377279142857143,32,1,0.0,0.0,0.0,0.0,0.0,0.43429399,0.35000001000000003
83.2,0.3466666666666667,0.007324540219780219,186,1,0.0,0.0,0.0,0.0,0.0,0.46152899,1.625
83.2,0.3781818181818182,0.007324540219780219,186,1,0.0,0.0,0.0,0.0,0.0,0.474924,2.3500000500000002
83.2,0.3617391304347826,0.007324540219780219,186,1,0.0,0.0,0.0,0.0,0.0,0.465933,1.95
83.2,0.3961904761904762,0.003377279142857143,32,-1,0.0,0.0,0.0,0.0,0.0,0.445979,1.2
83.2,0.3781818181818182,0.003377279142857143,32,-1,0.0,0.0,0.0,0.0,0.0,0.43615499,1.8
83.2,0.8320000000000001,0.007324540219780219,186,-1,0.0,0.0,0.0,0.0,0.0,0.59337002,0.10000000549999999
83.2,0.3466666666666667,0.007324540219780219,186,-1,0.0,0.0,0.0,0.0,0.0,0.453455,4.70000005
83.2,0.3781818181818182,0.007324540219780219,186,-1,0.0,0.0,0.0,0.0,0.0,0.47075799,3.45000005
83.2,0.6656,0.007324540219780219,186,-1,0.0,0.0,0.0,0.0,0.0,0.57256699,0.32499999999999996
83.32,0.41659999999999997,0.003326549714285714,31,1,0.0,0.0,0.0,0.0,0.0,0.45597899,1.55
83.32,0.33327999999999997,0.003326549714285714,31,1,0.0,0.0,0.0,0.0,0.0,0.46241701,0.125000005
83.32,0.3967619047619047,0.003326549714285714,31,1,0.0,0.0,0.0,0.0,0.0,0.44452301,0.999999995
83.32,0.3471666666666666,0.003326549714285714,31,1,0.0,0.0,0.0,0.0,0.0,0.425217,0.17500000500000001
83.32,0.3787272727272727,0.003326549714285714,31,1,0.0,0.0,0.0,0.0,0.0,0.43579599,0.599999995
83.32,0.46288888888888885,0.003326549714285714,31,1,0.0,0.0,0.0,0.0,0.0,0.486601,3.04999995
83.32,0.33327999999999997,0.007385748351648351,185,1,0.0,0.0,0.0,0.0,0.0,0.448742,1.3
83.32,0.41659999999999997,0.003326549714285714,31,-1,0.0,0.0,0.0,0.0,0.0,0.449552,0.69999999
83.32,0.3967619047619047,0.003326549714285714,31,-1,0.0,0.0,0.0,0.0,0.0,0.43859699,1.15
83.32,0.46288888888888885,0.003326549714285714,31,-1,0.0,0.0,0.0,0.0,0.0,0.494158,0.225
83.32,0.5554666666666667,0.007385748351648351,185,-1,0.0,0.0,0.0,0.0,0.0,0.53378397,0.69999999
83.32,0.6665599999999999,0.007385748351648351,185,-1,0.0,0.0,0.0,0.0,0.0,0.56256503,0.29999999499999996
82.08,0.4104,0.0033603042857142857,30,1,0.0,0.0,0.0,0.0,0.0,0.482921,1.4
82.08,0.32832,0.0033603042857142857,30,1,0.0,0.0,0.0,0.0,0.0,0.47345001,0.10000000549999999
82.08,0.39085714285714285,0.0033603042857142857,30,1,0.0,0.0,0.0,0.0,0.0,0.462026,0.875
82.08,0.34199999999999997,0.0033603042857142857,30,1,0.0,0.0,0.0,0.0,0.0,0.464984,0.17500000500000001
82.08,0.3730909090909091,0.0033603042857142857,30,1,0.0,0.0,0.0,0.0,0.0,0.457032,0.525000005
82.08,0.35686956521739127,0.0033603042857142857,30,1,0.0,0.0,0.0,0.0,0.0,0.45576799,0.29999999499999996
82.08,0.432,0.0033603042857142857,30,1,0.0,0.0,0.0,0.0,0.0,0.47371599,2.0
82.08,0.4104,0.006280953428571429,93,1,0.0,0.0,0.0,0.0,0.0,0.501064,2.3249999499999996
82.08,0.32832,0.006280953428571429,93,1,0.0,0.0,0.0,0.0,0.0,0.46555901,0.599999995
82.08,0.39085714285714285,0.006280953428571429,93,1,0.0,0.0,0.0,0.0,0.0,0.489732,1.8250000000000002
82.08,0.34199999999999997,0.006280953428571429,93,1,0.0,0.0,0.0,0.0,0.0,0.467383,0.80000001
82.08,0.3648,0.006280953428571429,93,1,0.0,0.0,0.0,0.0,0.0,0.48185199,1.25
82.08,0.4104,0.008040363736263736,184,1,0.0,0.0,0.0,0.0,0.0,0.48962,3.1
82.08,0.32832,0.008040363736263736,184,1,0.0,0.0,0.0,0.0,0.0,0.45021701,1.2
82.08,0.39085714285714285,0.008040363736263736,184,1,0.0,0.0,0.0,0.0,0.0,0.482692,2.625
82.08,0.34199999999999997,0.008040363736263736,184,1,0.0,0.0,0.0,0.0,0.0,0.460933,1.5
82.08,0.3730909090909091,0.008040363736263736,184,1,0.0,0.0,0.0,0.0,0.0,0.47534999,2.20000005
82.08,0.35686956521739127,0.008040363736263736,184,1,0.0,0.0,0.0,0.0,0.0,0.463577,1.8
82.08,0.4104,0.0033603042857142857,30,-1,0.0,0.0,0.0,0.0,0.0,0.47184601,0.849999995
82.08,0.39085714285714285,0.0033603042857142857,30,-1,0.0,0.0,0.0,0.0,0.0,0.46202499,1.35
82.08,0.3730909090909091,0.0033603042857142857,30,-1,0.0,0.0,0.0,0.0,0.0,0.45706299,2.0
82.08,0.4104,0.006280953428571429,93,-1,0.0,0.0,0.0,0.0,0.0,0.49496999,1.75
82.08,0.5862857142857143,0.006280953428571429,93,-1,0.0,0.0,0.0,0.0,0.0,0.566594,0.20000000499999998
82.08,0.513,0.006280953428571429,93,-1,0.0,0.0,0.0,0.0,0.0,0.53939998,0.474999995
82.08,0.432,0.006280953428571429,93,-1,0.0,0.0,0.0,0.0,0.0,0.51241302,1.35
82.08,0.4690285714285714,0.006280953428571429,93,-1,0.0,0.0,0.0,0.0,0.0,0.52223301,0.825000015
82.08,0.65664,0.008040363736263736,184,-1,0.0,0.0,0.0,0.0,0.0,0.57784998,0.35000001000000003
82.08,0.31569230769230766,0.008040363736263736,184,1,0.0,0.0,0.0,0.0,0.0,0.445856,0.974999995
82.88,0.4144,0.0033514874285714286,29,1,0.0,0.0,0.0,0.0,0.0,0.45811,1.45
82.88,0.33152,0.0033514874285714286,29,1,0.0,0.0,0.0,0.0,0.0,0.48883101,0.125000005
82.88,0.39466666666666667,0.0033514874285714286,29,1,0.0,0.0,0.0,0.0,0.0,0.44011301,0.900000005
82.88,0.3453333333333333,0.0033514874285714286,29,1,0.0,0.0,0.0,0.0,0.0,0.45149601,0.17500000500000001
82.88,0.3767272727272727,0.0033514874285714286,29,1,0.0,0.0,0.0,0.0,0.0,0.433615,0.525000005
82.88,0.3603478260869565,0.0033514874285714286,29,1,0.0,0.0,0.0,0.0,0.0,0.438301,0.29999999499999996
82.88,0.43621052631578944,0.0033514874285714286,29,1,0.0,0.0,0.0,0.0,0.0,0.45401299,2.1000000500000002
82.88,0.4144,0.006049372285714286,92,1,0.0,0.0,0.0,0.0,0.0,0.482216,2.3500000500000002
82.88,0.39466666666666667,0.006049372285714286,92,1,0.0,0.0,0.0,0.0,0.0,0.47501799,1.85
82.88,0.43621052631578944,0.006049372285714286,92,1,0.0,0.0,0.0,0.0,0.0,0.495121,2.95000005
82.88,0.36835555555555555,0.006049372285714286,92,1,0.0,0.0,0.0,0.0,0.0,0.46575901,1.25
82.88,0.33152,0.0076399483516483525,183,1,0.0,0.0,0.0,0.0,0.0,0.44036299,1.2
82.88,0.4144,0.0033514874285714286,29,-1,0.0,0.0,0.0,0.0,0.0,0.44665301,0.69999999
82.88,0.33152,0.0033514874285714286,29,-1,0.0,0.0,0.0,0.0,0.0,0.43277001,4.35000015
82.88,0.39466666666666667,0.0033514874285714286,29,-1,0.0,0.0,0.0,0.0,0.0,0.42935801,1.15
82.88,0.43621052631578944,0.0033514874285714286,29,-1,0.0,0.0,0.0,0.0,0.0,0.45380801,0.375
82.88,0.4144,0.006049372285714286,92,-1,0.0,0.0,0.0,0.0,0.0,0.48506701,1.625
82.88,0.39466666666666667,0.006049372285714286,92,-1,0.0,0.0,0.0,0.0,0.0,0.47200701,2.1000000500000002
82.88,0.36835555555555555,0.006049372285714286,92,-1,0.0,0.0,0.0,0.0,0.0,0.469228,3.0249999499999998
82.88,0.518,0.0076399483516483525,183,-1,0.0,0.0,0.0,0.0,0.0,0.51831698,0.924999985
82.88,0.43621052631578944,0.0076399483516483525,183,-1,0.0,0.0,0.0,0.0,0.0,0.49293,1.95
82.88,0.66304,0.0076399483516483525,183,-1,0.0,0.0,0.0,0.0,0.0,0.561288,0.29999999499999996
79.88,0.3994,0.0059355548571428576,89,1,0.0,0.0,0.0,0.0,0.0,0.497006,1.95
79.88,0.31951999999999997,0.0059355548571428576,89,1,0.0,0.0,0.0,0.0,0.0,0.456296,0.42500000000000004
79.88,0.3803809523809524,0.0059355548571428576,89,1,0.0,0.0,0.0,0.0,0.0,0.480777,1.475
79.88,0.3550222222222222,0.0059355548571428576,89,1,0.0,0.0,0.0,0.0,0.0,0.47482499,0.974999995
79.88,0.31951999999999997,0.007480804615384615,180,1,0.0,0.0,0.0,0.0,0.0,0.44974101,0.999999995
79.88,0.3803809523809524,0.007480804615384615,180,1,0.0,0.0,0.0,0.0,0.0,0.482481,2.29999995
79.88,0.3328333333333333,0.007480804615384615,180,1,0.0,0.0,0.0,0.0,0.0,0.45688,1.25
79.88,0.3630909090909091,0.007480804615384615,180,1,0.0,0.0,0.0,0.0,0.0,0.473896,1.9
79.88,0.34730434782608693,0.007480804615384615,180,1,0.0,0.0,0.0,0.0,0.0,0.46516001,1.55
79.88,0.5325333333333333,0.0059355548571428576,89,-1,0.0,0.0,0.0,0.0,0.0,0.55137497,0.35000001000000003
79.88,0.3994,0.0059355548571428576,89,-1,0.0,0.0,0.0,0.0,0.0,0.48352399,1.9
79.88,0.3803809523809524,0.0059355548571428576,89,-1,0.0,0.0,0.0,0.0,0.0,0.473921,2.45000005
79.88,0.4204210526315789,0.0059355548571428576,89,-1,0.0,0.0,0.0,0.0,0.0,0.49832699,1.45
79.88,0.5325333333333333,0.007480804615384615,180,-1,0.0,0.0,0.0,0.0,0.0,0.53847098,0.825000015
79.88,0.3803809523809524,0.007480804615384615,180,-1,0.0,0.0,0.0,0.0,0.0,0.47197199,3.1999999499999996
79.88,0.6390399999999999,0.007480804615384615,180,-1,0.0,0.0,0.0,0.0,0.0,0.57477599,0.375
79.88,0.26626666666666665,0.0059355548571428576,89,1,0.0,0.0,0.0,0.0,0.0,0.45273799,0.0750000005
81.68,0.32672,0.007125585384615385,179,1,0.0,0.0,0.0,0.0,0.0,0.444563,1.1
81.68,0.3712727272727273,0.007125585384615385,179,1,0.0,0.0,0.0,0.0,0.0,0.47469699,2.1000000500000002
81.68,0.8168000000000001,0.007125585384615385,179,-1,0.0,0.0,0.0,0.0,0.0,0.592969,0.10000000549999999
81.68,0.388952380952381,0.007125585384615385,179,-1,0.0,0.0,0.0,0.0,0.0,0.47902399,3.0249999499999998
81.68,0.48047058823529415,0.007125585384615385,179,-1,0.0,0.0,0.0,0.0,0.0,0.51859802,1.3
81.68,0.45377777777777784,0.007125585384615385,179,-1,0.0,0.0,0.0,0.0,0.0,0.508461,1.65
81.68,0.4298947368421053,0.007125585384615385,179,-1,0.0,0.0,0.0,0.0,0.0,0.49782601,2.04999995
83.76,0.39885714285714285,0.007121395274725274,178,1,0.0,0.0,0.0,0.0,0.0,0.47344401,2.75
83.76,0.5584,0.007121395274725274,178,-1,0.0,0.0,0.0,0.0,0.0,0.53313798,0.650000005
83.76,0.39885714285714285,0.007121395274725274,178,-1,0.0,0.0,0.0,0.0,0.0,0.47333601,2.75
83.76,0.5235000000000001,0.007121395274725274,178,-1,0.0,0.0,0.0,0.0,0.0,0.522955,0.875
83.76,0.4927058823529412,0.007121395274725274,178,-1,0.0,0.0,0.0,0.0,0.0,0.51362199,1.15
83.76,0.4408421052631579,0.007121395274725274,178,-1,0.0,0.0,0.0,0.0,0.0,0.48981199,1.8250000000000002
84.2,0.52625,0.006631312637362638,177,-1,0.0,0.0,0.0,0.0,0.0,0.52230299,0.849999995
85.92,0.34368,0.006029142285714286,187,1,0.0,0.0,0.0,0.0,0.0,0.438564,1.475
85.92,0.3818666666666667,0.006029142285714286,187,1,0.0,0.0,0.0,0.0,0.0,0.45132601,2.3500000500000002
85.92,0.34368,0.006029142285714286,187,-1,0.0,0.0,0.0,0.0,0.0,0.43729499,4.95000005
85.92,0.68736,0.006029142285714286,187,-1,0.0,0.0,0.0,0.0,0.0,0.553478,0.25000000499999997
85.92,0.49097142857142856,0.006029142285714286,187,-1,0.0,0.0,0.0,0.0,0.0,0.49939701,1.2
85.92,0.3818666666666667,0.006029142285714286,187,-1,0.0,0.0,0.0,0.0,0.0,0.453383,3.3500000500000002
84.68,0.28226666666666667,0.006058183142857143,186,1,0.0,0.0,0.0,0.0,0.0,0.404304,0.39999998999999997
84.68,0.5645333333333333,0.006058183142857143,186,1,0.0,0.0,0.0,0.0,0.0,0.507339,6.75
84.68,0.42340000000000005,0.006058183142857143,186,1,0.0,0.0,0.0,0.0,0.0,0.47573599,3.4
84.68,0.33872,0.006058183142857143,186,1,0.0,0.0,0.0,0.0,0.0,0.43409801,1.325
84.68,0.3763555555555556,0.006058183142857143,186,1,0.0,0.0,0.0,0.0,0.0,0.45452201,2.20000005
84.68,0.5645333333333333,0.006058183142857143,186,-1,0.0,0.0,0.0,0.0,0.0,0.51374102,0.599999995
84.68,0.42340000000000005,0.006058183142857143,186,-1,0.0,0.0,0.0,0.0,0.0,0.4727,2.20000005
84.68,0.67744,0.006058183142857143,186,-1,0.0,0.0,0.0,0.0,0.0,0.54424798,0.25000000499999997
84.68,0.4838857142857143,0.006058183142857143,186,-1,0.0,0.0,0.0,0.0,0.0,0.49001899,1.225
84.68,0.3763555555555556,0.006058183142857143,186,-1,0.0,0.0,0.0,0.0,0.0,0.45266601,3.5
85.6,0.24457142857142855,0.006195902857142856,185,1,0.0,0.0,0.0,0.0,0.0,0.37846699,0.10000000549999999
85.6,0.3424,0.006195902857142856,185,1,0.0,0.0,0.0,0.0,0.0,0.42743,1.375
85.6,0.3804444444444444,0.006195902857142856,185,1,0.0,0.0,0.0,0.0,0.0,0.442368,2.25
85.6,0.428,0.006195902857142856,185,-1,0.0,0.0,0.0,0.0,0.0,0.46412599,2.04999995
85.6,0.4891428571428571,0.006195902857142856,185,-1,0.0,0.0,0.0,0.0,0.0,0.48811501,1.15
85.6,0.3804444444444444,0.006195902857142856,185,-1,0.0,0.0,0.0,0.0,0.0,0.442516,3.3000000500000004
85.8,0.286,0.00593583,184,1,0.0,0.0,0.0,0.0,0.0,0.394905,0.39999998999999997
85.8,0.858,0.00593583,184,1,0.0,0.0,0.0,0.0,0.0,0.62553102,11.55
85.8,0.3813333333333333,0.00593583,184,1,0.0,0.0,0.0,0.0,0.0,0.43845701,2.2250000500000002
85.8,0.3813333333333333,0.00593583,184,-1,0.0,0.0,0.0,0.0,0.0,0.43664399,3.25
83.72,0.33488,0.005785308857142857,183,1,0.0,0.0,0.0,0.0,0.0,0.41705999,1.125
83.72,0.37208888888888886,0.005785308857142857,183,1,0.0,0.0,0.0,0.0,0.0,0.43280199,1.925
83.72,0.37208888888888886,0.005785308857142857,183,-1,0.0,0.0,0.0,0.0,0.0,0.43341199,3.5
85.68,0.2856,0.005669926571428571,180,1,0.0,0.0,0.0,0.0,0.0,0.378025,0.32499999999999996
85.68,0.42840000000000006,0.005669926571428571,180,1,0.0,0.0,0.0,0.0,0.0,0.43820599,3.3000000500000004
85.68,0.48960000000000004,0.005669926571428571,180,-1,0.0,0.0,0.0,0.0,0.0,0.465509,1.025
87.92,0.35168,0.005599380571428571,179,1,0.0,0.0,0.0,0.0,0.0,0.40257099,1.4
87.92,0.3907555555555556,0.005599380571428571,179,1,0.0,0.0,0.0,0.0,0.0,0.426532,2.3999999499999998
87.92,0.4396,0.002987865357142857,32,1,0.0,0.0,0.0,0.0,0.0,0.46586999,2.3999999499999998
87.92,0.35168,0.002987865357142857,32,1,0.0,0.0,0.0,0.0,0.0,0.403611,0.20000000499999998
87.92,0.4186666666666667,0.002987865357142857,32,1,0.0,0.0,0.0,0.0,0.0,0.44185799,1.6749999999999998
87.92,0.3996363636363636,0.002987865357142857,32,1,0.0,0.0,0.0,0.0,0.0,0.43820301,1.125
87.92,0.3822608695652174,0.002987865357142857,32,1,0.0,0.0,0.0,0.0,0.0,0.41939899,0.674999985
87.92,0.8792,0.005599380571428571,179,-1,0.0,0.0,0.0,0.0,0.0,0.56552899,0.05
87.92,0.5861333333333334,0.005599380571428571,179,-1,0.0,0.0,0.0,0.0,0.0,0.48702201,0.39999998999999997
87.92,0.35168,0.005599380571428571,179,-1,0.0,0.0,0.0,0.0,0.0,0.405498,4.4000001
87.92,0.70336,0.005599380571428571,179,-1,0.0,0.0,0.0,0.0,0.0,0.51701599,0.15000000000000002
87.92,0.4186666666666667,0.002987865357142857,32,-1,0.0,0.0,0.0,0.0,0.0,0.44200099,0.69999999
87.92,0.3996363636363636,0.002987865357142857,32,-1,0.0,0.0,0.0,0.0,0.0,0.438371,1.15
87.92,0.5495,0.002987865357142857,32,-1,0.0,0.0,0.0,0.0,0.0,0.53522098,0.0250000005
87.28,0.3356923076923077,0.005669483714285714,178,1,0.0,0.0,0.0,0.0,0.0,0.39761299,1.05
87.28,0.34912,0.005669483714285714,178,1,0.0,0.0,0.0,0.0,0.0,0.40787199,1.35
87.28,0.4364,0.002984551071428571,31,1,0.0,0.0,0.0,0.0,0.0,0.46419299,2.25
87.28,0.3636666666666667,0.002984551071428571,31,1,0.0,0.0,0.0,0.0,0.0,0.40961,0.32499999999999996
87.28,0.3967272727272727,0.002984551071428571,31,1,0.0,0.0,0.0,0.0,0.0,0.43085501,0.999999995
87.28,0.3794782608695652,0.002984551071428571,31,1,0.0,0.0,0.0,0.0,0.0,0.421464,0.599999995
87.28,0.48488888888888887,0.002984551071428571,31,1,0.0,0.0,0.0,0.0,0.0,0.518233,3.95000005
87.28,0.8728,0.005669483714285714,178,-1,0.0,0.0,0.0,0.0,0.0,0.56198698,0.05
87.28,0.49874285714285715,0.005669483714285714,178,-1,0.0,0.0,0.0,0.0,0.0,0.469556,0.94999999
87.28,0.3879111111111111,0.005669483714285714,178,-1,0.0,0.0,0.0,0.0,0.0,0.42271399,2.95000005
87.28,0.4364,0.002984551071428571,31,-1,0.0,0.0,0.0,0.0,0.0,0.452654,0.42500000000000004
87.28,0.4156190476190476,0.002984551071428571,31,-1,0.0,0.0,0.0,0.0,0.0,0.44425899,0.75
87.28,0.3967272727272727,0.002984551071428571,31,-1,0.0,0.0,0.0,0.0,0.0,0.43129501,1.2
87.28,0.3794782608695652,0.002984551071428571,31,-1,0.0,0.0,0.0,0.0,0.0,0.42185801,1.8
87.28,0.5455,0.002984551071428571,31,-1,0.0,0.0,0.0,0.0,0.0,0.64862102,0.0750000005
86.68,0.2889333333333334,0.005901712,177,1,0.0,0.0,0.0,0.0,0.0,0.378207,0.35000001000000003
86.68,0.3333846153846154,0.005901712,177,1,0.0,0.0,0.0,0.0,0.0,0.396606,0.999999995
86.68,0.34672000000000003,0.005901712,177,1,0.0,0.0,0.0,0.0,0.0,0.39944601,1.25
86.68,0.4127619047619048,0.005901712,177,1,0.0,0.0,0.0,0.0,0.0,0.43149501,2.8999999499999998
86.68,0.4334,0.002986949642857143,30,1,0.0,0.0,0.0,0.0,0.0,0.46951199,2.125
86.68,0.34672000000000003,0.002986949642857143,30,1,0.0,0.0,0.0,0.0,0.0,0.41437,0.15000000000000002
86.68,0.4127619047619048,0.002986949642857143,30,1,0.0,0.0,0.0,0.0,0.0,0.45132899,1.45
86.68,0.3611666666666667,0.002986949642857143,30,1,0.0,0.0,0.0,0.0,0.0,0.42217299,0.29999999499999996
86.68,0.394,0.002986949642857143,30,1,0.0,0.0,0.0,0.0,0.0,0.43925399,0.924999985
86.68,0.37686956521739134,0.002986949642857143,30,1,0.0,0.0,0.0,0.0,0.0,0.43084699,0.55000001
86.68,0.5778666666666668,0.005901712,177,-1,0.0,0.0,0.0,0.0,0.0,0.486909,0.42500000000000004
86.68,0.6934400000000001,0.005901712,177,-1,0.0,0.0,0.0,0.0,0.0,0.50997698,0.15000000000000002
86.68,0.3852444444444445,0.005901712,177,-1,0.0,0.0,0.0,0.0,0.0,0.42612299,3.0249999499999998
86.68,0.4334,0.002986949642857143,30,-1,0.0,0.0,0.0,0.0,0.0,0.46525499,0.474999995
86.68,0.394,0.002986949642857143,30,-1,0.0,0.0,0.0,0.0,0.0,0.44499099,1.3
86.68,0.5417500000000001,0.002986949642857143,30,-1,0.0,0.0,0.0,0.0,0.0,0.59779203,0.05
86.68,0.48155555555555557,0.002986949642857143,30,-1,0.0,0.0,0.0,0.0,0.0,0.51679099,0.15000000000000002
84.64,0.4232,0.002976922142857143,29,1,0.0,0.0,0.0,0.0,0.0,0.47830799,1.775
84.64,0.33856,0.002976922142857143,29,1,0.0,0.0,0.0,0.0,0.0,0.42316699,0.10000000549999999
84.64,0.40304761904761904,0.002976922142857143,29,1,0.0,0.0,0.0,0.0,0.0,0.453062,1.15
84.64,0.3526666666666667,0.002976922142857143,29,1,0.0,0.0,0.0,0.0,0.0,0.423637,0.20000000499999998
84.64,0.38472727272727275,0.002976922142857143,29,1,0.0,0.0,0.0,0.0,0.0,0.442047,0.69999999
84.64,0.368,0.002976922142857143,29,1,0.0,0.0,0.0,0.0,0.0,0.43669,0.39999998999999997
84.64,0.4232,0.002976922142857143,29,-1,0.0,0.0,0.0,0.0,0.0,0.46682,0.599999995
84.64,0.40304761904761904,0.002976922142857143,29,-1,0.0,0.0,0.0,0.0,0.0,0.453307,0.999999995
84.64,0.38472727272727275,0.002976922142857143,29,-1,0.0,0.0,0.0,0.0,0.0,0.44229299,1.55
84.64,0.4702222222222222,0.002976922142857143,29,-1,0.0,0.0,0.0,0.0,0.0,0.52357101,0.20000000499999998
84.64,0.4454736842105263,0.002976922142857143,29,-1,0.0,0.0,0.0,0.0,0.0,0.49211001,0.35000001000000003
78.0,0.39,0.0028399988571428574,32,1,0.0,0.0,0.0,0.0,0.0,0.43351799,0.775000005
78.0,0.37142857142857144,0.0028399988571428574,32,1,0.0,0.0,0.0,0.0,0.0,0.43333301,0.45000000500000004
78.0,0.325,0.0028399988571428574,32,1,0.0,0.0,0.0,0.0,0.0,0.452788,0.0750000005
78.0,0.4105263157894737,0.0028399988571428574,32,1,0.0,0.0,0.0,0.0,0.0,0.43430799,1.25
78.0,0.44571428571428573,0.0028399988571428574,32,1,0.0,0.0,0.0,0.0,0.0,0.46228099,2.29999995
78.0,0.3466666666666667,0.0028399988571428574,32,1,0.0,0.0,0.0,0.0,0.0,0.431916,0.17500000500000001
78.0,0.39,0.0028399988571428574,32,-1,0.0,0.0,0.0,0.0,0.0,0.43929401,1.3
78.0,0.37142857142857144,0.0028399988571428574,32,-1,0.0,0.0,0.0,0.0,0.0,0.42745101,1.95
78.0,0.4875,0.0028399988571428574,32,-1,0.0,0.0,0.0,0.0,0.0,0.515993,0.125000005
78.0,0.4105263157894737,0.0028399988571428574,32,-1,0.0,0.0,0.0,0.0,0.0,0.451529,0.80000001
78.0,0.44571428571428573,0.0028399988571428574,32,-1,0.0,0.0,0.0,0.0,0.0,0.47100601,0.32499999999999996
76.36,0.3818,0.002799312857142857,31,1,0.0,0.0,0.0,0.0,0.0,0.44999501,0.625
76.36,0.3636190476190476,0.002799312857142857,31,1,0.0,0.0,0.0,0.0,0.0,0.461698,0.375
76.36,0.47725,0.002799312857142857,31,1,0.0,0.0,0.0,0.0,0.0,0.53094602,3.25
76.36,0.40189473684210525,0.002799312857142857,31,1,0.0,0.0,0.0,0.0,0.0,0.457311,1.05
76.36,0.43634285714285714,0.002799312857142857,31,1,0.0,0.0,0.0,0.0,0.0,0.48240501,2.0
76.36,0.3393777777777778,0.002799312857142857,31,1,0.0,0.0,0.0,0.0,0.0,0.46376601,0.15000000000000002
76.36,0.3818,0.002799312857142857,31,-1,0.0,0.0,0.0,0.0,0.0,0.450275,1.55
76.36,0.3636190476190476,0.002799312857142857,31,-1,0.0,0.0,0.0,0.0,0.0,0.46204001,2.29999995
76.36,0.47725,0.002799312857142857,31,-1,0.0,0.0,0.0,0.0,0.0,0.50939697,0.15000000000000002
76.36,0.40189473684210525,0.002799312857142857,31,-1,0.0,0.0,0.0,0.0,0.0,0.46897799,0.999999995
76.36,0.43634285714285714,0.002799312857142857,31,-1,0.0,0.0,0.0,0.0,0.0,0.483239,0.42500000000000004
76.36,0.3393777777777778,0.002799312857142857,31,-1,0.0,0.0,0.0,0.0,0.0,0.44175801,3.54999995
77.0,0.385,0.0027755257142857144,30,1,0.0,0.0,0.0,0.0,0.0,0.43683901,0.650000005
77.0,0.36666666666666664,0.0027755257142857144,30,1,0.0,0.0,0.0,0.0,0.0,0.44374499,0.375
77.0,0.32083333333333336,0.0027755257142857144,30,1,0.0,0.0,0.0,0.0,0.0,0.48978701,0.0750000005
77.0,0.4052631578947368,0.0027755257142857144,30,1,0.0,0.0,0.0,0.0,0.0,0.443773,1.1
77.0,0.44,0.0027755257142857144,30,1,0.0,0.0,0.0,0.0,0.0,0.47110301,2.1000000500000002
77.0,0.3422222222222222,0.0027755257142857144,30,1,0.0,0.0,0.0,0.0,0.0,0.45210201,0.15000000000000002
77.0,0.385,0.0027755257142857144,30,-1,0.0,0.0,0.0,0.0,0.0,0.43695199,1.4
77.0,0.36666666666666664,0.0027755257142857144,30,-1,0.0,0.0,0.0,0.0,0.0,0.43010801,2.1000000500000002
77.0,0.4052631578947368,0.0027755257142857144,30,-1,0.0,0.0,0.0,0.0,0.0,0.44379699,0.849999995
77.0,0.44,0.0027755257142857144,30,-1,0.0,0.0,0.0,0.0,0.0,0.47096401,0.35000001000000003
77.76,0.38880000000000003,0.002754773714285714,29,1,0.0,0.0,0.0,0.0,0.0,0.42969599,0.69999999
77.76,0.37028571428571433,0.002754773714285714,29,1,0.0,0.0,0.0,0.0,0.0,0.435597,0.39999998999999997
77.76,0.324,0.002754773714285714,29,1,0.0,0.0,0.0,0.0,0.0,0.47975901,0.0750000005
77.76,0.4092631578947369,0.002754773714285714,29,1,0.0,0.0,0.0,0.0,0.0,0.42168701,1.15
77.76,0.44434285714285715,0.002754773714285714,29,1,0.0,0.0,0.0,0.0,0.0,0.44320801,2.20000005
77.76,0.3456,0.002754773714285714,29,1,0.0,0.0,0.0,0.0,0.0,0.45877501,0.17500000500000001
77.76,0.38880000000000003,0.002754773714285714,29,-1,0.0,0.0,0.0,0.0,0.0,0.426965,1.25
77.76,0.37028571428571433,0.002754773714285714,29,-1,0.0,0.0,0.0,0.0,0.0,0.432446,1.95
77.76,0.324,0.002754773714285714,29,-1,0.0,0.0,0.0,0.0,0.0,0.42977899,4.5999999
77.76,0.48600000000000004,0.002754773714285714,29,-1,0.0,0.0,0.0,0.0,0.0,0.50731403,0.10000000549999999
77.76,0.4092631578947369,0.002754773714285714,29,-1,0.0,0.0,0.0,0.0,0.0,0.44247001,0.75
77.76,0.44434285714285715,0.002754773714285714,29,-1,0.0,0.0,0.0,0.0,0.0,0.45603001,0.275000005
77.76,0.3456,0.002754773714285714,29,-1,0.0,0.0,0.0,0.0,0.0,0.43279001,3.1999999499999996
72.44,0.4261176470588235,0.004167742857142857,187,-1,0.0,0.0,0.0,0.0,0.0,0.44993499,1.725
72.2,0.3139130434782609,0.004293882197802198,186,1,0.0,0.0,0.0,0.0,0.0,0.42539701,0.75
72.2,0.38,0.004293882197802198,186,1,0.0,0.0,0.0,0.0,0.0,0.44332001,1.9
72.2,0.361,0.0024659966666666666,32,1,0.0,0.0,0.0,0.0,0.0,0.44274899,0.29999999499999996
72.2,0.3281818181818182,0.0024659966666666666,32,1,0.0,0.0,0.0,0.0,0.0,0.446684,0.0750000005
72.2,0.4247058823529412,0.0024659966666666666,32,1,0.0,0.0,0.0,0.0,0.0,0.46272799,1.55
72.2,0.40111111111111114,0.0024659966666666666,32,1,0.0,0.0,0.0,0.0,0.0,0.44307199,0.94999999
72.2,0.38,0.0024659966666666666,32,1,0.0,0.0,0.0,0.0,0.0,0.44108799,0.55000001
72.2,0.48133333333333334,0.004293882197802198,186,-1,0.0,0.0,0.0,0.0,0.0,0.47292301,0.999999995
72.2,0.3281818181818182,0.004293882197802198,186,-1,0.0,0.0,0.0,0.0,0.0,0.436232,4.9000001
72.2,0.40111111111111114,0.004293882197802198,186,-1,0.0,0.0,0.0,0.0,0.0,0.44888899,2.25
72.2,0.361,0.0024659966666666666,32,-1,0.0,0.0,0.0,0.0,0.0,0.450809,2.29999995
72.2,0.4247058823529412,0.0024659966666666666,32,-1,0.0,0.0,0.0,0.0,0.0,0.458092,0.525000005
72.2,0.40111111111111114,0.0024659966666666666,32,-1,0.0,0.0,0.0,0.0,0.0,0.43812799,0.924999985
72.2,0.38,0.0024659966666666666,32,-1,0.0,0.0,0.0,0.0,0.0,0.43538001,1.525
75.4,0.377,0.004347286263736263,185,1,0.0,0.0,0.0,0.0,0.0,0.452582,1.95
75.4,0.34272727272727277,0.004347286263736263,185,1,0.0,0.0,0.0,0.0,0.0,0.43695199,1.25
75.4,0.4188888888888889,0.004347286263736263,185,1,0.0,0.0,0.0,0.0,0.0,0.461761,2.8500000500000002
75.4,0.39684210526315794,0.004347286263736263,185,1,0.0,0.0,0.0,0.0,0.0,0.45356899,2.3500000500000002
75.4,0.377,0.0024748500000000002,31,1,0.0,0.0,0.0,0.0,0.0,0.45385101,0.55000001
75.4,0.35904761904761906,0.0024748500000000002,31,1,0.0,0.0,0.0,0.0,0.0,0.44974399,0.29999999499999996
75.4,0.4435294117647059,0.0024748500000000002,31,1,0.0,0.0,0.0,0.0,0.0,0.489912,2.20000005
75.4,0.4188888888888889,0.0024748500000000002,31,1,0.0,0.0,0.0,0.0,0.0,0.463916,1.475
75.4,0.39684210526315794,0.0024748500000000002,31,1,0.0,0.0,0.0,0.0,0.0,0.46546,0.94999999
75.4,0.6032000000000001,0.004347286263736263,185,-1,0.0,0.0,0.0,0.0,0.0,0.508017,0.35000001000000003
75.4,0.377,0.0024748500000000002,31,-1,0.0,0.0,0.0,0.0,0.0,0.45398,1.7
75.4,0.47125000000000006,0.0024748500000000002,31,-1,0.0,0.0,0.0,0.0,0.0,0.50934303,0.17500000500000001
75.4,0.4435294117647059,0.0024748500000000002,31,-1,0.0,0.0,0.0,0.0,0.0,0.473957,0.32499999999999996
75.4,0.4188888888888889,0.0024748500000000002,31,-1,0.0,0.0,0.0,0.0,0.0,0.46387401,0.625
75.4,0.39684210526315794,0.0024748500000000002,31,-1,0.0,0.0,0.0,0.0,0.0,0.454092,1.0750000000000002
74.96,0.28830769230769226,0.0034695234285714283,93,1,0.0,0.0,0.0,0.0,0.0,0.46972501,0.20000000499999998
74.96,0.37479999999999997,0.004339807252747253,184,1,0.0,0.0,0.0,0.0,0.0,0.44671899,1.875
74.96,0.3407272727272727,0.004339807252747253,184,1,0.0,0.0,0.0,0.0,0.0,0.44370401,1.25
74.96,0.39452631578947367,0.004339807252747253,184,1,0.0,0.0,0.0,0.0,0.0,0.453354,2.29999995
74.96,0.37479999999999997,0.00249585,30,1,0.0,0.0,0.0,0.0,0.0,0.45446301,0.5
74.96,0.3569523809523809,0.00249585,30,1,0.0,0.0,0.0,0.0,0.0,0.43965301,0.25000000499999997
74.96,0.5354285714285714,0.00249585,30,1,0.0,0.0,0.0,0.0,0.0,0.61301303,4.79999995
74.96,0.4409411764705882,0.00249585,30,1,0.0,0.0,0.0,0.0,0.0,0.455513,2.04999995
74.96,0.4164444444444444,0.00249585,30,1,0.0,0.0,0.0,0.0,0.0,0.443654,1.35
74.96,0.39452631578947367,0.00249585,30,1,0.0,0.0,0.0,0.0,0.0,0.45105499,0.849999995
74.96,0.37479999999999997,0.0034695234285714283,93,1,0.0,0.0,0.0,0.0,0.0,0.46450299,1.25
74.96,0.3569523809523809,0.0034695234285714283,93,1,0.0,0.0,0.0,0.0,0.0,0.467195,0.94999999
74.96,0.3123333333333333,0.0034695234285714283,93,1,0.0,0.0,0.0,0.0,0.0,0.45520499,0.35000001000000003
74.96,0.39452631578947367,0.0034695234285714283,93,1,0.0,0.0,0.0,0.0,0.0,0.46764299,1.65
74.96,0.4164444444444444,0.004339807252747253,184,-1,0.0,0.0,0.0,0.0,0.0,0.45721501,2.0
74.96,0.39452631578947367,0.004339807252747253,184,-1,0.0,0.0,0.0,0.0,0.0,0.45326799,2.525
74.96,0.37479999999999997,0.00249585,30,-1,0.0,0.0,0.0,0.0,0.0,0.451262,1.75
74.96,0.4164444444444444,0.00249585,30,-1,0.0,0.0,0.0,0.0,0.0,0.465487,0.650000005
74.96,0.39452631578947367,0.00249585,30,-1,0.0,0.0,0.0,0.0,0.0,0.44811699,1.1
74.96,0.37479999999999997,0.0034695234285714283,93,-1,0.0,0.0,0.0,0.0,0.0,0.46467,2.5
74.96,0.3123333333333333,0.0034695234285714283,93,-1,0.0,0.0,0.0,0.0,0.0,0.45605701,5.5999999
74.96,0.4164444444444444,0.0034695234285714283,93,-1,0.0,0.0,0.0,0.0,0.0,0.474255,1.4
74.96,0.39452631578947367,0.0034695234285714283,93,-1,0.0,0.0,0.0,0.0,0.0,0.46765,1.9
74.84,0.37420000000000003,0.004543785934065934,183,1,0.0,0.0,0.0,0.0,0.0,0.44778299,1.85
74.84,0.31183333333333335,0.004543785934065934,183,1,0.0,0.0,0.0,0.0,0.0,0.43024799,0.75
74.84,0.3401818181818182,0.004543785934065934,183,1,0.0,0.0,0.0,0.0,0.0,0.438494,1.2
74.84,0.3938947368421053,0.004543785934065934,183,1,0.0,0.0,0.0,0.0,0.0,0.450297,2.25
74.84,0.37420000000000003,0.00249427875,29,1,0.0,0.0,0.0,0.0,0.0,0.433786,0.42500000000000004
74.84,0.3563809523809524,0.00249427875,29,1,0.0,0.0,0.0,0.0,0.0,0.43890899,0.225
74.84,0.3401818181818182,0.00249427875,29,1,0.0,0.0,0.0,0.0,0.0,0.42995101,0.10000000549999999
74.84,0.44023529411764706,0.00249427875,29,1,0.0,0.0,0.0,0.0,0.0,0.462293,2.0
74.84,0.4157777777777778,0.00249427875,29,1,0.0,0.0,0.0,0.0,0.0,0.446697,1.3
74.84,0.3938947368421053,0.00249427875,29,1,0.0,0.0,0.0,0.0,0.0,0.43788201,0.775000005
74.84,0.37420000000000003,0.0035625422857142857,92,1,0.0,0.0,0.0,0.0,0.0,0.45924601,1.2
74.84,0.3563809523809524,0.0035625422857142857,92,1,0.0,0.0,0.0,0.0,0.0,0.453199,0.875
74.84,0.3401818181818182,0.0035625422857142857,92,1,0.0,0.0,0.0,0.0,0.0,0.45609599,0.650000005
74.84,0.3253913043478261,0.0035625422857142857,92,1,0.0,0.0,0.0,0.0,0.0,0.44821599,0.45000000500000004
74.84,0.3938947368421053,0.0035625422857142857,92,1,0.0,0.0,0.0,0.0,0.0,0.46362999,1.6
74.84,0.46775,0.004543785934065934,183,-1,0.0,0.0,0.0,0.0,0.0,0.47505599,1.2
74.84,0.4157777777777778,0.004543785934065934,183,-1,0.0,0.0,0.0,0.0,0.0,0.45975,2.025
74.84,0.37420000000000003,0.00249427875,29,-1,0.0,0.0,0.0,0.0,0.0,0.43432599,1.75
74.84,0.46775,0.00249427875,29,-1,0.0,0.0,0.0,0.0,0.0,0.48280799,0.15000000000000002
74.84,0.44023529411764706,0.00249427875,29,-1,0.0,0.0,0.0,0.0,0.0,0.44949499,0.29999999499999996
74.84,0.4157777777777778,0.00249427875,29,-1,0.0,0.0,0.0,0.0,0.0,0.44826201,0.625
74.84,0.3938947368421053,0.00249427875,29,-1,0.0,0.0,0.0,0.0,0.0,0.438687,1.1
74.84,0.4157777777777778,0.0035625422857142857,92,-1,0.0,0.0,0.0,0.0,0.0,0.47156301,1.4
74.84,0.3938947368421053,0.0035625422857142857,92,-1,0.0,0.0,0.0,0.0,0.0,0.463981,1.9
73.36,0.3668,0.0043392423076923075,180,1,0.0,0.0,0.0,0.0,0.0,0.44409901,1.65
73.36,0.34933333333333333,0.0043392423076923075,180,1,0.0,0.0,0.0,0.0,0.0,0.43518299,1.3
73.36,0.40755555555555556,0.0043392423076923075,180,1,0.0,0.0,0.0,0.0,0.0,0.45537999,2.5
73.36,0.38610526315789473,0.0043392423076923075,180,1,0.0,0.0,0.0,0.0,0.0,0.451058,2.04999995
73.36,0.3668,0.0034259485714285714,89,1,0.0,0.0,0.0,0.0,0.0,0.45120701,0.999999995
73.36,0.29344,0.0034259485714285714,89,1,0.0,0.0,0.0,0.0,0.0,0.464156,0.20000000499999998
73.36,0.34933333333333333,0.0034259485714285714,89,1,0.0,0.0,0.0,0.0,0.0,0.45019999,0.724999995
73.36,0.30566666666666664,0.0034259485714285714,89,1,0.0,0.0,0.0,0.0,0.0,0.45940799,0.275000005
73.36,0.33345454545454545,0.0034259485714285714,89,1,0.0,0.0,0.0,0.0,0.0,0.45209801,0.525000005
73.36,0.4315294117647059,0.0034259485714285714,89,1,0.0,0.0,0.0,0.0,0.0,0.47208899,2.3999999499999998
73.36,0.40755555555555556,0.0034259485714285714,89,1,0.0,0.0,0.0,0.0,0.0,0.46765801,1.85
73.36,0.38610526315789473,0.0034259485714285714,89,1,0.0,0.0,0.0,0.0,0.0,0.45798701,1.375
73.36,0.4315294117647059,0.0043392423076923075,180,-1,0.0,0.0,0.0,0.0,0.0,0.46139199,1.65
73.36,0.40755555555555556,0.0043392423076923075,180,-1,0.0,0.0,0.0,0.0,0.0,0.450679,2.1000000500000002
73.36,0.38610526315789473,0.0043392423076923075,180,-1,0.0,0.0,0.0,0.0,0.0,0.44674399,2.6499999499999998
73.36,0.3668,0.0034259485714285714,89,-1,0.0,0.0,0.0,0.0,0.0,0.45131701,2.6499999499999998
73.36,0.4315294117647059,0.0034259485714285714,89,-1,0.0,0.0,0.0,0.0,0.0,0.47167,1.05
73.36,0.40755555555555556,0.0034259485714285714,89,-1,0.0,0.0,0.0,0.0,0.0,0.453343,1.45
73.36,0.38610526315789473,0.0034259485714285714,89,-1,0.0,0.0,0.0,0.0,0.0,0.45102701,2.0
74.08,0.3367272727272727,0.004173595274725275,179,1,0.0,0.0,0.0,0.0,0.0,0.42952901,1.075
74.08,0.43576470588235294,0.004173595274725275,179,-1,0.0,0.0,0.0,0.0,0.0,0.454252,1.55
74.08,0.41155555555555556,0.004173595274725275,179,-1,0.0,0.0,0.0,0.0,0.0,0.44641399,2.0
79.32,0.39659999999999995,0.0038323270329670327,178,1,0.0,0.0,0.0,0.0,0.0,0.45118099,2.42499995
79.32,0.31727999999999995,0.0038323270329670327,178,1,0.0,0.0,0.0,0.0,0.0,0.430502,0.849999995
79.32,0.37771428571428567,0.0038323270329670327,178,1,0.0,0.0,0.0,0.0,0.0,0.44179299,1.9749999999999999
79.32,0.33049999999999996,0.0038323270329670327,178,1,0.0,0.0,0.0,0.0,0.0,0.43087301,1.05
79.32,0.3605454545454545,0.0038323270329670327,178,1,0.0,0.0,0.0,0.0,0.0,0.44003001,1.625
79.32,0.34486956521739126,0.0038323270329670327,178,1,0.0,0.0,0.0,0.0,0.0,0.43772799,1.325
79.32,0.4665882352941176,0.0038323270329670327,178,1,0.0,0.0,0.0,0.0,0.0,0.47183201,4.0999999
79.32,0.44066666666666665,0.0038323270329670327,178,1,0.0,0.0,0.0,0.0,0.0,0.46904999,3.5
79.32,0.4174736842105263,0.0038323270329670327,178,1,0.0,0.0,0.0,0.0,0.0,0.45875299,2.92499995
79.32,0.39659999999999995,0.0038323270329670327,178,-1,0.0,0.0,0.0,0.0,0.0,0.449379,2.54999995
79.32,0.31727999999999995,0.0038323270329670327,178,-1,0.0,0.0,0.0,0.0,0.0,0.434717,6.0
79.32,0.37771428571428567,0.0038323270329670327,178,-1,0.0,0.0,0.0,0.0,0.0,0.44021901,3.1
79.32,0.33049999999999996,0.0038323270329670327,178,-1,0.0,0.0,0.0,0.0,0.0,0.43468499,5.20000005
79.32,0.3605454545454545,0.0038323270329670327,178,-1,0.0,0.0,0.0,0.0,0.0,0.44780901,3.8000000500000004
79.32,0.34486956521739126,0.0038323270329670327,178,-1,0.0,0.0,0.0,0.0,0.0,0.436425,4.45000005
79.32,0.5665714285714285,0.0038323270329670327,178,-1,0.0,0.0,0.0,0.0,0.0,0.489896,0.45000000500000004
79.32,0.4665882352941176,0.0038323270329670327,178,-1,0.0,0.0,0.0,0.0,0.0,0.46870399,1.225
79.32,0.44066666666666665,0.0038323270329670327,178,-1,0.0,0.0,0.0,0.0,0.0,0.46147099,1.6
79.32,0.4174736842105263,0.0038323270329670327,178,-1,0.0,0.0,0.0,0.0,0.0,0.456642,2.04999995
79.32,0.26439999999999997,0.0038323270329670327,178,1,0.0,0.0,0.0,0.0,0.0,0.41713199,0.25000000499999997
79.32,0.305076923076923,0.0038323270329670327,178,1,0.0,0.0,0.0,0.0,0.0,0.427719,0.67500001
77.16,0.3858,0.003867994175824176,177,1,0.0,0.0,0.0,0.0,0.0,0.43902299,2.04999995
77.16,0.30863999999999997,0.003867994175824176,177,1,0.0,0.0,0.0,0.0,0.0,0.418015,0.650000005
77.16,0.36742857142857144,0.003867994175824176,177,1,0.0,0.0,0.0,0.0,0.0,0.43201301,1.65
77.16,0.3215,0.003867994175824176,177,1,0.0,0.0,0.0,0.0,0.0,0.42532799,0.849999995
77.16,0.3507272727272727,0.003867994175824176,177,1,0.0,0.0,0.0,0.0,0.0,0.432971,1.35
77.16,0.3354782608695652,0.003867994175824176,177,1,0.0,0.0,0.0,0.0,0.0,0.42365599,1.05
77.16,0.42866666666666664,0.003867994175824176,177,1,0.0,0.0,0.0,0.0,0.0,0.455257,3.04999995
77.16,0.5144,0.003867994175824176,177,-1,0.0,0.0,0.0,0.0,0.0,0.47755799,0.724999995
77.16,0.3858,0.003867994175824176,177,-1,0.0,0.0,0.0,0.0,0.0,0.43917999,2.75
77.16,0.5511428571428572,0.003867994175824176,177,-1,0.0,0.0,0.0,0.0,0.0,0.48418301,0.5
77.16,0.4061052631578947,0.003867994175824176,177,-1,0.0,0.0,0.0,0.0,0.0,0.44354999,2.20000005
81.4,0.40700000000000003,0.0030614477142857145,93,1,0.0,0.0,0.0,0.0,0.0,0.46634501,2.04999995
81.4,0.33916666666666667,0.0030614477142857145,93,1,0.0,0.0,0.0,0.0,0.0,0.457856,0.69999999
81.4,0.428421052631579,0.0030614477142857145,93,1,0.0,0.0,0.0,0.0,0.0,0.466894,2.57500005
81.4,0.3617777777777778,0.0030614477142857145,93,1,0.0,0.0,0.0,0.0,0.0,0.45405799,1.05
81.4,0.40700000000000003,0.0030614477142857145,93,-1,0.0,0.0,0.0,0.0,0.0,0.457643,1.7
81.4,0.33916666666666667,0.0030614477142857145,93,-1,0.0,0.0,0.0,0.0,0.0,0.462598,4.4000001
82.24,0.27413333333333334,0.0031149565714285714,92,1,0.0,0.0,0.0,0.0,0.0,0.441652,0.10000000549999999
82.24,0.41119999999999995,0.0031149565714285714,92,1,0.0,0.0,0.0,0.0,0.0,0.456301,2.1499999499999998
82.24,0.32896,0.0031149565714285714,92,1,0.0,0.0,0.0,0.0,0.0,0.44233999,0.525000005
82.24,0.3916190476190476,0.0031149565714285714,92,1,0.0,0.0,0.0,0.0,0.0,0.446731,1.65
82.24,0.43284210526315786,0.0031149565714285714,92,1,0.0,0.0,0.0,0.0,0.0,0.45702001,2.70000005
82.24,0.36551111111111106,0.0031149565714285714,92,1,0.0,0.0,0.0,0.0,0.0,0.44420901,1.1
82.24,0.43284210526315786,0.0031149565714285714,92,-1,0.0,0.0,0.0,0.0,0.0,0.449826,1.1
82.24,0.4699428571428571,0.0031149565714285714,92,-1,0.0,0.0,0.0,0.0,0.0,0.460861,0.625
83.32,0.41659999999999997,0.003140748857142857,89,1,0.0,0.0,0.0,0.0,0.0,0.43491101,2.20000005
83.32,0.3703111111111111,0.003140748857142857,89,1,0.0,0.0,0.0,0.0,0.0,0.42462099,1.1
83.32,0.5554666666666667,0.003140748857142857,89,-1,0.0,0.0,0.0,0.0,0.0,0.47482899,0.15000000000000002
83.32,0.41659999999999997,0.003140748857142857,89,-1,0.0,0.0,0.0,0.0,0.0,0.433575,1.35
83.32,0.43852631578947365,0.003140748857142857,89,-1,0.0,0.0,0.0,0.0,0.0,0.438842,0.94999999
83.32,0.6665599999999999,0.003140748857142857,89,-1,0.0,0.0,0.0,0.0,0.0,0.49244601,0.0250000005
83.32,0.47611428571428566,0.003140748857142857,89,-1,0.0,0.0,0.0,0.0,0.0,0.44282001,0.5
83.32,0.3703111111111111,0.003140748857142857,89,-1,0.0,0.0,0.0,0.0,0.0,0.42355901,2.75
79.88,0.5325333333333333,0.0025154007142857144,32,1,0.0,0.0,0.0,0.0,0.0,0.55577701,5.0
79.88,0.3994,0.0025154007142857144,32,1,0.0,0.0,0.0,0.0,0.0,0.447258,1.025
79.88,0.3803809523809524,0.0025154007142857144,32,1,0.0,0.0,0.0,0.0,0.0,0.45523399,0.650000005
79.88,0.3630909090909091,0.0025154007142857144,32,1,0.0,0.0,0.0,0.0,0.0,0.45100099,0.375
79.88,0.4204210526315789,0.0025154007142857144,32,1,0.0,0.0,0.0,0.0,0.0,0.46275499,1.6
79.88,0.3994,0.0025154007142857144,32,-1,0.0,0.0,0.0,0.0,0.0,0.45340699,1.1
79.88,0.4698823529411764,0.0025154007142857144,32,-1,0.0,0.0,0.0,0.0,0.0,0.482849,0.17500000500000001
79.88,0.44377777777777777,0.0025154007142857144,32,-1,0.0,0.0,0.0,0.0,0.0,0.45249999,0.32499999999999996
79.88,0.4204210526315789,0.0025154007142857144,32,-1,0.0,0.0,0.0,0.0,0.0,0.44676301,0.625
78.92,0.3946,0.0025005867857142857,31,1,0.0,0.0,0.0,0.0,0.0,0.44705501,0.900000005
78.92,0.31568,0.0025005867857142857,31,1,0.0,0.0,0.0,0.0,0.0,0.467273,0.05
78.92,0.3758095238095238,0.0025005867857142857,31,1,0.0,0.0,0.0,0.0,0.0,0.43998501,0.525000005
78.92,0.32883333333333337,0.0025005867857142857,31,1,0.0,0.0,0.0,0.0,0.0,0.46824801,0.10000000549999999
78.92,0.35872727272727273,0.0025005867857142857,31,1,0.0,0.0,0.0,0.0,0.0,0.444287,0.29999999499999996
78.92,0.3431304347826087,0.0025005867857142857,31,1,0.0,0.0,0.0,0.0,0.0,0.45722401,0.17500000500000001
78.92,0.43844444444444447,0.0025005867857142857,31,1,0.0,0.0,0.0,0.0,0.0,0.432794,2.04999995
78.92,0.3946,0.0025005867857142857,31,-1,0.0,0.0,0.0,0.0,0.0,0.43627301,1.15
78.92,0.4642352941176471,0.0025005867857142857,31,-1,0.0,0.0,0.0,0.0,0.0,0.468476,0.17500000500000001
78.92,0.43844444444444447,0.0025005867857142857,31,-1,0.0,0.0,0.0,0.0,0.0,0.447754,0.35000001000000003
78.92,0.4153684210526316,0.0025005867857142857,31,-1,0.0,0.0,0.0,0.0,0.0,0.44277799,0.674999985
79.84,0.3992,0.0024929617857142854,30,1,0.0,0.0,0.0,0.0,0.0,0.42674899,0.94999999
79.84,0.31936000000000003,0.0024929617857142854,30,1,0.0,0.0,0.0,0.0,0.0,0.455964,0.05
79.84,0.3801904761904762,0.0024929617857142854,30,1,0.0,0.0,0.0,0.0,0.0,0.43357301,0.575000015
79.84,0.33266666666666667,0.0024929617857142854,30,1,0.0,0.0,0.0,0.0,0.0,0.45423701,0.10000000549999999
79.84,0.3629090909090909,0.0024929617857142854,30,1,0.0,0.0,0.0,0.0,0.0,0.42202401,0.29999999499999996
79.84,0.3471304347826087,0.0024929617857142854,30,1,0.0,0.0,0.0,0.0,0.0,0.439807,0.17500000500000001
79.84,0.4435555555555556,0.0024929617857142854,30,1,0.0,0.0,0.0,0.0,0.0,0.45245501,2.25
79.84,0.4202105263157895,0.0024929617857142854,30,1,0.0,0.0,0.0,0.0,0.0,0.426669,1.5
79.84,0.5322666666666667,0.0024929617857142854,30,-1,0.0,0.0,0.0,0.0,0.0,0.51192302,0.0250000005
79.84,0.3992,0.0024929617857142854,30,-1,0.0,0.0,0.0,0.0,0.0,0.42704701,0.999999995
79.84,0.4696470588235294,0.0024929617857142854,30,-1,0.0,0.0,0.0,0.0,0.0,0.45262599,0.125000005
79.84,0.4435555555555556,0.0024929617857142854,30,-1,0.0,0.0,0.0,0.0,0.0,0.45325601,0.29999999499999996
79.84,0.4202105263157895,0.0024929617857142854,30,-1,0.0,0.0,0.0,0.0,0.0,0.42709801,0.55000001
78.84,0.3942,0.0024885678571428572,29,1,0.0,0.0,0.0,0.0,0.0,0.42233199,0.80000001
78.84,0.37542857142857144,0.0024885678571428572,29,1,0.0,0.0,0.0,0.0,0.0,0.42146701,0.45000000500000004
78.84,0.3583636363636364,0.0024885678571428572,29,1,0.0,0.0,0.0,0.0,0.0,0.43123099,0.25000000499999997
78.84,0.3427826086956522,0.0024885678571428572,29,1,0.0,0.0,0.0,0.0,0.0,0.431896,0.125000005
78.84,0.438,0.0024885678571428572,29,1,0.0,0.0,0.0,0.0,0.0,0.428161,2.0
78.84,0.4149473684210527,0.0024885678571428572,29,1,0.0,0.0,0.0,0.0,0.0,0.41701201,1.3
78.84,0.3942,0.0024885678571428572,29,-1,0.0,0.0,0.0,0.0,0.0,0.422566,1.1
78.84,0.37542857142857144,0.0024885678571428572,29,-1,0.0,0.0,0.0,0.0,0.0,0.421725,1.75
78.84,0.46376470588235297,0.0024885678571428572,29,-1,0.0,0.0,0.0,0.0,0.0,0.459025,0.15000000000000002
78.84,0.438,0.0024885678571428572,29,-1,0.0,0.0,0.0,0.0,0.0,0.428873,0.29999999499999996
78.84,0.4149473684210527,0.0024885678571428572,29,-1,0.0,0.0,0.0,0.0,0.0,0.417353,0.599999995
71.4,0.35700000000000004,0.0024143514285714287,32,1,0.0,0.0,0.0,0.0,0.0,0.381253,0.17500000500000001
71.4,0.42000000000000004,0.0024143514285714287,32,1,0.0,0.0,0.0,0.0,0.0,0.391251,1.3
71.4,0.3966666666666667,0.0024143514285714287,32,1,0.0,0.0,0.0,0.0,0.0,0.376995,0.724999995
71.4,0.37578947368421056,0.0024143514285714287,32,1,0.0,0.0,0.0,0.0,0.0,0.37973601,0.375
71.4,0.47600000000000003,0.0024143514285714287,32,-1,0.0,0.0,0.0,0.0,0.0,0.42043501,0.0750000005
71.4,0.34,0.0024143514285714287,32,-1,0.0,0.0,0.0,0.0,0.0,0.350555,3.1999999499999996
71.4,0.42000000000000004,0.0024143514285714287,32,-1,0.0,0.0,0.0,0.0,0.0,0.391229,0.45000000500000004
71.4,0.3966666666666667,0.0024143514285714287,32,-1,0.0,0.0,0.0,0.0,0.0,0.37705901,0.875
71.4,0.37578947368421056,0.0024143514285714287,32,-1,0.0,0.0,0.0,0.0,0.0,0.37990099,1.525
70.68,0.35340000000000005,0.0024031365714285717,31,1,0.0,0.0,0.0,0.0,0.0,0.392914,0.15000000000000002
70.68,0.3365714285714286,0.0024031365714285717,31,1,0.0,0.0,0.0,0.0,0.0,0.410436,0.0750000005
70.68,0.415764705882353,0.0024031365714285717,31,1,0.0,0.0,0.0,0.0,0.0,0.38788199,1.15
70.68,0.3926666666666667,0.0024031365714285717,31,1,0.0,0.0,0.0,0.0,0.0,0.379953,0.625
70.68,0.37200000000000005,0.0024031365714285717,31,1,0.0,0.0,0.0,0.0,0.0,0.375871,0.29999999499999996
70.68,0.44175000000000003,0.0024031365714285717,31,-1,0.0,0.0,0.0,0.0,0.0,0.386435,0.20000000499999998
70.68,0.415764705882353,0.0024031365714285717,31,-1,0.0,0.0,0.0,0.0,0.0,0.37554401,0.474999995
70.68,0.3926666666666667,0.0024031365714285717,31,-1,0.0,0.0,0.0,0.0,0.0,0.36804801,0.94999999
69.72,0.3486,0.0023935345714285712,30,1,0.0,0.0,0.0,0.0,0.0,0.40423399,0.125000005
69.72,0.3031304347826087,0.0023935345714285712,30,1,0.0,0.0,0.0,0.0,0.0,0.48803401,0.0250000005
69.72,0.41011764705882353,0.0023935345714285712,30,1,0.0,0.0,0.0,0.0,0.0,0.37514299,0.974999995
69.72,0.3873333333333333,0.0023935345714285712,30,1,0.0,0.0,0.0,0.0,0.0,0.38303301,0.525000005
69.72,0.36694736842105263,0.0023935345714285712,30,1,0.0,0.0,0.0,0.0,0.0,0.40109801,0.275000005
69.72,0.41011764705882353,0.0023935345714285712,30,-1,0.0,0.0,0.0,0.0,0.0,0.37945399,0.55000001
69.72,0.3873333333333333,0.0023935345714285712,30,-1,0.0,0.0,0.0,0.0,0.0,0.37441799,1.0750000000000002
69.72,0.36694736842105263,0.0023935345714285712,30,-1,0.0,0.0,0.0,0.0,0.0,0.373974,1.8
69.2,0.4613333333333334,0.002381598857142857,29,1,0.0,0.0,0.0,0.0,0.0,0.41361001,2.3999999499999998
69.2,0.34600000000000003,0.002381598857142857,29,1,0.0,0.0,0.0,0.0,0.0,0.373061,0.0750000005
69.2,0.32952380952380955,0.002381598857142857,29,1,0.0,0.0,0.0,0.0,0.0,0.37147501,0.0250000005
69.2,0.4070588235294118,0.002381598857142857,29,1,0.0,0.0,0.0,0.0,0.0,0.370965,0.875
69.2,0.3844444444444445,0.002381598857142857,29,1,0.0,0.0,0.0,0.0,0.0,0.36378601,0.42500000000000004
69.2,0.3642105263157895,0.002381598857142857,29,1,0.0,0.0,0.0,0.0,0.0,0.35870299,0.17500000500000001
69.2,0.4613333333333334,0.002381598857142857,29,-1,0.0,0.0,0.0,0.0,0.0,0.38229299,0.0750000005
69.2,0.34600000000000003,0.002381598857142857,29,-1,0.0,0.0,0.0,0.0,0.0,0.33974701,2.75
69.2,0.4325,0.002381598857142857,29,-1,0.0,0.0,0.0,0.0,0.0,0.36805499,0.225
69.2,0.4070588235294118,0.002381598857142857,29,-1,0.0,0.0,0.0,0.0,0.0,0.34464201,0.525000005
69.2,0.3844444444444445,0.002381598857142857,29,-1,0.0,0.0,0.0,0.0,0.0,0.35027301,1.1
69.2,0.3642105263157895,0.002381598857142857,29,-1,0.0,0.0,0.0,0.0,0.0,0.358978,1.875
65.72,0.3865882352941176,0.003849505054945055,187,1,0.0,0.0,0.0,0.0,0.0,0.409154,1.6749999999999998
65.72,0.3651111111111111,0.003849505054945055,187,1,0.0,0.0,0.0,0.0,0.0,0.405709,1.3
65.84,0.43893333333333334,0.002359282,32,1,0.0,0.0,0.0,0.0,0.0,0.40574899,1.7
65.84,0.3292,0.002359282,32,1,0.0,0.0,0.0,0.0,0.0,0.40869501,0.05
65.84,0.4702857142857143,0.002359282,32,1,0.0,0.0,0.0,0.0,0.0,0.42245999,2.54999995
65.84,0.41150000000000003,0.002359282,32,1,0.0,0.0,0.0,0.0,0.0,0.389162,0.999999995
65.84,0.3465263157894737,0.002359282,32,1,0.0,0.0,0.0,0.0,0.0,0.40980399,0.125000005
65.84,0.37622857142857147,0.002359282,32,1,0.0,0.0,0.0,0.0,0.0,0.392766,0.375
65.84,0.2992727272727273,0.004023604395604396,186,1,0.0,0.0,0.0,0.0,0.0,0.40364701,0.45000000500000004
65.84,0.41150000000000003,0.004023604395604396,186,1,0.0,0.0,0.0,0.0,0.0,0.41951001,2.1750000500000004
65.84,0.38729411764705884,0.004023604395604396,186,1,0.0,0.0,0.0,0.0,0.0,0.411585,1.7
65.84,0.43893333333333334,0.002359282,32,-1,0.0,0.0,0.0,0.0,0.0,0.39699101,0.225
65.84,0.41150000000000003,0.002359282,32,-1,0.0,0.0,0.0,0.0,0.0,0.38281,0.525000005
65.84,0.37622857142857147,0.002359282,32,-1,0.0,0.0,0.0,0.0,0.0,0.37154499,1.375
65.84,0.43893333333333334,0.004023604395604396,186,-1,0.0,0.0,0.0,0.0,0.0,0.42566001,1.25
65.84,0.3657777777777778,0.004023604395604396,186,-1,0.0,0.0,0.0,0.0,0.0,0.40904999,2.8500000500000002
67.16,0.3358,0.0023564,31,1,0.0,0.0,0.0,0.0,0.0,0.41906399,0.0750000005
67.16,0.31980952380952377,0.0023564,31,1,0.0,0.0,0.0,0.0,0.0,0.46233401,0.05
67.16,0.41974999999999996,0.0023564,31,1,0.0,0.0,0.0,0.0,0.0,0.37867999,1.1749999999999998
67.16,0.38377142857142854,0.0023564,31,1,0.0,0.0,0.0,0.0,0.0,0.36694801,0.42500000000000004
67.16,0.29848888888888886,0.0023564,31,1,0.0,0.0,0.0,0.0,0.0,0.50648701,0.0250000005
67.16,0.4477333333333333,0.0038199247252747254,185,1,0.0,0.0,0.0,0.0,0.0,0.42773601,2.95000005
67.16,0.41974999999999996,0.0038199247252747254,185,1,0.0,0.0,0.0,0.0,0.0,0.415382,2.3500000500000002
67.16,0.39505882352941174,0.0038199247252747254,185,1,0.0,0.0,0.0,0.0,0.0,0.40794399,1.85
67.16,0.4477333333333333,0.0023564,31,-1,0.0,0.0,0.0,0.0,0.0,0.38585401,0.15000000000000002
67.16,0.31980952380952377,0.0023564,31,-1,0.0,0.0,0.0,0.0,0.0,0.40896901,4.25
67.16,0.41974999999999996,0.0023564,31,-1,0.0,0.0,0.0,0.0,0.0,0.364921,0.375
67.16,0.38377142857142854,0.0023564,31,-1,0.0,0.0,0.0,0.0,0.0,0.35352701,1.125
67.16,0.4477333333333333,0.0038199247252747254,185,-1,0.0,0.0,0.0,0.0,0.0,0.42104599,1.125
67.16,0.41974999999999996,0.0038199247252747254,185,-1,0.0,0.0,0.0,0.0,0.0,0.41514099,1.55
66.04,0.33020000000000005,0.0023574735294117645,30,1,0.0,0.0,0.0,0.0,0.0,0.41677201,0.05
66.04,0.41275000000000006,0.0023574735294117645,30,1,0.0,0.0,0.0,0.0,0.0,0.38448599,0.999999995
66.04,0.3475789473684211,0.0023574735294117645,30,1,0.0,0.0,0.0,0.0,0.0,0.39096999,0.10000000549999999
66.04,0.3773714285714286,0.0023574735294117645,30,1,0.0,0.0,0.0,0.0,0.0,0.36650899,0.32499999999999996
66.04,0.41275000000000006,0.0028163931428571427,93,1,0.0,0.0,0.0,0.0,0.0,0.412806,1.625
66.04,0.3475789473684211,0.0028163931428571427,93,1,0.0,0.0,0.0,0.0,0.0,0.40319499,0.525000005
66.04,0.3144761904761905,0.0035217264835164836,184,1,0.0,0.0,0.0,0.0,0.0,0.38975,0.55000001
66.04,0.3884705882352942,0.0035217264835164836,184,1,0.0,0.0,0.0,0.0,0.0,0.4066,1.7
66.04,0.36688888888888893,0.0035217264835164836,184,1,0.0,0.0,0.0,0.0,0.0,0.40480801,1.3250000000000002
66.04,0.3475789473684211,0.0035217264835164836,184,1,0.0,0.0,0.0,0.0,0.0,0.39839301,0.999999995
66.04,0.4402666666666667,0.0023574735294117645,30,-1,0.0,0.0,0.0,0.0,0.0,0.377763,0.17500000500000001
66.04,0.47171428571428575,0.0023574735294117645,30,-1,0.0,0.0,0.0,0.0,0.0,0.42523801,0.0750000005
66.04,0.41275000000000006,0.0023574735294117645,30,-1,0.0,0.0,0.0,0.0,0.0,0.36367899,0.45000000500000004
66.04,0.3475789473684211,0.0023574735294117645,30,-1,0.0,0.0,0.0,0.0,0.0,0.37753001,2.57500005
66.04,0.3773714285714286,0.0023574735294117645,30,-1,0.0,0.0,0.0,0.0,0.0,0.35933501,1.3
66.04,0.47171428571428575,0.0028163931428571427,93,-1,0.0,0.0,0.0,0.0,0.0,0.40915501,0.375
66.04,0.41275000000000006,0.0028163931428571427,93,-1,0.0,0.0,0.0,0.0,0.0,0.40380001,1.0750000000000002
66.04,0.52832,0.0028163931428571427,93,-1,0.0,0.0,0.0,0.0,0.0,0.43324801,0.15000000000000002
66.04,0.3884705882352942,0.0035217264835164836,184,-1,0.0,0.0,0.0,0.0,0.0,0.40407699,2.1499999499999998
66.04,0.22013333333333335,0.0023574735294117645,30,1,0.0,0.0,0.0,0.0,0.0,0.926467,0.0250000005
66.88,0.418,0.002338930588235294,29,1,0.0,0.0,0.0,0.0,0.0,0.377031,1.1
66.88,0.352,0.002338930588235294,29,1,0.0,0.0,0.0,0.0,0.0,0.37373999,0.10000000549999999
66.88,0.38217142857142855,0.002338930588235294,29,1,0.0,0.0,0.0,0.0,0.0,0.36604601,0.375
66.88,0.3344,0.002800486285714286,92,1,0.0,0.0,0.0,0.0,0.0,0.39218101,0.35000001000000003
66.88,0.304,0.002800486285714286,92,1,0.0,0.0,0.0,0.0,0.0,0.40042701,0.15000000000000002
66.88,0.418,0.002800486285714286,92,1,0.0,0.0,0.0,0.0,0.0,0.40381199,1.7
66.88,0.352,0.002800486285714286,92,1,0.0,0.0,0.0,0.0,0.0,0.38736799,0.525000005
66.88,0.2786666666666667,0.0035265395604395598,183,1,0.0,0.0,0.0,0.0,0.0,0.39056301,0.25000000499999997
66.88,0.418,0.0035265395604395598,183,1,0.0,0.0,0.0,0.0,0.0,0.408025,2.2749999499999998
66.88,0.39341176470588235,0.0035265395604395598,183,1,0.0,0.0,0.0,0.0,0.0,0.405379,1.8
66.88,0.37155555555555553,0.0035265395604395598,183,1,0.0,0.0,0.0,0.0,0.0,0.401822,1.4
66.88,0.352,0.0035265395604395598,183,1,0.0,0.0,0.0,0.0,0.0,0.393231,1.05
66.88,0.44586666666666663,0.002338930588235294,29,-1,0.0,0.0,0.0,0.0,0.0,0.41087899,0.17500000500000001
66.88,0.418,0.002338930588235294,29,-1,0.0,0.0,0.0,0.0,0.0,0.363179,0.375
66.88,0.352,0.002338930588235294,29,-1,0.0,0.0,0.0,0.0,0.0,0.37396601,2.3999999499999998
66.88,0.38217142857142855,0.002338930588235294,29,-1,0.0,0.0,0.0,0.0,0.0,0.351762,1.15
66.88,0.418,0.002800486285714286,92,-1,0.0,0.0,0.0,0.0,0.0,0.404264,0.999999995
66.88,0.39341176470588235,0.002800486285714286,92,-1,0.0,0.0,0.0,0.0,0.0,0.39946499,1.5
66.88,0.3344,0.0035265395604395598,183,-1,0.0,0.0,0.0,0.0,0.0,0.392564,4.04999995
66.88,0.4777142857142857,0.0035265395604395598,183,-1,0.0,0.0,0.0,0.0,0.0,0.43143299,0.80000001
67.44,0.3372,0.002788532857142857,89,1,0.0,0.0,0.0,0.0,0.0,0.37506601,0.32499999999999996
67.44,0.3065454545454545,0.002788532857142857,89,1,0.0,0.0,0.0,0.0,0.0,0.37928399,0.125000005
67.44,0.4215,0.002788532857142857,89,1,0.0,0.0,0.0,0.0,0.0,0.396411,1.75
67.44,0.3967058823529412,0.002788532857142857,89,1,0.0,0.0,0.0,0.0,0.0,0.38253301,1.2
67.44,0.37466666666666665,0.002788532857142857,89,1,0.0,0.0,0.0,0.0,0.0,0.377799,0.80000001
67.44,0.4496,0.002788532857142857,89,-1,0.0,0.0,0.0,0.0,0.0,0.395224,0.525000005
67.44,0.4817142857142857,0.002788532857142857,89,-1,0.0,0.0,0.0,0.0,0.0,0.40877199,0.29999999499999996
67.44,0.3967058823529412,0.002788532857142857,89,-1,0.0,0.0,0.0,0.0,0.0,0.38288599,1.35
67.44,0.4496,0.0036343715384615383,180,-1,0.0,0.0,0.0,0.0,0.0,0.40238401,0.999999995
67.44,0.3967058823529412,0.0036343715384615383,180,-1,0.0,0.0,0.0,0.0,0.0,0.390095,1.9
68.28,0.3251428571428571,0.0036029537362637365,179,1,0.0,0.0,0.0,0.0,0.0,0.378932,0.625
68.28,0.35936842105263156,0.0036029537362637365,179,1,0.0,0.0,0.0,0.0,0.0,0.39068499,1.15
68.28,0.42675,0.0036029537362637365,179,-1,0.0,0.0,0.0,0.0,0.0,0.40057099,1.35
68.28,0.5462400000000001,0.0036029537362637365,179,-1,0.0,0.0,0.0,0.0,0.0,0.42452601,0.32499999999999996
70.84,0.3373333333333334,0.0036299543956043955,178,1,0.0,0.0,0.0,0.0,0.0,0.38346601,0.825000015
70.84,0.322,0.0036299543956043955,178,1,0.0,0.0,0.0,0.0,0.0,0.37638199,0.599999995
70.84,0.39355555555555555,0.0036299543956043955,178,1,0.0,0.0,0.0,0.0,0.0,0.393866,1.8250000000000002
70.84,0.3542,0.0036299543956043955,178,-1,0.0,0.0,0.0,0.0,0.0,0.38693401,3.3500000500000002
70.84,0.506,0.0036299543956043955,178,-1,0.0,0.0,0.0,0.0,0.0,0.42181301,0.55000001
71.92,0.35960000000000003,0.003800877252747253,177,1,0.0,0.0,0.0,0.0,0.0,0.37919599,1.15
71.92,0.3424761904761905,0.003800877252747253,177,1,0.0,0.0,0.0,0.0,0.0,0.37725499,0.875
71.92,0.5137142857142857,0.003800877252747253,177,1,0.0,0.0,0.0,0.0,0.0,0.42271301,4.5
71.92,0.5137142857142857,0.003800877252747253,177,-1,0.0,0.0,0.0,0.0,0.0,0.42064399,0.5
71.92,0.39955555555555555,0.003800877252747253,177,-1,0.0,0.0,0.0,0.0,0.0,0.39170101,1.95
71.92,0.3785263157894737,0.003800877252747253,177,-1,0.0,0.0,0.0,0.0,0.0,0.38316,2.5
