S0,m,r,T,corp,alpha,beta,omega,gamma,lambda,sigma,V
86.79760043,0.2993020704482759,0.0032835943956043955,187,1,0.0,0.0,0.0,0.0,0.0,0.296877,3.6
86.79760043,0.27124250134375,0.0032835943956043955,187,1,0.0,0.0,0.0,0.0,0.0,0.27603701,1.95
86.79760043,0.2630230316060606,0.0032835943956043955,187,1,0.0,0.0,0.0,0.0,0.0,0.268859,1.525
86.79760043,0.30999143010714286,0.0032835943956043955,187,0,0.0,0.0,0.0,0.0,0.0,0.30001199,1.35
86.79760043,0.2993020704482759,0.0032835943956043955,187,0,0.0,0.0,0.0,0.0,0.0,0.29409099,1.7
86.79760043,0.27999225945161293,0.0032835943956043955,187,0,0.0,0.0,0.0,0.0,0.0,0.27918899,2.54999995
86.79760043,0.28932533476666666,0.0032835943956043955,187,0,0.0,0.0,0.0,0.0,0.0,0.28722101,2.1000000500000002
86.71416794000001,0.24775476554285716,0.0032392715384615385,186,1,0.0,0.0,0.0,0.0,0.0,0.247849,0.80000001
86.71416794000001,0.3096934569285715,0.0032392715384615385,186,0,0.0,0.0,0.0,0.0,0.0,0.29607299,1.3250000000000002
86.71416794000001,0.2890472264666667,0.0032392715384615385,186,0,0.0,0.0,0.0,0.0,0.0,0.28037101,2.04999995
87.49287118000001,0.27341522243750005,0.0033166949450549456,185,1,0.0,0.0,0.0,0.0,0.0,0.270224,2.0249999499999998
87.49287118000001,0.24997963194285716,0.0033166949450549456,185,1,0.0,0.0,0.0,0.0,0.0,0.256419,0.94999999
87.49287118000001,0.2573319740588236,0.0033166949450549456,185,1,0.0,0.0,0.0,0.0,0.0,0.25836101,1.225
87.49287118000001,0.31247453992857144,0.0033166949450549456,185,0,0.0,0.0,0.0,0.0,0.0,0.292519,1.2
87.49287118000001,0.27341522243750005,0.0033166949450549456,185,0,0.0,0.0,0.0,0.0,0.0,0.26894599,2.875
87.99346612000001,0.29331155373333334,0.0026662894285714284,93,1,0.0,0.0,0.0,0.0,0.0,0.27437001,2.54999995
87.99346612000001,0.2514099032,0.0026662894285714284,93,1,0.0,0.0,0.0,0.0,0.0,0.24140701,0.42500000000000004
87.99346612000001,0.26664686703030305,0.0026662894285714284,93,1,0.0,0.0,0.0,0.0,0.0,0.25499699,0.999999995
87.99346612000001,0.2588043121176471,0.0026662894285714284,93,1,0.0,0.0,0.0,0.0,0.0,0.239849,0.625
87.99346612000001,0.274979581625,0.0031930445054945055,184,1,0.0,0.0,0.0,0.0,0.0,0.26953399,2.1000000500000002
87.99346612000001,0.21998366530000002,0.0031930445054945055,184,1,0.0,0.0,0.0,0.0,0.0,0.232142,0.17500000500000001
87.99346612000001,0.26664686703030305,0.0031930445054945055,184,1,0.0,0.0,0.0,0.0,0.0,0.26288599,1.65
87.99346612000001,0.3259017263703704,0.0026662894285714284,93,0,0.0,0.0,0.0,0.0,0.0,0.297111,0.35000001000000003
87.99346612000001,0.31426237900000004,0.0026662894285714284,93,0,0.0,0.0,0.0,0.0,0.0,0.28423801,0.5
87.99346612000001,0.30342574524137933,0.0026662894285714284,93,0,0.0,0.0,0.0,0.0,0.0,0.270798,0.69999999
87.99346612000001,0.35197386448,0.0026662894285714284,93,0,0.0,0.0,0.0,0.0,0.0,0.32840401,0.17500000500000001
87.99346612000001,0.3384364081538462,0.0026662894285714284,93,0,0.0,0.0,0.0,0.0,0.0,0.31320801,0.25000000499999997
85.96327553,0.33062798280769234,0.0031622477142857143,183,0,0.0,0.0,0.0,0.0,0.0,0.30506301,0.80000001
85.96327553,0.26049477433333335,0.002651853142857143,92,1,0.0,0.0,0.0,0.0,0.0,0.25262299,0.724999995
85.96327553,0.23878687647222224,0.002651853142857143,92,1,0.0,0.0,0.0,0.0,0.0,0.230013,0.15000000000000002
85.96327553,0.29642508803448275,0.0031622477142857143,183,1,0.0,0.0,0.0,0.0,0.0,0.278974,3.25
85.96327553,0.27730088880645165,0.0031622477142857143,183,1,0.0,0.0,0.0,0.0,0.0,0.26662099,2.125
85.96327553,0.26049477433333335,0.0031622477142857143,183,1,0.0,0.0,0.0,0.0,0.0,0.257319,1.3
85.96327553,0.2528331633235294,0.0031622477142857143,183,1,0.0,0.0,0.0,0.0,0.0,0.25155199,0.974999995
85.96327553,0.31838250196296297,0.002651853142857143,92,0,0.0,0.0,0.0,0.0,0.0,0.295369,0.45000000500000004
85.96327553,0.3070116983214286,0.002651853142857143,92,0,0.0,0.0,0.0,0.0,0.0,0.28485301,0.650000005
85.96327553,0.29642508803448275,0.002651853142857143,92,0,0.0,0.0,0.0,0.0,0.0,0.26658499,0.875
85.96327553,0.26049477433333335,0.002651853142857143,92,0,0.0,0.0,0.0,0.0,0.0,0.244534,2.95000005
85.96327553,0.3070116983214286,0.0031622477142857143,183,0,0.0,0.0,0.0,0.0,0.0,0.28601,1.3
85.96327553,0.27730088880645165,0.0031622477142857143,183,0,0.0,0.0,0.0,0.0,0.0,0.267185,2.54999995
87.29819537,0.34919278148,0.0031651611428571425,179,0,0.0,0.0,0.0,0.0,0.0,0.308397,0.5
87.29819537,0.38799197942222224,0.0031651611428571425,179,0,0.0,0.0,0.0,0.0,0.0,0.33774501,0.25000000499999997
87.29819537,0.3357622898846154,0.0031651611428571425,179,0,0.0,0.0,0.0,0.0,0.0,0.297227,0.650000005
87.29819537,0.27280686053125003,0.0023437435714285717,32,1,0.0,0.0,0.0,0.0,0.0,0.24592701,0.650000005
87.29819537,0.2816070818387097,0.0023437435714285717,32,1,0.0,0.0,0.0,0.0,0.0,0.25478199,1.15
87.29819537,0.2909939845666667,0.0023437435714285717,32,1,0.0,0.0,0.0,0.0,0.0,0.25989699,1.8
87.29819537,0.26453998596969697,0.0023437435714285717,32,1,0.0,0.0,0.0,0.0,0.0,0.23113699,0.29999999499999996
87.29819537,0.24942341534285714,0.0031651611428571425,179,1,0.0,0.0,0.0,0.0,0.0,0.23686001,0.75
87.29819537,0.218245488425,0.0031651611428571425,179,1,0.0,0.0,0.0,0.0,0.0,0.22506,0.125000005
87.29819537,0.26453998596969697,0.0031651611428571425,179,1,0.0,0.0,0.0,0.0,0.0,0.24439,1.35
87.29819537,0.25675939814705884,0.0031651611428571425,179,1,0.0,0.0,0.0,0.0,0.0,0.23834801,0.999999995
87.29819537,0.3233266495185185,0.0023437435714285717,32,0,0.0,0.0,0.0,0.0,0.0,0.303092,0.05
87.29819537,0.30102825989655174,0.0023437435714285717,32,0,0.0,0.0,0.0,0.0,0.0,0.27971801,0.225
87.29819537,0.27280686053125003,0.0023437435714285717,32,0,0.0,0.0,0.0,0.0,0.0,0.237939,1.225
87.29819537,0.2816070818387097,0.0023437435714285717,32,0,0.0,0.0,0.0,0.0,0.0,0.25372499,0.75
87.29819537,0.2909939845666667,0.0023437435714285717,32,0,0.0,0.0,0.0,0.0,0.0,0.266794,0.42500000000000004
87.29819537,0.31177926917857146,0.0031651611428571425,179,0,0.0,0.0,0.0,0.0,0.0,0.27991599,1.1
87.29819537,0.27280686053125003,0.0031651611428571425,179,0,0.0,0.0,0.0,0.0,0.0,0.25036001,2.7250000500000002
87.29819537,0.2816070818387097,0.0031651611428571425,179,0,0.0,0.0,0.0,0.0,0.0,0.25837401,2.2250000500000002
87.29819537,0.34919278148,0.005243225274725274,368,1,0.0,0.0,0.0,0.0,0.0,0.29907101,7.04999995
87.29819537,0.24942341534285714,0.005243225274725274,368,1,0.0,0.0,0.0,0.0,0.0,0.25603199,1.625
87.29819537,0.218245488425,0.005243225274725274,368,1,0.0,0.0,0.0,0.0,0.0,0.244166,0.599999995
87.29819537,0.19399598971111112,0.005243225274725274,368,1,0.0,0.0,0.0,0.0,0.0,0.238222,0.20000000499999998
87.29819537,0.2909939845666667,0.005243225274725274,368,0,0.0,0.0,0.0,0.0,0.0,0.27285001,3.0
87.29819537,0.4988468306857143,0.005243225274725274,368,0,0.0,0.0,0.0,0.0,0.0,0.37146699,0.25000000499999997
86.82541126000001,0.2713294101875,0.0023350282142857144,31,1,0.0,0.0,0.0,0.0,0.0,0.237114,0.525000005
86.82541126000001,0.28008197180645167,0.0023350282142857144,31,1,0.0,0.0,0.0,0.0,0.0,0.249377,0.999999995
86.82541126000001,0.28941803753333334,0.0023350282142857144,31,1,0.0,0.0,0.0,0.0,0.0,0.26304999,1.65
86.82541126000001,0.2631073068484849,0.0023350282142857144,31,1,0.0,0.0,0.0,0.0,0.0,0.233861,0.25000000499999997
86.82541126000001,0.25536885664705883,0.0023350282142857144,31,1,0.0,0.0,0.0,0.0,0.0,0.228797,0.10000000549999999
86.82541126000001,0.3100907545,0.0031335191428571428,178,1,0.0,0.0,0.0,0.0,0.0,0.269912,4.0
86.82541126000001,0.299397969862069,0.0031335191428571428,178,1,0.0,0.0,0.0,0.0,0.0,0.26302901,3.3000000500000004
86.82541126000001,0.2713294101875,0.0031335191428571428,178,1,0.0,0.0,0.0,0.0,0.0,0.249079,1.675
86.82541126000001,0.28008197180645167,0.0031335191428571428,178,1,0.0,0.0,0.0,0.0,0.0,0.25147101,2.125
86.82541126000001,0.24807260360000002,0.0031335191428571428,178,1,0.0,0.0,0.0,0.0,0.0,0.23628899,0.69999999
86.82541126000001,0.299397969862069,0.0023350282142857144,31,0,0.0,0.0,0.0,0.0,0.0,0.27986699,0.25000000499999997
86.82541126000001,0.28008197180645167,0.0023350282142857144,31,0,0.0,0.0,0.0,0.0,0.0,0.246437,0.80000001
86.82541126000001,0.28941803753333334,0.0023350282142857144,31,0,0.0,0.0,0.0,0.0,0.0,0.260171,0.45000000500000004
86.82541126000001,0.32157559725925927,0.0031335191428571428,178,0,0.0,0.0,0.0,0.0,0.0,0.28749099,0.875
86.82541126000001,0.2713294101875,0.0031335191428571428,178,0,0.0,0.0,0.0,0.0,0.0,0.24956,2.79999995
86.82541126000001,0.28008197180645167,0.0031335191428571428,178,0,0.0,0.0,0.0,0.0,0.0,0.25900501,2.29999995
86.82541126000001,1.7365082252000001,0.005224085604395604,367,1,0.0,0.0,0.0,0.0,0.0,-99.989998,26.0
86.82541126000001,0.24807260360000002,0.005224085604395604,367,1,0.0,0.0,0.0,0.0,0.0,0.25295001,1.525
86.82541126000001,0.34730164504000005,0.005224085604395604,367,0,0.0,0.0,0.0,0.0,0.0,0.303289,1.3
86.82541126000001,0.28941803753333334,0.005224085604395604,367,0,0.0,0.0,0.0,0.0,0.0,0.271222,3.04999995
86.82541126000001,0.38589071671111114,0.005224085604395604,367,0,0.0,0.0,0.0,0.0,0.0,0.32391801,0.80000001
85.74078889,0.3297722649615385,0.0023289942857142856,30,0,0.0,0.0,0.0,0.0,0.0,0.34748599,0.05
85.74078889,0.26793996528125,0.0023289942857142856,30,1,0.0,0.0,0.0,0.0,0.0,0.255274,0.45000000500000004
85.74078889,0.27658318996774195,0.0023289942857142856,30,1,0.0,0.0,0.0,0.0,0.0,0.263026,0.849999995
85.74078889,0.28580262963333336,0.0023289942857142856,30,1,0.0,0.0,0.0,0.0,0.0,0.28059801,1.45
85.74078889,0.2598205723939394,0.0023289942857142856,30,1,0.0,0.0,0.0,0.0,0.0,0.23424099,0.17500000500000001
85.74078889,0.2521787908529412,0.0023289942857142856,30,1,0.0,0.0,0.0,0.0,0.0,0.237635,0.0750000005
85.74078889,0.29565789272413795,0.0030781908571428573,177,1,0.0,0.0,0.0,0.0,0.0,0.27107599,3.1
85.74078889,0.27658318996774195,0.0030781908571428573,177,1,0.0,0.0,0.0,0.0,0.0,0.260905,2.0
85.74078889,0.3175584773703704,0.0023289942857142856,30,0,0.0,0.0,0.0,0.0,0.0,0.33072999,0.10000000549999999
85.74078889,0.29565789272413795,0.0023289942857142856,30,0,0.0,0.0,0.0,0.0,0.0,0.28707701,0.32499999999999996
85.74078889,0.27658318996774195,0.0023289942857142856,30,0,0.0,0.0,0.0,0.0,0.0,0.258955,0.999999995
85.74078889,0.28580262963333336,0.0023289942857142856,30,0,0.0,0.0,0.0,0.0,0.0,0.26854599,0.575000015
85.74078889,0.2521787908529412,0.0023289942857142856,30,0,0.0,0.0,0.0,0.0,0.0,0.20079701,3.1999999499999996
85.74078889,0.26793996528125,0.0030781908571428573,177,0,0.0,0.0,0.0,0.0,0.0,0.25151199,3.0249999499999998
85.74078889,0.28580262963333336,0.005042444395604395,366,1,0.0,0.0,0.0,0.0,0.0,0.27488601,3.4499999499999996
85.74078889,0.24497368254285715,0.005042444395604395,366,1,0.0,0.0,0.0,0.0,0.0,0.25637299,1.475
85.74078889,0.21435197222500002,0.005042444395604395,366,1,0.0,0.0,0.0,0.0,0.0,0.247354,0.55000001
85.74078889,0.5716052592666667,0.005042444395604395,366,0,0.0,0.0,0.0,0.0,0.0,0.40716201,0.15000000000000002
85.74078889,0.28580262963333336,0.005042444395604395,366,0,0.0,0.0,0.0,0.0,0.0,0.275345,3.1999999499999996
85.74078889,0.68592631112,0.005042444395604395,366,0,0.0,0.0,0.0,0.0,0.0,0.417252,0.05
85.74078889,0.38107017284444444,0.005042444395604395,366,0,0.0,0.0,0.0,0.0,0.0,0.32674801,0.849999995
83.37686834,0.30880321607407407,0.0023286232142857143,29,1,0.0,0.0,0.0,0.0,0.0,0.33077401,3.1499999499999998
83.37686834,0.2977745297857143,0.0023286232142857143,29,1,0.0,0.0,0.0,0.0,0.0,0.32423499,2.32500005
83.37686834,0.2605527135625,0.0023286232142857143,29,1,0.0,0.0,0.0,0.0,0.0,0.27821201,0.275000005
83.37686834,0.2689576398064516,0.0023286232142857143,29,1,0.0,0.0,0.0,0.0,0.0,0.28540301,0.55000001
83.37686834,0.2779228944666667,0.0023286232142857143,29,1,0.0,0.0,0.0,0.0,0.0,0.29284599,0.974999995
83.37686834,0.2526571767878788,0.0023286232142857143,29,1,0.0,0.0,0.0,0.0,0.0,0.258468,0.10000000549999999
83.37686834,0.28750644255172414,0.0023286232142857143,29,0,0.0,0.0,0.0,0.0,0.0,0.30589601,0.599999995
83.37686834,0.2689576398064516,0.0023286232142857143,29,0,0.0,0.0,0.0,0.0,0.0,0.28556401,1.575
83.37686834,0.2779228944666667,0.0023286232142857143,29,0,0.0,0.0,0.0,0.0,0.0,0.292974,0.999999995
83.37686834,0.2452260833529412,0.0023286232142857143,29,0,0.0,0.0,0.0,0.0,0.0,0.29577401,4.0999999
83.37686834,0.4168843417,0.005043505054945056,365,0,0.0,0.0,0.0,0.0,0.0,0.35313299,0.599999995
83.37686834,0.2779228944666667,0.005043505054945056,365,0,0.0,0.0,0.0,0.0,0.0,0.28854701,3.75
84.40586905,0.28135289683333337,0.005008636373626374,362,1,0.0,0.0,0.0,0.0,0.0,0.28716099,3.3000000500000004
84.40586905,0.33762347620000005,0.005008636373626374,362,0,0.0,0.0,0.0,0.0,0.0,0.31768599,1.575
84.40586905,0.28135289683333337,0.005008636373626374,362,0,0.0,0.0,0.0,0.0,0.0,0.28400201,3.5
84.21119324000001,0.4210559662000001,0.004990436923076923,361,0,0.0,0.0,0.0,0.0,0.0,0.35638401,0.57499999
84.21119324000001,0.2807039774666667,0.0052232156043956045,360,1,0.0,0.0,0.0,0.0,0.0,0.27616301,3.1
84.21119324000001,0.2406034092571429,0.0052232156043956045,360,1,0.0,0.0,0.0,0.0,0.0,0.26026499,1.3
84.21119324000001,0.2807039774666667,0.0052232156043956045,360,0,0.0,0.0,0.0,0.0,0.0,0.288701,3.6
84.21119324000001,0.2406034092571429,0.0052232156043956045,360,0,0.0,0.0,0.0,0.0,0.0,0.26165301,6.70000005
84.21119324000001,0.1871359849777778,0.0052232156043956045,360,0,0.0,0.0,0.0,0.0,0.0,0.25299001,15.55
84.21119324000001,0.16842238648000002,0.0052232156043956045,360,0,0.0,0.0,0.0,0.0,0.0,0.34456801,20.6999995
84.21119324000001,0.15311126043636367,0.0052232156043956045,360,0,0.0,0.0,0.0,0.0,0.0,0.369441,25.6000005
84.21119324000001,0.14035198873333335,0.0052232156043956045,360,0,0.0,0.0,0.0,0.0,0.0,0.413598,30.6000005
84.21119324000001,0.6736895459200001,0.0052232156043956045,360,0,0.0,0.0,0.0,0.0,0.0,0.46122,0.10000000549999999
84.87865316,0.29268501089655174,0.0023469157142857145,32,1,0.0,0.0,0.0,0.0,0.0,0.292961,1.825
84.87865316,0.28292884386666667,0.0023469157142857145,32,1,0.0,0.0,0.0,0.0,0.0,0.264734,1.1
84.87865316,0.27380210696774193,0.0023469157142857145,32,1,0.0,0.0,0.0,0.0,0.0,0.23822901,0.55000001
84.87865316,0.265245791125,0.0023469157142857145,32,1,0.0,0.0,0.0,0.0,0.0,0.23054001,0.25000000499999997
84.87865316,0.29268501089655174,0.0023469157142857145,32,0,0.0,0.0,0.0,0.0,0.0,0.27259001,0.45000000500000004
84.87865316,0.28292884386666667,0.0023469157142857145,32,0,0.0,0.0,0.0,0.0,0.0,0.246961,0.75
84.87865316,0.27380210696774193,0.0023469157142857145,32,0,0.0,0.0,0.0,0.0,0.0,0.23093399,1.25
85.35143727,0.2845047909,0.002342586857142857,31,1,0.0,0.0,0.0,0.0,0.0,0.261372,1.175
85.35143727,0.275327217,0.002342586857142857,31,1,0.0,0.0,0.0,0.0,0.0,0.22908799,0.575000015
85.35143727,0.3048265616785715,0.002342586857142857,31,0,0.0,0.0,0.0,0.0,0.0,0.285703,0.20000000499999998
85.35143727,0.2943153009310345,0.002342586857142857,31,0,0.0,0.0,0.0,0.0,0.0,0.25859901,0.35000001000000003
85.35143727,0.2845047909,0.002342586857142857,31,0,0.0,0.0,0.0,0.0,0.0,0.243395,0.650000005
85.35143727,0.275327217,0.002342586857142857,31,0,0.0,0.0,0.0,0.0,0.0,0.229375,1.125
86.90884375,0.28969614583333336,0.002336524,30,1,0.0,0.0,0.0,0.0,0.0,0.28671399,1.55
86.90884375,0.28035110887096776,0.002336524,30,1,0.0,0.0,0.0,0.0,0.0,0.266644,0.900000005
86.90884375,0.27159013671875,0.002336524,30,1,0.0,0.0,0.0,0.0,0.0,0.25031999,0.45000000500000004
86.90884375,0.31038872767857145,0.002336524,30,0,0.0,0.0,0.0,0.0,0.0,0.27728799,0.125000005
86.90884375,0.29968566810344827,0.002336524,30,0,0.0,0.0,0.0,0.0,0.0,0.248423,0.225
86.90884375,0.28969614583333336,0.002336524,30,0,0.0,0.0,0.0,0.0,0.0,0.232151,0.45000000500000004
86.90884375,0.28035110887096776,0.002336524,30,0,0.0,0.0,0.0,0.0,0.0,0.205569,0.80000001
86.90884375,0.33426478365384615,0.002336524,30,0,0.0,0.0,0.0,0.0,0.0,0.34866801,0.05
86.82541126000001,0.28941803753333334,0.0023342174285714288,29,1,0.0,0.0,0.0,0.0,0.0,0.26901999,1.475
86.82541126000001,0.28008197180645167,0.0023342174285714288,29,1,0.0,0.0,0.0,0.0,0.0,0.25719199,0.849999995
86.82541126000001,0.2713294101875,0.0023342174285714288,29,1,0.0,0.0,0.0,0.0,0.0,0.221414,0.35000001000000003
86.82541126000001,0.3100907545,0.0023342174285714288,29,0,0.0,0.0,0.0,0.0,0.0,0.28308299,0.125000005
86.82541126000001,0.299397969862069,0.0023342174285714288,29,0,0.0,0.0,0.0,0.0,0.0,0.26467201,0.25000000499999997
86.82541126000001,0.28941803753333334,0.0023342174285714288,29,0,0.0,0.0,0.0,0.0,0.0,0.229736,0.42500000000000004
86.82541126000001,0.2631073068484849,0.0023342174285714288,29,0,0.0,0.0,0.0,0.0,0.0,0.19711199,2.225
86.8152087,0.289384029,0.002392358,32,1,0.0,0.0,0.0,0.0,0.0,0.201189,1.35
86.8152087,0.28004906032258065,0.002392358,32,1,0.0,0.0,0.0,0.0,0.0,0.187613,0.69999999
86.8152087,0.2712975271875,0.002392358,32,1,0.0,0.0,0.0,0.0,0.0,0.190284,0.32499999999999996
86.8152087,0.26307639,0.002392358,32,1,0.0,0.0,0.0,0.0,0.0,0.19035199,0.125000005
86.8152087,0.29936278862068966,0.002392358,32,0,0.0,0.0,0.0,0.0,0.0,0.230957,0.17500000500000001
86.8152087,0.289384029,0.002392358,32,0,0.0,0.0,0.0,0.0,0.0,0.217381,0.375
86.8152087,0.28004906032258065,0.002392358,32,0,0.0,0.0,0.0,0.0,0.0,0.194546,0.69999999
87.51487995,0.2823060643548387,0.00240692,31,1,0.0,0.0,0.0,0.0,0.0,0.198194,0.849999995
87.51487995,0.27348399984375,0.00240692,31,1,0.0,0.0,0.0,0.0,0.0,0.19387899,0.39999998999999997
87.51487995,0.2651966059090909,0.00240692,31,1,0.0,0.0,0.0,0.0,0.0,0.188805,0.15000000000000002
87.51487995,0.2651966059090909,0.00240692,31,0,0.0,0.0,0.0,0.0,0.0,0.19952001,1.925
87.82273529999999,0.28329914612903223,0.002428366470588235,30,1,0.0,0.0,0.0,0.0,0.0,0.200774,0.900000005
87.82273529999999,0.2744460478125,0.002428366470588235,30,1,0.0,0.0,0.0,0.0,0.0,0.18761399,0.39999998999999997
87.82273529999999,0.2661295009090909,0.002428366470588235,30,1,0.0,0.0,0.0,0.0,0.0,0.185295,0.15000000000000002
87.82273529999999,0.2583021626470588,0.002428366470588235,30,1,0.0,0.0,0.0,0.0,0.0,0.187933,0.05
87.82273529999999,0.29274245099999996,0.002428366470588235,30,0,0.0,0.0,0.0,0.0,0.0,0.208864,0.25000000499999997
87.82273529999999,0.28329914612903223,0.002428366470588235,30,0,0.0,0.0,0.0,0.0,0.0,0.197988,0.55000001
87.4868931,0.291622977,0.002476309411764706,29,1,0.0,0.0,0.0,0.0,0.0,0.20358101,1.475
87.4868931,0.2822157841935484,0.002476309411764706,29,1,0.0,0.0,0.0,0.0,0.0,0.195949,0.80000001
87.4868931,0.2733965409375,0.002476309411764706,29,1,0.0,0.0,0.0,0.0,0.0,0.188649,0.35000001000000003
87.4868931,0.26511179727272727,0.002476309411764706,29,1,0.0,0.0,0.0,0.0,0.0,0.186202,0.125000005
87.4868931,0.25731439147058827,0.002476309411764706,29,1,0.0,0.0,0.0,0.0,0.0,0.19847,0.05
87.4868931,0.32402553,0.002476309411764706,29,0,0.0,0.0,0.0,0.0,0.0,0.27167901,0.0250000005
87.4868931,0.291622977,0.002476309411764706,29,0,0.0,0.0,0.0,0.0,0.0,0.210886,0.275000005
87.4868931,0.2822157841935484,0.002476309411764706,29,0,0.0,0.0,0.0,0.0,0.0,0.193193,0.575000015
87.4868931,0.25731439147058827,0.002476309411764706,29,0,0.0,0.0,0.0,0.0,0.0,0.186479,2.82500005
87.4868931,0.3364880503846154,0.002476309411764706,29,0,0.0,0.0,0.0,0.0,0.0,0.33059099,0.0250000005
92.5245261,0.2643557888571429,0.003990191538461538,186,1,0.0,0.0,0.0,0.0,0.0,0.22152799,1.2
96.07885604999998,0.30024642515624994,0.003905506813186813,185,1,0.0,0.0,0.0,0.0,0.0,0.237508,3.4
96.07885604999998,0.27451101728571425,0.003905506813186813,185,1,0.0,0.0,0.0,0.0,0.0,0.220737,1.7
96.07885604999998,0.26688571124999994,0.003905506813186813,185,1,0.0,0.0,0.0,0.0,0.0,0.21181899,1.25
96.07885604999998,0.24019714012499996,0.003905506813186813,185,1,0.0,0.0,0.0,0.0,0.0,0.19998699,0.32499999999999996
96.07885604999998,0.21350856899999995,0.003905506813186813,185,1,0.0,0.0,0.0,0.0,0.0,0.200388,0.05
96.07885604999998,0.33130640017241375,0.003905506813186813,185,0,0.0,0.0,0.0,0.0,0.0,0.265618,0.674999985
96.07885604999998,0.26688571124999994,0.003905506813186813,185,0,0.0,0.0,0.0,0.0,0.0,0.212055,3.3000000500000004
96.07885604999998,0.2596725839189189,0.003905506813186813,185,0,0.0,0.0,0.0,0.0,0.0,0.210752,4.0
95.99489549999998,0.27427113,0.003222585142857143,93,1,0.0,0.0,0.0,0.0,0.0,0.224874,1.1749999999999998
95.99489549999998,0.2666524875,0.003222585142857143,93,1,0.0,0.0,0.0,0.0,0.0,0.22080299,0.80000001
95.99489549999998,0.25944566351351345,0.003222585142857143,93,1,0.0,0.0,0.0,0.0,0.0,0.217783,0.525000005
95.99489549999998,0.29998404843749993,0.003222585142857143,93,0,0.0,0.0,0.0,0.0,0.0,0.247329,0.80000001
95.99489549999998,0.27427113,0.003222585142857143,93,0,0.0,0.0,0.0,0.0,0.0,0.225177,2.04999995
95.99489549999998,0.2908936227272727,0.0038359307692307693,184,1,0.0,0.0,0.0,0.0,0.0,0.238897,2.8249999499999996
95.99489549999998,0.2908936227272727,0.0038359307692307693,184,0,0.0,0.0,0.0,0.0,0.0,0.23944899,1.8250000000000002
95.99489549999998,0.25944566351351345,0.0038359307692307693,184,0,0.0,0.0,0.0,0.0,0.0,0.21880101,4.04999995
94.73548725,0.47367743625000003,0.003207657142857143,92,1,0.0,0.0,0.0,0.0,0.0,-99.989998,13.8
94.73548725,0.29604839765625,0.003207657142857143,92,1,0.0,0.0,0.0,0.0,0.0,0.25192699,2.67499995
94.73548725,0.28707723409090913,0.003207657142857143,92,1,0.0,0.0,0.0,0.0,0.0,0.240786,2.0
94.73548725,0.2706728207142857,0.003207657142857143,92,1,0.0,0.0,0.0,0.0,0.0,0.231305,1.025
94.73548725,0.26315413125000003,0.003207657142857143,92,1,0.0,0.0,0.0,0.0,0.0,0.228632,0.69999999
94.73548725,0.3266740939655173,0.003207657142857143,92,0,0.0,0.0,0.0,0.0,0.0,0.273399,0.29999999499999996
94.73548725,0.3157849575,0.003207657142857143,92,0,0.0,0.0,0.0,0.0,0.0,0.25952801,0.42500000000000004
94.73548725,0.30559834596774194,0.003207657142857143,92,0,0.0,0.0,0.0,0.0,0.0,0.25594801,0.650000005
94.73548725,0.29604839765625,0.003207657142857143,92,0,0.0,0.0,0.0,0.0,0.0,0.24358,0.900000005
94.73548725,0.2786337860294118,0.003207657142857143,92,0,0.0,0.0,0.0,0.0,0.0,0.22631501,1.7
94.73548725,0.2706728207142857,0.003207657142857143,92,0,0.0,0.0,0.0,0.0,0.0,0.221514,2.2749999499999998
94.73548725,0.25604185743243246,0.003207657142857143,92,0,0.0,0.0,0.0,0.0,0.0,0.209351,3.6999999499999996
94.73548725,0.30559834596774194,0.003809890857142857,183,1,0.0,0.0,0.0,0.0,0.0,0.251798,3.8500000500000002
94.73548725,0.2786337860294118,0.003809890857142857,183,1,0.0,0.0,0.0,0.0,0.0,0.235433,2.04999995
94.73548725,0.2706728207142857,0.003809890857142857,183,1,0.0,0.0,0.0,0.0,0.0,0.23125,1.6
94.73548725,0.25604185743243246,0.003809890857142857,183,1,0.0,0.0,0.0,0.0,0.0,0.221654,0.900000005
95.68704014999999,0.2814324710294117,0.003209609714285714,89,1,0.0,0.0,0.0,0.0,0.0,0.242341,1.65
95.68704014999999,0.27339154328571424,0.003209609714285714,89,1,0.0,0.0,0.0,0.0,0.0,0.240565,1.2
95.68704014999999,0.26579733375,0.003209609714285714,89,1,0.0,0.0,0.0,0.0,0.0,0.23942301,0.849999995
95.68704014999999,0.258613622027027,0.003209609714285714,89,1,0.0,0.0,0.0,0.0,0.0,0.232042,0.55000001
95.68704014999999,0.31895680049999997,0.003209609714285714,89,0,0.0,0.0,0.0,0.0,0.0,0.27728799,0.42499999499999996
95.68704014999999,0.29902200046874994,0.003209609714285714,89,0,0.0,0.0,0.0,0.0,0.0,0.25662401,0.849999995
95.68704014999999,0.2899607277272727,0.003209609714285714,89,0,0.0,0.0,0.0,0.0,0.0,0.25133899,1.2
95.68704014999999,0.31895680049999997,0.0037900202857142863,180,1,0.0,0.0,0.0,0.0,0.0,0.264265,4.85000015
95.68704014999999,0.30866787145161284,0.0037900202857142863,180,1,0.0,0.0,0.0,0.0,0.0,0.25781,4.0999999
95.68704014999999,0.29902200046874994,0.0037900202857142863,180,1,0.0,0.0,0.0,0.0,0.0,0.25038099,3.4
95.68704014999999,0.2899607277272727,0.0037900202857142863,180,1,0.0,0.0,0.0,0.0,0.0,0.247618,2.79999995
95.68704014999999,0.27339154328571424,0.0037900202857142863,180,1,0.0,0.0,0.0,0.0,0.0,0.234945,1.75
95.68704014999999,0.31895680049999997,0.0037900202857142863,180,0,0.0,0.0,0.0,0.0,0.0,0.26782301,0.94999999
99.15740955,0.3004769986363636,0.002666382142857143,32,1,0.0,0.0,0.0,0.0,0.0,0.299658,2.79999995
99.15740955,0.29163943985294116,0.002666382142857143,32,1,0.0,0.0,0.0,0.0,0.0,0.29182601,2.04999995
99.15740955,0.28330688442857144,0.002666382142857143,32,1,0.0,0.0,0.0,0.0,0.0,0.27478001,1.375
99.15740955,0.27543724875,0.002666382142857143,32,1,0.0,0.0,0.0,0.0,0.0,0.27487999,0.900000005
99.15740955,0.2679929987837838,0.002666382142857143,32,1,0.0,0.0,0.0,0.0,0.0,0.273294,0.55000001
99.15740955,0.26094055144736844,0.002666382142857143,32,1,0.0,0.0,0.0,0.0,0.0,0.26684999,0.29999999499999996
99.15740955,0.3004769986363636,0.002666382142857143,32,0,0.0,0.0,0.0,0.0,0.0,0.295405,0.35000001000000003
99.15740955,0.29163943985294116,0.002666382142857143,32,0,0.0,0.0,0.0,0.0,0.0,0.28848001,0.599999995
99.15740955,0.28330688442857144,0.002666382142857143,32,0,0.0,0.0,0.0,0.0,0.0,0.277922,0.94999999
99.15740955,0.28330688442857144,0.0038924868571428572,179,1,0.0,0.0,0.0,0.0,0.0,0.251219,2.54999995
99.15740955,0.27543724875,0.0038924868571428572,179,1,0.0,0.0,0.0,0.0,0.0,0.248477,2.07500005
99.15740955,0.2679929987837838,0.0038924868571428572,179,1,0.0,0.0,0.0,0.0,0.0,0.244432,1.65
99.15740955,0.26094055144736844,0.0038924868571428572,179,1,0.0,0.0,0.0,0.0,0.0,0.238892,1.275
99.15740955,0.247893523875,0.0038924868571428572,179,1,0.0,0.0,0.0,0.0,0.0,0.230839,0.724999995
99.15740955,0.22034979899999999,0.0038924868571428572,179,1,0.0,0.0,0.0,0.0,0.0,0.223639,0.15000000000000002
99.15740955,0.39662963819999997,0.0038924868571428572,179,0,0.0,0.0,0.0,0.0,0.0,0.32476199,0.20000000499999998
97.64611965,0.28719446955882355,0.0026859660714285715,31,1,0.0,0.0,0.0,0.0,0.0,0.29274699,1.6749999999999998
97.64611965,0.2789889132857143,0.0026859660714285715,31,1,0.0,0.0,0.0,0.0,0.0,0.27705899,1.0750000000000002
97.64611965,0.27123922125,0.0026859660714285715,31,1,0.0,0.0,0.0,0.0,0.0,0.27076799,0.650000005
97.64611965,0.2639084314864865,0.0026859660714285715,31,1,0.0,0.0,0.0,0.0,0.0,0.270026,0.375
97.64611965,0.3149874827419355,0.0026859660714285715,31,0,0.0,0.0,0.0,0.0,0.0,0.305594,0.125000005
97.64611965,0.2958973322727273,0.0026859660714285715,31,0,0.0,0.0,0.0,0.0,0.0,0.294146,0.45000000500000004
97.64611965,0.28719446955882355,0.0026859660714285715,31,0,0.0,0.0,0.0,0.0,0.0,0.28554901,0.75
97.64611965,0.2789889132857143,0.0026859660714285715,31,0,0.0,0.0,0.0,0.0,0.0,0.27647099,1.1749999999999998
97.64611965,0.27123922125,0.0026859660714285715,31,0,0.0,0.0,0.0,0.0,0.0,0.27013099,1.75
97.64611965,0.2789889132857143,0.004030475142857143,178,1,0.0,0.0,0.0,0.0,0.0,0.25196499,2.25
97.64611965,0.2639084314864865,0.004030475142857143,178,1,0.0,0.0,0.0,0.0,0.0,0.248239,1.45
97.64611965,0.2569634727631579,0.004030475142857143,178,1,0.0,0.0,0.0,0.0,0.0,0.24154501,1.1
97.64611965,0.2503746657692308,0.004030475142857143,178,1,0.0,0.0,0.0,0.0,0.0,0.236825,0.825000015
97.64611965,0.24411529912500002,0.004030475142857143,178,1,0.0,0.0,0.0,0.0,0.0,0.235158,0.625
97.64611965,0.3254870655,0.004030475142857143,178,0,0.0,0.0,0.0,0.0,0.0,0.284668,0.900000005
97.64611965,0.3149874827419355,0.004030475142857143,178,0,0.0,0.0,0.0,0.0,0.0,0.27826601,1.15
98.42975145,0.28949926897058825,0.0027089189285714288,30,1,0.0,0.0,0.0,0.0,0.0,0.30194199,1.85
98.42975145,0.28122786128571425,0.0027089189285714288,30,1,0.0,0.0,0.0,0.0,0.0,0.29389101,1.25
98.42975145,0.27341597624999997,0.0027089189285714288,30,1,0.0,0.0,0.0,0.0,0.0,0.28389901,0.775000005
98.42975145,0.26602635527027024,0.0027089189285714288,30,1,0.0,0.0,0.0,0.0,0.0,0.27855501,0.45000000500000004
98.42975145,0.28949926897058825,0.0027089189285714288,30,0,0.0,0.0,0.0,0.0,0.0,0.292436,0.674999985
98.42975145,0.28122786128571425,0.0027089189285714288,30,0,0.0,0.0,0.0,0.0,0.0,0.27868,1.05
98.42975145,0.26602635527027024,0.004297269142857143,177,1,0.0,0.0,0.0,0.0,0.0,0.24772801,1.55
98.42975145,0.2523839780769231,0.004297269142857143,177,1,0.0,0.0,0.0,0.0,0.0,0.24050499,0.924999985
98.42975145,0.246074378625,0.004297269142857143,177,1,0.0,0.0,0.0,0.0,0.0,0.23774201,0.69999999
98.42975145,0.33941293603448275,0.004297269142857143,177,0,0.0,0.0,0.0,0.0,0.0,0.300657,0.69999999
98.42975145,0.30759297328125,0.004297269142857143,177,0,0.0,0.0,0.0,0.0,0.0,0.276952,1.4
98.48572515,0.2896638975,0.0027262621428571425,29,1,0.0,0.0,0.0,0.0,0.0,0.318964,1.875
98.48572515,0.28138778614285714,0.0027262621428571425,29,1,0.0,0.0,0.0,0.0,0.0,0.30296999,1.25
98.48572515,0.27357145875,0.0027262621428571425,29,1,0.0,0.0,0.0,0.0,0.0,0.29862201,0.80000001
98.48572515,0.31769588758064515,0.0027262621428571425,29,0,0.0,0.0,0.0,0.0,0.0,0.327032,0.125000005
98.48572515,0.2896638975,0.0027262621428571425,29,0,0.0,0.0,0.0,0.0,0.0,0.29387799,0.674999985
98.48572515,0.28138778614285714,0.0027262621428571425,29,0,0.0,0.0,0.0,0.0,0.0,0.278887,1.05
87.82273529999999,0.3136526260714285,0.0035548931428571427,32,1,0.0,0.0,0.0,0.0,0.0,0.43539399,3.6499999499999998
87.82273529999999,0.2744460478125,0.0035548931428571427,32,1,0.0,0.0,0.0,0.0,0.0,0.33879301,0.9000000100000001
87.82273529999999,0.2661295009090909,0.0035548931428571427,32,1,0.0,0.0,0.0,0.0,0.0,0.322795,0.525000005
87.82273529999999,0.2583021626470588,0.0035548931428571427,32,1,0.0,0.0,0.0,0.0,0.0,0.31258401,0.28500000999999997
87.82273529999999,0.23735874405405402,0.0035548931428571427,32,1,0.0,0.0,0.0,0.0,0.0,0.31269801,0.04
87.82273529999999,0.3512909412,0.0035548931428571427,32,0,0.0,0.0,0.0,0.0,0.0,0.52002102,0.14500000000000002
87.82273529999999,0.32526939,0.0035548931428571427,32,0,0.0,0.0,0.0,0.0,0.0,0.45568499,0.28500000999999997
87.82273529999999,0.29274245099999996,0.0035548931428571427,32,0,0.0,0.0,0.0,0.0,0.0,0.37445199,0.8400000000000001
87.82273529999999,0.28329914612903223,0.0035548931428571427,32,0,0.0,0.0,0.0,0.0,0.0,0.35206699,1.19999995
87.82273529999999,0.2744460478125,0.0035548931428571427,32,0,0.0,0.0,0.0,0.0,0.0,0.335967,1.69999995
87.82273529999999,0.2661295009090909,0.0035548931428571427,32,0,0.0,0.0,0.0,0.0,0.0,0.320997,2.32999995
87.82273529999999,0.2583021626470588,0.0035548931428571427,32,0,0.0,0.0,0.0,0.0,0.0,0.31417501,3.1000000500000002
87.82273529999999,0.302837018275862,0.0035582237142857145,31,1,0.0,0.0,0.0,0.0,0.0,0.40233299,2.77499995
87.82273529999999,0.28329914612903223,0.0035582237142857145,31,1,0.0,0.0,0.0,0.0,0.0,0.35598099,1.38
87.82273529999999,0.2744460478125,0.0035582237142857145,31,1,0.0,0.0,0.0,0.0,0.0,0.33692399,0.870000005
87.82273529999999,0.2661295009090909,0.0035582237142857145,31,1,0.0,0.0,0.0,0.0,0.0,0.32406801,0.50999999
87.82273529999999,0.2583021626470588,0.0035582237142857145,31,1,0.0,0.0,0.0,0.0,0.0,0.314219,0.27499998999999997
87.82273529999999,0.24395204249999997,0.0035582237142857145,31,1,0.0,0.0,0.0,0.0,0.0,0.31291801,0.0750000015
87.82273529999999,0.23735874405405402,0.0035582237142857145,31,1,0.0,0.0,0.0,0.0,0.0,0.310956,0.0350000005
87.82273529999999,0.3512909412,0.0035582237142857145,31,0,0.0,0.0,0.0,0.0,0.0,0.53210098,0.15000000000000002
87.82273529999999,0.29274245099999996,0.0035582237142857145,31,0,0.0,0.0,0.0,0.0,0.0,0.378005,0.8350000049999999
87.82273529999999,0.28329914612903223,0.0035582237142857145,31,0,0.0,0.0,0.0,0.0,0.0,0.35655901,1.19999995
87.82273529999999,0.2744460478125,0.0035582237142857145,31,0,0.0,0.0,0.0,0.0,0.0,0.337073,1.69
84.15645795,0.2901946825862069,0.0035607342857142854,30,1,0.0,0.0,0.0,0.0,0.0,0.46206099,2.03499995
84.15645795,0.271472445,0.0035607342857142854,30,1,0.0,0.0,0.0,0.0,0.0,0.40996301,0.935000005
84.15645795,0.26298893109375,0.0035607342857142854,30,1,0.0,0.0,0.0,0.0,0.0,0.391752,0.575000015
84.15645795,0.25501956954545457,0.0035607342857142854,30,1,0.0,0.0,0.0,0.0,0.0,0.37761301,0.329999995
84.15645795,0.24044702271428572,0.0035607342857142854,30,1,0.0,0.0,0.0,0.0,0.0,0.368047,0.099999999
84.15645795,0.23376793875000001,0.0035607342857142854,30,1,0.0,0.0,0.0,0.0,0.0,0.36972401,0.05499999950000001
84.15645795,0.374028702,0.0035607342857142854,30,0,0.0,0.0,0.0,0.0,0.0,0.67663002,0.160000005
84.15645795,0.3366258318,0.0035607342857142854,30,0,0.0,0.0,0.0,0.0,0.0,0.56635302,0.305000005
84.15645795,0.2901946825862069,0.0035607342857142854,30,0,0.0,0.0,0.0,0.0,0.0,0.44235101,1.09000005
84.15645795,0.2805215265,0.0035607342857142854,30,0,0.0,0.0,0.0,0.0,0.0,0.41302699,1.475
84.15645795,0.271472445,0.0035607342857142854,30,0,0.0,0.0,0.0,0.0,0.0,0.388271,1.9849999999999999
84.15645795,0.25501956954545457,0.0035607342857142854,30,0,0.0,0.0,0.0,0.0,0.0,0.35496199,3.3999999499999998
85.47183989999999,0.29473048241379307,0.0035865882857142855,29,1,0.0,0.0,0.0,0.0,0.0,0.420077,2.1800000500000003
85.47183989999999,0.28490613299999995,0.0035865882857142855,29,1,0.0,0.0,0.0,0.0,0.0,0.393096,1.5150000000000001
85.47183989999999,0.27571561258064514,0.0035865882857142855,29,1,0.0,0.0,0.0,0.0,0.0,0.366689,0.965000005
85.47183989999999,0.26709949968749996,0.0035865882857142855,29,1,0.0,0.0,0.0,0.0,0.0,0.345644,0.56
85.47183989999999,0.25900557545454544,0.0035865882857142855,29,1,0.0,0.0,0.0,0.0,0.0,0.32994699,0.29500000000000004
85.47183989999999,0.24420525685714284,0.0035865882857142855,29,1,0.0,0.0,0.0,0.0,0.0,0.32340801,0.0750000015
85.47183989999999,0.34188735959999994,0.0035865882857142855,29,0,0.0,0.0,0.0,0.0,0.0,0.56367499,0.235
85.47183989999999,0.32873784576923076,0.0035865882857142855,29,0,0.0,0.0,0.0,0.0,0.0,0.52115899,0.31
85.47183989999999,0.31656237,0.0035865882857142855,29,0,0.0,0.0,0.0,0.0,0.0,0.484676,0.425
85.47183989999999,0.30525657107142856,0.0035865882857142855,29,0,0.0,0.0,0.0,0.0,0.0,0.446924,0.58000001
85.47183989999999,0.29473048241379307,0.0035865882857142855,29,0,0.0,0.0,0.0,0.0,0.0,0.414092,0.81
85.47183989999999,0.28490613299999995,0.0035865882857142855,29,0,0.0,0.0,0.0,0.0,0.0,0.382395,1.13
85.47183989999999,0.26709949968749996,0.0035865882857142855,29,0,0.0,0.0,0.0,0.0,0.0,0.34174401,2.20000005
85.47183989999999,0.25900557545454544,0.0035865882857142855,29,0,0.0,0.0,0.0,0.0,0.0,0.32484901,2.93500005
85.47183989999999,0.2513877644117647,0.0035865882857142855,29,0,0.0,0.0,0.0,0.0,0.0,0.32246,3.8000000500000004
86.41701880000001,0.2880567293333334,0.003599933333333333,32,1,0.0,0.0,0.0,0.0,0.0,0.27036101,1.34000005
86.41701880000001,0.2787645767741936,0.003599933333333333,32,1,0.0,0.0,0.0,0.0,0.0,0.25837201,0.784999995
86.41701880000001,0.27005318375000004,0.003599933333333333,32,1,0.0,0.0,0.0,0.0,0.0,0.25377101,0.420000005
86.41701880000001,0.261869753939394,0.003599933333333333,32,1,0.0,0.0,0.0,0.0,0.0,0.24991401,0.19999999499999999
86.41701880000001,0.2541677023529412,0.003599933333333333,32,1,0.0,0.0,0.0,0.0,0.0,0.25735301,0.100000002
86.41701880000001,0.33237314923076927,0.003599933333333333,32,0,0.0,0.0,0.0,0.0,0.0,0.38444,0.105000002
86.41701880000001,0.3200630325925926,0.003599933333333333,32,0,0.0,0.0,0.0,0.0,0.0,0.338994,0.14000000499999998
86.41701880000001,0.2880567293333334,0.003599933333333333,32,0,0.0,0.0,0.0,0.0,0.0,0.27186999,0.675000015
86.41701880000001,0.27005318375000004,0.003599933333333333,32,0,0.0,0.0,0.0,0.0,0.0,0.250817,1.74
85.1490808,0.29361751999999997,0.0035602079999999996,31,1,0.0,0.0,0.0,0.0,0.0,0.283113,1.7
85.1490808,0.28383026933333333,0.0035602079999999996,31,1,0.0,0.0,0.0,0.0,0.0,0.26242399,1.03
85.1490808,0.27467445419354836,0.0035602079999999996,31,1,0.0,0.0,0.0,0.0,0.0,0.25102699,0.555000005
85.1490808,0.2660908775,0.0035602079999999996,31,1,0.0,0.0,0.0,0.0,0.0,0.246895,0.26999999500000005
85.1490808,0.37844035911111107,0.0035602079999999996,31,0,0.0,0.0,0.0,0.0,0.0,0.52291799,0.04
85.1490808,0.3153669659259259,0.0035602079999999996,31,0,0.0,0.0,0.0,0.0,0.0,0.330782,0.16500000999999997
85.1490808,0.29361751999999997,0.0035602079999999996,31,0,0.0,0.0,0.0,0.0,0.0,0.28160501,0.48000000499999995
85.1490808,0.28383026933333333,0.0035602079999999996,31,0,0.0,0.0,0.0,0.0,0.0,0.262568,0.814999995
85.1490808,0.27467445419354836,0.0035602079999999996,31,0,0.0,0.0,0.0,0.0,0.0,0.25122601,1.34000005
85.1490808,0.2660908775,0.0035602079999999996,31,0,0.0,0.0,0.0,0.0,0.0,0.247234,2.05499995
85.1490808,0.25802751757575754,0.0035602079999999996,31,0,0.0,0.0,0.0,0.0,0.0,0.247013,2.905
84.6982584,0.282327528,0.00352246,30,1,0.0,0.0,0.0,0.0,0.0,0.24775501,0.875
84.6982584,0.2732201883870968,0.00352246,30,1,0.0,0.0,0.0,0.0,0.0,0.23640101,0.43499999
84.6982584,0.2646820575,0.00352246,30,1,0.0,0.0,0.0,0.0,0.0,0.22976901,0.185
84.6982584,0.24911252470588235,0.00352246,30,1,0.0,0.0,0.0,0.0,0.0,0.267068,0.055
84.6982584,0.3136972533333333,0.00352246,30,0,0.0,0.0,0.0,0.0,0.0,0.321776,0.160000005
84.6982584,0.2566613890909091,0.00352246,30,0,0.0,0.0,0.0,0.0,0.0,0.275527,3.095
86.05072559999999,0.29672664,0.003514799375,29,1,0.0,0.0,0.0,0.0,0.0,0.27164799,1.885
86.05072559999999,0.286835752,0.003514799375,29,1,0.0,0.0,0.0,0.0,0.0,0.243058,1.13
86.05072559999999,0.2775829858064516,0.003514799375,29,1,0.0,0.0,0.0,0.0,0.0,0.22697601,0.57999998
86.05072559999999,0.2689085175,0.003514799375,29,1,0.0,0.0,0.0,0.0,0.0,0.22194999,0.260000005
86.05072559999999,0.2607597745454545,0.003514799375,29,1,0.0,0.0,0.0,0.0,0.0,0.222626,0.105000002
86.05072559999999,0.3309643292307692,0.003514799375,29,0,0.0,0.0,0.0,0.0,0.0,0.367441,0.0750000015
86.05072559999999,0.3187063911111111,0.003514799375,29,0,0.0,0.0,0.0,0.0,0.0,0.32268301,0.105000002
86.05072559999999,0.30732402,0.003514799375,29,0,0.0,0.0,0.0,0.0,0.0,0.28709799,0.170000005
86.05072559999999,0.29672664,0.003514799375,29,0,0.0,0.0,0.0,0.0,0.0,0.25753099,0.29999999499999996
86.05072559999999,0.286835752,0.003514799375,29,0,0.0,0.0,0.0,0.0,0.0,0.23181801,0.544999985
86.05072559999999,0.2775829858064516,0.003514799375,29,0,0.0,0.0,0.0,0.0,0.0,0.216005,0.99500001
86.05072559999999,0.2607597745454545,0.003514799375,29,0,0.0,0.0,0.0,0.0,0.0,0.197537,2.52
81.3734432,0.28059807999999997,0.004751516,93,1,0.0,0.0,0.0,0.0,0.0,0.307666,1.6549999999999998
81.3734432,0.27124481066666667,0.004751516,93,1,0.0,0.0,0.0,0.0,0.0,0.29980701,1.20500005
81.3734432,0.2624949780645161,0.004751516,93,1,0.0,0.0,0.0,0.0,0.0,0.29319,0.84999999
81.3734432,0.25429201,0.004751516,93,1,0.0,0.0,0.0,0.0,0.0,0.28969401,0.59
81.3734432,0.24658619151515151,0.004751516,93,1,0.0,0.0,0.0,0.0,0.0,0.28832701,0.405000005
81.3734432,0.20864985435897435,0.004751516,93,1,0.0,0.0,0.0,0.0,0.0,0.31979701,0.060000000500000004
81.3734432,0.31297478153846153,0.004751516,93,0,0.0,0.0,0.0,0.0,0.0,0.33745301,0.805000005
81.3734432,0.30138312296296293,0.004751516,93,0,0.0,0.0,0.0,0.0,0.0,0.32309201,1.08000005
81.3734432,0.29061944,0.004751516,93,0,0.0,0.0,0.0,0.0,0.0,0.31025201,1.435
81.3734432,0.28059807999999997,0.004751516,93,0,0.0,0.0,0.0,0.0,0.0,0.29951301,1.885
78.4149212,0.30159585076923073,0.004681784285714285,92,1,0.0,0.0,0.0,0.0,0.0,0.342381,2.79999995
78.4149212,0.29042563407407407,0.004681784285714285,92,1,0.0,0.0,0.0,0.0,0.0,0.33102,2.1650001000000003
78.4149212,0.28005328999999995,0.004681784285714285,92,1,0.0,0.0,0.0,0.0,0.0,0.32222,1.63
78.4149212,0.27039628,0.004681784285714285,92,1,0.0,0.0,0.0,0.0,0.0,0.31452999,1.18999995
78.4149212,0.2529513587096774,0.004681784285714285,92,1,0.0,0.0,0.0,0.0,0.0,0.30504501,0.59
78.4149212,0.24504662875,0.004681784285714285,92,1,0.0,0.0,0.0,0.0,0.0,0.304355,0.41000000000000003
78.4149212,0.23762097333333332,0.004681784285714285,92,1,0.0,0.0,0.0,0.0,0.0,0.305592,0.284999995
78.4149212,0.23063212117647058,0.004681784285714285,92,1,0.0,0.0,0.0,0.0,0.0,0.312516,0.21000000000000002
78.4149212,0.224042632,0.004681784285714285,92,1,0.0,0.0,0.0,0.0,0.0,0.32829201,0.17500000500000001
78.4149212,0.21781922555555555,0.004681784285714285,92,1,0.0,0.0,0.0,0.0,0.0,0.32832199,0.12
78.4149212,0.21193221945945945,0.004681784285714285,92,1,0.0,0.0,0.0,0.0,0.0,0.331072,0.08500000099999999
78.4149212,0.20635505578947366,0.004681784285714285,92,1,0.0,0.0,0.0,0.0,0.0,0.33826399,0.0649999995
78.4149212,0.2010639005128205,0.004681784285714285,92,1,0.0,0.0,0.0,0.0,0.0,0.35045701,0.055
78.4149212,0.196037303,0.004681784285714285,92,1,0.0,0.0,0.0,0.0,0.0,0.359786,0.045
78.4149212,0.448085264,0.004681784285714285,92,0,0.0,0.0,0.0,0.0,0.0,0.50698602,0.080000002
78.4149212,0.29042563407407407,0.004681784285714285,92,0,0.0,0.0,0.0,0.0,0.0,0.33137301,1.505
78.4149212,0.28005328999999995,0.004681784285714285,92,0,0.0,0.0,0.0,0.0,0.0,0.322341,1.975
78.4149212,0.2529513587096774,0.004681784285714285,92,0,0.0,0.0,0.0,0.0,0.0,0.307105,3.95000005
78.4149212,0.23063212117647058,0.004681784285714285,92,0,0.0,0.0,0.0,0.0,0.0,0.307937,6.54999995
78.4149212,0.196037303,0.004681784285714285,92,0,0.0,0.0,0.0,0.0,0.0,0.36445099,12.399999999999999
78.612156,0.314448624,0.004561983714285714,89,1,0.0,0.0,0.0,0.0,0.0,0.346313,3.5
78.612156,0.29115613333333334,0.004561983714285714,89,1,0.0,0.0,0.0,0.0,0.0,0.32187799,2.12
78.612156,0.2807577,0.004561983714285714,89,1,0.0,0.0,0.0,0.0,0.0,0.314419,1.58500005
78.612156,0.2710764,0.004561983714285714,89,1,0.0,0.0,0.0,0.0,0.0,0.307181,1.145
78.612156,0.26204052,0.004561983714285714,89,1,0.0,0.0,0.0,0.0,0.0,0.30404001,0.814999995
78.612156,0.25358759999999997,0.004561983714285714,89,1,0.0,0.0,0.0,0.0,0.0,0.30248201,0.56999999
78.612156,0.24566298749999999,0.004561983714285714,89,1,0.0,0.0,0.0,0.0,0.0,0.30404699,0.399999995
78.612156,0.23821865454545454,0.004561983714285714,89,1,0.0,0.0,0.0,0.0,0.0,0.308265,0.284999995
78.612156,0.23121222352941176,0.004561983714285714,89,1,0.0,0.0,0.0,0.0,0.0,0.315492,0.21000000000000002
78.612156,0.22460616,0.004561983714285714,89,1,0.0,0.0,0.0,0.0,0.0,0.331642,0.17500000500000001
78.612156,0.2183671,0.004561983714285714,89,1,0.0,0.0,0.0,0.0,0.0,0.331833,0.12
78.612156,0.2124652864864865,0.004561983714285714,89,1,0.0,0.0,0.0,0.0,0.0,0.33838099,0.089999999
78.612156,0.2068740947368421,0.004561983714285714,89,1,0.0,0.0,0.0,0.0,0.0,0.34656799,0.0699999985
78.612156,0.20156963076923076,0.004561983714285714,89,1,0.0,0.0,0.0,0.0,0.0,0.354601,0.055
78.612156,0.19653039,0.004561983714285714,89,1,0.0,0.0,0.0,0.0,0.0,0.37012199,0.049999999
78.612156,0.314448624,0.004561983714285714,89,0,0.0,0.0,0.0,0.0,0.0,0.346975,0.7599999900000001
78.612156,0.30235444615384616,0.004561983714285714,89,0,0.0,0.0,0.0,0.0,0.0,0.334638,1.04499995
78.612156,0.29115613333333334,0.004561983714285714,89,0,0.0,0.0,0.0,0.0,0.0,0.323125,1.41
78.612156,0.2807577,0.004561983714285714,89,0,0.0,0.0,0.0,0.0,0.0,0.31521901,1.88
78.612156,0.2710764,0.004561983714285714,89,0,0.0,0.0,0.0,0.0,0.0,0.307336,2.44000005
78.612156,0.26204052,0.004561983714285714,89,0,0.0,0.0,0.0,0.0,0.0,0.30181,3.1000000500000002
78.612156,0.314448624,0.005088706785714285,187,1,0.0,0.0,0.0,0.0,0.0,0.36013699,4.20000005
78.612156,0.2710764,0.005088706785714285,187,1,0.0,0.0,0.0,0.0,0.0,0.32465899,1.96500005
78.612156,0.26204052,0.005088706785714285,187,1,0.0,0.0,0.0,0.0,0.0,0.31790799,1.57
78.612156,0.25358759999999997,0.005088706785714285,187,1,0.0,0.0,0.0,0.0,0.0,0.31263301,1.24
78.612156,0.24566298749999999,0.005088706785714285,187,1,0.0,0.0,0.0,0.0,0.0,0.30761701,0.965000005
78.612156,0.23821865454545454,0.005088706785714285,187,1,0.0,0.0,0.0,0.0,0.0,0.30371001,0.745000005
78.612156,0.23121222352941176,0.005088706785714285,187,1,0.0,0.0,0.0,0.0,0.0,0.29961601,0.564999995
78.612156,0.2183671,0.005088706785714285,187,1,0.0,0.0,0.0,0.0,0.0,0.29433799,0.32000000500000003
78.612156,0.314448624,0.005088706785714285,187,0,0.0,0.0,0.0,0.0,0.0,0.36041799,1.6099999999999999
78.612156,0.2807577,0.005088706785714285,187,0,0.0,0.0,0.0,0.0,0.0,0.33278999,2.865
78.612156,0.2710764,0.005088706785714285,187,0,0.0,0.0,0.0,0.0,0.0,0.32410601,3.3999999499999998
79.6546828,0.3186187312,0.0034377507142857146,32,1,0.0,0.0,0.0,0.0,0.0,0.374448,3.475
79.6546828,0.28448101000000003,0.0034377507142857146,32,1,0.0,0.0,0.0,0.0,0.0,0.31304601,1.185
79.6546828,0.27467132,0.0034377507142857146,32,1,0.0,0.0,0.0,0.0,0.0,0.29873201,0.69
79.6546828,0.26551560933333335,0.0034377507142857146,32,1,0.0,0.0,0.0,0.0,0.0,0.29029,0.364999995
79.6546828,0.25695058967741935,0.0034377507142857146,32,1,0.0,0.0,0.0,0.0,0.0,0.287534,0.18
79.6546828,0.24892088375000002,0.0034377507142857146,32,1,0.0,0.0,0.0,0.0,0.0,0.29266199,0.089999999
79.6546828,0.24137782666666668,0.0034377507142857146,32,1,0.0,0.0,0.0,0.0,0.0,0.30594501,0.049999999
79.6546828,0.23427847882352942,0.0034377507142857146,32,1,0.0,0.0,0.0,0.0,0.0,0.32206401,0.0299999995
79.6546828,0.3063641646153846,0.0034377507142857146,32,0,0.0,0.0,0.0,0.0,0.0,0.345081,0.32000000500000003
79.6546828,0.2950173437037037,0.0034377507142857146,32,0,0.0,0.0,0.0,0.0,0.0,0.324453,0.53999999
79.6546828,0.28448101000000003,0.0034377507142857146,32,0,0.0,0.0,0.0,0.0,0.0,0.307933,0.88999999
79.6546828,0.27467132,0.0034377507142857146,32,0,0.0,0.0,0.0,0.0,0.0,0.29353201,1.395
79.6546828,0.26551560933333335,0.0034377507142857146,32,0,0.0,0.0,0.0,0.0,0.0,0.287698,2.0799999
79.6546828,0.3186187312,0.004836260357142857,186,1,0.0,0.0,0.0,0.0,0.0,0.35005599,4.39999985
79.6546828,0.28448101000000003,0.004836260357142857,186,1,0.0,0.0,0.0,0.0,0.0,0.321466,2.53999995
79.6546828,0.27467132,0.004836260357142857,186,1,0.0,0.0,0.0,0.0,0.0,0.31531,2.06499995
79.6546828,0.26551560933333335,0.004836260357142857,186,1,0.0,0.0,0.0,0.0,0.0,0.31016901,1.65999995
79.6546828,0.24137782666666668,0.004836260357142857,186,1,0.0,0.0,0.0,0.0,0.0,0.29603499,0.784999995
79.6546828,0.227584808,0.004836260357142857,186,1,0.0,0.0,0.0,0.0,0.0,0.29285899,0.46499999000000003
79.6546828,0.199136707,0.004836260357142857,186,1,0.0,0.0,0.0,0.0,0.0,0.28505799,0.105000002
79.6546828,0.3186187312,0.004836260357142857,186,0,0.0,0.0,0.0,0.0,0.0,0.34849301,1.40999995
79.6546828,0.2950173437037037,0.004836260357142857,186,0,0.0,0.0,0.0,0.0,0.0,0.32960999,2.135
79.6546828,0.28448101000000003,0.004836260357142857,186,0,0.0,0.0,0.0,0.0,0.0,0.32190901,2.5949999
77.2878652,0.29726102,0.0034102860714285716,31,1,0.0,0.0,0.0,0.0,0.0,0.337661,1.9049999999999998
77.2878652,0.2862513525925926,0.0034102860714285716,31,1,0.0,0.0,0.0,0.0,0.0,0.318854,1.23
77.2878652,0.27602809,0.0034102860714285716,31,1,0.0,0.0,0.0,0.0,0.0,0.30576,0.72
77.2878652,0.26650988,0.0034102860714285716,31,1,0.0,0.0,0.0,0.0,0.0,0.297169,0.37999999500000003
77.2878652,0.25762621733333335,0.0034102860714285716,31,1,0.0,0.0,0.0,0.0,0.0,0.296437,0.190000005
77.2878652,0.2342056521212121,0.0034102860714285716,31,1,0.0,0.0,0.0,0.0,0.0,0.339259,0.034999999000000004
77.2878652,0.32203277166666666,0.0034102860714285716,31,0,0.0,0.0,0.0,0.0,0.0,0.39432999,0.18
77.2878652,0.29726102,0.0034102860714285716,31,0,0.0,0.0,0.0,0.0,0.0,0.33817199,0.489999995
77.2878652,0.2862513525925926,0.0034102860714285716,31,0,0.0,0.0,0.0,0.0,0.0,0.320768,0.81999999
77.2878652,0.27602809,0.0034102860714285716,31,0,0.0,0.0,0.0,0.0,0.0,0.30601001,1.3050000499999999
77.2878652,0.26650988,0.0034102860714285716,31,0,0.0,0.0,0.0,0.0,0.0,0.29747,1.9649999999999999
77.2878652,0.25762621733333335,0.0034102860714285716,31,0,0.0,0.0,0.0,0.0,0.0,0.29949799,2.78
77.2878652,0.3091514608,0.004785123928571429,185,1,0.0,0.0,0.0,0.0,0.0,0.345691,3.75
77.2878652,0.2862513525925926,0.004785123928571429,185,1,0.0,0.0,0.0,0.0,0.0,0.32805201,2.56499995
77.2878652,0.27602809,0.004785123928571429,185,1,0.0,0.0,0.0,0.0,0.0,0.32084,2.0749999499999996
77.2878652,0.25762621733333335,0.004785123928571429,185,1,0.0,0.0,0.0,0.0,0.0,0.310206,1.31
77.2878652,0.24931569419354838,0.004785123928571429,185,1,0.0,0.0,0.0,0.0,0.0,0.30495399,1.0150000000000001
77.2878652,0.24152457875,0.004785123928571429,185,1,0.0,0.0,0.0,0.0,0.0,0.301799,0.784999995
77.2878652,0.2342056521212121,0.004785123928571429,185,1,0.0,0.0,0.0,0.0,0.0,0.298237,0.594999995
77.2878652,0.3091514608,0.004785123928571429,185,0,0.0,0.0,0.0,0.0,0.0,0.34540901,1.65
77.2878652,0.27602809,0.004785123928571429,185,0,0.0,0.0,0.0,0.0,0.0,0.32154301,3.01
77.2878652,0.26650988,0.004785123928571429,185,0,0.0,0.0,0.0,0.0,0.0,0.31579399,3.6000000500000002
79.06297839999999,0.32942907666666665,0.0033827467857142856,30,1,0.0,0.0,0.0,0.0,0.0,0.39591101,4.17499995
79.06297839999999,0.3040883784615384,0.0033827467857142856,30,1,0.0,0.0,0.0,0.0,0.0,0.33425099,2.375
79.06297839999999,0.2928258459259259,0.0033827467857142856,30,1,0.0,0.0,0.0,0.0,0.0,0.310877,1.6
79.06297839999999,0.28236777999999996,0.0033827467857142856,30,1,0.0,0.0,0.0,0.0,0.0,0.29435,0.974999995
79.06297839999999,0.27263096,0.0033827467857142856,30,1,0.0,0.0,0.0,0.0,0.0,0.28326499,0.53
79.06297839999999,0.2635432613333333,0.0033827467857142856,30,1,0.0,0.0,0.0,0.0,0.0,0.280173,0.265
79.06297839999999,0.2550418658064516,0.0033827467857142856,30,1,0.0,0.0,0.0,0.0,0.0,0.28177699,0.125
79.06297839999999,0.3513910151111111,0.0033827467857142856,30,0,0.0,0.0,0.0,0.0,0.0,0.45389199,0.060000000500000004
79.06297839999999,0.32942907666666665,0.0033827467857142856,30,0,0.0,0.0,0.0,0.0,0.0,0.39307901,0.11
79.06297839999999,0.3162519136,0.0033827467857142856,30,0,0.0,0.0,0.0,0.0,0.0,0.35991201,0.18
79.06297839999999,0.3040883784615384,0.0033827467857142856,30,0,0.0,0.0,0.0,0.0,0.0,0.33305201,0.31
79.06297839999999,0.2928258459259259,0.0033827467857142856,30,0,0.0,0.0,0.0,0.0,0.0,0.31176901,0.53999999
79.06297839999999,0.28236777999999996,0.0033827467857142856,30,0,0.0,0.0,0.0,0.0,0.0,0.29521301,0.915000025
79.06297839999999,0.23253817176470587,0.0033827467857142856,30,0,0.0,0.0,0.0,0.0,0.0,0.35815501,5.9749999
79.06297839999999,0.2928258459259259,0.004603230892857143,184,1,0.0,0.0,0.0,0.0,0.0,0.31782699,2.8499999
79.06297839999999,0.2635432613333333,0.004603230892857143,184,1,0.0,0.0,0.0,0.0,0.0,0.29544601,1.43999995
79.06297839999999,0.2550418658064516,0.004603230892857143,184,1,0.0,0.0,0.0,0.0,0.0,0.29142499,1.12
79.06297839999999,0.239584783030303,0.004603230892857143,184,1,0.0,0.0,0.0,0.0,0.0,0.28368899,0.6450000149999999
79.06297839999999,0.22589422399999998,0.004603230892857143,184,1,0.0,0.0,0.0,0.0,0.0,0.281721,0.37000000499999997
79.06297839999999,0.21961938444444443,0.004603230892857143,184,1,0.0,0.0,0.0,0.0,0.0,0.27787599,0.265
79.06297839999999,0.197657446,0.004603230892857143,184,1,0.0,0.0,0.0,0.0,0.0,0.28424901,0.089999999
79.06297839999999,0.5270865226666666,0.004603230892857143,184,0,0.0,0.0,0.0,0.0,0.0,0.53060299,0.16500000999999997
79.06297839999999,0.45178844799999995,0.004603230892857143,184,0,0.0,0.0,0.0,0.0,0.0,0.465141,0.26999999500000005
79.06297839999999,0.395314892,0.004603230892857143,184,0,0.0,0.0,0.0,0.0,0.0,0.41270101,0.459999995
79.06297839999999,0.3513910151111111,0.004603230892857143,184,0,0.0,0.0,0.0,0.0,0.0,0.371434,0.805000005
79.06297839999999,0.32942907666666665,0.004603230892857143,184,0,0.0,0.0,0.0,0.0,0.0,0.349354,1.115
79.6828592,0.28458163999999997,0.003369561071428571,29,1,0.0,0.0,0.0,0.0,0.0,0.29414099,1.08000005
79.6828592,0.27476848,0.003369561071428571,29,1,0.0,0.0,0.0,0.0,0.0,0.28364199,0.59999999
79.6828592,0.26560953066666665,0.003369561071428571,29,1,0.0,0.0,0.0,0.0,0.0,0.278532,0.29999999499999996
79.6828592,0.25704148129032256,0.003369561071428571,29,1,0.0,0.0,0.0,0.0,0.0,0.278927,0.14000000499999998
79.6828592,0.249008935,0.003369561071428571,29,1,0.0,0.0,0.0,0.0,0.0,0.289581,0.0699999985
79.6828592,0.3187314368,0.003369561071428571,29,0,0.0,0.0,0.0,0.0,0.0,0.355667,0.14000000499999998
79.6828592,0.29512170074074073,0.003369561071428571,29,0,0.0,0.0,0.0,0.0,0.0,0.30860201,0.45000000500000004
79.6828592,0.28458163999999997,0.003369561071428571,29,0,0.0,0.0,0.0,0.0,0.0,0.29420701,0.794999985
79.6828592,0.27476848,0.003369561071428571,29,0,0.0,0.0,0.0,0.0,0.0,0.28209999,1.31
79.6828592,0.3187314368,0.004763766071428571,183,1,0.0,0.0,0.0,0.0,0.0,0.33893499,4.29999995
79.6828592,0.26560953066666665,0.004763766071428571,183,1,0.0,0.0,0.0,0.0,0.0,0.29538801,1.52
79.6828592,0.22134127555555555,0.004763766071428571,183,1,0.0,0.0,0.0,0.0,0.0,0.274755,0.27499998999999997
79.6828592,0.3320119133333333,0.004763766071428571,183,0,0.0,0.0,0.0,0.0,0.0,0.34737101,1.04499995
79.82374119999999,0.26607913733333327,0.004768060714285715,180,1,0.0,0.0,0.0,0.0,0.0,0.29153901,1.5
79.82374119999999,0.22806783199999997,0.004768060714285715,180,1,0.0,0.0,0.0,0.0,0.0,0.27439499,0.364999995
80.6126804,0.2687089346666667,0.004664974464285715,179,1,0.0,0.0,0.0,0.0,0.0,0.290333,1.5950000000000002
80.6126804,0.26004090451612905,0.004664974464285715,179,1,0.0,0.0,0.0,0.0,0.0,0.28429401,1.23
80.6126804,0.230321944,0.004664974464285715,179,1,0.0,0.0,0.0,0.0,0.0,0.27213699,0.390000005
80.6126804,0.403063402,0.004664974464285715,179,0,0.0,0.0,0.0,0.0,0.0,0.41045699,0.37999999500000003
80.6126804,0.33588616833333335,0.004664974464285715,179,0,0.0,0.0,0.0,0.0,0.0,0.34584001,0.94
80.6126804,0.31004877076923076,0.004664974464285715,179,0,0.0,0.0,0.0,0.0,0.0,0.32282701,1.48
80.6126804,0.27797476,0.004664974464285715,179,0,0.0,0.0,0.0,0.0,0.0,0.296065,2.76
80.6126804,0.2687089346666667,0.004664974464285715,179,0,0.0,0.0,0.0,0.0,0.0,0.29185599,3.3500000500000002
79.59833,0.28427975,0.0043834766071428576,178,1,0.0,0.0,0.0,0.0,0.0,0.29946399,2.2949999500000002
79.59833,0.274477,0.0043834766071428576,178,1,0.0,0.0,0.0,0.0,0.0,0.292889,1.82
79.59833,0.2274238,0.0043834766071428576,178,1,0.0,0.0,0.0,0.0,0.0,0.27197701,0.33499999
79.59833,0.29480862962962967,0.0043834766071428576,178,0,0.0,0.0,0.0,0.0,0.0,0.30835599,1.935
79.59833,0.274477,0.0043834766071428576,178,0,0.0,0.0,0.0,0.0,0.0,0.29233199,2.9100001
79.59833,0.2653277666666667,0.004280976785714286,177,1,0.0,0.0,0.0,0.0,0.0,0.285162,1.395
79.59833,0.25676880645161293,0.004280976785714286,177,1,0.0,0.0,0.0,0.0,0.0,0.27945,1.06
79.59833,0.24874478125000002,0.004280976785714286,177,1,0.0,0.0,0.0,0.0,0.0,0.274533,0.78999999
79.59833,0.31839332000000004,0.004280976785714286,177,0,0.0,0.0,0.0,0.0,0.0,0.32873201,1.2349999999999999
79.59833,0.29480862962962967,0.004280976785714286,177,0,0.0,0.0,0.0,0.0,0.0,0.30763,1.92500005
79.59833,0.274477,0.004280976785714286,177,0,0.0,0.0,0.0,0.0,0.0,0.29152399,2.9000001
79.5701536,0.28417912,0.0027394625714285714,32,1,0.0,0.0,0.0,0.0,0.0,0.27759901,0.944999995
79.5701536,0.26523384533333333,0.0027394625714285714,32,1,0.0,0.0,0.0,0.0,0.0,0.26957899,0.25499999500000003
79.5701536,0.25667791483870966,0.0027394625714285714,32,1,0.0,0.0,0.0,0.0,0.0,0.277946,0.13
79.5701536,0.28417912,0.0027394625714285714,32,0,0.0,0.0,0.0,0.0,0.0,0.27865601,0.905000005
79.5701536,0.26523384533333333,0.0027394625714285714,32,0,0.0,0.0,0.0,0.0,0.0,0.26936701,2.22
79.90827039999999,0.28538667999999995,0.002730828285714286,31,1,0.0,0.0,0.0,0.0,0.0,0.27101901,0.9800000200000001
79.90827039999999,0.27554576,0.002730828285714286,31,1,0.0,0.0,0.0,0.0,0.0,0.262741,0.5199999799999999
79.90827039999999,0.2663609013333333,0.002730828285714286,31,1,0.0,0.0,0.0,0.0,0.0,0.257893,0.244999995
79.90827039999999,0.3073395015384615,0.002730828285714286,31,0,0.0,0.0,0.0,0.0,0.0,0.302019,0.23499999500000002
79.90827039999999,0.28538667999999995,0.002730828285714286,31,0,0.0,0.0,0.0,0.0,0.0,0.263648,0.78
79.90827039999999,0.27554576,0.002730828285714286,31,0,0.0,0.0,0.0,0.0,0.0,0.25383201,1.32499995
79.00662559999999,0.3038716369230769,0.0027135628571428572,30,1,0.0,0.0,0.0,0.0,0.0,0.29923499,2.1800000500000003
79.00662559999999,0.29261713185185184,0.0027135628571428572,30,1,0.0,0.0,0.0,0.0,0.0,0.28316101,1.395
79.00662559999999,0.28216652,0.0027135628571428572,30,1,0.0,0.0,0.0,0.0,0.0,0.27123699,0.794999985
79.00662559999999,0.2633554186666666,0.0027135628571428572,30,1,0.0,0.0,0.0,0.0,0.0,0.267652,0.195
79.00662559999999,0.25486008258064513,0.0027135628571428572,30,1,0.0,0.0,0.0,0.0,0.0,0.280626,0.100000002
79.00662559999999,0.24689570499999997,0.0027135628571428572,30,1,0.0,0.0,0.0,0.0,0.0,0.291816,0.049999999
79.00662559999999,0.3511405582222222,0.0027135628571428572,30,0,0.0,0.0,0.0,0.0,0.0,0.42610201,0.049999999
79.00662559999999,0.3038716369230769,0.0027135628571428572,30,0,0.0,0.0,0.0,0.0,0.0,0.30250701,0.284999995
79.00662559999999,0.29261713185185184,0.0027135628571428572,30,0,0.0,0.0,0.0,0.0,0.0,0.28369999,0.53
79.00662559999999,0.28216652,0.0027135628571428572,30,0,0.0,0.0,0.0,0.0,0.0,0.27106801,0.944999995
79.00662559999999,0.27243663999999995,0.0027135628571428572,30,0,0.0,0.0,0.0,0.0,0.0,0.26539201,1.56
79.00662559999999,0.23941401696969694,0.0027135628571428572,30,0,0.0,0.0,0.0,0.0,0.0,-99.989998,5.1500001
78.18951,0.3007288846153846,0.002700043428571429,29,1,0.0,0.0,0.0,0.0,0.0,0.30895799,1.9449999500000001
78.18951,0.27924825,0.002700043428571429,29,1,0.0,0.0,0.0,0.0,0.0,0.284383,0.685000005
78.18951,0.269619,0.002700043428571429,29,1,0.0,0.0,0.0,0.0,0.0,0.284592,0.359999995
78.18951,0.2606317,0.002700043428571429,29,1,0.0,0.0,0.0,0.0,0.0,0.28928599,0.18
78.18951,0.28959077777777775,0.002700043428571429,29,0,0.0,0.0,0.0,0.0,0.0,0.290382,0.63999999
78.18951,0.27924825,0.002700043428571429,29,0,0.0,0.0,0.0,0.0,0.0,0.28018501,1.115
78.18951,0.269619,0.002700043428571429,29,0,0.0,0.0,0.0,0.0,0.0,0.277089,1.7850000000000001
78.18951,0.2522242258064516,0.002700043428571429,29,0,0.0,0.0,0.0,0.0,0.0,0.28999901,3.525
78.18951,0.2369379090909091,0.002700043428571429,29,0,0.0,0.0,0.0,0.0,0.0,0.33254799,5.4749999
78.18951,0.22996914705882351,0.002700043428571429,29,0,0.0,0.0,0.0,0.0,0.0,0.37726101,6.4749999
85.89938871,0.30678353110714285,0.0026198333333333334,32,1,0.0,0.0,0.0,0.0,0.0,0.291089,2.525
85.89938871,0.2863312957,0.0026198333333333334,32,1,0.0,0.0,0.0,0.0,0.0,0.25852501,1.065
85.89938871,0.2770948022903226,0.0026198333333333334,32,1,0.0,0.0,0.0,0.0,0.0,0.25334701,0.59999999
85.89938871,0.26843558971875,0.0026198333333333334,32,1,0.0,0.0,0.0,0.0,0.0,0.25422201,0.314999995
85.89938871,0.232160510027027,0.0026198333333333334,32,1,0.0,0.0,0.0,0.0,0.0,0.34147701,0.0299999995
85.89938871,0.33038226426923073,0.0026198333333333334,32,0,0.0,0.0,0.0,0.0,0.0,0.33971399,0.080000002
85.89938871,0.3181458841111111,0.0026198333333333334,32,0,0.0,0.0,0.0,0.0,0.0,0.30790299,0.13
85.89938871,0.30678353110714285,0.0026198333333333334,32,0,0.0,0.0,0.0,0.0,0.0,0.28505599,0.23499999500000002
85.89938871,0.2962047886551724,0.0026198333333333334,32,0,0.0,0.0,0.0,0.0,0.0,0.266518,0.42999999499999997
85.89938871,0.2863312957,0.0026198333333333334,32,0,0.0,0.0,0.0,0.0,0.0,0.25615901,0.78
85.89938871,0.2770948022903226,0.0026198333333333334,32,0,0.0,0.0,0.0,0.0,0.0,0.247999,1.3050000499999999
86.52369877,0.30901320989285713,0.00261439,31,1,0.0,0.0,0.0,0.0,0.0,0.29838899,2.71500005
86.52369877,0.2884123292333333,0.00261439,31,1,0.0,0.0,0.0,0.0,0.0,0.26766801,1.21000005
86.52369877,0.2791087057096774,0.00261439,31,1,0.0,0.0,0.0,0.0,0.0,0.26026201,0.69999999
86.52369877,0.27038655865625,0.00261439,31,1,0.0,0.0,0.0,0.0,0.0,0.26443899,0.390000005
86.52369877,0.26219302657575755,0.00261439,31,1,0.0,0.0,0.0,0.0,0.0,0.27142501,0.21000000000000002
86.52369877,0.2544814669705882,0.00261439,31,1,0.0,0.0,0.0,0.0,0.0,0.28544399,0.12
86.52369877,0.36051541154166666,0.00261439,31,0,0.0,0.0,0.0,0.0,0.0,0.41682401,0.0299999995
86.52369877,0.32045814359259256,0.00261439,31,0,0.0,0.0,0.0,0.0,0.0,0.31266701,0.11
86.52369877,0.30901320989285713,0.00261439,31,0,0.0,0.0,0.0,0.0,0.0,0.291715,0.204999995
86.52369877,0.2983575819655172,0.00261439,31,0,0.0,0.0,0.0,0.0,0.0,0.273624,0.37999999500000003
86.52369877,0.2884123292333333,0.00261439,31,0,0.0,0.0,0.0,0.0,0.0,0.26227,0.694999995
86.52369877,0.2791087057096774,0.00261439,31,0,0.0,0.0,0.0,0.0,0.0,0.257817,1.1949999500000001
86.52369877,0.26219302657575755,0.00261439,31,0,0.0,0.0,0.0,0.0,0.0,0.25100499,2.6699999500000002
86.52369877,0.22769394413157892,0.00261439,31,0,0.0,0.0,0.0,0.0,0.0,0.35090801,7.5250001
87.54529705,0.3126617751785714,0.00260895,30,1,0.0,0.0,0.0,0.0,0.0,0.27733701,2.95000005
87.54529705,0.30188033465517244,0.00260895,30,1,0.0,0.0,0.0,0.0,0.0,0.269104,2.1
87.54529705,0.2918176568333333,0.00260895,30,1,0.0,0.0,0.0,0.0,0.0,0.260434,1.37
87.54529705,0.2824041840322581,0.00260895,30,1,0.0,0.0,0.0,0.0,0.0,0.256354,0.814999995
87.54529705,0.27357905328125,0.00260895,30,1,0.0,0.0,0.0,0.0,0.0,0.26097599,0.46000001
87.54529705,0.26528877893939395,0.00260895,30,1,0.0,0.0,0.0,0.0,0.0,0.26440999,0.24
87.54529705,0.25748616779411765,0.00260895,30,1,0.0,0.0,0.0,0.0,0.0,0.275563,0.13
87.54529705,0.24318138069444445,0.00260895,30,1,0.0,0.0,0.0,0.0,0.0,0.32937899,0.0649999995
87.54529705,0.32424184092592595,0.00260895,30,0,0.0,0.0,0.0,0.0,0.0,0.32078001,0.089999999
87.54529705,0.30188033465517244,0.00260895,30,0,0.0,0.0,0.0,0.0,0.0,0.275004,0.29999999499999996
87.54529705,0.2824041840322581,0.00260895,30,0,0.0,0.0,0.0,0.0,0.0,0.25914401,1.0150000000000001
87.54529705,0.26528877893939395,0.00260895,30,0,0.0,0.0,0.0,0.0,0.0,0.26994699,2.44500005
87.94258527,0.3140806616785714,0.002606719375,29,1,0.0,0.0,0.0,0.0,0.0,0.30926499,3.1499999499999998
87.94258527,0.3032502940344827,0.002606719375,29,1,0.0,0.0,0.0,0.0,0.0,0.280375,2.26
87.94258527,0.2931419509,0.002606719375,29,1,0.0,0.0,0.0,0.0,0.0,0.261114,1.48
87.94258527,0.28368575893548387,0.002606719375,29,1,0.0,0.0,0.0,0.0,0.0,0.25305501,0.8799999949999999
87.94258527,0.27482057896875,0.002606719375,29,1,0.0,0.0,0.0,0.0,0.0,0.252372,0.48000000499999995
87.94258527,0.2664926826363636,0.002606719375,29,1,0.0,0.0,0.0,0.0,0.0,0.259812,0.25499999500000003
87.94258527,0.2586546625588235,0.002606719375,29,1,0.0,0.0,0.0,0.0,0.0,0.27607501,0.145000005
87.94258527,0.25126452934285715,0.002606719375,29,1,0.0,0.0,0.0,0.0,0.0,0.30441001,0.100000002
87.94258527,0.23768266289189188,0.002606719375,29,1,0.0,0.0,0.0,0.0,0.0,0.34558499,0.045
87.94258527,0.3140806616785714,0.002606719375,29,0,0.0,0.0,0.0,0.0,0.0,0.29107001,0.125
87.94258527,0.3032502940344827,0.002606719375,29,0,0.0,0.0,0.0,0.0,0.0,0.27006301,0.24
87.94258527,0.2931419509,0.002606719375,29,0,0.0,0.0,0.0,0.0,0.0,0.25339201,0.459999995
87.94258527,0.28368575893548387,0.002606719375,29,0,0.0,0.0,0.0,0.0,0.0,0.246205,0.86000001
87.94258527,0.2664926826363636,0.002606719375,29,0,0.0,0.0,0.0,0.0,0.0,0.25410399,2.245
92.02897838999999,0.27067346585294116,0.0032692467032967034,187,1,0.0,0.0,0.0,0.0,0.0,0.27759099,1.775
92.02897838999999,0.2556360510833333,0.0032692467032967034,187,1,0.0,0.0,0.0,0.0,0.0,0.26643699,1.08500005
92.28437796,0.2714246410588235,0.0032955575824175827,186,1,0.0,0.0,0.0,0.0,0.0,0.27485901,1.78999995
92.28437796,0.2636696513142857,0.0032955575824175827,186,1,0.0,0.0,0.0,0.0,0.0,0.26917401,1.40999995
92.28437796,0.2563454943333333,0.0032955575824175827,186,1,0.0,0.0,0.0,0.0,0.0,0.26425499,1.0950000000000002
93.47624262,0.27493012535294115,0.0032377557142857145,185,1,0.0,0.0,0.0,0.0,0.0,0.26545101,1.88
93.47624262,0.2670749789142857,0.0032377557142857145,185,1,0.0,0.0,0.0,0.0,0.0,0.25846601,1.46500005
93.47624262,0.32233187110344824,0.0032377557142857145,185,0,0.0,0.0,0.0,0.0,0.0,0.30721399,1.26
93.47624262,0.3115874754,0.0032377557142857145,185,0,0.0,0.0,0.0,0.0,0.0,0.29741901,1.54499995
93.47624262,0.301536266516129,0.0032377557142857145,185,0,0.0,0.0,0.0,0.0,0.0,0.287866,1.88
93.47624262,0.2921132581875,0.0032377557142857145,185,0,0.0,0.0,0.0,0.0,0.0,0.279589,2.28
93.47624262,0.27493012535294115,0.0032377557142857145,185,0,0.0,0.0,0.0,0.0,0.0,0.264994,3.275
92.71004391,0.28093952699999997,0.0034325431868131875,184,1,0.0,0.0,0.0,0.0,0.0,0.27788901,2.25
92.71004391,0.2648858397428571,0.0034325431868131875,184,1,0.0,0.0,0.0,0.0,0.0,0.26390499,1.395
92.71004391,0.25752789975,0.0034325431868131875,184,1,0.0,0.0,0.0,0.0,0.0,0.25993699,1.08500005
92.71004391,0.29906465777419355,0.0034325431868131875,184,0,0.0,0.0,0.0,0.0,0.0,0.293843,2.035
92.71004391,0.28971888721875,0.0034325431868131875,184,0,0.0,0.0,0.0,0.0,0.0,0.285074,2.45000005
92.71004391,0.28093952699999997,0.0034325431868131875,184,0,0.0,0.0,0.0,0.0,0.0,0.27766401,2.93500005
92.71004391,0.2648858397428571,0.0034325431868131875,184,0,0.0,0.0,0.0,0.0,0.0,0.26442701,4.10000015
92.02897838999999,0.3067632613,0.003484774571428571,183,1,0.0,0.0,0.0,0.0,0.0,0.296675,3.79999995
92.02897838999999,0.28759055746874995,0.003484774571428571,183,1,0.0,0.0,0.0,0.0,0.0,0.28020099,2.5849999
92.02897838999999,0.27887569209090907,0.003484774571428571,183,1,0.0,0.0,0.0,0.0,0.0,0.273462,2.0849999
92.02897838999999,0.27067346585294116,0.003484774571428571,183,1,0.0,0.0,0.0,0.0,0.0,0.26659301,1.645
92.02897838999999,0.26293993825714285,0.003484774571428571,183,1,0.0,0.0,0.0,0.0,0.0,0.259478,1.2650000000000001
92.02897838999999,0.2556360510833333,0.003484774571428571,183,1,0.0,0.0,0.0,0.0,0.0,0.25590399,0.974999995
92.02897838999999,0.2487269686216216,0.003484774571428571,183,1,0.0,0.0,0.0,0.0,0.0,0.25137499,0.7300000200000001
92.02897838999999,0.3173413047931034,0.003484774571428571,183,0,0.0,0.0,0.0,0.0,0.0,0.307547,1.395
92.02897838999999,0.2968676722258064,0.003484774571428571,183,0,0.0,0.0,0.0,0.0,0.0,0.288614,2.0749999
92.02897838999999,0.28759055746874995,0.003484774571428571,183,0,0.0,0.0,0.0,0.0,0.0,0.28061199,2.51
92.02897838999999,0.26293993825714285,0.003484774571428571,183,0,0.0,0.0,0.0,0.0,0.0,0.26192901,4.2249999
92.39788888,0.30799296293333334,0.0036650762857142853,180,1,0.0,0.0,0.0,0.0,0.0,0.29051799,3.79999995
92.39788888,0.28874340275,0.0036650762857142853,180,1,0.0,0.0,0.0,0.0,0.0,0.276382,2.5899999
92.39788888,0.2799936026666667,0.0036650762857142853,180,1,0.0,0.0,0.0,0.0,0.0,0.26872501,2.0699999499999997
92.39788888,0.27175849670588237,0.0036650762857142853,180,1,0.0,0.0,0.0,0.0,0.0,0.26249501,1.63
92.39788888,0.2639939682285714,0.0036650762857142853,180,1,0.0,0.0,0.0,0.0,0.0,0.255007,1.245
92.39788888,0.25666080244444445,0.0036650762857142853,180,1,0.0,0.0,0.0,0.0,0.0,0.25109699,0.94999999
92.39788888,0.2309947222,0.0036650762857142853,180,1,0.0,0.0,0.0,0.0,0.0,0.238417,0.26999999500000005
92.39788888,0.30799296293333334,0.0036650762857142853,180,0,0.0,0.0,0.0,0.0,0.0,0.294218,1.625
92.39788888,0.2980577060645161,0.0036650762857142853,180,0,0.0,0.0,0.0,0.0,0.0,0.285577,1.99
92.39788888,0.2799936026666667,0.0036650762857142853,180,0,0.0,0.0,0.0,0.0,0.0,0.26941299,2.9050001
92.39788888,0.27175849670588237,0.0036650762857142853,180,0,0.0,0.0,0.0,0.0,0.0,0.26350099,3.475
91.3762906,0.2947622277419355,0.0026280125000000005,32,1,0.0,0.0,0.0,0.0,0.0,0.27497101,1.725
91.3762906,0.285550908125,0.0026280125000000005,32,1,0.0,0.0,0.0,0.0,0.0,0.2613,1.08500005
91.3762906,0.2768978503030303,0.0026280125000000005,32,1,0.0,0.0,0.0,0.0,0.0,0.251766,0.6150000099999999
91.3762906,0.26875379588235293,0.0026280125000000005,32,1,0.0,0.0,0.0,0.0,0.0,0.24641301,0.31500001
91.3762906,0.261075116,0.0026280125000000005,32,1,0.0,0.0,0.0,0.0,0.0,0.24544001,0.15000000000000002
91.3762906,0.35144727153846156,0.0026280125000000005,32,0,0.0,0.0,0.0,0.0,0.0,0.38637301,0.04
91.3762906,0.33843070592592595,0.0026280125000000005,32,0,0.0,0.0,0.0,0.0,0.0,0.36526799,0.0699999985
91.3762906,0.3150906572413793,0.0026280125000000005,32,0,0.0,0.0,0.0,0.0,0.0,0.310269,0.18
91.3762906,0.30458763533333333,0.0026280125000000005,32,0,0.0,0.0,0.0,0.0,0.0,0.291695,0.314999995
91.3762906,0.2947622277419355,0.0026280125000000005,32,0,0.0,0.0,0.0,0.0,0.0,0.27617699,0.544999985
91.3762906,0.285550908125,0.0026280125000000005,32,0,0.0,0.0,0.0,0.0,0.0,0.26223099,0.905000005
91.3762906,0.2768978503030303,0.0026280125000000005,32,0,0.0,0.0,0.0,0.0,0.0,0.25266099,1.435
91.3762906,0.2768978503030303,0.0036931522857142855,179,1,0.0,0.0,0.0,0.0,0.0,0.26835299,1.9
91.3762906,0.26875379588235293,0.0036931522857142855,179,1,0.0,0.0,0.0,0.0,0.0,0.26157999,1.48
91.3762906,0.261075116,0.0036931522857142855,179,1,0.0,0.0,0.0,0.0,0.0,0.25520399,1.125
91.3762906,0.2469629475675676,0.0036931522857142855,179,1,0.0,0.0,0.0,0.0,0.0,0.247262,0.6299999949999999
91.3762906,0.3150906572413793,0.0036931522857142855,179,0,0.0,0.0,0.0,0.0,0.0,0.30334899,1.4049999999999998
92.5113998,0.29842387032258066,0.002622012142857143,31,1,0.0,0.0,0.0,0.0,0.0,0.28309599,2.0399999500000003
92.5113998,0.2803375751515152,0.002622012142857143,31,1,0.0,0.0,0.0,0.0,0.0,0.25676301,0.794999985
92.5113998,0.2720923523529412,0.002622012142857143,31,1,0.0,0.0,0.0,0.0,0.0,0.248026,0.420000005
92.5113998,0.26431828514285716,0.002622012142857143,31,1,0.0,0.0,0.0,0.0,0.0,0.245416,0.20500000000000002
92.5113998,0.29842387032258066,0.002622012142857143,31,0,0.0,0.0,0.0,0.0,0.0,0.27547899,0.41000000000000003
92.5113998,0.28909812437500004,0.002622012142857143,31,0,0.0,0.0,0.0,0.0,0.0,0.26067001,0.705000015
92.5113998,0.2720923523529412,0.002622012142857143,31,0,0.0,0.0,0.0,0.0,0.0,0.24090099,1.78999995
92.5113998,0.2803375751515152,0.003533007142857143,178,1,0.0,0.0,0.0,0.0,0.0,0.269409,2.1100000000000003
92.5113998,0.2720923523529412,0.003533007142857143,178,1,0.0,0.0,0.0,0.0,0.0,0.26266,1.65999995
92.5113998,0.26431828514285716,0.003533007142857143,178,1,0.0,0.0,0.0,0.0,0.0,0.25586501,1.275
92.5113998,0.2569761105555556,0.003533007142857143,178,1,0.0,0.0,0.0,0.0,0.0,0.25130701,0.97
92.5113998,0.2500308102702703,0.003533007142857143,178,1,0.0,0.0,0.0,0.0,0.0,0.24721999,0.724999995
92.5113998,0.2312784995,0.003533007142857143,178,1,0.0,0.0,0.0,0.0,0.0,0.23711599,0.26999999500000005
92.5113998,0.462556999,0.003533007142857143,178,0,0.0,0.0,0.0,0.0,0.0,0.43020701,0.18
92.5113998,0.4022234773913044,0.003533007142857143,178,0,0.0,0.0,0.0,0.0,0.0,0.37821701,0.33999999999999997
92.5113998,0.38546416583333337,0.003533007142857143,178,0,0.0,0.0,0.0,0.0,0.0,0.363657,0.425
92.5113998,0.3700455992,0.003533007142857143,178,0,0.0,0.0,0.0,0.0,0.0,0.34969601,0.53
92.5113998,0.35581307615384616,0.003533007142857143,178,0,0.0,0.0,0.0,0.0,0.0,0.33643699,0.66
92.5113998,0.2720923523529412,0.003533007142857143,178,0,0.0,0.0,0.0,0.0,0.0,0.26296899,3.3999999499999998
92.39788888,0.2980577060645161,0.0026158917857142857,30,1,0.0,0.0,0.0,0.0,0.0,0.27383301,1.96000005
92.39788888,0.28874340275,0.0026158917857142857,30,1,0.0,0.0,0.0,0.0,0.0,0.25784799,1.255
92.39788888,0.2799936026666667,0.0026158917857142857,30,1,0.0,0.0,0.0,0.0,0.0,0.24690101,0.72
92.39788888,0.27175849670588237,0.0026158917857142857,30,1,0.0,0.0,0.0,0.0,0.0,0.24101,0.37000000499999997
92.39788888,0.28874340275,0.0026158917857142857,30,0,0.0,0.0,0.0,0.0,0.0,0.25797001,0.69999999
92.39788888,0.2799936026666667,0.0026158917857142857,30,0,0.0,0.0,0.0,0.0,0.0,0.247036,1.16499995
92.39788888,0.27175849670588237,0.0026158917857142857,30,0,0.0,0.0,0.0,0.0,0.0,0.241209,1.815
92.39788888,0.2980577060645161,0.0031224050000000004,93,1,0.0,0.0,0.0,0.0,0.0,0.270336,2.5149999999999997
92.39788888,0.2799936026666667,0.0031224050000000004,93,1,0.0,0.0,0.0,0.0,0.0,0.253764,1.38
92.39788888,0.27175849670588237,0.0031224050000000004,93,1,0.0,0.0,0.0,0.0,0.0,0.246222,0.96000001
92.39788888,0.2639939682285714,0.0031224050000000004,93,1,0.0,0.0,0.0,0.0,0.0,0.23986401,0.63999999
92.39788888,0.25666080244444445,0.0031224050000000004,93,1,0.0,0.0,0.0,0.0,0.0,0.23593201,0.41500001
92.39788888,0.2309947222,0.0031224050000000004,93,1,0.0,0.0,0.0,0.0,0.0,0.239215,0.07000000249999999
92.39788888,0.38499120366666667,0.0031224050000000004,93,0,0.0,0.0,0.0,0.0,0.0,0.38850799,0.15000000000000002
92.39788888,0.36959155552,0.0031224050000000004,93,0,0.0,0.0,0.0,0.0,0.0,0.36734101,0.195
92.39788888,0.35537649569230767,0.0031224050000000004,93,0,0.0,0.0,0.0,0.0,0.0,0.34513101,0.24999999
92.39788888,0.3422144032592592,0.0031224050000000004,93,0,0.0,0.0,0.0,0.0,0.0,0.325885,0.329999995
92.39788888,0.3299924602857143,0.0031224050000000004,93,0,0.0,0.0,0.0,0.0,0.0,0.31051999,0.45000000500000004
92.39788888,0.3186134099310345,0.0031224050000000004,93,0,0.0,0.0,0.0,0.0,0.0,0.29549199,0.61000001
92.39788888,0.30799296293333334,0.0031224050000000004,93,0,0.0,0.0,0.0,0.0,0.0,0.28238499,0.82999998
92.39788888,0.2980577060645161,0.0031224050000000004,93,0,0.0,0.0,0.0,0.0,0.0,0.27182201,1.13
92.39788888,0.28874340275,0.0031224050000000004,93,0,0.0,0.0,0.0,0.0,0.0,0.26289001,1.52
92.39788888,0.27175849670588237,0.0034728542857142856,177,1,0.0,0.0,0.0,0.0,0.0,0.259119,1.5950000000000002
92.39788888,0.2639939682285714,0.0034728542857142856,177,1,0.0,0.0,0.0,0.0,0.0,0.25277999,1.22
92.39788888,0.25666080244444445,0.0034728542857142856,177,1,0.0,0.0,0.0,0.0,0.0,0.24803001,0.92000002
92.39788888,0.249724024,0.0034728542857142856,177,1,0.0,0.0,0.0,0.0,0.0,0.243662,0.68000001
92.39788888,0.2309947222,0.0034728542857142856,177,1,0.0,0.0,0.0,0.0,0.0,0.235962,0.25499999500000003
92.39788888,0.4619894444,0.0034728542857142856,177,0,0.0,0.0,0.0,0.0,0.0,0.430029,0.18
92.39788888,0.4017299516521739,0.0034728542857142856,177,0,0.0,0.0,0.0,0.0,0.0,0.37617299,0.33499999
92.39788888,0.38499120366666667,0.0034728542857142856,177,0,0.0,0.0,0.0,0.0,0.0,0.361709,0.420000005
92.39788888,0.36959155552,0.0034728542857142856,177,0,0.0,0.0,0.0,0.0,0.0,0.34779,0.525000005
92.39788888,0.35537649569230767,0.0034728542857142856,177,0,0.0,0.0,0.0,0.0,0.0,0.33356801,0.65000001
92.39788888,0.30799296293333334,0.0034728542857142856,177,0,0.0,0.0,0.0,0.0,0.0,0.29071799,1.565
92.39788888,0.2980577060645161,0.0034728542857142856,177,0,0.0,0.0,0.0,0.0,0.0,0.28198799,1.92500005
92.39788888,0.28874340275,0.0034728542857142856,177,0,0.0,0.0,0.0,0.0,0.0,0.27288601,2.3399999
92.39788888,0.2639939682285714,0.0034728542857142856,177,0,0.0,0.0,0.0,0.0,0.0,0.25551301,4.04999995
93.05057667,0.29078305209375,0.0026138675,29,1,0.0,0.0,0.0,0.0,0.0,0.250294,1.3450000000000002
93.05057667,0.2819714444545455,0.0026138675,29,1,0.0,0.0,0.0,0.0,0.0,0.23873,0.7699999799999999
93.05057667,0.2736781666764706,0.0026138675,29,1,0.0,0.0,0.0,0.0,0.0,0.232409,0.390000005
93.05057667,0.29078305209375,0.0026138675,29,0,0.0,0.0,0.0,0.0,0.0,0.25025699,0.57999998
93.05057667,0.2819714444545455,0.0026138675,29,0,0.0,0.0,0.0,0.0,0.0,0.23841199,1.005000005
93.05057667,0.26585879048571426,0.003106717142857143,92,1,0.0,0.0,0.0,0.0,0.0,0.236186,0.67000002
93.05057667,0.2584738240833333,0.003106717142857143,92,1,0.0,0.0,0.0,0.0,0.0,0.230455,0.425
93.05057667,0.387710736125,0.003106717142857143,92,0,0.0,0.0,0.0,0.0,0.0,0.39065099,0.14000000499999998
93.05057667,0.37220230668,0.003106717142857143,92,0,0.0,0.0,0.0,0.0,0.0,0.36848,0.18
93.05057667,0.35788683334615384,0.003106717142857143,92,0,0.0,0.0,0.0,0.0,0.0,0.34390301,0.225
93.05057667,0.34463176544444446,0.003106717142857143,92,0,0.0,0.0,0.0,0.0,0.0,0.32530001,0.29999999499999996
93.05057667,0.33232348810714285,0.003106717142857143,92,0,0.0,0.0,0.0,0.0,0.0,0.308357,0.40499999
93.05057667,0.3208640574827586,0.003106717142857143,92,0,0.0,0.0,0.0,0.0,0.0,0.29274699,0.55000001
93.05057667,0.3101685889,0.003106717142857143,92,0,0.0,0.0,0.0,0.0,0.0,0.280707,0.7599999900000001
93.95866403,0.2847232243333333,0.0030753971428571425,89,1,0.0,0.0,0.0,0.0,0.0,0.250377,1.57499995
93.95866403,0.2684533258,0.0030753971428571425,89,1,0.0,0.0,0.0,0.0,0.0,0.235716,0.7400000099999999
93.95866403,0.2609962889722222,0.0030753971428571425,89,1,0.0,0.0,0.0,0.0,0.0,0.231418,0.48000000499999995
93.95866403,0.5369066516,0.0030753971428571425,89,0,0.0,0.0,0.0,0.0,0.0,0.58476901,0.034999999000000004
93.95866403,0.3239953932068965,0.0030753971428571425,89,0,0.0,0.0,0.0,0.0,0.0,0.29585201,0.485
93.95866403,0.31319554676666667,0.0030753971428571425,89,0,0.0,0.0,0.0,0.0,0.0,0.28265601,0.67000002
93.95866403,0.30309246461290323,0.0030753971428571425,89,0,0.0,0.0,0.0,0.0,0.0,0.27054599,0.92000002
93.95866403,0.29362082509375,0.0030753971428571425,89,0,0.0,0.0,0.0,0.0,0.0,0.25952899,1.25
93.95866403,0.27634901185294114,0.0030753971428571425,89,0,0.0,0.0,0.0,0.0,0.0,0.243025,2.215
93.95866403,0.2684533258,0.0030753971428571425,89,0,0.0,0.0,0.0,0.0,0.0,0.236012,2.8499999
84.67914632,0.3024255225714286,0.0026012580000000004,32,1,0.0,0.0,0.0,0.0,0.0,0.29764399,2.0849999
84.67914632,0.2919970562758621,0.0026012580000000004,32,1,0.0,0.0,0.0,0.0,0.0,0.28554201,1.3599999999999999
84.67914632,0.28226382106666664,0.0026012580000000004,32,1,0.0,0.0,0.0,0.0,0.0,0.27803501,0.814999995
84.67914632,0.27315853651612904,0.0026012580000000004,32,1,0.0,0.0,0.0,0.0,0.0,0.274436,0.45000000500000004
84.67914632,0.26462233225,0.0026012580000000004,32,1,0.0,0.0,0.0,0.0,0.0,0.27758399,0.24
84.67914632,0.3024255225714286,0.0026012580000000004,32,0,0.0,0.0,0.0,0.0,0.0,0.29900199,0.399999995
84.67914632,0.2919970562758621,0.0026012580000000004,32,0,0.0,0.0,0.0,0.0,0.0,0.28844601,0.71000001
84.67914632,0.28226382106666664,0.0026012580000000004,32,0,0.0,0.0,0.0,0.0,0.0,0.27717,1.16499995
84.70752405,0.2823584135,0.002596112857142857,31,1,0.0,0.0,0.0,0.0,0.0,0.27223,0.784999995
84.70752405,0.2732500775806452,0.002596112857142857,31,1,0.0,0.0,0.0,0.0,0.0,0.267571,0.420000005
84.70752405,0.26471101265625,0.002596112857142857,31,1,0.0,0.0,0.0,0.0,0.0,0.27220699,0.219999995
84.70752405,0.30252687160714287,0.002596112857142857,31,0,0.0,0.0,0.0,0.0,0.0,0.29012999,0.359999995
84.70752405,0.2920949105172414,0.002596112857142857,31,0,0.0,0.0,0.0,0.0,0.0,0.27484,0.644999985
84.70752405,0.2823584135,0.002596112857142857,31,0,0.0,0.0,0.0,0.0,0.0,0.263302,1.0950000000000002
84.70752405,0.2732500775806452,0.002596112857142857,31,0,0.0,0.0,0.0,0.0,0.0,0.25971401,1.74
84.70752405,0.26471101265625,0.002596112857142857,31,0,0.0,0.0,0.0,0.0,0.0,0.25434399,2.52499995
85.75750006,0.30627678592857144,0.002592099142857143,30,1,0.0,0.0,0.0,0.0,0.0,0.27906501,2.3349999
85.75750006,0.29571551744827584,0.002592099142857143,30,1,0.0,0.0,0.0,0.0,0.0,0.268664,1.5350000000000001
85.75750006,0.28585833353333334,0.002592099142857143,30,1,0.0,0.0,0.0,0.0,0.0,0.258338,0.905000005
85.75750006,0.2766370969677419,0.002592099142857143,30,1,0.0,0.0,0.0,0.0,0.0,0.25611401,0.489999995
85.75750006,0.2679921876875,0.002592099142857143,30,1,0.0,0.0,0.0,0.0,0.0,0.25924399,0.24999999
85.75750006,0.2598712123030303,0.002592099142857143,30,1,0.0,0.0,0.0,0.0,0.0,0.269438,0.13
85.75750006,0.29571551744827584,0.002592099142857143,30,0,0.0,0.0,0.0,0.0,0.0,0.27201599,0.49500000499999997
85.75750006,0.28585833353333334,0.002592099142857143,30,0,0.0,0.0,0.0,0.0,0.0,0.260021,0.8799999949999999
85.75750006,0.2679921876875,0.002592099142857143,30,0,0.0,0.0,0.0,0.0,0.0,0.259123,2.225
85.75750006,0.24502142874285715,0.002592099142857143,30,0,0.0,0.0,0.0,0.0,0.0,-99.989998,4.2500001
86.06965509,0.30739162532142855,0.0025935202857142858,29,1,0.0,0.0,0.0,0.0,0.0,0.28581899,2.4300000500000003
86.06965509,0.2868988503,0.0025935202857142858,29,1,0.0,0.0,0.0,0.0,0.0,0.25435999,0.935000005
86.06965509,0.2776440486774194,0.0025935202857142858,29,1,0.0,0.0,0.0,0.0,0.0,0.25128299,0.5
86.06965509,0.26896767215625,0.0025935202857142858,29,1,0.0,0.0,0.0,0.0,0.0,0.254143,0.24999999
86.06965509,0.30739162532142855,0.0025935202857142858,29,0,0.0,0.0,0.0,0.0,0.0,0.281358,0.219999995
86.06965509,0.2967919141034483,0.0025935202857142858,29,0,0.0,0.0,0.0,0.0,0.0,0.26264599,0.420000005
86.06965509,0.2868988503,0.0025935202857142858,29,0,0.0,0.0,0.0,0.0,0.0,0.25181699,0.784999995
86.06965509,0.26081713663636363,0.0025935202857142858,29,0,0.0,0.0,0.0,0.0,0.0,0.25106099,2.97
86.06965509,0.24591330025714286,0.0025935202857142858,29,0,0.0,0.0,0.0,0.0,0.0,0.28933001,4.89999985
91.06078059000001,0.32521707353571433,0.002677302142857143,32,1,0.0,0.0,0.0,0.0,0.0,0.29008901,3.95000005
91.06078059000001,0.3140026916896552,0.002677302142857143,32,1,0.0,0.0,0.0,0.0,0.0,0.265571,3.01
91.06078059000001,0.3035359353,0.002677302142857143,32,1,0.0,0.0,0.0,0.0,0.0,0.239305,2.115
91.06078059000001,0.29374445351612904,0.002677302142857143,32,1,0.0,0.0,0.0,0.0,0.0,0.217287,1.3199999500000001
91.06078059000001,0.28456493934375005,0.002677302142857143,32,1,0.0,0.0,0.0,0.0,0.0,0.206745,0.72
91.06078059000001,0.2759417593636364,0.002677302142857143,32,1,0.0,0.0,0.0,0.0,0.0,0.20398,0.344999995
91.06078059000001,0.2678258252647059,0.002677302142857143,32,1,0.0,0.0,0.0,0.0,0.0,0.206055,0.15000000000000002
91.06078059000001,0.26017365882857146,0.002677302142857143,32,1,0.0,0.0,0.0,0.0,0.0,0.217235,0.0699999985
91.06078059000001,0.32521707353571433,0.002677302142857143,32,0,0.0,0.0,0.0,0.0,0.0,0.27248001,0.055
91.06078059000001,0.3140026916896552,0.002677302142857143,32,0,0.0,0.0,0.0,0.0,0.0,0.24533001,0.100000002
91.06078059000001,0.3035359353,0.002677302142857143,32,0,0.0,0.0,0.0,0.0,0.0,0.22389901,0.19999999499999999
91.06078059000001,0.29374445351612904,0.002677302142857143,32,0,0.0,0.0,0.0,0.0,0.0,0.20602,0.405000005
91.06078059000001,0.28456493934375005,0.002677302142857143,32,0,0.0,0.0,0.0,0.0,0.0,0.195354,0.80000001
91.06078059000001,0.2759417593636364,0.002677302142857143,32,0,0.0,0.0,0.0,0.0,0.0,0.19214299,1.43
91.34650629000001,0.31498795272413793,0.002671651785714286,31,1,0.0,0.0,0.0,0.0,0.0,0.242162,3.04999995
91.34650629000001,0.30448835430000004,0.002671651785714286,31,1,0.0,0.0,0.0,0.0,0.0,0.23281799,2.1650001000000003
91.34650629000001,0.2946661493225807,0.002671651785714286,31,1,0.0,0.0,0.0,0.0,0.0,0.215454,1.365
91.34650629000001,0.28545783215625004,0.002671651785714286,31,1,0.0,0.0,0.0,0.0,0.0,0.207366,0.7549999949999999
91.34650629000001,0.27680759481818185,0.002671651785714286,31,1,0.0,0.0,0.0,0.0,0.0,0.205019,0.36500000499999996
91.34650629000001,0.26866619497058825,0.002671651785714286,31,1,0.0,0.0,0.0,0.0,0.0,0.20747399,0.160000005
91.34650629000001,0.26099001797142857,0.002671651785714286,31,1,0.0,0.0,0.0,0.0,0.0,0.211797,0.0649999995
91.34650629000001,0.3262375224642857,0.002671651785714286,31,0,0.0,0.0,0.0,0.0,0.0,0.281544,0.055
91.34650629000001,0.30448835430000004,0.002671651785714286,31,0,0.0,0.0,0.0,0.0,0.0,0.23401999,0.19999999499999999
91.34650629000001,0.2946661493225807,0.002671651785714286,31,0,0.0,0.0,0.0,0.0,0.0,0.214789,0.395
91.34650629000001,0.28545783215625004,0.002671651785714286,31,0,0.0,0.0,0.0,0.0,0.0,0.20816,0.79000002
91.34650629000001,0.27680759481818185,0.002671651785714286,31,0,0.0,0.0,0.0,0.0,0.0,0.20444299,1.395
91.26078858000001,0.31469237441379316,0.002670759285714286,30,1,0.0,0.0,0.0,0.0,0.0,0.260043,3.04999995
91.26078858000001,0.3042026286,0.002670759285714286,30,1,0.0,0.0,0.0,0.0,0.0,0.24426,2.1650001
91.26078858000001,0.2943896405806452,0.002670759285714286,30,1,0.0,0.0,0.0,0.0,0.0,0.223592,1.365
91.26078858000001,0.28518996431250004,0.002670759285714286,30,1,0.0,0.0,0.0,0.0,0.0,0.212322,0.75
91.26078858000001,0.2765478441818182,0.002670759285714286,30,1,0.0,0.0,0.0,0.0,0.0,0.208848,0.359999995
91.26078858000001,0.26074511022857144,0.002670759285714286,30,1,0.0,0.0,0.0,0.0,0.0,0.22029001,0.0699999985
91.26078858000001,0.36504315432000006,0.002670759285714286,30,0,0.0,0.0,0.0,0.0,0.0,0.43986601,0.0350000005
91.26078858000001,0.32593138778571434,0.002670759285714286,30,0,0.0,0.0,0.0,0.0,0.0,0.29537901,0.0649999995
91.26078858000001,0.3042026286,0.002670759285714286,30,0,0.0,0.0,0.0,0.0,0.0,0.23634601,0.19999999499999999
91.26078858000001,0.2943896405806452,0.002670759285714286,30,0,0.0,0.0,0.0,0.0,0.0,0.216328,0.395
91.26078858000001,0.28518996431250004,0.002670759285714286,30,0,0.0,0.0,0.0,0.0,0.0,0.204575,0.7749999750000001
91.26078858000001,0.2765478441818182,0.002670759285714286,30,0,0.0,0.0,0.0,0.0,0.0,0.20148499,1.39
88.54639443,0.2951546481,0.003981686224489796,187,1,0.0,0.0,0.0,0.0,0.0,0.27260301,2.725
88.54639443,0.28563353041935485,0.003981686224489796,187,1,0.0,0.0,0.0,0.0,0.0,0.26819199,2.2050000499999998
88.54639443,0.27670748259375,0.003981686224489796,187,1,0.0,0.0,0.0,0.0,0.0,0.26325101,1.75
88.54639443,0.2683224073636364,0.003981686224489796,187,1,0.0,0.0,0.0,0.0,0.0,0.260178,1.375
88.54639443,0.2529896983714286,0.003981686224489796,187,1,0.0,0.0,0.0,0.0,0.0,0.25496599,0.814999995
88.54639443,0.24596220675000002,0.003981686224489796,187,1,0.0,0.0,0.0,0.0,0.0,0.25528899,0.6299999949999999
88.54639443,0.22136598607500002,0.003981686224489796,187,1,0.0,0.0,0.0,0.0,0.0,0.249369,0.185
88.54639443,0.31623712296428574,0.003981686224489796,187,0,0.0,0.0,0.0,0.0,0.0,0.286782,1.3050000499999999
88.54639443,0.3053323945862069,0.003981686224489796,187,0,0.0,0.0,0.0,0.0,0.0,0.27924901,1.645
88.54639443,0.2951546481,0.003981686224489796,187,0,0.0,0.0,0.0,0.0,0.0,0.27346101,2.05999995
88.54639443,0.28563353041935485,0.003981686224489796,187,0,0.0,0.0,0.0,0.0,0.0,0.26831901,2.5449999500000002
88.54639443,0.27670748259375,0.003981686224489796,187,0,0.0,0.0,0.0,0.0,0.0,0.26370099,3.1000000500000002
88.94641041,0.269534577,0.003930791020408163,186,1,0.0,0.0,0.0,0.0,0.0,0.256033,1.395
88.94641041,0.26160708944117644,0.003930791020408163,186,1,0.0,0.0,0.0,0.0,0.0,0.25278699,1.07499995
88.94641041,0.32943114966666665,0.003930791020408163,186,0,0.0,0.0,0.0,0.0,0.0,0.29091901,0.955000015
88.94641041,0.3176657514642857,0.003930791020408163,186,0,0.0,0.0,0.0,0.0,0.0,0.282199,1.22
88.94641041,0.30671176003448275,0.003930791020408163,186,0,0.0,0.0,0.0,0.0,0.0,0.27557001,1.5550000499999999
88.94641041,0.28692390454838707,0.003930791020408163,186,0,0.0,0.0,0.0,0.0,0.0,0.26382199,2.4250000500000004
88.94641041,0.27795753253125,0.003930791020408163,186,0,0.0,0.0,0.0,0.0,0.0,0.25863901,2.96500005
88.03208817,0.31440031489285714,0.0037037311224489794,185,1,0.0,0.0,0.0,0.0,0.0,0.27770501,3.79999995
88.03208817,0.2934402939,0.0037037311224489794,185,1,0.0,0.0,0.0,0.0,0.0,0.26350099,2.53
88.03208817,0.28397447796774195,0.0037037311224489794,185,1,0.0,0.0,0.0,0.0,0.0,0.25792101,2.01
88.03208817,0.27510027553125,0.0037037311224489794,185,1,0.0,0.0,0.0,0.0,0.0,0.25365901,1.5750000000000002
88.03208817,0.26676390354545454,0.0037037311224489794,185,1,0.0,0.0,0.0,0.0,0.0,0.250779,1.22
88.03208817,0.2589179063823529,0.0037037311224489794,185,1,0.0,0.0,0.0,0.0,0.0,0.248331,0.93000001
88.03208817,0.24453357825,0.0037037311224489794,185,1,0.0,0.0,0.0,0.0,0.0,0.247326,0.534999995
88.03208817,0.22008022042499997,0.0037037311224489794,185,1,0.0,0.0,0.0,0.0,0.0,0.24365801,0.15000000000000002
88.03208817,0.3385849545,0.0037037311224489794,185,0,0.0,0.0,0.0,0.0,0.0,0.29263499,0.754999995
88.03208817,0.32604477099999996,0.0037037311224489794,185,0,0.0,0.0,0.0,0.0,0.0,0.28356999,0.9800000200000001
88.03208817,0.3035589247241379,0.0037037311224489794,185,0,0.0,0.0,0.0,0.0,0.0,0.27090201,1.63
88.03208817,0.28397447796774195,0.0037037311224489794,185,0,0.0,0.0,0.0,0.0,0.0,0.25885901,2.5399999500000003
88.03208817,0.27510027553125,0.0037037311224489794,185,0,0.0,0.0,0.0,0.0,0.0,0.25317699,3.1000000500000002
87.66064476000001,0.24350179100000002,0.0031437674285714288,93,1,0.0,0.0,0.0,0.0,0.0,0.233374,0.135
87.66064476000001,0.32466905466666673,0.0031437674285714288,93,0,0.0,0.0,0.0,0.0,0.0,0.28078201,0.45000000500000004
87.66064476000001,0.3130737312857143,0.0031437674285714288,93,0,0.0,0.0,0.0,0.0,0.0,0.27060199,0.66
87.66064476000001,0.29220214920000004,0.0036118998979591836,184,1,0.0,0.0,0.0,0.0,0.0,0.25802401,2.375
87.66064476000001,0.28277627341935485,0.0036118998979591836,184,1,0.0,0.0,0.0,0.0,0.0,0.252774,1.87
87.66064476000001,0.25045898502857145,0.0036118998979591836,184,1,0.0,0.0,0.0,0.0,0.0,0.242962,0.6299999949999999
87.66064476000001,0.32466905466666673,0.0036118998979591836,184,0,0.0,0.0,0.0,0.0,0.0,0.27976599,0.99500001
87.66064476000001,0.3022780853793104,0.0036118998979591836,184,0,0.0,0.0,0.0,0.0,0.0,0.26503301,1.645
87.66064476000001,0.28277627341935485,0.0036118998979591836,184,0,0.0,0.0,0.0,0.0,0.0,0.25441,2.5899999
87.74636247000001,0.2830527821612904,0.0031617931428571428,92,1,0.0,0.0,0.0,0.0,0.0,0.24346399,1.2850000000000001
87.74636247000001,0.27420738271875,0.0031617931428571428,92,1,0.0,0.0,0.0,0.0,0.0,0.23763999,0.8700000050000001
87.74636247000001,0.2658980680909091,0.0031617931428571428,92,1,0.0,0.0,0.0,0.0,0.0,0.234166,0.56999999
87.74636247000001,0.2924878749,0.0031617931428571428,92,0,0.0,0.0,0.0,0.0,0.0,0.24794801,1.25
87.74636247000001,0.2830527821612904,0.0031617931428571428,92,0,0.0,0.0,0.0,0.0,0.0,0.241203,1.73
87.74636247000001,0.27420738271875,0.0031617931428571428,92,0,0.0,0.0,0.0,0.0,0.0,0.23609599,2.3249999
87.74636247000001,0.2580775366764706,0.003674105142857143,183,1,0.0,0.0,0.0,0.0,0.0,0.243503,0.8549999850000001
87.74636247000001,0.25070389277142857,0.003674105142857143,183,1,0.0,0.0,0.0,0.0,0.0,0.242174,0.63999999
87.74636247000001,0.24373989575000002,0.003674105142857143,183,1,0.0,0.0,0.0,0.0,0.0,0.242448,0.48000000499999995
87.74636247000001,0.2924878749,0.003674105142857143,183,0,0.0,0.0,0.0,0.0,0.0,0.25631201,2.01
87.74636247000001,0.2830527821612904,0.003674105142857143,183,0,0.0,0.0,0.0,0.0,0.0,0.250889,2.51
88.37495901,0.3047412379655172,0.002669933214285714,32,1,0.0,0.0,0.0,0.0,0.0,0.28732201,2.2649999999999997
88.37495901,0.2945831967,0.002669933214285714,32,1,0.0,0.0,0.0,0.0,0.0,0.26975399,1.51
88.37495901,0.28508051293548387,0.002669933214285714,32,1,0.0,0.0,0.0,0.0,0.0,0.25735199,0.91
88.37495901,0.27617174690625,0.002669933214285714,32,1,0.0,0.0,0.0,0.0,0.0,0.25219601,0.5
88.37495901,0.327314663,0.002669933214285714,32,0,0.0,0.0,0.0,0.0,0.0,0.32606399,0.100000002
88.37495901,0.2945831967,0.002669933214285714,32,0,0.0,0.0,0.0,0.0,0.0,0.262808,0.55000001
88.37495901,0.2945831967,0.0036292797142857144,179,1,0.0,0.0,0.0,0.0,0.0,0.25877199,2.53
88.37495901,0.26780290609090907,0.0036292797142857144,179,1,0.0,0.0,0.0,0.0,0.0,0.247089,1.20500005
88.37495901,0.2524998828857143,0.0036292797142857144,179,1,0.0,0.0,0.0,0.0,0.0,0.24418101,0.69
88.37495901,0.35349983604,0.004601067692307692,368,1,0.0,0.0,0.0,0.0,0.0,0.299851,6.75
88.37495901,0.2945831967,0.004601067692307692,368,1,0.0,0.0,0.0,0.0,0.0,0.26757601,3.4250000500000004
88.37495901,0.2524998828857143,0.004601067692307692,368,1,0.0,0.0,0.0,0.0,0.0,0.24661,1.4049999999999998
87.37491906,0.30129282434482757,0.0026615510714285712,31,1,0.0,0.0,0.0,0.0,0.0,0.275365,1.93
87.37491906,0.2912497302,0.0026615510714285712,31,1,0.0,0.0,0.0,0.0,0.0,0.262288,1.23
87.37491906,0.2818545776129032,0.0026615510714285712,31,1,0.0,0.0,0.0,0.0,0.0,0.25248799,0.69999999
87.37491906,0.27304662206249997,0.0026615510714285712,31,1,0.0,0.0,0.0,0.0,0.0,0.25026399,0.36500000499999996
87.37491906,0.264772482,0.0026615510714285712,31,1,0.0,0.0,0.0,0.0,0.0,0.25080401,0.17500000500000001
87.37491906,0.3236108113333333,0.0026615510714285712,31,0,0.0,0.0,0.0,0.0,0.0,0.31639099,0.11
87.37491906,0.30129282434482757,0.0026615510714285712,31,0,0.0,0.0,0.0,0.0,0.0,0.27724499,0.375
87.37491906,0.2818545776129032,0.0026615510714285712,31,0,0.0,0.0,0.0,0.0,0.0,0.25349301,1.145
87.37491906,0.2496426258857143,0.0026615510714285712,31,0,0.0,0.0,0.0,0.0,0.0,0.28539401,4.5
87.37491906,0.2818545776129032,0.003620953714285714,178,1,0.0,0.0,0.0,0.0,0.0,0.250972,1.78999995
87.37491906,0.2496426258857143,0.003620953714285714,178,1,0.0,0.0,0.0,0.0,0.0,0.243572,0.594999995
87.37491906,0.3236108113333333,0.003620953714285714,178,0,0.0,0.0,0.0,0.0,0.0,0.27649301,0.955000015
87.37491906,0.5824994604,0.004524794945054944,367,0,0.0,0.0,0.0,0.0,0.0,0.40472999,0.15500000000000003
87.37491906,0.4368745953,0.004524794945054944,367,0,0.0,0.0,0.0,0.0,0.0,0.340307,0.485
87.37491906,0.2912497302,0.004524794945054944,367,0,0.0,0.0,0.0,0.0,0.0,0.26774099,3.25
89.4321441,0.30838670379310346,0.0026605710714285714,30,1,0.0,0.0,0.0,0.0,0.0,0.29306701,2.54999995
89.4321441,0.298107147,0.0026605710714285714,30,1,0.0,0.0,0.0,0.0,0.0,0.270096,1.7349999999999999
89.4321441,0.28849078741935485,0.0026605710714285714,30,1,0.0,0.0,0.0,0.0,0.0,0.25751099,1.07499995
89.4321441,0.2794754503125,0.0026605710714285714,30,1,0.0,0.0,0.0,0.0,0.0,0.24781901,0.59
89.4321441,0.2710064972727273,0.0026605710714285714,30,1,0.0,0.0,0.0,0.0,0.0,0.246988,0.29999999499999996
89.4321441,0.30838670379310346,0.0026605710714285714,30,0,0.0,0.0,0.0,0.0,0.0,0.288609,0.24
89.4321441,0.298107147,0.0026605710714285714,30,0,0.0,0.0,0.0,0.0,0.0,0.268462,0.42999999499999997
89.4321441,0.28849078741935485,0.0026605710714285714,30,0,0.0,0.0,0.0,0.0,0.0,0.25616899,0.7699999799999999
89.4321441,0.2710064972727273,0.0026605710714285714,30,0,0.0,0.0,0.0,0.0,0.0,0.24540301,1.9949999999999999
89.4321441,0.2630357179411765,0.0026605710714285714,30,0,0.0,0.0,0.0,0.0,0.0,0.248363,2.8399999
89.4321441,0.25552041171428574,0.0026605710714285714,30,0,0.0,0.0,0.0,0.0,0.0,0.240784,3.75
89.4321441,0.298107147,0.003676520857142857,177,1,0.0,0.0,0.0,0.0,0.0,0.259864,2.735
89.4321441,0.2630357179411765,0.003676520857142857,177,1,0.0,0.0,0.0,0.0,0.0,0.24216001,0.9900000099999999
89.4321441,0.25552041171428574,0.003676520857142857,177,1,0.0,0.0,0.0,0.0,0.0,0.242245,0.754999995
89.4321441,0.4471607205,0.003676520857142857,177,0,0.0,0.0,0.0,0.0,0.0,0.376789,0.13
89.4321441,0.30838670379310346,0.003676520857142857,177,0,0.0,0.0,0.0,0.0,0.0,0.26506501,1.37
89.4321441,0.3577285764,0.004762896153846154,366,1,0.0,0.0,0.0,0.0,0.0,0.30411699,7.04999995
89.4321441,0.298107147,0.004762896153846154,366,1,0.0,0.0,0.0,0.0,0.0,0.269099,3.625
89.4321441,0.25552041171428574,0.004762896153846154,366,1,0.0,0.0,0.0,0.0,0.0,0.248422,1.525
89.4321441,0.22358036025,0.004762896153846154,366,1,0.0,0.0,0.0,0.0,0.0,0.23650301,0.534999995
89.57500695,0.3088793343103448,0.0026585575,29,1,0.0,0.0,0.0,0.0,0.0,0.285678,2.5699999499999997
89.57500695,0.2985833565,0.0026585575,29,1,0.0,0.0,0.0,0.0,0.0,0.26585501,1.75
89.57500695,0.28895163532258067,0.0026585575,29,1,0.0,0.0,0.0,0.0,0.0,0.24972899,1.065
89.57500695,0.27992189671875,0.0026585575,29,1,0.0,0.0,0.0,0.0,0.0,0.242589,0.57999998
89.57500695,0.271439415,0.0026585575,29,1,0.0,0.0,0.0,0.0,0.0,0.23897301,0.28
89.57500695,0.2634559027941177,0.0026585575,29,1,0.0,0.0,0.0,0.0,0.0,0.245612,0.135
89.57500695,0.3088793343103448,0.0026585575,29,0,0.0,0.0,0.0,0.0,0.0,0.28382,0.21000000000000002
89.57500695,0.2985833565,0.0026585575,29,0,0.0,0.0,0.0,0.0,0.0,0.26455399,0.390000005
89.57500695,0.28895163532258067,0.0026585575,29,0,0.0,0.0,0.0,0.0,0.0,0.25011399,0.71000001
89.57500695,0.271439415,0.0026585575,29,0,0.0,0.0,0.0,0.0,0.0,0.237532,1.92000005
89.57500695,0.2985833565,0.00465644989010989,365,1,0.0,0.0,0.0,0.0,0.0,0.267472,3.6499999499999998
89.57500695,0.25592859128571427,0.00465644989010989,365,1,0.0,0.0,0.0,0.0,0.0,0.245194,1.5150000000000001
89.37499896000001,0.29791666320000004,0.004576331868131868,362,1,0.0,0.0,0.0,0.0,0.0,0.262072,3.525
89.37499896000001,0.25535713988571435,0.004576331868131868,362,1,0.0,0.0,0.0,0.0,0.0,0.240817,1.4249999999999998
89.37499896000001,0.22343749740000005,0.004576331868131868,362,1,0.0,0.0,0.0,0.0,0.0,0.22928999,0.47500001000000003
89.37499896000001,0.35749999584000003,0.004576331868131868,362,0,0.0,0.0,0.0,0.0,0.0,0.29428899,1.17000005
90.83220003,0.3027740001,0.004452270989010989,361,1,0.0,0.0,0.0,0.0,0.0,0.26412901,3.8500000500000002
90.83220003,0.2595205715142857,0.004452270989010989,361,1,0.0,0.0,0.0,0.0,0.0,0.243413,1.625
90.83220003,0.227080500075,0.004452270989010989,361,1,0.0,0.0,0.0,0.0,0.0,0.23194,0.56999999
90.83220003,0.36332880011999996,0.004452270989010989,361,0,0.0,0.0,0.0,0.0,0.0,0.299063,1.11
90.83220003,0.3027740001,0.004452270989010989,361,0,0.0,0.0,0.0,0.0,0.0,0.26499,2.6800000500000003
90.51790176,0.3017263392,0.004527586373626374,360,1,0.0,0.0,0.0,0.0,0.0,0.26435399,3.79999995
90.51790176,0.25862257645714287,0.004527586373626374,360,1,0.0,0.0,0.0,0.0,0.0,0.241684,1.5750000000000002
90.51790176,0.4525895088,0.004527586373626374,360,0,0.0,0.0,0.0,0.0,0.0,0.34398401,0.395
90.51790176,0.36207160704,0.004527586373626374,360,0,0.0,0.0,0.0,0.0,0.0,0.297306,1.105
87.26062878,0.2814858992903226,0.0027153705714285715,32,1,0.0,0.0,0.0,0.0,0.0,0.211789,0.48000000499999995
87.26062878,0.2726894649375,0.0027153705714285715,32,1,0.0,0.0,0.0,0.0,0.0,0.202672,0.190000005
87.26062878,0.2908687626,0.0027153705714285715,32,0,0.0,0.0,0.0,0.0,0.0,0.217078,0.6200000050000001
87.26062878,0.2814858992903226,0.0027153705714285715,32,0,0.0,0.0,0.0,0.0,0.0,0.206273,1.13
88.2892413,0.2848040041935484,0.002698595714285714,31,1,0.0,0.0,0.0,0.0,0.0,0.209672,0.6150000099999999
88.2892413,0.2759038790625,0.002698595714285714,31,1,0.0,0.0,0.0,0.0,0.0,0.197888,0.24999999
88.2892413,0.294297471,0.002698595714285714,31,0,0.0,0.0,0.0,0.0,0.0,0.215198,0.459999995
90.31789377,0.29134804441935486,0.002691848,30,1,0.0,0.0,0.0,0.0,0.0,0.22673,1.04499995
90.31789377,0.28224341803124997,0.002691848,30,1,0.0,0.0,0.0,0.0,0.0,0.20815,0.5
90.31789377,0.27369058718181816,0.002691848,30,1,0.0,0.0,0.0,0.0,0.0,0.195932,0.190000005
90.31789377,0.2656408640294118,0.002691848,30,1,0.0,0.0,0.0,0.0,0.0,0.191287,0.060000000500000004
90.31789377,0.32256390632142856,0.002691848,30,0,0.0,0.0,0.0,0.0,0.0,0.28736001,0.09
90.31789377,0.311441013,0.002691848,30,0,0.0,0.0,0.0,0.0,0.0,0.248109,0.14000000499999998
90.31789377,0.3010596459,0.002691848,30,0,0.0,0.0,0.0,0.0,0.0,0.22479799,0.27499998999999997
90.31789377,0.29134804441935486,0.002691848,30,0,0.0,0.0,0.0,0.0,0.0,0.205844,0.544999985
90.31789377,0.28224341803124997,0.002691848,30,0,0.0,0.0,0.0,0.0,0.0,0.194472,1.0350000000000001
90.31789377,0.2656408640294118,0.002691848,30,0,0.0,0.0,0.0,0.0,0.0,0.19539399,2.6499999499999998
90.31789377,0.25805112505714284,0.002691848,30,0,0.0,0.0,0.0,0.0,0.0,-99.989998,3.5749999499999996
91.74652227,0.30582174089999997,0.002683014571428571,29,1,0.0,0.0,0.0,0.0,0.0,0.258001,2.2050000499999998
91.74652227,0.2959565234516129,0.002683014571428571,29,1,0.0,0.0,0.0,0.0,0.0,0.229992,1.3599999999999999
91.74652227,0.28670788209375,0.002683014571428571,29,1,0.0,0.0,0.0,0.0,0.0,0.208343,0.69999999
91.74652227,0.27801976445454546,0.002683014571428571,29,1,0.0,0.0,0.0,0.0,0.0,0.19466799,0.290000005
91.74652227,0.2698427125588235,0.002683014571428571,29,1,0.0,0.0,0.0,0.0,0.0,0.18994901,0.100000002
91.74652227,0.25485145075,0.002683014571428571,29,1,0.0,0.0,0.0,0.0,0.0,0.18066201,0.0049999999
91.74652227,0.30582174089999997,0.002683014571428571,29,0,0.0,0.0,0.0,0.0,0.0,0.231952,0.190000005
91.74652227,0.2959565234516129,0.002683014571428571,29,0,0.0,0.0,0.0,0.0,0.0,0.21007299,0.37999999500000003
91.74652227,0.28670788209375,0.002683014571428571,29,0,0.0,0.0,0.0,0.0,0.0,0.19774701,0.764999985
91.74652227,0.27801976445454546,0.002683014571428571,29,0,0.0,0.0,0.0,0.0,0.0,0.19418,1.395
90.07528644,0.39163168017391303,0.0025798699999999997,32,1,0.0,0.0,0.0,0.0,0.0,0.62798899,8.4250002
90.07528644,0.281485270125,0.0025798699999999997,32,1,0.0,0.0,0.0,0.0,0.0,0.256551,0.66
90.07528644,0.27295541345454544,0.0025798699999999997,32,1,0.0,0.0,0.0,0.0,0.0,0.247219,0.329999995
90.07528644,0.26492731305882355,0.0025798699999999997,32,1,0.0,0.0,0.0,0.0,0.0,0.23832799,0.14000000499999998
90.07528644,0.25735796125714283,0.0025798699999999997,32,1,0.0,0.0,0.0,0.0,0.0,0.235577,0.05499999950000001
90.07528644,0.3216974515714286,0.0025798699999999997,32,0,0.0,0.0,0.0,0.0,0.0,0.335547,0.190000005
90.07528644,0.310604436,0.0025798699999999997,32,0,0.0,0.0,0.0,0.0,0.0,0.30635199,0.29999999499999996
90.07528644,0.3002509548,0.0025798699999999997,32,0,0.0,0.0,0.0,0.0,0.0,0.28461501,0.5
90.07528644,0.29056544012903224,0.0025798699999999997,32,0,0.0,0.0,0.0,0.0,0.0,0.26486701,0.81999999
90.07528644,0.281485270125,0.0025798699999999997,32,0,0.0,0.0,0.0,0.0,0.0,0.250076,1.31000005
88.37846591,0.3273276515185185,0.0025697,31,1,0.0,0.0,0.0,0.0,0.0,0.39474201,3.95000005
88.37846591,0.28509182551612905,0.0025697,31,1,0.0,0.0,0.0,0.0,0.0,0.284881,0.8950000149999999
88.37846591,0.27618270596875,0.0025697,31,1,0.0,0.0,0.0,0.0,0.0,0.27206701,0.485
88.37846591,0.26781353306060607,0.0025697,31,1,0.0,0.0,0.0,0.0,0.0,0.263895,0.23499999500000002
88.37846591,0.25993666444117647,0.0025697,31,1,0.0,0.0,0.0,0.0,0.0,0.25738901,0.099999999
88.37846591,0.2525099026,0.0025697,31,1,0.0,0.0,0.0,0.0,0.0,0.255557,0.0399999995
88.37846591,0.5050198052,0.0025697,31,0,0.0,0.0,0.0,0.0,0.0,0.76953602,0.01
88.37846591,0.38425419960869567,0.0025697,31,0,0.0,0.0,0.0,0.0,0.0,0.47750601,0.0250000005
88.37846591,0.35351386364000004,0.0025697,31,0,0.0,0.0,0.0,0.0,0.0,0.43951601,0.080000002
88.37846591,0.30475333072413796,0.0025697,31,0,0.0,0.0,0.0,0.0,0.0,0.32283899,0.459999995
88.37846591,0.2945948863666667,0.0025697,31,0,0.0,0.0,0.0,0.0,0.0,0.301029,0.735000015
88.37846591,0.28509182551612905,0.0025697,31,0,0.0,0.0,0.0,0.0,0.0,0.28351,1.1549999999999998
88.37846591,0.27618270596875,0.0025697,31,0,0.0,0.0,0.0,0.0,0.0,0.2721,1.75
88.37846591,0.26781353306060607,0.0025697,31,0,0.0,0.0,0.0,0.0,0.0,0.26594999,2.505
89.41381403000001,0.28843165816129035,0.0025651564705882353,30,1,0.0,0.0,0.0,0.0,0.0,0.26101601,0.974999995
89.41381403000001,0.27941816884375004,0.0025651564705882353,30,1,0.0,0.0,0.0,0.0,0.0,0.248281,0.514999985
89.41381403000001,0.27095095160606064,0.0025651564705882353,30,1,0.0,0.0,0.0,0.0,0.0,0.239509,0.235
89.41381403000001,0.2980460467666667,0.0025651564705882353,30,0,0.0,0.0,0.0,0.0,0.0,0.28275499,0.534999995
89.41381403000001,0.28843165816129035,0.0025651564705882353,30,0,0.0,0.0,0.0,0.0,0.0,0.26389,0.890000015
89.41381403000001,0.27941816884375004,0.0025651564705882353,30,0,0.0,0.0,0.0,0.0,0.0,0.248337,1.42000005
89.58637205,0.28898829693548383,0.002559150588235294,29,1,0.0,0.0,0.0,0.0,0.0,0.25051299,0.94
89.58637205,0.27995741265624996,0.002559150588235294,29,1,0.0,0.0,0.0,0.0,0.0,0.23686101,0.47500001000000003
89.58637205,0.27147385469696966,0.002559150588235294,29,1,0.0,0.0,0.0,0.0,0.0,0.226685,0.19999999499999999
89.58637205,0.30891852431034483,0.002559150588235294,29,0,0.0,0.0,0.0,0.0,0.0,0.29738301,0.28
89.58637205,0.29862124016666663,0.002559150588235294,29,0,0.0,0.0,0.0,0.0,0.0,0.27111799,0.47500001000000003
89.58637205,0.28898829693548383,0.002559150588235294,29,0,0.0,0.0,0.0,0.0,0.0,0.25087601,0.814999995
89.58637205,0.26348932955882354,0.002559150588235294,29,0,0.0,0.0,0.0,0.0,0.0,0.17071301,2.895
90.3053638,0.29130762516129033,0.002643136285714286,93,1,0.0,0.0,0.0,0.0,0.0,0.218381,1.5
90.3053638,0.282204261875,0.002643136285714286,93,1,0.0,0.0,0.0,0.0,0.0,0.209823,0.9900000099999999
90.3053638,0.27365261757575754,0.002643136285714286,93,1,0.0,0.0,0.0,0.0,0.0,0.202079,0.6049999850000001
90.3053638,0.2656040111764706,0.002643136285714286,93,1,0.0,0.0,0.0,0.0,0.0,0.196031,0.34500001
90.3053638,0.25801532514285713,0.002643136285714286,93,1,0.0,0.0,0.0,0.0,0.0,0.194933,0.195
90.3053638,0.33446431037037033,0.002643136285714286,93,0,0.0,0.0,0.0,0.0,0.0,0.27349001,0.30499999
90.3053638,0.32251915642857143,0.002643136285714286,93,0,0.0,0.0,0.0,0.0,0.0,0.25599101,0.42999999499999997
90.3053638,0.29130762516129033,0.002643136285714286,93,0,0.0,0.0,0.0,0.0,0.0,0.219725,1.28
90.3053638,0.282204261875,0.002643136285714286,93,0,0.0,0.0,0.0,0.0,0.0,0.210583,1.78
90.3053638,0.27365261757575754,0.002643136285714286,93,0,0.0,0.0,0.0,0.0,0.0,0.20182601,2.4000001
90.33412347000001,0.2914003982903226,0.0026202291428571427,92,1,0.0,0.0,0.0,0.0,0.0,0.214415,1.475
90.33412347000001,0.28229413584375,0.0026202291428571427,92,1,0.0,0.0,0.0,0.0,0.0,0.206285,0.965000005
90.33412347000001,0.2580974956285714,0.0026202291428571427,92,1,0.0,0.0,0.0,0.0,0.0,0.19093999,0.18
90.33412347000001,0.3226218695357143,0.0026202291428571427,92,0,0.0,0.0,0.0,0.0,0.0,0.25313199,0.41000000000000003
90.33412347000001,0.28229413584375,0.0026202291428571427,92,0,0.0,0.0,0.0,0.0,0.0,0.206439,1.74
90.33412347000001,0.2580974956285714,0.0026202291428571427,92,0,0.0,0.0,0.0,0.0,0.0,0.192182,3.975
89.93148809,0.28103590028125003,0.0026880848571428574,89,1,0.0,0.0,0.0,0.0,0.0,0.208499,0.90000001
89.93148809,0.2725196608787879,0.0026880848571428574,89,1,0.0,0.0,0.0,0.0,0.0,0.202206,0.544999985
89.93148809,0.26450437673529414,0.0026880848571428574,89,1,0.0,0.0,0.0,0.0,0.0,0.19800299,0.31
89.93148809,0.2569471088285714,0.0026880848571428574,89,1,0.0,0.0,0.0,0.0,0.0,0.19611999,0.170000005
89.93148809,0.2498096891388889,0.0026880848571428574,89,1,0.0,0.0,0.0,0.0,0.0,0.19557799,0.089999999
89.93148809,0.29977162696666665,0.0026880848571428574,89,0,0.0,0.0,0.0,0.0,0.0,0.22819801,0.9000000100000001
89.93148809,0.28103590028125003,0.0026880848571428574,89,0,0.0,0.0,0.0,0.0,0.0,0.20879801,1.81
89.93148809,0.2725196608787879,0.0031295261904761905,187,1,0.0,0.0,0.0,0.0,0.0,0.222838,1.15499995
89.93148809,0.26450437673529414,0.0031295261904761905,187,1,0.0,0.0,0.0,0.0,0.0,0.21474899,0.81
89.93148809,0.2569471088285714,0.0031295261904761905,187,1,0.0,0.0,0.0,0.0,0.0,0.215013,0.594999995
89.93148809,0.3330795855185185,0.0031295261904761905,187,0,0.0,0.0,0.0,0.0,0.0,0.271016,0.814999995
89.93148809,0.3211838860357143,0.0031295261904761905,187,0,0.0,0.0,0.0,0.0,0.0,0.25939801,1.03999995
89.93148809,0.29977162696666665,0.0031295261904761905,187,0,0.0,0.0,0.0,0.0,0.0,0.241258,1.6949999999999998
89.29877535000001,0.3189241976785715,0.0021813232142857144,32,1,0.0,0.0,0.0,0.0,0.0,0.29268,3.20000005
89.29877535000001,0.28806056564516136,0.0021813232142857144,32,1,0.0,0.0,0.0,0.0,0.0,0.213346,0.81
89.29877535000001,0.27905867296875003,0.0021813232142857144,32,1,0.0,0.0,0.0,0.0,0.0,0.201269,0.37000000499999997
89.29877535000001,0.2706023495454546,0.0021813232142857144,32,1,0.0,0.0,0.0,0.0,0.0,0.199819,0.15000000000000002
89.29877535000001,0.29766258450000005,0.0021813232142857144,32,0,0.0,0.0,0.0,0.0,0.0,0.224939,0.390000005
89.29877535000001,0.28806056564516136,0.0021813232142857144,32,0,0.0,0.0,0.0,0.0,0.0,0.20807,0.735000015
89.29877535000001,0.24805215375000003,0.0021813232142857144,32,0,0.0,0.0,0.0,0.0,0.0,-99.989998,4.95000005
89.29877535000001,0.27905867296875003,0.0031374338095238098,186,1,0.0,0.0,0.0,0.0,0.0,0.22400799,1.435
89.29877535000001,0.2706023495454546,0.0031374338095238098,186,1,0.0,0.0,0.0,0.0,0.0,0.21957,1.06
89.29877535000001,0.26264345691176477,0.0031374338095238098,186,1,0.0,0.0,0.0,0.0,0.0,0.21804801,0.78
89.29877535000001,0.2551393581428572,0.0031374338095238098,186,1,0.0,0.0,0.0,0.0,0.0,0.21230599,0.534999995
89.29877535000001,0.28806056564516136,0.0031374338095238098,186,0,0.0,0.0,0.0,0.0,0.0,0.231557,2.19500005
89.67265106,0.28022703456250003,0.0021707000000000002,31,1,0.0,0.0,0.0,0.0,0.0,0.197041,0.37999999500000003
89.67265106,0.27173530624242426,0.0021707000000000002,31,1,0.0,0.0,0.0,0.0,0.0,0.195375,0.15000000000000002
89.67265106,0.28926661632258066,0.0021707000000000002,31,0,0.0,0.0,0.0,0.0,0.0,0.208242,0.675000015
89.67265106,0.27173530624242426,0.003139071904761905,185,1,0.0,0.0,0.0,0.0,0.0,0.21569,1.06
89.67265106,0.2637430913529412,0.003139071904761905,185,1,0.0,0.0,0.0,0.0,0.0,0.21134999,0.7549999949999999
91.02435555,0.3250869841071428,0.002159679642857143,30,1,0.0,0.0,0.0,0.0,0.0,-99.989998,3.625
91.02435555,0.29362695338709677,0.002159679642857143,30,1,0.0,0.0,0.0,0.0,0.0,0.207892,1.1099999999999999
91.02435555,0.28445111109375,0.002159679642857143,30,1,0.0,0.0,0.0,0.0,0.0,0.194905,0.544999985
91.02435555,0.2758313804545454,0.002159679642857143,30,1,0.0,0.0,0.0,0.0,0.0,0.185377,0.21000000000000002
91.02435555,0.3371272427777778,0.002159679642857143,30,0,0.0,0.0,0.0,0.0,0.0,0.31923601,0.045
91.02435555,0.3250869841071428,0.002159679642857143,30,0,0.0,0.0,0.0,0.0,0.0,0.28792101,0.07499999900000001
91.02435555,0.3138770881034483,0.002159679642857143,30,0,0.0,0.0,0.0,0.0,0.0,0.25734299,0.13
91.02435555,0.3034145185,0.002159679642857143,30,0,0.0,0.0,0.0,0.0,0.0,0.22979499,0.24
91.02435555,0.2528454320833333,0.002159679642857143,30,0,0.0,0.0,0.0,0.0,0.0,-99.989998,4.35000015
91.02435555,0.2758313804545454,0.0031169047619047617,184,1,0.0,0.0,0.0,0.0,0.0,0.215102,1.21500005
91.80086664000001,0.28687770825000003,0.0031783738095238095,180,1,0.0,0.0,0.0,0.0,0.0,0.222001,1.775
91.80086664000001,0.2781844443636364,0.0031783738095238095,180,1,0.0,0.0,0.0,0.0,0.0,0.215813,1.32
91.80086664000001,0.2700025489411765,0.0031783738095238095,180,1,0.0,0.0,0.0,0.0,0.0,0.209764,0.944999995
91.80086664000001,0.2622881904,0.0031783738095238095,180,1,0.0,0.0,0.0,0.0,0.0,0.20578501,0.6649999950000001
91.80086664000001,0.25500240733333335,0.0031783738095238095,180,1,0.0,0.0,0.0,0.0,0.0,0.201737,0.450000005
91.80086664000001,0.30600288880000004,0.0031783738095238095,180,0,0.0,0.0,0.0,0.0,0.0,0.238914,1.3900000000000001
91.28319258,0.2766157350909091,0.0031503595238095237,179,1,0.0,0.0,0.0,0.0,0.0,0.211822,1.21000005
91.28319258,0.2467113312972973,0.0031503595238095237,179,1,0.0,0.0,0.0,0.0,0.0,0.19723,0.265
91.28319258,0.3260114020714286,0.0031503595238095237,179,0,0.0,0.0,0.0,0.0,0.0,0.25387201,0.84
91.28319258,0.3147696295862069,0.0031503595238095237,179,0,0.0,0.0,0.0,0.0,0.0,0.24286699,1.08500005
91.28319258,0.3042773086,0.0031503595238095237,179,0,0.0,0.0,0.0,0.0,0.0,0.23393799,1.4049999999999998
91.28319258,0.29446191154838713,0.0031503595238095237,179,0,0.0,0.0,0.0,0.0,0.0,0.226207,1.8050000499999999
91.28319258,0.28525997681250004,0.0031503595238095237,179,0,0.0,0.0,0.0,0.0,0.0,0.218833,2.285
91.85838598000001,0.2870574561875,0.0031404576190476184,178,1,0.0,0.0,0.0,0.0,0.0,0.195656,1.5350000000000001
91.85838598000001,0.2783587453939394,0.0031404576190476184,178,1,0.0,0.0,0.0,0.0,0.0,0.187626,1.0699999500000001
91.85838598000001,0.27017172347058827,0.0031404576190476184,178,1,0.0,0.0,0.0,0.0,0.0,0.18292899,0.724999995
91.85838598000001,0.2624525313714286,0.0031404576190476184,178,1,0.0,0.0,0.0,0.0,0.0,0.179377,0.47500001000000003
91.85838598000001,0.3167530551034483,0.0031404576190476184,178,0,0.0,0.0,0.0,0.0,0.0,0.223702,0.890000015
91.85838598000001,0.30619461993333336,0.0031404576190476184,178,0,0.0,0.0,0.0,0.0,0.0,0.213074,1.17000005
91.85838598000001,0.2870574561875,0.0031404576190476184,178,0,0.0,0.0,0.0,0.0,0.0,0.195152,1.9849999999999999
91.85838598000001,0.2783587453939394,0.0031404576190476184,178,0,0.0,0.0,0.0,0.0,0.0,0.189695,2.55499995
97.09264592,0.3034145185,0.0030476561904761905,177,1,0.0,0.0,0.0,0.0,0.0,0.208571,2.72000005
97.09264592,0.2942201391515151,0.0030476561904761905,177,1,0.0,0.0,0.0,0.0,0.0,0.202199,2.1
97.09264592,0.2855666056470588,0.0030476561904761905,177,1,0.0,0.0,0.0,0.0,0.0,0.197036,1.5750000000000002
97.09264592,0.27740755977142856,0.0030476561904761905,177,1,0.0,0.0,0.0,0.0,0.0,0.1918,1.1400000000000001
97.09264592,0.26970179422222224,0.0030476561904761905,177,1,0.0,0.0,0.0,0.0,0.0,0.18717401,0.794999985
97.09264592,0.2624125565405405,0.0030476561904761905,177,1,0.0,0.0,0.0,0.0,0.0,0.183126,0.534999995
97.09264592,0.32364215306666666,0.0030476561904761905,177,0,0.0,0.0,0.0,0.0,0.0,0.22777399,0.754999995
97.09264592,0.3034145185,0.0030476561904761905,177,0,0.0,0.0,0.0,0.0,0.0,0.21190199,1.32
97.09264592,0.2942201391515151,0.0030476561904761905,177,0,0.0,0.0,0.0,0.0,0.0,0.20488399,1.71500005
97.09264592,0.2855666056470588,0.0030476561904761905,177,0,0.0,0.0,0.0,0.0,0.0,0.198367,2.19500005
93.23885014000001,0.31079616713333336,0.0020093308571428573,32,1,0.0,0.0,0.0,0.0,0.0,0.241954,2.49
93.23885014000001,0.3007704843225807,0.0020093308571428573,32,1,0.0,0.0,0.0,0.0,0.0,0.231001,1.6400000000000001
93.23885014000001,0.29137140668750006,0.0020093308571428573,32,1,0.0,0.0,0.0,0.0,0.0,0.219016,0.94999999
93.23885014000001,0.2825419701212121,0.0020093308571428573,32,1,0.0,0.0,0.0,0.0,0.0,0.21146899,0.48000000499999995
93.23885014000001,0.27423191217647064,0.0020093308571428573,32,1,0.0,0.0,0.0,0.0,0.0,0.20900799,0.214999995
93.23885014000001,0.2663967146857143,0.0020093308571428573,32,1,0.0,0.0,0.0,0.0,0.0,0.20838501,0.08500000099999999
93.23885014000001,0.29137140668750006,0.0020093308571428573,32,0,0.0,0.0,0.0,0.0,0.0,0.22000401,0.735000015
93.23885014000001,0.2825419701212121,0.0020093308571428573,32,0,0.0,0.0,0.0,0.0,0.0,0.209555,1.2650000000000001
93.32512915000001,0.30104880370967746,0.001988878,31,1,0.0,0.0,0.0,0.0,0.0,0.223307,1.63
93.32512915000001,0.29164102859375,0.001988878,31,1,0.0,0.0,0.0,0.0,0.0,0.209227,0.92000002
93.32512915000001,0.2828034216666667,0.001988878,31,1,0.0,0.0,0.0,0.0,0.0,0.199789,0.44
93.32512915000001,0.30104880370967746,0.001988878,31,0,0.0,0.0,0.0,0.0,0.0,0.22188701,0.33999999999999997
93.32512915000001,0.29164102859375,0.001988878,31,0,0.0,0.0,0.0,0.0,0.0,0.207801,0.66
93.32512915000001,0.2828034216666667,0.001988878,31,0,0.0,0.0,0.0,0.0,0.0,0.199808,1.1949999500000001
93.32512915000001,0.27448567397058826,0.001988878,31,0,0.0,0.0,0.0,0.0,0.0,0.195435,1.935
93.32512915000001,0.31108376383333336,0.001971299142857143,30,1,0.0,0.0,0.0,0.0,0.0,0.227873,2.485
93.32512915000001,0.29164102859375,0.001971299142857143,30,1,0.0,0.0,0.0,0.0,0.0,0.20265999,0.8799999949999999
93.32512915000001,0.2828034216666667,0.001971299142857143,30,1,0.0,0.0,0.0,0.0,0.0,0.19509999,0.41000000000000003
93.32512915000001,0.27448567397058826,0.001971299142857143,30,1,0.0,0.0,0.0,0.0,0.0,0.195568,0.170000005
93.32512915000001,0.2666432261428572,0.001971299142857143,30,1,0.0,0.0,0.0,0.0,0.0,0.199683,0.0649999995
93.32512915000001,0.30104880370967746,0.001971299142857143,30,0,0.0,0.0,0.0,0.0,0.0,0.218252,0.32000000500000003
93.32512915000001,0.27448567397058826,0.001971299142857143,30,0,0.0,0.0,0.0,0.0,0.0,0.19441,1.93
93.32512915000001,0.2666432261428572,0.001971299142857143,30,0,0.0,0.0,0.0,0.0,0.0,0.193919,2.8199999499999997
92.05970367,0.29696678603225807,0.001957876857142857,29,1,0.0,0.0,0.0,0.0,0.0,0.21227901,1.24
92.05970367,0.28768657396875,0.001957876857142857,29,1,0.0,0.0,0.0,0.0,0.0,0.20027,0.625
92.05970367,0.278968799,0.001957876857142857,29,1,0.0,0.0,0.0,0.0,0.0,0.196448,0.26999999500000005
92.05970367,0.2707638343235294,0.001957876857142857,29,1,0.0,0.0,0.0,0.0,0.0,0.198989,0.10500000000000001
92.05970367,0.2630277247714286,0.001957876857142857,29,1,0.0,0.0,0.0,0.0,0.0,0.22045501,0.055
92.05970367,0.29696678603225807,0.001957876857142857,29,0,0.0,0.0,0.0,0.0,0.0,0.21341,0.420000005
92.05970367,0.25572139908333336,0.001957876857142857,29,0,0.0,0.0,0.0,0.0,0.0,0.233181,4.2249999
87.4976281,0.3124915289285714,0.0019017599999999997,32,1,0.0,0.0,0.0,0.0,0.0,0.256313,2.3950001
87.4976281,0.2916587603333333,0.0019017599999999997,32,1,0.0,0.0,0.0,0.0,0.0,0.22221699,0.90000001
87.4976281,0.28225041322580646,0.0019017599999999997,32,1,0.0,0.0,0.0,0.0,0.0,0.213377,0.44
87.4976281,0.2734300878125,0.0019017599999999997,32,1,0.0,0.0,0.0,0.0,0.0,0.20782299,0.18
87.4976281,0.26514432757575757,0.0019017599999999997,32,1,0.0,0.0,0.0,0.0,0.0,0.210896,0.0699999985
87.4976281,0.3365293388461538,0.0019017599999999997,32,0,0.0,0.0,0.0,0.0,0.0,0.31565401,0.060000000500000004
87.4976281,0.3124915289285714,0.0019017599999999997,32,0,0.0,0.0,0.0,0.0,0.0,0.25946,0.190000005
87.4976281,0.30171595896551723,0.0019017599999999997,32,0,0.0,0.0,0.0,0.0,0.0,0.240312,0.37000000499999997
87.4976281,0.2916587603333333,0.0019017599999999997,32,0,0.0,0.0,0.0,0.0,0.0,0.223812,0.694999995
87.4976281,0.28225041322580646,0.0019017599999999997,32,0,0.0,0.0,0.0,0.0,0.0,0.213524,1.23
87.4976281,0.2734300878125,0.0019017599999999997,32,0,0.0,0.0,0.0,0.0,0.0,0.208032,1.97
85.3550654,0.2845168846666667,0.0018885579999999998,31,1,0.0,0.0,0.0,0.0,0.0,0.237813,0.59
85.3550654,0.2753389206451613,0.0018885579999999998,31,1,0.0,0.0,0.0,0.0,0.0,0.22933701,0.265
85.3550654,0.2586517133333333,0.0018885579999999998,31,1,0.0,0.0,0.0,0.0,0.0,0.22991399,0.04
85.3550654,0.2943278117241379,0.0018885579999999998,31,0,0.0,0.0,0.0,0.0,0.0,0.244155,0.61000001
85.3550654,0.2845168846666667,0.0018885579999999998,31,0,0.0,0.0,0.0,0.0,0.0,0.230197,1.08000005
85.3550654,0.2753389206451613,0.0018885579999999998,31,0,0.0,0.0,0.0,0.0,0.0,0.21954,1.755
85.3550654,0.2586517133333333,0.0018885579999999998,31,0,0.0,0.0,0.0,0.0,0.0,0.249047,3.57500005
85.55774025,0.2851924675,0.0018839,30,1,0.0,0.0,0.0,0.0,0.0,0.25092599,0.65000001
85.55774025,0.26736793828125,0.0018839,30,1,0.0,0.0,0.0,0.0,0.0,0.24004801,0.13
85.55774025,0.29502669051724134,0.0018839,30,0,0.0,0.0,0.0,0.0,0.0,0.25966001,0.6200000050000001
85.55774025,0.2851924675,0.0018839,30,0,0.0,0.0,0.0,0.0,0.0,0.243228,1.0699999500000001
85.55774025,0.275992710483871,0.0018839,30,0,0.0,0.0,0.0,0.0,0.0,0.230262,1.72
85.84727575,0.28615758583333334,0.0018735712500000002,29,1,0.0,0.0,0.0,0.0,0.0,0.231585,0.61000001
85.84727575,0.27692669596774194,0.0018735712500000002,29,1,0.0,0.0,0.0,0.0,0.0,0.224509,0.26999999500000005
85.84727575,0.26827273671874996,0.0018735712500000002,29,1,0.0,0.0,0.0,0.0,0.0,0.2233,0.10500000000000001
85.84727575,0.25249198749999996,0.0018735712500000002,29,1,0.0,0.0,0.0,0.0,0.0,0.246492,0.0199999995
85.84727575,0.2960250887931034,0.0018735712500000002,29,0,0.0,0.0,0.0,0.0,0.0,0.248988,0.53999999
85.84727575,0.28615758583333334,0.0018735712500000002,29,0,0.0,0.0,0.0,0.0,0.0,0.233265,0.974999995
85.84727575,0.27692669596774194,0.0018735712500000002,29,0,0.0,0.0,0.0,0.0,0.0,0.222794,1.625
85.84727575,0.26014325984848485,0.0018735712500000002,29,0,0.0,0.0,0.0,0.0,0.0,0.22936299,3.3999999499999998
85.84727575,0.25249198749999996,0.0018735712500000002,29,0,0.0,0.0,0.0,0.0,0.0,-99.989998,4.35000015
81.09889355,0.30036627240740743,0.00409728,187,1,0.0,0.0,0.0,0.0,0.0,0.27031699,2.47
81.09889355,0.2896389055357143,0.00409728,187,1,0.0,0.0,0.0,0.0,0.0,0.26360399,1.935
81.09889355,0.2796513570689655,0.00409728,187,1,0.0,0.0,0.0,0.0,0.0,0.25821099,1.4849999999999999
81.09889355,0.2703296451666667,0.00409728,187,1,0.0,0.0,0.0,0.0,0.0,0.25391799,1.12
81.09889355,0.26160933403225806,0.00409728,187,1,0.0,0.0,0.0,0.0,0.0,0.251463,0.8350000049999999
81.09889355,0.25343404234375,0.00409728,187,1,0.0,0.0,0.0,0.0,0.0,0.24798299,0.6049999850000001
81.09889355,0.24575422287878787,0.00409728,187,1,0.0,0.0,0.0,0.0,0.0,0.24611899,0.43499999
81.09889355,0.2385261575,0.00409728,187,1,0.0,0.0,0.0,0.0,0.0,0.24603701,0.31500001
81.09889355,0.23171112442857142,0.00409728,187,1,0.0,0.0,0.0,0.0,0.0,0.24444,0.219999995
81.09889355,0.40549446775,0.00409728,187,0,0.0,0.0,0.0,0.0,0.0,0.34867901,0.26999999500000005
81.09889355,0.36043952688888886,0.00409728,187,0,0.0,0.0,0.0,0.0,0.0,0.31199899,0.53999999
81.09889355,0.3243955742,0.00409728,187,0,0.0,0.0,0.0,0.0,0.0,0.285943,1.08500005
81.09889355,0.31191882134615384,0.00409728,187,0,0.0,0.0,0.0,0.0,0.0,0.27739799,1.40999995
81.09889355,0.2896389055357143,0.00409728,187,0,0.0,0.0,0.0,0.0,0.0,0.26304901,2.285
81.09889355,0.2703296451666667,0.00409728,187,0,0.0,0.0,0.0,0.0,0.0,0.25503799,3.5
81.09889355,0.23171112442857142,0.00409728,187,0,0.0,0.0,0.0,0.0,0.0,0.25044701,7.625
81.9385465,0.29263766607142855,0.0019292268571428572,32,1,0.0,0.0,0.0,0.0,0.0,0.25548899,0.99500001
81.9385465,0.28254671206896553,0.0019292268571428572,32,1,0.0,0.0,0.0,0.0,0.0,0.242899,0.5099999900000001
81.9385465,0.27312848833333336,0.0019292268571428572,32,1,0.0,0.0,0.0,0.0,0.0,0.235994,0.225
81.9385465,0.2643178919354839,0.0019292268571428572,32,1,0.0,0.0,0.0,0.0,0.0,0.23190901,0.08500000099999999
81.9385465,0.327754186,0.0019292268571428572,32,0,0.0,0.0,0.0,0.0,0.0,0.323836,0.12
81.9385465,0.3151482557692308,0.0019292268571428572,32,0,0.0,0.0,0.0,0.0,0.0,0.29622099,0.214999995
81.9385465,0.30347609814814813,0.0019292268571428572,32,0,0.0,0.0,0.0,0.0,0.0,0.27310401,0.395
81.9385465,0.29263766607142855,0.0019292268571428572,32,0,0.0,0.0,0.0,0.0,0.0,0.255954,0.72
81.9385465,0.30347609814814813,0.004055196666666667,186,1,0.0,0.0,0.0,0.0,0.0,0.26644999,2.5949999
81.9385465,0.29263766607142855,0.004055196666666667,186,1,0.0,0.0,0.0,0.0,0.0,0.25985399,2.0399999500000003
81.9385465,0.28254671206896553,0.004055196666666667,186,1,0.0,0.0,0.0,0.0,0.0,0.255328,1.57499995
81.9385465,0.27312848833333336,0.004055196666666667,186,1,0.0,0.0,0.0,0.0,0.0,0.25020799,1.185
81.9385465,0.2643178919354839,0.004055196666666667,186,1,0.0,0.0,0.0,0.0,0.0,0.247172,0.879999995
81.9385465,0.2560579578125,0.004055196666666667,186,1,0.0,0.0,0.0,0.0,0.0,0.24419001,0.63999999
81.9385465,0.24829862575757575,0.004055196666666667,186,1,0.0,0.0,0.0,0.0,0.0,0.24137001,0.45499999999999996
81.9385465,0.240995725,0.004055196666666667,186,1,0.0,0.0,0.0,0.0,0.0,0.240584,0.325
81.9385465,0.23411013285714286,0.004055196666666667,186,1,0.0,0.0,0.0,0.0,0.0,0.24014699,0.229999995
81.9385465,0.4096927325,0.004055196666666667,186,0,0.0,0.0,0.0,0.0,0.0,0.35139099,0.255
81.9385465,0.327754186,0.004055196666666667,186,0,0.0,0.0,0.0,0.0,0.0,0.283075,0.9900000099999999
81.9385465,0.3151482557692308,0.004055196666666667,186,0,0.0,0.0,0.0,0.0,0.0,0.27512801,1.30000005
82.22808199999999,0.28354511034482754,0.0019179282857142857,31,1,0.0,0.0,0.0,0.0,0.0,0.24066,0.53999999
82.22808199999999,0.2740936066666666,0.0019179282857142857,31,1,0.0,0.0,0.0,0.0,0.0,0.232513,0.23499999500000002
82.22808199999999,0.2652518774193548,0.0019179282857142857,31,1,0.0,0.0,0.0,0.0,0.0,0.233584,0.095000002
82.22808199999999,0.3045484518518518,0.0019179282857142857,31,0,0.0,0.0,0.0,0.0,0.0,0.273238,0.350000005
82.22808199999999,0.2936717214285714,0.0019179282857142857,31,0,0.0,0.0,0.0,0.0,0.0,0.25214201,0.63999999
82.22808199999999,0.25696275625,0.0019179282857142857,31,0,0.0,0.0,0.0,0.0,0.0,0.227071,3.625
82.22808199999999,0.2740936066666666,0.003781340952380952,185,1,0.0,0.0,0.0,0.0,0.0,0.247513,1.20500005
82.22808199999999,0.2652518774193548,0.003781340952380952,185,1,0.0,0.0,0.0,0.0,0.0,0.24396899,0.88999999
82.22808199999999,0.25696275625,0.003781340952380952,185,1,0.0,0.0,0.0,0.0,0.0,0.240159,0.63999999
82.22808199999999,0.24917600606060603,0.003781340952380952,185,1,0.0,0.0,0.0,0.0,0.0,0.23780701,0.45499999999999996
82.22808199999999,0.2349373771428571,0.003781340952380952,185,1,0.0,0.0,0.0,0.0,0.0,0.23454601,0.219999995
82.22808199999999,0.5481872133333332,0.003781340952380952,185,0,0.0,0.0,0.0,0.0,0.0,0.45745799,0.0699999985
82.22808199999999,0.4698747542857142,0.003781340952380952,185,0,0.0,0.0,0.0,0.0,0.0,0.40053999,0.13
82.22808199999999,0.41114040999999996,0.003781340952380952,185,0,0.0,0.0,0.0,0.0,0.0,0.34813499,0.235
82.22808199999999,0.36545814222222217,0.003781340952380952,185,0,0.0,0.0,0.0,0.0,0.0,0.312664,0.48000000499999995
82.22808199999999,0.3289123279999999,0.003781340952380952,185,0,0.0,0.0,0.0,0.0,0.0,0.28319201,0.955000015
83.1545956,0.29698069857142856,0.0019051622857142857,30,1,0.0,0.0,0.0,0.0,0.0,0.24845999,1.20500005
83.1545956,0.28673998482758617,0.0019051622857142857,30,1,0.0,0.0,0.0,0.0,0.0,0.23492999,0.6349999900000001
83.1545956,0.2771819853333333,0.0019051622857142857,30,1,0.0,0.0,0.0,0.0,0.0,0.22811,0.284999995
83.1545956,0.2682406309677419,0.0019051622857142857,30,1,0.0,0.0,0.0,0.0,0.0,0.22850201,0.11499999999999999
83.1545956,0.25985811124999997,0.0019051622857142857,30,1,0.0,0.0,0.0,0.0,0.0,0.234184,0.045
83.1545956,0.2682406309677419,0.0019051622857142857,30,0,0.0,0.0,0.0,0.0,0.0,0.22282,2.4050001
83.1545956,0.28673998482758617,0.0028759964285714284,93,1,0.0,0.0,0.0,0.0,0.0,0.238438,1.15
83.1545956,0.2771819853333333,0.0028759964285714284,93,1,0.0,0.0,0.0,0.0,0.0,0.23454501,0.7599999900000001
83.1545956,0.25985811124999997,0.0028759964285714284,93,1,0.0,0.0,0.0,0.0,0.0,0.233382,0.305000005
83.1545956,0.25198362303030303,0.0028759964285714284,93,1,0.0,0.0,0.0,0.0,0.0,0.23543,0.190000005
83.1545956,0.36154171999999996,0.0028759964285714284,93,0,0.0,0.0,0.0,0.0,0.0,0.32121101,0.18
83.1545956,0.30797998370370366,0.0028759964285714284,93,0,0.0,0.0,0.0,0.0,0.0,0.25527599,0.80000001
83.1545956,0.2771819853333333,0.0028759964285714284,93,0,0.0,0.0,0.0,0.0,0.0,0.234616,2.26
83.1545956,0.25985811124999997,0.0028759964285714284,93,0,0.0,0.0,0.0,0.0,0.0,0.231563,3.79999995
83.1545956,0.29698069857142856,0.003628200476190476,184,1,0.0,0.0,0.0,0.0,0.0,0.25549001,2.225
83.1545956,0.28673998482758617,0.003628200476190476,184,1,0.0,0.0,0.0,0.0,0.0,0.24872699,1.71000005
83.1545956,0.2771819853333333,0.003628200476190476,184,1,0.0,0.0,0.0,0.0,0.0,0.24333601,1.2850000000000001
83.1545956,0.2682406309677419,0.003628200476190476,184,1,0.0,0.0,0.0,0.0,0.0,0.238967,0.944999995
83.1545956,0.25985811124999997,0.003628200476190476,184,1,0.0,0.0,0.0,0.0,0.0,0.23542701,0.68000001
83.1545956,0.25198362303030303,0.003628200476190476,184,1,0.0,0.0,0.0,0.0,0.0,0.232554,0.48000000499999995
83.1545956,0.24457233999999997,0.003628200476190476,184,1,0.0,0.0,0.0,0.0,0.0,0.230822,0.33499999
83.1545956,0.33261838239999997,0.003628200476190476,184,0,0.0,0.0,0.0,0.0,0.0,0.280224,0.86000001
83.1545956,0.28673998482758617,0.003628200476190476,184,0,0.0,0.0,0.0,0.0,0.0,0.248675,2.3899999999999997
83.06773495,0.29667048196428575,0.0018898685714285714,29,1,0.0,0.0,0.0,0.0,0.0,0.24874,1.17500005
83.06773495,0.2864404653448276,0.0018898685714285714,29,1,0.0,0.0,0.0,0.0,0.0,0.235028,0.61000001
83.06773495,0.27689244983333333,0.0018898685714285714,29,1,0.0,0.0,0.0,0.0,0.0,0.227025,0.265
83.06773495,0.29667048196428575,0.0018898685714285714,29,0,0.0,0.0,0.0,0.0,0.0,0.24838001,0.5
83.06773495,0.2864404653448276,0.0018898685714285714,29,0,0.0,0.0,0.0,0.0,0.0,0.234476,0.935000005
83.06773495,0.27689244983333333,0.0018898685714285714,29,0,0.0,0.0,0.0,0.0,0.0,0.228173,1.5950000000000002
83.06773495,0.27689244983333333,0.002793143928571428,92,1,0.0,0.0,0.0,0.0,0.0,0.233735,0.7400000099999999
83.06773495,0.2679604353225806,0.002793143928571428,92,1,0.0,0.0,0.0,0.0,0.0,0.233229,0.474999995
83.06773495,0.25958667171875,0.002793143928571428,92,1,0.0,0.0,0.0,0.0,0.0,0.233134,0.295
83.06773495,0.25172040893939396,0.002793143928571428,92,1,0.0,0.0,0.0,0.0,0.0,0.23599499,0.185000005
83.06773495,0.2443168675,0.002793143928571428,92,1,0.0,0.0,0.0,0.0,0.0,0.246213,0.13
83.06773495,0.3076582775925926,0.003525368095238095,183,1,0.0,0.0,0.0,0.0,0.0,0.261785,2.79
83.06773495,0.29667048196428575,0.003525368095238095,183,1,0.0,0.0,0.0,0.0,0.0,0.254675,2.19500005
83.06773495,0.27689244983333333,0.003525368095238095,183,1,0.0,0.0,0.0,0.0,0.0,0.243737,1.27
83.06773495,0.25958667171875,0.003525368095238095,183,1,0.0,0.0,0.0,0.0,0.0,0.235021,0.6649999950000001
83.06773495,0.36918993311111115,0.003525368095238095,183,0,0.0,0.0,0.0,0.0,0.0,0.30699199,0.41499999499999995
83.06773495,0.3194912882692308,0.003525368095238095,183,0,0.0,0.0,0.0,0.0,0.0,0.269995,1.13
82.17017489999999,0.3160391342307692,0.002866304642857143,89,1,0.0,0.0,0.0,0.0,0.0,0.268727,2.8249999499999996
82.17017489999999,0.2833454306896551,0.002866304642857143,89,1,0.0,0.0,0.0,0.0,0.0,0.24182799,0.99500001
82.17017489999999,0.273900583,0.002866304642857143,89,1,0.0,0.0,0.0,0.0,0.0,0.23845901,0.6450000149999999
82.17017489999999,0.2567817965625,0.002866304642857143,89,1,0.0,0.0,0.0,0.0,0.0,0.23931199,0.25499999500000003
82.17017489999999,0.3043339811111111,0.002866304642857143,89,0,0.0,0.0,0.0,0.0,0.0,0.25717801,0.8849999900000001
82.17017489999999,0.273900583,0.003681803809523809,180,1,0.0,0.0,0.0,0.0,0.0,0.24604701,1.16
82.17017489999999,0.24900052999999997,0.003681803809523809,180,1,0.0,0.0,0.0,0.0,0.0,0.235211,0.420000005
82.17017489999999,0.3652007773333333,0.003681803809523809,180,0,0.0,0.0,0.0,0.0,0.0,0.308153,0.44500001
82.17017489999999,0.32868069959999996,0.003681803809523809,180,0,0.0,0.0,0.0,0.0,0.0,0.28074601,0.92000002
82.17017489999999,0.273900583,0.003681803809523809,180,0,0.0,0.0,0.0,0.0,0.0,0.247072,3.1750000500000004
81.73587164999999,0.23353106185714284,0.003624534285714286,179,1,0.0,0.0,0.0,0.0,0.0,0.229828,0.17500000500000001
81.73587164999999,0.32694348659999994,0.003624534285714286,179,0,0.0,0.0,0.0,0.0,0.0,0.28212199,0.96000001
79.99865865,0.2424201777272727,0.003859092857142857,178,1,0.0,0.0,0.0,0.0,0.0,0.23889799,0.31500001
79.99865865,0.22856759614285713,0.003859092857142857,178,1,0.0,0.0,0.0,0.0,0.0,0.240003,0.15500000000000003
79.99865865,0.39999329325,0.003859092857142857,178,0,0.0,0.0,0.0,0.0,0.0,0.34413299,0.260000005
79.99865865,0.3199946346,0.003859092857142857,178,0,0.0,0.0,0.0,0.0,0.0,0.28162301,1.11
79.99865865,0.2962913283333333,0.003859092857142857,178,0,0.0,0.0,0.0,0.0,0.0,0.26549301,1.875
79.99865865,0.2666621955,0.003859092857142857,178,0,0.0,0.0,0.0,0.0,0.0,0.249845,3.6499999499999998
79.99865865,0.22856759614285713,0.003859092857142857,178,0,0.0,0.0,0.0,0.0,0.0,0.22320201,7.85000015
80.17237995,0.3083553075,0.003819347142857143,177,1,0.0,0.0,0.0,0.0,0.0,0.27575001,2.80499995
80.17237995,0.22906394271428573,0.003819347142857143,177,1,0.0,0.0,0.0,0.0,0.0,0.241448,0.160000005
80.17237995,0.20043094987500001,0.003819347142857143,177,1,0.0,0.0,0.0,0.0,0.0,0.23857699,0.0199999994
80.17237995,0.40086189975000003,0.003819347142857143,177,0,0.0,0.0,0.0,0.0,0.0,0.34785199,0.265
80.17237995,0.2672412665,0.003819347142857143,177,0,0.0,0.0,0.0,0.0,0.0,0.254208,3.6499999499999998
74.32376285000001,0.2858606263461539,0.002145358,32,1,0.0,0.0,0.0,0.0,0.0,0.34476399,0.805000005
74.32376285000001,0.3096823452083334,0.002145358,32,0,0.0,0.0,0.0,0.0,0.0,0.40113699,0.5850000049999999
74.32376285000001,0.2972950514,0.002145358,32,0,0.0,0.0,0.0,0.0,0.0,0.36980399,0.890000015
73.77364539999999,0.29509458159999996,0.00215432,31,1,0.0,0.0,0.0,0.0,0.0,0.34290701,1.15
73.77364539999999,0.263477305,0.00215432,31,1,0.0,0.0,0.0,0.0,0.0,0.30697799,0.145000005
73.77364539999999,0.2543918806896551,0.00215432,31,1,0.0,0.0,0.0,0.0,0.0,0.30916399,0.0649999995
73.77364539999999,0.36886822699999994,0.00215432,31,0,0.0,0.0,0.0,0.0,0.0,0.56353903,0.13
73.77364539999999,0.30739018916666666,0.00215432,31,0,0.0,0.0,0.0,0.0,0.0,0.38290599,0.584999975
73.77364539999999,0.29509458159999996,0.00215432,31,0,0.0,0.0,0.0,0.0,0.0,0.347922,0.90000001
73.77364539999999,0.2732357237037037,0.00215432,31,0,0.0,0.0,0.0,0.0,0.0,0.30964699,2.0699999499999997
70.44398715,0.2817759486,0.002147134117647059,30,1,0.0,0.0,0.0,0.0,0.0,0.40587401,0.754999995
70.44398715,0.2709384121153846,0.002147134117647059,30,1,0.0,0.0,0.0,0.0,0.0,0.388228,0.41500001
70.44398715,0.2609036561111111,0.002147134117647059,30,1,0.0,0.0,0.0,0.0,0.0,0.376719,0.21000000000000002
70.44398715,0.2515856683928571,0.002147134117647059,30,1,0.0,0.0,0.0,0.0,0.0,0.37520799,0.105000002
70.44398715,0.24291030051724138,0.002147134117647059,30,1,0.0,0.0,0.0,0.0,0.0,0.36761799,0.045
70.44398715,0.2348132905,0.002147134117647059,30,1,0.0,0.0,0.0,0.0,0.0,0.36821201,0.0199999994
70.44398715,0.33544755785714286,0.002147134117647059,30,0,0.0,0.0,0.0,0.0,0.0,0.55526698,0.38000001
70.44398715,0.3201999415909091,0.002147134117647059,30,0,0.0,0.0,0.0,0.0,0.0,0.506796,0.534999995
70.44398715,0.30627820499999997,0.002147134117647059,30,0,0.0,0.0,0.0,0.0,0.0,0.466066,0.775000005
70.44398715,0.293516613125,0.002147134117647059,30,0,0.0,0.0,0.0,0.0,0.0,0.433415,1.135
70.44398715,0.2817759486,0.002147134117647059,30,0,0.0,0.0,0.0,0.0,0.0,0.40749699,1.6400000000000001
70.53084779999999,0.28212339119999996,0.002155391176470588,29,1,0.0,0.0,0.0,0.0,0.0,0.40689,0.75
70.53084779999999,0.2712724915384615,0.002155391176470588,29,1,0.0,0.0,0.0,0.0,0.0,0.391608,0.41500001
70.53084779999999,0.2612253622222222,0.002155391176470588,29,1,0.0,0.0,0.0,0.0,0.0,0.38046399,0.21000000000000002
70.53084779999999,0.251895885,0.002155391176470588,29,1,0.0,0.0,0.0,0.0,0.0,0.37933901,0.105000002
70.53084779999999,0.3526542389999999,0.002155391176470588,29,0,0.0,0.0,0.0,0.0,0.0,0.616494,0.26999999500000005
70.53084779999999,0.3358611799999999,0.002155391176470588,29,0,0.0,0.0,0.0,0.0,0.0,0.56462401,0.375
70.53084779999999,0.32059476272727266,0.002155391176470588,29,0,0.0,0.0,0.0,0.0,0.0,0.51862901,0.534999995
70.53084779999999,0.30665585999999995,0.002155391176470588,29,0,0.0,0.0,0.0,0.0,0.0,0.47376999,0.764999985
70.53084779999999,0.29387853249999996,0.002155391176470588,29,0,0.0,0.0,0.0,0.0,0.0,0.43444899,1.105
70.53084779999999,0.28212339119999996,0.002155391176470588,29,0,0.0,0.0,0.0,0.0,0.0,0.409403,1.6099999999999999
70.97728767999999,0.28390915071999995,0.0024117160714285713,32,1,0.0,0.0,0.0,0.0,0.0,0.33863401,0.685000005
70.97728767999999,0.27298956799999996,0.0024117160714285713,32,1,0.0,0.0,0.0,0.0,0.0,0.320618,0.33999999999999997
70.97728767999999,0.2628788432592592,0.0024117160714285713,32,1,0.0,0.0,0.0,0.0,0.0,0.30686799,0.145000005
70.97728767999999,0.2534903131428571,0.0024117160714285713,32,1,0.0,0.0,0.0,0.0,0.0,0.304582,0.060000000500000004
70.97728767999999,0.2365909589333333,0.0024117160714285713,32,1,0.0,0.0,0.0,0.0,0.0,0.35635301,0.0249999995
70.97728767999999,0.4731819178666666,0.0024117160714285713,32,0,0.0,0.0,0.0,0.0,0.0,0.76369601,0.0249999995
70.97728767999999,0.33798708419047613,0.0024117160714285713,32,0,0.0,0.0,0.0,0.0,0.0,0.46020299,0.219999995
70.97728767999999,0.32262403490909086,0.0024117160714285713,32,0,0.0,0.0,0.0,0.0,0.0,0.419662,0.33999999999999997
70.97728767999999,0.3085969029565217,0.0024117160714285713,32,0,0.0,0.0,0.0,0.0,0.0,0.384969,0.53999999
70.97728767999999,0.28390915071999995,0.0024117160714285713,32,0,0.0,0.0,0.0,0.0,0.0,0.32968599,1.33500005
67.38756466,0.29298941156521735,0.002423137142857143,31,1,0.0,0.0,0.0,0.0,0.0,0.40407801,1.13
67.38756466,0.2807815194166666,0.002423137142857143,31,1,0.0,0.0,0.0,0.0,0.0,0.38037199,0.6500000100000001
67.38756466,0.26955025864,0.002423137142857143,31,1,0.0,0.0,0.0,0.0,0.0,0.35895899,0.325
67.38756466,0.259182941,0.002423137142857143,31,1,0.0,0.0,0.0,0.0,0.0,0.34899899,0.15000000000000002
67.38756466,0.2495835728148148,0.002423137142857143,31,1,0.0,0.0,0.0,0.0,0.0,0.345094,0.0649999995
67.38756466,0.24066987378571428,0.002423137142857143,31,1,0.0,0.0,0.0,0.0,0.0,0.34044299,0.0249999995
67.38756466,0.3369378233,0.002423137142857143,31,0,0.0,0.0,0.0,0.0,0.0,0.49554899,0.260000005
67.38756466,0.320893165047619,0.002423137142857143,31,0,0.0,0.0,0.0,0.0,0.0,0.46017101,0.41499999499999995
67.38756466,0.30630711209090905,0.002423137142857143,31,0,0.0,0.0,0.0,0.0,0.0,0.42894799,0.66
67.38756466,0.29298941156521735,0.002423137142857143,31,0,0.0,0.0,0.0,0.0,0.0,0.400166,1.025
67.38756466,0.2807815194166666,0.002423137142857143,31,0,0.0,0.0,0.0,0.0,0.0,0.376324,1.54499995
67.38756466,0.26955025864,0.002423137142857143,31,0,0.0,0.0,0.0,0.0,0.0,0.356341,2.225
66.19099032,0.2877869144347826,0.002425490357142857,30,1,0.0,0.0,0.0,0.0,0.0,0.435101,0.985000015
66.19099032,0.275795793,0.002425490357142857,30,1,0.0,0.0,0.0,0.0,0.0,0.41025701,0.56
66.19099032,0.26476396128,0.002425490357142857,30,1,0.0,0.0,0.0,0.0,0.0,0.394007,0.290000005
66.19099032,0.254580732,0.002425490357142857,30,1,0.0,0.0,0.0,0.0,0.0,0.385398,0.14000000499999998
66.19099032,0.245151816,0.002425490357142857,30,1,0.0,0.0,0.0,0.0,0.0,0.38890201,0.0699999985
66.19099032,0.22824479420689656,0.002425490357142857,30,1,0.0,0.0,0.0,0.0,0.0,0.393282,0.0149999995
66.19099032,0.2206366344,0.002425490357142857,30,1,0.0,0.0,0.0,0.0,0.0,0.47187701,0.0249999995
66.19099032,0.4412732688,0.002425490357142857,30,0,0.0,0.0,0.0,0.0,0.0,0.74691999,0.04
66.19099032,0.367727724,0.002425490357142857,30,0,0.0,0.0,0.0,0.0,0.0,0.60701901,0.15000000000000002
66.19099032,0.3309549516,0.002425490357142857,30,0,0.0,0.0,0.0,0.0,0.0,0.518906,0.350000005
66.19099032,0.315195192,0.002425490357142857,30,0,0.0,0.0,0.0,0.0,0.0,0.47809699,0.534999995
66.19099032,0.3008681378181818,0.002425490357142857,30,0,0.0,0.0,0.0,0.0,0.0,0.440299,0.814999995
66.19099032,0.2877869144347826,0.002425490357142857,30,0,0.0,0.0,0.0,0.0,0.0,0.41362101,1.245
66.19099032,0.275795793,0.002425490357142857,30,0,0.0,0.0,0.0,0.0,0.0,0.386677,1.82
66.19099032,0.26476396128,0.002425490357142857,30,0,0.0,0.0,0.0,0.0,0.0,0.36624601,2.55499995
66.19099032,0.23639639399999998,0.002425490357142857,30,0,0.0,0.0,0.0,0.0,0.0,0.49564499,5.42499995
66.45365297999999,0.30206205899999994,0.0024167667857142856,29,1,0.0,0.0,0.0,0.0,0.0,0.46109501,1.58500005
66.45365297999999,0.2889289259999999,0.0024167667857142856,29,1,0.0,0.0,0.0,0.0,0.0,0.432107,1.00000001
66.45365297999999,0.27689022074999997,0.0024167667857142856,29,1,0.0,0.0,0.0,0.0,0.0,0.40908799,0.56999999
66.45365297999999,0.26581461191999994,0.0024167667857142856,29,1,0.0,0.0,0.0,0.0,0.0,0.39362001,0.29500000000000004
66.45365297999999,0.25559097299999994,0.0024167667857142856,29,1,0.0,0.0,0.0,0.0,0.0,0.38396901,0.14000000499999998
66.45365297999999,0.24612464066666662,0.0024167667857142856,29,1,0.0,0.0,0.0,0.0,0.0,0.382521,0.0649999995
66.45365297999999,0.22151217659999994,0.0024167667857142856,29,1,0.0,0.0,0.0,0.0,0.0,0.385079,0.0049999999
66.45365297999999,0.3691869609999999,0.0024167667857142856,29,0,0.0,0.0,0.0,0.0,0.0,0.62454998,0.15000000000000002
66.45365297999999,0.3164459665714285,0.0024167667857142856,29,0,0.0,0.0,0.0,0.0,0.0,0.49702999,0.534999995
66.45365297999999,0.30206205899999994,0.0024167667857142856,29,0,0.0,0.0,0.0,0.0,0.0,0.46109399,0.814999995
66.45365297999999,0.2889289259999999,0.0024167667857142856,29,0,0.0,0.0,0.0,0.0,0.0,0.43217,1.23
66.45365297999999,0.25559097299999994,0.0024167667857142856,29,0,0.0,0.0,0.0,0.0,0.0,0.368426,3.3500000500000002
70.48114709999999,0.28192458839999995,0.005115447619047618,187,0,0.0,0.0,0.0,0.0,0.0,0.36961201,3.25
74.24597856,0.29698391424,0.0025430908571428567,32,1,0.0,0.0,0.0,0.0,0.0,0.39082199,1.37
74.24597856,0.285561456,0.0025430908571428567,32,1,0.0,0.0,0.0,0.0,0.0,0.36674801,0.8350000049999999
74.24597856,0.2749851057777778,0.0025430908571428567,32,1,0.0,0.0,0.0,0.0,0.0,0.35091099,0.465000005
74.24597856,0.464037366,0.0025430908571428567,32,0,0.0,0.0,0.0,0.0,0.0,0.78182101,0.04
74.24597856,0.3228086024347826,0.0025430908571428567,32,0,0.0,0.0,0.0,0.0,0.0,0.443887,0.41500001
74.24597856,0.29698391424,0.0025430908571428567,32,0,0.0,0.0,0.0,0.0,0.0,0.389532,0.974999995
74.24597856,0.285561456,0.005089150476190476,186,1,0.0,0.0,0.0,0.0,0.0,0.36065,2.16500005
74.24597856,0.2474865952,0.005089150476190476,186,1,0.0,0.0,0.0,0.0,0.0,0.32865399,0.804999975
74.24597856,0.23950315664516128,0.005089150476190476,186,1,0.0,0.0,0.0,0.0,0.0,0.32178101,0.599999995
74.24597856,0.232018683,0.005089150476190476,186,1,0.0,0.0,0.0,0.0,0.0,0.313382,0.43000001
74.24597856,0.41247765866666664,0.005089150476190476,186,0,0.0,0.0,0.0,0.0,0.0,0.46680501,0.5999999899999999
74.24597856,0.2474865952,0.005089150476190476,186,0,0.0,0.0,0.0,0.0,0.0,0.32481501,5.77499985
74.36271751999999,0.3098446563333333,0.002522352285714286,31,1,0.0,0.0,0.0,0.0,0.0,0.454173,2.17000005
74.36271751999999,0.29745087008,0.002522352285714286,31,1,0.0,0.0,0.0,0.0,0.0,0.426543,1.5
74.36271751999999,0.28601045199999997,0.002522352285714286,31,1,0.0,0.0,0.0,0.0,0.0,0.40340999,0.9600000099999999
74.36271751999999,0.27541747229629626,0.002522352285714286,31,1,0.0,0.0,0.0,0.0,0.0,0.39109299,0.58000001
74.36271751999999,0.26558113399999994,0.002522352285714286,31,1,0.0,0.0,0.0,0.0,0.0,0.38138399,0.325
74.36271751999999,0.3541081786666666,0.002522352285714286,31,0,0.0,0.0,0.0,0.0,0.0,0.557024,0.214999995
74.36271751999999,0.3380123523636363,0.002522352285714286,31,0,0.0,0.0,0.0,0.0,0.0,0.51544398,0.31
74.36271751999999,0.32331616313043476,0.002522352285714286,31,0,0.0,0.0,0.0,0.0,0.0,0.482557,0.46499999000000003
74.36271751999999,0.3098446563333333,0.002522352285714286,31,0,0.0,0.0,0.0,0.0,0.0,0.45060199,0.69
74.36271751999999,0.29745087008,0.002522352285714286,31,0,0.0,0.0,0.0,0.0,0.0,0.426759,1.03
74.36271751999999,0.28601045199999997,0.002522352285714286,31,0,0.0,0.0,0.0,0.0,0.0,0.405312,1.495
74.36271751999999,0.2564231638620689,0.005053677619047618,185,1,0.0,0.0,0.0,0.0,0.0,0.349269,1.16499995
74.36271751999999,0.24787572506666664,0.005053677619047618,185,1,0.0,0.0,0.0,0.0,0.0,0.34094599,0.8950000149999999
74.36271751999999,0.23987973393548384,0.005053677619047618,185,1,0.0,0.0,0.0,0.0,0.0,0.33430499,0.68000001
74.36271751999999,0.23238349224999996,0.005053677619047618,185,1,0.0,0.0,0.0,0.0,0.0,0.32855701,0.50999999
77.16445256,0.3215185523333333,0.002509066857142857,30,1,0.0,0.0,0.0,0.0,0.0,0.46438,2.885
77.16445256,0.30865781024,0.002509066857142857,30,1,0.0,0.0,0.0,0.0,0.0,0.43890199,2.125
77.16445256,0.29678635600000003,0.002509066857142857,30,1,0.0,0.0,0.0,0.0,0.0,0.41606501,1.47
77.16445256,0.28579426874074076,0.002509066857142857,30,1,0.0,0.0,0.0,0.0,0.0,0.39675301,0.944999995
77.16445256,0.2755873305714286,0.002509066857142857,30,1,0.0,0.0,0.0,0.0,0.0,0.382976,0.564999995
77.16445256,0.2660843191724138,0.002509066857142857,30,1,0.0,0.0,0.0,0.0,0.0,0.37132299,0.31
77.16445256,0.25721484186666665,0.002509066857142857,30,1,0.0,0.0,0.0,0.0,0.0,0.35795501,0.15000000000000002
77.16445256,0.3858222628,0.002509066857142857,30,0,0.0,0.0,0.0,0.0,0.0,0.636015,0.115
77.16445256,0.3674497740952381,0.002509066857142857,30,0,0.0,0.0,0.0,0.0,0.0,0.59026098,0.160000005
77.16445256,0.35074751163636364,0.002509066857142857,30,0,0.0,0.0,0.0,0.0,0.0,0.54273599,0.219999995
77.16445256,0.33549761982608695,0.002509066857142857,30,0,0.0,0.0,0.0,0.0,0.0,0.50712901,0.325
77.16445256,0.3215185523333333,0.002509066857142857,30,0,0.0,0.0,0.0,0.0,0.0,0.47091499,0.47500001000000003
77.16445256,0.30865781024,0.002509066857142857,30,0,0.0,0.0,0.0,0.0,0.0,0.44226399,0.7100000099999999
77.16445256,0.29678635600000003,0.002509066857142857,30,0,0.0,0.0,0.0,0.0,0.0,0.417265,1.05000005
77.16445256,0.28579426874074076,0.002509066857142857,30,0,0.0,0.0,0.0,0.0,0.0,0.39619201,1.52
77.16445256,0.2755873305714286,0.002509066857142857,30,0,0.0,0.0,0.0,0.0,0.0,0.38417101,2.145
77.16445256,0.3215185523333333,0.0043048657142857145,93,1,0.0,0.0,0.0,0.0,0.0,0.414013,3.3999999499999998
77.16445256,0.28579426874074076,0.0043048657142857145,93,1,0.0,0.0,0.0,0.0,0.0,0.36990899,1.6099999999999999
77.16445256,0.2755873305714286,0.0043048657142857145,93,1,0.0,0.0,0.0,0.0,0.0,0.35915199,1.19
77.16445256,0.24891758890322582,0.0043048657142857145,93,1,0.0,0.0,0.0,0.0,0.0,0.33227199,0.395
77.16445256,0.23383167442424244,0.0043048657142857145,93,1,0.0,0.0,0.0,0.0,0.0,0.31859401,0.160000005
77.16445256,0.22046986445714287,0.0043048657142857145,93,1,0.0,0.0,0.0,0.0,0.0,0.31507799,0.0649999995
77.16445256,0.4822778285,0.0043048657142857145,93,0,0.0,0.0,0.0,0.0,0.0,0.60592097,0.14000000499999998
77.16445256,0.3858222628,0.0043048657142857145,93,0,0.0,0.0,0.0,0.0,0.0,0.49097201,0.395
77.16445256,0.3429531224888889,0.0043048657142857145,93,0,0.0,0.0,0.0,0.0,0.0,0.43969801,0.784999995
77.16445256,0.3215185523333333,0.0043048657142857145,93,0,0.0,0.0,0.0,0.0,0.0,0.41217899,1.15999995
77.16445256,0.30865781024,0.0043048657142857145,93,0,0.0,0.0,0.0,0.0,0.0,0.39652699,1.495
77.16445256,0.30865781024,0.005135273809523809,184,0,0.0,0.0,0.0,0.0,0.0,0.390558,2.32999995
78.5069506,0.3140278024,0.002490088,29,1,0.0,0.0,0.0,0.0,0.0,0.43237299,2.4250000500000004
78.5069506,0.30194981,0.002490088,29,1,0.0,0.0,0.0,0.0,0.0,0.40284601,1.6949999999999998
78.5069506,0.29076648370370367,0.002490088,29,1,0.0,0.0,0.0,0.0,0.0,0.37766001,1.09000005
78.5069506,0.28038196642857144,0.002490088,29,1,0.0,0.0,0.0,0.0,0.0,0.360769,0.6450000149999999
78.5069506,0.27071362275862065,0.002490088,29,1,0.0,0.0,0.0,0.0,0.0,0.34505299,0.33999999999999997
78.5069506,0.26168983533333334,0.002490088,29,1,0.0,0.0,0.0,0.0,0.0,0.33897799,0.170000005
78.5069506,0.32711229416666665,0.002490088,29,0,0.0,0.0,0.0,0.0,0.0,0.46537301,0.355
78.5069506,0.3140278024,0.002490088,29,0,0.0,0.0,0.0,0.0,0.0,0.43275499,0.534999995
78.5069506,0.30194981,0.002490088,29,0,0.0,0.0,0.0,0.0,0.0,0.40486899,0.81
78.5069506,0.29076648370370367,0.002490088,29,0,0.0,0.0,0.0,0.0,0.0,0.37953001,1.20499995
78.5069506,0.3140278024,0.004337575714285714,92,1,0.0,0.0,0.0,0.0,0.0,0.39283699,3.0
78.5069506,0.30194981,0.004337575714285714,92,1,0.0,0.0,0.0,0.0,0.0,0.373732,2.3399999
78.5069506,0.29076648370370367,0.004337575714285714,92,1,0.0,0.0,0.0,0.0,0.0,0.360385,1.78499995
78.5069506,0.28038196642857144,0.004337575714285714,92,1,0.0,0.0,0.0,0.0,0.0,0.347489,1.315
78.5069506,0.26168983533333334,0.004337575714285714,92,1,0.0,0.0,0.0,0.0,0.0,0.326738,0.6450000149999999
78.5069506,0.245334220625,0.004337575714285714,92,1,0.0,0.0,0.0,0.0,0.0,0.30956501,0.26999999500000005
78.5069506,0.44861114628571425,0.004337575714285714,92,0,0.0,0.0,0.0,0.0,0.0,0.55518001,0.170000005
78.5069506,0.39253475299999996,0.004337575714285714,92,0,0.0,0.0,0.0,0.0,0.0,0.48954701,0.33499999
78.5069506,0.37384262190476186,0.004337575714285714,92,0,0.0,0.0,0.0,0.0,0.0,0.466308,0.44
78.5069506,0.29076648370370367,0.004337575714285714,92,0,0.0,0.0,0.0,0.0,0.0,0.360843,2.1
78.5069506,0.3140278024,0.005233348571428571,183,1,0.0,0.0,0.0,0.0,0.0,0.39034101,3.67499995
78.5069506,0.30194981,0.005233348571428571,183,1,0.0,0.0,0.0,0.0,0.0,0.37767401,3.07500005
78.5069506,0.29076648370370367,0.005233348571428571,183,1,0.0,0.0,0.0,0.0,0.0,0.36629099,2.53499995
78.5069506,0.26168983533333334,0.005233348571428571,183,1,0.0,0.0,0.0,0.0,0.0,0.33576101,1.28
78.5069506,0.23090279588235293,0.005233348571428571,183,1,0.0,0.0,0.0,0.0,0.0,0.30356899,0.390000005
78.5069506,0.22430557314285712,0.005233348571428571,183,1,0.0,0.0,0.0,0.0,0.0,0.299815,0.28500000999999997
78.5069506,0.39253475299999996,0.005233348571428571,183,0,0.0,0.0,0.0,0.0,0.0,0.460053,0.7999999799999999
79.00309118,0.3291795465833333,0.004319303214285714,89,1,0.0,0.0,0.0,0.0,0.0,0.38970101,3.7250000500000002
79.00309118,0.2926040414074074,0.004319303214285714,89,1,0.0,0.0,0.0,0.0,0.0,0.34039599,1.73
79.00309118,0.28215389707142857,0.004319303214285714,89,1,0.0,0.0,0.0,0.0,0.0,0.32484999,1.2349999999999999
79.00309118,0.2724244523448276,0.004319303214285714,89,1,0.0,0.0,0.0,0.0,0.0,0.311878,0.844999995
79.00309118,0.26334363726666665,0.004319303214285714,89,1,0.0,0.0,0.0,0.0,0.0,0.29917699,0.544999985
79.00309118,0.25484868122580645,0.004319303214285714,89,1,0.0,0.0,0.0,0.0,0.0,0.290369,0.33999999999999997
79.00309118,0.2394033066060606,0.004319303214285714,89,1,0.0,0.0,0.0,0.0,0.0,0.27922001,0.12
79.00309118,0.3950154559,0.004319303214285714,89,0,0.0,0.0,0.0,0.0,0.0,0.48150599,0.28500000999999997
79.00309118,0.3291795465833333,0.004319303214285714,89,0,0.0,0.0,0.0,0.0,0.0,0.39385,0.8650000099999999
79.00309118,0.31601236472,0.004319303214285714,89,0,0.0,0.0,0.0,0.0,0.0,0.375848,1.135
79.00309118,0.2926040414074074,0.004319303214285714,89,0,0.0,0.0,0.0,0.0,0.0,0.33951399,1.88
79.00309118,0.28215389707142857,0.005115485714285714,180,1,0.0,0.0,0.0,0.0,0.0,0.34040901,2.005
79.00309118,0.26334363726666665,0.005115485714285714,180,1,0.0,0.0,0.0,0.0,0.0,0.31942999,1.21000005
79.00309118,0.25484868122580645,0.005115485714285714,180,1,0.0,0.0,0.0,0.0,0.0,0.31036299,0.9099999999999999
79.00309118,0.2468846599375,0.005115485714285714,180,1,0.0,0.0,0.0,0.0,0.0,0.30204499,0.66999999
79.00309118,0.2394033066060606,0.005115485714285714,180,1,0.0,0.0,0.0,0.0,0.0,0.29418501,0.480000005
77.33956099999999,0.2864428185185185,0.005192929047619047,179,1,0.0,0.0,0.0,0.0,0.0,0.35713601,2.21000005
77.33956099999999,0.2762127178571428,0.005192929047619047,179,1,0.0,0.0,0.0,0.0,0.0,0.34721401,1.7650000000000001
77.33956099999999,0.25779853666666663,0.005192929047619047,179,1,0.0,0.0,0.0,0.0,0.0,0.326812,1.05000005
77.33956099999999,0.24168612812499995,0.005192929047619047,179,1,0.0,0.0,0.0,0.0,0.0,0.310184,0.574999985
78.3610269,0.3134441076,0.005304513333333333,178,1,0.0,0.0,0.0,0.0,0.0,0.37534699,3.5
78.3610269,0.27986081035714283,0.005304513333333333,178,1,0.0,0.0,0.0,0.0,0.0,0.34010401,1.88
78.3610269,0.261203423,0.005304513333333333,178,1,0.0,0.0,0.0,0.0,0.0,0.32022199,1.125
78.3610269,0.2448782090625,0.005304513333333333,178,1,0.0,0.0,0.0,0.0,0.0,0.30229899,0.609999985
80.90009927999999,0.32360039712,0.0049695985714285715,177,1,0.0,0.0,0.0,0.0,0.0,0.341436,3.85
80.90009927999999,0.288928926,0.0049695985714285715,177,1,0.0,0.0,0.0,0.0,0.0,0.30934301,2.05999995
80.90009927999999,0.27896585958620684,0.0049695985714285715,177,1,0.0,0.0,0.0,0.0,0.0,0.296895,1.58
80.90009927999999,0.26966699759999996,0.0049695985714285715,177,1,0.0,0.0,0.0,0.0,0.0,0.285759,1.18
80.90009927999999,0.26096806219354834,0.0049695985714285715,177,1,0.0,0.0,0.0,0.0,0.0,0.27434799,0.845
80.90009927999999,0.25281281024999996,0.0049695985714285715,177,1,0.0,0.0,0.0,0.0,0.0,0.26852301,0.609999985
80.90009927999999,0.24515181599999997,0.0049695985714285715,177,1,0.0,0.0,0.0,0.0,0.0,0.26138401,0.420000005
80.90009927999999,0.337083747,0.0049695985714285715,177,0,0.0,0.0,0.0,0.0,0.0,0.364467,1.2650000000000001
80.90009927999999,0.32360039712,0.0049695985714285715,177,0,0.0,0.0,0.0,0.0,0.0,0.35080901,1.5550000000000002
80.90009927999999,0.311154228,0.0049695985714285715,177,0,0.0,0.0,0.0,0.0,0.0,0.33656999,1.8900000000000001
77.71896261999999,0.31087585047999994,0.0026188666666666664,32,1,0.0,0.0,0.0,0.0,0.0,0.35550901,1.9849999999999999
77.71896261999999,0.28784800970370367,0.0026188666666666664,32,1,0.0,0.0,0.0,0.0,0.0,0.31341699,0.735000015
77.71896261999999,0.2775677236428571,0.0026188666666666664,32,1,0.0,0.0,0.0,0.0,0.0,0.294016,0.359999995
77.71896261999999,0.2989190869999999,0.0026188666666666664,32,0,0.0,0.0,0.0,0.0,0.0,0.33047599,0.824999985
75.96787822,0.292184147,0.0025867240000000003,31,1,0.0,0.0,0.0,0.0,0.0,0.32132199,0.8950000149999999
75.96787822,0.2713138507857143,0.0025867240000000003,31,1,0.0,0.0,0.0,0.0,0.0,0.297077,0.219999995
75.96787822,0.30387151288,0.0025867240000000003,31,0,0.0,0.0,0.0,0.0,0.0,0.338287,0.63999999
74.74211914,0.31142549641666667,0.00258285,30,1,0.0,0.0,0.0,0.0,0.0,0.37369999,1.91500005
74.74211914,0.287469689,0.00258285,30,1,0.0,0.0,0.0,0.0,0.0,0.338651,0.705000015
74.74211914,0.2768226634814815,0.00258285,30,1,0.0,0.0,0.0,0.0,0.0,0.32295501,0.355
74.74211914,0.2669361397857143,0.00258285,30,1,0.0,0.0,0.0,0.0,0.0,0.31335801,0.160000005
74.74211914,0.2577314453103448,0.00258285,30,1,0.0,0.0,0.0,0.0,0.0,0.30761001,0.0649999995
74.74211914,0.35591485304761905,0.00258285,30,0,0.0,0.0,0.0,0.0,0.0,0.49768201,0.14500000000000002
74.74211914,0.32496573539130436,0.00258285,30,0,0.0,0.0,0.0,0.0,0.0,0.42112499,0.350000005
74.74211914,0.31142549641666667,0.00258285,30,0,0.0,0.0,0.0,0.0,0.0,0.388275,0.555000005
75.82195451999999,0.3159248105,0.002574673125,29,1,0.0,0.0,0.0,0.0,0.0,0.350905,2.17000005
75.82195451999999,0.29162290199999996,0.002574673125,29,1,0.0,0.0,0.0,0.0,0.0,0.309623,0.794999985
75.82195451999999,0.28082205377777775,0.002574673125,29,1,0.0,0.0,0.0,0.0,0.0,0.29220599,0.385000005
75.82195451999999,0.2707926947142857,0.002574673125,29,1,0.0,0.0,0.0,0.0,0.0,0.28111699,0.160000005
75.82195451999999,0.32966067182608694,0.002574673125,29,0,0.0,0.0,0.0,0.0,0.0,0.40206099,0.229999995
75.82195451999999,0.3159248105,0.002574673125,29,0,0.0,0.0,0.0,0.0,0.0,0.36344901,0.37000000499999997
75.82195451999999,0.30328781807999994,0.002574673125,29,0,0.0,0.0,0.0,0.0,0.0,0.335242,0.625
75.82195451999999,0.29162290199999996,0.002574673125,29,0,0.0,0.0,0.0,0.0,0.0,0.31229401,1.0350000000000001
79.36456506,0.33068568775,0.0030651374999999996,32,1,0.0,0.0,0.0,0.0,0.0,0.31830099,3.1000000500000002
79.36456506,0.31745826024,0.0030651374999999996,32,1,0.0,0.0,0.0,0.0,0.0,0.28704199,2.20000005
79.36456506,0.30524832715384614,0.0030651374999999996,32,1,0.0,0.0,0.0,0.0,0.0,0.25345099,1.375
79.36456506,0.29394283355555556,0.0030651374999999996,32,1,0.0,0.0,0.0,0.0,0.0,0.229486,0.72
79.36456506,0.28344487521428574,0.0030651374999999996,32,1,0.0,0.0,0.0,0.0,0.0,0.20487601,0.275000005
79.36456506,0.273670914,0.0030651374999999996,32,1,0.0,0.0,0.0,0.0,0.0,0.18728299,0.0699999985
79.36456506,0.30524832715384614,0.0030651374999999996,32,0,0.0,0.0,0.0,0.0,0.0,0.248695,0.38499999500000004
79.36456506,0.29394283355555556,0.0030651374999999996,32,0,0.0,0.0,0.0,0.0,0.0,0.22694901,0.735000015
79.8942507,0.29590463222222224,0.0030538092857142858,31,1,0.0,0.0,0.0,0.0,0.0,0.22200499,0.764999985
79.8942507,0.2853366096428571,0.0030538092857142858,31,1,0.0,0.0,0.0,0.0,0.0,0.19743,0.290000005
79.8942507,0.266314169,0.0030538092857142858,31,1,0.0,0.0,0.0,0.0,0.0,0.151941,0.0049999999
79.8942507,0.3195770028,0.0030538092857142858,31,0,0.0,0.0,0.0,0.0,0.0,0.27632999,0.170000005
79.8942507,0.3072855796153846,0.0030538092857142858,31,0,0.0,0.0,0.0,0.0,0.0,0.24784499,0.329999995
79.8942507,0.29590463222222224,0.0030538092857142858,31,0,0.0,0.0,0.0,0.0,0.0,0.221494,0.6349999900000001
79.8942507,0.2853366096428571,0.0030538092857142858,31,0,0.0,0.0,0.0,0.0,0.0,0.19660001,1.15999995
80.65935218,0.27813569717241376,0.003048165357142857,30,1,0.0,0.0,0.0,0.0,0.0,0.17660999,0.089999999
80.65935218,0.31022827761538463,0.003048165357142857,30,0,0.0,0.0,0.0,0.0,0.0,0.24327201,0.24999999
81.27731876,0.3010271065185185,0.0030327928571428574,29,1,0.0,0.0,0.0,0.0,0.0,0.21514,0.9950000050000001
81.27731876,0.2902761384285714,0.0030327928571428574,29,1,0.0,0.0,0.0,0.0,0.0,0.191964,0.41500001
81.27731876,0.2802666164137931,0.0030327928571428574,29,1,0.0,0.0,0.0,0.0,0.0,0.17348801,0.11
81.27731876,0.27092439586666667,0.0030327928571428574,29,1,0.0,0.0,0.0,0.0,0.0,0.166886,0.0199999994
81.27731876,0.42777536189473686,0.0030327928571428574,29,0,0.0,0.0,0.0,0.0,0.0,0.55340999,0.01
81.27731876,0.33865549483333335,0.0030327928571428574,29,0,0.0,0.0,0.0,0.0,0.0,0.32914099,0.0699999985
81.27731876,0.32510927504,0.0030327928571428574,29,0,0.0,0.0,0.0,0.0,0.0,0.28660199,0.11499999999999999
81.27731876,0.31260507215384614,0.0030327928571428574,29,0,0.0,0.0,0.0,0.0,0.0,0.24429999,0.19999999499999999
81.27731876,0.2902761384285714,0.0030327928571428574,29,0,0.0,0.0,0.0,0.0,0.0,0.18460201,0.81
85.4853769,0.32878991115384615,0.0029040682857142857,32,1,0.0,0.0,0.0,0.0,0.0,0.34302801,3.25
85.4853769,0.3166125070370371,0.0029040682857142857,32,1,0.0,0.0,0.0,0.0,0.0,0.299182,2.3399999
85.4853769,0.2947771617241379,0.0029040682857142857,32,1,0.0,0.0,0.0,0.0,0.0,0.23806199,0.844999995
85.4853769,0.28495125633333335,0.0029040682857142857,32,1,0.0,0.0,0.0,0.0,0.0,0.221248,0.390000005
85.4853769,0.2757592803225807,0.0029040682857142857,32,1,0.0,0.0,0.0,0.0,0.0,0.213034,0.15000000000000002
85.4853769,0.3166125070370371,0.0029040682857142857,32,0,0.0,0.0,0.0,0.0,0.0,0.28698501,0.25499999500000003
85.4853769,0.3053049175,0.0029040682857142857,32,0,0.0,0.0,0.0,0.0,0.0,0.25770599,0.44
85.4853769,0.2947771617241379,0.0029040682857142857,32,0,0.0,0.0,0.0,0.0,0.0,0.235745,0.78
85.4853769,0.28495125633333335,0.0029040682857142857,32,0,0.0,0.0,0.0,0.0,0.0,0.215395,1.315
85.4853769,0.28495125633333335,0.0046896195238095234,186,1,0.0,0.0,0.0,0.0,0.0,0.250406,1.5150000000000001
85.4853769,0.3419415076,0.0050590921978021985,368,1,0.0,0.0,0.0,0.0,0.0,0.307201,5.32500005
85.4853769,0.28495125633333335,0.0050590921978021985,368,1,0.0,0.0,0.0,0.0,0.0,0.26304099,2.345
85.4853769,0.5699025126666667,0.0050590921978021985,368,0,0.0,0.0,0.0,0.0,0.0,0.439724,0.299999995
86.72131006,0.29903900020689655,0.0028868025714285715,31,1,0.0,0.0,0.0,0.0,0.0,0.236949,1.0550000499999999
86.72131006,0.2890710335333333,0.0028868025714285715,31,1,0.0,0.0,0.0,0.0,0.0,0.21854,0.514999985
86.72131006,0.27974616148387094,0.0028868025714285715,31,1,0.0,0.0,0.0,0.0,0.0,0.20620599,0.19999999499999999
86.72131006,0.27100409393749997,0.0028868025714285715,31,1,0.0,0.0,0.0,0.0,0.0,0.19788601,0.060000000500000004
86.72131006,0.29903900020689655,0.0028868025714285715,31,0,0.0,0.0,0.0,0.0,0.0,0.23490199,0.59
86.72131006,0.2890710335333333,0.0028868025714285715,31,0,0.0,0.0,0.0,0.0,0.0,0.214908,1.04499995
86.72131006,0.2890710335333333,0.004902392857142857,185,1,0.0,0.0,0.0,0.0,0.0,0.249098,1.6749999999999998
86.72131006,0.27974616148387094,0.004902392857142857,185,1,0.0,0.0,0.0,0.0,0.0,0.239273,1.23
86.78016402,0.2992419448965517,0.0028406157142857142,30,1,0.0,0.0,0.0,0.0,0.0,0.235871,1.0550000499999999
86.78016402,0.2892672134,0.0028406157142857142,30,1,0.0,0.0,0.0,0.0,0.0,0.217298,0.5099999900000001
86.78016402,0.27993601296774195,0.0028406157142857142,30,1,0.0,0.0,0.0,0.0,0.0,0.207276,0.19999999499999999
86.78016402,0.2892672134,0.004505862857142857,93,1,0.0,0.0,0.0,0.0,0.0,0.218348,0.985000015
86.78016402,0.27993601296774195,0.004505862857142857,93,1,0.0,0.0,0.0,0.0,0.0,0.20817401,0.59
86.78016402,0.34712065608,0.004505862857142857,93,0,0.0,0.0,0.0,0.0,0.0,0.31049001,0.344999995
86.78016402,0.2892672134,0.004921449047619047,184,1,0.0,0.0,0.0,0.0,0.0,0.245772,1.65999995
86.78016402,0.2711880125625,0.004921449047619047,184,1,0.0,0.0,0.0,0.0,0.0,0.22805899,0.859999985
86.78016402,0.262970194,0.004921449047619047,184,1,0.0,0.0,0.0,0.0,0.0,0.220529,0.5850000049999999
86.78016402,0.5785344268,0.0052614534065934075,366,0,0.0,0.0,0.0,0.0,0.0,0.43881801,0.275000005
87.78068134,0.32511363459259257,0.0028034288571428573,29,1,0.0,0.0,0.0,0.0,0.0,0.27815199,2.92000005
87.78068134,0.31350243335714284,0.0028034288571428573,29,1,0.0,0.0,0.0,0.0,0.0,0.244335,2.005
87.78068134,0.2926022711333333,0.0028034288571428573,29,1,0.0,0.0,0.0,0.0,0.0,0.19719499,0.56999999
87.78068134,0.2743146291875,0.0028034288571428573,29,1,0.0,0.0,0.0,0.0,0.0,0.185801,0.0649999995
87.78068134,0.38165513626086955,0.0028034288571428573,29,0,0.0,0.0,0.0,0.0,0.0,0.485082,0.04
87.78068134,0.3026920046206897,0.0028034288571428573,29,0,0.0,0.0,0.0,0.0,0.0,0.214885,0.37999999500000003
87.78068134,0.2926022711333333,0.0028034288571428573,29,0,0.0,0.0,0.0,0.0,0.0,0.196797,0.764999985
87.78068134,0.32511363459259257,0.004504367142857143,92,1,0.0,0.0,0.0,0.0,0.0,0.26367101,3.20000005
87.78068134,0.31350243335714284,0.004504367142857143,92,1,0.0,0.0,0.0,0.0,0.0,0.241253,2.375
87.78068134,0.3026920046206897,0.004504367142857143,92,1,0.0,0.0,0.0,0.0,0.0,0.223342,1.6549999999999998
87.78068134,0.2926022711333333,0.004504367142857143,92,1,0.0,0.0,0.0,0.0,0.0,0.206753,1.0550000499999999
87.78068134,0.2743146291875,0.004504367142857143,92,1,0.0,0.0,0.0,0.0,0.0,0.18479,0.32000000500000003
87.78068134,0.39900309700000003,0.004504367142857143,92,0,0.0,0.0,0.0,0.0,0.0,0.38960201,0.14000000499999998
87.78068134,0.33761800515384616,0.004504367142857143,92,0,0.0,0.0,0.0,0.0,0.0,0.284192,0.390000005
87.78068134,0.32511363459259257,0.004504367142857143,92,0,0.0,0.0,0.0,0.0,0.0,0.26178801,0.53
87.78068134,0.31350243335714284,0.004504367142857143,92,0,0.0,0.0,0.0,0.0,0.0,0.24153,0.735000015
87.78068134,0.32511363459259257,0.004923000476190476,183,1,0.0,0.0,0.0,0.0,0.0,0.274506,3.67499995
87.78068134,0.31350243335714284,0.004923000476190476,183,1,0.0,0.0,0.0,0.0,0.0,0.26191401,2.96000005
87.78068134,0.2926022711333333,0.004923000476190476,183,1,0.0,0.0,0.0,0.0,0.0,0.238451,1.75
87.78068134,0.28316348819354836,0.004923000476190476,183,1,0.0,0.0,0.0,0.0,0.0,0.22770999,1.27
87.78068134,0.2743146291875,0.004923000476190476,183,1,0.0,0.0,0.0,0.0,0.0,0.21892799,0.890000015
87.78068134,0.26600206466666665,0.004923000476190476,183,1,0.0,0.0,0.0,0.0,0.0,0.211547,0.5999999899999999
87.78068134,0.25080194668571426,0.005283333296703297,365,1,0.0,0.0,0.0,0.0,0.0,0.22252899,0.804999975
87.78068134,0.35112272536,0.005283333296703297,365,0,0.0,0.0,0.0,0.0,0.0,0.300484,1.59500005
87.6924004,0.3023875875862069,0.004538823571428571,89,1,0.0,0.0,0.0,0.0,0.0,0.223426,1.63
87.6924004,0.29230800133333334,0.004538823571428571,89,1,0.0,0.0,0.0,0.0,0.0,0.208428,1.04
87.6924004,0.2828787109677419,0.004538823571428571,89,1,0.0,0.0,0.0,0.0,0.0,0.196574,0.6049999850000001
87.6924004,0.27403875125,0.004538823571428571,89,1,0.0,0.0,0.0,0.0,0.0,0.185665,0.31
87.6924004,0.2657345466666667,0.004538823571428571,89,1,0.0,0.0,0.0,0.0,0.0,0.18058801,0.15000000000000002
87.6924004,0.3023875875862069,0.004538823571428571,89,0,0.0,0.0,0.0,0.0,0.0,0.22419199,1.0150000000000001
87.6924004,0.29230800133333334,0.004538823571428571,89,0,0.0,0.0,0.0,0.0,0.0,0.208791,1.435
87.6924004,0.2828787109677419,0.004869914285714286,180,1,0.0,0.0,0.0,0.0,0.0,0.225429,1.23
87.6924004,0.27403875125,0.004869914285714286,180,1,0.0,0.0,0.0,0.0,0.0,0.216732,0.8549999850000001
87.6924004,0.2657345466666667,0.004869914285714286,180,1,0.0,0.0,0.0,0.0,0.0,0.20848,0.564999995
87.6924004,0.25791882470588234,0.004869914285714286,180,1,0.0,0.0,0.0,0.0,0.0,0.20118301,0.355
87.6924004,0.33727846307692305,0.004869914285714286,180,0,0.0,0.0,0.0,0.0,0.0,0.287806,0.925000015
87.6924004,0.31318714428571426,0.004869914285714286,180,0,0.0,0.0,0.0,0.0,0.0,0.25966999,1.45500005
87.6924004,0.29230800133333334,0.005167386703296703,362,1,0.0,0.0,0.0,0.0,0.0,0.25287199,2.55499995
87.6924004,0.2505497154285714,0.005167386703296703,362,1,0.0,0.0,0.0,0.0,0.0,0.219846,0.77000001
86.39761328,0.3199911602962963,0.004886386190476191,179,1,0.0,0.0,0.0,0.0,0.0,0.27055401,3.29999995
86.39761328,0.3085629045714286,0.004886386190476191,179,1,0.0,0.0,0.0,0.0,0.0,0.254338,2.5849999
86.39761328,0.2979228044137931,0.004886386190476191,179,1,0.0,0.0,0.0,0.0,0.0,0.242884,1.98
86.39761328,0.2879920442666667,0.004886386190476191,179,1,0.0,0.0,0.0,0.0,0.0,0.232421,1.46000005
86.39761328,0.27870197832258065,0.004886386190476191,179,1,0.0,0.0,0.0,0.0,0.0,0.222863,1.03499995
86.39761328,0.2699925415,0.004886386190476191,179,1,0.0,0.0,0.0,0.0,0.0,0.21207801,0.685000005
86.39761328,0.34559045312000003,0.004886386190476191,179,0,0.0,0.0,0.0,0.0,0.0,0.298691,0.794999985
86.39761328,0.3322985126153846,0.004886386190476191,179,0,0.0,0.0,0.0,0.0,0.0,0.28333101,1.00000001
86.39761328,0.3199911602962963,0.004886386190476191,179,0,0.0,0.0,0.0,0.0,0.0,0.270522,1.27
86.39761328,0.3085629045714286,0.004886386190476191,179,0,0.0,0.0,0.0,0.0,0.0,0.256614,1.59000005
86.39761328,0.2979228044137931,0.004886386190476191,179,0,0.0,0.0,0.0,0.0,0.0,0.244911,1.995
86.39761328,0.2879920442666667,0.004886386190476191,179,0,0.0,0.0,0.0,0.0,0.0,0.23365,2.48
86.39761328,0.4319880664,0.005205480219780219,361,1,0.0,0.0,0.0,0.0,0.0,0.34281701,9.5500002
86.39761328,0.2879920442666667,0.005205480219780219,361,1,0.0,0.0,0.0,0.0,0.0,0.25001901,2.29999995
86.39761328,0.24685032365714285,0.005205480219780219,361,1,0.0,0.0,0.0,0.0,0.0,0.21987601,0.66999999
85.86792764,0.27699331496774193,0.004783436190476191,178,1,0.0,0.0,0.0,0.0,0.0,0.21990401,0.9500000200000001
85.86792764,0.268337273875,0.004783436190476191,178,1,0.0,0.0,0.0,0.0,0.0,0.210209,0.625
85.86792764,0.26020584133333335,0.004783436190476191,178,1,0.0,0.0,0.0,0.0,0.0,0.203638,0.399999995
85.86792764,0.2525527283529412,0.004783436190476191,178,1,0.0,0.0,0.0,0.0,0.0,0.196915,0.23999999500000002
85.86792764,0.23852202122222224,0.004783436190476191,178,1,0.0,0.0,0.0,0.0,0.0,0.189024,0.080000002
85.86792764,0.4770440424444445,0.004783436190476191,178,0,0.0,0.0,0.0,0.0,0.0,0.432513,0.175
85.86792764,0.42933963820000004,0.004783436190476191,178,0,0.0,0.0,0.0,0.0,0.0,0.38960099,0.269999995
85.86792764,0.34347171056000003,0.004783436190476191,178,0,0.0,0.0,0.0,0.0,0.0,0.294581,0.80000001
85.86792764,0.31802936162962964,0.004783436190476191,178,0,0.0,0.0,0.0,0.0,0.0,0.26617,1.2850000000000001
85.86792764,0.30667117014285716,0.004783436190476191,178,0,0.0,0.0,0.0,0.0,0.0,0.25300899,1.62
85.86792764,0.2960963022068966,0.004783436190476191,178,0,0.0,0.0,0.0,0.0,0.0,0.241055,2.035
85.86792764,0.28622642546666666,0.004783436190476191,178,0,0.0,0.0,0.0,0.0,0.0,0.229844,2.535
85.86792764,0.24533693611428573,0.0050448609890109885,360,1,0.0,0.0,0.0,0.0,0.0,0.218541,0.625
85.86792764,0.21466981910000002,0.0050448609890109885,360,1,0.0,0.0,0.0,0.0,0.0,0.205603,0.13500000499999998
85.86792764,0.34347171056000003,0.0050448609890109885,360,0,0.0,0.0,0.0,0.0,0.0,0.29371199,1.6749999999999998
85.7796467,0.2957918851724138,0.00461497,177,1,0.0,0.0,0.0,0.0,0.0,0.238379,1.815
85.7796467,0.2767085377419355,0.00461497,177,1,0.0,0.0,0.0,0.0,0.0,0.21799999,0.9099999999999999
85.7796467,0.2680613959375,0.00461497,177,1,0.0,0.0,0.0,0.0,0.0,0.207909,0.59
85.7796467,0.3574151945833333,0.00461497,177,0,0.0,0.0,0.0,0.0,0.0,0.309609,0.6349999900000001
85.7796467,0.3431185868,0.00461497,177,0,0.0,0.0,0.0,0.0,0.0,0.29476699,0.81
85.7796467,0.32992171807692305,0.00461497,177,0,0.0,0.0,0.0,0.0,0.0,0.27971199,1.025
85.7796467,0.3063558810714286,0.00461497,177,0,0.0,0.0,0.0,0.0,0.0,0.25302601,1.6400000000000001
91.6650427,0.316086354137931,0.0026229414285714285,32,1,0.0,0.0,0.0,0.0,0.0,0.26875001,2.2949999500000002
91.6650427,0.29569368612903224,0.0026229414285714285,32,1,0.0,0.0,0.0,0.0,0.0,0.21999,0.784999995
91.6650427,0.2864532584375,0.0026229414285714285,32,1,0.0,0.0,0.0,0.0,0.0,0.203484,0.33999999999999997
91.6650427,0.30555014233333333,0.0026229414285714285,32,0,0.0,0.0,0.0,0.0,0.0,0.23241501,0.45499999999999996
91.6650427,0.29569368612903224,0.0026229414285714285,32,0,0.0,0.0,0.0,0.0,0.0,0.214653,0.824999985
91.6650427,0.2864532584375,0.0026229414285714285,32,0,0.0,0.0,0.0,0.0,0.0,0.201996,1.40999995
90.95879518,0.3248528399285714,0.0025690766666666663,31,1,0.0,0.0,0.0,0.0,0.0,0.31448901,3.02
90.95879518,0.3031959839333333,0.0025690766666666663,31,1,0.0,0.0,0.0,0.0,0.0,0.248703,1.3050000499999999
90.95879518,0.29341546832258064,0.0025690766666666663,31,1,0.0,0.0,0.0,0.0,0.0,0.227842,0.685000005
90.95879518,0.31365101786206895,0.0025690766666666663,31,0,0.0,0.0,0.0,0.0,0.0,0.26113099,0.29999999499999996
90.95879518,0.29341546832258064,0.0025690766666666663,31,0,0.0,0.0,0.0,0.0,0.0,0.220883,0.955000015
90.95879518,0.2842462349375,0.0025690766666666663,31,0,0.0,0.0,0.0,0.0,0.0,0.210116,1.59000005
91.60618874,0.30535396246666663,0.002526482,30,1,0.0,0.0,0.0,0.0,0.0,0.2482,1.435
91.60618874,0.2955038346451613,0.002526482,30,1,0.0,0.0,0.0,0.0,0.0,0.22529601,0.764999985
91.60618874,0.28626933981249997,0.002526482,30,1,0.0,0.0,0.0,0.0,0.0,0.205878,0.32000000500000003
91.60618874,0.2775945113333333,0.002526482,30,1,0.0,0.0,0.0,0.0,0.0,0.191966,0.100000002
91.60618874,0.41639176699999997,0.002526482,30,0,0.0,0.0,0.0,0.0,0.0,0.55740798,0.0249999994
91.60618874,0.2955038346451613,0.002526482,30,0,0.0,0.0,0.0,0.0,0.0,0.21743301,0.81999999
92.37129022,0.2979719039354839,0.00248891,29,1,0.0,0.0,0.0,0.0,0.0,0.21003801,0.844999995
92.37129022,0.28866028193750004,0.00248891,29,1,0.0,0.0,0.0,0.0,0.0,0.189165,0.33999999999999997
92.37129022,0.2799130006666667,0.00248891,29,1,0.0,0.0,0.0,0.0,0.0,0.17657,0.100000002
92.37129022,0.31852169041379313,0.00248891,29,0,0.0,0.0,0.0,0.0,0.0,0.24569,0.160000005
92.37129022,0.30790430073333336,0.00248891,29,0,0.0,0.0,0.0,0.0,0.0,0.22312599,0.32000000500000003
92.37129022,0.2979719039354839,0.00248891,29,0,0.0,0.0,0.0,0.0,0.0,0.20219401,0.625
97.16972204999999,0.30365538140625,0.0025465846428571427,32,1,0.0,0.0,0.0,0.0,0.0,0.17906,1.1549999999999998
97.16972204999999,0.2944537031818181,0.0025465846428571427,32,1,0.0,0.0,0.0,0.0,0.0,0.166549,0.55000001
97.16972204999999,0.2857933001470588,0.0025465846428571427,32,1,0.0,0.0,0.0,0.0,0.0,0.155405,0.190000005
97.16972204999999,0.3470347216071428,0.0025465846428571427,32,0,0.0,0.0,0.0,0.0,0.0,0.27602801,0.0249999995
97.16972204999999,0.32389907349999997,0.0025465846428571427,32,0,0.0,0.0,0.0,0.0,0.0,0.226463,0.089999999
97.16972204999999,0.31345071629032256,0.0025465846428571427,32,0,0.0,0.0,0.0,0.0,0.0,0.198937,0.170000005
97.16972204999999,0.30365538140625,0.0025465846428571427,32,0,0.0,0.0,0.0,0.0,0.0,0.18063,0.36500000499999996
97.16972204999999,0.2944537031818181,0.0025465846428571427,32,0,0.0,0.0,0.0,0.0,0.0,0.165364,0.75
96.51777514999999,0.30161804734375,0.002533232142857143,31,1,0.0,0.0,0.0,0.0,0.0,0.17921899,1.000000005
96.51777514999999,0.2924781065151515,0.002533232142857143,31,1,0.0,0.0,0.0,0.0,0.0,0.165043,0.44
96.51777514999999,0.28387580926470585,0.002533232142857143,31,1,0.0,0.0,0.0,0.0,0.0,0.155608,0.14000000499999998
96.51777514999999,0.32172591716666665,0.002533232142857143,31,0,0.0,0.0,0.0,0.0,0.0,0.21739601,0.089999999
96.51777514999999,0.31134766177419354,0.002533232142857143,31,0,0.0,0.0,0.0,0.0,0.0,0.192828,0.185000005
96.51777514999999,0.30161804734375,0.002533232142857143,31,0,0.0,0.0,0.0,0.0,0.0,0.172621,0.399999995
96.51777514999999,0.2924781065151515,0.002533232142857143,31,0,0.0,0.0,0.0,0.0,0.0,0.158672,0.84
95.8361943,0.30914901387096777,0.0025186110714285714,30,1,0.0,0.0,0.0,0.0,0.0,0.19378699,1.57
95.8361943,0.2994881071875,0.0025186110714285714,30,1,0.0,0.0,0.0,0.0,0.0,0.17468999,0.82999998
95.8361943,0.29041271,0.0025186110714285714,30,1,0.0,0.0,0.0,0.0,0.0,0.160987,0.329999995
95.8361943,0.28187115970588233,0.0025186110714285714,30,1,0.0,0.0,0.0,0.0,0.0,0.156663,0.100000002
96.33997145,0.38535988579999997,0.00249505,29,0,0.0,0.0,0.0,0.0,0.0,0.418001,0.0149999999
96.33997145,0.30106241078124996,0.00249505,29,0,0.0,0.0,0.0,0.0,0.0,0.169201,0.390000005
96.22143564999999,0.38488574259999997,0.00462459380952381,187,1,0.0,0.0,0.0,0.0,0.0,0.32024401,7.70000005
96.22143564999999,0.27491838757142856,0.00462459380952381,187,1,0.0,0.0,0.0,0.0,0.0,0.20390099,0.83000001
97.4364276,0.30448883625,0.0025216997142857144,32,1,0.0,0.0,0.0,0.0,0.0,0.232785,1.4
97.4364276,0.29526190181818185,0.0025216997142857144,32,1,0.0,0.0,0.0,0.0,0.0,0.21556,0.78
97.4364276,0.3897457104,0.004519478095238096,186,1,0.0,0.0,0.0,0.0,0.0,0.313546,8.0500002
97.73276709999999,0.3257758903333333,0.0025063922857142856,31,1,0.0,0.0,0.0,0.0,0.0,0.29734999,3.1750000500000004
97.73276709999999,0.3054148971875,0.0025063922857142856,31,1,0.0,0.0,0.0,0.0,0.0,0.240328,1.4849999999999999
97.73276709999999,0.2961599003030303,0.0025063922857142856,31,1,0.0,0.0,0.0,0.0,0.0,0.220737,0.84
97.73276709999999,0.287449315,0.0025063922857142856,31,1,0.0,0.0,0.0,0.0,0.0,0.207416,0.399999995
97.73276709999999,0.3152669906451613,0.0025063922857142856,31,0,0.0,0.0,0.0,0.0,0.0,0.25958499,0.28
97.73276709999999,0.3054148971875,0.0025063922857142856,31,0,0.0,0.0,0.0,0.0,0.0,0.234982,0.48000000499999995
97.73276709999999,0.3257758903333333,0.0045557614285714285,185,0,0.0,0.0,0.0,0.0,0.0,0.25339499,1.1949999500000001
97.22898995,0.30384059359375,0.0024923954285714285,30,1,0.0,0.0,0.0,0.0,0.0,0.23583899,1.33500005
97.22898995,0.29463330287878786,0.0024923954285714285,30,1,0.0,0.0,0.0,0.0,0.0,0.214901,0.715000005
97.22898995,0.2859676175,0.0024923954285714285,30,1,0.0,0.0,0.0,0.0,0.0,0.20298401,0.32000000500000003
97.22898995,0.32409663316666665,0.0024923954285714285,30,0,0.0,0.0,0.0,0.0,0.0,0.286111,0.18
97.22898995,0.30384059359375,0.0024923954285714285,30,0,0.0,0.0,0.0,0.0,0.0,0.233092,0.5199999799999999
97.22898995,0.29463330287878786,0.0024923954285714285,30,0,0.0,0.0,0.0,0.0,0.0,0.215037,0.91
97.22898995,0.30384059359375,0.0041175325,93,1,0.0,0.0,0.0,0.0,0.0,0.211448,1.72
97.22898995,0.2859676175,0.0041175325,93,1,0.0,0.0,0.0,0.0,0.0,0.191214,0.705000015
97.22898995,0.2777971141428571,0.0041175325,93,1,0.0,0.0,0.0,0.0,0.0,0.18277501,0.395
97.22898995,0.30384059359375,0.0041175325,93,0,0.0,0.0,0.0,0.0,0.0,0.214338,1.115
97.22898995,0.2777971141428571,0.00461937761904762,184,1,0.0,0.0,0.0,0.0,0.0,0.201805,0.905000005
96.75484674999998,0.29319650530303026,0.002477279142857143,29,1,0.0,0.0,0.0,0.0,0.0,0.205994,0.594999995
96.75484674999998,0.2845730786764705,0.002477279142857143,29,1,0.0,0.0,0.0,0.0,0.0,0.19364101,0.24
96.75484674999998,0.33363740258620683,0.002477279142857143,29,0,0.0,0.0,0.0,0.0,0.0,0.314385,0.115
96.75484674999998,0.3121124088709677,0.002477279142857143,29,0,0.0,0.0,0.0,0.0,0.0,0.248999,0.29999999499999996
96.75484674999998,0.30235889609374994,0.002477279142857143,29,0,0.0,0.0,0.0,0.0,0.0,0.22614799,0.53999999
96.75484674999998,0.30235889609374994,0.004132741785714286,92,1,0.0,0.0,0.0,0.0,0.0,0.205521,1.57499995
96.75484674999998,0.2845730786764705,0.004132741785714286,92,1,0.0,0.0,0.0,0.0,0.0,0.18431,0.59999999
96.75484674999998,0.3121124088709677,0.004636907619047619,183,1,0.0,0.0,0.0,0.0,0.0,0.23246799,2.80499995
96.1918017,0.31029613451612903,0.004194734285714286,89,1,0.0,0.0,0.0,0.0,0.0,0.224786,2.1450001
96.1918017,0.3316958679310345,0.004194734285714286,89,0,0.0,0.0,0.0,0.0,0.0,0.26466599,0.47
96.1918017,0.320639339,0.004194734285714286,89,0,0.0,0.0,0.0,0.0,0.0,0.245489,0.63999999
96.1918017,0.31029613451612903,0.004194734285714286,89,0,0.0,0.0,0.0,0.0,0.0,0.227533,0.8799999949999999
96.1918017,0.3316958679310345,0.004709575238095238,180,1,0.0,0.0,0.0,0.0,0.0,0.25871,4.14999985
96.1918017,0.320639339,0.004709575238095238,180,1,0.0,0.0,0.0,0.0,0.0,0.248028,3.3999999499999998
96.1918017,0.3005993803125,0.004709575238095238,180,1,0.0,0.0,0.0,0.0,0.0,0.22479001,2.0749999
96.1918017,0.34354214892857143,0.004709575238095238,180,0,0.0,0.0,0.0,0.0,0.0,0.27619001,0.8350000049999999
96.1918017,0.3316958679310345,0.004709575238095238,180,0,0.0,0.0,0.0,0.0,0.0,0.26180199,1.0350000000000001
96.1918017,0.3005993803125,0.004709575238095238,180,0,0.0,0.0,0.0,0.0,0.0,0.225943,2.005
96.1918017,0.2914903081818182,0.004709575238095238,180,0,0.0,0.0,0.0,0.0,0.0,0.216215,2.485
97.22898995,0.3136419030645161,0.004705667142857143,179,1,0.0,0.0,0.0,0.0,0.0,0.233318,2.89
97.22898995,0.30384059359375,0.004705667142857143,179,1,0.0,0.0,0.0,0.0,0.0,0.22379901,2.255
97.22898995,0.2700805276388889,0.004705667142857143,179,1,0.0,0.0,0.0,0.0,0.0,0.187622,0.5399999900000001
97.22898995,0.34724639267857144,0.004705667142857143,179,0,0.0,0.0,0.0,0.0,0.0,0.27535701,0.754999995
97.22898995,0.30384059359375,0.004705667142857143,179,0,0.0,0.0,0.0,0.0,0.0,0.22415601,1.82999995
97.22898995,0.29463330287878786,0.004705667142857143,179,0,0.0,0.0,0.0,0.0,0.0,0.214711,2.28499995
98.65141954999999,0.3946056781999999,0.004583340952380953,178,1,0.0,0.0,0.0,0.0,0.0,0.30971801,8.4000001
98.65141954999999,0.30828568609374996,0.004583340952380953,178,1,0.0,0.0,0.0,0.0,0.0,0.224834,2.5449999500000002
98.65141954999999,0.30828568609374996,0.004583340952380953,178,0,0.0,0.0,0.0,0.0,0.0,0.225178,1.63
100.5183584,0.2871953097142857,0.004603216666666667,177,1,0.0,0.0,0.0,0.0,0.0,0.19559699,1.225
100.5183584,0.4020734336,0.004603216666666667,177,0,0.0,0.0,0.0,0.0,0.0,0.32579699,0.30499999
100.69616209999998,0.3051398851515151,0.00245648,32,1,0.0,0.0,0.0,0.0,0.0,0.23835,1.41500005
100.69616209999998,0.29616518264705877,0.00245648,32,1,0.0,0.0,0.0,0.0,0.0,0.22428399,0.7999999799999999
100.69616209999998,0.2877033202857142,0.00245648,32,1,0.0,0.0,0.0,0.0,0.0,0.214489,0.390000005
100.69616209999998,0.3248263293548386,0.00245648,32,0,0.0,0.0,0.0,0.0,0.0,0.288414,0.235
100.69616209999998,0.3051398851515151,0.00245648,32,0,0.0,0.0,0.0,0.0,0.0,0.24268501,0.6349999900000001
100.69616209999998,0.29616518264705877,0.00245648,32,0,0.0,0.0,0.0,0.0,0.0,0.226018,1.04500005
100.69616209999998,0.2877033202857142,0.00245648,32,0,0.0,0.0,0.0,0.0,0.0,0.21352001,1.645
99.06629484999999,0.30020089348484846,0.00243057,31,1,0.0,0.0,0.0,0.0,0.0,0.24003001,1.07499995
99.06629484999999,0.29137145544117643,0.00243057,31,1,0.0,0.0,0.0,0.0,0.0,0.227135,0.564999995
99.06629484999999,0.2830465567142857,0.00243057,31,1,0.0,0.0,0.0,0.0,0.0,0.220282,0.260000005
99.06629484999999,0.26774674283783784,0.00243057,31,1,0.0,0.0,0.0,0.0,0.0,0.231289,0.05499999950000001
99.06629484999999,0.3195686930645161,0.00243057,31,0,0.0,0.0,0.0,0.0,0.0,0.28393599,0.29999999499999996
99.06629484999999,0.30020089348484846,0.00243057,31,0,0.0,0.0,0.0,0.0,0.0,0.23886199,0.814999995
99.06629484999999,0.29137145544117643,0.00243057,31,0,0.0,0.0,0.0,0.0,0.0,0.22479101,1.32499995
97.6734992,0.305229685,0.0024148441176470585,30,1,0.0,0.0,0.0,0.0,0.0,0.27784401,1.49
97.6734992,0.29598030060606056,0.0024148441176470585,30,1,0.0,0.0,0.0,0.0,0.0,0.26084501,0.8799999949999999
97.6734992,0.2872749976470588,0.0024148441176470585,30,1,0.0,0.0,0.0,0.0,0.0,0.246333,0.45000000500000004
97.6734992,0.27906714057142856,0.0024148441176470585,30,1,0.0,0.0,0.0,0.0,0.0,0.236755,0.19999999499999999
97.6734992,0.27131527555555557,0.0024148441176470585,30,1,0.0,0.0,0.0,0.0,0.0,0.23574699,0.08500000099999999
97.6734992,0.32557833066666664,0.0024148441176470585,30,0,0.0,0.0,0.0,0.0,0.0,0.33480701,0.29500000000000004
97.6734992,0.31507580387096773,0.0024148441176470585,30,0,0.0,0.0,0.0,0.0,0.0,0.30348301,0.44500001
97.6734992,0.305229685,0.0024148441176470585,30,0,0.0,0.0,0.0,0.0,0.0,0.27839801,0.69999999
97.6734992,0.29598030060606056,0.0024148441176470585,30,0,0.0,0.0,0.0,0.0,0.0,0.256143,1.0950000000000002
97.6734992,0.2872749976470588,0.0024148441176470585,30,0,0.0,0.0,0.0,0.0,0.0,0.24119499,1.68
97.05118624999999,0.3235039541666666,0.0023991182352941175,29,1,0.0,0.0,0.0,0.0,0.0,0.30065,2.875
97.05118624999999,0.30328495703124997,0.0023991182352941175,29,1,0.0,0.0,0.0,0.0,0.0,0.26751199,1.28999995
97.05118624999999,0.29409450378787877,0.0023991182352941175,29,1,0.0,0.0,0.0,0.0,0.0,0.25175801,0.72
97.05118624999999,0.2854446654411764,0.0023991182352941175,29,1,0.0,0.0,0.0,0.0,0.0,0.242752,0.355
97.05118624999999,0.27728910357142855,0.0023991182352941175,29,1,0.0,0.0,0.0,0.0,0.0,0.24001899,0.160000005
97.05118624999999,0.26230050337837835,0.0023991182352941175,29,1,0.0,0.0,0.0,0.0,0.0,0.26652399,0.044999999
97.05118624999999,0.31306834274193546,0.0023991182352941175,29,0,0.0,0.0,0.0,0.0,0.0,0.29937899,0.48000000499999995
97.05118624999999,0.30328495703124997,0.0023991182352941175,29,0,0.0,0.0,0.0,0.0,0.0,0.27517399,0.764999985
97.05118624999999,0.29409450378787877,0.0023991182352941175,29,0,0.0,0.0,0.0,0.0,0.0,0.25461099,1.20500005
102.75580640000001,0.30222296000000004,0.0025741342857142856,32,1,0.0,0.0,0.0,0.0,0.0,0.20090801,1.06
102.75580640000001,0.2935880182857143,0.0025741342857142856,32,1,0.0,0.0,0.0,0.0,0.0,0.18058699,0.5
102.75580640000001,0.28543279555555556,0.0025741342857142856,32,1,0.0,0.0,0.0,0.0,0.0,0.163726,0.170000005
102.75580640000001,0.38057706074074077,0.0025741342857142856,32,0,0.0,0.0,0.0,0.0,0.0,0.44444701,0.049999999
102.75580640000001,0.3314703432258065,0.0025741342857142856,32,0,0.0,0.0,0.0,0.0,0.0,0.285716,0.14000000499999998
102.75580640000001,0.30222296000000004,0.0025741342857142856,32,0,0.0,0.0,0.0,0.0,0.0,0.200994,0.6049999850000001
102.75580640000001,0.2935880182857143,0.0025741342857142856,32,0,0.0,0.0,0.0,0.0,0.0,0.180674,1.04500005
103.44183936,0.31346011927272727,0.0025703960714285714,31,1,0.0,0.0,0.0,0.0,0.0,0.22853699,1.96
103.44183936,0.30424070400000003,0.0025703960714285714,31,1,0.0,0.0,0.0,0.0,0.0,0.19774,1.1600000000000001
103.44183936,0.29554811245714285,0.0025703960714285714,31,1,0.0,0.0,0.0,0.0,0.0,0.18149801,0.574999985
103.44183936,0.27957253881081084,0.0025703960714285714,31,1,0.0,0.0,0.0,0.0,0.0,0.162857,0.0649999995
103.44183936,0.323255748,0.0025703960714285714,31,0,0.0,0.0,0.0,0.0,0.0,0.25524399,0.18
103.44183936,0.30424070400000003,0.0025703960714285714,31,0,0.0,0.0,0.0,0.0,0.0,0.201617,0.52000001
101.413568,0.2982752,0.002563864642857143,30,1,0.0,0.0,0.0,0.0,0.0,0.205066,0.794999985
101.413568,0.28975305142857144,0.002563864642857143,30,1,0.0,0.0,0.0,0.0,0.0,0.189459,0.350000005
101.413568,0.3073138424242424,0.002563864642857143,30,0,0.0,0.0,0.0,0.0,0.0,0.22818799,0.46499999000000003
101.413568,0.2982752,0.002563864642857143,30,0,0.0,0.0,0.0,0.0,0.0,0.203897,0.794999985
101.65218816,0.3080369338181818,0.002536592857142857,29,1,0.0,0.0,0.0,0.0,0.0,0.229505,1.5150000000000001
101.65218816,0.298977024,0.002536592857142857,29,1,0.0,0.0,0.0,0.0,0.0,0.20140301,0.814999995
101.65218816,0.3080369338181818,0.002536592857142857,29,0,0.0,0.0,0.0,0.0,0.0,0.220902,0.399999995
101.65218816,0.298977024,0.002536592857142857,29,0,0.0,0.0,0.0,0.0,0.0,0.193966,0.7000000200000001
100.30994976000001,0.3039695447272728,0.0039042328571428577,187,1,0.0,0.0,0.0,0.0,0.0,0.237389,2.37
100.30994976000001,0.34589637848275867,0.0039042328571428577,187,0,0.0,0.0,0.0,0.0,0.0,0.283288,0.955000015
100.30994976000001,0.32358048309677423,0.0039042328571428577,187,0,0.0,0.0,0.0,0.0,0.0,0.26118699,1.46000005
100.30994976000001,0.3039695447272728,0.0039042328571428577,187,0,0.0,0.0,0.0,0.0,0.0,0.237652,2.1600001
101.44339552,0.29836292799999997,0.0025548442857142857,32,1,0.0,0.0,0.0,0.0,0.0,0.21780901,0.84999999
101.44339552,0.2898382729142857,0.0025548442857142857,32,1,0.0,0.0,0.0,0.0,0.0,0.201574,0.399999995
101.44339552,0.28178720977777777,0.0025548442857142857,32,1,0.0,0.0,0.0,0.0,0.0,0.189735,0.15000000000000002
101.44339552,0.2741713392432432,0.0025548442857142857,32,1,0.0,0.0,0.0,0.0,0.0,0.178013,0.04
101.44339552,0.29836292799999997,0.0025548442857142857,32,0,0.0,0.0,0.0,0.0,0.0,0.21099301,0.875
101.44339552,0.30740422884848484,0.003928745714285714,186,1,0.0,0.0,0.0,0.0,0.0,0.229019,2.505
101.44339552,0.28178720977777777,0.003928745714285714,186,1,0.0,0.0,0.0,0.0,0.0,0.204073,1.03999995
101.44339552,0.533912608,0.003928745714285714,186,0,0.0,0.0,0.0,0.0,0.0,0.43305001,0.099999999
101.44339552,0.32723675974193545,0.003928745714285714,186,0,0.0,0.0,0.0,0.0,0.0,0.25520399,1.28499995
102.09960095999999,0.30029294399999995,0.0025416971428571427,31,1,0.0,0.0,0.0,0.0,0.0,0.217169,0.985000015
102.09960095999999,0.34033200319999996,0.0025416971428571427,31,0,0.0,0.0,0.0,0.0,0.0,0.31590101,0.100000002
102.09960095999999,0.3093927301818182,0.0025416971428571427,31,0,0.0,0.0,0.0,0.0,0.0,0.235246,0.42999999499999997
102.09960095999999,0.30029294399999995,0.0025416971428571427,31,0,0.0,0.0,0.0,0.0,0.0,0.216426,0.745000005
102.09960095999999,0.3093927301818182,0.003925409523809524,185,1,0.0,0.0,0.0,0.0,0.0,0.231545,2.6650001
102.09960095999999,0.3093927301818182,0.003925409523809524,185,0,0.0,0.0,0.0,0.0,0.0,0.23321301,1.83499995
103.53132192000001,0.3451044064,0.002526166285714286,30,1,0.0,0.0,0.0,0.0,0.0,0.35304201,4.82500005
103.53132192000001,0.3137312785454546,0.002526166285714286,30,1,0.0,0.0,0.0,0.0,0.0,0.24374101,2.0399999500000003
103.53132192000001,0.2958037769142857,0.002526166285714286,30,1,0.0,0.0,0.0,0.0,0.0,0.19779301,0.655000005
103.53132192000001,0.28758700533333337,0.002526166285714286,30,1,0.0,0.0,0.0,0.0,0.0,0.18498001,0.27499998999999997
103.53132192000001,0.2798143835675676,0.002526166285714286,30,1,0.0,0.0,0.0,0.0,0.0,0.17645299,0.089999999
103.53132192000001,0.30450388800000006,0.002526166285714286,30,0,0.0,0.0,0.0,0.0,0.0,0.215216,0.534999995
103.53132192000001,0.323535381,0.003622097142857143,93,1,0.0,0.0,0.0,0.0,0.0,0.22257701,3.125
103.53132192000001,0.3137312785454546,0.003622097142857143,93,1,0.0,0.0,0.0,0.0,0.0,0.206175,2.3199999499999997
103.53132192000001,0.2958037769142857,0.003622097142857143,93,1,0.0,0.0,0.0,0.0,0.0,0.181823,1.05000005
103.53132192000001,0.28758700533333337,0.003622097142857143,93,1,0.0,0.0,0.0,0.0,0.0,0.173667,0.6299999949999999
103.53132192000001,0.2798143835675676,0.003622097142857143,93,1,0.0,0.0,0.0,0.0,0.0,0.166905,0.34500001
103.53132192000001,0.27245084715789475,0.003622097142857143,93,1,0.0,0.0,0.0,0.0,0.0,0.161083,0.170000005
103.53132192000001,0.33397200619354844,0.003622097142857143,93,0,0.0,0.0,0.0,0.0,0.0,0.239191,0.40499999
103.53132192000001,0.323535381,0.003622097142857143,93,0,0.0,0.0,0.0,0.0,0.0,0.222756,0.56
103.53132192000001,0.3137312785454546,0.003622097142857143,93,0,0.0,0.0,0.0,0.0,0.0,0.207959,0.784999995
103.53132192000001,0.30450388800000006,0.003622097142857143,93,0,0.0,0.0,0.0,0.0,0.0,0.19412901,1.1
103.53132192000001,0.2958037769142857,0.003622097142857143,93,0,0.0,0.0,0.0,0.0,0.0,0.182037,1.5350000000000001
103.53132192000001,0.3137312785454546,0.0038028466666666667,184,1,0.0,0.0,0.0,0.0,0.0,0.221816,2.88
103.53132192000001,0.30450388800000006,0.0038028466666666667,184,1,0.0,0.0,0.0,0.0,0.0,0.214467,2.2649999999999997
103.53132192000001,0.2958037769142857,0.0038028466666666667,184,1,0.0,0.0,0.0,0.0,0.0,0.204319,1.7
103.53132192000001,0.2525154193170732,0.0038028466666666667,184,1,0.0,0.0,0.0,0.0,0.0,0.17296,0.15000000000000002
103.53132192000001,0.3451044064,0.0038028466666666667,184,0,0.0,0.0,0.0,0.0,0.0,0.26293901,0.83000001
103.53132192000001,0.3137312785454546,0.0038028466666666667,184,0,0.0,0.0,0.0,0.0,0.0,0.224749,1.5550000000000002
103.53132192000001,0.2958037769142857,0.0038028466666666667,184,0,0.0,0.0,0.0,0.0,0.0,0.20516101,2.385
103.53132192000001,0.28758700533333337,0.0038028466666666667,184,0,0.0,0.0,0.0,0.0,0.0,0.196449,2.92500005
102.63649631999999,0.301872048,0.0025141888571428572,29,1,0.0,0.0,0.0,0.0,0.0,0.202471,0.985000015
102.63649631999999,0.2932471323428571,0.0025141888571428572,29,1,0.0,0.0,0.0,0.0,0.0,0.187906,0.46499999000000003
102.63649631999999,0.27739593599999995,0.0025141888571428572,29,1,0.0,0.0,0.0,0.0,0.0,0.18365701,0.0649999995
102.63649631999999,0.39475575507692306,0.0025141888571428572,29,0,0.0,0.0,0.0,0.0,0.0,0.494717,0.034999999000000004
102.63649631999999,0.331085472,0.0025141888571428572,29,0,0.0,0.0,0.0,0.0,0.0,0.28033999,0.11499999999999999
102.63649631999999,0.331085472,0.003666499142857143,92,1,0.0,0.0,0.0,0.0,0.0,0.223263,3.6499999499999998
102.63649631999999,0.3110196858181818,0.003666499142857143,92,1,0.0,0.0,0.0,0.0,0.0,0.19723301,2.03499995
102.63649631999999,0.301872048,0.003666499142857143,92,1,0.0,0.0,0.0,0.0,0.0,0.187047,1.385
102.63649631999999,0.2932471323428571,0.003666499142857143,92,1,0.0,0.0,0.0,0.0,0.0,0.177149,0.8650000099999999
102.63649631999999,0.2851013786666666,0.003666499142857143,92,1,0.0,0.0,0.0,0.0,0.0,0.16937999,0.49499998999999995
102.63649631999999,0.320739051,0.003666499142857143,92,0,0.0,0.0,0.0,0.0,0.0,0.215317,0.594999995
102.63649631999999,0.3110196858181818,0.003666499142857143,92,0,0.0,0.0,0.0,0.0,0.0,0.20175,0.84999999
102.63649631999999,0.301872048,0.003666499142857143,92,0,0.0,0.0,0.0,0.0,0.0,0.189695,1.21
102.63649631999999,0.2932471323428571,0.003666499142857143,92,0,0.0,0.0,0.0,0.0,0.0,0.177267,1.685
102.63649631999999,0.3110196858181818,0.0038519899999999996,183,1,0.0,0.0,0.0,0.0,0.0,0.22397,2.69500005
102.63649631999999,0.301872048,0.0038519899999999996,183,1,0.0,0.0,0.0,0.0,0.0,0.214871,2.0899999
102.63649631999999,0.2932471323428571,0.0038519899999999996,183,1,0.0,0.0,0.0,0.0,0.0,0.207435,1.57499995
102.63649631999999,0.2851013786666666,0.0038519899999999996,183,1,0.0,0.0,0.0,0.0,0.0,0.199613,1.14
102.63649631999999,0.2700960429473684,0.0038519899999999996,183,1,0.0,0.0,0.0,0.0,0.0,0.18793599,0.5399999900000001
102.63649631999999,0.25659124079999995,0.0038519899999999996,183,1,0.0,0.0,0.0,0.0,0.0,0.18126599,0.229999995
102.63649631999999,0.2503329178536585,0.0038519899999999996,183,1,0.0,0.0,0.0,0.0,0.0,0.177709,0.14000000499999998
102.63649631999999,0.5401920858947368,0.0038519899999999996,183,0,0.0,0.0,0.0,0.0,0.0,0.440211,0.095
102.63649631999999,0.3665589154285714,0.0038519899999999996,183,0,0.0,0.0,0.0,0.0,0.0,0.29059401,0.5900000000000001
102.63649631999999,0.3539189528275862,0.0038519899999999996,183,0,0.0,0.0,0.0,0.0,0.0,0.27563399,0.72
102.63649631999999,0.3421216544,0.0038519899999999996,183,0,0.0,0.0,0.0,0.0,0.0,0.263136,0.8950000149999999
102.63649631999999,0.331085472,0.0038519899999999996,183,0,0.0,0.0,0.0,0.0,0.0,0.252745,1.125
102.63649631999999,0.320739051,0.0038519899999999996,183,0,0.0,0.0,0.0,0.0,0.0,0.23964,1.38
102.63649631999999,0.2851013786666666,0.0038519899999999996,183,0,0.0,0.0,0.0,0.0,0.0,0.200075,3.1499999499999998
101.8609808,0.3086696387878788,0.003724465714285714,89,1,0.0,0.0,0.0,0.0,0.0,0.211631,1.9449999500000001
101.8609808,0.29959112,0.003724465714285714,89,1,0.0,0.0,0.0,0.0,0.0,0.199802,1.32499995
101.8609808,0.29103137371428567,0.003724465714285714,89,1,0.0,0.0,0.0,0.0,0.0,0.18814801,0.824999985
101.8609808,0.2829471688888889,0.003724465714285714,89,1,0.0,0.0,0.0,0.0,0.0,0.17883401,0.47
101.8609808,0.33953660266666663,0.003724465714285714,89,0,0.0,0.0,0.0,0.0,0.0,0.26507601,0.385000005
101.8609808,0.32858380903225803,0.003724465714285714,89,0,0.0,0.0,0.0,0.0,0.0,0.24554799,0.514999985
101.8609808,0.31831556499999997,0.003724465714285714,89,0,0.0,0.0,0.0,0.0,0.0,0.228194,0.705000015
101.8609808,0.3086696387878788,0.003724465714285714,89,0,0.0,0.0,0.0,0.0,0.0,0.21399599,0.985000015
101.8609808,0.29959112,0.003724465714285714,89,0,0.0,0.0,0.0,0.0,0.0,0.20118199,1.37
101.8609808,0.32858380903225803,0.00393588,180,1,0.0,0.0,0.0,0.0,0.0,0.25628701,4.02499995
101.8609808,0.31831556499999997,0.00393588,180,1,0.0,0.0,0.0,0.0,0.0,0.24571399,3.29999995
101.8609808,0.29959112,0.00393588,180,1,0.0,0.0,0.0,0.0,0.0,0.22402,2.03499995
101.8609808,0.29103137371428567,0.00393588,180,1,0.0,0.0,0.0,0.0,0.0,0.21549,1.52999995
101.8609808,0.2829471688888889,0.00393588,180,1,0.0,0.0,0.0,0.0,0.0,0.20738401,1.1099999999999999
101.8609808,0.31831556499999997,0.00393588,180,0,0.0,0.0,0.0,0.0,0.0,0.245911,1.495
101.8609808,0.3086696387878788,0.00393588,180,0,0.0,0.0,0.0,0.0,0.0,0.234782,1.8399999500000002
100.57839744,0.30478302254545453,0.003911069047619048,179,1,0.0,0.0,0.0,0.0,0.0,0.234594,2.365
100.57839744,0.295818816,0.003911069047619048,179,1,0.0,0.0,0.0,0.0,0.0,0.22599199,1.82
100.57839744,0.2873668498285714,0.003911069047619048,179,1,0.0,0.0,0.0,0.0,0.0,0.217797,1.355
100.57839744,0.27938443733333335,0.003911069047619048,179,1,0.0,0.0,0.0,0.0,0.0,0.208583,0.9600000099999999
100.57839744,0.32444644335483874,0.003911069047619048,179,0,0.0,0.0,0.0,0.0,0.0,0.258876,1.35
100.39943231999999,0.323869136516129,0.00389701619047619,178,1,0.0,0.0,0.0,0.0,0.0,0.25630301,3.625
100.39943231999999,0.304240704,0.00389701619047619,178,1,0.0,0.0,0.0,0.0,0.0,0.236726,2.3199999499999997
100.39943231999999,0.295292448,0.00389701619047619,178,1,0.0,0.0,0.0,0.0,0.0,0.22893099,1.79
100.39943231999999,0.2868555209142857,0.00389701619047619,178,1,0.0,0.0,0.0,0.0,0.0,0.22101299,1.335
100.39943231999999,0.323869136516129,0.00389701619047619,178,0,0.0,0.0,0.0,0.0,0.0,0.26070601,1.395
101.8609808,0.3086696387878788,0.0038458709523809527,177,1,0.0,0.0,0.0,0.0,0.0,0.234019,2.595
101.8609808,0.26805521263157894,0.0038458709523809527,177,1,0.0,0.0,0.0,0.0,0.0,0.19695,0.525000005
101.8609808,0.26118200205128206,0.0038458709523809527,177,1,0.0,0.0,0.0,0.0,0.0,0.190521,0.33499999
101.8609808,0.32858380903225803,0.0038458709523809527,177,0,0.0,0.0,0.0,0.0,0.0,0.25950101,1.2149999999999999
101.8609808,0.29959112,0.0038458709523809527,177,0,0.0,0.0,0.0,0.0,0.0,0.225618,2.26
114.090264,0.3083520648648649,0.002472148214285714,32,1,0.0,0.0,0.0,0.0,0.0,0.192238,1.48
114.090264,0.3002375368421053,0.002472148214285714,32,1,0.0,0.0,0.0,0.0,0.0,0.17771401,0.805000005
114.090264,0.28522566,0.002472148214285714,32,1,0.0,0.0,0.0,0.0,0.0,0.17460699,0.170000005
114.090264,0.3083520648648649,0.002472148214285714,32,0,0.0,0.0,0.0,0.0,0.0,0.18352699,0.41000000000000003
114.090264,0.3002375368421053,0.002472148214285714,32,0,0.0,0.0,0.0,0.0,0.0,0.167777,0.754999995
114.35871168000001,0.4084239702857143,0.002446807857142857,31,1,0.0,0.0,0.0,0.0,0.0,0.55416101,10.350000000000001
114.35871168000001,0.3009439781052632,0.002446807857142857,31,1,0.0,0.0,0.0,0.0,0.0,0.17332099,0.8400000000000001
114.35871168000001,0.2932274658461539,0.002446807857142857,31,1,0.0,0.0,0.0,0.0,0.0,0.16760799,0.395
114.35871168000001,0.2858967792,0.002446807857142857,31,1,0.0,0.0,0.0,0.0,0.0,0.16774701,0.16500000999999997
114.35871168000001,0.3009439781052632,0.002446807857142857,31,0,0.0,0.0,0.0,0.0,0.0,0.171084,0.694999995
112.47957792000001,0.40171277828571433,0.002415807142857143,30,1,0.0,0.0,0.0,0.0,0.0,-99.989998,9.6999998
112.47957792000001,0.2959988892631579,0.002415807142857143,30,1,0.0,0.0,0.0,0.0,0.0,0.173632,0.525000005
112.62871552,0.29639135663157895,0.00239875,29,1,0.0,0.0,0.0,0.0,0.0,0.168356,0.504999995
112.62871552,0.32179633005714287,0.00239875,29,0,0.0,0.0,0.0,0.0,0.0,0.223837,0.15500000000000003
112.62871552,0.3044019338378378,0.00239875,29,0,0.0,0.0,0.0,0.0,0.0,0.177808,0.5099999900000001
112.62871552,0.26192724539534884,0.00239875,29,0,0.0,0.0,0.0,0.0,0.0,0.25206101,5.5
119.59319366,0.39864397886666664,0.0022608237142857143,32,0,0.0,0.0,0.0,0.0,0.0,0.48587799,0.044999999
119.59319366,0.3232248477297297,0.0022608237142857143,32,0,0.0,0.0,0.0,0.0,0.0,0.221091,0.160000005
119.59319366,0.3066492145128205,0.0022608237142857143,32,0,0.0,0.0,0.0,0.0,0.0,0.186444,0.504999995
119.59319366,0.29898298415,0.0022608237142857143,32,0,0.0,0.0,0.0,0.0,0.0,0.17672101,0.905000005
118.54307781,0.32928632725,0.002250873142857143,31,1,0.0,0.0,0.0,0.0,0.0,0.275217,3.70000005
118.54307781,0.3119554679210526,0.002250873142857143,31,1,0.0,0.0,0.0,0.0,0.0,0.21222299,1.8999999500000002
118.54307781,0.296357694525,0.002250873142857143,31,1,0.0,0.0,0.0,0.0,0.0,0.181605,0.620000005
118.54307781,0.28912945807317075,0.002250873142857143,31,1,0.0,0.0,0.0,0.0,0.0,0.17572699,0.28500000999999997
119.62319697,0.30672614607692306,0.00222413,30,1,0.0,0.0,0.0,0.0,0.0,0.186175,1.35
119.62319697,0.2917638950487805,0.00222413,30,1,0.0,0.0,0.0,0.0,0.0,0.168988,0.34500001
119.62319697,0.33228665825,0.00222413,30,0,0.0,0.0,0.0,0.0,0.0,0.253952,0.099999999
121.30338233,0.48521352932,0.002211839428571429,29,1,0.0,0.0,0.0,0.0,0.0,0.795744,15.475000000000001
121.30338233,0.3567746539117647,0.002211839428571429,29,1,0.0,0.0,0.0,0.0,0.0,0.40145701,6.54999995
121.30338233,0.303258455825,0.002211839428571429,29,1,0.0,0.0,0.0,0.0,0.0,0.17525201,1.03
121.30338233,0.29586190812195123,0.002211839428571429,29,1,0.0,0.0,0.0,0.0,0.0,0.164538,0.504999995
121.30338233,0.2888175769761905,0.002211839428571429,29,1,0.0,0.0,0.0,0.0,0.0,0.162223,0.21500000000000002
121.30338233,0.48521352932,0.002211839428571429,29,0,0.0,0.0,0.0,0.0,0.0,0.69901103,0.0149999999
121.30338233,0.31921942718421054,0.002211839428571429,29,0,0.0,0.0,0.0,0.0,0.0,0.205819,0.165
121.30338233,0.29586190812195123,0.002211839428571429,29,0,0.0,0.0,0.0,0.0,0.0,0.16149899,1.0550000499999999
121.30338233,0.2888175769761905,0.002211839428571429,29,0,0.0,0.0,0.0,0.0,0.0,0.15802801,1.7650000000000001
123.37361072,0.3163425915897436,0.002911004761904762,187,1,0.0,0.0,0.0,0.0,0.0,0.210696,3.3999999499999998
123.37361072,0.3084340268,0.002911004761904762,187,1,0.0,0.0,0.0,0.0,0.0,0.203051,2.75
123.37361072,0.2937466921904762,0.002911004761904762,187,1,0.0,0.0,0.0,0.0,0.0,0.18865301,1.65999995
123.37361072,0.28691537376744186,0.002911004761904762,187,1,0.0,0.0,0.0,0.0,0.0,0.183276,1.245
123.37361072,0.3427044742222222,0.002911004761904762,187,0,0.0,0.0,0.0,0.0,0.0,0.240541,0.91999999
123.37361072,0.3009112456585366,0.002911004761904762,187,0,0.0,0.0,0.0,0.0,0.0,0.196979,2.45000005
124.27371002000001,0.2958897857619048,0.002179276,32,1,0.0,0.0,0.0,0.0,0.0,0.205779,0.75
124.27371002000001,0.2890086279534884,0.002179276,32,1,0.0,0.0,0.0,0.0,0.0,0.201262,0.405000005
124.27371002000001,0.3031066098048781,0.002179276,32,0,0.0,0.0,0.0,0.0,0.0,0.214056,0.844999995
124.27371002000001,0.2958897857619048,0.002179276,32,0,0.0,0.0,0.0,0.0,0.0,0.205862,1.33000005
124.27371002000001,0.34520475005555556,0.00279222,186,1,0.0,0.0,0.0,0.0,0.0,0.237341,5.95000005
124.27371002000001,0.31068427505,0.00279222,186,1,0.0,0.0,0.0,0.0,0.0,0.201896,2.9100001
124.27371002000001,0.3031066098048781,0.00279222,186,1,0.0,0.0,0.0,0.0,0.0,0.19473501,2.30999995
124.27371002000001,0.2958897857619048,0.00279222,186,1,0.0,0.0,0.0,0.0,0.0,0.187517,1.77499995
124.27371002000001,0.2890086279534884,0.00279222,186,1,0.0,0.0,0.0,0.0,0.0,0.182326,1.34000005
124.27371002000001,0.34520475005555556,0.00279222,186,0,0.0,0.0,0.0,0.0,0.0,0.240069,0.8499999899999999
124.27371002000001,0.3031066098048781,0.00279222,186,0,0.0,0.0,0.0,0.0,0.0,0.19471499,2.275
124.27371002000001,0.2958897857619048,0.00279222,186,0,0.0,0.0,0.0,0.0,0.0,0.18847901,2.7649999999999997
125.62385897,0.30639965602439023,0.00214559,31,1,0.0,0.0,0.0,0.0,0.0,0.21768001,1.54499995
125.62385897,0.29910442611904764,0.00214559,31,1,0.0,0.0,0.0,0.0,0.0,0.208225,0.9549999849999999
125.62385897,0.29214850923255814,0.00214559,31,1,0.0,0.0,0.0,0.0,0.0,0.20106199,0.53
125.62385897,0.28550877038636363,0.00214559,31,1,0.0,0.0,0.0,0.0,0.0,0.19828901,0.26999999500000005
127.87410722,0.4124971200645161,0.0021269541176470587,30,1,0.0,0.0,0.0,0.0,0.0,0.59529901,11.7
127.87410722,0.31968526804999997,0.0021269541176470587,30,1,0.0,0.0,0.0,0.0,0.0,0.249731,2.9300000500000003
127.87410722,0.3118880663902439,0.0021269541176470587,30,1,0.0,0.0,0.0,0.0,0.0,0.232668,2.1100000000000003
127.87410722,0.2973816446976744,0.0021269541176470587,30,1,0.0,0.0,0.0,0.0,0.0,0.21052399,0.8549999850000001
127.87410722,0.2906229709545455,0.0021269541176470587,30,1,0.0,0.0,0.0,0.0,0.0,0.204265,0.47
127.87410722,0.2841646827111111,0.0021269541176470587,30,1,0.0,0.0,0.0,0.0,0.0,0.200895,0.235
127.87410722,0.3365108084736842,0.0021269541176470587,30,0,0.0,0.0,0.0,0.0,0.0,0.288573,0.125
127.87410722,0.3278823262051282,0.0021269541176470587,30,0,0.0,0.0,0.0,0.0,0.0,0.260939,0.175
127.87410722,0.31968526804999997,0.0021269541176470587,30,0,0.0,0.0,0.0,0.0,0.0,0.240779,0.27499998999999997
127.87410722,0.30446216004761906,0.0021269541176470587,30,0,0.0,0.0,0.0,0.0,0.0,0.216776,0.764999985
127.87410722,0.2973816446976744,0.0021269541176470587,30,0,0.0,0.0,0.0,0.0,0.0,0.207864,1.2149999999999999
127.87410722,0.3874972946060606,0.002669765714285714,93,1,0.0,0.0,0.0,0.0,0.0,0.33809099,9.75
127.87410722,0.3761003153529412,0.002669765714285714,93,1,0.0,0.0,0.0,0.0,0.0,0.30648801,8.75
127.87410722,0.3552058533888889,0.002669765714285714,93,1,0.0,0.0,0.0,0.0,0.0,0.26234201,6.79999995
127.87410722,0.3278823262051282,0.002669765714285714,93,1,0.0,0.0,0.0,0.0,0.0,0.220882,4.07500005
127.87410722,0.3118880663902439,0.002669765714285714,93,1,0.0,0.0,0.0,0.0,0.0,0.200554,2.52
127.87410722,0.30446216004761906,0.002669765714285714,93,1,0.0,0.0,0.0,0.0,0.0,0.193803,1.885
127.87410722,0.2973816446976744,0.002669765714285714,93,1,0.0,0.0,0.0,0.0,0.0,0.18632901,1.34000005
127.87410722,0.2906229709545455,0.002669765714285714,93,1,0.0,0.0,0.0,0.0,0.0,0.180438,0.9099999999999999
127.87410722,0.2841646827111111,0.002669765714285714,93,1,0.0,0.0,0.0,0.0,0.0,0.17435201,0.57999998
127.87410722,0.2779871896086957,0.002669765714285714,93,1,0.0,0.0,0.0,0.0,0.0,0.16957299,0.350000005
127.87410722,0.3874972946060606,0.002669765714285714,93,0,0.0,0.0,0.0,0.0,0.0,0.31986901,0.15500000000000003
127.87410722,0.3552058533888889,0.002669765714285714,93,0,0.0,0.0,0.0,0.0,0.0,0.25346699,0.235
127.87410722,0.3365108084736842,0.002669765714285714,93,0,0.0,0.0,0.0,0.0,0.0,0.22674499,0.41000000000000003
127.87410722,0.3278823262051282,0.002669765714285714,93,0,0.0,0.0,0.0,0.0,0.0,0.21622901,0.56
127.87410722,0.31968526804999997,0.002669765714285714,93,0,0.0,0.0,0.0,0.0,0.0,0.20647299,0.764999985
127.87410722,0.3118880663902439,0.002669765714285714,93,0,0.0,0.0,0.0,0.0,0.0,0.196753,1.0350000000000001
127.87410722,0.30446216004761906,0.002669765714285714,93,0,0.0,0.0,0.0,0.0,0.0,0.18888199,1.4
127.87410722,0.2973816446976744,0.002669765714285714,93,0,0.0,0.0,0.0,0.0,0.0,0.181692,1.865
127.87410722,0.2906229709545455,0.002669765714285714,93,0,0.0,0.0,0.0,0.0,0.0,0.17358699,2.4250000500000004
127.87410722,0.2841646827111111,0.002669765714285714,93,0,0.0,0.0,0.0,0.0,0.0,0.166857,3.1000000500000002
127.87410722,0.31968526804999997,0.002836753333333333,184,1,0.0,0.0,0.0,0.0,0.0,0.20721699,3.75
127.87410722,0.30446216004761906,0.002836753333333333,184,1,0.0,0.0,0.0,0.0,0.0,0.191925,2.44000005
127.87410722,0.2973816446976744,0.002836753333333333,184,1,0.0,0.0,0.0,0.0,0.0,0.187051,1.915
127.87410722,0.2906229709545455,0.002836753333333333,184,1,0.0,0.0,0.0,0.0,0.0,0.18136901,1.45499995
127.87410722,0.2841646827111111,0.002836753333333333,184,1,0.0,0.0,0.0,0.0,0.0,0.176272,1.0750000000000002
127.87410722,0.26096756575510205,0.002836753333333333,184,1,0.0,0.0,0.0,0.0,0.0,0.163422,0.250000005
127.87410722,0.3365108084736842,0.002836753333333333,184,0,0.0,0.0,0.0,0.0,0.0,0.225815,0.9849999899999999
127.87410722,0.3118880663902439,0.002836753333333333,184,0,0.0,0.0,0.0,0.0,0.0,0.20036501,1.8
127.87410722,0.30446216004761906,0.002836753333333333,184,0,0.0,0.0,0.0,0.0,0.0,0.192763,2.19000005
126.04390531,0.4201463510333333,0.0021181482352941173,29,1,0.0,0.0,0.0,0.0,0.0,0.57816398,12.05
126.04390531,0.4065932429354839,0.0021181482352941173,29,1,0.0,0.0,0.0,0.0,0.0,0.63252902,11.125
126.04390531,0.3819512282121212,0.0021181482352941173,29,1,0.0,0.0,0.0,0.0,0.0,0.52235198,9.125
126.04390531,0.315109763275,0.0021181482352941173,29,1,0.0,0.0,0.0,0.0,0.0,0.2429,2.4
126.04390531,0.3074241592926829,0.0021181482352941173,29,1,0.0,0.0,0.0,0.0,0.0,0.22353099,1.625
126.04390531,0.30010453645238094,0.0021181482352941173,29,1,0.0,0.0,0.0,0.0,0.0,0.212771,1.010000005
126.04390531,0.2931253611860465,0.0021181482352941173,29,1,0.0,0.0,0.0,0.0,0.0,0.20537999,0.564999995
126.04390531,0.2800975673555556,0.0021181482352941173,29,1,0.0,0.0,0.0,0.0,0.0,0.20336901,0.14000000499999998
126.04390531,0.27400848980434783,0.0021181482352941173,29,1,0.0,0.0,0.0,0.0,0.0,0.209537,0.0699999985
126.04390531,0.315109763275,0.0021181482352941173,29,0,0.0,0.0,0.0,0.0,0.0,0.23869801,0.375
126.04390531,0.2931253611860465,0.0021181482352941173,29,0,0.0,0.0,0.0,0.0,0.0,0.206632,1.56
126.04390531,0.4201463510333333,0.002701623142857143,92,1,0.0,0.0,0.0,0.0,0.0,0.41709301,12.125
126.04390531,0.315109763275,0.002701623142857143,92,1,0.0,0.0,0.0,0.0,0.0,0.20698801,2.78999995
126.04390531,0.3074241592926829,0.002701623142857143,92,1,0.0,0.0,0.0,0.0,0.0,0.19777,2.0999999
126.04390531,0.30010453645238094,0.002701623142857143,92,1,0.0,0.0,0.0,0.0,0.0,0.19060799,1.52
126.04390531,0.2931253611860465,0.002701623142857143,92,1,0.0,0.0,0.0,0.0,0.0,0.185114,1.0550000000000002
126.04390531,0.2864634211590909,0.002701623142857143,92,1,0.0,0.0,0.0,0.0,0.0,0.178571,0.685000005
126.04390531,0.27400848980434783,0.002701623142857143,92,1,0.0,0.0,0.0,0.0,0.0,0.17035601,0.24999999
126.04390531,0.3819512282121212,0.002701623142857143,92,0,0.0,0.0,0.0,0.0,0.0,0.32002401,0.185
126.04390531,0.35012195919444444,0.002701623142857143,92,0,0.0,0.0,0.0,0.0,0.0,0.25225499,0.28500000999999997
126.04390531,0.3074241592926829,0.002701623142857143,92,0,0.0,0.0,0.0,0.0,0.0,0.19802999,1.2650000000000001
126.04390531,0.30010453645238094,0.0028964514285714288,183,1,0.0,0.0,0.0,0.0,0.0,0.19249199,2.115
126.04390531,0.27400848980434783,0.0028964514285714288,183,1,0.0,0.0,0.0,0.0,0.0,0.17699499,0.6649999950000001
126.04390531,0.2681785219361702,0.0028964514285714288,183,1,0.0,0.0,0.0,0.0,0.0,0.17504799,0.47500001000000003
126.04390531,0.315109763275,0.0028964514285714288,183,0,0.0,0.0,0.0,0.0,0.0,0.20748,1.67000005
126.79398806,0.30189044776190477,0.00270496,89,1,0.0,0.0,0.0,0.0,0.0,0.19275101,1.6400000000000001
126.79398806,0.2948697396744186,0.00270496,89,1,0.0,0.0,0.0,0.0,0.0,0.186028,1.1400000000000001
126.79398806,0.28816815468181817,0.00270496,89,1,0.0,0.0,0.0,0.0,0.0,0.179187,0.745000005
126.79398806,0.2817644179111111,0.00270496,89,1,0.0,0.0,0.0,0.0,0.0,0.173659,0.459999995
126.79398806,0.26977444268085105,0.00270496,89,1,0.0,0.0,0.0,0.0,0.0,0.166545,0.15000000000000002
126.79398806,0.38422420624242426,0.00270496,89,0,0.0,0.0,0.0,0.0,0.0,0.32512799,0.170000005
126.79398806,0.3522055223888889,0.00270496,89,0,0.0,0.0,0.0,0.0,0.0,0.25519201,0.255
126.79398806,0.34268645421621624,0.00270496,89,0,0.0,0.0,0.0,0.0,0.0,0.240879,0.33499999
126.79398806,0.3251127898974359,0.00270496,89,0,0.0,0.0,0.0,0.0,0.0,0.21899199,0.625
126.79398806,0.30925362941463413,0.00270496,89,0,0.0,0.0,0.0,0.0,0.0,0.19974101,1.1549999999999998
126.79398806,0.30189044776190477,0.00270496,89,0,0.0,0.0,0.0,0.0,0.0,0.19187,1.5550000000000002
126.79398806,0.3522055223888889,0.002892166666666666,180,0,0.0,0.0,0.0,0.0,0.0,0.24674,0.7100000099999999
126.79398806,0.34268645421621624,0.002892166666666666,180,0,0.0,0.0,0.0,0.0,0.0,0.235394,0.85499999
126.79398806,0.33366838963157897,0.002892166666666666,180,0,0.0,0.0,0.0,0.0,0.0,0.225201,1.03999995
126.79398806,0.30925362941463413,0.002892166666666666,180,0,0.0,0.0,0.0,0.0,0.0,0.198541,1.895
126.79398806,0.2948697396744186,0.002892166666666666,180,0,0.0,0.0,0.0,0.0,0.0,0.18666901,2.82999995
123.88366699,0.3260096499736842,0.0029381061904761906,179,1,0.0,0.0,0.0,0.0,0.0,0.229545,4.29999995
123.88366699,0.3176504281794872,0.0029381061904761906,179,1,0.0,0.0,0.0,0.0,0.0,0.220768,3.57500005
123.88366699,0.29496111188095236,0.0029381061904761906,179,1,0.0,0.0,0.0,0.0,0.0,0.199403,1.815
123.88366699,0.3643637264411764,0.0029381061904761906,179,0,0.0,0.0,0.0,0.0,0.0,0.27175501,0.625
123.88366699,0.3348207215945946,0.0029381061904761906,179,0,0.0,0.0,0.0,0.0,0.0,0.23822799,1.0950000000000002
123.52362727,0.2872642494651163,0.002915629523809524,178,1,0.0,0.0,0.0,0.0,0.0,0.19599199,1.34500005
123.52362727,0.30127713968292685,0.002915629523809524,178,0,0.0,0.0,0.0,0.0,0.0,0.206174,2.48
121.54340881,0.2964473385609756,0.002983759523809524,177,1,0.0,0.0,0.0,0.0,0.0,0.21026701,1.9449999500000001
121.54340881,0.2893890685952381,0.002983759523809524,177,1,0.0,0.0,0.0,0.0,0.0,0.20366301,1.49
121.54340881,0.37982315253125,0.002983759523809524,177,0,0.0,0.0,0.0,0.0,0.0,0.296514,0.52000001
121.54340881,0.35748061414705884,0.002983759523809524,177,0,0.0,0.0,0.0,0.0,0.0,0.27080101,0.7400000099999999
121.54340881,0.3472668823142857,0.002983759523809524,177,0,0.0,0.0,0.0,0.0,0.0,0.25837699,0.88500002
121.54340881,0.3284956994864865,0.002983759523809524,177,0,0.0,0.0,0.0,0.0,0.0,0.239408,1.32
121.54340881,0.2964473385609756,0.002983759523809524,177,0,0.0,0.0,0.0,0.0,0.0,0.20980699,2.87
120.25326648,0.3083417089230769,0.002154897857142857,32,1,0.0,0.0,0.0,0.0,0.0,0.18285,1.3450000000000002
120.25326648,0.30063316619999997,0.002154897857142857,32,1,0.0,0.0,0.0,0.0,0.0,0.17396,0.7300000200000001
120.25326648,0.2933006499512195,0.002154897857142857,32,1,0.0,0.0,0.0,0.0,0.0,0.16799399,0.33999999999999997
120.25326648,0.33403685133333333,0.002154897857142857,32,0,0.0,0.0,0.0,0.0,0.0,0.232766,0.085
120.25326648,0.3250088283243243,0.002154897857142857,32,0,0.0,0.0,0.0,0.0,0.0,0.204491,0.13
120.25326648,0.3164559644210526,0.002154897857142857,32,0,0.0,0.0,0.0,0.0,0.0,0.1856,0.24
120.25326648,0.3083417089230769,0.002154897857142857,32,0,0.0,0.0,0.0,0.0,0.0,0.17056599,0.459999995
120.25326648,0.30063316619999997,0.002154897857142857,32,0,0.0,0.0,0.0,0.0,0.0,0.159382,0.86000001
119.89322676,0.3155084914736842,0.0021485925,31,1,0.0,0.0,0.0,0.0,0.0,0.186515,2.0449999500000002
119.89322676,0.2997330669,0.0021485925,31,1,0.0,0.0,0.0,0.0,0.0,0.162818,0.625
119.89322676,0.29242250429268296,0.0021485925,31,1,0.0,0.0,0.0,0.0,0.0,0.158133,0.26999999500000005
119.89322676,0.28546006371428573,0.0021485925,31,1,0.0,0.0,0.0,0.0,0.0,0.159182,0.10500000000000001
119.89322676,0.42819009557142856,0.0021485925,31,0,0.0,0.0,0.0,0.0,0.0,0.526757,0.0199999994
119.89322676,0.3155084914736842,0.0021485925,31,0,0.0,0.0,0.0,0.0,0.0,0.183851,0.24
119.89322676,0.3074185301538462,0.0021485925,31,0,0.0,0.0,0.0,0.0,0.0,0.167106,0.459999995
119.89322676,0.2997330669,0.0021485925,31,0,0.0,0.0,0.0,0.0,0.0,0.15715501,0.8799999949999999
122.23348494000001,0.31341919215384617,0.0021454446428571428,29,1,0.0,0.0,0.0,0.0,0.0,0.17407,1.81
122.23348494000001,0.30558371235000004,0.0021454446428571428,29,1,0.0,0.0,0.0,0.0,0.0,0.16724201,1.04499995
122.23348494000001,0.29813045107317077,0.0021454446428571428,29,1,0.0,0.0,0.0,0.0,0.0,0.157031,0.49500000499999997
122.23348494000001,0.43654816050000006,0.0021454446428571428,29,0,0.0,0.0,0.0,0.0,0.0,0.60206997,0.0299999995
122.23348494000001,0.321667065631579,0.0021454446428571428,29,0,0.0,0.0,0.0,0.0,0.0,0.198277,0.14000000499999998
122.23348494000001,0.31341919215384617,0.0021454446428571428,29,0,0.0,0.0,0.0,0.0,0.0,0.180198,0.26999999500000005
124.73545895,0.49894183579999996,0.002166902,32,1,0.0,0.0,0.0,0.0,0.0,0.559479,16.3499995
124.73545895,0.311838647375,0.002166902,32,1,0.0,0.0,0.0,0.0,0.0,0.19804899,1.77
124.73545895,0.30423282670731705,0.002166902,32,1,0.0,0.0,0.0,0.0,0.0,0.185718,1.085
124.73545895,0.29698918797619045,0.002166902,32,1,0.0,0.0,0.0,0.0,0.0,0.176626,0.57999998
124.73545895,0.2834896794318182,0.002166902,32,1,0.0,0.0,0.0,0.0,0.0,0.17150401,0.115
124.73545895,0.36686899691176467,0.002166902,32,0,0.0,0.0,0.0,0.0,0.0,0.38482299,0.0750000015
124.73545895,0.35638702557142854,0.002166902,32,0,0.0,0.0,0.0,0.0,0.0,0.34163499,0.080000002
124.73545895,0.31983451012820513,0.002166902,32,0,0.0,0.0,0.0,0.0,0.0,0.215323,0.24999999
124.73545895,0.311838647375,0.002166902,32,0,0.0,0.0,0.0,0.0,0.0,0.197613,0.425
124.73545895,0.30423282670731705,0.002166902,32,0,0.0,0.0,0.0,0.0,0.0,0.185315,0.7400000099999999
124.73545895,0.29698918797619045,0.002166902,32,0,0.0,0.0,0.0,0.0,0.0,0.175143,1.23
123.10650737,0.307766268425,0.002163055428571429,31,1,0.0,0.0,0.0,0.0,0.0,0.18887,1.355
123.10650737,0.3002597740731707,0.002163055428571429,31,1,0.0,0.0,0.0,0.0,0.0,0.179423,0.764999985
123.10650737,0.29311073183333336,0.002163055428571429,31,1,0.0,0.0,0.0,0.0,0.0,0.17261299,0.37000000499999997
123.10650737,0.28629420318604654,0.002163055428571429,31,1,0.0,0.0,0.0,0.0,0.0,0.169434,0.155000005
123.10650737,0.3156577112051282,0.002163055428571429,31,0,0.0,0.0,0.0,0.0,0.0,0.203275,0.29999999499999996
123.10650737,0.307766268425,0.002163055428571429,31,0,0.0,0.0,0.0,0.0,0.0,0.187085,0.53
123.10650737,0.3002597740731707,0.002163055428571429,31,0,0.0,0.0,0.0,0.0,0.0,0.17565601,0.93000001
123.10650737,0.29311073183333336,0.002163055428571429,31,0,0.0,0.0,0.0,0.0,0.0,0.169416,1.53999995
124.04164623999999,0.33524769254054054,0.0021603714285714283,30,1,0.0,0.0,0.0,0.0,0.0,0.25486499,4.20000005
124.04164623999999,0.31805550317948716,0.0021603714285714283,30,1,0.0,0.0,0.0,0.0,0.0,0.20628899,2.3449999
124.04164623999999,0.31010411559999995,0.0021603714285714283,30,1,0.0,0.0,0.0,0.0,0.0,0.189154,1.5350000000000001
124.04164623999999,0.30254060058536586,0.0021603714285714283,30,1,0.0,0.0,0.0,0.0,0.0,0.18091799,0.90000001
124.04164623999999,0.3648283712941176,0.0021603714285714283,30,0,0.0,0.0,0.0,0.0,0.0,0.38275799,0.0699999985
124.04164623999999,0.32642538484210526,0.0021603714285714283,30,0,0.0,0.0,0.0,0.0,0.0,0.23458,0.160000005
124.04164623999999,0.31010411559999995,0.0021603714285714283,30,0,0.0,0.0,0.0,0.0,0.0,0.190283,0.44
121.59821887,0.303995547175,0.0021451711428571428,29,1,0.0,0.0,0.0,0.0,0.0,0.19629601,1.025
121.59821887,0.29658102163414635,0.0021451711428571428,29,1,0.0,0.0,0.0,0.0,0.0,0.186729,0.534999995
121.59821887,0.28951956873809526,0.0021451711428571428,29,1,0.0,0.0,0.0,0.0,0.0,0.18406101,0.24999999
121.59821887,0.33777283019444443,0.0021451711428571428,29,0,0.0,0.0,0.0,0.0,0.0,0.29452899,0.13
121.59821887,0.3286438347837838,0.0021451711428571428,29,0,0.0,0.0,0.0,0.0,0.0,0.26006699,0.175
121.59821887,0.31999531281578947,0.0021451711428571428,29,0,0.0,0.0,0.0,0.0,0.0,0.235425,0.275000005
121.59821887,0.303995547175,0.0021451711428571428,29,0,0.0,0.0,0.0,0.0,0.0,0.196987,0.764999985
121.59821887,0.29658102163414635,0.0021451711428571428,29,0,0.0,0.0,0.0,0.0,0.0,0.187016,1.275
129.50165060999998,0.3407938173947368,0.002854535714285715,187,1,0.0,0.0,0.0,0.0,0.0,0.22420999,5.52499985
129.50165060999998,0.30116662932558136,0.002854535714285715,187,1,0.0,0.0,0.0,0.0,0.0,0.18986499,2.0949999
129.50165060999998,0.2877814458,0.002854535714285715,187,1,0.0,0.0,0.0,0.0,0.0,0.17979901,1.22
129.44131907,0.30102632341860464,0.0021012820000000003,32,1,0.0,0.0,0.0,0.0,0.0,0.19845399,0.965000005
129.44131907,0.2941848160681818,0.0021012820000000003,32,1,0.0,0.0,0.0,0.0,0.0,0.192738,0.53999999
129.44131907,0.2876473757111111,0.0021012820000000003,32,1,0.0,0.0,0.0,0.0,0.0,0.18857799,0.26999999500000005
129.44131907,0.30102632341860464,0.0021012820000000003,32,0,0.0,0.0,0.0,0.0,0.0,0.198478,1.0499999500000001
129.04916406,0.3687118973142857,0.00208522,31,1,0.0,0.0,0.0,0.0,0.0,0.38546601,7.85000015
129.04916406,0.30011433502325585,0.00208522,31,1,0.0,0.0,0.0,0.0,0.0,0.200101,0.8950000149999999
129.04916406,0.2932935546818182,0.00208522,31,1,0.0,0.0,0.0,0.0,0.0,0.19300599,0.485
129.04916406,0.28677592013333336,0.00208522,31,1,0.0,0.0,0.0,0.0,0.0,0.190219,0.24
129.04916406,0.31475405868292683,0.00208522,31,0,0.0,0.0,0.0,0.0,0.0,0.21963499,0.40499999
129.04916406,0.3072599144285715,0.00208522,31,0,0.0,0.0,0.0,0.0,0.0,0.209259,0.685000005
129.04916406,0.30011433502325585,0.00208522,31,0,0.0,0.0,0.0,0.0,0.0,0.198539,1.1
129.04916406,0.268852425125,0.0029161209523809522,185,1,0.0,0.0,0.0,0.0,0.0,0.170073,0.435000005
129.04916406,0.3487815244864865,0.0029161209523809522,185,0,0.0,0.0,0.0,0.0,0.0,0.23915,0.81
129.98430293,0.30948643554761907,0.002065939411764706,30,1,0.0,0.0,0.0,0.0,0.0,0.215049,1.685
129.98430293,0.30228907658139537,0.002065939411764706,30,1,0.0,0.0,0.0,0.0,0.0,0.20327599,1.05000005
129.98430293,0.29541887029545455,0.002065939411764706,30,1,0.0,0.0,0.0,0.0,0.0,0.19484501,0.5850000049999999
129.98430293,0.28885400651111115,0.002065939411764706,30,1,0.0,0.0,0.0,0.0,0.0,0.190872,0.295
129.98430293,0.4332810097666667,0.002065939411764706,30,0,0.0,0.0,0.0,0.0,0.0,0.56331003,0.0249999995
129.98430293,0.324960757325,0.002065939411764706,30,0,0.0,0.0,0.0,0.0,0.0,0.241044,0.20500000000000002
129.98430293,0.31703488519512196,0.002065939411764706,30,0,0.0,0.0,0.0,0.0,0.0,0.223186,0.33499999
129.98430293,0.30948643554761907,0.002065939411764706,30,0,0.0,0.0,0.0,0.0,0.0,0.20987301,0.564999995
129.98430293,0.29541887029545455,0.002065939411764706,30,0,0.0,0.0,0.0,0.0,0.0,0.18986499,1.4649999999999999
129.98430293,0.38230677332352947,0.002769078928571429,93,1,0.0,0.0,0.0,0.0,0.0,0.33003199,9.25
129.98430293,0.3420639550789474,0.002769078928571429,93,1,0.0,0.0,0.0,0.0,0.0,0.25385401,5.45000005
129.98430293,0.30948643554761907,0.002769078928571429,93,1,0.0,0.0,0.0,0.0,0.0,0.192067,2.1500000999999997
129.98430293,0.30228907658139537,0.002769078928571429,93,1,0.0,0.0,0.0,0.0,0.0,0.18317001,1.54499995
129.98430293,0.29541887029545455,0.002769078928571429,93,1,0.0,0.0,0.0,0.0,0.0,0.175918,1.0550000499999999
129.98430293,0.28885400651111115,0.002769078928571429,93,1,0.0,0.0,0.0,0.0,0.0,0.168956,0.675000015
129.98430293,0.28257457158695654,0.002769078928571429,93,1,0.0,0.0,0.0,0.0,0.0,0.164802,0.41500001
129.98430293,0.2765623466595745,0.002769078928571429,93,1,0.0,0.0,0.0,0.0,0.0,0.162239,0.24499999500000003
129.98430293,0.6841279101578948,0.002769078928571429,93,0,0.0,0.0,0.0,0.0,0.0,0.66903299,0.0249999994
129.98430293,0.64992151465,0.002769078928571429,93,0,0.0,0.0,0.0,0.0,0.0,0.64418697,0.0300000004
129.98430293,0.5908377405909091,0.002769078928571429,93,0,0.0,0.0,0.0,0.0,0.0,0.58118302,0.0350000005
129.98430293,0.5651491431739131,0.002769078928571429,93,0,0.0,0.0,0.0,0.0,0.0,0.564695,0.045000000000000005
129.98430293,0.37138372265714287,0.002769078928571429,93,0,0.0,0.0,0.0,0.0,0.0,0.29102701,0.21500000000000002
129.98430293,0.36106750813888894,0.002769078928571429,93,0,0.0,0.0,0.0,0.0,0.0,0.27276701,0.260000005
129.98430293,0.3513089268378379,0.002769078928571429,93,0,0.0,0.0,0.0,0.0,0.0,0.256625,0.325
129.98430293,0.3420639550789474,0.002769078928571429,93,0,0.0,0.0,0.0,0.0,0.0,0.242825,0.420000005
129.98430293,0.33329308443589745,0.002769078928571429,93,0,0.0,0.0,0.0,0.0,0.0,0.226668,0.53
129.98430293,0.324960757325,0.002769078928571429,93,0,0.0,0.0,0.0,0.0,0.0,0.212228,0.685000005
129.98430293,0.31703488519512196,0.002769078928571429,93,0,0.0,0.0,0.0,0.0,0.0,0.200536,0.9099999999999999
129.98430293,0.30948643554761907,0.002769078928571429,93,0,0.0,0.0,0.0,0.0,0.0,0.19082201,1.22
129.98430293,0.30228907658139537,0.002769078928571429,93,0,0.0,0.0,0.0,0.0,0.0,0.18089999,1.615
129.98430293,0.30948643554761907,0.0030329733333333336,184,1,0.0,0.0,0.0,0.0,0.0,0.199512,2.79999995
129.98430293,0.40620094665625006,0.0030329733333333336,184,0,0.0,0.0,0.0,0.0,0.0,0.29828599,0.31
129.98430293,0.28885400651111115,0.0033079019780219783,366,1,0.0,0.0,0.0,0.0,0.0,0.198424,2.3300000499999998
129.98430293,0.25996860586000003,0.0033079019780219783,366,1,0.0,0.0,0.0,0.0,0.0,0.18299299,0.845
129.98430293,0.37138372265714287,0.0033079019780219783,366,0,0.0,0.0,0.0,0.0,0.0,0.25620401,1.3050000000000002
130.34629217,0.3031309120232558,0.0020561129411764707,29,1,0.0,0.0,0.0,0.0,0.0,0.19918001,1.04499995
130.34629217,0.3522872761351351,0.0020561129411764707,29,0,0.0,0.0,0.0,0.0,0.0,0.329025,0.07499999900000001
130.34629217,0.34301655834210526,0.0020561129411764707,29,0,0.0,0.0,0.0,0.0,0.0,0.29327801,0.089999999
130.34629217,0.3103483146904762,0.0020561129411764707,29,0,0.0,0.0,0.0,0.0,0.0,0.203401,0.504999995
130.34629217,0.34301655834210526,0.002744134285714286,92,1,0.0,0.0,0.0,0.0,0.0,0.24846999,5.5
130.34629217,0.325865730425,0.002744134285714286,92,1,0.0,0.0,0.0,0.0,0.0,0.212855,3.70000005
130.34629217,0.3103483146904762,0.002744134285714286,92,1,0.0,0.0,0.0,0.0,0.0,0.187066,2.1550001
130.34629217,0.3031309120232558,0.002744134285714286,92,1,0.0,0.0,0.0,0.0,0.0,0.17837501,1.54
130.34629217,0.28965842704444444,0.002744134285714286,92,1,0.0,0.0,0.0,0.0,0.0,0.16449501,0.66
130.34629217,0.3179177857804878,0.002744134285714286,92,0,0.0,0.0,0.0,0.0,0.0,0.196398,0.844999995
130.34629217,0.3103483146904762,0.002744134285714286,92,0,0.0,0.0,0.0,0.0,0.0,0.186159,1.14
130.34629217,0.29624157311363636,0.002744134285714286,92,0,0.0,0.0,0.0,0.0,0.0,0.17082,2.04999995
130.34629217,0.28965842704444444,0.002989514761904762,183,1,0.0,0.0,0.0,0.0,0.0,0.17738999,1.28
130.34629217,0.48276404507407406,0.002989514761904762,183,0,0.0,0.0,0.0,0.0,0.0,0.37697601,0.15500000000000003
130.34629217,0.4655224720357143,0.002989514761904762,183,0,0.0,0.0,0.0,0.0,0.0,0.35994399,0.175
130.34629217,0.3522872761351351,0.002989514761904762,183,0,0.0,0.0,0.0,0.0,0.0,0.23741201,0.715000005
130.34629217,0.334221261974359,0.002989514761904762,183,0,0.0,0.0,0.0,0.0,0.0,0.21841601,1.065
130.34629217,0.325865730425,0.0032579309890109886,365,1,0.0,0.0,0.0,0.0,0.0,0.219886,5.04999995
133.3327034,0.32520171560975614,0.002964169523809524,179,0,0.0,0.0,0.0,0.0,0.0,0.199826,1.225
133.3327034,0.3333317585,0.0032229104395604395,361,1,0.0,0.0,0.0,0.0,0.0,0.22112601,5.6500001
133.3327034,0.29629489644444446,0.0032229104395604395,361,1,0.0,0.0,0.0,0.0,0.0,0.194961,2.65999995
133.3327034,0.3333317585,0.0032229104395604395,361,0,0.0,0.0,0.0,0.0,0.0,0.21212,2.115
132.21656990999998,0.35734208083783775,0.002945431904761905,178,1,0.0,0.0,0.0,0.0,0.0,0.23231199,7.125
132.21656990999998,0.2874273258913043,0.002945431904761905,178,1,0.0,0.0,0.0,0.0,0.0,0.167142,1.05000005
132.21656990999998,0.3305414247749999,0.002945431904761905,178,0,0.0,0.0,0.0,0.0,0.0,0.206044,1.06000005
131.43225988999998,0.2920716886444444,0.0029449771428571424,177,1,0.0,0.0,0.0,0.0,0.0,0.174246,1.34000005
131.43225988999998,0.33700579458974356,0.0029449771428571424,177,0,0.0,0.0,0.0,0.0,0.0,0.21677899,0.935000005
137.58607697,0.3199676208604651,0.0025798971428571426,32,1,0.0,0.0,0.0,0.0,0.0,0.200069,2.73
137.58607697,0.3126956294772727,0.0025798971428571426,32,1,0.0,0.0,0.0,0.0,0.0,0.182522,1.8599999999999999
137.58607697,0.3057468377111111,0.0025798971428571426,32,1,0.0,0.0,0.0,0.0,0.0,0.169028,1.12
137.58607697,0.29910016732608696,0.0025798971428571426,32,1,0.0,0.0,0.0,0.0,0.0,0.160266,0.5850000049999999
137.58607697,0.2927363339787234,0.0025798971428571426,32,1,0.0,0.0,0.0,0.0,0.0,0.151912,0.24999999
137.58607697,0.3126956294772727,0.0025798971428571426,32,0,0.0,0.0,0.0,0.0,0.0,0.17419,0.40499999
137.58607697,0.3057468377111111,0.0025798971428571426,32,0,0.0,0.0,0.0,0.0,0.0,0.161538,0.71000001
138.40055276,0.31454671081818186,0.0020841328571428574,31,1,0.0,0.0,0.0,0.0,0.0,0.17852201,2.02999995
138.40055276,0.30755678391111113,0.0020841328571428574,31,1,0.0,0.0,0.0,0.0,0.0,0.167154,1.25
138.40055276,0.30087076686956526,0.0020841328571428574,31,1,0.0,0.0,0.0,0.0,0.0,0.158885,0.6649999950000001
138.40055276,0.29446926119148936,0.0020841328571428574,31,1,0.0,0.0,0.0,0.0,0.0,0.153146,0.29999999499999996
138.40055276,0.31454671081818186,0.0020841328571428574,31,0,0.0,0.0,0.0,0.0,0.0,0.16948,0.31500001
138.40055276,0.30755678391111113,0.0020841328571428574,31,0,0.0,0.0,0.0,0.0,0.0,0.156077,0.574999985
138.40055276,0.30755678391111113,0.0020746933333333334,30,1,0.0,0.0,0.0,0.0,0.0,0.15934099,1.2349999999999999
138.40055276,0.30087076686956526,0.0020746933333333334,30,1,0.0,0.0,0.0,0.0,0.0,0.152329,0.6450000149999999
138.40055276,0.32186175060465116,0.0020746933333333334,30,0,0.0,0.0,0.0,0.0,0.0,0.192378,0.175
138.40055276,0.31454671081818186,0.0020746933333333334,30,0,0.0,0.0,0.0,0.0,0.0,0.17581099,0.31
138.40055276,0.30087076686956526,0.0020746933333333334,30,0,0.0,0.0,0.0,0.0,0.0,0.152421,0.99500001
138.31005545,0.32165129174418605,0.00206435,29,1,0.0,0.0,0.0,0.0,0.0,0.172488,2.88
138.31005545,0.31434103511363637,0.00206435,29,1,0.0,0.0,0.0,0.0,0.0,0.161247,1.95499995
138.31005545,0.30735567877777775,0.00206435,29,1,0.0,0.0,0.0,0.0,0.0,0.15462001,1.17000005
138.31005545,0.3006740335869565,0.00206435,29,1,0.0,0.0,0.0,0.0,0.0,0.14948501,0.594999995
138.31005545,0.29427671372340425,0.00206435,29,1,0.0,0.0,0.0,0.0,0.0,0.14715999,0.260000005
138.31005545,0.28814594885416667,0.00206435,29,1,0.0,0.0,0.0,0.0,0.0,0.14737,0.100000002
138.31005545,0.32165129174418605,0.00206435,29,0,0.0,0.0,0.0,0.0,0.0,0.18785401,0.160000005
138.31005545,0.31434103511363637,0.00206435,29,0,0.0,0.0,0.0,0.0,0.0,0.173364,0.29999999499999996
138.31005545,0.30735567877777775,0.00206435,29,0,0.0,0.0,0.0,0.0,0.0,0.159903,0.555000005
138.31005545,0.3006740335869565,0.00206435,29,0,0.0,0.0,0.0,0.0,0.0,0.153487,1.0150000000000001
144.49826556000002,0.36124566390000007,0.002099053571428571,32,1,0.0,0.0,0.0,0.0,0.0,0.36350599,7.75
144.49826556000002,0.307443118212766,0.002099053571428571,32,1,0.0,0.0,0.0,0.0,0.0,0.17104299,1.315
144.49826556000002,0.46612343729032263,0.002099053571428571,32,0,0.0,0.0,0.0,0.0,0.0,0.62747502,0.0249999995
144.49826556000002,0.4249948987058824,0.002099053571428571,32,0,0.0,0.0,0.0,0.0,0.0,0.529176,0.034999999000000004
144.49826556000002,0.4128521873142858,0.002099053571428571,32,0,0.0,0.0,0.0,0.0,0.0,0.48893699,0.034999999000000004
144.49826556000002,0.3905358528648649,0.002099053571428571,32,0,0.0,0.0,0.0,0.0,0.0,0.43435299,0.049999999
144.49826556000002,0.33604247804651166,0.002099053571428571,32,0,0.0,0.0,0.0,0.0,0.0,0.249311,0.125
144.49826556000002,0.3141266642608696,0.002099053571428571,32,0,0.0,0.0,0.0,0.0,0.0,0.17982399,0.37999999500000003
144.49826556000002,0.307443118212766,0.002099053571428571,32,0,0.0,0.0,0.0,0.0,0.0,0.165171,0.6349999900000001
144.49826556000002,0.30103805325000005,0.002099053571428571,32,0,0.0,0.0,0.0,0.0,0.0,0.15541901,1.065
145.37787297,0.3028705686875,0.002097899285714286,31,1,0.0,0.0,0.0,0.0,0.0,0.15535299,0.824999985
145.37787297,0.29075574594,0.002097899285714286,31,1,0.0,0.0,0.0,0.0,0.0,0.14650699,0.175
145.37787297,0.4038274249166667,0.002097899285714286,31,0,0.0,0.0,0.0,0.0,0.0,0.45416301,0.0299999995
145.37787297,0.3929131701891892,0.002097899285714286,31,0,0.0,0.0,0.0,0.0,0.0,0.425219,0.034999999000000004
145.37787297,0.3160388542826087,0.002097899285714286,31,0,0.0,0.0,0.0,0.0,0.0,0.17680401,0.29500000000000004
144.9835662,0.30204909625000004,0.0020869157142857143,30,1,0.0,0.0,0.0,0.0,0.0,0.160208,0.784999995
144.9835662,0.29588482897959184,0.0020869157142857143,30,1,0.0,0.0,0.0,0.0,0.0,0.153841,0.385000005
144.9835662,0.3221857026666667,0.0020869157142857143,30,0,0.0,0.0,0.0,0.0,0.0,0.19701999,0.190000005
144.9835662,0.30204909625000004,0.0020869157142857143,30,0,0.0,0.0,0.0,0.0,0.0,0.156142,0.955000015
146.25748038,0.31795104430434784,0.002079661428571429,29,1,0.0,0.0,0.0,0.0,0.0,0.182694,2.44500005
146.25748038,0.304703084125,0.002079661428571429,29,1,0.0,0.0,0.0,0.0,0.0,0.15790901,0.9600000099999999
146.25748038,0.40627077883333335,0.002079661428571429,29,0,0.0,0.0,0.0,0.0,0.0,0.465893,0.0249999995
146.25748038,0.3401336753023256,0.002079661428571429,29,0,0.0,0.0,0.0,0.0,0.0,0.25637001,0.080000002
146.25748038,0.31118612846808513,0.002079661428571429,29,0,0.0,0.0,0.0,0.0,0.0,0.16954,0.42999999499999997
146.25748038,0.304703084125,0.002079661428571429,29,0,0.0,0.0,0.0,0.0,0.0,0.157628,0.754999995
148.89630261000002,0.29779260522000006,0.002883732857142857,187,1,0.0,0.0,0.0,0.0,0.0,0.193129,2.13
150.13988550000002,0.32639105543478264,0.0020597914285714284,32,1,0.0,0.0,0.0,0.0,0.0,0.24787199,3.75
150.13988550000002,0.31279142812500005,0.0020597914285714284,32,1,0.0,0.0,0.0,0.0,0.0,0.228368,2.1600001
150.13988550000002,0.30640792959183677,0.0020597914285714284,32,1,0.0,0.0,0.0,0.0,0.0,0.219739,1.51
150.13988550000002,0.30027977100000003,0.0020597914285714284,32,1,0.0,0.0,0.0,0.0,0.0,0.212952,0.990000015
150.13988550000002,0.31279142812500005,0.0020597914285714284,32,0,0.0,0.0,0.0,0.0,0.0,0.21784399,0.6649999950000001
150.13988550000002,0.30640792959183677,0.0020597914285714284,32,0,0.0,0.0,0.0,0.0,0.0,0.20976099,1.0150000000000001
150.13988550000002,0.37534971375000004,0.0028868747619047617,186,0,0.0,0.0,0.0,0.0,0.0,0.25049701,0.50499998
148.83564003,0.32355573919565217,0.002038833142857143,31,1,0.0,0.0,0.0,0.0,0.0,0.261253,3.475
148.83564003,0.3100742500625,0.002038833142857143,31,1,0.0,0.0,0.0,0.0,0.0,0.235186,1.935
148.83564003,0.30374620414285713,0.002038833142857143,31,1,0.0,0.0,0.0,0.0,0.0,0.22551,1.32499995
148.83564003,0.29767128006,0.002038833142857143,31,1,0.0,0.0,0.0,0.0,0.0,0.218382,0.84999999
148.83564003,0.33826281825000004,0.002038833142857143,31,0,0.0,0.0,0.0,0.0,0.0,0.275938,0.15000000000000002
148.83564003,0.32355573919565217,0.002038833142857143,31,0,0.0,0.0,0.0,0.0,0.0,0.24333701,0.329999995
148.83564003,0.3100742500625,0.002038833142857143,31,0,0.0,0.0,0.0,0.0,0.0,0.220761,0.78
148.83564003,0.30374620414285713,0.002038833142857143,31,0,0.0,0.0,0.0,0.0,0.0,0.21289399,1.17500005
148.83564003,0.29767128006,0.002038833142857143,31,0,0.0,0.0,0.0,0.0,0.0,0.205303,1.7000000499999999
146.92476876,0.32649948613333335,0.0020296574285714286,30,1,0.0,0.0,0.0,0.0,0.0,0.26293901,3.75
146.92476876,0.31260589097872343,0.0020296574285714286,30,1,0.0,0.0,0.0,0.0,0.0,0.240612,2.1600001
146.92476876,0.30609326825,0.0020296574285714286,30,1,0.0,0.0,0.0,0.0,0.0,0.232163,1.5150000000000001
146.92476876,0.2998464668571429,0.0020296574285714286,30,1,0.0,0.0,0.0,0.0,0.0,0.225795,1.000000005
146.92476876,0.29384953752000004,0.0020296574285714286,30,1,0.0,0.0,0.0,0.0,0.0,0.219395,0.61000001
146.92476876,0.333919929,0.0020296574285714286,30,0,0.0,0.0,0.0,0.0,0.0,0.27676699,0.19999999499999999
146.92476876,0.31260589097872343,0.0020296574285714286,30,0,0.0,0.0,0.0,0.0,0.0,0.238608,0.705000015
146.92476876,0.30609326825,0.0020296574285714286,30,0,0.0,0.0,0.0,0.0,0.0,0.231278,1.065
146.92476876,0.2998464668571429,0.0020296574285714286,30,0,0.0,0.0,0.0,0.0,0.0,0.224923,1.55000005
146.92476876,0.29384953752000004,0.0020296574285714286,30,0,0.0,0.0,0.0,0.0,0.0,0.219436,2.1650001
146.92476876,0.30609326825,0.0026252982857142854,93,1,0.0,0.0,0.0,0.0,0.0,0.201342,2.0699999
146.92476876,0.29384953752000004,0.002804100476190476,184,1,0.0,0.0,0.0,0.0,0.0,0.194116,1.835
148.53232713,0.371330817825,0.002018103714285714,29,1,0.0,0.0,0.0,0.0,0.0,0.40172201,9.0500002
148.53232713,0.3094423481875,0.002018103714285714,29,1,0.0,0.0,0.0,0.0,0.0,0.22659101,1.78499995
148.53232713,0.3031271982244898,0.002018103714285714,29,1,0.0,0.0,0.0,0.0,0.0,0.21807399,1.19
148.53232713,0.29706465426,0.002018103714285714,29,1,0.0,0.0,0.0,0.0,0.0,0.21138699,0.735000015
148.53232713,0.3031271982244898,0.002018103714285714,29,0,0.0,0.0,0.0,0.0,0.0,0.212174,1.18
148.53232713,0.29706465426,0.002018103714285714,29,0,0.0,0.0,0.0,0.0,0.0,0.205157,1.725
148.53232713,0.3094423481875,0.0026285817142857144,92,1,0.0,0.0,0.0,0.0,0.0,0.19694901,2.3199999499999997
148.53232713,0.3031271982244898,0.0026285817142857144,92,1,0.0,0.0,0.0,0.0,0.0,0.19053499,1.75
148.53232713,0.29706465426,0.0026285817142857144,92,1,0.0,0.0,0.0,0.0,0.0,0.185532,1.28
148.53232713,0.3031271982244898,0.0026285817142857144,92,0,0.0,0.0,0.0,0.0,0.0,0.18731,1.96000005
148.65365229,0.3096951089375,0.002603424285714286,89,1,0.0,0.0,0.0,0.0,0.0,0.18636701,2.15
148.65365229,0.3457061681162791,0.002603424285714286,89,0,0.0,0.0,0.0,0.0,0.0,0.222001,0.325
148.65365229,0.33784920975,0.002603424285714286,89,0,0.0,0.0,0.0,0.0,0.0,0.208762,0.41500001
148.65365229,0.33034144953333333,0.002603424285714286,89,0,0.0,0.0,0.0,0.0,0.0,0.20028199,0.564999995
148.65365229,0.32316011367391306,0.002603424285714286,89,0,0.0,0.0,0.0,0.0,0.0,0.19141001,0.7599999900000001
148.65365229,0.31628436657446807,0.002603424285714286,89,0,0.0,0.0,0.0,0.0,0.0,0.18426301,1.03
148.65365229,0.3096951089375,0.002603424285714286,89,0,0.0,0.0,0.0,0.0,0.0,0.17863099,1.3900000000000001
148.65365229,0.30337480059183675,0.002603424285714286,89,0,0.0,0.0,0.0,0.0,0.0,0.17367899,1.84500005
148.65365229,0.3096951089375,0.0028171166666666665,180,1,0.0,0.0,0.0,0.0,0.0,0.19429199,2.905
148.65365229,0.29730730458,0.0028171166666666665,180,1,0.0,0.0,0.0,0.0,0.0,0.185882,1.8900000000000001
151.0498242,0.3020996484,0.0028212938095238094,179,1,0.0,0.0,0.0,0.0,0.0,0.188078,2.33499995
151.0498242,0.32836918304347823,0.0028212938095238094,179,0,0.0,0.0,0.0,0.0,0.0,0.206066,1.38
150.7465113,0.27408456600000003,0.0028044785714285716,178,1,0.0,0.0,0.0,0.0,0.0,0.172153,0.6049999850000001
150.7465113,0.32770980717391307,0.0028044785714285716,178,0,0.0,0.0,0.0,0.0,0.0,0.203868,1.3900000000000001
150.23087937000003,0.27314705340000006,0.002817966666666667,177,1,0.0,0.0,0.0,0.0,0.0,0.171491,0.564999995
150.23087937000003,0.30659363136734696,0.002817966666666667,177,0,0.0,0.0,0.0,0.0,0.0,0.18869901,2.53499995
150.23087937000003,0.27314705340000006,0.002817966666666667,177,0,0.0,0.0,0.0,0.0,0.0,0.169406,6.47500015
148.86597132,0.3630877349268293,0.0020074396428571427,32,1,0.0,0.0,0.0,0.0,0.0,0.38832399,8.125
148.86597132,0.3038081047346939,0.0020074396428571427,32,1,0.0,0.0,0.0,0.0,0.0,0.152806,0.81
148.86597132,0.29773194264,0.0020074396428571427,32,1,0.0,0.0,0.0,0.0,0.0,0.147018,0.399999995
148.86597132,0.31673610919148937,0.0020074396428571427,32,0,0.0,0.0,0.0,0.0,0.0,0.167714,0.29999999499999996
148.86597132,0.31013744025,0.0020074396428571427,32,0,0.0,0.0,0.0,0.0,0.0,0.155062,0.53
148.86597132,0.3038081047346939,0.0020074396428571427,32,0,0.0,0.0,0.0,0.0,0.0,0.14390901,0.915000025
148.86597132,0.29773194264,0.0020074396428571427,32,0,0.0,0.0,0.0,0.0,0.0,0.13463999,1.5
147.98636391,0.3083049248125,0.0019852192857142854,31,1,0.0,0.0,0.0,0.0,0.0,0.153497,1.17000005
147.98636391,0.3020129875714286,0.0019852192857142854,31,1,0.0,0.0,0.0,0.0,0.0,0.147626,0.625
147.98636391,0.29597272782,0.0019852192857142854,31,1,0.0,0.0,0.0,0.0,0.0,0.14409199,0.290000005
147.98636391,0.3083049248125,0.0019852192857142854,31,0,0.0,0.0,0.0,0.0,0.0,0.15573999,0.6349999900000001
147.98636391,0.3020129875714286,0.0019852192857142854,31,0,0.0,0.0,0.0,0.0,0.0,0.146933,1.09000005
147.98636391,0.29597272782,0.0019852192857142854,31,0,0.0,0.0,0.0,0.0,0.0,0.14489,1.7650000000000001
147.89537004,0.30182728579591833,0.0019567292857142855,30,1,0.0,0.0,0.0,0.0,0.0,0.149349,0.615000005
147.89537004,0.29579074008,0.0019567292857142855,30,1,0.0,0.0,0.0,0.0,0.0,0.14365,0.27499998999999997
147.89537004,0.30811535425,0.0019567292857142855,30,0,0.0,0.0,0.0,0.0,0.0,0.157517,0.634999995
147.89537004,0.30182728579591833,0.0019567292857142855,30,0,0.0,0.0,0.0,0.0,0.0,0.149102,1.0950000000000002
147.80437617,0.3079257836875,0.0019431492857142857,29,1,0.0,0.0,0.0,0.0,0.0,0.15725601,1.1150000000000002
147.80437617,0.3016415840204082,0.0019431492857142857,29,1,0.0,0.0,0.0,0.0,0.0,0.15097199,0.584999975
147.80437617,0.29560875234,0.0019431492857142857,29,1,0.0,0.0,0.0,0.0,0.0,0.144713,0.255
147.80437617,0.314477396106383,0.0019431492857142857,29,0,0.0,0.0,0.0,0.0,0.0,0.16812,0.355
147.80437617,0.3079257836875,0.0019431492857142857,29,0,0.0,0.0,0.0,0.0,0.0,0.158351,0.65000001
147.80437617,0.3016415840204082,0.0019431492857142857,29,0,0.0,0.0,0.0,0.0,0.0,0.150482,1.125
145.33381716,0.30277878575,0.0019690385714285713,32,1,0.0,0.0,0.0,0.0,0.0,0.17195401,0.805000005
145.33381716,0.3092208875744681,0.0019690385714285713,32,0,0.0,0.0,0.0,0.0,0.0,0.178867,0.71000001
145.33381716,0.30277878575,0.0019690385714285713,32,0,0.0,0.0,0.0,0.0,0.0,0.17127,1.1549999999999998
143.44359339999997,0.30519913489361694,0.0019578537142857146,31,1,0.0,0.0,0.0,0.0,0.0,0.17942099,1.010000005
143.44359339999997,0.2927420273469387,0.0019578537142857146,31,1,0.0,0.0,0.0,0.0,0.0,0.170555,0.28
143.44359339999997,0.30519913489361694,0.0019578537142857146,31,0,0.0,0.0,0.0,0.0,0.0,0.17163999,0.9099999999999999
143.44359339999997,0.29884081958333325,0.0019578537142857146,31,0,0.0,0.0,0.0,0.0,0.0,0.165079,1.46000005
143.44359339999997,0.2927420273469387,0.0019578537142857146,31,0,0.0,0.0,0.0,0.0,0.0,0.159584,2.1800000500000003
141.98019435999998,0.3736320904210526,0.001958952285714286,30,1,0.0,0.0,0.0,0.0,0.0,0.402637,8.6500001
141.98019435999998,0.3462931569756097,0.001958952285714286,30,1,0.0,0.0,0.0,0.0,0.0,0.306438,5.70000005
141.98019435999998,0.3020855199148936,0.001958952285714286,30,1,0.0,0.0,0.0,0.0,0.0,0.212099,0.935000005
141.98019435999998,0.2957920715833333,0.001958952285714286,30,1,0.0,0.0,0.0,0.0,0.0,0.20633,0.544999985
141.98019435999998,0.2897554986938775,0.001958952285714286,30,1,0.0,0.0,0.0,0.0,0.0,0.205994,0.30499999
141.98019435999998,0.3020855199148936,0.001958952285714286,30,0,0.0,0.0,0.0,0.0,0.0,0.211191,1.355
141.98019435999998,0.2957920715833333,0.001958952285714286,30,0,0.0,0.0,0.0,0.0,0.0,0.20636401,1.97
141.98019435999998,0.2897554986938775,0.001958952285714286,30,0,0.0,0.0,0.0,0.0,0.0,0.20600399,2.73
141.98019435999998,0.28396038871999996,0.001958952285714286,30,0,0.0,0.0,0.0,0.0,0.0,0.211665,3.6000000500000002
143.99236803999997,0.29998410008333326,0.001949592,29,1,0.0,0.0,0.0,0.0,0.0,0.19363999,0.694999995
143.99236803999997,0.2938619755918367,0.001949592,29,1,0.0,0.0,0.0,0.0,0.0,0.191167,0.37999999500000003
143.99236803999997,0.3063667405106382,0.001949592,29,0,0.0,0.0,0.0,0.0,0.0,0.200858,0.955000015
143.99236803999997,0.29998410008333326,0.001949592,29,0,0.0,0.0,0.0,0.0,0.0,0.19374,1.47
155.486148,0.310972296,0.0019448579999999998,32,1,0.0,0.0,0.0,0.0,0.0,0.203959,1.77
155.486148,0.2827020872727272,0.0019448579999999998,32,1,0.0,0.0,0.0,0.0,0.0,0.182972,0.105000002
155.486148,0.310972296,0.0019448579999999998,32,0,0.0,0.0,0.0,0.0,0.0,0.201609,0.7749999750000001
155.486148,0.310972296,0.002921360476190476,186,1,0.0,0.0,0.0,0.0,0.0,0.196051,3.1499999499999998
155.57761044,0.31115522088,0.00194273,31,1,0.0,0.0,0.0,0.0,0.0,0.208838,1.81
155.57761044,0.31115522088,0.00194273,31,0,0.0,0.0,0.0,0.0,0.0,0.197263,0.715000005
155.57761044,0.4445074584,0.002884471904761905,185,0,0.0,0.0,0.0,0.0,0.0,0.32394201,0.224999995
158.77879584,0.39694698959999997,0.0019299205882352941,30,1,0.0,0.0,0.0,0.0,0.0,0.50279897,12.125
158.77879584,0.3608608996363636,0.0019299205882352941,30,1,0.0,0.0,0.0,0.0,0.0,0.36678499,8.1500001
158.77879584,0.31755759168,0.0019299205882352941,30,1,0.0,0.0,0.0,0.0,0.0,0.220718,2.535
158.77879584,0.2886887197090909,0.0019299205882352941,30,1,0.0,0.0,0.0,0.0,0.0,0.187516,0.219999995
158.77879584,0.31755759168,0.0019299205882352941,30,0,0.0,0.0,0.0,0.0,0.0,0.203099,0.44500001
158.77879584,0.3240383588571428,0.0025515474285714283,93,1,0.0,0.0,0.0,0.0,0.0,0.20851,3.79999995
158.77879584,0.31755759168,0.0025515474285714283,93,1,0.0,0.0,0.0,0.0,0.0,0.199716,3.04999995
158.77879584,0.2886887197090909,0.0025515474285714283,93,1,0.0,0.0,0.0,0.0,0.0,0.17547099,0.675000015
158.77879584,0.2646313264,0.0025515474285714283,93,1,0.0,0.0,0.0,0.0,0.0,0.174163,0.089999999
158.77879584,0.3240383588571428,0.0025515474285714283,93,0,0.0,0.0,0.0,0.0,0.0,0.191761,0.890000015
158.77879584,0.31755759168,0.0025515474285714283,93,0,0.0,0.0,0.0,0.0,0.0,0.18489701,1.17000005
158.77879584,0.3240383588571428,0.002886952380952381,184,1,0.0,0.0,0.0,0.0,0.0,0.20400099,4.45000005
158.77879584,0.31755759168,0.002886952380952381,184,1,0.0,0.0,0.0,0.0,0.0,0.20056701,3.79999995
158.77879584,0.2886887197090909,0.002886952380952381,184,1,0.0,0.0,0.0,0.0,0.0,0.180907,1.365
158.8397708,0.3781899304761905,0.001912161176470588,29,1,0.0,0.0,0.0,0.0,0.0,0.41466901,10.149999999999999
158.8397708,0.3176795416,0.001912161176470588,29,1,0.0,0.0,0.0,0.0,0.0,0.213799,2.53
158.8397708,0.28879958327272726,0.001912161176470588,29,1,0.0,0.0,0.0,0.0,0.0,0.17894401,0.189999995
158.8397708,0.3176795416,0.0025344157142857143,92,1,0.0,0.0,0.0,0.0,0.0,0.19545799,3.04999995
158.8397708,0.28879958327272726,0.0025344157142857143,92,1,0.0,0.0,0.0,0.0,0.0,0.16790199,0.625
158.8397708,0.34530384956521737,0.0025344157142857143,92,0,0.0,0.0,0.0,0.0,0.0,0.220515,0.395
158.8397708,0.3241627975510204,0.0025344157142857143,92,0,0.0,0.0,0.0,0.0,0.0,0.193314,0.870000005
158.8397708,0.3176795416,0.0025344157142857143,92,0,0.0,0.0,0.0,0.0,0.0,0.18491,1.13
158.8397708,0.3176795416,0.002863339047619048,183,1,0.0,0.0,0.0,0.0,0.0,0.201199,3.75
158.8397708,0.28879958327272726,0.002863339047619048,183,1,0.0,0.0,0.0,0.0,0.0,0.179994,1.315
158.8397708,0.26473295133333336,0.002863339047619048,183,1,0.0,0.0,0.0,0.0,0.0,0.169598,0.32000000500000003
158.8397708,0.3176795416,0.002863339047619048,183,0,0.0,0.0,0.0,0.0,0.0,0.19007,2.05499995
159.78488267999998,0.33996783548936166,0.002538940571428571,89,0,0.0,0.0,0.0,0.0,0.0,0.20875899,0.42999999499999997
159.78488267999998,0.3260915973061224,0.002538940571428571,89,0,0.0,0.0,0.0,0.0,0.0,0.190703,0.745000005
159.78488267999998,0.31956976536,0.002538940571428571,89,0,0.0,0.0,0.0,0.0,0.0,0.182207,0.97999999
158.77879584,0.33782722519148933,0.00289885,179,1,0.0,0.0,0.0,0.0,0.0,0.21262901,5.89999985
158.77879584,0.2646313264,0.00289885,179,1,0.0,0.0,0.0,0.0,0.0,0.16759799,0.31000000000000005
158.77879584,0.3608608996363636,0.00289885,179,0,0.0,0.0,0.0,0.0,0.0,0.23807199,0.715000005
158.77879584,0.33782722519148933,0.00289885,179,0,0.0,0.0,0.0,0.0,0.0,0.215141,1.205
158.77879584,0.33078915799999997,0.00289885,179,0,0.0,0.0,0.0,0.0,0.0,0.20889001,1.4449999999999998
158.77879584,0.3240383588571428,0.00289885,179,0,0.0,0.0,0.0,0.0,0.0,0.20300899,1.73
158.77879584,0.31755759168,0.00289885,179,0,0.0,0.0,0.0,0.0,0.0,0.19747201,2.06499995
155.45566052,0.31091132104,0.0029203009523809526,178,1,0.0,0.0,0.0,0.0,0.0,0.198456,3.1000000500000002
156.15687255999998,0.3631555175813953,0.0028955185714285713,177,0,0.0,0.0,0.0,0.0,0.0,0.24436601,0.72999999
156.15687255999998,0.3394714620869565,0.0028955185714285713,177,0,0.0,0.0,0.0,0.0,0.0,0.21886501,1.21000005
156.15687255999998,0.33224866502127653,0.0028955185714285713,177,0,0.0,0.0,0.0,0.0,0.0,0.211339,1.44
156.15687255999998,0.3186874950204081,0.0028955185714285713,177,0,0.0,0.0,0.0,0.0,0.0,0.19833601,2.04999995
156.15687255999998,0.31231374512,0.0028955185714285713,177,0,0.0,0.0,0.0,0.0,0.0,0.19192199,2.4300000500000003
149.51060192,0.31148042066666665,0.0018858182142857142,32,1,0.0,0.0,0.0,0.0,0.0,0.182111,1.505
149.51060192,0.3051236773877551,0.0018858182142857142,32,1,0.0,0.0,0.0,0.0,0.0,0.17492899,0.9149999950000001
149.51060192,0.29902120383999997,0.0018858182142857142,32,1,0.0,0.0,0.0,0.0,0.0,0.17116299,0.5099999900000001
149.51060192,0.2718374580363636,0.0018858182142857142,32,1,0.0,0.0,0.0,0.0,0.0,0.185975,0.0149999995
149.51060192,0.31148042066666665,0.0018858182142857142,32,0,0.0,0.0,0.0,0.0,0.0,0.18276,0.694999995
149.51060192,0.3051236773877551,0.0018858182142857142,32,0,0.0,0.0,0.0,0.0,0.0,0.175587,1.12
148.83987736,0.29767975472,0.00188336,31,1,0.0,0.0,0.0,0.0,0.0,0.17150199,0.425
148.83987736,0.31008307783333333,0.00188336,31,0,0.0,0.0,0.0,0.0,0.0,0.183394,0.775000005
148.83987736,0.29767975472,0.00188336,31,0,0.0,0.0,0.0,0.0,0.0,0.17183,1.87
150.60815119999998,0.30121630239999997,0.0018818457142857142,30,0,0.0,0.0,0.0,0.0,0.0,0.16371401,1.40999995
150.21181396,0.31294127908333336,0.0018748457142857141,29,1,0.0,0.0,0.0,0.0,0.0,0.17748401,1.58499995
150.21181396,0.30655472236734693,0.0018748457142857141,29,1,0.0,0.0,0.0,0.0,0.0,0.16765,0.94
150.21181396,0.30042362792,0.0018748457142857141,29,1,0.0,0.0,0.0,0.0,0.0,0.16045401,0.489999995
150.21181396,0.34932979990697677,0.0018748457142857141,29,0,0.0,0.0,0.0,0.0,0.0,0.27395901,0.0649999995
150.21181396,0.31294127908333336,0.0018748457142857141,29,0,0.0,0.0,0.0,0.0,0.0,0.172446,0.514999985
150.21181396,0.30655472236734693,0.0018748457142857141,29,0,0.0,0.0,0.0,0.0,0.0,0.16119,0.875
156.8825049,0.32016837734693876,0.0018578031428571429,32,1,0.0,0.0,0.0,0.0,0.0,0.193286,2.525
156.8825049,0.3137650098,0.0018578031428571429,32,1,0.0,0.0,0.0,0.0,0.0,0.179188,1.74
156.8825049,0.28524091799999995,0.0018578031428571429,32,1,0.0,0.0,0.0,0.0,0.0,0.15853301,0.0649999995
156.8825049,0.34862778866666666,0.0018578031428571429,32,0,0.0,0.0,0.0,0.0,0.0,0.25703999,0.0699999985
156.8825049,0.32016837734693876,0.0018578031428571429,32,0,0.0,0.0,0.0,0.0,0.0,0.18583301,0.34500001
156.8825049,0.3137650098,0.0018578031428571429,32,0,0.0,0.0,0.0,0.0,0.0,0.17352501,0.564999995
158.8132722,0.32410871877551023,0.0018477988571428572,31,1,0.0,0.0,0.0,0.0,0.0,0.18693601,3.005
158.8132722,0.3176265444,0.0018477988571428572,31,1,0.0,0.0,0.0,0.0,0.0,0.176329,2.1650001
158.8132722,0.288751404,0.0018477988571428572,31,1,0.0,0.0,0.0,0.0,0.0,0.15267301,0.094999999
158.8132722,0.33086098375,0.0018477988571428572,31,0,0.0,0.0,0.0,0.0,0.0,0.204659,0.14500000000000002
158.8132722,0.32410871877551023,0.0018477988571428572,31,0,0.0,0.0,0.0,0.0,0.0,0.189851,0.235
158.8132722,0.3176265444,0.0018477988571428572,31,0,0.0,0.0,0.0,0.0,0.0,0.178762,0.399999995
161.2650402,0.3225300804,0.0018364682857142855,30,1,0.0,0.0,0.0,0.0,0.0,0.185197,2.87
161.2650402,0.29320916399999997,0.0018364682857142855,30,1,0.0,0.0,0.0,0.0,0.0,0.15443,0.19999999499999999
161.2650402,0.35057617434782606,0.0018364682857142855,30,0,0.0,0.0,0.0,0.0,0.0,0.26306701,0.05499999950000001
161.2650402,0.3225300804,0.0018364682857142855,30,0,0.0,0.0,0.0,0.0,0.0,0.178985,0.219999995
161.2650402,0.29320916399999997,0.0018364682857142855,30,0,0.0,0.0,0.0,0.0,0.0,0.142416,2.52999995
159.36491999999998,0.33201024999999995,0.001833306285714286,29,1,0.0,0.0,0.0,0.0,0.0,0.23917399,4.20000005
159.36491999999998,0.31872984,0.001833306285714286,29,1,0.0,0.0,0.0,0.0,0.0,0.18777201,2.365
159.36491999999998,0.28975439999999997,0.001833306285714286,29,1,0.0,0.0,0.0,0.0,0.0,0.154681,0.11
159.36491999999998,0.31872984,0.001833306285714286,29,0,0.0,0.0,0.0,0.0,0.0,0.17297301,0.29500000000000004
161.8779822,0.3083390137142857,0.0029124885714285715,187,1,0.0,0.0,0.0,0.0,0.0,0.210006,3.04999995
160.62145109999997,0.3059456211428571,0.0017751219999999999,32,1,0.0,0.0,0.0,0.0,0.0,0.23738299,1.43
160.62145109999997,0.29203900199999994,0.0017751219999999999,32,1,0.0,0.0,0.0,0.0,0.0,0.22246701,0.48000000499999995
160.62145109999997,0.29203900199999994,0.002848774761904762,186,1,0.0,0.0,0.0,0.0,0.0,0.20088799,1.8
160.62145109999997,0.26770241849999993,0.002848774761904762,186,1,0.0,0.0,0.0,0.0,0.0,0.188026,0.5499999799999999
160.62145109999997,0.3824320264285714,0.002848774761904762,186,0,0.0,0.0,0.0,0.0,0.0,0.270345,0.609999985
164.3910444,0.31312579885714287,0.0017798900000000001,31,1,0.0,0.0,0.0,0.0,0.0,0.239446,2.0699999499999997
164.3910444,0.28589746852173914,0.0017798900000000001,31,1,0.0,0.0,0.0,0.0,0.0,0.209591,0.20500000000000002
164.3910444,0.3287820888,0.0017798900000000001,31,0,0.0,0.0,0.0,0.0,0.0,0.25387499,0.364999995
164.3910444,0.31312579885714287,0.0017798900000000001,31,0,0.0,0.0,0.0,0.0,0.0,0.222744,0.9099999999999999
164.3910444,0.31312579885714287,0.0027399547619047617,185,1,0.0,0.0,0.0,0.0,0.0,0.20321,3.45000005
164.3910444,0.298892808,0.0027399547619047617,185,1,0.0,0.0,0.0,0.0,0.0,0.194787,2.19500005
164.3910444,0.273985074,0.0027399547619047617,185,1,0.0,0.0,0.0,0.0,0.0,0.18261801,0.705000015
164.3910444,0.3573718356521739,0.0027399547619047617,185,0,0.0,0.0,0.0,0.0,0.0,0.241238,0.94000003
164.3910444,0.31312579885714287,0.0027399547619047617,185,0,0.0,0.0,0.0,0.0,0.0,0.204494,2.735
165.3411045,0.31493543714285716,0.0017475958823529412,30,1,0.0,0.0,0.0,0.0,0.0,0.25549501,2.25
165.3411045,0.30062019,0.0017475958823529412,30,1,0.0,0.0,0.0,0.0,0.0,0.224278,0.844999995
165.3411045,0.30062019,0.0017475958823529412,30,0,0.0,0.0,0.0,0.0,0.0,0.17321301,1.8599999999999999
165.3411045,0.31493543714285716,0.002311990857142857,93,1,0.0,0.0,0.0,0.0,0.0,0.208563,2.81499995
165.3411045,0.30062019,0.002311990857142857,93,1,0.0,0.0,0.0,0.0,0.0,0.194691,1.48
165.3411045,0.36742467666666667,0.002311990857142857,93,0,0.0,0.0,0.0,0.0,0.0,0.257375,0.26999999500000005
165.3411045,0.35178958404255317,0.002311990857142857,93,0,0.0,0.0,0.0,0.0,0.0,0.233548,0.405000005
165.3411045,0.330682209,0.002311990857142857,93,0,0.0,0.0,0.0,0.0,0.0,0.20756499,0.844999995
165.3411045,0.31493543714285716,0.002311990857142857,93,0,0.0,0.0,0.0,0.0,0.0,0.188334,1.54499995
165.3411045,0.344460634375,0.002639192857142857,184,1,0.0,0.0,0.0,0.0,0.0,0.226366,6.82500005
165.09592769999998,0.30017441399999995,0.0017412229411764705,29,1,0.0,0.0,0.0,0.0,0.0,0.20506699,0.764999985
165.09592769999998,0.33019185539999996,0.0017412229411764705,29,0,0.0,0.0,0.0,0.0,0.0,0.258964,0.30499999
165.09592769999998,0.3144684337142857,0.0017412229411764705,29,0,0.0,0.0,0.0,0.0,0.0,0.227762,0.78999999
165.09592769999998,0.30017441399999995,0.0017412229411764705,29,0,0.0,0.0,0.0,0.0,0.0,0.205193,1.9100000499999998
165.09592769999998,0.3369304646938775,0.0022860922857142855,92,1,0.0,0.0,0.0,0.0,0.0,0.22527499,5.375
165.09592769999998,0.30017441399999995,0.0022860922857142855,92,1,0.0,0.0,0.0,0.0,0.0,0.185633,1.395
165.09592769999998,0.2871233525217391,0.0022860922857142855,92,1,0.0,0.0,0.0,0.0,0.0,0.175111,0.5850000049999999
165.09592769999998,0.3668798393333333,0.0022860922857142855,92,0,0.0,0.0,0.0,0.0,0.0,0.25905001,0.265
165.09592769999998,0.33019185539999996,0.0022860922857142855,92,0,0.0,0.0,0.0,0.0,0.0,0.21088099,0.844999995
165.09592769999998,0.34394984937499995,0.0025955595238095234,183,1,0.0,0.0,0.0,0.0,0.0,0.225022,6.72500015
165.09592769999998,0.3144684337142857,0.0025955595238095234,183,1,0.0,0.0,0.0,0.0,0.0,0.199407,3.5
165.09592769999998,0.30017441399999995,0.0025955595238095234,183,1,0.0,0.0,0.0,0.0,0.0,0.190137,2.2050000499999998
165.09592769999998,0.2871233525217391,0.0025955595238095234,183,1,0.0,0.0,0.0,0.0,0.0,0.182625,1.275
165.09592769999998,0.33019185539999996,0.0025955595238095234,183,0,0.0,0.0,0.0,0.0,0.0,0.212363,1.69
164.94269219999998,0.33661773918367344,0.0022610962857142858,89,1,0.0,0.0,0.0,0.0,0.0,0.229397,5.32500005
164.94269219999998,0.3298853844,0.0022610962857142858,89,1,0.0,0.0,0.0,0.0,0.0,0.217741,4.47500015
164.94269219999998,0.299895804,0.0022610962857142858,89,1,0.0,0.0,0.0,0.0,0.0,0.185367,1.33499995
164.94269219999998,0.286856856,0.0022610962857142858,89,1,0.0,0.0,0.0,0.0,0.0,0.17462701,0.544999985
164.94269219999998,0.36653931599999995,0.0022610962857142858,89,0,0.0,0.0,0.0,0.0,0.0,0.26343,0.26999999500000005
164.94269219999998,0.34363060874999996,0.0022610962857142858,89,0,0.0,0.0,0.0,0.0,0.0,0.233569,0.5399999900000001
164.94269219999998,0.299895804,0.0022610962857142858,89,0,0.0,0.0,0.0,0.0,0.0,0.18004601,2.75
164.94269219999998,0.299895804,0.0025442476190476195,180,1,0.0,0.0,0.0,0.0,0.0,0.187115,2.115
164.7894567,0.32957891339999995,0.0025130242857142856,179,1,0.0,0.0,0.0,0.0,0.0,0.20954201,5.04999995
164.7894567,0.299617194,0.0025130242857142856,179,1,0.0,0.0,0.0,0.0,0.0,0.188739,2.12
164.7894567,0.28659035947826084,0.0025130242857142856,179,1,0.0,0.0,0.0,0.0,0.0,0.18222199,1.22
164.7894567,0.27464909449999997,0.0025130242857142856,179,1,0.0,0.0,0.0,0.0,0.0,0.17758299,0.6500000100000001
164.7894567,0.39235584928571426,0.0025130242857142856,179,0,0.0,0.0,0.0,0.0,0.0,0.26677001,0.41999999
164.7894567,0.34331136812499996,0.0025130242857142856,179,0,0.0,0.0,0.0,0.0,0.0,0.22195201,1.16500005
164.7894567,0.3363050136734694,0.0025130242857142856,179,0,0.0,0.0,0.0,0.0,0.0,0.21686999,1.4
164.7894567,0.32957891339999995,0.0025130242857142856,179,0,0.0,0.0,0.0,0.0,0.0,0.211575,1.67000005
164.7894567,0.3138846794285714,0.0025130242857142856,179,0,0.0,0.0,0.0,0.0,0.0,0.20014399,2.55999995
162.6748068,0.3253496136,0.0025217338095238095,178,1,0.0,0.0,0.0,0.0,0.0,0.210197,4.54999995
162.6748068,0.295772376,0.0025217338095238095,178,1,0.0,0.0,0.0,0.0,0.0,0.19099,1.84000005
162.6748068,0.28291270747826086,0.0025217338095238095,178,1,0.0,0.0,0.0,0.0,0.0,0.18450899,1.0350000000000001
162.6748068,0.271124678,0.0025217338095238095,178,1,0.0,0.0,0.0,0.0,0.0,0.17951199,0.534999995
162.6748068,0.30985677485714286,0.0025217338095238095,178,0,0.0,0.0,0.0,0.0,0.0,0.198249,2.85
164.1152205,0.328230441,0.00253120380952381,177,1,0.0,0.0,0.0,0.0,0.0,0.21511699,4.89999985
164.1152205,0.31260042,0.00253120380952381,177,0,0.0,0.0,0.0,0.0,0.0,0.197502,2.64
165.5862813,0.3154024405714286,0.0017338278571428572,32,1,0.0,0.0,0.0,0.0,0.0,0.16711999,1.83499995
165.5862813,0.301065966,0.0017338278571428572,32,1,0.0,0.0,0.0,0.0,0.0,0.147953,0.459999995
164.4829857,0.3133009251428571,0.0017307717857142856,31,1,0.0,0.0,0.0,0.0,0.0,0.167925,1.57999995
164.4829857,0.299059974,0.0017307717857142856,31,1,0.0,0.0,0.0,0.0,0.0,0.14901599,0.355
164.4829857,0.3133009251428571,0.0017307717857142856,31,0,0.0,0.0,0.0,0.0,0.0,0.163468,0.61000001
166.47504719999998,0.31709532799999995,0.001729672142857143,30,1,0.0,0.0,0.0,0.0,0.0,0.163757,2.01
166.47504719999998,0.30268190399999995,0.001729672142857143,30,1,0.0,0.0,0.0,0.0,0.0,0.146366,0.525000005
166.47504719999998,0.2895218212173913,0.001729672142857143,30,1,0.0,0.0,0.0,0.0,0.0,0.15511601,0.095000002
166.47504719999998,0.31709532799999995,0.001729672142857143,30,0,0.0,0.0,0.0,0.0,0.0,0.16450199,0.405000005
167.6702841,0.3353405682,0.001729207142857143,29,1,0.0,0.0,0.0,0.0,0.0,-99.989998,4.70000005
167.6702841,0.3193719697142857,0.001729207142857143,29,1,0.0,0.0,0.0,0.0,0.0,0.175604,2.30999995
167.6702841,0.304855062,0.001729207142857143,29,1,0.0,0.0,0.0,0.0,0.0,0.15562899,0.66999999
167.6702841,0.304855062,0.001729207142857143,29,0,0.0,0.0,0.0,0.0,0.0,0.133559,1.19
160.65027078,0.334688064125,0.0017264,32,1,0.0,0.0,0.0,0.0,0.0,0.249493,4.42499995
160.65027078,0.32130054156,0.0017264,32,1,0.0,0.0,0.0,0.0,0.0,0.21002901,2.65
160.65027078,0.30600051577142856,0.0017264,32,1,0.0,0.0,0.0,0.0,0.0,0.18023001,0.965000005
160.65027078,0.2920914014181818,0.0017264,32,1,0.0,0.0,0.0,0.0,0.0,0.17083199,0.21000000000000002
160.65027078,0.34180908676595745,0.0017264,32,0,0.0,0.0,0.0,0.0,0.0,0.25673699,0.145000005
160.65027078,0.334688064125,0.0017264,32,0,0.0,0.0,0.0,0.0,0.0,0.240339,0.21000000000000002
160.65027078,0.32785769546938776,0.0017264,32,0,0.0,0.0,0.0,0.0,0.0,0.22088,0.295
160.65027078,0.32130054156,0.0017264,32,0,0.0,0.0,0.0,0.0,0.0,0.206329,0.44500001
160.65027078,0.2920914014181818,0.0017264,32,0,0.0,0.0,0.0,0.0,0.0,0.161571,2.99000005
162.37438254000003,0.32474876508000006,0.0017330474285714285,31,1,0.0,0.0,0.0,0.0,0.0,0.212421,3.04999995
162.37438254000003,0.30928453817142865,0.0017330474285714285,31,1,0.0,0.0,0.0,0.0,0.0,0.171653,1.15
162.37438254000003,0.29522615007272734,0.0017330474285714285,31,1,0.0,0.0,0.0,0.0,0.0,0.159215,0.23999999500000002
162.37438254000003,0.32474876508000006,0.0017330474285714285,31,0,0.0,0.0,0.0,0.0,0.0,0.203493,0.31500001
162.37438254000003,0.30928453817142865,0.0017330474285714285,31,0,0.0,0.0,0.0,0.0,0.0,0.16467801,0.914999995
162.37438254000003,0.29522615007272734,0.0017330474285714285,31,0,0.0,0.0,0.0,0.0,0.0,0.159228,2.55000005
163.94455575,0.3278891115,0.0017221614285714288,30,1,0.0,0.0,0.0,0.0,0.0,0.225436,3.5
163.94455575,0.3122753442857143,0.0017221614285714288,30,1,0.0,0.0,0.0,0.0,0.0,0.168107,1.3999999500000002
163.94455575,0.2980810104545455,0.0017221614285714288,30,1,0.0,0.0,0.0,0.0,0.0,0.15436199,0.31
163.94455575,0.3122753442857143,0.0017221614285714288,30,0,0.0,0.0,0.0,0.0,0.0,0.162863,0.68000001
165.54551667,0.33109103334,0.001725053142857143,29,1,0.0,0.0,0.0,0.0,0.0,0.230987,3.9999998999999997
165.54551667,0.3009918484909091,0.001725053142857143,29,1,0.0,0.0,0.0,0.0,0.0,0.150446,0.43499999
165.54551667,0.3941559920714286,0.001725053142857143,29,0,0.0,0.0,0.0,0.0,0.0,0.42395699,0.0399999995
165.54551667,0.33109103334,0.001725053142857143,29,0,0.0,0.0,0.0,0.0,0.0,0.20374601,0.14500000000000002
165.54551667,0.3153247936571429,0.001725053142857143,29,0,0.0,0.0,0.0,0.0,0.0,0.164799,0.47500001000000003
165.54551667,0.3009918484909091,0.001725053142857143,29,0,0.0,0.0,0.0,0.0,0.0,0.146066,1.63499995
164.59109766,0.2992565412,0.0025220323809523808,187,1,0.0,0.0,0.0,0.0,0.0,0.18423501,1.9849999999999999
164.59109766,0.27431849610000003,0.003021134065934066,369,1,0.0,0.0,0.0,0.0,0.0,0.188315,1.545
166.22284629,0.33244569258,0.0024938738095238093,186,0,0.0,0.0,0.0,0.0,0.0,0.202978,1.55
165.91496919000002,0.3016635803454546,0.002486112857142857,185,1,0.0,0.0,0.0,0.0,0.0,0.181417,2.08499995
165.91496919000002,0.2885477725043479,0.002486112857142857,185,1,0.0,0.0,0.0,0.0,0.0,0.17437699,1.1749999999999998
165.91496919000002,0.33182993838,0.0029893915384615385,367,0,0.0,0.0,0.0,0.0,0.0,0.21433701,3.1000000500000002
163.72904178000002,0.3118648414857143,0.002207032857142857,93,1,0.0,0.0,0.0,0.0,0.0,0.177499,2.12
163.72904178000002,0.2976891668727273,0.002207032857142857,93,1,0.0,0.0,0.0,0.0,0.0,0.16772,0.97
163.72904178000002,0.2728817363,0.002207032857142857,93,1,0.0,0.0,0.0,0.0,0.0,0.160786,0.12
163.72904178000002,0.32745808356000006,0.002207032857142857,93,0,0.0,0.0,0.0,0.0,0.0,0.192535,0.8650000099999999
163.72904178000002,0.2976891668727273,0.0024953614285714285,184,1,0.0,0.0,0.0,0.0,0.0,0.181031,1.77999995
163.72904178000002,0.28474615961739136,0.0024953614285714285,184,1,0.0,0.0,0.0,0.0,0.0,0.175328,0.9849999899999999
163.72904178000002,0.32745808356000006,0.0029667815384615387,366,1,0.0,0.0,0.0,0.0,0.0,0.21321499,5.67499995
163.72904178000002,0.28474615961739136,0.0029667815384615387,366,1,0.0,0.0,0.0,0.0,0.0,0.192563,2.12
163.72904178000002,0.32745808356000006,0.0029667815384615387,366,0,0.0,0.0,0.0,0.0,0.0,0.213357,3.32500005
162.8669859,0.3257339718,0.0021921297142857145,92,1,0.0,0.0,0.0,0.0,0.0,0.19550399,3.65
162.8669859,0.3102228302857143,0.0021921297142857145,92,1,0.0,0.0,0.0,0.0,0.0,0.174776,1.93
162.8669859,0.29612179254545457,0.0021921297142857145,92,1,0.0,0.0,0.0,0.0,0.0,0.165014,0.844999995
162.8669859,0.283246932,0.0021921297142857145,92,1,0.0,0.0,0.0,0.0,0.0,0.16098601,0.31
162.8669859,0.3877785378571429,0.0021921297142857145,92,0,0.0,0.0,0.0,0.0,0.0,0.27571401,0.14
162.8669859,0.3787604323255814,0.0021921297142857145,92,0,0.0,0.0,0.0,0.0,0.0,0.26110199,0.16500000999999997
162.8669859,0.354058665,0.0021921297142857145,92,0,0.0,0.0,0.0,0.0,0.0,0.224977,0.31500001
162.8669859,0.339306220625,0.0021921297142857145,92,0,0.0,0.0,0.0,0.0,0.0,0.204019,0.514999985
162.8669859,0.3257339718,0.0021921297142857145,92,0,0.0,0.0,0.0,0.0,0.0,0.18911199,0.9000000100000001
162.8669859,0.3102228302857143,0.0021921297142857145,92,0,0.0,0.0,0.0,0.0,0.0,0.173051,1.75
162.8669859,0.283246932,0.0024894857142857144,183,1,0.0,0.0,0.0,0.0,0.0,0.17420401,0.900000005
162.18965628,0.30893267862857143,0.0016453046428571427,32,1,0.0,0.0,0.0,0.0,0.0,0.185761,1.25
162.18965628,0.29489028414545454,0.0016453046428571427,32,1,0.0,0.0,0.0,0.0,0.0,0.169744,0.29500000000000004
162.18965628,0.32437931256,0.0016453046428571427,32,0,0.0,0.0,0.0,0.0,0.0,0.212115,0.364999995
162.18965628,0.30893267862857143,0.0016453046428571427,32,0,0.0,0.0,0.0,0.0,0.0,0.182096,1.03999995
162.18965628,0.30893267862857143,0.002481723333333333,179,1,0.0,0.0,0.0,0.0,0.0,0.18512,2.615
162.18965628,0.29489028414545454,0.002481723333333333,179,1,0.0,0.0,0.0,0.0,0.0,0.176783,1.51
162.18965628,0.28206896744347826,0.002481723333333333,179,1,0.0,0.0,0.0,0.0,0.0,0.171975,0.8049999750000001
162.18965628,0.3604214584,0.002481723333333333,179,0,0.0,0.0,0.0,0.0,0.0,0.22542299,0.705000015
162.18965628,0.32437931256,0.002481723333333333,179,0,0.0,0.0,0.0,0.0,0.0,0.194406,1.795
162.18965628,0.2703160938,0.0029120343956043956,361,1,0.0,0.0,0.0,0.0,0.0,0.186417,1.26000005
161.35838811,0.32271677622,0.0016699703571428574,31,1,0.0,0.0,0.0,0.0,0.0,0.229426,2.855
161.35838811,0.30734931068571425,0.0016699703571428574,31,1,0.0,0.0,0.0,0.0,0.0,0.19162799,1.0950000000000002
161.35838811,0.2933788874727273,0.0016699703571428574,31,1,0.0,0.0,0.0,0.0,0.0,0.17329501,0.235
161.35838811,0.32271677622,0.0016699703571428574,31,0,0.0,0.0,0.0,0.0,0.0,0.20062201,0.36999999
161.35838811,0.30734931068571425,0.0016699703571428574,31,0,0.0,0.0,0.0,0.0,0.0,0.169857,1.115
161.35838811,0.2933788874727273,0.0024832885714285717,178,1,0.0,0.0,0.0,0.0,0.0,0.17491999,1.38
161.35838811,0.258173420976,0.0024832885714285717,178,1,0.0,0.0,0.0,0.0,0.0,0.16664299,0.160000005
161.35838811,0.3585741958,0.0024832885714285717,178,0,0.0,0.0,0.0,0.0,0.0,0.22179499,0.7100000099999999
161.35838811,0.32271677622,0.0024832885714285717,178,0,0.0,0.0,0.0,0.0,0.0,0.191558,1.84500005
161.35838811,0.30734931068571425,0.0024832885714285717,178,0,0.0,0.0,0.0,0.0,0.0,0.179665,2.885
161.35838811,0.3433157193829787,0.0029505875824175827,360,1,0.0,0.0,0.0,0.0,0.0,0.22064599,7.0999999
161.35838811,0.2482436740153846,0.0029505875824175827,360,1,0.0,0.0,0.0,0.0,0.0,0.176228,0.44
161.35838811,0.4361037516486486,0.0029505875824175827,360,0,0.0,0.0,0.0,0.0,0.0,0.26355901,0.554999995
161.35838811,0.38418663835714284,0.0029505875824175827,360,0,0.0,0.0,0.0,0.0,0.0,0.243607,1.24
161.35838811,0.3585741958,0.0029505875824175827,360,0,0.0,0.0,0.0,0.0,0.0,0.22874001,1.84500005
158.98773444,0.31797546888,0.0016781849999999998,30,1,0.0,0.0,0.0,0.0,0.0,0.21874399,2.22
158.98773444,0.3028337798857143,0.0016781849999999998,30,1,0.0,0.0,0.0,0.0,0.0,0.192431,0.745000005
158.98773444,0.2890686080727273,0.0016781849999999998,30,1,0.0,0.0,0.0,0.0,0.0,0.184912,0.15500000000000003
158.98773444,0.31797546888,0.0016781849999999998,30,0,0.0,0.0,0.0,0.0,0.0,0.20619801,0.56999999
158.98773444,0.3028337798857143,0.0016781849999999998,30,0,0.0,0.0,0.0,0.0,0.0,0.180163,1.59500005
158.98773444,0.3028337798857143,0.002522940476190476,177,1,0.0,0.0,0.0,0.0,0.0,0.181886,2.03499995
158.98773444,0.2890686080727273,0.002522940476190476,177,1,0.0,0.0,0.0,0.0,0.0,0.175734,1.125
158.98773444,0.31797546888,0.002522940476190476,177,0,0.0,0.0,0.0,0.0,0.0,0.19211701,2.15
158.98773444,0.3028337798857143,0.002522940476190476,177,0,0.0,0.0,0.0,0.0,0.0,0.183167,3.3500000500000002
155.84738802,0.2968521676571429,0.0017108564285714287,29,1,0.0,0.0,0.0,0.0,0.0,0.204107,0.47500001000000003
155.84738802,0.2833588873090909,0.0017108564285714287,29,1,0.0,0.0,0.0,0.0,0.0,0.210197,0.115
155.84738802,0.31169477604,0.0017108564285714287,29,0,0.0,0.0,0.0,0.0,0.0,0.21256,0.9149999950000001
155.84738802,0.2968521676571429,0.0017108564285714287,29,0,0.0,0.0,0.0,0.0,0.0,0.18724599,2.27
160.65027078,0.32130054156,0.001616965,32,1,0.0,0.0,0.0,0.0,0.0,0.18990199,2.40999995
160.65027078,0.30600051577142856,0.001616965,32,1,0.0,0.0,0.0,0.0,0.0,0.161451,0.7400000099999999
160.65027078,0.2920914014181818,0.001616965,32,1,0.0,0.0,0.0,0.0,0.0,0.153603,0.12
160.65027078,0.32130054156,0.001616965,32,0,0.0,0.0,0.0,0.0,0.0,0.18736599,0.41500001
160.65027078,0.30600051577142856,0.001616965,32,0,0.0,0.0,0.0,0.0,0.0,0.161496,1.3050000000000002
159.44955009,0.31889910018,0.0016100785714285714,31,1,0.0,0.0,0.0,0.0,0.0,0.18090101,2.04499995
159.44955009,0.30371342874285717,0.0016100785714285714,31,1,0.0,0.0,0.0,0.0,0.0,0.16075,0.56
159.44955009,0.2899082728909091,0.0016100785714285714,31,1,0.0,0.0,0.0,0.0,0.0,0.153053,0.0750000015
159.44955009,0.31889910018,0.0016100785714285714,31,0,0.0,0.0,0.0,0.0,0.0,0.184669,0.49499998999999995
159.44955009,0.30371342874285717,0.0016100785714285714,31,0,0.0,0.0,0.0,0.0,0.0,0.160423,1.54000005
159.44955009,0.2899082728909091,0.0016100785714285714,31,0,0.0,0.0,0.0,0.0,0.0,0.148371,3.54999995
164.62188537,0.32924377074,0.0016042639285714286,30,1,0.0,0.0,0.0,0.0,0.0,0.194737,3.5249999499999998
164.62188537,0.31356549594285715,0.0016042639285714286,30,1,0.0,0.0,0.0,0.0,0.0,0.164675,1.40499995
164.62188537,0.29931251885454546,0.0016042639285714286,30,1,0.0,0.0,0.0,0.0,0.0,0.151785,0.29999999499999996
164.62188537,0.32924377074,0.0016042639285714286,30,0,0.0,0.0,0.0,0.0,0.0,0.191956,0.185
164.62188537,0.31356549594285715,0.0016042639285714286,30,0,0.0,0.0,0.0,0.0,0.0,0.167078,0.69999999
164.62188537,0.29931251885454546,0.0016042639285714286,30,0,0.0,0.0,0.0,0.0,0.0,0.151797,2.105
165.82260606,0.31585258297142854,0.001586404642857143,29,1,0.0,0.0,0.0,0.0,0.0,0.16198701,1.63
165.82260606,0.30149564738181817,0.001586404642857143,29,1,0.0,0.0,0.0,0.0,0.0,0.149488,0.37000000499999997
165.82260606,0.31585258297142854,0.001586404642857143,29,0,0.0,0.0,0.0,0.0,0.0,0.163965,0.534999995
171.66117849,0.3121112336181818,0.001602558,32,1,0.0,0.0,0.0,0.0,0.0,0.158005,1.275
171.66117849,0.2985411799826087,0.001602558,32,1,0.0,0.0,0.0,0.0,0.0,0.14178699,0.255
171.66117849,0.32697367331428573,0.001602558,32,0,0.0,0.0,0.0,0.0,0.0,0.187242,0.255
171.66117849,0.3121112336181818,0.001602558,32,0,0.0,0.0,0.0,0.0,0.0,0.15661199,0.81
171.66117849,0.2985411799826087,0.001602558,32,0,0.0,0.0,0.0,0.0,0.0,0.141923,2.29999995
171.16603177,0.3112109668545454,0.0015965902857142855,31,1,0.0,0.0,0.0,0.0,0.0,0.157268,1.1749999999999998
171.16603177,0.2976800552521739,0.0015965902857142855,31,1,0.0,0.0,0.0,0.0,0.0,0.142083,0.219999995
171.16603177,0.3260305367047619,0.0015965902857142855,31,0,0.0,0.0,0.0,0.0,0.0,0.184653,0.255
171.16603177,0.3112109668545454,0.0015965902857142855,31,0,0.0,0.0,0.0,0.0,0.0,0.15132301,0.81999999
171.16603177,0.2976800552521739,0.0015965902857142855,31,0,0.0,0.0,0.0,0.0,0.0,0.13767201,2.385
171.93969852,0.34387939704000003,0.0015540531428571427,30,1,0.0,0.0,0.0,0.0,0.0,-99.989998,5.5
171.93969852,0.3275041876571429,0.0015540531428571427,30,1,0.0,0.0,0.0,0.0,0.0,0.180445,3.25
171.93969852,0.31261763367272727,0.0015540531428571427,30,1,0.0,0.0,0.0,0.0,0.0,0.15375701,1.275
171.93969852,0.2990255626434783,0.0015540531428571427,30,1,0.0,0.0,0.0,0.0,0.0,0.13633101,0.229999995
171.93969852,0.35820770525,0.0015540531428571427,30,0,0.0,0.0,0.0,0.0,0.0,0.287604,0.0649999995
171.93969852,0.35089734391836735,0.0015540531428571427,30,0,0.0,0.0,0.0,0.0,0.0,0.26082399,0.0750000015
171.93969852,0.34387939704000003,0.0015540531428571427,30,0,0.0,0.0,0.0,0.0,0.0,0.23791,0.094999999
171.93969852,0.3275041876571429,0.0015540531428571427,30,0,0.0,0.0,0.0,0.0,0.0,0.186479,0.21500000000000002
171.93969852,0.31261763367272727,0.0015540531428571427,30,0,0.0,0.0,0.0,0.0,0.0,0.152236,0.7100000099999999
173.48703202,0.33045148956190473,0.0015385482857142856,29,1,0.0,0.0,0.0,0.0,0.0,0.19157299,3.7250000500000002
173.48703202,0.31543096730909087,0.0015385482857142856,29,1,0.0,0.0,0.0,0.0,0.0,0.152665,1.58
173.48703202,0.30171657742608693,0.0015385482857142856,29,1,0.0,0.0,0.0,0.0,0.0,0.13631099,0.335000005
173.48703202,0.2891450533666666,0.0015385482857142856,29,1,0.0,0.0,0.0,0.0,0.0,0.143223,0.045000000000000005
173.48703202,0.3614313167083333,0.0015385482857142856,29,0,0.0,0.0,0.0,0.0,0.0,0.276584,0.0350000005
173.48703202,0.33045148956190473,0.0015385482857142856,29,0,0.0,0.0,0.0,0.0,0.0,0.18500599,0.14000000499999998
173.48703202,0.31543096730909087,0.0015385482857142856,29,0,0.0,0.0,0.0,0.0,0.0,0.15117601,0.504999995
173.48703202,0.30171657742608693,0.0015385482857142856,29,0,0.0,0.0,0.0,0.0,0.0,0.13461,1.76
170.8256184,0.31059203345454545,0.0022424742857142855,187,1,0.0,0.0,0.0,0.0,0.0,0.179125,2.69500005
170.8256184,0.297088032,0.0022424742857142855,187,0,0.0,0.0,0.0,0.0,0.0,0.174217,4.42499995
171.93969852,0.2990255626434783,0.0015612533333333335,32,1,0.0,0.0,0.0,0.0,0.0,0.17715199,0.43499999
171.93969852,0.3275041876571429,0.0015612533333333335,32,0,0.0,0.0,0.0,0.0,0.0,0.211946,0.355000005
171.93969852,0.31261763367272727,0.0015612533333333335,32,0,0.0,0.0,0.0,0.0,0.0,0.180774,0.9600000099999999
171.93969852,0.2990255626434783,0.0015612533333333335,32,0,0.0,0.0,0.0,0.0,0.0,0.16654,2.4100001
171.93969852,0.2990255626434783,0.0022401219047619046,186,1,0.0,0.0,0.0,0.0,0.0,0.171745,1.705
171.93969852,0.34387939704000003,0.0022401219047619046,186,0,0.0,0.0,0.0,0.0,0.0,0.202002,1.15499995
173.27040533,0.33003886729523807,0.001555086,31,1,0.0,0.0,0.0,0.0,0.0,0.23090699,3.8000000500000004
173.27040533,0.31503710059999995,0.001555086,31,1,0.0,0.0,0.0,0.0,0.0,0.183118,1.725
173.27040533,0.33003886729523807,0.001555086,31,0,0.0,0.0,0.0,0.0,0.0,0.214221,0.269999995
173.27040533,0.3013398353565217,0.001555086,31,0,0.0,0.0,0.0,0.0,0.0,0.171766,2.06499995
172.58957859,0.3287420544571429,0.0015433,30,1,0.0,0.0,0.0,0.0,0.0,0.224269,3.6
172.58957859,0.3137992338,0.0015433,30,1,0.0,0.0,0.0,0.0,0.0,0.18485001,1.6
172.58957859,0.3001557888521739,0.0015433,30,1,0.0,0.0,0.0,0.0,0.0,0.169554,0.44500001
172.58957859,0.3287420544571429,0.0015433,30,0,0.0,0.0,0.0,0.0,0.0,0.21042401,0.269999995
172.58957859,0.3137992338,0.0015433,30,0,0.0,0.0,0.0,0.0,0.0,0.17941301,0.78999999
172.58957859,0.3001557888521739,0.0015433,30,0,0.0,0.0,0.0,0.0,0.0,0.163221,2.135
172.58957859,0.3001557888521739,0.0020540925714285715,93,1,0.0,0.0,0.0,0.0,0.0,0.156754,0.97
172.58957859,0.28764929765,0.0020540925714285715,93,1,0.0,0.0,0.0,0.0,0.0,0.153264,0.370000005
172.58957859,0.34517915718000003,0.0020540925714285715,93,0,0.0,0.0,0.0,0.0,0.0,0.201239,0.41999999
172.58957859,0.3287420544571429,0.0020540925714285715,93,0,0.0,0.0,0.0,0.0,0.0,0.181501,0.81999999
172.58957859,0.3001557888521739,0.0020540925714285715,93,0,0.0,0.0,0.0,0.0,0.0,0.15215001,2.9
172.58957859,0.3001557888521739,0.0022429161904761906,184,1,0.0,0.0,0.0,0.0,0.0,0.16598,1.7149999500000002
172.58957859,0.3001557888521739,0.0022429161904761906,184,0,0.0,0.0,0.0,0.0,0.0,0.163591,3.875
172.58957859,0.3001557888521739,0.0020747605714285713,89,1,0.0,0.0,0.0,0.0,0.0,0.154866,0.9149999950000001
172.58957859,0.28764929765,0.0020747605714285713,89,1,0.0,0.0,0.0,0.0,0.0,0.153051,0.344999995
172.58957859,0.276143325744,0.0020747605714285713,89,1,0.0,0.0,0.0,0.0,0.0,0.152583,0.1099999995
172.58957859,0.28764929765,0.0020747605714285713,89,0,0.0,0.0,0.0,0.0,0.0,0.127097,4.67499995
172.58957859,0.3001557888521739,0.002257325714285714,180,1,0.0,0.0,0.0,0.0,0.0,0.164903,1.665
172.58957859,0.28764929765,0.002257325714285714,180,1,0.0,0.0,0.0,0.0,0.0,0.16020399,0.890000015
172.58957859,0.2655224286,0.002257325714285714,180,1,0.0,0.0,0.0,0.0,0.0,0.166475,0.265
172.58957859,0.3835323968666667,0.002257325714285714,180,0,0.0,0.0,0.0,0.0,0.0,0.23346999,0.409999995
172.58957859,0.34517915718000003,0.002257325714285714,180,0,0.0,0.0,0.0,0.0,0.0,0.198149,1.01000001
173.36324534,0.2889387422333333,0.00225016380952381,179,1,0.0,0.0,0.0,0.0,0.0,0.160247,0.9099999999999999
173.36324534,0.34672649068,0.00225016380952381,179,0,0.0,0.0,0.0,0.0,0.0,0.19482499,0.9500000200000001
173.88933873,0.3024162412695652,0.0022602138095238096,178,1,0.0,0.0,0.0,0.0,0.0,0.162421,1.7850000499999998
173.88933873,0.28981556454999996,0.0022602138095238096,178,1,0.0,0.0,0.0,0.0,0.0,0.15599599,0.935000005
173.88933873,0.33121778805714286,0.0022602138095238096,178,0,0.0,0.0,0.0,0.0,0.0,0.184632,1.47500005
174.5392188,0.30354646747826086,0.0022531914285714287,177,1,0.0,0.0,0.0,0.0,0.0,0.16413,1.865
179.73825935999997,0.31258827714782605,0.001514012857142857,32,1,0.0,0.0,0.0,0.0,0.0,0.13149101,1.04500005
179.73825935999997,0.31258827714782605,0.001514012857142857,32,0,0.0,0.0,0.0,0.0,0.0,0.120796,0.7100000099999999
180.79044614,0.3144181672,0.0015108553571428571,31,1,0.0,0.0,0.0,0.0,0.0,0.127222,1.21000005
180.79044614,0.3144181672,0.0015108553571428571,31,0,0.0,0.0,0.0,0.0,0.0,0.119353,0.555000005
180.79044614,0.30131741023333336,0.0015108553571428571,31,0,0.0,0.0,0.0,0.0,0.0,0.1136,2.11
180.57381945,0.31404142513043476,0.0015137100000000001,30,1,0.0,0.0,0.0,0.0,0.0,0.12256,1.15499995
180.66665946,0.3142028860173913,0.0015075303571428572,29,1,0.0,0.0,0.0,0.0,0.0,0.117582,1.13
184.11710681,0.3202036640173913,0.0015963088571428572,32,1,0.0,0.0,0.0,0.0,0.0,0.16632999,2.0749999499999996
184.11710681,0.30686184468333333,0.0015963088571428572,32,1,0.0,0.0,0.0,0.0,0.0,0.135322,0.534999995
184.11710681,0.3202036640173913,0.0015963088571428572,32,0,0.0,0.0,0.0,0.0,0.0,0.13206001,0.355000005
184.11710681,0.30686184468333333,0.0015963088571428572,32,0,0.0,0.0,0.0,0.0,0.0,0.095638998,1.3050000000000002
183.96162875999997,0.3199332674086956,0.0015655511428571429,31,1,0.0,0.0,0.0,0.0,0.0,0.149682,2.02999995
183.96162875999997,0.30660271459999994,0.0015655511428571429,31,1,0.0,0.0,0.0,0.0,0.0,0.116751,0.44500001
183.96162875999997,0.3199332674086956,0.0015655511428571429,31,0,0.0,0.0,0.0,0.0,0.0,0.13615599,0.329999995
183.96162875999997,0.30660271459999994,0.0015655511428571429,31,0,0.0,0.0,0.0,0.0,0.0,0.110791,1.2850000499999998
182.90437802,0.3180945704695652,0.0015544959999999998,30,1,0.0,0.0,0.0,0.0,0.0,0.13660599,1.7
182.90437802,0.30484063003333334,0.0015544959999999998,30,1,0.0,0.0,0.0,0.0,0.0,0.11558,0.325
182.90437802,0.292647004832,0.0015544959999999998,30,1,0.0,0.0,0.0,0.0,0.0,0.118938,0.0300000004
182.90437802,0.30484063003333334,0.0015544959999999998,30,0,0.0,0.0,0.0,0.0,0.0,0.113365,1.52
182.90437802,0.3180945704695652,0.0015484617142857142,29,1,0.0,0.0,0.0,0.0,0.0,0.134912,1.7
182.90437802,0.30484063003333334,0.0015484617142857142,29,1,0.0,0.0,0.0,0.0,0.0,0.110448,0.29500000000000004
182.90437802,0.3180945704695652,0.0015484617142857142,29,0,0.0,0.0,0.0,0.0,0.0,0.13435601,0.36999999
182.90437802,0.30484063003333334,0.0015484617142857142,29,0,0.0,0.0,0.0,0.0,0.0,0.107054,1.45
181.22521508,0.30204202513333334,0.0023382174285714284,187,1,0.0,0.0,0.0,0.0,0.0,0.15012699,1.5750000000000002
181.22521508,0.3295003910545454,0.0023382174285714284,187,0,0.0,0.0,0.0,0.0,0.0,0.165666,1.52
181.78493605999998,0.3029748934333333,0.0015772120000000001,32,1,0.0,0.0,0.0,0.0,0.0,0.152284,0.47
181.78493605999998,0.3161477148869565,0.0015772120000000001,32,0,0.0,0.0,0.0,0.0,0.0,0.16322701,0.7000000200000001
181.78493605999998,0.3029748934333333,0.002360027714285714,186,1,0.0,0.0,0.0,0.0,0.0,0.150006,1.65500005
180.85206775999998,0.3145253352347826,0.0015763399999999999,31,1,0.0,0.0,0.0,0.0,0.0,0.165783,1.47999995
180.85206775999998,0.36170413551999997,0.0015763399999999999,31,0,0.0,0.0,0.0,0.0,0.0,0.30695099,0.0900000045
180.85206775999998,0.32882194138181814,0.0015763399999999999,31,0,0.0,0.0,0.0,0.0,0.0,0.18477599,0.23500000000000001
180.85206775999998,0.3145253352347826,0.0015763399999999999,31,0,0.0,0.0,0.0,0.0,0.0,0.16692799,0.8200000199999999
180.85206775999998,0.3014201129333333,0.0023552214285714286,185,1,0.0,0.0,0.0,0.0,0.0,0.149266,1.525
180.85206775999998,0.289363308416,0.0023552214285714286,185,1,0.0,0.0,0.0,0.0,0.0,0.148715,0.830000015
179.79481701999998,0.31268663829565213,0.0015691866666666667,30,1,0.0,0.0,0.0,0.0,0.0,0.17500301,1.325
179.79481701999998,0.29965802836666666,0.0015691866666666667,30,1,0.0,0.0,0.0,0.0,0.0,0.16357701,0.340000005
179.79481701999998,0.31268663829565213,0.0021046914285714285,93,1,0.0,0.0,0.0,0.0,0.0,0.149,1.78
179.79481701999998,0.29965802836666666,0.0021046914285714285,93,1,0.0,0.0,0.0,0.0,0.0,0.13997,0.72
179.79481701999998,0.32689966730909087,0.0021046914285714285,93,0,0.0,0.0,0.0,0.0,0.0,0.158958,0.7999999799999999
179.79481701999998,0.31268663829565213,0.002358604,184,1,0.0,0.0,0.0,0.0,0.0,0.161365,2.58499995
179.79481701999998,0.29965802836666666,0.002358604,184,1,0.0,0.0,0.0,0.0,0.0,0.150839,1.415
179.79481701999998,0.287671707232,0.002358604,184,1,0.0,0.0,0.0,0.0,0.0,0.14997301,0.75999999
179.79481701999998,0.32689966730909087,0.002358604,184,0,0.0,0.0,0.0,0.0,0.0,0.167904,1.665
179.79481701999998,0.31268663829565213,0.002358604,184,0,0.0,0.0,0.0,0.0,0.0,0.157355,2.6449999999999996
180.54111165999998,0.3139845420173913,0.0015364825000000002,29,1,0.0,0.0,0.0,0.0,0.0,0.177834,1.38
180.54111165999998,0.30090185276666664,0.0015364825000000002,29,1,0.0,0.0,0.0,0.0,0.0,0.155247,0.30499999
180.54111165999998,0.3139845420173913,0.0015364825000000002,29,0,0.0,0.0,0.0,0.0,0.0,0.15294001,0.805000005
180.54111165999998,0.288865778656,0.0020988634285714286,92,1,0.0,0.0,0.0,0.0,0.0,0.12942401,0.2
180.54111165999998,0.3139845420173913,0.0020988634285714286,92,0,0.0,0.0,0.0,0.0,0.0,0.137457,1.5150000000000001
180.54111165999998,0.30090185276666664,0.0023570754285714285,183,1,0.0,0.0,0.0,0.0,0.0,0.153476,1.4449999500000001
180.38563360999999,0.3006427226833333,0.0021036242857142857,89,1,0.0,0.0,0.0,0.0,0.0,0.138907,0.685000005
180.38563360999999,0.3006427226833333,0.0021036242857142857,89,0,0.0,0.0,0.0,0.0,0.0,0.114702,2.87999995
180.38563360999999,0.31371414540869563,0.002363752,180,1,0.0,0.0,0.0,0.0,0.0,0.16122,2.5950000500000003
180.38563360999999,0.28861701377599996,0.002363752,180,1,0.0,0.0,0.0,0.0,0.0,0.145081,0.6950000249999999
180.38563360999999,0.34359168306666665,0.002363752,180,0,0.0,0.0,0.0,0.0,0.0,0.179215,0.975
180.63439849,0.289015037584,0.002349668285714286,179,1,0.0,0.0,0.0,0.0,0.0,0.144374,0.68000001
180.63439849,0.36126879698,0.002349668285714286,179,0,0.0,0.0,0.0,0.0,0.0,0.198154,0.6299999949999999
181.38069312999997,0.31544468370434775,0.0023603182857142857,178,1,0.0,0.0,0.0,0.0,0.0,0.15872,2.75
181.38069312999997,0.29020910900799995,0.0023603182857142857,178,1,0.0,0.0,0.0,0.0,0.0,0.14259399,0.744999975
181.38069312999997,0.31544468370434775,0.0023603182857142857,178,0,0.0,0.0,0.0,0.0,0.0,0.15333401,2.3199999499999997
181.38069312999997,0.3023011552166666,0.0023603182857142857,178,0,0.0,0.0,0.0,0.0,0.0,0.14201,3.6
181.87822289,0.33068767798181814,0.0023533577142857143,177,1,0.0,0.0,0.0,0.0,0.0,0.171582,4.47500015
190.9270454,0.3182117423333333,0.0015730385714285713,31,1,0.0,0.0,0.0,0.0,0.0,0.11547,1.5550000000000002
190.9270454,0.3818540908,0.0015730385714285713,31,0,0.0,0.0,0.0,0.0,0.0,0.33596101,0.0399999999
191.26909711,0.31878182851666664,0.0015637517857142857,30,1,0.0,0.0,0.0,0.0,0.0,0.12820099,1.63
191.26909711,0.306030555376,0.0015637517857142857,30,1,0.0,0.0,0.0,0.0,0.0,0.107742,0.24999999
191.26909711,0.306030555376,0.0021702403571428573,93,0,0.0,0.0,0.0,0.0,0.0,0.12572899,2.40999995
190.36732442,0.3310736076869565,0.001550074642857143,29,1,0.0,0.0,0.0,0.0,0.0,0.18828399,3.7750001
192.76420581000002,0.32127367635000004,0.0015839857142857141,32,1,0.0,0.0,0.0,0.0,0.0,0.14779299,2.07499995
192.76420581000002,0.38552841162000007,0.0015839857142857141,32,0,0.0,0.0,0.0,0.0,0.0,0.35371,0.049999999
192.88915425000002,0.3354593986956522,0.0015671251428571427,31,1,0.0,0.0,0.0,0.0,0.0,0.194565,4.42499995
194.66966952,0.3244494492,0.0015574742857142857,30,1,0.0,0.0,0.0,0.0,0.0,0.14964899,2.54999995
194.66966952,0.31147147123200003,0.0015574742857142857,30,1,0.0,0.0,0.0,0.0,0.0,0.116972,0.72
194.66966952,0.3244494492,0.0015574742857142857,30,0,0.0,0.0,0.0,0.0,0.0,0.130273,0.195
194.29482420000002,0.32382470700000004,0.0015442608571428571,29,1,0.0,0.0,0.0,0.0,0.0,0.13719399,2.4300000500000003
194.29482420000002,0.31087171872,0.0015442608571428571,29,1,0.0,0.0,0.0,0.0,0.0,0.110893,0.640000015
194.29482420000002,0.32382470700000004,0.0015442608571428571,29,0,0.0,0.0,0.0,0.0,0.0,0.130821,0.195
194.29482420000002,0.31087171872,0.0015442608571428571,29,0,0.0,0.0,0.0,0.0,0.0,0.105443,0.89500001
190.73379366,0.29343660563076923,0.002307587142857143,186,1,0.0,0.0,0.0,0.0,0.0,0.17020001,1.3399999999999999
192.48307182,0.30797291491199996,0.0023058342857142857,185,1,0.0,0.0,0.0,0.0,0.0,0.176847,2.46500005
192.48307182,0.33475316838260866,0.0023058342857142857,185,0,0.0,0.0,0.0,0.0,0.0,0.190982,1.745
186.98534046,0.3116422341,0.002142423142857143,93,1,0.0,0.0,0.0,0.0,0.0,0.19265001,2.135
186.98534046,0.299176544736,0.002142423142857143,93,1,0.0,0.0,0.0,0.0,0.0,0.18145201,1.0750000000000002
186.98534046,0.299176544736,0.002142423142857143,93,0,0.0,0.0,0.0,0.0,0.0,0.18155999,3.97500005
189.42183504000002,0.34440333643636367,0.0021362237142857144,92,0,0.0,0.0,0.0,0.0,0.0,0.21338201,0.68000001
189.42183504000002,0.32942927833043484,0.0021362237142857144,92,0,0.0,0.0,0.0,0.0,0.0,0.189659,1.1300001
189.42183504000002,0.3157030584,0.0021362237142857144,92,0,0.0,0.0,0.0,0.0,0.0,0.170156,1.935
190.07781435,0.31679635725,0.0021367234285714284,89,1,0.0,0.0,0.0,0.0,0.0,0.17849401,2.355
190.07781435,0.30412450296000004,0.0021367234285714284,89,1,0.0,0.0,0.0,0.0,0.0,0.16486301,1.125
190.07781435,0.3455960260909091,0.0021367234285714284,89,0,0.0,0.0,0.0,0.0,0.0,0.20757499,0.58000001
190.07781435,0.3305701119130435,0.0021367234285714284,89,0,0.0,0.0,0.0,0.0,0.0,0.183026,0.985
190.07781435,0.31679635725,0.0021367234285714284,89,0,0.0,0.0,0.0,0.0,0.0,0.162219,1.7349999999999999
193.76379333,0.31002206932799997,0.0015674942857142856,32,1,0.0,0.0,0.0,0.0,0.0,0.16321699,0.98
193.76379333,0.2980981435846154,0.0015674942857142856,32,1,0.0,0.0,0.0,0.0,0.0,0.15294801,0.224999995
193.76379333,0.32293965555,0.0015674942857142856,32,0,0.0,0.0,0.0,0.0,0.0,0.188889,0.58000001
193.76379333,0.31002206932799997,0.0015674942857142856,32,0,0.0,0.0,0.0,0.0,0.0,0.163271,1.45
193.76379333,0.2980981435846154,0.0015674942857142856,32,0,0.0,0.0,0.0,0.0,0.0,0.137417,3.13
193.76379333,0.31002206932799997,0.002352040476190476,178,1,0.0,0.0,0.0,0.0,0.0,0.167377,2.4649999
193.76379333,0.35229780605454547,0.002352040476190476,178,0,0.0,0.0,0.0,0.0,0.0,0.20377199,1.015000005
193.76379333,0.31002206932799997,0.002352040476190476,178,0,0.0,0.0,0.0,0.0,0.0,0.167143,3.4
193.07657691000003,0.32179429485000005,0.001554607857142857,31,1,0.0,0.0,0.0,0.0,0.0,0.20753101,2.5449999500000002
193.07657691000003,0.30892252305600004,0.001554607857142857,31,0,0.0,0.0,0.0,0.0,0.0,0.170486,1.6099999999999999
193.670082,0.32278347,0.0015337142857142858,30,1,0.0,0.0,0.0,0.0,0.0,0.20180599,2.59500005
193.670082,0.3098721312,0.0015337142857142858,30,1,0.0,0.0,0.0,0.0,0.0,0.167183,0.935000005
193.670082,0.2979539723076923,0.0015337142857142858,30,1,0.0,0.0,0.0,0.0,0.0,0.157381,0.21000000000000002
193.670082,0.32278347,0.0015337142857142858,30,0,0.0,0.0,0.0,0.0,0.0,0.191177,0.58000001
193.670082,0.3098721312,0.0015337142857142858,30,0,0.0,0.0,0.0,0.0,0.0,0.167548,1.49
195.45059727,0.32575099545,0.0015249307142857144,29,1,0.0,0.0,0.0,0.0,0.0,0.206001,2.96500005
195.45059727,0.31272095563200003,0.0015249307142857144,29,1,0.0,0.0,0.0,0.0,0.0,0.173786,1.185
195.45059727,0.41147494162105264,0.0015249307142857144,29,0,0.0,0.0,0.0,0.0,0.0,0.41217801,0.0199999995
195.45059727,0.32575099545,0.0015249307142857144,29,0,0.0,0.0,0.0,0.0,0.0,0.1877,0.43000001
195.45059727,0.31272095563200003,0.0015249307142857144,29,0,0.0,0.0,0.0,0.0,0.0,0.153302,1.125
208.63265769000003,0.32097331952307695,0.001596678,32,1,0.0,0.0,0.0,0.0,0.0,0.134875,2.0299999499999997
208.63265769000003,0.30908541880000007,0.001596678,32,1,0.0,0.0,0.0,0.0,0.0,0.120689,0.545000015
210.44441007000003,0.31176949640000007,0.00158334,31,1,0.0,0.0,0.0,0.0,0.0,0.118244,0.694999995
210.19451319000004,0.31139927880000007,0.0015728900000000002,30,1,0.0,0.0,0.0,0.0,0.0,0.111577,0.640000015
210.19451319000004,0.3233761741384616,0.0015728900000000002,30,0,0.0,0.0,0.0,0.0,0.0,0.13455699,0.31
210.19451319000004,0.31139927880000007,0.0015728900000000002,30,0,0.0,0.0,0.0,0.0,0.0,0.111478,1.12
210.53812140000002,0.3239048021538462,0.0015655225714285715,29,1,0.0,0.0,0.0,0.0,0.0,0.14918,2.53
210.53812140000002,0.311908328,0.0015655225714285715,29,1,0.0,0.0,0.0,0.0,0.0,0.115307,0.7000000150000001
210.81444813,0.35135741355,0.0016573359999999997,32,1,0.0,0.0,0.0,0.0,0.0,0.36239299,7.7249999
210.81444813,0.32432992019999995,0.0016573359999999997,32,1,0.0,0.0,0.0,0.0,0.0,0.20666,2.96000005
210.81444813,0.31231770093333333,0.0016573359999999997,32,1,0.0,0.0,0.0,0.0,0.0,0.16534901,1.1800000000000002
210.81444813,0.3011634973285714,0.0016573359999999997,32,1,0.0,0.0,0.0,0.0,0.0,0.15206,0.31000000000000005
210.81444813,0.337303117008,0.0016573359999999997,32,0,0.0,0.0,0.0,0.0,0.0,0.222507,0.290000005
210.81444813,0.32432992019999995,0.0016573359999999997,32,0,0.0,0.0,0.0,0.0,0.0,0.181457,0.574999985
210.81444813,0.31231770093333333,0.0016573359999999997,32,0,0.0,0.0,0.0,0.0,0.0,0.157693,1.4
213.98246766,0.3170110632,0.0016633800000000001,31,1,0.0,0.0,0.0,0.0,0.0,0.174897,1.7749999500000002
213.98246766,0.32920379639999997,0.0016633800000000001,31,0,0.0,0.0,0.0,0.0,0.0,0.183852,0.355000005
213.98246766,0.3170110632,0.0016633800000000001,31,0,0.0,0.0,0.0,0.0,0.0,0.159861,0.93000001
218.90701287000002,0.3243066857333334,0.001662685,30,1,0.0,0.0,0.0,0.0,0.0,0.154239,2.57500005
218.90701287000002,0.3127243041,0.001662685,30,1,0.0,0.0,0.0,0.0,0.0,0.13851801,0.9249999849999999
218.90701287000002,0.33678001980000005,0.001662685,30,0,0.0,0.0,0.0,0.0,0.0,0.212431,0.27
218.90701287000002,0.3243066857333334,0.001662685,30,0,0.0,0.0,0.0,0.0,0.0,0.154082,0.44
219.22067816999999,0.32477137506666665,0.001637418333333333,29,1,0.0,0.0,0.0,0.0,0.0,0.146906,2.69500005
219.22067816999999,0.3131723973857143,0.001637418333333333,29,1,0.0,0.0,0.0,0.0,0.0,0.13006701,0.96000001
219.22067816999999,0.32477137506666665,0.001637418333333333,29,0,0.0,0.0,0.0,0.0,0.0,0.155513,0.37000000499999997
218.6247141,0.336345714,0.002938859010989011,186,1,0.0,0.0,0.0,0.0,0.0,0.19765501,6.35000015
218.6247141,0.2914996188,0.004108949230769231,368,1,0.0,0.0,0.0,0.0,0.0,0.178757,2.6800000500000003
219.94210836000002,0.29325614448000004,0.0029150672527472527,185,1,0.0,0.0,0.0,0.0,0.0,0.161091,1.2850000499999998
219.94210836000002,0.2837962688516129,0.004035001538461538,367,1,0.0,0.0,0.0,0.0,0.0,0.169331,1.92
217.77781779000003,0.32263380413333337,0.0023139682857142856,93,1,0.0,0.0,0.0,0.0,0.0,0.18610901,3.4499999499999996
217.77781779000003,0.3111111682714286,0.0023139682857142856,93,1,0.0,0.0,0.0,0.0,0.0,0.173979,2.0049999
217.77781779000003,0.6222223365428572,0.0023139682857142856,93,0,0.0,0.0,0.0,0.0,0.0,0.52167797,0.0199999995
217.77781779000003,0.3350427966,0.0023139682857142856,93,0,0.0,0.0,0.0,0.0,0.0,0.19577999,1.095
217.77781779000003,0.30038319695172416,0.0023139682857142856,93,0,0.0,0.0,0.0,0.0,0.0,0.16572,4.47500015
217.77781779000003,0.32263380413333337,0.002729480549450549,184,1,0.0,0.0,0.0,0.0,0.0,0.179197,4.2500001
217.15048719,0.347440779504,0.002675256593406593,183,0,0.0,0.0,0.0,0.0,0.0,0.201851,1.4100000000000001
217.15048719,0.3340776726,0.002675256593406593,183,0,0.0,0.0,0.0,0.0,0.0,0.19236,2.05499995
217.15048719,0.29951791336551725,0.003626322967032967,365,1,0.0,0.0,0.0,0.0,0.0,0.182161,3.3499999
217.15048719,0.36191747865,0.003626322967032967,365,0,0.0,0.0,0.0,0.0,0.0,0.214233,2.26999995
222.20049852,0.3174292836,0.002326640857142857,91,1,0.0,0.0,0.0,0.0,0.0,0.17305,2.70000005
222.20049852,0.30648344623448276,0.002326640857142857,91,1,0.0,0.0,0.0,0.0,0.0,0.160659,1.43
222.20049852,0.5555012463,0.002326640857142857,91,0,0.0,0.0,0.0,0.0,0.0,0.47473601,0.034999999399999995
222.20049852,0.355520797632,0.002326640857142857,91,0,0.0,0.0,0.0,0.0,0.0,0.230878,0.584999995
222.20049852,0.32918592373333333,0.002326640857142857,91,0,0.0,0.0,0.0,0.0,0.0,0.181761,1.28
222.20049852,0.30648344623448276,0.002326640857142857,91,0,0.0,0.0,0.0,0.0,0.0,0.154816,3.35
222.20049852,0.28671032067096774,0.002789403174603175,182,1,0.0,0.0,0.0,0.0,0.0,0.153374,0.8050000049999999
222.20049852,0.32918592373333333,0.002789403174603175,182,0,0.0,0.0,0.0,0.0,0.0,0.183484,2.33500005
222.20049852,0.3703341642,0.004052301098901099,364,1,0.0,0.0,0.0,0.0,0.0,0.215473,11.875
222.20049852,0.29626733136,0.004052301098901099,364,1,0.0,0.0,0.0,0.0,0.0,0.168623,2.62
220.69490507999998,0.3269554149333333,0.0017139342857142856,31,1,0.0,0.0,0.0,0.0,0.0,0.222068,3.5500000500000004
220.69490507999998,0.3152784358285714,0.0017139342857142856,31,1,0.0,0.0,0.0,0.0,0.0,0.192238,1.745
220.69490507999998,0.3044067656275862,0.0017139342857142856,31,1,0.0,0.0,0.0,0.0,0.0,0.17764699,0.640000015
220.69490507999998,0.3395306232,0.0017139342857142856,31,0,0.0,0.0,0.0,0.0,0.0,0.249125,0.344999995
220.69490507999998,0.3269554149333333,0.0017139342857142856,31,0,0.0,0.0,0.0,0.0,0.0,0.220882,0.7000000200000001
220.69490507999998,0.3152784358285714,0.0017139342857142856,31,0,0.0,0.0,0.0,0.0,0.0,0.194253,1.42
220.69490507999998,0.3044067656275862,0.0017139342857142856,31,0,0.0,0.0,0.0,0.0,0.0,0.17779,2.8000001
220.69490507999998,0.3044067656275862,0.0028123158730158724,178,1,0.0,0.0,0.0,0.0,0.0,0.164294,2.11500005
220.69490507999998,0.3395306232,0.0028123158730158724,178,0,0.0,0.0,0.0,0.0,0.0,0.191982,1.69
220.69490507999998,0.3269554149333333,0.0028123158730158724,178,0,0.0,0.0,0.0,0.0,0.0,0.182143,2.43999995
220.69490507999998,0.3044067656275862,0.0028123158730158724,178,0,0.0,0.0,0.0,0.0,0.0,0.164947,4.77499985
220.69490507999998,0.3152784358285714,0.004106559120879121,360,1,0.0,0.0,0.0,0.0,0.0,0.18992899,5.07500005
220.69490507999998,0.5517372627,0.004106559120879121,360,0,0.0,0.0,0.0,0.0,0.0,0.33252999,0.334999995
220.5067059,0.3266766013333333,0.0016868585714285716,30,1,0.0,0.0,0.0,0.0,0.0,0.221876,3.5
220.5067059,0.31500957985714284,0.0016868585714285716,30,1,0.0,0.0,0.0,0.0,0.0,0.194501,1.72000005
220.5067059,0.30414718055172413,0.0016868585714285716,30,1,0.0,0.0,0.0,0.0,0.0,0.176789,0.60499999
220.5067059,0.4009212834545454,0.0016868585714285716,30,0,0.0,0.0,0.0,0.0,0.0,0.464113,0.105
220.5067059,0.33924108599999997,0.0016868585714285716,30,0,0.0,0.0,0.0,0.0,0.0,0.24995001,0.335000005
220.5067059,0.3266766013333333,0.0016868585714285716,30,0,0.0,0.0,0.0,0.0,0.0,0.213109,0.63500002
220.5067059,0.31500957985714284,0.0016868585714285716,30,0,0.0,0.0,0.0,0.0,0.0,0.18879101,1.365
220.5067059,0.30414718055172413,0.0016868585714285716,30,0,0.0,0.0,0.0,0.0,0.0,0.169976,2.75
220.5067059,0.31500957985714284,0.002805629841269841,177,0,0.0,0.0,0.0,0.0,0.0,0.165668,3.3000000500000004
220.5067059,0.30414718055172413,0.002805629841269841,177,0,0.0,0.0,0.0,0.0,0.0,0.158785,4.6500001
225.68218335,0.3343439753333333,0.0016840307142857141,29,1,0.0,0.0,0.0,0.0,0.0,0.22505,4.7750001
225.68218335,0.3224031190714286,0.0016840307142857141,29,1,0.0,0.0,0.0,0.0,0.0,0.180535,2.5849998999999997
225.68218335,0.311285770137931,0.0016840307142857141,29,1,0.0,0.0,0.0,0.0,0.0,0.16702899,1.0750000000000002
225.68218335,0.3009095778,0.0016840307142857141,29,1,0.0,0.0,0.0,0.0,0.0,0.154285,0.280000005
225.68218335,0.3343439753333333,0.0016840307142857141,29,0,0.0,0.0,0.0,0.0,0.0,0.21809,0.33999999000000003
225.68218335,0.3224031190714286,0.0016840307142857141,29,0,0.0,0.0,0.0,0.0,0.0,0.18868101,0.7450000050000001
225.68218335,0.311285770137931,0.0016840307142857141,29,0,0.0,0.0,0.0,0.0,0.0,0.16920801,1.7000000499999999
224.05112379000002,0.3319275908,0.0016665557142857142,28,1,0.0,0.0,0.0,0.0,0.0,0.231812,4.4000001
224.05112379000002,0.3200730339857143,0.0016665557142857142,28,1,0.0,0.0,0.0,0.0,0.0,0.19571701,2.3550000000000004
224.05112379000002,0.3090360328137931,0.0016665557142857142,28,1,0.0,0.0,0.0,0.0,0.0,0.166439,0.859999985
224.05112379000002,0.3200730339857143,0.0016665557142857142,28,0,0.0,0.0,0.0,0.0,0.0,0.184505,0.835000005
224.05112379000002,0.3090360328137931,0.0016665557142857142,28,0,0.0,0.0,0.0,0.0,0.0,0.163608,1.89999995
223.54925930999997,0.3193560847285714,0.001809635714285714,31,1,0.0,0.0,0.0,0.0,0.0,0.165961,1.88499995
223.54925930999997,0.3083438059448275,0.001809635714285714,31,1,0.0,0.0,0.0,0.0,0.0,0.14917199,0.59999999
221.79273363,0.3168467623285714,0.0017966307142857144,30,1,0.0,0.0,0.0,0.0,0.0,0.161883,1.505
221.79273363,0.3059210119034483,0.0017966307142857144,30,1,0.0,0.0,0.0,0.0,0.0,0.14582799,0.414999995
221.79273363,0.3285818276,0.0017966307142857144,30,0,0.0,0.0,0.0,0.0,0.0,0.180879,0.43000001
221.79273363,0.3168467623285714,0.0017966307142857144,30,0,0.0,0.0,0.0,0.0,0.0,0.15579399,1.08
223.23559401,0.31890799144285714,0.0017823885714285713,29,1,0.0,0.0,0.0,0.0,0.0,0.160898,1.74
224.58435479999997,0.32083479257142855,0.00174969,28,1,0.0,0.0,0.0,0.0,0.0,0.15086199,1.9749999999999999
224.58435479999997,0.3097715238620689,0.00174969,28,1,0.0,0.0,0.0,0.0,0.0,0.132744,0.564999995
224.58435479999997,0.29944580639999996,0.00174969,28,1,0.0,0.0,0.0,0.0,0.0,0.13123301,0.099999999
224.58435479999997,0.32083479257142855,0.00174969,28,0,0.0,0.0,0.0,0.0,0.0,0.152689,0.650000005
222.03285601,0.3062522151862069,0.0018145445714285715,32,1,0.0,0.0,0.0,0.0,0.0,0.142672,0.459999995
222.03285601,0.32893756445925926,0.0018145445714285715,32,0,0.0,0.0,0.0,0.0,0.0,0.17664599,0.41000000000000003
222.03285601,0.3171897943,0.0018145445714285715,32,0,0.0,0.0,0.0,0.0,0.0,0.15362801,1.04000005
220.42643302000002,0.31489490431428574,0.0018052894285714286,31,1,0.0,0.0,0.0,0.0,0.0,0.157883,1.27999995
220.42643302000002,0.32655767854814816,0.0018052894285714286,31,0,0.0,0.0,0.0,0.0,0.0,0.173877,0.485
220.42643302000002,0.31489490431428574,0.0018052894285714286,31,0,0.0,0.0,0.0,0.0,0.0,0.15115499,1.2349999999999999
222.44233638000003,0.3177747662571429,0.0017746485714285715,30,1,0.0,0.0,0.0,0.0,0.0,0.147801,1.53
222.44233638000003,0.3068170156965518,0.0017746485714285715,30,1,0.0,0.0,0.0,0.0,0.0,0.135372,0.414999995
222.44233638000003,0.3177747662571429,0.0017746485714285715,30,0,0.0,0.0,0.0,0.0,0.0,0.14969601,0.914999995
222.44233638000003,0.3068170156965518,0.0017746485714285715,30,0,0.0,0.0,0.0,0.0,0.0,0.1227,2.20499995
222.3793394,0.3176847705714286,0.001741072,29,1,0.0,0.0,0.0,0.0,0.0,0.146127,1.48
222.3793394,0.3067301233103448,0.001741072,29,1,0.0,0.0,0.0,0.0,0.0,0.133342,0.37999999500000003
222.3793394,0.3706322323333333,0.001741072,29,0,0.0,0.0,0.0,0.0,0.0,0.31055099,0.0699999999
222.3793394,0.3421220606153846,0.001741072,29,0,0.0,0.0,0.0,0.0,0.0,0.208893,0.144999994
222.3793394,0.3176847705714286,0.001741072,29,0,0.0,0.0,0.0,0.0,0.0,0.149426,0.905000005
222.3793394,0.3067301233103448,0.001741072,29,0,0.0,0.0,0.0,0.0,0.0,0.133468,2.2799999499999997
225.08820953999998,0.3334640141333333,0.0017322522857142854,28,1,0.0,0.0,0.0,0.0,0.0,0.133554,4.02499995
225.08820953999998,0.32155458505714285,0.0017322522857142854,28,1,0.0,0.0,0.0,0.0,0.0,0.142584,1.99000005
225.08820953999998,0.31046649591724135,0.0017322522857142854,28,1,0.0,0.0,0.0,0.0,0.0,0.124594,0.554999975
225.08820953999998,0.3334640141333333,0.0017322522857142854,28,0,0.0,0.0,0.0,0.0,0.0,0.16728701,0.170000005
225.08820953999998,0.32155458505714285,0.0017322522857142854,28,0,0.0,0.0,0.0,0.0,0.0,0.14120799,0.525000005
226.72613102000003,0.3127256979586207,0.0018704042857142858,32,1,0.0,0.0,0.0,0.0,0.0,0.171719,1.22500005
226.72613102000003,0.34880943233846157,0.0018704042857142858,32,0,0.0,0.0,0.0,0.0,0.0,0.25509599,0.21000000000000002
226.72613102000003,0.3358905644740741,0.0018704042857142858,32,0,0.0,0.0,0.0,0.0,0.0,0.21976399,0.38499999500000004
226.72613102000003,0.3238944728857143,0.0018704042857142858,32,0,0.0,0.0,0.0,0.0,0.0,0.191829,0.804999975
226.72613102000003,0.3023015080266667,0.003317702857142857,186,0,0.0,0.0,0.0,0.0,0.0,0.15184,5.22500015
225.2142035,0.3336506718518518,0.0018651883333333332,31,0,0.0,0.0,0.0,0.0,0.0,0.21400499,0.414999995
225.2142035,0.31064028068965516,0.0018651883333333332,31,0,0.0,0.0,0.0,0.0,0.0,0.16601001,1.94
225.2142035,0.32173457642857145,0.0032825485714285713,185,0,0.0,0.0,0.0,0.0,0.0,0.162561,2.7700001
225.2142035,0.31064028068965516,0.0032825485714285713,185,0,0.0,0.0,0.0,0.0,0.0,0.156029,3.9750001500000005
226.60013706,0.3125519131862069,0.00182907,30,1,0.0,0.0,0.0,0.0,0.0,0.16675299,1.12
226.60013706,0.3125519131862069,0.002601855142857143,93,1,0.0,0.0,0.0,0.0,0.0,0.15108,1.79000005
226.60013706,0.30213351608,0.002601855142857143,93,1,0.0,0.0,0.0,0.0,0.0,0.140714,0.81
226.60013706,0.362560219296,0.002601855142857143,93,0,0.0,0.0,0.0,0.0,0.0,0.209324,0.329999995
226.60013706,0.3237144815142857,0.002601855142857143,93,0,0.0,0.0,0.0,0.0,0.0,0.157401,1.52999995
226.60013706,0.3125519131862069,0.002601855142857143,93,0,0.0,0.0,0.0,0.0,0.0,0.14371599,2.55999995
226.91512196000002,0.3129863751172414,0.0018157947826086956,29,1,0.0,0.0,0.0,0.0,0.0,0.16587999,1.135
226.91512196000002,0.3025534959466667,0.0018157947826086956,29,1,0.0,0.0,0.0,0.0,0.0,0.15467601,0.31
226.91512196000002,0.3491001876307693,0.0018157947826086956,29,0,0.0,0.0,0.0,0.0,0.0,0.25402799,0.16500000999999997
226.91512196000002,0.3241644599428572,0.0018157947826086956,29,0,0.0,0.0,0.0,0.0,0.0,0.184559,0.66999999
226.91512196000002,0.3129863751172414,0.00261121,92,1,0.0,0.0,0.0,0.0,0.0,0.147787,1.81
226.91512196000002,0.3241644599428572,0.00261121,92,0,0.0,0.0,0.0,0.0,0.0,0.158227,1.4649999500000002
226.91512196000002,0.29279370575483876,0.003209332857142857,183,1,0.0,0.0,0.0,0.0,0.0,0.142294,0.914999995
223.22979863000003,0.31889971232857145,0.0017989626086956523,28,1,0.0,0.0,0.0,0.0,0.0,0.19459701,1.9649999500000002
223.22979863000003,0.30790317052413796,0.0017989626086956523,28,1,0.0,0.0,0.0,0.0,0.0,0.171866,0.685000005
223.22979863000003,0.3434304594307693,0.0017989626086956523,28,0,0.0,0.0,0.0,0.0,0.0,0.249183,0.24000000000000002
223.22979863000003,0.31889971232857145,0.0017989626086956523,28,0,0.0,0.0,0.0,0.0,0.0,0.189079,1.09500005
223.22979863000003,0.30790317052413796,0.0017989626086956523,28,0,0.0,0.0,0.0,0.0,0.0,0.172025,2.3600000000000003
223.22979863000003,0.31889971232857145,0.0025908985714285715,91,1,0.0,0.0,0.0,0.0,0.0,0.157814,2.5550000500000003
223.22979863000003,0.2976397315066667,0.0025908985714285715,91,1,0.0,0.0,0.0,0.0,0.0,0.14067601,0.554999975
223.22979863000003,0.2976397315066667,0.003251925714285714,182,1,0.0,0.0,0.0,0.0,0.0,0.148526,1.29
224.74172614999998,0.29965563486666663,0.0033178785714285714,179,1,0.0,0.0,0.0,0.0,0.0,0.147092,1.3900000499999998
224.74172614999998,0.3099885877931034,0.0033178785714285714,179,0,0.0,0.0,0.0,0.0,0.0,0.15426201,3.9749999000000003
223.07230618,0.34318816335384617,0.0032972257142857143,178,1,0.0,0.0,0.0,0.0,0.0,0.191369,7.0
223.26129712,0.2976817294933333,0.003327732857142857,177,1,0.0,0.0,0.0,0.0,0.0,0.148093,1.21
223.26129712,0.2790766214,0.003327732857142857,177,1,0.0,0.0,0.0,0.0,0.0,0.14212801,0.32999999
214.47321841000002,0.31773810134814817,0.0018862435714285717,32,1,0.0,0.0,0.0,0.0,0.0,0.13861901,1.2149999500000002
214.47321841000002,0.30639031201428574,0.0018862435714285717,32,1,0.0,0.0,0.0,0.0,0.0,0.125903,0.24500000500000002
214.47321841000002,0.35745536401666667,0.0018862435714285717,32,0,0.0,0.0,0.0,0.0,0.0,0.246691,0.0999999995
214.47321841000002,0.32995879755384616,0.0018862435714285717,32,0,0.0,0.0,0.0,0.0,0.0,0.14715201,0.290000005
216.55211875,0.3208179537037037,0.0018979485714285716,31,1,0.0,0.0,0.0,0.0,0.0,0.133103,1.635
216.55211875,0.3093601696428572,0.0018979485714285716,31,1,0.0,0.0,0.0,0.0,0.0,0.114528,0.350000005
216.55211875,0.34648339,0.0018979485714285716,31,0,0.0,0.0,0.0,0.0,0.0,0.20578,0.110000002
216.55211875,0.3331571057692308,0.0018979485714285716,31,0,0.0,0.0,0.0,0.0,0.0,0.159243,0.20500000000000002
216.55211875,0.3208179537037037,0.0018979485714285716,31,0,0.0,0.0,0.0,0.0,0.0,0.12894,0.609999985
216.48912177000003,0.3207246248444445,0.0018643857142857142,30,1,0.0,0.0,0.0,0.0,0.0,0.14389101,1.59999995
216.48912177000003,0.3092701739571429,0.0018643857142857142,30,1,0.0,0.0,0.0,0.0,0.0,0.122977,0.33999999999999997
216.48912177000003,0.3330601873384616,0.0018643857142857142,30,0,0.0,0.0,0.0,0.0,0.0,0.15251499,0.195
216.48912177000003,0.3207246248444445,0.0018643857142857142,30,0,0.0,0.0,0.0,0.0,0.0,0.116179,0.58000001
214.50471689999998,0.31778476577777776,0.0018528042857142858,29,1,0.0,0.0,0.0,0.0,0.0,0.131661,1.1600000000000001
214.50471689999998,0.34320754703999995,0.0018528042857142858,29,0,0.0,0.0,0.0,0.0,0.0,0.200508,0.125
214.50471689999998,0.33000725676923076,0.0018528042857142858,29,0,0.0,0.0,0.0,0.0,0.0,0.157787,0.27499998999999997
214.50471689999998,0.31778476577777776,0.0018528042857142858,29,0,0.0,0.0,0.0,0.0,0.0,0.12650301,0.83000001
212.9297924,0.3154515442962963,0.0018399464285714286,28,1,0.0,0.0,0.0,0.0,0.0,0.130193,0.879999995
212.9297924,0.3154515442962963,0.0018399464285714286,28,0,0.0,0.0,0.0,0.0,0.0,0.126397,1.04000005
210.93227942,0.3124922658074074,0.001921665142857143,32,1,0.0,0.0,0.0,0.0,0.0,0.14754499,0.804999975
210.93227942,0.29094107506206895,0.001921665142857143,32,1,0.0,0.0,0.0,0.0,0.0,0.16487999,0.060000000000000005
210.93227942,0.32451119910769227,0.001921665142857143,32,0,0.0,0.0,0.0,0.0,0.0,0.16662601,0.625
210.93227942,0.3124922658074074,0.001921665142857143,32,0,0.0,0.0,0.0,0.0,0.0,0.14236601,1.585
213.02040458,0.31558578456296293,0.0019015062857142859,31,1,0.0,0.0,0.0,0.0,0.0,0.149178,1.0750000000000002
213.02040458,0.30431486368571425,0.0019015062857142859,31,1,0.0,0.0,0.0,0.0,0.0,0.133756,0.219999995
213.02040458,0.32772369935384615,0.0019015062857142859,31,0,0.0,0.0,0.0,0.0,0.0,0.167427,0.450000005
213.02040458,0.31558578456296293,0.0019015062857142859,31,0,0.0,0.0,0.0,0.0,0.0,0.14164101,1.21
212.54583068,0.32699358566153847,0.0019007722857142858,30,1,0.0,0.0,0.0,0.0,0.0,0.16901299,2.65999995
212.54583068,0.31488271211851854,0.0019007722857142858,30,1,0.0,0.0,0.0,0.0,0.0,0.14320999,0.955000015
212.54583068,0.30363690097142854,0.0019007722857142858,30,1,0.0,0.0,0.0,0.0,0.0,0.131015,0.18
216.24750709999998,0.32036667718518513,0.0018797177142857143,29,1,0.0,0.0,0.0,0.0,0.0,0.136136,1.5
216.24750709999998,0.3089250101428571,0.0018797177142857143,29,1,0.0,0.0,0.0,0.0,0.0,0.116958,0.305000005
216.24750709999998,0.33268847246153843,0.0018797177142857143,29,0,0.0,0.0,0.0,0.0,0.0,0.161219,0.21000000000000002
216.24750709999998,0.32036667718518513,0.0018797177142857143,29,0,0.0,0.0,0.0,0.0,0.0,0.129576,0.63500002
216.24750709999998,0.3089250101428571,0.0018797177142857143,29,0,0.0,0.0,0.0,0.0,0.0,0.116987,1.98999995
210.2362377,0.3114610928888889,0.0018643548571428573,28,1,0.0,0.0,0.0,0.0,0.0,0.13370401,0.555000005
210.2362377,0.30033748242857145,0.0018643548571428573,28,1,0.0,0.0,0.0,0.0,0.0,0.123214,0.0649999995
210.2362377,0.3234403656923077,0.0018643548571428573,28,0,0.0,0.0,0.0,0.0,0.0,0.149739,0.50999999
210.2362377,0.3114610928888889,0.0018643548571428573,28,0,0.0,0.0,0.0,0.0,0.0,0.121621,1.51499995
212.76729849999998,0.29347213586206894,0.0038268014285714287,186,1,0.0,0.0,0.0,0.0,0.0,0.150708,0.955000005
212.76729849999998,0.3404276776,0.0038268014285714287,186,0,0.0,0.0,0.0,0.0,0.0,0.180934,1.63
213.84299934,0.3168044434666667,0.003717892857142857,185,1,0.0,0.0,0.0,0.0,0.0,0.16428199,2.95499995
215.32999755999998,0.31900740379259257,0.0028399485714285717,93,1,0.0,0.0,0.0,0.0,0.0,0.16690201,2.34500005
215.32999755999998,0.2970068931862069,0.003735297142857143,184,1,0.0,0.0,0.0,0.0,0.0,0.147835,1.07
215.07689148,0.31863243182222223,0.0028732171428571427,92,1,0.0,0.0,0.0,0.0,0.0,0.155614,2.21500005
215.07689148,0.30725270211428574,0.0028732171428571427,92,1,0.0,0.0,0.0,0.0,0.0,0.144876,1.05
215.07689148,0.344123026368,0.0028732171428571427,92,0,0.0,0.0,0.0,0.0,0.0,0.18485899,0.655
215.07689148,0.33088752535384613,0.0028732171428571427,92,0,0.0,0.0,0.0,0.0,0.0,0.16974901,1.165
215.07689148,0.30725270211428574,0.0028732171428571427,92,0,0.0,0.0,0.0,0.0,0.0,0.14523099,3.375
215.07689148,0.3584614858,0.003790777142857143,183,0,0.0,0.0,0.0,0.0,0.0,0.190718,0.905
215.07689148,0.33088752535384613,0.003790777142857143,183,0,0.0,0.0,0.0,0.0,0.0,0.16681901,2.02500005
213.84299934,0.32898922975384615,0.0029105085714285716,91,1,0.0,0.0,0.0,0.0,0.0,0.167413,3.575
213.84299934,0.30548999905714286,0.0029105085714285716,91,1,0.0,0.0,0.0,0.0,0.0,0.147489,0.94
213.84299934,0.342148798944,0.0029105085714285716,91,0,0.0,0.0,0.0,0.0,0.0,0.187086,0.745000005
213.84299934,0.30548999905714286,0.0029105085714285716,91,0,0.0,0.0,0.0,0.0,0.0,0.145769,3.6499999499999998
213.84299934,0.342148798944,0.0038876628571428568,182,0,0.0,0.0,0.0,0.0,0.0,0.176174,1.4500000000000002
214.22265845999996,0.3173669014222222,0.0019486007142857143,32,1,0.0,0.0,0.0,0.0,0.0,0.169595,1.44
214.22265845999996,0.30603236922857135,0.0019486007142857143,32,1,0.0,0.0,0.0,0.0,0.0,0.154608,0.420000005
214.22265845999996,0.28563021127999993,0.0019486007142857143,32,1,0.0,0.0,0.0,0.0,0.0,0.205035,0.0799999995
214.22265845999996,0.32957332070769224,0.0019486007142857143,32,0,0.0,0.0,0.0,0.0,0.0,0.184136,0.485
214.22265845999996,0.30603236922857135,0.0019486007142857143,32,0,0.0,0.0,0.0,0.0,0.0,0.14307299,2.68500005
214.22265845999996,0.2954795289103448,0.00407389,179,1,0.0,0.0,0.0,0.0,0.0,0.146164,0.93
214.22265845999996,0.3427562535359999,0.00407389,179,0,0.0,0.0,0.0,0.0,0.0,0.171726,1.3399999999999999
214.1910202,0.32952464646153845,0.0018960014285714286,31,1,0.0,0.0,0.0,0.0,0.0,0.200508,3.2250000500000002
214.1910202,0.3059871717142857,0.0018960014285714286,31,1,0.0,0.0,0.0,0.0,0.0,0.156011,0.41000000000000003
214.1910202,0.34270563232,0.0018960014285714286,31,0,0.0,0.0,0.0,0.0,0.0,0.214919,0.19999999499999999
214.1910202,0.3173200299259259,0.0018960014285714286,31,0,0.0,0.0,0.0,0.0,0.0,0.161441,1.1949999999999998
214.1910202,0.3569850336666667,0.004022491428571429,178,0,0.0,0.0,0.0,0.0,0.0,0.189383,0.905
214.1910202,0.34270563232,0.004022491428571429,178,0,0.0,0.0,0.0,0.0,0.0,0.175607,1.34999995
216.31078362,0.30901540517142856,0.0018960064285714288,30,1,0.0,0.0,0.0,0.0,0.0,0.156252,0.5499999799999999
216.31078362,0.346097253792,0.0018960064285714288,30,0,0.0,0.0,0.0,0.0,0.0,0.220333,0.15500000000000003
216.31078362,0.32046042017777776,0.0018960064285714288,30,0,0.0,0.0,0.0,0.0,0.0,0.160567,0.914999995
216.31078362,0.30901540517142856,0.004029047142857143,177,1,0.0,0.0,0.0,0.0,0.0,0.15140601,1.88499995
216.31078362,0.2983597015448276,0.004029047142857143,177,1,0.0,0.0,0.0,0.0,0.0,0.144592,1.0300000150000002
216.31078362,0.346097253792,0.004029047142857143,177,0,0.0,0.0,0.0,0.0,0.0,0.17434201,1.23499995
216.27914535999997,0.3327371467076923,0.0019124071428571429,29,1,0.0,0.0,0.0,0.0,0.0,0.22158,3.82500005
216.27914535999997,0.3204135486814814,0.0019124071428571429,29,1,0.0,0.0,0.0,0.0,0.0,0.174834,1.7850000000000001
216.27914535999997,0.30897020765714284,0.0019124071428571429,29,1,0.0,0.0,0.0,0.0,0.0,0.15929601,0.575000015
216.27914535999997,0.3327371467076923,0.0019124071428571429,29,0,0.0,0.0,0.0,0.0,0.0,0.19612101,0.36999999
216.27914535999997,0.3204135486814814,0.0019124071428571429,29,0,0.0,0.0,0.0,0.0,0.0,0.17053901,0.935000005
216.27914535999997,0.30897020765714284,0.0019124071428571429,29,0,0.0,0.0,0.0,0.0,0.0,0.15943199,2.26
216.15259231999997,0.3202260626962963,0.0018869128571428573,28,1,0.0,0.0,0.0,0.0,0.0,0.177845,1.79
216.15259231999997,0.30878941759999995,0.0018869128571428573,28,1,0.0,0.0,0.0,0.0,0.0,0.16534001,0.599999995
216.15259231999997,0.34584414771199995,0.0018869128571428573,28,0,0.0,0.0,0.0,0.0,0.0,0.23088001,0.15500000000000003
216.15259231999997,0.3325424497230769,0.0018869128571428573,28,0,0.0,0.0,0.0,0.0,0.0,0.200122,0.36999999
216.15259231999997,0.3202260626962963,0.0018869128571428573,28,0,0.0,0.0,0.0,0.0,0.0,0.17708801,0.955000015
216.15259231999997,0.30878941759999995,0.0018869128571428573,28,0,0.0,0.0,0.0,0.0,0.0,0.165222,2.26999995
202.0102901,0.2885861287142857,0.0021080157142857143,32,1,0.0,0.0,0.0,0.0,0.0,0.189383,0.0650000015
201.40916315999996,0.30986025101538456,0.0020386482857142857,30,1,0.0,0.0,0.0,0.0,0.0,0.163837,0.56
201.40916315999996,0.30986025101538456,0.0020386482857142857,30,0,0.0,0.0,0.0,0.0,0.0,0.14296199,2.06000005
198.3718902,0.31739502432,0.0020056954285714284,29,1,0.0,0.0,0.0,0.0,0.0,0.17927,1.21999995
198.3718902,0.30518752338461536,0.0020056954285714284,29,1,0.0,0.0,0.0,0.0,0.0,0.168707,0.329999995
198.3718902,0.330619817,0.0020056954285714284,29,0,0.0,0.0,0.0,0.0,0.0,0.19925401,0.48999998
198.3718902,0.31739502432,0.0020056954285714284,29,0,0.0,0.0,0.0,0.0,0.0,0.17787901,1.295
198.3718902,0.30518752338461536,0.0020056954285714284,29,0,0.0,0.0,0.0,0.0,0.0,0.164426,2.9
193.78434249999998,0.31005494799999994,0.0019746277142857144,28,1,0.0,0.0,0.0,0.0,0.0,0.203252,0.75
193.78434249999998,0.29812975769230765,0.0019746277142857144,28,1,0.0,0.0,0.0,0.0,0.0,0.19781099,0.20500000000000002
193.78434249999998,0.276834775,0.0019746277142857144,28,1,0.0,0.0,0.0,0.0,0.0,0.256161,0.044999998900000004
193.78434249999998,0.3370162478260869,0.0019746277142857144,28,0,0.0,0.0,0.0,0.0,0.0,0.246526,0.44
193.78434249999998,0.32297390416666666,0.0019746277142857144,28,0,0.0,0.0,0.0,0.0,0.0,0.215359,1.010000045
193.78434249999998,0.31005494799999994,0.0019746277142857144,28,0,0.0,0.0,0.0,0.0,0.0,0.172608,2.10499995
193.78434249999998,0.29812975769230765,0.0019746277142857144,28,0,0.0,0.0,0.0,0.0,0.0,0.12805299,4.07500005
193.78434249999998,0.276834775,0.0019746277142857144,28,0,0.0,0.0,0.0,0.0,0.0,-99.989998,8.5999999
185.20226816000002,0.3367313966545455,0.0021610257142857144,32,0,0.0,0.0,0.0,0.0,0.0,0.245544,0.515
185.20226816000002,0.296323629056,0.0021610257142857144,32,0,0.0,0.0,0.0,0.0,0.0,0.19913299,4.5
187.55545632,0.3261834022956522,0.00212205,31,1,0.0,0.0,0.0,0.0,0.0,0.220543,2.355
187.55545632,0.31259242719999997,0.00212205,31,1,0.0,0.0,0.0,0.0,0.0,0.19599,0.9099999999999999
187.55545632,0.300088730112,0.00212205,31,1,0.0,0.0,0.0,0.0,0.0,0.18567701,0.24
187.55545632,0.4167899029333333,0.00212205,31,0,0.0,0.0,0.0,0.0,0.0,0.47156301,0.0649999995
187.55545632,0.3572484882285714,0.00212205,31,0,0.0,0.0,0.0,0.0,0.0,0.28578699,0.17
187.55545632,0.34100992058181817,0.00212205,31,0,0.0,0.0,0.0,0.0,0.0,0.24472401,0.349999995
187.55545632,0.300088730112,0.00212205,31,0,0.0,0.0,0.0,0.0,0.0,0.18549301,3.75
187.55545632,0.27785993528888886,0.00212205,31,0,0.0,0.0,0.0,0.0,0.0,-99.989998,8.4499998
188.25505280000002,0.30120808448,0.0021576300000000002,30,1,0.0,0.0,0.0,0.0,0.0,0.172739,0.21000000000000002
188.25505280000002,0.35858105295238096,0.0021576300000000002,30,0,0.0,0.0,0.0,0.0,0.0,0.29085299,0.155
188.25505280000002,0.3422819141818182,0.0021576300000000002,30,0,0.0,0.0,0.0,0.0,0.0,0.24149001,0.290000005
188.25505280000002,0.31375842133333337,0.0021576300000000002,30,0,0.0,0.0,0.0,0.0,0.0,0.17813499,1.65
188.25505280000002,0.30120808448,0.0021576300000000002,30,0,0.0,0.0,0.0,0.0,0.0,0.172491,3.5
188.25505280000002,0.2689357897142857,0.0021576300000000002,30,0,0.0,0.0,0.0,0.0,0.0,0.303132,10.85
187.58725616,0.31264542693333336,0.0021675930434782607,29,1,0.0,0.0,0.0,0.0,0.0,0.181843,0.75
187.58725616,0.300139609856,0.0021675930434782607,29,1,0.0,0.0,0.0,0.0,0.0,0.176926,0.17499999500000002
187.58725616,0.3262387063652174,0.0021675930434782607,29,0,0.0,0.0,0.0,0.0,0.0,0.205365,0.7549999949999999
187.58725616,0.31264542693333336,0.0021675930434782607,29,0,0.0,0.0,0.0,0.0,0.0,0.18223999,1.8399999999999999
187.58725616,0.300139609856,0.0021675930434782607,29,0,0.0,0.0,0.0,0.0,0.0,0.098794997,3.5999999
187.58725616,0.2679817945142857,0.0021675930434782607,29,0,0.0,0.0,0.0,0.0,0.0,-99.989998,10.75
183.07167888,0.3051194648,0.0019503508695652171,28,1,0.0,0.0,0.0,0.0,0.0,0.175467,0.31500001
183.07167888,0.292914686208,0.0019503508695652171,28,1,0.0,0.0,0.0,0.0,0.0,0.19929001,0.1
183.07167888,0.2816487367384615,0.0019503508695652171,28,1,0.0,0.0,0.0,0.0,0.0,0.211319,0.0250000005
183.07167888,0.26153096982857144,0.0019503508695652171,28,1,0.0,0.0,0.0,0.0,0.0,0.26204199,0.0049999999
183.07167888,0.31838552848695656,0.0019503508695652171,28,0,0.0,0.0,0.0,0.0,0.0,0.195498,1.20499995
183.07167888,0.3051194648,0.0019503508695652171,28,0,0.0,0.0,0.0,0.0,0.0,0.162055,2.6800000500000003
183.07167888,0.292914686208,0.0019503508695652171,28,0,0.0,0.0,0.0,0.0,0.0,0.199507,5.0250001
183.07167888,0.26153096982857144,0.0019503508695652171,28,0,0.0,0.0,0.0,0.0,0.0,-99.989998,12.3
183.07167888,0.25251266052413796,0.0019503508695652171,28,0,0.0,0.0,0.0,0.0,0.0,-99.989998,14.649999999999999
192.83422976,0.2856803403851852,0.003948020659340659,185,1,0.0,0.0,0.0,0.0,0.0,0.184698,0.8849999399999999
190.35384224,0.3460978949818182,0.002953947142857143,93,1,0.0,0.0,0.0,0.0,0.0,0.22539701,5.5999999
190.35384224,0.2928520649846154,0.002953947142857143,93,1,0.0,0.0,0.0,0.0,0.0,0.166412,0.41000000000000003
190.35384224,0.2928520649846154,0.002953947142857143,93,0,0.0,0.0,0.0,0.0,0.0,0.077431001,5.42499995
195.85521456,0.313368343296,0.0029952714285714287,92,1,0.0,0.0,0.0,0.0,0.0,0.173245,1.625
195.85521456,0.3013157147076923,0.0029952714285714287,92,1,0.0,0.0,0.0,0.0,0.0,0.16270401,0.724999995
195.85521456,0.3406177644521739,0.0029952714285714287,92,0,0.0,0.0,0.0,0.0,0.0,0.20038199,0.94000003
195.85521456,0.2901558734222222,0.003642895054945055,183,0,0.0,0.0,0.0,0.0,0.0,0.17310201,7.375
194.61502080000002,0.3538454923636364,0.00300597,91,1,0.0,0.0,0.0,0.0,0.0,0.21780901,6.625
194.61502080000002,0.32435836800000006,0.00300597,91,1,0.0,0.0,0.0,0.0,0.0,0.182147,2.7200000500000003
194.61502080000002,0.31138403328,0.00300597,91,1,0.0,0.0,0.0,0.0,0.0,0.169053,1.395
194.61502080000002,0.29940772430769236,0.00300597,91,1,0.0,0.0,0.0,0.0,0.0,0.15987401,0.595
194.61502080000002,0.33846090573913046,0.00300597,91,0,0.0,0.0,0.0,0.0,0.0,0.19825301,1.01000001
194.61502080000002,0.29940772430769236,0.00300597,91,0,0.0,0.0,0.0,0.0,0.0,0.15577599,4.625
195.85521456,0.313368343296,0.002020127142857143,32,1,0.0,0.0,0.0,0.0,0.0,0.179588,0.9149999950000001
195.85521456,0.3013157147076923,0.002020127142857143,32,1,0.0,0.0,0.0,0.0,0.0,0.14139,0.125
195.85521456,0.3406177644521739,0.002020127142857143,32,0,0.0,0.0,0.0,0.0,0.0,0.231144,0.335000005
195.85521456,0.3264253576,0.002020127142857143,32,0,0.0,0.0,0.0,0.0,0.0,0.200688,0.78
195.85521456,0.313368343296,0.002020127142857143,32,0,0.0,0.0,0.0,0.0,0.0,0.178929,1.81
195.85521456,0.3013157147076923,0.003698782857142857,179,1,0.0,0.0,0.0,0.0,0.0,0.176992,1.455
195.37821696,0.312605147136,0.0020103614285714284,31,1,0.0,0.0,0.0,0.0,0.0,0.18818501,0.89500001
195.37821696,0.30058187224615385,0.0020103614285714284,31,1,0.0,0.0,0.0,0.0,0.0,0.17609701,0.225
195.37821696,0.32563036160000003,0.0020103614285714284,31,0,0.0,0.0,0.0,0.0,0.0,0.19943701,0.7999999799999999
195.37821696,0.312605147136,0.0020103614285714284,31,0,0.0,0.0,0.0,0.0,0.0,0.175015,1.855
192.8660296,0.30858564736,0.0019801185714285715,30,1,0.0,0.0,0.0,0.0,0.0,0.190337,0.61499998
192.8660296,0.32144338266666667,0.0019801185714285715,30,0,0.0,0.0,0.0,0.0,0.0,0.208597,1.135
192.8660296,0.30858564736,0.0019801185714285715,30,0,0.0,0.0,0.0,0.0,0.0,0.190393,2.46000005
192.8660296,0.2967169686153846,0.003766604285714286,177,1,0.0,0.0,0.0,0.0,0.0,0.181246,1.315
195.7280152,0.3262133586666666,0.001982239285714286,29,1,0.0,0.0,0.0,0.0,0.0,0.229306,2.35
195.7280152,0.31316482432,0.001982239285714286,29,1,0.0,0.0,0.0,0.0,0.0,0.201272,0.905000005
195.7280152,0.3262133586666666,0.001982239285714286,29,0,0.0,0.0,0.0,0.0,0.0,0.20492101,0.83000001
196.14141312,0.3269023552,0.0019383499999999997,28,1,0.0,0.0,0.0,0.0,0.0,0.219467,2.46500005
196.14141312,0.313826260992,0.0019383499999999997,28,1,0.0,0.0,0.0,0.0,0.0,0.196105,0.975
196.14141312,0.3411155010782609,0.0019383499999999997,28,0,0.0,0.0,0.0,0.0,0.0,0.24627399,0.32000000500000003
196.14141312,0.3269023552,0.0019383499999999997,28,0,0.0,0.0,0.0,0.0,0.0,0.216252,0.765000015
196.14141312,0.313826260992,0.0019383499999999997,28,0,0.0,0.0,0.0,0.0,0.0,0.19322801,1.775
200.72059008,0.321152944128,0.002094311714285714,32,1,0.0,0.0,0.0,0.0,0.0,0.19241901,1.54
200.72059008,0.3088009078153846,0.002094311714285714,32,1,0.0,0.0,0.0,0.0,0.0,0.170762,0.444999995
199.41679664,0.319066874624,0.002108646,31,1,0.0,0.0,0.0,0.0,0.0,0.18108299,1.2850000499999998
199.41679664,0.3067950717538462,0.002108646,31,1,0.0,0.0,0.0,0.0,0.0,0.16846099,0.36
199.41679664,0.319066874624,0.002108646,31,0,0.0,0.0,0.0,0.0,0.0,0.17694999,1.3250000000000002
201.928984,0.3106599753846154,0.002127859714285714,30,1,0.0,0.0,0.0,0.0,0.0,0.164037,0.50500001
201.928984,0.32308637440000004,0.002127859714285714,30,0,0.0,0.0,0.0,0.0,0.0,0.169567,0.909999995
201.51558608,0.3100239785846154,0.002168405714285714,29,1,0.0,0.0,0.0,0.0,0.0,0.195445,0.405
201.42018656000002,0.32227229849600003,0.0021294994285714288,28,1,0.0,0.0,0.0,0.0,0.0,0.164948,1.4449999999999998
201.42018656000002,0.30987721009230773,0.0021294994285714288,28,1,0.0,0.0,0.0,0.0,0.0,0.14665,0.33999999999999997
201.42018656000002,0.32227229849600003,0.0021294994285714288,28,0,0.0,0.0,0.0,0.0,0.0,0.167603,0.9099999999999999
196.15731835,0.3411431623478261,0.0035211166666666667,32,1,0.0,0.0,0.0,0.0,0.0,0.26991999,4.4499998
196.15731835,0.32692886391666665,0.0035211166666666667,32,1,0.0,0.0,0.0,0.0,0.0,0.224363,2.405
196.15731835,0.31385170936,0.0035211166666666667,32,1,0.0,0.0,0.0,0.0,0.0,0.20583799,1.020000005
196.15731835,0.3411431623478261,0.0035211166666666667,32,0,0.0,0.0,0.0,0.0,0.0,0.25995499,0.499999985
196.15731835,0.32692886391666665,0.0035211166666666667,32,0,0.0,0.0,0.0,0.0,0.0,0.232701,1.06
196.15731835,0.31385170936,0.0035211166666666667,32,0,0.0,0.0,0.0,0.0,0.0,0.19962899,2.0749999499999996
200.3431155,0.3205489848,0.00355303,31,1,0.0,0.0,0.0,0.0,0.0,0.21276399,1.6600000499999998
200.3431155,0.3082201776923077,0.00355303,31,1,0.0,0.0,0.0,0.0,0.0,0.199296,0.610000015
200.3431155,0.3339051925,0.00355303,31,0,0.0,0.0,0.0,0.0,0.0,0.227034,0.61000001
200.3431155,0.3205489848,0.00355303,31,0,0.0,0.0,0.0,0.0,0.0,0.201481,1.3599999999999999
202.51589570000002,0.32402543312000004,0.0036404858333333335,30,1,0.0,0.0,0.0,0.0,0.0,0.222643,1.94
202.51589570000002,0.3115629164615385,0.0036404858333333335,30,1,0.0,0.0,0.0,0.0,0.0,0.193405,0.66999999
202.51589570000002,0.33752649283333336,0.0036404858333333335,30,0,0.0,0.0,0.0,0.0,0.0,0.213067,0.435000005
202.51589570000002,0.32402543312000004,0.0036404858333333335,30,0,0.0,0.0,0.0,0.0,0.0,0.174981,0.984999995
199.28867805,0.31886188488,0.0040519625,29,1,0.0,0.0,0.0,0.0,0.0,0.200772,1.355
199.28867805,0.30659796623076924,0.0040519625,29,1,0.0,0.0,0.0,0.0,0.0,0.180389,0.385000005
199.28867805,0.33214779675,0.0040519625,29,0,0.0,0.0,0.0,0.0,0.0,0.21744999,0.594999995
195.96560245,0.3266093374166667,0.00415249875,28,1,0.0,0.0,0.0,0.0,0.0,0.21478,2.16500005
195.96560245,0.31354496392000003,0.00415249875,28,1,0.0,0.0,0.0,0.0,0.0,0.191451,0.784999995
195.96560245,0.30148554223076923,0.00415249875,28,1,0.0,0.0,0.0,0.0,0.0,0.18242,0.189999995
195.96560245,0.3732678141904762,0.00415249875,28,0,0.0,0.0,0.0,0.0,0.0,0.33823299,0.110000002
195.96560245,0.3408097433913044,0.00415249875,28,0,0.0,0.0,0.0,0.0,0.0,0.249896,0.400000005
195.96560245,0.3266093374166667,0.00415249875,28,0,0.0,0.0,0.0,0.0,0.0,0.21979,0.925000015
195.96560245,0.31354496392000003,0.00415249875,28,0,0.0,0.0,0.0,0.0,0.0,0.191108,2.01499995
187.40229225,0.34073144045454545,0.007012307551020408,185,0,0.0,0.0,0.0,0.0,0.0,0.237275,2.43499995
185.03779615,0.3364323566363636,0.005897788571428571,93,1,0.0,0.0,0.0,0.0,0.0,0.258212,4.5
185.03779615,0.30839632691666663,0.005897788571428571,93,1,0.0,0.0,0.0,0.0,0.0,0.225261,1.6749999999999998
185.03779615,0.29606047384,0.005897788571428571,93,1,0.0,0.0,0.0,0.0,0.0,0.215717,0.880000025
185.03779615,0.2846735325384615,0.005897788571428571,93,1,0.0,0.0,0.0,0.0,0.0,0.206365,0.399999995
185.03779615,0.35245294504761904,0.005897788571428571,93,0,0.0,0.0,0.0,0.0,0.0,0.27189499,1.1000000499999998
185.03779615,0.3364323566363636,0.005897788571428571,93,0,0.0,0.0,0.0,0.0,0.0,0.25210699,1.71
185.03779615,0.3218048628695652,0.005897788571428571,93,0,0.0,0.0,0.0,0.0,0.0,0.23561899,2.635
185.03779615,0.29606047384,0.005897788571428571,93,0,0.0,0.0,0.0,0.0,0.0,0.194308,5.5
185.03779615,0.2846735325384615,0.005897788571428571,93,0,0.0,0.0,0.0,0.0,0.0,0.19970199,7.67499995
185.03779615,0.30839632691666663,0.006733253673469389,184,0,0.0,0.0,0.0,0.0,0.0,0.216022,4.9749999
185.03779615,0.29606047384,0.006733253673469389,184,0,0.0,0.0,0.0,0.0,0.0,0.204394,6.5250001
186.66738130000002,0.33939523872727273,0.005808347142857143,92,1,0.0,0.0,0.0,0.0,0.0,0.257595,4.82500005
186.66738130000002,0.28718058661538465,0.005808347142857143,92,1,0.0,0.0,0.0,0.0,0.0,0.204659,0.45499999999999996
186.66738130000002,0.33939523872727273,0.005808347142857143,92,0,0.0,0.0,0.0,0.0,0.0,0.25411201,1.5550000000000002
186.66738130000002,0.32463892400000005,0.005808347142857143,92,0,0.0,0.0,0.0,0.0,0.0,0.23857699,2.42499995
186.66738130000002,0.3111123021666667,0.005808347142857143,92,0,0.0,0.0,0.0,0.0,0.0,0.22218101,3.625
186.66738130000002,0.29866781008000004,0.005808347142857143,92,0,0.0,0.0,0.0,0.0,0.0,0.20238,5.17499995
186.66738130000002,0.29866781008000004,0.006626477142857143,183,1,0.0,0.0,0.0,0.0,0.0,0.222119,1.96000005
185.74075445,0.3377104626363636,0.005732585714285714,91,1,0.0,0.0,0.0,0.0,0.0,0.27247,4.67499995
185.74075445,0.32302739904347827,0.005732585714285714,91,1,0.0,0.0,0.0,0.0,0.0,0.25711501,3.1000000500000002
185.74075445,0.30956792408333333,0.005732585714285714,91,1,0.0,0.0,0.0,0.0,0.0,0.24013799,1.8399999999999999
185.74075445,0.29718520712,0.005732585714285714,91,1,0.0,0.0,0.0,0.0,0.0,0.22922701,0.9999999900000001
185.74075445,0.28575500684615385,0.005732585714285714,91,1,0.0,0.0,0.0,0.0,0.0,0.225926,0.525000005
185.74075445,0.3714815089,0.005732585714285714,91,0,0.0,0.0,0.0,0.0,0.0,0.307679,0.77000001
185.74075445,0.3537919132380952,0.005732585714285714,91,0,0.0,0.0,0.0,0.0,0.0,0.28454101,1.17
185.74075445,0.32302739904347827,0.005732585714285714,91,0,0.0,0.0,0.0,0.0,0.0,0.246103,2.69500005
185.74075445,0.4370370692941176,0.006485952857142857,182,0,0.0,0.0,0.0,0.0,0.0,0.34186101,0.614999995
186.7312866,0.311218811,0.004353287142857143,31,1,0.0,0.0,0.0,0.0,0.0,0.273624,1.185
186.7312866,0.29877005856,0.004353287142857143,31,1,0.0,0.0,0.0,0.0,0.0,0.25448301,0.435000005
186.7312866,0.2872789024615385,0.004353287142857143,31,1,0.0,0.0,0.0,0.0,0.0,0.25011399,0.14
186.7312866,0.3395114301818182,0.004353287142857143,31,0,0.0,0.0,0.0,0.0,0.0,0.30039901,0.72999999
186.7312866,0.3247500636521739,0.004353287142857143,31,0,0.0,0.0,0.0,0.0,0.0,0.269986,1.4100000000000001
186.7312866,0.29877005856,0.004353287142857143,31,0,0.0,0.0,0.0,0.0,0.0,0.254659,4.54999995
185.29341735,0.32224942147826086,0.00433725,30,1,0.0,0.0,0.0,0.0,0.0,0.31069699,2.2949999500000002
185.29341735,0.30882236225,0.00433725,30,1,0.0,0.0,0.0,0.0,0.0,0.28412101,1.07
185.29341735,0.3705868347,0.00433725,30,0,0.0,0.0,0.0,0.0,0.0,0.389759,0.259999995
185.29341735,0.32224942147826086,0.00433725,30,0,0.0,0.0,0.0,0.0,0.0,0.284226,1.6499999500000002
185.29341735,0.29646946776,0.00433725,30,0,0.0,0.0,0.0,0.0,0.0,0.27297401,4.95000005
185.29341735,0.28506679592307693,0.0065071714285714274,177,1,0.0,0.0,0.0,0.0,0.0,0.222352,1.16500005
185.80465974999998,0.30967443291666663,0.004329565714285714,29,1,0.0,0.0,0.0,0.0,0.0,0.27495399,1.0550000000000002
185.80465974999998,0.3231385386956521,0.004329565714285714,29,0,0.0,0.0,0.0,0.0,0.0,0.286953,1.55000005
187.01886045,0.31169810075,0.0043165700000000005,28,1,0.0,0.0,0.0,0.0,0.0,0.25731,1.030000055
187.01886045,0.29923017672,0.0043165700000000005,28,1,0.0,0.0,0.0,0.0,0.0,0.242827,0.344999995
187.01886045,0.37403772090000004,0.0043165700000000005,28,0,0.0,0.0,0.0,0.0,0.0,0.384251,0.18
187.01886045,0.32525019208695655,0.0043165700000000005,28,0,0.0,0.0,0.0,0.0,0.0,0.27211401,1.3
185.9005177,0.32330524817391304,0.007382843571428571,360,1,0.0,0.0,0.0,0.0,0.0,0.226262,5.04999995
206.31826105,0.33010921768,0.004419762857142857,31,1,0.0,0.0,0.0,0.0,0.0,0.25488499,2.8450000500000003
206.31826105,0.33010921768,0.004419762857142857,31,0,0.0,0.0,0.0,0.0,0.0,0.246492,1.1200000499999998
207.7561303,0.3196248158461538,0.0044106828571428575,30,1,0.0,0.0,0.0,0.0,0.0,0.219842,1.4100000000000001
207.7561303,0.34626021716666666,0.0044106828571428575,30,0,0.0,0.0,0.0,0.0,0.0,0.261347,0.41499999499999995
207.7561303,0.33240980848,0.0044106828571428575,30,0,0.0,0.0,0.0,0.0,0.0,0.22490899,0.824999985
207.7561303,0.3196248158461538,0.0044106828571428575,30,0,0.0,0.0,0.0,0.0,0.0,0.191025,1.68
205.4555395,0.34242589916666666,0.004412413714285714,29,1,0.0,0.0,0.0,0.0,0.0,0.317366,4.79999995
205.4555395,0.3287288632,0.004412413714285714,29,1,0.0,0.0,0.0,0.0,0.0,0.23467299,2.53999995
205.4555395,0.31608544538461536,0.004412413714285714,29,1,0.0,0.0,0.0,0.0,0.0,0.20818301,1.06
205.4555395,0.3573139817391304,0.004412413714285714,29,0,0.0,0.0,0.0,0.0,0.0,0.29461801,0.23499999
205.4555395,0.34242589916666666,0.004412413714285714,29,0,0.0,0.0,0.0,0.0,0.0,0.26026699,0.474999995
205.4555395,0.31608544538461536,0.004412413714285714,29,0,0.0,0.0,0.0,0.0,0.0,0.200664,2.01499995
204.49696,0.327195136,0.0044098662857142866,28,1,0.0,0.0,0.0,0.0,0.0,0.224949,2.2050000499999998
204.49696,0.3146107076923077,0.0044098662857142866,28,1,0.0,0.0,0.0,0.0,0.0,0.20023599,0.8350000049999999
204.49696,0.30295845925925924,0.0044098662857142866,28,1,0.0,0.0,0.0,0.0,0.0,0.19040801,0.224999995
204.49696,0.34082826666666666,0.0044098662857142866,28,0,0.0,0.0,0.0,0.0,0.0,0.24972001,0.474999995
204.49696,0.327195136,0.0044098662857142866,28,0,0.0,0.0,0.0,0.0,0.0,0.21961799,1.04000005
204.49696,0.3146107076923077,0.0044098662857142866,28,0,0.0,0.0,0.0,0.0,0.0,0.189279,2.15499995
208.5957582,0.30903075288888887,0.00450172,32,1,0.0,0.0,0.0,0.0,0.0,0.161943,0.38499998999999996
208.5957582,0.3627752316521739,0.00450172,32,0,0.0,0.0,0.0,0.0,0.0,0.26823699,0.130000005
208.5957582,0.347659597,0.00450172,32,0,0.0,0.0,0.0,0.0,0.0,0.23037399,0.255
208.5957582,0.33375321312,0.00450172,32,0,0.0,0.0,0.0,0.0,0.0,0.19908699,0.574999985
208.5957582,0.3209165510769231,0.00450172,32,0,0.0,0.0,0.0,0.0,0.0,0.167659,1.30000005
211.71104512,0.32570930018461536,0.0044727,31,1,0.0,0.0,0.0,0.0,0.0,0.181843,1.84499995
211.71104512,0.31364599277037036,0.0044727,31,1,0.0,0.0,0.0,0.0,0.0,0.16121399,0.590000005
212.86723408,0.3870313346909091,0.0044428375,30,1,0.0,0.0,0.0,0.0,0.0,-99.989998,11.05
212.86723408,0.3274880524307692,0.0044428375,30,1,0.0,0.0,0.0,0.0,0.0,0.185478,2.0850000499999997
212.86723408,0.3153588653037037,0.0044428375,30,1,0.0,0.0,0.0,0.0,0.0,0.15766899,0.66999999
212.86723408,0.30409604868571427,0.0044428375,30,1,0.0,0.0,0.0,0.0,0.0,0.152923,0.145000005
212.86723408,0.40546139824761906,0.0044428375,30,0,0.0,0.0,0.0,0.0,0.0,0.412067,0.065
212.86723408,0.37020388535652177,0.0044428375,30,0,0.0,0.0,0.0,0.0,0.0,0.28409499,0.0850000005
212.86723408,0.340587574528,0.0044428375,30,0,0.0,0.0,0.0,0.0,0.0,0.197947,0.29500000000000004
212.86723408,0.3274880524307692,0.0044428375,30,0,0.0,0.0,0.0,0.0,0.0,0.170554,0.765000015
215.8219392,0.3320337526153846,0.0043512175,29,1,0.0,0.0,0.0,0.0,0.0,0.19203,2.8050000500000003
215.8219392,0.3197362062222222,0.0043512175,29,1,0.0,0.0,0.0,0.0,0.0,0.151621,1.01500001
215.8219392,0.3753425029565217,0.0043512175,29,0,0.0,0.0,0.0,0.0,0.0,0.294756,0.0600000015
215.8219392,0.359703232,0.0043512175,29,0,0.0,0.0,0.0,0.0,0.0,0.25214201,0.105000002
215.8219392,0.3320337526153846,0.0043512175,29,0,0.0,0.0,0.0,0.0,0.0,0.176616,0.489999995
215.8219392,0.3197362062222222,0.0043512175,29,0,0.0,0.0,0.0,0.0,0.0,0.148569,1.2699999499999999
215.91828828,0.33218198196923077,0.00430440875,28,1,0.0,0.0,0.0,0.0,0.0,0.171387,2.67499995
215.91828828,0.3198789456,0.00430440875,28,1,0.0,0.0,0.0,0.0,0.0,0.150032,0.990000015
215.91828828,0.37551006657391306,0.00430440875,28,0,0.0,0.0,0.0,0.0,0.0,0.28105399,0.0399999999
215.91828828,0.35986381380000004,0.00430440875,28,0,0.0,0.0,0.0,0.0,0.0,0.24613801,0.085
215.91828828,0.34546926124800004,0.00430440875,28,0,0.0,0.0,0.0,0.0,0.0,0.204276,0.170000005
215.91828828,0.33218198196923077,0.00430440875,28,0,0.0,0.0,0.0,0.0,0.0,0.175162,0.459999995
215.91828828,0.3198789456,0.00430440875,28,0,0.0,0.0,0.0,0.0,0.0,0.14760301,1.23500005
216.88177908,0.3213063393777778,0.005949871428571428,93,1,0.0,0.0,0.0,0.0,0.0,0.184193,2.3350000499999997
216.88177908,0.3943305074181818,0.005949871428571428,93,0,0.0,0.0,0.0,0.0,0.0,0.27025101,0.265
214.11977212,0.3172144772148148,0.005936178571428572,92,1,0.0,0.0,0.0,0.0,0.0,0.175965,1.875
214.11977212,0.30588538874285714,0.005936178571428572,92,1,0.0,0.0,0.0,0.0,0.0,0.167007,0.9299999800000001
214.11977212,0.35686628686666666,0.005936178571428572,92,0,0.0,0.0,0.0,0.0,0.0,0.22473,0.71000001
213.89495759999997,0.3055642251428571,0.005925625714285714,91,1,0.0,0.0,0.0,0.0,0.0,0.16746999,0.905
213.89495759999997,0.28519327679999995,0.005925625714285714,91,1,0.0,0.0,0.0,0.0,0.0,0.16143499,0.160000005
213.89495759999997,0.3290691655384615,0.005925625714285714,91,0,0.0,0.0,0.0,0.0,0.0,0.186326,1.815
213.89495759999997,0.31688141866666664,0.005925625714285714,91,0,0.0,0.0,0.0,0.0,0.0,0.17111801,2.89499995
216.14310279999998,0.3602385046666666,0.004524068571428571,32,1,0.0,0.0,0.0,0.0,0.0,0.223094,7.32500005
216.14310279999998,0.3202120041481481,0.004524068571428571,32,1,0.0,0.0,0.0,0.0,0.0,0.20438699,1.4849999999999999
216.14310279999998,0.3087758611428571,0.004524068571428571,32,1,0.0,0.0,0.0,0.0,0.0,0.18776,0.514999985
216.14310279999998,0.33252785046153843,0.004524068571428571,32,0,0.0,0.0,0.0,0.0,0.0,0.213882,0.794999985
216.14310279999998,0.3087758611428571,0.00676985619047619,186,1,0.0,0.0,0.0,0.0,0.0,0.170352,1.8700000499999998
216.14310279999998,0.2981284176551724,0.00676985619047619,186,1,0.0,0.0,0.0,0.0,0.0,0.162028,1.0650000149999999
216.88177908,0.3213063393777778,0.004532299285714286,31,1,0.0,0.0,0.0,0.0,0.0,0.20037,1.55000005
216.88177908,0.30983111297142857,0.004532299285714286,31,1,0.0,0.0,0.0,0.0,0.0,0.18414301,0.534999995
216.88177908,0.3943305074181818,0.004532299285714286,31,0,0.0,0.0,0.0,0.0,0.0,0.357389,0.0599999985
216.88177908,0.3336642755076923,0.004532299285714286,31,0,0.0,0.0,0.0,0.0,0.0,0.210207,0.68000001
216.88177908,0.3213063393777778,0.004532299285714286,31,0,0.0,0.0,0.0,0.0,0.0,0.187295,1.495
214.92268112,0.3070324016,0.0045180864285714285,30,1,0.0,0.0,0.0,0.0,0.0,0.18467399,0.39
214.92268112,0.3582044685333333,0.0045180864285714285,30,0,0.0,0.0,0.0,0.0,0.0,0.27038699,0.18
214.92268112,0.34387628979199997,0.0045180864285714285,30,0,0.0,0.0,0.0,0.0,0.0,0.23845001,0.375
214.92268112,0.3306502786461538,0.0045180864285714285,30,0,0.0,0.0,0.0,0.0,0.0,0.213162,0.84
214.92268112,0.3184039720296296,0.0045180864285714285,30,0,0.0,0.0,0.0,0.0,0.0,0.193012,1.815
210.2015762,0.32338704030769233,0.004482200714285714,29,1,0.0,0.0,0.0,0.0,0.0,0.229211,1.895
210.2015762,0.31140974251851855,0.004482200714285714,29,1,0.0,0.0,0.0,0.0,0.0,0.20985501,0.7400000099999999
210.2015762,0.300287966,0.004482200714285714,29,1,0.0,0.0,0.0,0.0,0.0,0.19510099,0.195
210.2015762,0.28993320855172416,0.004482200714285714,29,1,0.0,0.0,0.0,0.0,0.0,0.198652,0.049999999
210.2015762,0.382184684,0.004482200714285714,29,0,0.0,0.0,0.0,0.0,0.0,0.33986601,0.080000002
210.2015762,0.3655679586086957,0.004482200714285714,29,0,0.0,0.0,0.0,0.0,0.0,0.30063701,0.145000005
210.2015762,0.35033596033333336,0.004482200714285714,29,0,0.0,0.0,0.0,0.0,0.0,0.26855999,0.29999999499999996
210.2015762,0.32338704030769233,0.004482200714285714,29,0,0.0,0.0,0.0,0.0,0.0,0.21852,1.40499995
210.2015762,0.300287966,0.0070964144444444445,183,1,0.0,0.0,0.0,0.0,0.0,0.172139,1.38
210.2015762,0.2802687682666667,0.0070964144444444445,183,1,0.0,0.0,0.0,0.0,0.0,0.165277,0.439999995
211.13295064,0.3127895565037037,0.00444756,28,1,0.0,0.0,0.0,0.0,0.0,0.204778,0.794999985
211.13295064,0.3016185009142857,0.00444756,28,1,0.0,0.0,0.0,0.0,0.0,0.19379599,0.219999995
211.13295064,0.337812721024,0.00444756,28,0,0.0,0.0,0.0,0.0,0.0,0.24299701,0.56
211.13295064,0.3248199240615384,0.00444756,28,0,0.0,0.0,0.0,0.0,0.0,0.21968199,1.2349999999999999
211.13295064,0.46918433475555554,0.007114107619047619,182,0,0.0,0.0,0.0,0.0,0.0,0.33544701,0.32
216.94601179999998,0.32140149896296294,0.004475461428571428,32,1,0.0,0.0,0.0,0.0,0.0,0.16184901,1.125
216.33580096,0.3328243091692308,0.004491516857142857,30,0,0.0,0.0,0.0,0.0,0.0,0.17486399,0.5900000000000001
214.66575024,0.31802333368888885,0.004524083714285715,29,1,0.0,0.0,0.0,0.0,0.0,0.159214,0.775000005
214.66575024,0.3302550003692308,0.004524083714285715,29,0,0.0,0.0,0.0,0.0,0.0,0.17534401,0.675000015
215.6613574,0.3317867036923077,0.004511882285714286,28,1,0.0,0.0,0.0,0.0,0.0,0.18076999,2.4600000499999997
215.6613574,0.31949830725925926,0.004511882285714286,28,1,0.0,0.0,0.0,0.0,0.0,0.151058,0.804999975
215.6613574,0.3317867036923077,0.004511882285714286,28,0,0.0,0.0,0.0,0.0,0.0,0.172004,0.554999975
215.84523488,0.3197707183407407,0.00454319,32,1,0.0,0.0,0.0,0.0,0.0,0.172177,1.09
215.84523488,0.345352375808,0.00454319,32,0,0.0,0.0,0.0,0.0,0.0,0.227503,0.355
215.84523488,0.3320695921230769,0.00454319,32,0,0.0,0.0,0.0,0.0,0.0,0.194655,0.75
215.23203819,0.33112621259999997,0.004515155,31,1,0.0,0.0,0.0,0.0,0.0,0.206467,2.5550000500000003
215.23203819,0.3188622788,0.004515155,31,1,0.0,0.0,0.0,0.0,0.0,0.17693,1.005000005
215.23203819,0.30747434027142856,0.004515155,31,1,0.0,0.0,0.0,0.0,0.0,0.15482,0.219999995
215.23203819,0.35872006365,0.004515155,31,0,0.0,0.0,0.0,0.0,0.0,0.267351,0.19999999499999999
215.23203819,0.344371261104,0.004515155,31,0,0.0,0.0,0.0,0.0,0.0,0.22877599,0.38000001
215.23203819,0.33112621259999997,0.004515155,31,0,0.0,0.0,0.0,0.0,0.0,0.19528,0.805000005
215.23203819,0.3188622788,0.004515155,31,0,0.0,0.0,0.0,0.0,0.0,0.177176,1.83500005
212.58561037,0.3149416449925926,0.00452167,30,1,0.0,0.0,0.0,0.0,0.0,0.164241,0.61000001
212.58561037,0.30369372910000003,0.00452167,30,1,0.0,0.0,0.0,0.0,0.0,0.156395,0.125
212.58561037,0.34013697659200004,0.00452167,30,0,0.0,0.0,0.0,0.0,0.0,0.223014,0.47
212.58561037,0.3270547851846154,0.00452167,30,0,0.0,0.0,0.0,0.0,0.0,0.19210701,1.0350000000000001
212.58561037,0.3270547851846154,0.006012894285714285,93,0,0.0,0.0,0.0,0.0,0.0,0.199082,2.31000005
214.52202097,0.3300338784153846,0.004524240434782609,29,1,0.0,0.0,0.0,0.0,0.0,0.215804,2.3050000500000003
214.52202097,0.31781040143703704,0.004524240434782609,29,1,0.0,0.0,0.0,0.0,0.0,0.176846,0.794999985
214.52202097,0.30646002995714283,0.004524240434782609,29,1,0.0,0.0,0.0,0.0,0.0,0.157846,0.15500000000000003
214.52202097,0.3575367016166667,0.004524240434782609,29,0,0.0,0.0,0.0,0.0,0.0,0.25613499,0.18
214.52202097,0.343235233552,0.004524240434782609,29,0,0.0,0.0,0.0,0.0,0.0,0.21390399,0.350000005
214.52202097,0.3300338784153846,0.004524240434782609,29,0,0.0,0.0,0.0,0.0,0.0,0.176673,0.784999995
214.52202097,0.343235233552,0.00597346857142857,92,0,0.0,0.0,0.0,0.0,0.0,0.210768,1.315
214.52202097,0.3300338784153846,0.00597346857142857,92,0,0.0,0.0,0.0,0.0,0.0,0.19136401,2.04499995
214.36065342,0.32978562064615385,0.0045059956521739135,28,1,0.0,0.0,0.0,0.0,0.0,0.193546,2.1800000500000003
214.36065342,0.3175713384,0.0045059956521739135,28,1,0.0,0.0,0.0,0.0,0.0,0.162486,0.7100000099999999
214.36065342,0.32978562064615385,0.0045059956521739135,28,0,0.0,0.0,0.0,0.0,0.0,0.179924,0.745000005
223.81679185,0.3197382740714286,0.004985965714285714,32,1,0.0,0.0,0.0,0.0,0.0,0.174446,1.13
223.81679185,0.30871281634482756,0.004985965714285714,32,1,0.0,0.0,0.0,0.0,0.0,0.162209,0.32499999999999996
223.81679185,0.3443335259230769,0.004985965714285714,32,0,0.0,0.0,0.0,0.0,0.0,0.222203,0.38000001
223.81679185,0.40693962154545454,0.007353905000000001,186,0,0.0,0.0,0.0,0.0,0.0,0.265297,0.659999995
223.81679185,0.3892465945217391,0.007353905000000001,186,0,0.0,0.0,0.0,0.0,0.0,0.246014,0.860000015
223.81679185,0.3730279864166666,0.007353905000000001,186,0,0.0,0.0,0.0,0.0,0.0,0.229618,1.1600000000000001
223.81679185,0.35810686696,0.007353905000000001,186,0,0.0,0.0,0.0,0.0,0.0,0.21179201,1.53999995
223.07450112,0.3431915401846154,0.004959032285714285,31,0,0.0,0.0,0.0,0.0,0.0,0.222155,0.394999995
223.07450112,0.29743266816,0.007441089285714286,185,1,0.0,0.0,0.0,0.0,0.0,0.15364,0.95
223.07450112,0.42490381165714286,0.007441089285714286,185,0,0.0,0.0,0.0,0.0,0.0,0.28696901,0.534999985
223.0099541,0.3185856487142857,0.006876335714285714,93,1,0.0,0.0,0.0,0.0,0.0,0.154089,1.65
223.0099541,0.30759993668965513,0.006876335714285714,93,1,0.0,0.0,0.0,0.0,0.0,0.144857,0.73999998
223.0099541,0.30759993668965513,0.007676119285714286,184,1,0.0,0.0,0.0,0.0,0.0,0.158362,1.63500005
223.0099541,0.4460199082,0.007676119285714286,184,0,0.0,0.0,0.0,0.0,0.0,0.310635,0.430000005
223.0099541,0.3878433984347826,0.007676119285714286,184,0,0.0,0.0,0.0,0.0,0.0,0.247137,0.8899999949999999
223.0099541,0.33038511718518515,0.007676119285714286,184,0,0.0,0.0,0.0,0.0,0.0,0.177021,2.84500005
222.33221039,0.34204955444615387,0.0049549868571428565,29,1,0.0,0.0,0.0,0.0,0.0,0.24954399,4.45000005
222.33221039,0.3176174434142857,0.0049549868571428565,29,1,0.0,0.0,0.0,0.0,0.0,0.18405201,0.9600000099999999
222.33221039,0.3066651177793103,0.0049549868571428565,29,1,0.0,0.0,0.0,0.0,0.0,0.17167,0.25999999500000004
222.33221039,0.3293810524296296,0.0049549868571428565,29,0,0.0,0.0,0.0,0.0,0.0,0.20298199,0.94999999
222.33221039,0.3066651177793103,0.007886117500000001,183,1,0.0,0.0,0.0,0.0,0.0,0.161286,1.6099999999999999
222.33221039,0.2964429471866667,0.007886117500000001,183,1,0.0,0.0,0.0,0.0,0.0,0.154825,0.905000005
222.33221039,0.42348992455238094,0.007886117500000001,183,0,0.0,0.0,0.0,0.0,0.0,0.286832,0.5399999900000001
222.33221039,0.3866647137217391,0.007886117500000001,183,0,0.0,0.0,0.0,0.0,0.0,0.243286,0.8700000050000001
222.33221039,0.3705536839833333,0.007886117500000001,183,0,0.0,0.0,0.0,0.0,0.0,0.22559001,1.16500005
222.33221039,0.355731536624,0.007886117500000001,183,0,0.0,0.0,0.0,0.0,0.0,0.20907301,1.58
222.33221039,0.34204955444615387,0.007886117500000001,183,0,0.0,0.0,0.0,0.0,0.0,0.195007,2.18499995
223.3326892,0.33086324325925925,0.004954202857142858,28,1,0.0,0.0,0.0,0.0,0.0,0.201638,2.525
223.3326892,0.3190466988571429,0.004954202857142858,28,1,0.0,0.0,0.0,0.0,0.0,0.18022799,1.025
223.3326892,0.30804508855172413,0.007928660714285714,182,1,0.0,0.0,0.0,0.0,0.0,0.164204,1.72
223.39723622,0.3191389088857143,0.008146549285714285,179,1,0.0,0.0,0.0,0.0,0.0,0.17211901,2.76
223.39723622,0.29786298162666663,0.008146549285714285,179,1,0.0,0.0,0.0,0.0,0.0,0.158584,0.98500001
223.39723622,0.28825449834838707,0.008146549285714285,179,1,0.0,0.0,0.0,0.0,0.0,0.15115,0.495000005
223.39723622,0.44679447244,0.008146549285714285,179,0,0.0,0.0,0.0,0.0,0.0,0.32525,0.48999998
223.39723622,0.4255185451809524,0.008146549285714285,179,0,0.0,0.0,0.0,0.0,0.0,0.300861,0.599999995
223.39723622,0.40617679312727273,0.008146549285714285,179,0,0.0,0.0,0.0,0.0,0.0,0.27250001,0.699999985
223.39723622,0.38851693255652175,0.008146549285714285,179,0,0.0,0.0,0.0,0.0,0.0,0.252262,0.90500001
223.39723622,0.357435577952,0.008146549285714285,179,0,0.0,0.0,0.0,0.0,0.0,0.215406,1.585
223.39723622,0.3436880557230769,0.008146549285714285,179,0,0.0,0.0,0.0,0.0,0.0,0.199132,2.145
223.39723622,0.3309588684740741,0.008146549285714285,179,0,0.0,0.0,0.0,0.0,0.0,0.186185,2.9599998999999997
222.81631304000004,0.28750492005161293,0.008145204999999999,178,1,0.0,0.0,0.0,0.0,0.0,0.15476701,0.504999995
222.81631304000004,0.4456326260800001,0.008145204999999999,178,0,0.0,0.0,0.0,0.0,0.0,0.32675499,0.50500001
222.81631304000004,0.4244120248380953,0.008145204999999999,178,0,0.0,0.0,0.0,0.0,0.0,0.300432,0.60499999
222.23538986,0.2867553417548387,0.008070202142857143,177,1,0.0,0.0,0.0,0.0,0.0,0.156894,0.5
222.23538986,0.27779423732499997,0.008070202142857143,177,1,0.0,0.0,0.0,0.0,0.0,0.155012,0.25999999500000004
222.23538986,0.6838011995692308,0.008070202142857143,177,0,0.0,0.0,0.0,0.0,0.0,0.54177201,0.16000000550000001
222.23538986,0.44447077972,0.008070202142857143,177,0,0.0,0.0,0.0,0.0,0.0,0.31932601,0.46499998499999995
222.23538986,0.42330550449523807,0.008070202142857143,177,0,0.0,0.0,0.0,0.0,0.0,0.30208001,0.625000015
222.23538986,0.4040643452,0.008070202142857143,177,0,0.0,0.0,0.0,0.0,0.0,0.27736801,0.76499999
223.94588589,0.3317716828,0.00518649,32,1,0.0,0.0,0.0,0.0,0.0,0.150019,2.2100000499999997
223.94588589,0.31992269412857144,0.00518649,32,1,0.0,0.0,0.0,0.0,0.0,0.121364,0.5850000049999999
223.94588589,0.3317716828,0.00518649,32,0,0.0,0.0,0.0,0.0,0.0,0.136326,0.52000001
223.94588589,0.31992269412857144,0.00518649,32,0,0.0,0.0,0.0,0.0,0.0,0.103521,1.47
222.52585145,0.3178940735,0.00514459,31,1,0.0,0.0,0.0,0.0,0.0,0.12777101,0.499999985
222.52585145,0.34234746376923075,0.00514459,31,0,0.0,0.0,0.0,0.0,0.0,0.177858,0.25999999500000004
222.52585145,0.3296679280740741,0.00514459,31,0,0.0,0.0,0.0,0.0,0.0,0.14656299,0.675000015
223.07450112,0.3304807424,0.0051810499999999995,30,1,0.0,0.0,0.0,0.0,0.0,0.145107,1.94
223.07450112,0.31867785874285715,0.0051810499999999995,30,1,0.0,0.0,0.0,0.0,0.0,0.120789,0.45499999999999996
223.07450112,0.3431915401846154,0.0051810499999999995,30,0,0.0,0.0,0.0,0.0,0.0,0.182089,0.260000005
223.07450112,0.3304807424,0.0051810499999999995,30,0,0.0,0.0,0.0,0.0,0.0,0.14181601,0.609999985
224.10725344,0.3201532192,0.005134664166666667,29,1,0.0,0.0,0.0,0.0,0.0,0.115956,0.52000001
224.10725344,0.30911345302068965,0.005134664166666667,29,1,0.0,0.0,0.0,0.0,0.0,0.116684,0.0699999999
224.10725344,0.3447803899076923,0.005134664166666667,29,0,0.0,0.0,0.0,0.0,0.0,0.18498699,0.214999995
224.10725344,0.33201074583703705,0.005134664166666667,29,0,0.0,0.0,0.0,0.0,0.0,0.141868,0.48999999499999997
224.10725344,0.3201532192,0.005134664166666667,29,0,0.0,0.0,0.0,0.0,0.0,0.110165,1.4300000499999999
223.23586867,0.3189083838142857,0.005182935,28,1,0.0,0.0,0.0,0.0,0.0,0.106683,0.375
223.23586867,0.33071980543703705,0.005182935,28,0,0.0,0.0,0.0,0.0,0.0,0.134029,0.47500001000000003
218.76232369999997,0.32409233140740734,0.0055577149999999995,32,1,0.0,0.0,0.0,0.0,0.0,0.14224499,1.13
218.76232369999997,0.31251760528571426,0.0055577149999999995,32,1,0.0,0.0,0.0,0.0,0.0,0.122419,0.20500000000000002
218.76232369999997,0.30174113613793097,0.0055577149999999995,32,1,0.0,0.0,0.0,0.0,0.0,0.142781,0.0549999999
218.76232369999997,0.33655742107692305,0.0055577149999999995,32,0,0.0,0.0,0.0,0.0,0.0,0.16759001,0.425
218.76232369999997,0.32409233140740734,0.0055577149999999995,32,0,0.0,0.0,0.0,0.0,0.0,0.13360199,1.07
220.09189015,0.3260620594814815,0.005594475714285714,31,1,0.0,0.0,0.0,0.0,0.0,0.140763,1.32
220.09189015,0.3144169859285714,0.005594475714285714,31,1,0.0,0.0,0.0,0.0,0.0,0.120799,0.259999995
220.09189015,0.3260620594814815,0.005594475714285714,31,0,0.0,0.0,0.0,0.0,0.0,0.134433,0.870000005
222.6537377,0.3298573891851852,0.005582618571428571,30,1,0.0,0.0,0.0,0.0,0.0,0.13876601,1.7349999999999999
222.6537377,0.3180767681428571,0.005582618571428571,30,1,0.0,0.0,0.0,0.0,0.0,0.112162,0.36500000499999996
222.6537377,0.3071086037241379,0.005582618571428571,30,1,0.0,0.0,0.0,0.0,0.0,0.106074,0.0299999995
222.6537377,0.34254421184615386,0.005582618571428571,30,0,0.0,0.0,0.0,0.0,0.0,0.16683,0.20500000000000002
222.6537377,0.3298573891851852,0.005582618571428571,30,0,0.0,0.0,0.0,0.0,0.0,0.12949,0.544999985
223.56173429999998,0.3312025693333333,0.005366074285714285,29,1,0.0,0.0,0.0,0.0,0.0,0.132687,1.91500005
223.56173429999998,0.3193739061428571,0.005366074285714285,29,1,0.0,0.0,0.0,0.0,0.0,0.107125,0.420000005
223.56173429999998,0.3312025693333333,0.005366074285714285,29,0,0.0,0.0,0.0,0.0,0.0,0.13217101,0.44500001
223.56173429999998,0.3193739061428571,0.005366074285714285,29,0,0.0,0.0,0.0,0.0,0.0,0.10714,1.45500005
222.10245404999998,0.32904067266666664,0.005307398571428571,28,1,0.0,0.0,0.0,0.0,0.0,0.132405,1.58500005
222.10245404999998,0.3172892200714285,0.005307398571428571,28,1,0.0,0.0,0.0,0.0,0.0,0.108305,0.290000005
222.10245404999998,0.34169608315384614,0.005307398571428571,28,0,0.0,0.0,0.0,0.0,0.0,0.16416401,0.185
222.10245404999998,0.32904067266666664,0.005307398571428571,28,0,0.0,0.0,0.0,0.0,0.0,0.12903599,0.5450000150000001
224.8588723,0.33312425525925926,0.005433142285714285,32,1,0.0,0.0,0.0,0.0,0.0,0.21416301,2.8249999
224.8588723,0.3212269604285714,0.005433142285714285,32,1,0.0,0.0,0.0,0.0,0.0,0.19434699,1.30499995
224.8588723,0.31015016868965517,0.005433142285714285,32,1,0.0,0.0,0.0,0.0,0.0,0.173581,0.395
224.8588723,0.2998118297333333,0.005433142285714285,32,1,0.0,0.0,0.0,0.0,0.0,0.157149,0.0649999995
224.8588723,0.3459367266153846,0.005433142285714285,32,0,0.0,0.0,0.0,0.0,0.0,0.231223,0.420000005
224.8588723,0.33312425525925926,0.005433142285714285,32,0,0.0,0.0,0.0,0.0,0.0,0.208221,0.91
224.8588723,0.3212269604285714,0.005433142285714285,32,0,0.0,0.0,0.0,0.0,0.0,0.19018599,1.9
224.8588723,0.2901404803870968,0.008725761428571429,186,1,0.0,0.0,0.0,0.0,0.0,0.135727,0.39
224.69673005,0.3209953286428572,0.005386266571428572,31,1,0.0,0.0,0.0,0.0,0.0,0.192175,1.24
224.69673005,0.3099265242068966,0.005386266571428572,31,1,0.0,0.0,0.0,0.0,0.0,0.16919599,0.34500001
224.69673005,0.35951476808000005,0.005386266571428572,31,0,0.0,0.0,0.0,0.0,0.0,0.262833,0.204999995
224.69673005,0.345687277,0.005386266571428572,31,0,0.0,0.0,0.0,0.0,0.0,0.233243,0.420000005
224.69673005,0.3209953286428572,0.005386266571428572,31,0,0.0,0.0,0.0,0.0,0.0,0.188402,1.89
224.69673005,0.3209953286428572,0.008696655555555556,185,0,0.0,0.0,0.0,0.0,0.0,0.158776,3.6999999499999996
225.15072835,0.32164389764285717,0.005351894571428571,30,1,0.0,0.0,0.0,0.0,0.0,0.188712,1.245
225.15072835,0.3105527287586207,0.005351894571428571,30,1,0.0,0.0,0.0,0.0,0.0,0.166565,0.33999999999999997
225.15072835,0.3335566345925926,0.005351894571428571,30,0,0.0,0.0,0.0,0.0,0.0,0.20640001,0.824999985
225.15072835,0.32164389764285717,0.005351894571428571,30,0,0.0,0.0,0.0,0.0,0.0,0.187913,1.79
225.15072835,0.3335566345925926,0.007964258571428571,93,1,0.0,0.0,0.0,0.0,0.0,0.18128499,3.4250000500000004
225.15072835,0.32164389764285717,0.007964258571428571,93,1,0.0,0.0,0.0,0.0,0.0,0.16698299,1.93999995
225.15072835,0.3335566345925926,0.007964258571428571,93,0,0.0,0.0,0.0,0.0,0.0,0.17650899,1.69500005
221.25931435,0.32779157681481486,0.005326787142857143,29,1,0.0,0.0,0.0,0.0,0.0,0.216693,2.05999995
221.25931435,0.3160847347857143,0.005326787142857143,29,1,0.0,0.0,0.0,0.0,0.0,0.190532,0.7699999799999999
221.25931435,0.29501241913333337,0.005326787142857143,29,1,0.0,0.0,0.0,0.0,0.0,0.163625,0.0249999995
221.25931435,0.34039894515384617,0.005326787142857143,29,0,0.0,0.0,0.0,0.0,0.0,0.23408601,0.584999975
221.25931435,0.32779157681481486,0.005326787142857143,29,0,0.0,0.0,0.0,0.0,0.0,0.20836,1.24
221.25931435,0.3160847347857143,0.005326787142857143,29,0,0.0,0.0,0.0,0.0,0.0,0.18210199,2.4550000499999998
221.25931435,0.35401490296000004,0.008106951428571428,92,1,0.0,0.0,0.0,0.0,0.0,0.219686,6.5
221.25931435,0.34039894515384617,0.008106951428571428,92,1,0.0,0.0,0.0,0.0,0.0,0.19944599,4.4749999
221.25931435,0.32779157681481486,0.008106951428571428,92,1,0.0,0.0,0.0,0.0,0.0,0.182557,2.7649999999999997
221.25931435,0.3160847347857143,0.008106951428571428,92,1,0.0,0.0,0.0,0.0,0.0,0.165497,1.43999995
221.25931435,0.34039894515384617,0.008106951428571428,92,0,0.0,0.0,0.0,0.0,0.0,0.195328,1.36
221.25931435,0.32779157681481486,0.008106951428571428,92,0,0.0,0.0,0.0,0.0,0.0,0.17885301,2.1700001
221.25931435,0.3160847347857143,0.008106951428571428,92,0,0.0,0.0,0.0,0.0,0.0,0.16292199,3.375
219.05417975,0.32452471074074074,0.005376251714285715,28,1,0.0,0.0,0.0,0.0,0.0,0.212332,1.605
219.05417975,0.3129345425,0.005376251714285715,28,1,0.0,0.0,0.0,0.0,0.0,0.18157899,0.485
219.05417975,0.3021436962068966,0.005376251714285715,28,1,0.0,0.0,0.0,0.0,0.0,0.161235,0.07499999900000001
219.05417975,0.36509029958333333,0.005376251714285715,28,0,0.0,0.0,0.0,0.0,0.0,0.28409001,0.145000005
219.05417975,0.3504866876,0.005376251714285715,28,0,0.0,0.0,0.0,0.0,0.0,0.25487399,0.314999995
219.05417975,0.33700643038461536,0.005376251714285715,28,0,0.0,0.0,0.0,0.0,0.0,0.231003,0.715000005
219.05417975,0.32452471074074074,0.005376251714285715,28,0,0.0,0.0,0.0,0.0,0.0,0.20396399,1.5
219.05417975,0.3129345425,0.005376251714285715,28,0,0.0,0.0,0.0,0.0,0.0,0.183834,2.95499995
219.05417975,0.32452471074074074,0.008176580714285715,91,1,0.0,0.0,0.0,0.0,0.0,0.179168,2.3249999
219.05417975,0.3129345425,0.008176580714285715,91,1,0.0,0.0,0.0,0.0,0.0,0.161183,1.12
219.05417975,0.3021436962068966,0.008176580714285715,91,1,0.0,0.0,0.0,0.0,0.0,0.14526699,0.40499999
219.05417975,0.4381083595,0.008176580714285715,91,0,0.0,0.0,0.0,0.0,0.0,0.325919,0.125
219.05417975,0.4172460566666667,0.008176580714285715,91,0,0.0,0.0,0.0,0.0,0.0,0.29531401,0.165
219.05417975,0.3982803268181818,0.008176580714285715,91,0,0.0,0.0,0.0,0.0,0.0,0.268783,0.23499999500000002
219.05417975,0.3504866876,0.008176580714285715,91,0,0.0,0.0,0.0,0.0,0.0,0.20745701,0.93000001
219.05417975,0.33700643038461536,0.008176580714285715,91,0,0.0,0.0,0.0,0.0,0.0,0.19038799,1.5150000000000001
219.05417975,0.32452471074074074,0.008176580714285715,91,0,0.0,0.0,0.0,0.0,0.0,0.176558,2.46
219.05417975,0.3129345425,0.008176580714285715,91,0,0.0,0.0,0.0,0.0,0.0,0.159098,3.775
219.05417975,0.625869085,0.009004014444444444,182,0,0.0,0.0,0.0,0.0,0.0,0.42364299,0.0750000015
219.6054634,0.30290408744827585,0.009103704444444445,179,1,0.0,0.0,0.0,0.0,0.0,0.151053,1.06
219.6054634,0.2928072845333333,0.009103704444444445,179,1,0.0,0.0,0.0,0.0,0.0,0.14338399,0.515
229.23671305,0.3274810186428571,0.00559879,32,1,0.0,0.0,0.0,0.0,0.0,0.17373601,1.645
229.23671305,0.31618856972413795,0.00559879,32,1,0.0,0.0,0.0,0.0,0.0,0.153685,0.489999995
229.23671305,0.45847342609999997,0.00559879,32,0,0.0,0.0,0.0,0.0,0.0,0.484947,0.0249999994
229.23671305,0.4167940237272727,0.00559879,32,0,0.0,0.0,0.0,0.0,0.0,0.39853099,0.0499999995
229.23671305,0.36677874088,0.00559879,32,0,0.0,0.0,0.0,0.0,0.0,0.26203799,0.14500000000000002
229.23671305,0.35267186623076924,0.00559879,32,0,0.0,0.0,0.0,0.0,0.0,0.222611,0.255
229.23671305,0.33960994525925925,0.00559879,32,0,0.0,0.0,0.0,0.0,0.0,0.1921,0.544999985
231.2148485,0.3303069264285714,0.0056234200000000005,31,1,0.0,0.0,0.0,0.0,0.0,0.18854199,2.04999995
231.2148485,0.3189170324137931,0.0056234200000000005,31,1,0.0,0.0,0.0,0.0,0.0,0.17094,0.7450000050000001
231.2148485,0.30828646466666665,0.0056234200000000005,31,1,0.0,0.0,0.0,0.0,0.0,0.164379,0.195
231.2148485,0.42039063363636364,0.0056234200000000005,31,0,0.0,0.0,0.0,0.0,0.0,0.45460701,0.09
231.2148485,0.38535808083333334,0.0056234200000000005,31,0,0.0,0.0,0.0,0.0,0.0,0.34148499,0.130000005
231.2148485,0.3557151515384615,0.0056234200000000005,31,0,0.0,0.0,0.0,0.0,0.0,0.237207,0.24500000500000002
231.2148485,0.3425405162962963,0.0056234200000000005,31,0,0.0,0.0,0.0,0.0,0.0,0.200804,0.474999995
229.33399839999998,0.3276199977142857,0.00562152,30,1,0.0,0.0,0.0,0.0,0.0,0.17217,1.63
229.33399839999998,0.3163227564137931,0.00562152,30,1,0.0,0.0,0.0,0.0,0.0,0.158884,0.515
229.33399839999998,0.3057786645333333,0.00562152,30,1,0.0,0.0,0.0,0.0,0.0,0.160448,0.130000005
229.33399839999998,0.29591483664516127,0.00562152,30,1,0.0,0.0,0.0,0.0,0.0,0.18212201,0.049999999
229.33399839999998,0.41697090618181815,0.00562152,30,0,0.0,0.0,0.0,0.0,0.0,0.41369301,0.0499999995
229.33399839999998,0.36693439743999995,0.00562152,30,0,0.0,0.0,0.0,0.0,0.0,0.26898301,0.13500000499999998
229.33399839999998,0.3397540717037037,0.00562152,30,0,0.0,0.0,0.0,0.0,0.0,0.19647899,0.50999999
229.33399839999998,0.3276199977142857,0.00562152,30,0,0.0,0.0,0.0,0.0,0.0,0.176248,1.22
232.77141410000002,0.3325305915714286,0.005648933478260869,29,1,0.0,0.0,0.0,0.0,0.0,0.172581,2.2350000000000003
232.77141410000002,0.3210640194482759,0.005648933478260869,29,1,0.0,0.0,0.0,0.0,0.0,0.156993,0.784999995
232.77141410000002,0.3103618854666667,0.005648933478260869,29,1,0.0,0.0,0.0,0.0,0.0,0.151381,0.185
232.77141410000002,0.34484653940740745,0.005648933478260869,29,0,0.0,0.0,0.0,0.0,0.0,0.19498,0.31500001
232.77141410000002,0.3325305915714286,0.005648933478260869,29,0,0.0,0.0,0.0,0.0,0.0,0.16886,0.78
233.5496969,0.32213751296551724,0.005644081739130435,28,1,0.0,0.0,0.0,0.0,0.0,0.14105301,0.764999985
233.5496969,0.31139959586666666,0.005644081739130435,28,1,0.0,0.0,0.0,0.0,0.0,0.135583,0.15000000000000002
233.5496969,0.3013544476129032,0.005644081739130435,28,1,0.0,0.0,0.0,0.0,0.0,0.14596,0.0300000004
233.5496969,0.3459995509629629,0.005644081739130435,28,0,0.0,0.0,0.0,0.0,0.0,0.188986,0.229999995
233.5496969,0.3336424241428571,0.005644081739130435,28,0,0.0,0.0,0.0,0.0,0.0,0.16153,0.605000015
233.5496969,0.32213751296551724,0.005644081739130435,28,0,0.0,0.0,0.0,0.0,0.0,0.141628,1.6
242.275149,0.3341726193103448,0.007618982857142857,32,1,0.0,0.0,0.0,0.0,0.0,0.14743,2.4600000499999997
242.275149,0.323033532,0.007618982857142857,32,1,0.0,0.0,0.0,0.0,0.0,0.13060901,0.8849999900000001
242.275149,0.31261309548387095,0.007618982857142857,32,1,0.0,0.0,0.0,0.0,0.0,0.117756,0.160000005
242.275149,0.484550298,0.007618982857142857,32,0,0.0,0.0,0.0,0.0,0.0,0.52210599,0.0149999995
242.275149,0.3461073557142857,0.007618982857142857,32,0,0.0,0.0,0.0,0.0,0.0,0.16822299,0.190000005
242.275149,0.3341726193103448,0.007618982857142857,32,0,0.0,0.0,0.0,0.0,0.0,0.145008,0.525000005
242.275149,0.323033532,0.007618982857142857,32,0,0.0,0.0,0.0,0.0,0.0,0.12843101,1.44999995
242.633496,0.3594570311111111,0.007647775714285715,31,1,0.0,0.0,0.0,0.0,0.0,0.223304,7.14999985
242.633496,0.34661928000000003,0.007647775714285715,31,1,0.0,0.0,0.0,0.0,0.0,0.17682,4.7249999
242.633496,0.33466689103448277,0.007647775714285715,31,1,0.0,0.0,0.0,0.0,0.0,0.147148,2.51999995
242.633496,0.323511328,0.007647775714285715,31,1,0.0,0.0,0.0,0.0,0.0,0.13197,0.925000015
242.633496,0.3594570311111111,0.007647775714285715,31,0,0.0,0.0,0.0,0.0,0.0,0.20694301,0.089999999
242.633496,0.33466689103448277,0.007647775714285715,31,0,0.0,0.0,0.0,0.0,0.0,0.149139,0.5099999900000001
242.50318799999997,0.34643312571428564,0.007686285,30,1,0.0,0.0,0.0,0.0,0.0,0.188445,4.7249999
242.50318799999997,0.3344871558620689,0.007686285,30,1,0.0,0.0,0.0,0.0,0.0,0.15030199,2.495
242.50318799999997,0.32333758399999996,0.007686285,30,1,0.0,0.0,0.0,0.0,0.0,0.132092,0.890000015
242.50318799999997,0.3344871558620689,0.007686285,30,0,0.0,0.0,0.0,0.0,0.0,0.147917,0.49499998999999995
242.633496,0.33466689103448277,0.007684754285714286,29,1,0.0,0.0,0.0,0.0,0.0,0.150939,2.47500005
242.633496,0.323511328,0.007684754285714286,29,1,0.0,0.0,0.0,0.0,0.0,0.131843,0.8650000099999999
242.633496,0.30329187,0.007684754285714286,29,1,0.0,0.0,0.0,0.0,0.0,0.118718,0.0149999995
242.633496,0.3882135936,0.007684754285714286,29,0,0.0,0.0,0.0,0.0,0.0,0.29985201,0.04
242.633496,0.34661928000000003,0.007684754285714286,29,0,0.0,0.0,0.0,0.0,0.0,0.178294,0.190000005
242.633496,0.33466689103448277,0.007684754285714286,29,0,0.0,0.0,0.0,0.0,0.0,0.15164401,0.5049999949999999
242.95926599999999,0.32394568799999995,0.007706128571428571,28,1,0.0,0.0,0.0,0.0,0.0,0.137343,0.91
242.95926599999999,0.31349582709677415,0.007706128571428571,28,1,0.0,0.0,0.0,0.0,0.0,0.124189,0.165
240.58114499999996,0.3318360620689655,0.007854113571428572,31,1,0.0,0.0,0.0,0.0,0.0,0.18943299,2.38
240.58114499999996,0.32077485999999994,0.007854113571428572,31,1,0.0,0.0,0.0,0.0,0.0,0.17366301,1.000000005
240.58114499999996,0.3104272838709677,0.007854113571428572,31,1,0.0,0.0,0.0,0.0,0.0,0.157801,0.26499998999999996
240.58114499999996,0.34368734999999995,0.007854113571428572,31,0,0.0,0.0,0.0,0.0,0.0,0.207238,0.44500001
240.58114499999996,0.32077485999999994,0.007854113571428572,31,0,0.0,0.0,0.0,0.0,0.0,0.17176101,2.125
240.58114499999996,0.3318360620689655,0.010841129523809525,185,1,0.0,0.0,0.0,0.0,0.0,0.17472,4.0999999
240.58114499999996,0.2673123833333333,0.010841129523809525,185,1,0.0,0.0,0.0,0.0,0.0,0.141873,0.065
240.58114499999996,0.3849298319999999,0.010841129523809525,185,0,0.0,0.0,0.0,0.0,0.0,0.22426499,0.889999985
240.58114499999996,0.37012483846153843,0.010841129523809525,185,0,0.0,0.0,0.0,0.0,0.0,0.20963299,1.21
240.58114499999996,0.3849298319999999,0.012199517692307694,367,0,0.0,0.0,0.0,0.0,0.0,0.221,2.0800000499999998
240.58114499999996,0.37012483846153843,0.012199517692307694,367,0,0.0,0.0,0.0,0.0,0.0,0.209342,2.56500005
240.58114499999996,0.35641651111111106,0.012199517692307694,367,0,0.0,0.0,0.0,0.0,0.0,0.204456,3.3249999499999996
240.58114499999996,0.34368734999999995,0.012199517692307694,367,0,0.0,0.0,0.0,0.0,0.0,0.19281501,4.0500000499999995
240.58114499999996,0.3318360620689655,0.012199517692307694,367,0,0.0,0.0,0.0,0.0,0.0,0.18751401,5.0999999
242.76380399999996,0.32368507199999996,0.007905274285714286,30,1,0.0,0.0,0.0,0.0,0.0,0.17736299,1.31
242.76380399999996,0.31324361806451606,0.007905274285714286,30,1,0.0,0.0,0.0,0.0,0.0,0.165714,0.425
242.76380399999996,0.34680543428571425,0.007905274285714286,30,0,0.0,0.0,0.0,0.0,0.0,0.210187,0.329999995
242.76380399999996,0.3348466262068965,0.007905274285714286,30,0,0.0,0.0,0.0,0.0,0.0,0.189666,0.7699999799999999
242.76380399999996,0.32368507199999996,0.007905274285714286,30,0,0.0,0.0,0.0,0.0,0.0,0.17448799,1.72
242.76380399999996,0.34680543428571425,0.009896428571428572,93,1,0.0,0.0,0.0,0.0,0.0,0.180013,5.375
242.76380399999996,0.32368507199999996,0.009896428571428572,93,1,0.0,0.0,0.0,0.0,0.0,0.15139,1.96500005
242.76380399999996,0.31324361806451606,0.009896428571428572,93,1,0.0,0.0,0.0,0.0,0.0,0.141487,0.94000003
242.76380399999996,0.3348466262068965,0.009896428571428572,93,0,0.0,0.0,0.0,0.0,0.0,0.161596,1.57999995
242.76380399999996,0.2856044752941176,0.012425830659340659,366,1,0.0,0.0,0.0,0.0,0.0,0.151346,1.165
242.76380399999996,0.46240724571428565,0.012425830659340659,366,0,0.0,0.0,0.0,0.0,0.0,0.27983001,0.9200000150000001
242.76380399999996,0.44138873454545446,0.012425830659340659,366,0,0.0,0.0,0.0,0.0,0.0,0.265838,1.12
242.76380399999996,0.37348277538461533,0.012425830659340659,366,0,0.0,0.0,0.0,0.0,0.0,0.213958,2.4699999
242.76380399999996,0.3596500799999999,0.012425830659340659,366,0,0.0,0.0,0.0,0.0,0.0,0.203868,3.06499995
242.76380399999996,0.34680543428571425,0.012425830659340659,366,0,0.0,0.0,0.0,0.0,0.0,0.195347,3.825
242.76380399999996,0.3348466262068965,0.012425830659340659,366,0,0.0,0.0,0.0,0.0,0.0,0.186608,4.72500015
241.78649399999998,0.32238199199999995,0.007890467142857143,29,1,0.0,0.0,0.0,0.0,0.0,0.17741001,1.15
241.78649399999998,0.3582022133333333,0.007890467142857143,29,0,0.0,0.0,0.0,0.0,0.0,0.241384,0.17500000500000001
241.78649399999998,0.34540927714285713,0.007890467142857143,29,0,0.0,0.0,0.0,0.0,0.0,0.21183699,0.364999995
241.78649399999998,0.3334986124137931,0.007890467142857143,29,0,0.0,0.0,0.0,0.0,0.0,0.187877,0.824999985
241.78649399999998,0.32238199199999995,0.007890467142857143,29,0,0.0,0.0,0.0,0.0,0.0,0.172368,1.8450000000000002
241.78649399999998,0.3334986124137931,0.010075796428571428,92,1,0.0,0.0,0.0,0.0,0.0,0.165105,3.29999995
241.78649399999998,0.32238199199999995,0.010075796428571428,92,1,0.0,0.0,0.0,0.0,0.0,0.150858,1.82
241.78649399999998,0.3582022133333333,0.010075796428571428,92,0,0.0,0.0,0.0,0.0,0.0,0.19290601,0.6150000099999999
241.78649399999998,0.3334986124137931,0.010075796428571428,92,0,0.0,0.0,0.0,0.0,0.0,0.160952,1.65999995
241.78649399999998,0.32238199199999995,0.010075796428571428,92,0,0.0,0.0,0.0,0.0,0.0,0.149671,2.735
241.78649399999998,0.3022331175,0.011211096984126985,183,1,0.0,0.0,0.0,0.0,0.0,0.143381,0.959999955
241.78649399999998,0.32238199199999995,0.012668787252747253,365,1,0.0,0.0,0.0,0.0,0.0,0.178638,4.6750002
241.78649399999998,0.3119825729032258,0.012668787252747253,365,1,0.0,0.0,0.0,0.0,0.0,0.17104501,3.4749999
241.78649399999998,0.29307453818181817,0.012668787252747253,365,1,0.0,0.0,0.0,0.0,0.0,0.156975,1.69
242.828958,0.3349364937931035,0.007861556428571427,28,1,0.0,0.0,0.0,0.0,0.0,0.186194,2.765
242.828958,0.323771944,0.007861556428571427,28,1,0.0,0.0,0.0,0.0,0.0,0.171368,1.21
242.828958,0.3133276877419355,0.007861556428571427,28,1,0.0,0.0,0.0,0.0,0.0,0.160513,0.359999995
242.828958,0.3349364937931035,0.007861556428571427,28,0,0.0,0.0,0.0,0.0,0.0,0.18860701,0.715000005
242.828958,0.323771944,0.007861556428571427,28,0,0.0,0.0,0.0,0.0,0.0,0.171636,1.645
242.828958,0.323771944,0.010091839285714286,91,1,0.0,0.0,0.0,0.0,0.0,0.14861,1.8900000000000001
242.828958,0.3133276877419355,0.010091839285714286,91,1,0.0,0.0,0.0,0.0,0.0,0.13717601,0.859999985
242.828958,0.3349364937931035,0.010091839285714286,91,0,0.0,0.0,0.0,0.0,0.0,0.159317,1.53
242.828958,0.323771944,0.010091839285714286,91,0,0.0,0.0,0.0,0.0,0.0,0.14748199,2.54999995
242.828958,0.323771944,0.012608566813186813,364,1,0.0,0.0,0.0,0.0,0.0,0.17353199,4.6999998
242.828958,0.3133276877419355,0.012608566813186813,364,1,0.0,0.0,0.0,0.0,0.0,0.16684499,3.5
242.828958,0.3735830123076923,0.012608566813186813,364,0,0.0,0.0,0.0,0.0,0.0,0.208912,2.3199999499999997
242.828958,0.35974660444444445,0.012608566813186813,364,0,0.0,0.0,0.0,0.0,0.0,0.202959,3.0
242.828958,0.3468985114285714,0.012608566813186813,364,0,0.0,0.0,0.0,0.0,0.0,0.198056,3.8500001500000005
242.828958,0.3349364937931035,0.012608566813186813,364,0,0.0,0.0,0.0,0.0,0.0,0.188537,4.72500015
241.558455,0.32207794,0.012316808571428573,361,1,0.0,0.0,0.0,0.0,0.0,0.177434,4.5749998
241.558455,0.31168832903225807,0.012316808571428573,361,1,0.0,0.0,0.0,0.0,0.0,0.17219,3.4499999499999996
242.60091899999998,0.30325114875,0.011156633015873017,178,1,0.0,0.0,0.0,0.0,0.0,0.139737,0.9400000100000001
242.60091899999998,0.6065022975,0.011156633015873017,178,0,0.0,0.0,0.0,0.0,0.0,0.37102801,0.0399999995
242.60091899999998,0.4219146417391304,0.012502665934065934,360,0,0.0,0.0,0.0,0.0,0.0,0.244845,1.23
242.60091899999998,0.3465727414285714,0.012502665934065934,360,0,0.0,0.0,0.0,0.0,0.0,0.192156,3.725
245.59800299999998,0.2976945490909091,0.011243776666666667,177,1,0.0,0.0,0.0,0.0,0.0,0.138127,0.64500001
245.59800299999998,0.2889388270588235,0.011243776666666667,177,1,0.0,0.0,0.0,0.0,0.0,0.134322,0.31499999
245.59800299999998,0.40933000499999994,0.011243776666666667,177,0,0.0,0.0,0.0,0.0,0.0,0.23611,0.439999995
245.59800299999998,0.3638488933333333,0.011243776666666667,177,0,0.0,0.0,0.0,0.0,0.0,0.19444101,1.195
245.59800299999998,0.35085428999999996,0.011243776666666667,177,0,0.0,0.0,0.0,0.0,0.0,0.180911,1.665
259.34549699999997,0.3346393509677419,0.007949516857142857,32,1,0.0,0.0,0.0,0.0,0.0,0.15705501,2.40499995
259.34549699999997,0.32418187125,0.007949516857142857,32,1,0.0,0.0,0.0,0.0,0.0,0.13771801,0.8250000150000001
259.34549699999997,0.3704935671428571,0.007949516857142857,32,0,0.0,0.0,0.0,0.0,0.0,0.242241,0.11
259.34549699999997,0.3346393509677419,0.007949516857142857,32,0,0.0,0.0,0.0,0.0,0.0,0.121237,0.5900000000000001
259.34549699999997,0.32418187125,0.007949516857142857,32,0,0.0,0.0,0.0,0.0,0.0,0.087787002,1.565
259.96446,0.32495557499999994,0.007930416285714286,31,1,0.0,0.0,0.0,0.0,0.0,0.13537399,0.845
259.96446,0.34661928,0.007930416285714286,31,0,0.0,0.0,0.0,0.0,0.0,0.149499,0.2
262.92896699999994,0.32866120874999993,0.007936508,30,1,0.0,0.0,0.0,0.0,0.0,0.13854501,1.33499995
262.92896699999994,0.362660644137931,0.007936508,30,0,0.0,0.0,0.0,0.0,0.0,0.220015,0.1250000005
262.92896699999994,0.3505719559999999,0.007936508,30,0,0.0,0.0,0.0,0.0,0.0,0.16524801,0.150000005
262.92896699999994,0.3392631832258064,0.007936508,30,0,0.0,0.0,0.0,0.0,0.0,0.13456599,0.36
263.22216,0.3290277,0.007987248285714286,29,1,0.0,0.0,0.0,0.0,0.0,0.136948,1.375
263.22216,0.3190571636363636,0.007987248285714286,29,1,0.0,0.0,0.0,0.0,0.0,0.117518,0.284999995
263.22216,0.3760316571428571,0.007987248285714286,29,0,0.0,0.0,0.0,0.0,0.0,0.27985901,0.104999995
263.22216,0.3290277,0.007987248285714286,29,0,0.0,0.0,0.0,0.0,0.0,0.104125,0.880000025
262.04938799999996,0.32756173499999997,0.007943685142857143,28,1,0.0,0.0,0.0,0.0,0.0,0.150456,1.21
262.04938799999996,0.3176356218181818,0.007943685142857143,28,1,0.0,0.0,0.0,0.0,0.0,0.12938,0.25
262.04938799999996,0.349399184,0.007943685142857143,28,0,0.0,0.0,0.0,0.0,0.0,0.16497099,0.16
262.04938799999996,0.3381282425806451,0.007943685142857143,28,0,0.0,0.0,0.0,0.0,0.0,0.132066,0.39
262.04938799999996,0.32756173499999997,0.007943685142857143,28,0,0.0,0.0,0.0,0.0,0.0,0.102575,1.12
269.56381489,0.3478242772774194,0.009966645,32,1,0.0,0.0,0.0,0.0,0.0,0.22983401,5.4749999
269.56381489,0.3369547686125,0.009966645,32,1,0.0,0.0,0.0,0.0,0.0,0.138629,2.88999995
269.56381489,0.31713389987058827,0.009966645,32,1,0.0,0.0,0.0,0.0,0.0,0.111571,0.26499999
269.56381489,0.3080729313028571,0.009966645,32,1,0.0,0.0,0.0,0.0,0.0,0.103047,0.0249999994
269.56381489,0.3478242772774194,0.009966645,32,0,0.0,0.0,0.0,0.0,0.0,0.159815,0.17
269.56381489,0.3369547686125,0.009966645,32,0,0.0,0.0,0.0,0.0,0.0,0.13641199,0.435
269.56381489,0.32674401804848485,0.009966645,32,0,0.0,0.0,0.0,0.0,0.0,0.119824,1.2000000000000002
267.33844893,0.3341730611625,0.00995431,31,1,0.0,0.0,0.0,0.0,0.0,0.144078,2.41
267.33844893,0.3240466047636364,0.00995431,31,1,0.0,0.0,0.0,0.0,0.0,0.12567601,0.86499998
267.33844893,0.3145158222705883,0.00995431,31,1,0.0,0.0,0.0,0.0,0.0,0.118978,0.19
267.33844893,0.30552965592000003,0.00995431,31,1,0.0,0.0,0.0,0.0,0.0,0.11296,0.0199999995
267.33844893,0.3341730611625,0.00995431,31,0,0.0,0.0,0.0,0.0,0.0,0.138088,0.60499999
266.32394386,0.3133222868941176,0.009996979999999999,30,1,0.0,0.0,0.0,0.0,0.0,0.121715,0.155
266.32394386,0.34364379852903226,0.009996979999999999,30,0,0.0,0.0,0.0,0.0,0.0,0.159245,0.25499999500000003
265.93123222,0.3431370738322581,0.009958164285714284,29,1,0.0,0.0,0.0,0.0,0.0,0.153365,4.04999995
265.93123222,0.4432187203666667,0.009958164285714284,29,0,0.0,0.0,0.0,0.0,0.0,0.64639097,0.25
265.93123222,0.3431370738322581,0.009958164285714284,29,0,0.0,0.0,0.0,0.0,0.0,0.166429,0.294999995
265.04763103,0.3212698557939394,0.009951906428571428,28,1,0.0,0.0,0.0,0.0,0.0,0.125094,0.529999985
265.04763103,0.33130953878749997,0.009951906428571428,28,0,0.0,0.0,0.0,0.0,0.0,0.13782801,0.79499999
266.7166555,0.32329291575757574,0.010196064,32,1,0.0,0.0,0.0,0.0,0.0,0.171913,1.21
266.7166555,0.3137843005882353,0.010196064,32,1,0.0,0.0,0.0,0.0,0.0,0.15864301,0.394999995
266.7166555,0.34415052322580647,0.010196064,32,0,0.0,0.0,0.0,0.0,0.0,0.197238,0.499999985
266.7166555,0.333395819375,0.010196064,32,0,0.0,0.0,0.0,0.0,0.0,0.17715099,1.045000015
262.82226507,0.31857244250909095,0.010103811428571429,31,1,0.0,0.0,0.0,0.0,0.0,0.174156,0.7999999849999999
260.98961075,0.3262370134375,0.0100712,30,1,0.0,0.0,0.0,0.0,0.0,0.183726,1.57000005
260.98961075,0.3479861476666667,0.0100712,30,0,0.0,0.0,0.0,0.0,0.0,0.237271,0.52000001
260.98961075,0.3262370134375,0.0100712,30,0,0.0,0.0,0.0,0.0,0.0,0.186929,1.8199999999999998
260.98961075,0.3070466008823529,0.011645537857142858,93,1,0.0,0.0,0.0,0.0,0.0,0.146908,0.625
260.98961075,0.29827384085714287,0.011645537857142858,93,1,0.0,0.0,0.0,0.0,0.0,0.14429501,0.274999995
260.98961075,0.35998567,0.011645537857142858,93,0,0.0,0.0,0.0,0.0,0.0,0.20677599,0.80500001
260.98961075,0.3479861476666667,0.011645537857142858,93,0,0.0,0.0,0.0,0.0,0.0,0.187529,1.1800000499999999
262.29864955000005,0.3179377570303031,0.010029931999999998,29,1,0.0,0.0,0.0,0.0,0.0,0.176908,0.724999995
262.29864955000005,0.3179377570303031,0.010029931999999998,29,0,0.0,0.0,0.0,0.0,0.0,0.17005999,2.9649998999999996
262.29864955000005,0.3179377570303031,0.011754472857142857,92,1,0.0,0.0,0.0,0.0,0.0,0.15537199,1.475
262.29864955000005,0.3085866465294118,0.011754472857142857,92,1,0.0,0.0,0.0,0.0,0.0,0.144803,0.680000005
262.29864955000005,0.3085866465294118,0.012644536031746033,183,1,0.0,0.0,0.0,0.0,0.0,0.152475,1.57
260.92415881000005,0.3261551985125001,0.01002975057142857,28,1,0.0,0.0,0.0,0.0,0.0,0.187305,1.5499999999999998
260.92415881000005,0.3162717076484849,0.01002975057142857,28,1,0.0,0.0,0.0,0.0,0.0,0.18171901,0.6200000050000001
260.92415881000005,0.33667633394838714,0.01002975057142857,28,0,0.0,0.0,0.0,0.0,0.0,0.201627,0.840000005
260.92415881000005,0.3478988784133334,0.011727837857142858,91,0,0.0,0.0,0.0,0.0,0.0,0.182035,1.0850000149999999
260.92415881000005,0.33667633394838714,0.011727837857142858,91,0,0.0,0.0,0.0,0.0,0.0,0.169552,1.73999995
260.92415881000005,0.3162717076484849,0.011727837857142858,91,0,0.0,0.0,0.0,0.0,0.0,0.141458,4.0500001
264.75309730000004,0.3025749683428572,0.012894344126984127,179,1,0.0,0.0,0.0,0.0,0.0,0.14475,0.9900000649999999
276.63262441,0.3353122720121212,0.010167591666666666,32,1,0.0,0.0,0.0,0.0,0.0,0.140132,2.48000005
276.63262441,0.3254501463647059,0.010167591666666666,32,1,0.0,0.0,0.0,0.0,0.0,0.122439,0.8849999900000001
276.63262441,0.31615157075428574,0.010167591666666666,32,1,0.0,0.0,0.0,0.0,0.0,0.115204,0.195
276.07628292000004,0.33463791869090914,0.01014596125,30,1,0.0,0.0,0.0,0.0,0.0,0.158503,2.4499999499999996
276.07628292000004,0.32479562696470593,0.01014596125,30,1,0.0,0.0,0.0,0.0,0.0,0.13497099,0.889999985
277.25441784000003,0.32618166804705884,0.010181775000000002,29,1,0.0,0.0,0.0,0.0,0.0,0.13459501,1.0150000000000001
277.25441784000003,0.33606596101818187,0.010181775000000002,29,0,0.0,0.0,0.0,0.0,0.0,0.14410099,0.6049999850000001
275.32358561,0.3239101007176471,0.01021931125,28,1,0.0,0.0,0.0,0.0,0.0,0.129078,0.705000015
293.84820025,0.345703765,0.012333116428571428,32,1,0.0,0.0,0.0,0.0,0.0,0.16133399,4.72500015
293.84820025,0.33582651457142854,0.012333116428571428,32,1,0.0,0.0,0.0,0.0,0.0,0.133642,2.56000005
293.84820025,0.32649800027777776,0.012333116428571428,32,1,0.0,0.0,0.0,0.0,0.0,0.117368,0.97500001
293.84820025,0.345703765,0.012333116428571428,32,0,0.0,0.0,0.0,0.0,0.0,0.154726,0.27
293.3552215,0.3259502461111111,0.012341868571428572,31,1,0.0,0.0,0.0,0.0,0.0,0.117612,0.9200000150000001
293.3552215,0.3352631102857143,0.012341868571428572,31,0,0.0,0.0,0.0,0.0,0.0,0.13043299,0.6200000050000001
293.289491,0.36661186375,0.01233112,30,1,0.0,0.0,0.0,0.0,0.0,0.20418701,9.375
293.289491,0.3258772122222222,0.01233112,30,1,0.0,0.0,0.0,0.0,0.0,0.118249,0.905
293.289491,0.31706972,0.01233112,30,1,0.0,0.0,0.0,0.0,0.0,0.112818,0.21000001000000001
290.23302275000003,0.3224811363888889,0.012332980714285713,29,1,0.0,0.0,0.0,0.0,0.0,0.120542,0.564999995
290.23302275000003,0.31376543,0.012332980714285713,29,1,0.0,0.0,0.0,0.0,0.0,0.117478,0.1149999995
290.23302275000003,0.341450615,0.012332980714285713,29,0,0.0,0.0,0.0,0.0,0.0,0.150831,0.36
290.82459725,0.3323709682857143,0.012458487142857144,32,1,0.0,0.0,0.0,0.0,0.0,0.18347099,2.4649998999999996
290.82459725,0.3231384413888889,0.012458487142857144,32,1,0.0,0.0,0.0,0.0,0.0,0.169296,1.14499995
290.82459725,0.342146585,0.012458487142857144,32,0,0.0,0.0,0.0,0.0,0.0,0.19761799,0.72999999
290.82459725,0.3323709682857143,0.012458487142857144,32,0,0.0,0.0,0.0,0.0,0.0,0.17997,1.39999995
290.82459725,0.3323709682857143,0.013615636825396826,186,0,0.0,0.0,0.0,0.0,0.0,0.15702,3.5249999499999998
292.106342,0.3245626022222222,0.012438363714285715,31,1,0.0,0.0,0.0,0.0,0.0,0.17284,1.33
292.106342,0.2995962482051282,0.013615284444444445,185,1,0.0,0.0,0.0,0.0,0.0,0.136292,0.794999985
292.106342,0.4029052993103448,0.013615284444444445,185,0,0.0,0.0,0.0,0.0,0.0,0.229293,0.67500001
293.32235625,0.32591372916666667,0.012435156285714287,30,1,0.0,0.0,0.0,0.0,0.0,0.16456001,1.345
293.32235625,0.3666529453125,0.012435156285714287,30,0,0.0,0.0,0.0,0.0,0.0,0.27658799,0.255
293.32235625,0.35554225,0.012435156285714287,30,0,0.0,0.0,0.0,0.0,0.0,0.22364201,0.289999995
293.32235625,0.33522555,0.012435156285714287,30,0,0.0,0.0,0.0,0.0,0.0,0.18323199,1.1
293.32235625,0.35554225,0.013136204285714286,93,1,0.0,0.0,0.0,0.0,0.0,0.171506,7.39999985
293.32235625,0.32591372916666667,0.013136204285714286,93,1,0.0,0.0,0.0,0.0,0.0,0.14104301,2.105
293.32235625,0.3008434423076923,0.013687116984126986,184,1,0.0,0.0,0.0,0.0,0.0,0.13125101,0.7549999949999999
293.32235625,0.33522555,0.013687116984126986,184,0,0.0,0.0,0.0,0.0,0.0,0.155421,3.175
293.2237605,0.32580417833333336,0.012410507714285712,29,1,0.0,0.0,0.0,0.0,0.0,0.16511101,1.3399999500000002
293.2237605,0.31699866000000004,0.012410507714285712,29,1,0.0,0.0,0.0,0.0,0.0,0.16184901,0.525000005
293.2237605,0.35542274,0.012410507714285712,29,0,0.0,0.0,0.0,0.0,0.0,0.224931,0.274999995
293.2237605,0.34496913,0.012410507714285712,29,0,0.0,0.0,0.0,0.0,0.0,0.197772,0.5
293.2237605,0.33511286914285715,0.012410507714285712,29,0,0.0,0.0,0.0,0.0,0.0,0.181072,1.04
293.2237605,0.31699866000000004,0.013206920714285714,92,1,0.0,0.0,0.0,0.0,0.0,0.13395201,1.115
293.2237605,0.32580417833333336,0.013786199047619048,183,1,0.0,0.0,0.0,0.0,0.0,0.14849301,3.325
293.2237605,0.31699866000000004,0.013786199047619048,183,1,0.0,0.0,0.0,0.0,0.0,0.142253,2.1949999
293.026569,0.32558507666666664,0.012439318857142858,28,1,0.0,0.0,0.0,0.0,0.0,0.16779,1.31
293.026569,0.33488750742857143,0.012439318857142858,28,0,0.0,0.0,0.0,0.0,0.0,0.18248799,1.045
293.026569,0.32558507666666664,0.013234842857142857,91,1,0.0,0.0,0.0,0.0,0.0,0.14106999,2.08
293.026569,0.31678548,0.013234842857142857,91,1,0.0,0.0,0.0,0.0,0.0,0.131119,1.039999995
293.026569,0.34473714,0.013234842857142857,91,0,0.0,0.0,0.0,0.0,0.0,0.160989,1.215
293.026569,0.34473714,0.01380247380952381,182,0,0.0,0.0,0.0,0.0,0.0,0.16582499,2.365
296.47742024999997,0.35936656999999994,0.013950837142857143,178,0,0.0,0.0,0.0,0.0,0.0,0.176275,1.48
293.815335,0.3176382,0.013752984761904763,177,1,0.0,0.0,0.0,0.0,0.0,0.140697,2.14499995
310.3136905,0.32664599,0.01245312,32,1,0.0,0.0,0.0,0.0,0.0,0.119873,0.97500005
310.3136905,0.41375158733333334,0.01245312,32,0,0.0,0.0,0.0,0.0,0.0,0.352054,0.045000002
310.3136905,0.36507493,0.01245312,32,0,0.0,0.0,0.0,0.0,0.0,0.21135201,0.12000000000000001
310.1822295,0.32650761,0.012447330000000001,31,1,0.0,0.0,0.0,0.0,0.0,0.116923,0.905
310.1822295,0.31813562,0.012447330000000001,31,1,0.0,0.0,0.0,0.0,0.0,0.107545,0.195
310.1822295,0.34464692166666666,0.012447330000000001,31,0,0.0,0.0,0.0,0.0,0.0,0.15659,0.36500001
310.1822295,0.33533214,0.012447330000000001,31,0,0.0,0.0,0.0,0.0,0.0,0.13090301,0.7599999900000001
310.1822295,0.32650761,0.012447330000000001,31,0,0.0,0.0,0.0,0.0,0.0,0.113373,1.75
310.1822295,0.34464692166666666,0.012434440416666668,30,1,0.0,0.0,0.0,0.0,0.0,0.142876,4.54999995
310.1822295,0.33533214,0.012434440416666668,30,1,0.0,0.0,0.0,0.0,0.0,0.126026,2.38
310.1822295,0.31813562,0.012434440416666668,30,1,0.0,0.0,0.0,0.0,0.0,0.108558,0.190000005
310.1822295,0.34464692166666666,0.012434440416666668,30,0,0.0,0.0,0.0,0.0,0.0,0.152851,0.32500000500000004
310.1822295,0.33533214,0.012434440416666668,30,0,0.0,0.0,0.0,0.0,0.0,0.130367,0.734999985
306.73137825000003,0.33160149000000005,0.012442675833333331,29,1,0.0,0.0,0.0,0.0,0.0,0.134727,1.73000005
306.73137825000003,0.32287513500000004,0.012442675833333331,29,1,0.0,0.0,0.0,0.0,0.0,0.12219,0.545000005
306.73137825000003,0.3145962853846154,0.012442675833333331,29,1,0.0,0.0,0.0,0.0,0.0,0.118275,0.1149999995
305.38390300000003,0.33014476000000004,0.012470002499999999,28,1,0.0,0.0,0.0,0.0,0.0,0.12858599,1.375
305.38390300000003,0.32145674,0.012470002499999999,28,1,0.0,0.0,0.0,0.0,0.0,0.116636,0.36
305.38390300000003,0.3132142594871795,0.012470002499999999,28,1,0.0,0.0,0.0,0.0,0.0,0.118701,0.0750000005
305.38390300000003,0.35927518,0.012470002499999999,28,0,0.0,0.0,0.0,0.0,0.0,0.20562799,0.15000000000000002
305.38390300000003,0.33931544777777783,0.012470002499999999,28,0,0.0,0.0,0.0,0.0,0.0,0.150296,0.56999999
305.38390300000003,0.33014476000000004,0.012470002499999999,28,0,0.0,0.0,0.0,0.0,0.0,0.126609,1.27
298.57621872,0.33175135413333334,0.012571360714285716,32,1,0.0,0.0,0.0,0.0,0.0,0.15599,1.92
298.57621872,0.3227851013189189,0.012571360714285716,32,1,0.0,0.0,0.0,0.0,0.0,0.14144801,0.72999999
298.57621872,0.31429075654736843,0.012571360714285716,32,1,0.0,0.0,0.0,0.0,0.0,0.131836,0.184999995
298.57621872,0.3062320192,0.012571360714285716,32,1,0.0,0.0,0.0,0.0,0.0,0.13215201,0.0399999999
298.57621872,0.3852596370580645,0.012571360714285716,32,0,0.0,0.0,0.0,0.0,0.0,0.26886699,0.065
298.57621872,0.37322027339999997,0.012571360714285716,32,0,0.0,0.0,0.0,0.0,0.0,0.25760701,0.145000005
298.57621872,0.3619105681454545,0.012571360714285716,32,0,0.0,0.0,0.0,0.0,0.0,0.230967,0.23999999500000002
298.57621872,0.35126613967058823,0.012571360714285716,32,0,0.0,0.0,0.0,0.0,0.0,0.19802199,0.375
298.57621872,0.34122996425142854,0.012571360714285716,32,0,0.0,0.0,0.0,0.0,0.0,0.170715,0.68000001
298.57621872,0.33175135413333334,0.012571360714285716,32,0,0.0,0.0,0.0,0.0,0.0,0.151161,1.375
300.75416196,0.33417129106666665,0.012566854999999998,31,1,0.0,0.0,0.0,0.0,0.0,0.156074,2.3300000499999998
300.75416196,0.3251396345513513,0.012566854999999998,31,1,0.0,0.0,0.0,0.0,0.0,0.14003401,0.9450000249999999
300.75416196,0.31658332837894737,0.012566854999999998,31,1,0.0,0.0,0.0,0.0,0.0,0.134472,0.284999995
300.75416196,0.38806988639999995,0.012566854999999998,31,0,0.0,0.0,0.0,0.0,0.0,0.28123301,0.060000000500000004
300.75416196,0.37594270244999994,0.012566854999999998,31,0,0.0,0.0,0.0,0.0,0.0,0.253452,0.095000002
300.75416196,0.3645504993454545,0.012566854999999998,31,0,0.0,0.0,0.0,0.0,0.0,0.226887,0.16
300.75416196,0.3538284258352941,0.012566854999999998,31,0,0.0,0.0,0.0,0.0,0.0,0.19896799,0.274999995
300.75416196,0.34371904224,0.012566854999999998,31,0,0.0,0.0,0.0,0.0,0.0,0.17291801,0.515
300.75416196,0.33417129106666665,0.012566854999999998,31,0,0.0,0.0,0.0,0.0,0.0,0.15424301,1.085
301.54614131999995,0.325995828454054,0.012536725,30,1,0.0,0.0,0.0,0.0,0.0,0.143556,1.0349999950000002
301.54614131999995,0.35476016625882345,0.012536725,30,0,0.0,0.0,0.0,0.0,0.0,0.201354,0.24999999
301.54614131999995,0.3446241615085714,0.012536725,30,0,0.0,0.0,0.0,0.0,0.0,0.17777701,0.48999998
301.54614131999995,0.3350512681333333,0.012536725,30,0,0.0,0.0,0.0,0.0,0.0,0.156271,1.00500001
299.20320238,0.33244800264444446,0.012532614285714288,29,1,0.0,0.0,0.0,0.0,0.0,0.16024999,1.9999999499999999
299.20320238,0.3234629214918919,0.012532614285714288,29,1,0.0,0.0,0.0,0.0,0.0,0.146403,0.7749999750000001
299.20320238,0.3149507393473684,0.012532614285714288,29,1,0.0,0.0,0.0,0.0,0.0,0.137759,0.205000005
299.20320238,0.37400400297499997,0.012532614285714288,29,0,0.0,0.0,0.0,0.0,0.0,0.242111,0.0750000005
299.20320238,0.36267054833939394,0.012532614285714288,29,0,0.0,0.0,0.0,0.0,0.0,0.22091199,0.149999997
299.20320238,0.35200376750588236,0.012532614285714288,29,0,0.0,0.0,0.0,0.0,0.0,0.195741,0.284999995
299.20320238,0.34194651700571427,0.012532614285714288,29,0,0.0,0.0,0.0,0.0,0.0,0.175244,0.599999995
299.20320238,0.33244800264444446,0.012532614285714288,29,0,0.0,0.0,0.0,0.0,0.0,0.152569,1.225
298.74121442,0.35146025225882355,0.012522677142857144,28,1,0.0,0.0,0.0,0.0,0.0,0.187363,5.8499999
298.74121442,0.34141853076571427,0.012522677142857144,28,1,0.0,0.0,0.0,0.0,0.0,0.16395099,3.625
298.74121442,0.33193468268888887,0.012522677142857144,28,1,0.0,0.0,0.0,0.0,0.0,0.152172,1.845
298.74121442,0.32296347504864864,0.012522677142857144,28,1,0.0,0.0,0.0,0.0,0.0,0.140141,0.66999999
298.74121442,0.31446443623157894,0.012522677142857144,28,1,0.0,0.0,0.0,0.0,0.0,0.134892,0.17
298.74121442,0.30640124555897436,0.012522677142857144,28,1,0.0,0.0,0.0,0.0,0.0,0.14944901,0.060000000500000004
298.74121442,0.373426518025,0.012522677142857144,28,0,0.0,0.0,0.0,0.0,0.0,0.25306299,0.089999999
298.74121442,0.3621105629333333,0.012522677142857144,28,0,0.0,0.0,0.0,0.0,0.0,0.22310799,0.150000005
298.74121442,0.35146025225882355,0.012522677142857144,28,0,0.0,0.0,0.0,0.0,0.0,0.191957,0.259999995
298.74121442,0.34141853076571427,0.012522677142857144,28,0,0.0,0.0,0.0,0.0,0.0,0.16705699,0.534999995
298.74121442,0.33193468268888887,0.012522677142857144,28,0,0.0,0.0,0.0,0.0,0.0,0.147337,1.185
305.11004843999996,0.3390111649333333,0.012575640285714285,32,1,0.0,0.0,0.0,0.0,0.0,0.200927,3.67499995
305.11004843999996,0.3211684720421052,0.012575640285714285,32,1,0.0,0.0,0.0,0.0,0.0,0.173968,0.9450000249999999
305.11004843999996,0.3129333830153846,0.012575640285714285,32,1,0.0,0.0,0.0,0.0,0.0,0.169587,0.37000000499999997
305.11004843999996,0.3129333830153846,0.015071582857142858,186,1,0.0,0.0,0.0,0.0,0.0,0.157052,2.17499995
301.64513874,0.30164513874,0.012575533428571428,31,1,0.0,0.0,0.0,0.0,0.0,0.165782,0.0599999985
301.64513874,0.34473730141714287,0.012575533428571428,31,1,0.0,0.0,0.0,0.0,0.0,0.210804,4.75
301.64513874,0.3351612652666667,0.012575533428571428,31,1,0.0,0.0,0.0,0.0,0.0,0.191506,2.8600000000000003
301.64513874,0.3261028526918919,0.012575533428571428,31,1,0.0,0.0,0.0,0.0,0.0,0.178276,1.45
301.64513874,0.3175211986736842,0.012575533428571428,31,1,0.0,0.0,0.0,0.0,0.0,0.170743,0.60499999
301.64513874,0.30937962947692305,0.012575533428571428,31,1,0.0,0.0,0.0,0.0,0.0,0.166454,0.204999995
301.64513874,0.3656304712,0.012575533428571428,31,0,0.0,0.0,0.0,0.0,0.0,0.24975801,0.219999995
301.64513874,0.3548766338117647,0.012575533428571428,31,0,0.0,0.0,0.0,0.0,0.0,0.22544999,0.38000001
301.64513874,0.34473730141714287,0.012575533428571428,31,0,0.0,0.0,0.0,0.0,0.0,0.204732,0.7000000200000001
301.64513874,0.3351612652666667,0.012575533428571428,31,0,0.0,0.0,0.0,0.0,0.0,0.187806,1.32
301.64513874,0.3261028526918919,0.012575533428571428,31,0,0.0,0.0,0.0,0.0,0.0,0.175459,2.42000005
301.64513874,0.3351612652666667,0.015107187460317462,185,1,0.0,0.0,0.0,0.0,0.0,0.17139,5.125
301.64513874,0.3261028526918919,0.015107187460317462,185,1,0.0,0.0,0.0,0.0,0.0,0.164657,3.75
301.64513874,0.3351612652666667,0.015107187460317462,185,0,0.0,0.0,0.0,0.0,0.0,0.169588,3.7249999
301.64513874,0.3175211986736842,0.015107187460317462,185,0,0.0,0.0,0.0,0.0,0.0,0.156206,6.2249999
301.64513874,0.30937962947692305,0.015107187460317462,185,0,0.0,0.0,0.0,0.0,0.0,0.15019,7.8500001500000005
301.1171525,0.34413388857142857,0.012570556,30,1,0.0,0.0,0.0,0.0,0.0,0.21125101,4.60000015
301.1171525,0.33457461388888887,0.012570556,30,1,0.0,0.0,0.0,0.0,0.0,0.19129901,2.725
301.1171525,0.3255320567567567,0.012570556,30,1,0.0,0.0,0.0,0.0,0.0,0.175697,1.3250000000000002
301.1171525,0.3169654236842105,0.012570556,30,1,0.0,0.0,0.0,0.0,0.0,0.167358,0.52000001
301.1171525,0.36499048787878785,0.012570556,30,0,0.0,0.0,0.0,0.0,0.0,0.25060901,0.219999995
301.1171525,0.3542554735294117,0.012570556,30,0,0.0,0.0,0.0,0.0,0.0,0.22446699,0.375
301.1171525,0.34413388857142857,0.012570556,30,0,0.0,0.0,0.0,0.0,0.0,0.202847,0.695000025
301.1171525,0.33457461388888887,0.012570556,30,0,0.0,0.0,0.0,0.0,0.0,0.184737,1.32
301.1171525,0.3255320567567567,0.012570556,30,0,0.0,0.0,0.0,0.0,0.0,0.171478,2.44500005
301.1171525,0.28677824047619044,0.014105707142857145,93,1,0.0,0.0,0.0,0.0,0.0,0.14014301,0.0599999985
301.1171525,0.3088381051282051,0.014105707142857145,93,1,0.0,0.0,0.0,0.0,0.0,0.14370701,0.659999995
306.00102522,0.3400011391333333,0.012556415428571428,29,1,0.0,0.0,0.0,0.0,0.0,0.202686,3.6999999499999996
306.00102522,0.33081191915675673,0.012556415428571428,29,1,0.0,0.0,0.0,0.0,0.0,0.182667,1.9999999000000002
306.00102522,0.3221063423368421,0.012556415428571428,29,1,0.0,0.0,0.0,0.0,0.0,0.172033,0.890000015
306.00102522,0.31384720535384614,0.012556415428571428,29,1,0.0,0.0,0.0,0.0,0.0,0.16313,0.30000001
306.00102522,0.3600012061411764,0.012556415428571428,29,0,0.0,0.0,0.0,0.0,0.0,0.233137,0.254999995
306.00102522,0.34971545739428567,0.012556415428571428,29,0,0.0,0.0,0.0,0.0,0.0,0.207431,0.45000000500000004
306.00102522,0.3400011391333333,0.012556415428571428,29,0,0.0,0.0,0.0,0.0,0.0,0.189705,0.890000015
306.00102522,0.33081191915675673,0.012556415428571428,29,0,0.0,0.0,0.0,0.0,0.0,0.173481,1.71
306.00102522,0.2914295478285714,0.014073819714285713,92,1,0.0,0.0,0.0,0.0,0.0,0.133765,0.0800000005
306.00102522,0.31384720535384614,0.014073819714285713,92,1,0.0,0.0,0.0,0.0,0.0,0.141086,0.925000015
306.00102522,0.34971545739428567,0.014073819714285713,92,0,0.0,0.0,0.0,0.0,0.0,0.17711,1.25999995
306.00102522,0.33081191915675673,0.014073819714285713,92,0,0.0,0.0,0.0,0.0,0.0,0.153869,2.78999995
306.00102522,0.3221063423368421,0.015063616507936506,183,0,0.0,0.0,0.0,0.0,0.0,0.15351599,5.3499999
306.79300458,0.3408811162,0.012535554857142856,28,1,0.0,0.0,0.0,0.0,0.0,0.196355,3.82500005
306.79300458,0.3229400048210526,0.012535554857142856,28,1,0.0,0.0,0.0,0.0,0.0,0.166895,0.9099999999999999
306.79300458,0.3718703085818182,0.012535554857142856,28,0,0.0,0.0,0.0,0.0,0.0,0.26551199,0.14000000499999998
306.79300458,0.3506205766628571,0.012535554857142856,28,0,0.0,0.0,0.0,0.0,0.0,0.212686,0.414999995
306.79300458,0.3408811162,0.012535554857142856,28,0,0.0,0.0,0.0,0.0,0.0,0.194335,0.81999999
306.79300458,0.30679300458000003,0.014120274285714284,91,1,0.0,0.0,0.0,0.0,0.0,0.13706,0.465000005
306.79300458,0.36093294656470587,0.014120274285714284,91,1,0.0,0.0,0.0,0.0,0.0,0.19074,8.7000003
306.79300458,0.3506205766628571,0.014120274285714284,91,1,0.0,0.0,0.0,0.0,0.0,0.175721,6.54999995
306.79300458,0.3316681130594595,0.014120274285714284,91,1,0.0,0.0,0.0,0.0,0.0,0.156496,3.06500005
306.79300458,0.3146594918769231,0.014120274285714284,91,1,0.0,0.0,0.0,0.0,0.0,0.141121,0.96500001
306.79300458,0.2921838138857143,0.015126608571428573,179,1,0.0,0.0,0.0,0.0,0.0,0.14118899,0.5050000099999999
328.14344816,0.32814344816,0.012738419999999999,32,1,0.0,0.0,0.0,0.0,0.0,0.147351,1.3699999
328.14344816,0.3125175696761905,0.012738419999999999,32,1,0.0,0.0,0.0,0.0,0.0,0.142391,0.175
328.14344816,0.3646038312888889,0.012738419999999999,32,1,0.0,0.0,0.0,0.0,0.0,0.251634,9.6749997
328.14344816,0.3454141559578947,0.012738419999999999,32,1,0.0,0.0,0.0,0.0,0.0,0.178965,4.9000001
328.14344816,0.3365573827282051,0.012738419999999999,32,1,0.0,0.0,0.0,0.0,0.0,0.16096701,2.885
328.14344816,0.32814344816,0.012738419999999999,32,0,0.0,0.0,0.0,0.0,0.0,0.14427,2.14499995
328.14344816,0.3365573827282051,0.012738419999999999,32,0,0.0,0.0,0.0,0.0,0.0,0.16183899,1.1600000000000001
329.79340515999996,0.32979340515999994,0.012835685,31,1,0.0,0.0,0.0,0.0,0.0,0.150057,1.56
329.79340515999996,0.31408895729523806,0.012835685,31,1,0.0,0.0,0.0,0.0,0.0,0.1401,0.190000005
329.79340515999996,0.35653341098378377,0.012835685,31,0,0.0,0.0,0.0,0.0,0.0,0.20495699,0.299999995
329.79340515999996,0.34715095279999997,0.012835685,31,0,0.0,0.0,0.0,0.0,0.0,0.179892,0.515
329.79340515999996,0.3382496463179487,0.012835685,31,0,0.0,0.0,0.0,0.0,0.0,0.160024,0.979999995
331.24536731999996,0.33124536732,0.01282884,30,1,0.0,0.0,0.0,0.0,0.0,0.155452,1.8599999999999999
331.24536731999996,0.31547177839999996,0.01282884,30,1,0.0,0.0,0.0,0.0,0.0,0.13962001,0.235000005
331.24536731999996,0.33124536732,0.01282884,30,0,0.0,0.0,0.0,0.0,0.0,0.139595,1.54499995
331.24536731999996,0.339738838276923,0.01282884,30,0,0.0,0.0,0.0,0.0,0.0,0.15531901,0.75
328.57243697999996,0.32857243697999994,0.012964,29,1,0.0,0.0,0.0,0.0,0.0,0.13618501,1.15
328.57243697999996,0.32857243697999994,0.012964,29,0,0.0,0.0,0.0,0.0,0.0,0.132286,1.9649999500000002
328.57243697999996,0.35521344538378374,0.012964,29,0,0.0,0.0,0.0,0.0,0.0,0.185965,0.22
328.57243697999996,0.34586572313684205,0.012964,29,0,0.0,0.0,0.0,0.0,0.0,0.163808,0.435000005
328.57243697999996,0.33699737126153845,0.012964,29,0,0.0,0.0,0.0,0.0,0.0,0.145667,0.93000001
330.55238538,0.33055238538,0.012969835217391305,28,1,0.0,0.0,0.0,0.0,0.0,0.140541,1.525
330.55238538,0.3479498793473684,0.012969835217391305,28,1,0.0,0.0,0.0,0.0,0.0,0.19116101,5.5
330.55238538,0.33902808756923075,0.012969835217391305,28,1,0.0,0.0,0.0,0.0,0.0,0.15089899,3.1999999499999996
330.55238538,0.33055238538,0.012969835217391305,28,0,0.0,0.0,0.0,0.0,0.0,0.131221,1.5050001
330.55238538,0.33902808756923075,0.012969835217391305,28,0,0.0,0.0,0.0,0.0,0.0,0.1473,0.685000005
344.96635824,0.34496635824,0.015242529714285713,32,1,0.0,0.0,0.0,0.0,0.0,0.178416,4.75
344.96635824,0.3285393888,0.015242529714285713,32,1,0.0,0.0,0.0,0.0,0.0,0.138753,1.2700000500000002
344.96635824,0.3136057802181818,0.015242529714285713,32,1,0.0,0.0,0.0,0.0,0.0,0.120295,0.0949999995
344.96635824,0.34496635824,0.015242529714285713,32,0,0.0,0.0,0.0,0.0,0.0,0.154752,0.50499998
344.96635824,0.3285393888,0.015242529714285713,32,0,0.0,0.0,0.0,0.0,0.0,0.114654,1.96
345.69497382,0.34569497382,0.01531901057142857,31,1,0.0,0.0,0.0,0.0,0.0,0.16988599,5.0250001
345.69497382,0.3292333084,0.01531901057142857,31,1,0.0,0.0,0.0,0.0,0.0,0.13114201,1.36499995
345.69497382,0.34569497382,0.01531901057142857,31,0,0.0,0.0,0.0,0.0,0.0,0.158755,0.42999999499999997
345.82744938,0.3293594756,0.015505023142857143,30,1,0.0,0.0,0.0,0.0,0.0,0.133966,1.38999995
345.82744938,0.3293594756,0.015505023142857143,30,0,0.0,0.0,0.0,0.0,0.0,0.123265,1.72
345.13195269,0.34513195268999997,0.015645552285714286,29,1,0.0,0.0,0.0,0.0,0.0,0.168395,4.82500005
345.13195269,0.3286970978,0.015645552285714286,29,1,0.0,0.0,0.0,0.0,0.0,0.129483,1.2149999999999999
345.13195269,0.3286970978,0.015645552285714286,29,0,0.0,0.0,0.0,0.0,0.0,0.124631,1.83
345.13195269,0.46017593692,0.015645552285714286,29,0,0.0,0.0,0.0,0.0,0.0,0.46044901,0.0199999994
345.13195269,0.37311562452972974,0.015645552285714286,29,0,0.0,0.0,0.0,0.0,0.0,0.25239801,0.13
345.13195269,0.3539814899384615,0.015645552285714286,29,0,0.0,0.0,0.0,0.0,0.0,0.185084,0.23999999500000002
344.80076378999996,0.32838167979999994,0.015724594285714287,28,1,0.0,0.0,0.0,0.0,0.0,0.12690599,1.11500005
344.80076378999996,0.3134552398090909,0.015724594285714287,28,1,0.0,0.0,0.0,0.0,0.0,0.118763,0.0750000005
344.80076378999996,0.32838167979999994,0.015724594285714287,28,0,0.0,0.0,0.0,0.0,0.0,0.12556399,1.875
344.80076378999996,0.35364180901538456,0.015724594285714287,28,0,0.0,0.0,0.0,0.0,0.0,0.191415,0.26499999
338.24322357,0.33824322357,0.01576729,31,1,0.0,0.0,0.0,0.0,0.0,0.20899799,3.75
338.24322357,0.3221364034,0.01576729,31,1,0.0,0.0,0.0,0.0,0.0,0.18854401,1.1600000000000001
338.24322357,0.3074938396090909,0.01576729,31,1,0.0,0.0,0.0,0.0,0.0,0.185516,0.235000005
338.24322357,0.3560454984947368,0.01576729,31,1,0.0,0.0,0.0,0.0,0.0,0.25843301,7.9000001
338.24322357,0.34691612673846156,0.01576729,31,1,0.0,0.0,0.0,0.0,0.0,0.222064,5.625
338.24322357,0.33824322357,0.01576729,31,0,0.0,0.0,0.0,0.0,0.0,0.197982,1.3699999
338.24322357,0.34691612673846156,0.01576729,31,0,0.0,0.0,0.0,0.0,0.0,0.20922799,0.754999995
338.24322357,0.3221364034,0.0187905273015873,185,1,0.0,0.0,0.0,0.0,0.0,0.170368,3.7750001
338.24322357,0.4364428691225806,0.0202895178021978,367,0,0.0,0.0,0.0,0.0,0.0,0.26225099,1.6749999500000001
338.24322357,0.3979332042,0.0202895178021978,367,0,0.0,0.0,0.0,0.0,0.0,0.233518,2.5550000500000003
344.23774266,0.34423774265999996,0.01574275375,30,1,0.0,0.0,0.0,0.0,0.0,0.20199101,4.9000001
344.23774266,0.32784546919999996,0.01574275375,30,1,0.0,0.0,0.0,0.0,0.0,0.183148,1.74000005
344.23774266,0.3129434024181818,0.01574275375,30,1,0.0,0.0,0.0,0.0,0.0,0.17421401,0.35499999000000004
344.23774266,0.3824863807333333,0.01574275375,30,1,0.0,0.0,0.0,0.0,0.0,0.24901401,14.075
344.23774266,0.34423774265999996,0.017547395714285714,93,1,0.0,0.0,0.0,0.0,0.0,0.174567,5.92499995
344.23774266,0.32784546919999996,0.017547395714285714,93,1,0.0,0.0,0.0,0.0,0.0,0.16303,2.94500005
344.23774266,0.3129434024181818,0.017547395714285714,93,1,0.0,0.0,0.0,0.0,0.0,0.155417,1.165
344.23774266,0.32784546919999996,0.01885292666666667,184,1,0.0,0.0,0.0,0.0,0.0,0.170791,4.625
344.23774266,0.32784546919999996,0.01885292666666667,184,0,0.0,0.0,0.0,0.0,0.0,0.169074,5.45000005
344.23774266,0.4049855796,0.01885292666666667,184,0,0.0,0.0,0.0,0.0,0.0,0.24341001,0.9500000100000001
344.23774266,0.28686478555,0.02043073428571428,366,1,0.0,0.0,0.0,0.0,0.0,0.158647,1.8650000000000002
344.23774266,0.32784546919999996,0.02043073428571428,366,0,0.0,0.0,0.0,0.0,0.0,0.18515299,7.92499995
344.23774266,0.45898365688,0.02043073428571428,366,0,0.0,0.0,0.0,0.0,0.0,0.27836901,1.38
344.23774266,0.39341456304,0.02043073428571428,366,0,0.0,0.0,0.0,0.0,0.0,0.228534,2.69500005
344.23774266,0.3824863807333333,0.02043073428571428,366,0,0.0,0.0,0.0,0.0,0.0,0.220856,3.1399999999999997
344.43645599999996,0.34443645599999995,0.015737652499999998,29,1,0.0,0.0,0.0,0.0,0.0,0.208818,5.0
344.43645599999996,0.32803471999999995,0.015737652499999998,29,1,0.0,0.0,0.0,0.0,0.0,0.18538199,1.77
344.43645599999996,0.3131240509090909,0.015737652499999998,29,1,0.0,0.0,0.0,0.0,0.0,0.18129,0.39500001
344.43645599999996,0.34443645599999995,0.015737652499999998,29,0,0.0,0.0,0.0,0.0,0.0,0.20133799,0.81
344.43645599999996,0.32803471999999995,0.015737652499999998,29,0,0.0,0.0,0.0,0.0,0.0,0.18286,2.62
344.43645599999996,0.36256469052631574,0.015737652499999998,29,0,0.0,0.0,0.0,0.0,0.0,0.235118,0.24999999
344.43645599999996,0.35326815999999994,0.015737652499999998,29,0,0.0,0.0,0.0,0.0,0.0,0.21319801,0.42
344.43645599999996,0.34443645599999995,0.017513350714285714,92,1,0.0,0.0,0.0,0.0,0.0,0.182184,6.0999999
344.43645599999996,0.32803471999999995,0.017513350714285714,92,1,0.0,0.0,0.0,0.0,0.0,0.168603,3.08
344.43645599999996,0.3131240509090909,0.017513350714285714,92,1,0.0,0.0,0.0,0.0,0.0,0.158333,1.22
344.43645599999996,0.32803471999999995,0.018843693333333335,183,1,0.0,0.0,0.0,0.0,0.0,0.172923,4.70000005
344.43645599999996,0.45924860799999995,0.02040448252747253,365,0,0.0,0.0,0.0,0.0,0.0,0.28311601,1.45
344.43645599999996,0.4174987345454545,0.02040448252747253,365,0,0.0,0.0,0.0,0.0,0.0,0.24751499,2.03500005
343.4428893,0.32708846599999997,0.01569953625,28,1,0.0,0.0,0.0,0.0,0.0,0.18483999,1.5750000000000002
343.4428893,0.3122208084545455,0.01569953625,28,1,0.0,0.0,0.0,0.0,0.0,0.178518,0.31
343.4428893,0.3434428893,0.01569953625,28,0,0.0,0.0,0.0,0.0,0.0,0.20016199,0.849999995
343.4428893,0.32708846599999997,0.01569953625,28,0,0.0,0.0,0.0,0.0,0.0,0.18031,2.75
343.4428893,0.36151883084210523,0.01569953625,28,0,0.0,0.0,0.0,0.0,0.0,0.233942,0.254999995
343.4428893,0.3434428893,0.017522765,91,1,0.0,0.0,0.0,0.0,0.0,0.18194699,5.85000015
343.4428893,0.32708846599999997,0.017522765,91,1,0.0,0.0,0.0,0.0,0.0,0.16422699,2.81500005
343.4428893,0.3122208084545455,0.017522765,91,1,0.0,0.0,0.0,0.0,0.0,0.156927,1.1
343.4428893,0.2986459906956522,0.017522765,91,1,0.0,0.0,0.0,0.0,0.0,0.15451901,0.355000005
343.4428893,0.3434428893,0.017522765,91,0,0.0,0.0,0.0,0.0,0.0,0.175229,1.9949999000000003
343.4428893,0.36151883084210523,0.017522765,91,0,0.0,0.0,0.0,0.0,0.0,0.195981,0.97500001
343.4428893,0.32708846599999997,0.018872174285714284,182,1,0.0,0.0,0.0,0.0,0.0,0.17117,4.47500015
343.4428893,0.3122208084545455,0.018872174285714284,182,1,0.0,0.0,0.0,0.0,0.0,0.16461,2.475
345.86056827,0.34586056827,0.018847555555555555,179,1,0.0,0.0,0.0,0.0,0.0,0.186657,7.8999998499999995
345.86056827,0.3293910174,0.018847555555555555,179,1,0.0,0.0,0.0,0.0,0.0,0.176074,4.92499995
345.86056827,0.3007483202347826,0.018847555555555555,179,1,0.0,0.0,0.0,0.0,0.0,0.160905,1.37
345.86056827,0.3293910174,0.018847555555555555,179,0,0.0,0.0,0.0,0.0,0.0,0.176255,5.375
345.86056827,0.3293910174,0.02048985131868132,361,1,0.0,0.0,0.0,0.0,0.0,0.19377001,7.875
335.32876125,0.33532876125,0.018773846666666663,178,1,0.0,0.0,0.0,0.0,0.0,0.189674,6.02499985
335.32876125,0.319360725,0.018773846666666663,178,1,0.0,0.0,0.0,0.0,0.0,0.179755,3.5500000500000004
335.32876125,0.34392693461538465,0.018773846666666663,178,1,0.0,0.0,0.0,0.0,0.0,0.195216,7.54999995
335.32876125,0.394504425,0.018773846666666663,178,0,0.0,0.0,0.0,0.0,0.0,0.22904301,1.00500001
335.32876125,0.3725875125,0.018773846666666663,178,0,0.0,0.0,0.0,0.0,0.0,0.211816,1.67000005
335.32876125,0.4790410875,0.020302482197802195,360,0,0.0,0.0,0.0,0.0,0.0,0.283021,0.9900000099999999
335.32876125,0.394504425,0.020302482197802195,360,0,0.0,0.0,0.0,0.0,0.0,0.236702,2.75
330.75835443,0.33075835443,0.01890630761904762,177,1,0.0,0.0,0.0,0.0,0.0,0.192338,5.32500005
330.75835443,0.33923933787692306,0.01890630761904762,177,1,0.0,0.0,0.0,0.0,0.0,0.196141,6.70000005
330.75835443,0.3006894131181818,0.01890630761904762,177,0,0.0,0.0,0.0,0.0,0.0,0.164057,11.4
330.75835443,0.3891274758,0.01890630761904762,177,0,0.0,0.0,0.0,0.0,0.0,0.22927199,1.175
330.75835443,0.3675092827,0.01890630761904762,177,0,0.0,0.0,0.0,0.0,0.0,0.210621,1.915
330.75835443,0.3481666888736842,0.01890630761904762,177,0,0.0,0.0,0.0,0.0,0.0,0.19736201,3.1999999499999996
330.75835443,0.33923933787692306,0.01890630761904762,177,0,0.0,0.0,0.0,0.0,0.0,0.19103099,4.0749999
300.48768897,0.28617875140000004,0.017472033214285712,32,1,0.0,0.0,0.0,0.0,0.0,0.29479599,0.150000005
300.48768897,0.3338752099666667,0.017472033214285712,32,1,0.0,0.0,0.0,0.0,0.0,0.243781,2.8600000000000003
300.48768897,0.31630283049473684,0.017472033214285712,32,1,0.0,0.0,0.0,0.0,0.0,0.22794899,0.849999995
300.48768897,0.30819250150769234,0.017472033214285712,32,1,0.0,0.0,0.0,0.0,0.0,0.25391099,0.58499999
300.48768897,0.3338752099666667,0.017472033214285712,32,0,0.0,0.0,0.0,0.0,0.0,0.248796,2.4549999
305.12433357,0.3390270373,0.017475841785714284,31,1,0.0,0.0,0.0,0.0,0.0,0.237939,3.6000000500000002
305.12433357,0.32986414439999995,0.017475841785714284,31,1,0.0,0.0,0.0,0.0,0.0,0.22825401,2.1499999499999998
305.12433357,0.3211835090210526,0.017475841785714284,31,1,0.0,0.0,0.0,0.0,0.0,0.219955,1.13500005
305.12433357,0.3390270373,0.017475841785714284,31,0,0.0,0.0,0.0,0.0,0.0,0.240803,1.7449999
314.72881166999997,0.31472881167,0.01616815857142857,30,1,0.0,0.0,0.0,0.0,0.0,0.20185199,0.52499999
314.72881166999997,0.3496986796333333,0.01616815857142857,30,1,0.0,0.0,0.0,0.0,0.0,0.243983,5.7249999
314.72881166999997,0.34024736396756755,0.01616815857142857,30,1,0.0,0.0,0.0,0.0,0.0,0.224686,3.75
314.72881166999997,0.331293485968421,0.01616815857142857,30,1,0.0,0.0,0.0,0.0,0.0,0.212006,2.19000005
314.72881166999997,0.3227987812,0.01616815857142857,30,1,0.0,0.0,0.0,0.0,0.0,0.20363501,1.12
314.72881166999997,0.3496986796333333,0.01616815857142857,30,0,0.0,0.0,0.0,0.0,0.0,0.24117699,0.860000015
314.72881166999997,0.34024736396756755,0.01616815857142857,30,0,0.0,0.0,0.0,0.0,0.0,0.224319,1.4649999999999999
314.72881166999997,0.331293485968421,0.01616815857142857,30,0,0.0,0.0,0.0,0.0,0.0,0.20992699,2.44000005
313.03974827999997,0.31303974828,0.016153661666666666,29,1,0.0,0.0,0.0,0.0,0.0,0.19660699,0.37000000499999997
313.03974827999997,0.3478219425333333,0.016153661666666666,29,1,0.0,0.0,0.0,0.0,0.0,0.211371,5.0
313.03974827999997,0.3295155245052631,0.016153661666666666,29,1,0.0,0.0,0.0,0.0,0.0,0.19600099,1.6949999500000001
313.03974827999997,0.32106640849230766,0.016153661666666666,29,1,0.0,0.0,0.0,0.0,0.0,0.19389001,0.819999995
313.03974827999997,0.3682820568,0.016153661666666666,29,0,0.0,0.0,0.0,0.0,0.0,0.276458,0.315
313.03974827999997,0.33842134949189184,0.016153661666666666,29,0,0.0,0.0,0.0,0.0,0.0,0.21392,1.54
313.03974827999997,0.3295155245052631,0.016153661666666666,29,0,0.0,0.0,0.0,0.0,0.0,0.200461,2.62000005
314.76193056,0.31476193056,0.01614806,28,1,0.0,0.0,0.0,0.0,0.0,0.19467901,0.43000001
314.76193056,0.3497354784,0.01614806,28,1,0.0,0.0,0.0,0.0,0.0,0.25638899,5.75
314.76193056,0.340283168172973,0.01614806,28,1,0.0,0.0,0.0,0.0,0.0,0.230867,3.7250000500000002
314.76193056,0.33132834795789473,0.01614806,28,1,0.0,0.0,0.0,0.0,0.0,0.208446,2.0699999499999997
314.76193056,0.3228327492923077,0.01614806,28,1,0.0,0.0,0.0,0.0,0.0,0.1963,0.9849999899999999
314.76193056,0.35972792064,0.01614806,28,0,0.0,0.0,0.0,0.0,0.0,0.24940801,0.39500000999999996
314.76193056,0.340283168172973,0.01614806,28,0,0.0,0.0,0.0,0.0,0.0,0.20901699,1.24
314.76193056,0.33132834795789473,0.01614806,28,0,0.0,0.0,0.0,0.0,0.0,0.190363,2.155
314.76193056,0.3228327492923077,0.01614806,28,0,0.0,0.0,0.0,0.0,0.0,0.175139,3.6
322.13406882,0.32213406882,0.01873047142857143,32,1,0.0,0.0,0.0,0.0,0.0,0.19003899,0.9950000000000001
322.13406882,0.3303939167384615,0.01873047142857143,32,1,0.0,0.0,0.0,0.0,0.0,0.196513,1.9649999999999999
322.13406882,0.32213406882,0.01873047142857143,32,0,0.0,0.0,0.0,0.0,0.0,0.189184,4.1
322.13406882,0.35792674313333334,0.01873047142857143,32,0,0.0,0.0,0.0,0.0,0.0,0.250276,0.5799999849999999
322.13406882,0.34825304737297297,0.01873047142857143,32,0,0.0,0.0,0.0,0.0,0.0,0.231767,0.9649999499999999
322.13406882,0.3390884934947368,0.01873047142857143,32,0,0.0,0.0,0.0,0.0,0.0,0.214525,1.6
322.13406882,0.3303939167384615,0.01873047142857143,32,0,0.0,0.0,0.0,0.0,0.0,0.19794799,2.59000005
324.16446541,0.32416446541,0.01881833,31,1,0.0,0.0,0.0,0.0,0.0,0.184808,1.115
324.16446541,0.29469496855454547,0.01881833,31,1,0.0,0.0,0.0,0.0,0.0,0.210447,0.0600000015
324.16446541,0.3504480707135135,0.01881833,31,1,0.0,0.0,0.0,0.0,0.0,0.24078999,5.9000001
324.16446541,0.33247637477948716,0.01881833,31,1,0.0,0.0,0.0,0.0,0.0,0.20072301,2.29500005
324.16446541,0.33247637477948716,0.01881833,31,0,0.0,0.0,0.0,0.0,0.0,0.1955,2.1999999
322.33377996,0.32233377996,0.018860772142857144,30,1,0.0,0.0,0.0,0.0,0.0,0.196536,1.0250000149999998
322.33377996,0.3392987157473684,0.018860772142857144,30,1,0.0,0.0,0.0,0.0,0.0,0.22154599,3.5500000500000004
322.33377996,0.33059874867692307,0.018860772142857144,30,1,0.0,0.0,0.0,0.0,0.0,0.205835,2.0400000499999997
322.33377996,0.3581486444,0.018860772142857144,30,0,0.0,0.0,0.0,0.0,0.0,0.24540401,0.485000015
315.04432335,0.31504432335,0.018903335,29,1,0.0,0.0,0.0,0.0,0.0,0.204568,0.53499998
315.04432335,0.3316256035263158,0.018903335,29,1,0.0,0.0,0.0,0.0,0.0,0.22172999,2.26
315.04432335,0.32312238292307693,0.018903335,29,1,0.0,0.0,0.0,0.0,0.0,0.210866,1.175
315.04432335,0.3706403804117647,0.018903335,29,0,0.0,0.0,0.0,0.0,0.0,0.30152199,0.36
315.04432335,0.3405884576756757,0.018903335,29,0,0.0,0.0,0.0,0.0,0.0,0.231699,1.4649999999999999
315.04432335,0.3316256035263158,0.018903335,29,0,0.0,0.0,0.0,0.0,0.0,0.21545701,2.40999995
315.04432335,0.32312238292307693,0.018903335,29,0,0.0,0.0,0.0,0.0,0.0,0.203273,3.825
307.05587775,0.30705587775,0.018870388571428573,28,1,0.0,0.0,0.0,0.0,0.0,0.241165,0.37000001000000005
307.05587775,0.34117319749999997,0.018870388571428573,28,1,0.0,0.0,0.0,0.0,0.0,0.265201,4.0249998499999995
307.05587775,0.33195230027027023,0.018870388571428573,28,1,0.0,0.0,0.0,0.0,0.0,0.24638399,2.45499995
307.05587775,0.3232167134210526,0.018870388571428573,28,1,0.0,0.0,0.0,0.0,0.0,0.23894,1.38
307.05587775,0.3149291053846154,0.018870388571428573,28,1,0.0,0.0,0.0,0.0,0.0,0.232944,0.69
307.05587775,0.3509210031428571,0.018870388571428573,28,0,0.0,0.0,0.0,0.0,0.0,0.27210799,0.935000005
307.05587775,0.34117319749999997,0.018870388571428573,28,0,0.0,0.0,0.0,0.0,0.0,0.25309101,1.5350000000000001
307.05587775,0.33195230027027023,0.018870388571428573,28,0,0.0,0.0,0.0,0.0,0.0,0.2376,2.49
307.05587775,0.3232167134210526,0.018870388571428573,28,0,0.0,0.0,0.0,0.0,0.0,0.22736301,3.9
324.63045807000003,0.32463045807,0.019330799142857142,32,1,0.0,0.0,0.0,0.0,0.0,0.226284,1.645
324.63045807000003,0.30917186482857145,0.019330799142857142,32,1,0.0,0.0,0.0,0.0,0.0,0.211174,0.39
324.63045807000003,0.3329543159692308,0.019330799142857142,32,1,0.0,0.0,0.0,0.0,0.0,0.242135,2.885
324.63045807000003,0.32463045807,0.019330799142857142,32,0,0.0,0.0,0.0,0.0,0.0,0.208877,3.7750001
324.63045807000003,0.3329543159692308,0.019330799142857142,32,0,0.0,0.0,0.0,0.0,0.0,0.22128101,2.45999995
324.63045807000003,0.3329543159692308,0.023471651428571428,186,1,0.0,0.0,0.0,0.0,0.0,0.206654,5.85000015
325.36273225,0.32536273225,0.019279696285714285,31,1,0.0,0.0,0.0,0.0,0.0,0.218234,1.6
325.36273225,0.3098692688095238,0.019279696285714285,31,1,0.0,0.0,0.0,0.0,0.0,0.20908,0.38499998999999996
325.36273225,0.33370536641025644,0.019279696285714285,31,1,0.0,0.0,0.0,0.0,0.0,0.22708701,2.7850001
325.36273225,0.32536273225,0.019279696285714285,31,0,0.0,0.0,0.0,0.0,0.0,0.20163,3.5250001
325.36273225,0.33370536641025644,0.019279696285714285,31,0,0.0,0.0,0.0,0.0,0.0,0.215637,2.255
325.36273225,0.32536273225,0.023457648571428572,185,1,0.0,0.0,0.0,0.0,0.0,0.193839,4.4749999
325.36273225,0.3098692688095238,0.023457648571428572,185,1,0.0,0.0,0.0,0.0,0.0,0.18471099,2.5149999999999997
325.36273225,0.3424870865789474,0.023457648571428572,185,0,0.0,0.0,0.0,0.0,0.0,0.200335,4.125
325.49587301,0.32549587301000005,0.019235883999999998,30,1,0.0,0.0,0.0,0.0,0.0,0.21029299,1.49
325.49587301,0.33384192103589744,0.019235883999999998,30,1,0.0,0.0,0.0,0.0,0.0,0.21882001,2.67000005
325.49587301,0.32549587301000005,0.019235883999999998,30,0,0.0,0.0,0.0,0.0,0.0,0.209447,3.5500000500000004
325.49587301,0.34262723474736845,0.019235883999999998,30,0,0.0,0.0,0.0,0.0,0.0,0.232098,1.35500005
325.49587301,0.33384192103589744,0.019235883999999998,30,0,0.0,0.0,0.0,0.0,0.0,0.22065701,2.255
325.49587301,0.32549587301000005,0.022503452857142857,93,1,0.0,0.0,0.0,0.0,0.0,0.183631,2.68500005
325.49587301,0.36166208112222226,0.022503452857142857,93,1,0.0,0.0,0.0,0.0,0.0,0.22137401,9.25
325.49587301,0.3518874302810811,0.022503452857142857,93,0,0.0,0.0,0.0,0.0,0.0,0.210263,1.8999999500000002
326.12829162,0.32612829162,0.019183867142857143,29,1,0.0,0.0,0.0,0.0,0.0,0.228184,1.70999995
326.12829162,0.3105983729714286,0.019183867142857143,29,1,0.0,0.0,0.0,0.0,0.0,0.216342,0.415000005
326.12829162,0.33449055550769236,0.019183867142857143,29,1,0.0,0.0,0.0,0.0,0.0,0.23009001,2.85000005
326.12829162,0.32612829162,0.019183867142857143,29,0,0.0,0.0,0.0,0.0,0.0,0.226033,3.575
326.12829162,0.3432929385473685,0.019183867142857143,29,0,0.0,0.0,0.0,0.0,0.0,0.24384101,1.375
326.12829162,0.33449055550769236,0.019183867142857143,29,0,0.0,0.0,0.0,0.0,0.0,0.236507,2.30499995
326.12829162,0.32612829162,0.02254991,92,1,0.0,0.0,0.0,0.0,0.0,0.18781801,2.79000005
326.12829162,0.3105983729714286,0.02254991,92,1,0.0,0.0,0.0,0.0,0.0,0.178708,1.145
326.12829162,0.3623647684666667,0.02254991,92,1,0.0,0.0,0.0,0.0,0.0,0.223232,9.3499999
326.12829162,0.3432929385473685,0.02254991,92,1,0.0,0.0,0.0,0.0,0.0,0.202573,5.5749998
326.12829162,0.33449055550769236,0.02254991,92,0,0.0,0.0,0.0,0.0,0.0,0.192883,3.5500000500000004
327.22670289,0.32722670289,0.019106630285714285,28,1,0.0,0.0,0.0,0.0,0.0,0.227566,1.74
327.22670289,0.3356171311692308,0.019106630285714285,28,1,0.0,0.0,0.0,0.0,0.0,0.237446,2.99500005
327.22670289,0.3739733747314286,0.019106630285714285,28,0,0.0,0.0,0.0,0.0,0.0,0.294651,0.260000005
327.22670289,0.3356171311692308,0.019106630285714285,28,0,0.0,0.0,0.0,0.0,0.0,0.22935399,2.0899999
327.22670289,0.32722670289,0.02251126357142857,91,1,0.0,0.0,0.0,0.0,0.0,0.189091,2.8999999499999998
327.22670289,0.3356171311692308,0.02251126357142857,91,1,0.0,0.0,0.0,0.0,0.0,0.19683599,4.20000005
328.22525859,0.29838659871818185,0.023693402222222222,179,1,0.0,0.0,0.0,0.0,0.0,0.174835,1.31
328.22525859,0.3861473630470588,0.023693402222222222,179,0,0.0,0.0,0.0,0.0,0.0,0.23880599,1.545
324.16446541,0.33247637477948716,0.02372285634920635,178,1,0.0,0.0,0.0,0.0,0.0,0.193783,5.2249999
324.16446541,0.5402741090166666,0.02372285634920635,178,0,0.0,0.0,0.0,0.0,0.0,0.360349,0.195
317.74042374,0.31774042374,0.019640105,32,1,0.0,0.0,0.0,0.0,0.0,0.160373,0.344999995
317.74042374,0.30260992737142856,0.019640105,32,1,0.0,0.0,0.0,0.0,0.0,0.17218,0.049999999
317.74042374,0.32588761409230765,0.019640105,32,1,0.0,0.0,0.0,0.0,0.0,0.165613,0.93000001
317.74042374,0.35304491526666665,0.019640105,32,0,0.0,0.0,0.0,0.0,0.0,0.19907901,0.515000015
317.74042374,0.3435031608,0.019640105,32,0,0.0,0.0,0.0,0.0,0.0,0.183963,0.9999999900000001
317.74042374,0.3344636039368421,0.019640105,32,0,0.0,0.0,0.0,0.0,0.0,0.17166901,1.88500005
317.74042374,0.32588761409230765,0.019640105,32,0,0.0,0.0,0.0,0.0,0.0,0.164579,3.32500005
319.07183134,0.31907183134,0.01964071,31,1,0.0,0.0,0.0,0.0,0.0,0.157527,0.37000000499999997
319.07183134,0.33586508562105266,0.01964071,31,1,0.0,0.0,0.0,0.0,0.0,0.168496,2.17499995
319.07183134,0.35452425704444446,0.01964071,31,0,0.0,0.0,0.0,0.0,0.0,0.202603,0.45499999999999996
319.07183134,0.34494252036756756,0.01964071,31,0,0.0,0.0,0.0,0.0,0.0,0.18538301,0.875
319.07183134,0.33586508562105266,0.01964071,31,0,0.0,0.0,0.0,0.0,0.0,0.171489,1.67
319.07183134,0.327253160348718,0.01964071,31,0,0.0,0.0,0.0,0.0,0.0,0.159225,2.98000005
318.27298678,0.3350241966105263,0.019525269999999997,30,1,0.0,0.0,0.0,0.0,0.0,0.170682,2.03499995
318.27298678,0.3264338325948718,0.019525269999999997,30,1,0.0,0.0,0.0,0.0,0.0,0.162238,0.89499998
318.27298678,0.35363665197777777,0.019525269999999997,30,0,0.0,0.0,0.0,0.0,0.0,0.20052899,0.45499999999999996
318.27298678,0.3350241966105263,0.019525269999999997,30,0,0.0,0.0,0.0,0.0,0.0,0.169644,1.72500005
316.209305,0.316209305,0.0195673975,29,1,0.0,0.0,0.0,0.0,0.0,0.15256099,0.2
316.209305,0.3328519,0.0195673975,29,1,0.0,0.0,0.0,0.0,0.0,0.16279601,1.59999995
316.209305,0.3243172358974359,0.0195673975,29,1,0.0,0.0,0.0,0.0,0.0,0.154223,0.620000005
316.209305,0.3513436722222222,0.0195673975,29,0,0.0,0.0,0.0,0.0,0.0,0.19002301,0.459999995
316.209305,0.34184789729729725,0.0195673975,29,0,0.0,0.0,0.0,0.0,0.0,0.171569,0.93000001
316.209305,0.3328519,0.0195673975,29,0,0.0,0.0,0.0,0.0,0.0,0.158684,1.875
315.94302348,0.3325716036631579,0.01956738,28,1,0.0,0.0,0.0,0.0,0.0,0.160965,1.52
315.94302348,0.3240441266461539,0.01956738,28,1,0.0,0.0,0.0,0.0,0.0,0.14902399,0.5399999900000001
315.94302348,0.3510478038666667,0.01956738,28,0,0.0,0.0,0.0,0.0,0.0,0.18733899,0.42999999499999997
315.94302348,0.3415600253837838,0.01956738,28,0,0.0,0.0,0.0,0.0,0.0,0.167272,0.880000025
315.94302348,0.3325716036631579,0.01956738,28,0,0.0,0.0,0.0,0.0,0.0,0.15127701,1.8
311.02765157,0.3887845644625,0.021198066428571426,32,1,0.0,0.0,0.0,0.0,0.0,0.300668,13.274999999999999
311.02765157,0.3455862795222222,0.021198066428571426,32,1,0.0,0.0,0.0,0.0,0.0,0.17236,3.8500000500000002
311.02765157,0.33624610980540537,0.021198066428571426,32,1,0.0,0.0,0.0,0.0,0.0,0.155671,2.05499995
311.02765157,0.32739752796842103,0.021198066428571426,32,1,0.0,0.0,0.0,0.0,0.0,0.144499,0.8499999899999999
311.02765157,0.31900271955897436,0.021198066428571426,32,1,0.0,0.0,0.0,0.0,0.0,0.138891,0.265
311.02765157,0.3455862795222222,0.021198066428571426,32,0,0.0,0.0,0.0,0.0,0.0,0.164589,0.6299999949999999
311.02765157,0.33624610980540537,0.021198066428571426,32,0,0.0,0.0,0.0,0.0,0.0,0.148967,1.32999995
311.02765157,0.32739752796842103,0.021198066428571426,32,0,0.0,0.0,0.0,0.0,0.0,0.136416,2.63
312.66657564,0.27188397881739135,0.02119496857142857,31,1,0.0,0.0,0.0,0.0,0.0,0.28740901,0.0199999995
312.66657564,0.39083321955,0.02119496857142857,31,1,0.0,0.0,0.0,0.0,0.0,0.29153299,13.7
312.66657564,0.33801791961081085,0.02119496857142857,31,1,0.0,0.0,0.0,0.0,0.0,0.156942,2.3199999499999997
312.66657564,0.32912271120000003,0.02119496857142857,31,1,0.0,0.0,0.0,0.0,0.0,0.144787,0.99500001
312.66657564,0.32068366732307696,0.02119496857142857,31,1,0.0,0.0,0.0,0.0,0.0,0.137898,0.31500001
312.66657564,0.35733322930285716,0.02119496857142857,31,0,0.0,0.0,0.0,0.0,0.0,0.189347,0.265
312.66657564,0.3474073062666667,0.02119496857142857,31,0,0.0,0.0,0.0,0.0,0.0,0.17012,0.55000001
312.66657564,0.33801791961081085,0.02119496857142857,31,0,0.0,0.0,0.0,0.0,0.0,0.15543,1.1800000499999999
312.66657564,0.32912271120000003,0.02119496857142857,31,0,0.0,0.0,0.0,0.0,0.0,0.144483,2.375
308.31840974,0.30831840973999997,0.02111320357142857,30,1,0.0,0.0,0.0,0.0,0.0,0.146605,0.045000000000000005
308.31840974,0.3425760108222222,0.02111320357142857,30,1,0.0,0.0,0.0,0.0,0.0,0.166982,3.1499999499999998
308.31840974,0.33331719971891893,0.02111320357142857,30,1,0.0,0.0,0.0,0.0,0.0,0.151026,1.5150000000000001
308.31840974,0.3245456944631579,0.02111320357142857,30,1,0.0,0.0,0.0,0.0,0.0,0.14187901,0.544999985
308.31840974,0.3162240099897436,0.02111320357142857,30,1,0.0,0.0,0.0,0.0,0.0,0.1391,0.15000000000000002
308.31840974,0.3523638968457143,0.02111320357142857,30,0,0.0,0.0,0.0,0.0,0.0,0.179784,0.355
308.31840974,0.3425760108222222,0.02111320357142857,30,0,0.0,0.0,0.0,0.0,0.0,0.161642,0.77000001
308.31840974,0.33331719971891893,0.02111320357142857,30,0,0.0,0.0,0.0,0.0,0.0,0.147084,1.645
308.31840974,0.3245456944631579,0.02111320357142857,30,0,0.0,0.0,0.0,0.0,0.0,0.137766,3.20000005
308.31840974,0.3162240099897436,0.02111320357142857,30,0,0.0,0.0,0.0,0.0,0.0,0.130289,5.3499999
308.48564689,0.2937958541809524,0.021145610000000002,29,1,0.0,0.0,0.0,0.0,0.0,0.197418,0.0199999995
308.48564689,0.34276182987777776,0.021145610000000002,29,1,0.0,0.0,0.0,0.0,0.0,0.171848,3.20000005
308.48564689,0.33349799663783786,0.021145610000000002,29,1,0.0,0.0,0.0,0.0,0.0,0.155311,1.5550000499999999
308.48564689,0.32472173356842104,0.021145610000000002,29,1,0.0,0.0,0.0,0.0,0.0,0.14535201,0.564999995
308.48564689,0.31639553527179487,0.021145610000000002,29,1,0.0,0.0,0.0,0.0,0.0,0.143994,0.16500000999999997
308.48564689,0.35255502501714286,0.021145610000000002,29,0,0.0,0.0,0.0,0.0,0.0,0.18565901,0.364999995
308.48564689,0.33349799663783786,0.021145610000000002,29,0,0.0,0.0,0.0,0.0,0.0,0.153781,1.66499995
308.48564689,0.32472173356842104,0.021145610000000002,29,0,0.0,0.0,0.0,0.0,0.0,0.144596,3.20000005
308.51909431999997,0.3164298403282051,0.021160297857142858,28,1,0.0,0.0,0.0,0.0,0.0,0.14168701,0.14500000000000002
308.51909431999997,0.30851909431999996,0.021160297857142858,28,0,0.0,0.0,0.0,0.0,0.0,-99.989998,7.72500015
308.51909431999997,0.4113587924266666,0.021160297857142858,28,0,0.0,0.0,0.0,0.0,0.0,0.36926901,0.065
308.51909431999997,0.35259325065142855,0.021160297857142858,28,0,0.0,0.0,0.0,0.0,0.0,0.18202899,0.325
308.51909431999997,0.34279899368888883,0.021160297857142858,28,0,0.0,0.0,0.0,0.0,0.0,0.164303,0.72999999
308.51909431999997,0.33353415602162156,0.021160297857142858,28,0,0.0,0.0,0.0,0.0,0.0,0.149404,1.5899999500000002
308.51909431999997,0.32475694138947364,0.021160297857142858,28,0,0.0,0.0,0.0,0.0,0.0,0.13814101,3.125
312.59968077999997,0.3379456008432432,0.021100054,32,1,0.0,0.0,0.0,0.0,0.0,0.19033,2.6600001
312.59968077999997,0.3290522955578947,0.021100054,32,1,0.0,0.0,0.0,0.0,0.0,0.181006,1.375
312.59968077999997,0.3473329786444444,0.021100054,32,0,0.0,0.0,0.0,0.0,0.0,0.19978601,0.8350000049999999
312.59968077999997,0.3379456008432432,0.021100054,32,0,0.0,0.0,0.0,0.0,0.0,0.18896499,1.59000005
312.59968077999997,0.3290522955578947,0.021100054,32,0,0.0,0.0,0.0,0.0,0.0,0.180942,2.8199999499999997
315.27547518,0.34083835154594594,0.021076209999999998,31,1,0.0,0.0,0.0,0.0,0.0,0.19839001,3.25
315.27547518,0.33186892124210526,0.021076209999999998,31,1,0.0,0.0,0.0,0.0,0.0,0.18719999,1.7850000000000001
315.27547518,0.32335946172307695,0.021076209999999998,31,1,0.0,0.0,0.0,0.0,0.0,0.180167,0.8350000049999999
315.27547518,0.31527547518,0.021076209999999998,31,0,0.0,0.0,0.0,0.0,0.0,0.161989,5.875
315.27547518,0.34083835154594594,0.021076209999999998,31,0,0.0,0.0,0.0,0.0,0.0,0.19343799,1.28
315.27547518,0.33186892124210526,0.021076209999999998,31,0,0.0,0.0,0.0,0.0,0.0,0.183198,2.3249999
315.27547518,0.32335946172307695,0.021076209999999998,31,0,0.0,0.0,0.0,0.0,0.0,0.17410199,3.875
315.27547518,0.3002623573142857,0.024870078095238096,185,1,0.0,0.0,0.0,0.0,0.0,0.156376,1.01500001
315.27547518,0.3503060835333333,0.024870078095238096,185,0,0.0,0.0,0.0,0.0,0.0,0.17924701,2.7850001
320.29258968,0.32029258968,0.021068817142857143,30,1,0.0,0.0,0.0,0.0,0.0,0.17436799,0.555000005
320.29258968,0.3462622591135135,0.021068817142857143,30,1,0.0,0.0,0.0,0.0,0.0,0.207937,4.35000015
320.29258968,0.3371500944,0.021068817142857143,30,1,0.0,0.0,0.0,0.0,0.0,0.19320799,2.5999999
320.29258968,0.32850522018461537,0.021068817142857143,30,1,0.0,0.0,0.0,0.0,0.0,0.18287399,1.33000005
320.29258968,0.32029258968,0.021068817142857143,30,0,0.0,0.0,0.0,0.0,0.0,0.169659,4.625
320.29258968,0.36604867392,0.021068817142857143,30,0,0.0,0.0,0.0,0.0,0.0,0.231407,0.229999995
320.29258968,0.3558806552,0.021068817142857143,30,0,0.0,0.0,0.0,0.0,0.0,0.212238,0.42999999499999997
320.29258968,0.3462622591135135,0.021068817142857143,30,0,0.0,0.0,0.0,0.0,0.0,0.197956,0.844999995
320.29258968,0.3371500944,0.021068817142857143,30,0,0.0,0.0,0.0,0.0,0.0,0.185873,1.605
320.29258968,0.32850522018461537,0.021068817142857143,30,0,0.0,0.0,0.0,0.0,0.0,0.17572799,2.8449999
320.29258968,0.3371500944,0.023487529142857143,93,1,0.0,0.0,0.0,0.0,0.0,0.164625,3.6000000500000002
320.29258968,0.32850522018461537,0.023487529142857143,93,1,0.0,0.0,0.0,0.0,0.0,0.15750501,2.30499995
320.29258968,0.4003657371,0.023487529142857143,93,0,0.0,0.0,0.0,0.0,0.0,0.239103,0.31000000000000005
320.29258968,0.3768148113882353,0.023487529142857143,93,0,0.0,0.0,0.0,0.0,0.0,0.20380101,0.555000005
320.29258968,0.36604867392,0.023487529142857143,93,0,0.0,0.0,0.0,0.0,0.0,0.190165,0.805000005
320.29258968,0.3558806552,0.023487529142857143,93,0,0.0,0.0,0.0,0.0,0.0,0.17854699,1.19999995
320.29258968,0.3462622591135135,0.023487529142857143,93,0,0.0,0.0,0.0,0.0,0.0,0.16898,1.81
312.46589106,0.3471843234,0.020975061714285714,29,1,0.0,0.0,0.0,0.0,0.0,0.219401,4.45000005
312.46589106,0.3378009633081081,0.020975061714285714,29,1,0.0,0.0,0.0,0.0,0.0,0.208681,2.7350000000000003
312.46589106,0.3289114642736842,0.020975061714285714,29,1,0.0,0.0,0.0,0.0,0.0,0.19800401,1.4449999500000001
312.46589106,0.32047783698461535,0.020975061714285714,29,1,0.0,0.0,0.0,0.0,0.0,0.19173101,0.655000005
312.46589106,0.31246589106,0.020975061714285714,29,0,0.0,0.0,0.0,0.0,0.0,0.188315,6.75
312.46589106,0.3471843234,0.020975061714285714,29,0,0.0,0.0,0.0,0.0,0.0,0.21857101,0.9149999950000001
312.46589106,0.3378009633081081,0.020975061714285714,29,0,0.0,0.0,0.0,0.0,0.0,0.206165,1.6800000499999999
312.46589106,0.3289114642736842,0.020975061714285714,29,0,0.0,0.0,0.0,0.0,0.0,0.196742,2.9050001
312.46589106,0.32047783698461535,0.020975061714285714,29,0,0.0,0.0,0.0,0.0,0.0,0.1936,4.64999985
312.46589106,0.3378009633081081,0.02344991228571429,92,1,0.0,0.0,0.0,0.0,0.0,0.174899,3.75
312.46589106,0.3289114642736842,0.02344991228571429,92,1,0.0,0.0,0.0,0.0,0.0,0.16685601,2.4300000500000003
312.46589106,0.32047783698461535,0.02344991228571429,92,1,0.0,0.0,0.0,0.0,0.0,0.160712,1.46000005
312.46589106,0.24035837773846153,0.02344991228571429,92,0,0.0,0.0,0.0,0.0,0.0,-99.989998,36.6999985
312.46589106,0.3378009633081081,0.02344991228571429,92,0,0.0,0.0,0.0,0.0,0.0,0.17204399,2.76
312.46589106,0.31246589106,0.02484321904761905,183,1,0.0,0.0,0.0,0.0,0.0,0.16751,2.07
312.46589106,0.31246589106,0.020825380571428572,28,1,0.0,0.0,0.0,0.0,0.0,0.18465699,0.22499998999999998
312.46589106,0.3471843234,0.020825380571428572,28,1,0.0,0.0,0.0,0.0,0.0,0.22026099,4.45000005
312.46589106,0.3378009633081081,0.020825380571428572,28,1,0.0,0.0,0.0,0.0,0.0,0.20594101,2.69000005
312.46589106,0.3289114642736842,0.020825380571428572,28,1,0.0,0.0,0.0,0.0,0.0,0.194666,1.39
312.46589106,0.32047783698461535,0.020825380571428572,28,1,0.0,0.0,0.0,0.0,0.0,0.187721,0.6049999850000001
312.46589106,0.3378009633081081,0.020825380571428572,28,0,0.0,0.0,0.0,0.0,0.0,0.200562,1.57499995
312.46589106,0.3289114642736842,0.020825380571428572,28,0,0.0,0.0,0.0,0.0,0.0,0.18977299,2.78499995
312.46589106,0.32047783698461535,0.020825380571428572,28,0,0.0,0.0,0.0,0.0,0.0,0.179423,4.5
312.46589106,0.3378009633081081,0.02333624114285714,91,1,0.0,0.0,0.0,0.0,0.0,0.17265201,3.70000005
312.46589106,0.3289114642736842,0.02333624114285714,91,1,0.0,0.0,0.0,0.0,0.0,0.165765,2.4000001
312.46589106,0.5207764851,0.02333624114285714,91,0,0.0,0.0,0.0,0.0,0.0,0.37867001,0.044999999
312.46589106,0.3471843234,0.02333624114285714,91,0,0.0,0.0,0.0,0.0,0.0,0.17732701,1.80000005
311.69660016999995,0.2968539049238095,0.02476359873015873,179,1,0.0,0.0,0.0,0.0,0.0,0.15401199,0.7400000099999999
311.69660016999995,0.4617727409925925,0.02476359873015873,179,0,0.0,0.0,0.0,0.0,0.0,0.285202,0.345
311.69660016999995,0.3896207502124999,0.02476359873015873,179,0,0.0,0.0,0.0,0.0,0.0,0.216114,1.0450000050000001
311.83038989,0.34647821098888887,0.02468330396825397,178,0,0.0,0.0,0.0,0.0,0.0,0.175799,2.995
335.94598692,0.33594598692,0.020993965,32,1,0.0,0.0,0.0,0.0,0.0,0.135296,1.6949999999999998
335.94598692,0.31994855897142854,0.020993965,32,1,0.0,0.0,0.0,0.0,0.0,0.124578,0.18
335.94598692,0.33594598692,0.020993965,32,0,0.0,0.0,0.0,0.0,0.0,0.13459601,1.52
335.94598692,0.41993248365,0.020993965,32,0,0.0,0.0,0.0,0.0,0.0,0.30124101,0.0149999995
335.94598692,0.3631848507243243,0.020993965,32,0,0.0,0.0,0.0,0.0,0.0,0.19298699,0.20500000000000002
335.94598692,0.35362735465263156,0.020993965,32,0,0.0,0.0,0.0,0.0,0.0,0.167533,0.355
335.94598692,0.3445599865846154,0.020993965,32,0,0.0,0.0,0.0,0.0,0.0,0.14848,0.72
339.29072992,0.33929072992,0.020938339999999996,31,1,0.0,0.0,0.0,0.0,0.0,0.13679101,2.27
339.29072992,0.3231340284952381,0.020938339999999996,31,1,0.0,0.0,0.0,0.0,0.0,0.120116,0.265
339.29072992,0.33929072992,0.020938339999999996,31,0,0.0,0.0,0.0,0.0,0.0,0.133945,1.06
339.29072992,0.3231340284952381,0.020938339999999996,31,0,0.0,0.0,0.0,0.0,0.0,0.114708,4.125
332.83537593,0.33283537593,0.020889864285714283,30,1,0.0,0.0,0.0,0.0,0.0,0.14302801,1.27
332.83537593,0.3169860723142857,0.020889864285714283,30,1,0.0,0.0,0.0,0.0,0.0,0.134835,0.125
332.83537593,0.35035302729473683,0.020889864285714283,30,1,0.0,0.0,0.0,0.0,0.0,0.17460801,4.8249998
332.83537593,0.3413696163384615,0.020889864285714283,30,1,0.0,0.0,0.0,0.0,0.0,0.15660401,2.77999995
332.83537593,0.33283537593,0.020889864285714283,30,0,0.0,0.0,0.0,0.0,0.0,0.13611101,1.9849999999999999
332.83537593,0.3169860723142857,0.020889864285714283,30,0,0.0,0.0,0.0,0.0,0.0,0.113809,5.92499995
332.83537593,0.3915710305058824,0.020889864285714283,30,0,0.0,0.0,0.0,0.0,0.0,0.28538299,0.085
332.83537593,0.38038328677714284,0.020889864285714283,30,0,0.0,0.0,0.0,0.0,0.0,0.25551099,0.12
332.83537593,0.35035302729473683,0.020889864285714283,30,0,0.0,0.0,0.0,0.0,0.0,0.169522,0.480000005
332.83537593,0.3413696163384615,0.020889864285714283,30,0,0.0,0.0,0.0,0.0,0.0,0.150589,0.974999995
331.63126845,0.33163126845,0.020842779285714284,29,1,0.0,0.0,0.0,0.0,0.0,0.143437,1.03499995
331.63126845,0.3490855457368421,0.020842779285714284,29,1,0.0,0.0,0.0,0.0,0.0,0.179948,4.45000005
331.63126845,0.3401346343076923,0.020842779285714284,29,1,0.0,0.0,0.0,0.0,0.0,0.155747,2.41500005
331.63126845,0.33163126845,0.020842779285714284,29,0,0.0,0.0,0.0,0.0,0.0,0.132889,2.22500005
331.63126845,0.3490855457368421,0.020842779285714284,29,0,0.0,0.0,0.0,0.0,0.0,0.166098,0.53
331.63126845,0.3401346343076923,0.020842779285714284,29,0,0.0,0.0,0.0,0.0,0.0,0.14631499,1.08499995
332.90227079,0.33290227079,0.020873210714285717,28,1,0.0,0.0,0.0,0.0,0.0,0.14225399,1.21000005
332.90227079,0.341438226451282,0.020873210714285717,28,1,0.0,0.0,0.0,0.0,0.0,0.15644599,2.72000005
332.90227079,0.341438226451282,0.020873210714285717,28,0,0.0,0.0,0.0,0.0,0.0,0.155698,0.97
337.12134125,0.33712134125,0.022044000857142854,32,1,0.0,0.0,0.0,0.0,0.0,0.158792,2.15
337.12134125,0.32106794404761907,0.022044000857142854,32,1,0.0,0.0,0.0,0.0,0.0,0.136207,0.29500000000000004
337.12134125,0.3457654782051282,0.022044000857142854,32,1,0.0,0.0,0.0,0.0,0.0,0.177893,3.9250000500000004
337.12134125,0.33712134125,0.022044000857142854,32,0,0.0,0.0,0.0,0.0,0.0,0.153409,1.5750000000000002
337.12134125,0.39661334264705883,0.022044000857142854,32,0,0.0,0.0,0.0,0.0,0.0,0.30351499,0.099999999
337.12134125,0.3745792680555556,0.022044000857142854,32,0,0.0,0.0,0.0,0.0,0.0,0.24177399,0.18
337.12134125,0.3644555040540541,0.022044000857142854,32,0,0.0,0.0,0.0,0.0,0.0,0.21484999,0.27499998999999997
337.12134125,0.3548645697368421,0.022044000857142854,32,0,0.0,0.0,0.0,0.0,0.0,0.19003101,0.45499999999999996
337.12134125,0.3457654782051282,0.022044000857142854,32,0,0.0,0.0,0.0,0.0,0.0,0.17062899,0.8400000000000001
339.87664375,0.33987664375000004,0.021931107999999998,31,1,0.0,0.0,0.0,0.0,0.0,0.16333701,2.65
339.87664375,0.3236920416666667,0.021931107999999998,31,1,0.0,0.0,0.0,0.0,0.0,0.13497899,0.40499999
339.87664375,0.30897876704545457,0.021931107999999998,31,1,0.0,0.0,0.0,0.0,0.0,0.150408,0.055
339.87664375,0.33987664375000004,0.021931107999999998,31,0,0.0,0.0,0.0,0.0,0.0,0.152023,1.1949999500000001
339.87664375,0.3776407152777778,0.021931107999999998,31,0,0.0,0.0,0.0,0.0,0.0,0.244358,0.13500000499999998
339.87664375,0.35776488815789476,0.021931107999999998,31,0,0.0,0.0,0.0,0.0,0.0,0.192268,0.33999999999999997
339.87664375,0.3485914294871795,0.021931107999999998,31,0,0.0,0.0,0.0,0.0,0.0,0.169956,0.61499998
341.7247125,0.3417247125,0.02201297485714286,30,1,0.0,0.0,0.0,0.0,0.0,0.161439,2.95000005
341.7247125,0.32545210714285716,0.02201297485714286,30,1,0.0,0.0,0.0,0.0,0.0,0.132237,0.474999995
341.7247125,0.2971519239130435,0.02201297485714286,30,1,0.0,0.0,0.0,0.0,0.0,0.176258,0.0149999995
341.7247125,0.36943212162162165,0.02201297485714286,30,1,0.0,0.0,0.0,0.0,0.0,0.26031601,9.7000003
341.7247125,0.3417247125,0.02201297485714286,30,0,0.0,0.0,0.0,0.0,0.0,0.14719599,0.924999985
341.7247125,0.32545210714285716,0.02201297485714286,30,0,0.0,0.0,0.0,0.0,0.0,0.111788,3.4750000500000002
341.7247125,0.379694125,0.02201297485714286,30,0,0.0,0.0,0.0,0.0,0.0,0.253409,0.125
341.7247125,0.36943212162162165,0.02201297485714286,30,0,0.0,0.0,0.0,0.0,0.0,0.22236501,0.175
341.7247125,0.35048688461538463,0.02201297485714286,30,0,0.0,0.0,0.0,0.0,0.0,0.16842601,0.474999995
342.83355375,0.34283355375,0.02227178285714286,29,1,0.0,0.0,0.0,0.0,0.0,0.16317999,3.0
342.83355375,0.32650814642857146,0.02227178285714286,29,1,0.0,0.0,0.0,0.0,0.0,0.130004,0.45499999999999996
342.83355375,0.31166686704545454,0.02227178285714286,29,1,0.0,0.0,0.0,0.0,0.0,0.13195001,0.0300000004
342.83355375,0.34283355375,0.02227178285714286,29,0,0.0,0.0,0.0,0.0,0.0,0.14633299,0.859999985
342.83355375,0.32650814642857146,0.02227178285714286,29,0,0.0,0.0,0.0,0.0,0.0,0.113008,3.3500000500000002
342.83355375,0.36087742500000003,0.02227178285714286,29,0,0.0,0.0,0.0,0.0,0.0,0.19231801,0.23999999500000002
342.83355375,0.3516241576923077,0.02227178285714286,29,0,0.0,0.0,0.0,0.0,0.0,0.16723,0.42999999499999997
342.1279275,0.32583612142857143,0.02230485542857143,28,1,0.0,0.0,0.0,0.0,0.0,0.122158,0.350000005
342.1279275,0.3698680297297297,0.02230485542857143,28,1,0.0,0.0,0.0,0.0,0.0,0.23504999,9.5249996
342.1279275,0.3421279275,0.02230485542857143,28,0,0.0,0.0,0.0,0.0,0.0,0.14572001,0.8650000099999999
342.1279275,0.32583612142857143,0.02230485542857143,28,0,0.0,0.0,0.0,0.0,0.0,0.121607,3.5
342.1279275,0.36013466052631576,0.02230485542857143,28,0,0.0,0.0,0.0,0.0,0.0,0.18904801,0.219999995
342.1279275,0.35090043846153846,0.02230485542857143,28,0,0.0,0.0,0.0,0.0,0.0,0.166005,0.420000005
311.78599875000003,0.31178599875,0.023207491666666663,32,1,0.0,0.0,0.0,0.0,0.0,0.22482701,0.44500001
311.78599875000003,0.33706594459459466,0.023207491666666663,32,1,0.0,0.0,0.0,0.0,0.0,0.256578,3.04999995
311.78599875000003,0.3281957881578948,0.023207491666666663,32,1,0.0,0.0,0.0,0.0,0.0,0.24274699,1.8
311.78599875000003,0.3197805115384616,0.023207491666666663,32,1,0.0,0.0,0.0,0.0,0.0,0.231288,0.94000003
311.78599875000003,0.4454085696428572,0.023207491666666663,32,0,0.0,0.0,0.0,0.0,0.0,0.43492499,0.049999999
311.78599875000003,0.3281957881578948,0.023207491666666663,32,0,0.0,0.0,0.0,0.0,0.0,0.217742,3.57500005
311.78599875000003,0.3197805115384616,0.023207491666666663,32,0,0.0,0.0,0.0,0.0,0.0,0.199553,5.22500015
311.78599875000003,0.29693904642857144,0.026902163015873018,185,1,0.0,0.0,0.0,0.0,0.0,0.177742,1.13500005
319.6822925,0.3196822925,0.02316592,31,1,0.0,0.0,0.0,0.0,0.0,0.199476,0.620000005
319.6822925,0.2906202659090909,0.02316592,31,1,0.0,0.0,0.0,0.0,0.0,0.21168301,0.0199999995
319.6822925,0.3456024783783784,0.02316592,31,1,0.0,0.0,0.0,0.0,0.0,0.231838,4.07500005
319.6822925,0.3365076763157895,0.02316592,31,1,0.0,0.0,0.0,0.0,0.0,0.218512,2.495
319.6822925,0.32787927435897435,0.02316592,31,1,0.0,0.0,0.0,0.0,0.0,0.20715,1.33499995
319.6822925,0.37609681470588235,0.02316592,31,0,0.0,0.0,0.0,0.0,0.0,0.284255,0.29500000000000004
321.73196875,0.32173196875000004,0.023083787083333335,30,1,0.0,0.0,0.0,0.0,0.0,0.199955,0.75
321.73196875,0.3478183445945946,0.023083787083333335,30,1,0.0,0.0,0.0,0.0,0.0,0.23261601,4.52499985
321.73196875,0.3299815064102564,0.023083787083333335,30,1,0.0,0.0,0.0,0.0,0.0,0.20770501,1.565
321.73196875,0.3574799652777778,0.023083787083333335,30,0,0.0,0.0,0.0,0.0,0.0,0.246736,0.66999999
321.73196875,0.3478183445945946,0.023083787083333335,30,0,0.0,0.0,0.0,0.0,0.0,0.23087899,1.15999995
321.73196875,0.32173196875000004,0.025456564285714287,93,1,0.0,0.0,0.0,0.0,0.0,0.17102399,1.685
321.73196875,0.3386652302631579,0.025456564285714287,93,1,0.0,0.0,0.0,0.0,0.0,0.183522,3.95000005
321.73196875,0.30641139880952384,0.026972953809523813,183,1,0.0,0.0,0.0,0.0,0.0,0.166154,1.52000005
324.62167625,0.32462167625,0.023035394166666667,29,1,0.0,0.0,0.0,0.0,0.0,0.21704499,1.12
324.62167625,0.34170702763157895,0.023035394166666667,29,1,0.0,0.0,0.0,0.0,0.0,0.236754,3.5249999499999998
324.62167625,0.332945308974359,0.023035394166666667,29,1,0.0,0.0,0.0,0.0,0.0,0.227911,2.135
324.62167625,0.3819078544117647,0.023035394166666667,29,0,0.0,0.0,0.0,0.0,0.0,0.318362,0.269999995
324.62167625,0.3606907513888889,0.023035394166666667,29,0,0.0,0.0,0.0,0.0,0.0,0.27039301,0.650000005
324.62167625,0.3509423527027027,0.023035394166666667,29,0,0.0,0.0,0.0,0.0,0.0,0.25238499,1.0750000000000002
324.62167625,0.34170702763157895,0.023035394166666667,29,0,0.0,0.0,0.0,0.0,0.0,0.2388,1.79
324.62167625,0.332945308974359,0.023035394166666667,29,0,0.0,0.0,0.0,0.0,0.0,0.22789501,2.88
324.62167625,0.32462167625,0.02581299771428571,92,1,0.0,0.0,0.0,0.0,0.0,0.179775,2.1399999999999997
324.62167625,0.34170702763157895,0.02581299771428571,92,1,0.0,0.0,0.0,0.0,0.0,0.194305,4.64999985
324.62167625,0.332945308974359,0.02581299771428571,92,1,0.0,0.0,0.0,0.0,0.0,0.186573,3.25
324.62167625,0.4994179634615385,0.02581299771428571,92,0,0.0,0.0,0.0,0.0,0.0,0.37932301,0.100000002
324.62167625,0.3709962014285714,0.02581299771428571,92,0,0.0,0.0,0.0,0.0,0.0,0.224336,1.0550000000000002
324.62167625,0.3606907513888889,0.02581299771428571,92,0,0.0,0.0,0.0,0.0,0.0,0.213,1.4849999999999999
324.62167625,0.3509423527027027,0.02581299771428571,92,0,0.0,0.0,0.0,0.0,0.0,0.202747,2.09000005
324.62167625,0.34170702763157895,0.02581299771428571,92,0,0.0,0.0,0.0,0.0,0.0,0.193284,2.9149999500000003
324.62167625,0.332945308974359,0.02581299771428571,92,0,0.0,0.0,0.0,0.0,0.0,0.18690699,4.0500000499999995
324.62167625,0.3606907513888889,0.02736282936507936,182,0,0.0,0.0,0.0,0.0,0.0,0.204757,2.61000005
327.007365,0.327007365,0.02302856625,28,1,0.0,0.0,0.0,0.0,0.0,0.21926001,1.3250000000000002
327.007365,0.3114355857142857,0.02302856625,28,1,0.0,0.0,0.0,0.0,0.0,0.21765099,0.31500001
327.007365,0.3353921692307692,0.02302856625,28,1,0.0,0.0,0.0,0.0,0.0,0.22819699,2.42500005
327.007365,0.36334151666666664,0.02302856625,28,0,0.0,0.0,0.0,0.0,0.0,0.27389699,0.5399999900000001
327.007365,0.35352147567567566,0.02302856625,28,0,0.0,0.0,0.0,0.0,0.0,0.255115,0.9000000100000001
327.007365,0.3442182789473684,0.02302856625,28,0,0.0,0.0,0.0,0.0,0.0,0.240043,1.5150000000000001
327.007365,0.3353921692307692,0.02302856625,28,0,0.0,0.0,0.0,0.0,0.0,0.228278,2.49000005
327.007365,0.327007365,0.025892105428571427,91,1,0.0,0.0,0.0,0.0,0.0,0.181857,2.44000005
327.007365,0.3114355857142857,0.025892105428571427,91,1,0.0,0.0,0.0,0.0,0.0,0.17363399,0.945000025
327.007365,0.3847145470588235,0.025892105428571427,91,0,0.0,0.0,0.0,0.0,0.0,0.241446,0.7000000200000001
327.007365,0.3353921692307692,0.025892105428571427,91,0,0.0,0.0,0.0,0.0,0.0,0.18858799,3.70000005
327.007365,0.35352147567567566,0.02746153222222222,181,0,0.0,0.0,0.0,0.0,0.0,0.198265,3.1
325.0584925,0.30957951666666667,0.027356761111111114,178,1,0.0,0.0,0.0,0.0,0.0,0.17554399,1.94
325.0584925,0.4334113233333333,0.027356761111111114,178,0,0.0,0.0,0.0,0.0,0.0,0.299229,0.92000001
325.0584925,0.3514145864864865,0.027356761111111114,178,0,0.0,0.0,0.0,0.0,0.0,0.200001,3.3000000500000004
297.20305625000003,0.34965065441176474,0.02344966642857143,32,1,0.0,0.0,0.0,0.0,0.0,0.245029,4.375
297.20305625000003,0.33966063571428573,0.02344966642857143,32,1,0.0,0.0,0.0,0.0,0.0,0.22975001,2.68500005
297.20305625000003,0.3302256180555556,0.02344966642857143,32,1,0.0,0.0,0.0,0.0,0.0,0.21930499,1.4649999500000002
297.20305625000003,0.3213006013513514,0.02344966642857143,32,1,0.0,0.0,0.0,0.0,0.0,0.21522699,0.724999995
297.20305625000003,0.3128453223684211,0.02344966642857143,32,1,0.0,0.0,0.0,0.0,0.0,0.21658701,0.33999999999999997
297.20305625000003,0.30482364743589746,0.02344966642857143,32,1,0.0,0.0,0.0,0.0,0.0,0.220778,0.15500000000000003
297.20305625000003,0.42457579464285716,0.02344966642857143,32,0,0.0,0.0,0.0,0.0,0.0,0.40831801,0.10499999900000001
297.20305625000003,0.34965065441176474,0.02344966642857143,32,0,0.0,0.0,0.0,0.0,0.0,0.243944,1.255
297.20305625000003,0.33966063571428573,0.02344966642857143,32,0,0.0,0.0,0.0,0.0,0.0,0.226184,2.07499995
297.20305625000003,0.3302256180555556,0.02344966642857143,32,0,0.0,0.0,0.0,0.0,0.0,0.213724,3.3500000500000002
295.99341125,0.3382781842857143,0.023468160000000002,31,1,0.0,0.0,0.0,0.0,0.0,0.25510201,2.755
295.99341125,0.31157201184210526,0.023468160000000002,31,1,0.0,0.0,0.0,0.0,0.0,0.23361699,0.38000001
295.92620875,0.3199202256756757,0.023531620714285717,30,1,0.0,0.0,0.0,0.0,0.0,0.214341,0.6049999850000001
295.92620875,0.31150127236842107,0.023531620714285717,30,1,0.0,0.0,0.0,0.0,0.0,0.212717,0.255
295.92620875,0.35869843484848485,0.023531620714285717,30,0,0.0,0.0,0.0,0.0,0.0,0.26206601,0.735000015
295.92620875,0.34814848088235295,0.023531620714285717,30,0,0.0,0.0,0.0,0.0,0.0,0.24135099,1.25
294.78376625000004,0.3275375180555556,0.023519733571428572,28,1,0.0,0.0,0.0,0.0,0.0,0.22654299,1.165
294.78376625000004,0.3102987013157895,0.023519733571428572,28,1,0.0,0.0,0.0,0.0,0.0,0.222444,0.229999995
294.78376625000004,0.2679852420454546,0.023519733571428572,28,0,0.0,0.0,0.0,0.0,0.0,-99.989998,22.6499995
294.78376625000004,0.2456531385416667,0.023519733571428572,28,0,0.0,0.0,0.0,0.0,0.0,0.52778703,32.7250005
294.78376625000004,0.3275375180555556,0.023519733571428572,28,0,0.0,0.0,0.0,0.0,0.0,0.22035199,3.70000005
270.74793504,0.33843491880000004,0.025042516571428575,32,1,0.0,0.0,0.0,0.0,0.0,0.267342,2.67499995
270.74793504,0.32817931520000004,0.025042516571428575,32,1,0.0,0.0,0.0,0.0,0.0,0.25536799,1.5049999500000002
270.74793504,0.29270047031351354,0.025042516571428575,32,1,0.0,0.0,0.0,0.0,0.0,0.25686899,0.080000002
270.74793504,0.33843491880000004,0.025042516571428575,32,0,0.0,0.0,0.0,0.0,0.0,0.266458,2.38
270.74793504,0.32817931520000004,0.025042516571428575,32,0,0.0,0.0,0.0,0.0,0.0,0.24750499,3.65
270.74793504,0.3185269824,0.025042516571428575,32,0,0.0,0.0,0.0,0.0,0.0,0.243477,5.45000005
270.74793504,0.30083103893333335,0.025042516571428575,32,0,0.0,0.0,0.0,0.0,0.0,0.228558,9.875
275.30768694000005,0.3932966956285715,0.02502741742857143,31,1,0.0,0.0,0.0,0.0,0.0,0.416282,12.1
275.30768694000005,0.355235725083871,0.02502741742857143,31,1,0.0,0.0,0.0,0.0,0.0,0.32343301,5.52499985
275.30768694000005,0.3238913964000001,0.02502741742857143,31,1,0.0,0.0,0.0,0.0,0.0,0.26031601,1.2000000000000002
275.30768694000005,0.3146373565028572,0.02502741742857143,31,1,0.0,0.0,0.0,0.0,0.0,0.25100401,0.574999985
275.30768694000005,0.28236685840000003,0.02502741742857143,31,1,0.0,0.0,0.0,0.0,0.0,0.30233499,0.0649999999
275.30768694000005,0.34413460867500006,0.02502741742857143,31,0,0.0,0.0,0.0,0.0,0.0,0.27255201,1.81
275.30768694000005,0.3238913964000001,0.02502741742857143,31,0,0.0,0.0,0.0,0.0,0.0,0.234643,4.3249998
275.30768694000005,0.3146373565028572,0.02502741742857143,31,0,0.0,0.0,0.0,0.0,0.0,0.214912,6.2249999
275.30768694000005,0.3058974299333334,0.02502741742857143,31,0,0.0,0.0,0.0,0.0,0.0,0.21005499,8.5250001
273.51756212000004,0.3907393744571429,0.025071417428571427,30,1,0.0,0.0,0.0,0.0,0.0,0.41902301,11.600000000000001
273.51756212000004,0.34189695265000003,0.025071417428571427,30,1,0.0,0.0,0.0,0.0,0.0,0.273137,3.125
273.51756212000004,0.3315364389333334,0.025071417428571427,30,1,0.0,0.0,0.0,0.0,0.0,0.253187,1.75
273.51756212000004,0.32178536720000006,0.025071417428571427,30,1,0.0,0.0,0.0,0.0,0.0,0.245841,0.89500001
273.51756212000004,0.3125914995657143,0.025071417428571427,30,1,0.0,0.0,0.0,0.0,0.0,0.232182,0.36
273.51756212000004,0.28791322328421054,0.025071417428571427,30,1,0.0,0.0,0.0,0.0,0.0,0.26822999,0.049999999
273.51756212000004,0.28053083294358977,0.025071417428571427,30,1,0.0,0.0,0.0,0.0,0.0,0.35113499,0.1199999999
273.51756212000004,0.5470351242400001,0.025071417428571427,30,0,0.0,0.0,0.0,0.0,0.0,0.73672998,0.05
273.51756212000004,0.49730465840000004,0.025071417428571427,30,0,0.0,0.0,0.0,0.0,0.0,0.56684703,0.0299999995
273.51756212000004,0.4558626035333334,0.025071417428571427,30,0,0.0,0.0,0.0,0.0,0.0,0.49601901,0.0600000015
273.51756212000004,0.34189695265000003,0.025071417428571427,30,0,0.0,0.0,0.0,0.0,0.0,0.24509899,1.73500005
273.51756212000004,0.3315364389333334,0.025071417428571427,30,0,0.0,0.0,0.0,0.0,0.0,0.22649699,2.875
273.51756212000004,0.32178536720000006,0.025071417428571427,30,0,0.0,0.0,0.0,0.0,0.0,0.20814,4.5
273.51756212000004,0.3039084023555556,0.025071417428571427,30,0,0.0,0.0,0.0,0.0,0.0,-99.989998,8.875
269.56577714,0.26956577714,0.025301972571428574,29,1,0.0,0.0,0.0,0.0,0.0,0.48004699,0.245000005
269.56577714,0.3171362084,0.025301972571428574,29,1,0.0,0.0,0.0,0.0,0.0,0.25313899,0.6299999949999999
269.56577714,0.38509396734285717,0.025301972571428574,29,0,0.0,0.0,0.0,0.0,0.0,0.38249001,0.42500000000000004
269.56577714,0.3594210361866667,0.025301972571428574,29,0,0.0,0.0,0.0,0.0,0.0,0.320894,0.994999995
269.56577714,0.34782680921290327,0.025301972571428574,29,0,0.0,0.0,0.0,0.0,0.0,0.29545701,1.58
269.56577714,0.336957221425,0.025301972571428574,29,0,0.0,0.0,0.0,0.0,0.0,0.277987,2.53999995
269.56577714,0.32674639653333337,0.025301972571428574,29,0,0.0,0.0,0.0,0.0,0.0,0.26448601,3.92499995
269.56577714,0.3171362084,0.025301972571428574,29,0,0.0,0.0,0.0,0.0,0.0,0.25746101,5.75
269.56577714,0.2995175301555556,0.025301972571428574,29,0,0.0,0.0,0.0,0.0,0.0,0.27799201,10.3
269.7008809,0.337126101125,0.025298806857142857,28,1,0.0,0.0,0.0,0.0,0.0,0.27631801,2.44000005
269.7008809,0.3269101586666667,0.025298806857142857,28,1,0.0,0.0,0.0,0.0,0.0,0.26209801,1.31
269.7008809,0.317295154,0.025298806857142857,28,1,0.0,0.0,0.0,0.0,0.0,0.27047199,0.7299999850000001
269.7008809,0.29966764544444446,0.025298806857142857,28,1,0.0,0.0,0.0,0.0,0.0,0.27669999,0.1750000055
269.7008809,0.41492443215384617,0.025298806857142857,28,0,0.0,0.0,0.0,0.0,0.0,0.46774599,0.215000005
269.7008809,0.3480011366451613,0.025298806857142857,28,0,0.0,0.0,0.0,0.0,0.0,0.27906999,1.3799999500000002
269.7008809,0.337126101125,0.025298806857142857,28,0,0.0,0.0,0.0,0.0,0.0,0.25422099,2.25
269.7008809,0.2915685198918919,0.025298806857142857,28,0,0.0,0.0,0.0,0.0,0.0,-99.989998,12.475
283.04237720000003,0.35380297150000006,0.025466206666666668,32,0,0.0,0.0,0.0,0.0,0.0,0.24623901,0.91500002
283.04237720000003,0.3430816693333334,0.025466206666666668,32,0,0.0,0.0,0.0,0.0,0.0,0.23666599,1.6800000000000002
284.49474262,0.34484211226666667,0.02539591,31,1,0.0,0.0,0.0,0.0,0.0,0.232536,3.32500005
284.49474262,0.355618428275,0.026625040714285717,93,0,0.0,0.0,0.0,0.0,0.0,0.20657299,1.69
284.49474262,0.34484211226666667,0.026625040714285717,93,0,0.0,0.0,0.0,0.0,0.0,0.197981,2.51
284.49474262,0.33469969720000003,0.026625040714285717,93,0,0.0,0.0,0.0,0.0,0.0,0.190218,3.625
284.49474262,0.28449474262,0.02693938126984127,185,1,0.0,0.0,0.0,0.0,0.0,0.18201301,0.52499999
284.49474262,0.33469969720000003,0.02705438703296703,367,1,0.0,0.0,0.0,0.0,0.0,0.208243,6.75
285.54179676,0.3359315256,0.025410905,30,1,0.0,0.0,0.0,0.0,0.0,0.212391,1.915
285.54179676,0.3172686630666667,0.025410905,30,1,0.0,0.0,0.0,0.0,0.0,0.197677,0.36
285.54179676,0.35692724595,0.025410905,30,0,0.0,0.0,0.0,0.0,0.0,0.24078099,0.6500000100000001
285.54179676,0.3172686630666667,0.025410905,30,0,0.0,0.0,0.0,0.0,0.0,0.198883,5.70000005
285.54179676,0.3359315256,0.026662082142857146,92,1,0.0,0.0,0.0,0.0,0.0,0.189136,3.0149999999999997
285.54179676,0.3263334820114286,0.026662082142857146,92,1,0.0,0.0,0.0,0.0,0.0,0.181556,1.8900000000000001
285.54179676,0.3172686630666667,0.026662082142857146,92,1,0.0,0.0,0.0,0.0,0.0,0.177715,1.125
285.54179676,0.43929507193846157,0.026662082142857146,92,0,0.0,0.0,0.0,0.0,0.0,0.288715,0.145000005
285.54179676,0.38072239568,0.026662082142857146,92,0,0.0,0.0,0.0,0.0,0.0,0.22548901,0.6599999999999999
285.54179676,0.35692724595,0.026662082142857146,92,0,0.0,0.0,0.0,0.0,0.0,0.20282499,1.53
285.54179676,0.3359315256,0.026662082142857146,92,0,0.0,0.0,0.0,0.0,0.0,0.189054,3.42499995
285.54179676,0.3172686630666667,0.026662082142857146,92,0,0.0,0.0,0.0,0.0,0.0,0.17704201,6.57500005
285.54179676,0.28554179676,0.027131154395604394,366,1,0.0,0.0,0.0,0.0,0.0,0.18638501,1.775
285.64312458,0.33605073480000003,0.025269593333333337,29,1,0.0,0.0,0.0,0.0,0.0,0.21233299,1.89499995
285.64312458,0.3462340904,0.025269593333333337,29,0,0.0,0.0,0.0,0.0,0.0,0.22450601,1.18
285.64312458,0.33605073480000003,0.025269593333333337,29,0,0.0,0.0,0.0,0.0,0.0,0.20844699,2.13
285.64312458,0.33605073480000003,0.02664173714285714,91,1,0.0,0.0,0.0,0.0,0.0,0.18630099,2.95000005
285.64312458,0.32644928523428574,0.02664173714285714,91,1,0.0,0.0,0.0,0.0,0.0,0.180095,1.8500000499999998
285.64312458,0.31738124953333335,0.02664173714285714,91,1,0.0,0.0,0.0,0.0,0.0,0.175414,1.08
285.64312458,0.357053905725,0.02664173714285714,91,0,0.0,0.0,0.0,0.0,0.0,0.20216,1.505
285.64312458,0.33605073480000003,0.02664173714285714,91,0,0.0,0.0,0.0,0.0,0.0,0.187196,3.375
285.64312458,0.40806160654285717,0.02719196989010989,365,0,0.0,0.0,0.0,0.0,0.0,0.240082,2.15499995
289.4598058,0.340540948,0.025256726250000004,28,1,0.0,0.0,0.0,0.0,0.0,0.20695101,2.3899999999999997
289.4598058,0.33081120662857144,0.025256726250000004,28,1,0.0,0.0,0.0,0.0,0.0,0.193691,1.135
289.4598058,0.3216220064444445,0.025256726250000004,28,1,0.0,0.0,0.0,0.0,0.0,0.18659601,0.43999999999999995
289.4598058,0.3859464077333334,0.025256726250000004,28,0,0.0,0.0,0.0,0.0,0.0,0.29499501,0.13500000499999998
289.4598058,0.36182475725,0.025256726250000004,28,0,0.0,0.0,0.0,0.0,0.0,0.241791,0.41999999
289.4598058,0.3508603706666667,0.025256726250000004,28,0,0.0,0.0,0.0,0.0,0.0,0.222821,0.8200000199999999
289.4598058,0.340540948,0.025256726250000004,28,0,0.0,0.0,0.0,0.0,0.0,0.203724,1.54
289.4598058,0.340540948,0.0266554,90,1,0.0,0.0,0.0,0.0,0.0,0.18129399,3.4250000500000004
289.4598058,0.33081120662857144,0.0266554,90,1,0.0,0.0,0.0,0.0,0.0,0.172686,2.145
289.4598058,0.3216220064444445,0.0266554,90,1,0.0,0.0,0.0,0.0,0.0,0.165261,1.22000005
289.4598058,0.3129295197837838,0.0266554,90,1,0.0,0.0,0.0,0.0,0.0,0.161052,0.64500001
289.4598058,0.3859464077333334,0.0266554,90,0,0.0,0.0,0.0,0.0,0.0,0.21956301,0.465000005
289.4598058,0.3508603706666667,0.0266554,90,0,0.0,0.0,0.0,0.0,0.0,0.186157,1.76
289.4598058,0.340540948,0.0266554,90,0,0.0,0.0,0.0,0.0,0.0,0.17892399,2.69500005
289.4598058,0.3216220064444445,0.0266554,90,0,0.0,0.0,0.0,0.0,0.0,0.169221,5.625
289.4598058,0.36182475725,0.027098122063492065,182,0,0.0,0.0,0.0,0.0,0.0,0.20083299,2.33500005
289.4598058,0.3859464077333334,0.0274637510989011,364,0,0.0,0.0,0.0,0.0,0.0,0.22103301,2.81500005
290.00022084,0.3222224676,0.02706077904761905,178,1,0.0,0.0,0.0,0.0,0.0,0.177508,2.56499995
290.00022084,0.2974361239384615,0.02706077904761905,178,1,0.0,0.0,0.0,0.0,0.0,0.170303,0.785000025
312.52877282000003,0.34725419202222224,0.02606301071428571,32,1,0.0,0.0,0.0,0.0,0.0,0.160833,3.20000005
312.52877282000003,0.32897765560000003,0.02606301071428571,32,1,0.0,0.0,0.0,0.0,0.0,0.148957,0.630000025
312.52877282000003,0.34725419202222224,0.02606301071428571,32,0,0.0,0.0,0.0,0.0,0.0,0.164481,0.875
313.81225854,0.34868028726666667,0.02615897,31,1,0.0,0.0,0.0,0.0,0.0,0.156462,3.42499995
313.81225854,0.3392564957189189,0.02615897,31,1,0.0,0.0,0.0,0.0,0.0,0.143851,1.655
313.81225854,0.3303286932,0.02615897,31,1,0.0,0.0,0.0,0.0,0.0,0.136902,0.599999995
313.81225854,0.34868028726666667,0.02615897,31,0,0.0,0.0,0.0,0.0,0.0,0.15808,0.69000003
313.81225854,0.3392564957189189,0.02615897,31,0,0.0,0.0,0.0,0.0,0.0,0.143777,1.505
317.49383600000004,0.31749383600000003,0.025278872857142858,30,1,0.0,0.0,0.0,0.0,0.0,0.141495,0.09
317.49383600000004,0.3432365794594595,0.025278872857142858,30,1,0.0,0.0,0.0,0.0,0.0,0.15577,2.40499995
317.49383600000004,0.3342040378947369,0.025278872857142858,30,1,0.0,0.0,0.0,0.0,0.0,0.14580201,1.024999955
317.49383600000004,0.36285009828571435,0.025278872857142858,30,0,0.0,0.0,0.0,0.0,0.0,0.193763,0.265
317.49383600000004,0.35277092888888895,0.025278872857142858,30,0,0.0,0.0,0.0,0.0,0.0,0.171872,0.53
317.49383600000004,0.3432365794594595,0.025278872857142858,30,0,0.0,0.0,0.0,0.0,0.0,0.152797,1.105
317.49383600000004,0.3342040378947369,0.025278872857142858,30,0,0.0,0.0,0.0,0.0,0.0,0.140829,2.27999995
314.89308862,0.3404249606702703,0.025169501666666667,29,1,0.0,0.0,0.0,0.0,0.0,0.168658,2.01999995
314.89308862,0.33146640907368424,0.025169501666666667,29,1,0.0,0.0,0.0,0.0,0.0,0.15601601,0.81999999
314.89308862,0.3498812095777778,0.025169501666666667,29,0,0.0,0.0,0.0,0.0,0.0,0.165609,0.6299999949999999
318.77732172000003,0.3643169391085715,0.025124050000000002,28,1,0.0,0.0,0.0,0.0,0.0,0.166152,6.92499995
318.77732172000003,0.35419702413333337,0.025124050000000002,28,1,0.0,0.0,0.0,0.0,0.0,0.16385099,4.57500005
318.77732172000003,0.3446241315891892,0.025124050000000002,28,1,0.0,0.0,0.0,0.0,0.0,0.147144,2.46500005
318.77732172000003,0.3355550754947369,0.025124050000000002,28,1,0.0,0.0,0.0,0.0,0.0,0.14000501,1.020000065
318.77732172000003,0.35419702413333337,0.025124050000000002,28,0,0.0,0.0,0.0,0.0,0.0,0.169045,0.420000005
318.77732172000003,0.3446241315891892,0.025124050000000002,28,0,0.0,0.0,0.0,0.0,0.0,0.149459,0.924999985
322.64639626,0.3488069148756757,0.02518983107142857,31,1,0.0,0.0,0.0,0.0,0.0,0.165233,3.4750000500000002
322.64639626,0.33962778553684214,0.02518983107142857,31,1,0.0,0.0,0.0,0.0,0.0,0.147816,1.745
322.64639626,0.3309193807794872,0.02518983107142857,31,1,0.0,0.0,0.0,0.0,0.0,0.13847101,0.66999999
322.64639626,0.43019519501333336,0.02518983107142857,31,0,0.0,0.0,0.0,0.0,0.0,0.324972,0.0149999995
322.64639626,0.3795839956,0.02518983107142857,31,0,0.0,0.0,0.0,0.0,0.0,0.229258,0.11
322.64639626,0.36873873858285716,0.02518983107142857,31,0,0.0,0.0,0.0,0.0,0.0,0.20284601,0.185
322.64639626,0.3488069148756757,0.02518983107142857,31,0,0.0,0.0,0.0,0.0,0.0,0.155561,0.675000015
322.64639626,0.33962778553684214,0.02518983107142857,31,0,0.0,0.0,0.0,0.0,0.0,0.140487,1.45499995
319.89599023,0.33673262129473686,0.025149631785714287,30,1,0.0,0.0,0.0,0.0,0.0,0.15171801,1.3599999999999999
319.89599023,0.3280984515179487,0.025149631785714287,30,1,0.0,0.0,0.0,0.0,0.0,0.145126,0.500000015
319.89599023,0.42652798697333333,0.025149631785714287,30,0,0.0,0.0,0.0,0.0,0.0,0.28534999,0.0049999999
319.89599023,0.3763482238,0.025149631785714287,30,0,0.0,0.0,0.0,0.0,0.0,0.22821499,0.135
319.89599023,0.3554399891444444,0.025149631785714287,30,0,0.0,0.0,0.0,0.0,0.0,0.18336999,0.480000005
319.89599023,0.33673262129473686,0.025149631785714287,30,0,0.0,0.0,0.0,0.0,0.0,0.15059599,1.95999995
315.92318152,0.37167433120000004,0.025156055714285714,29,1,0.0,0.0,0.0,0.0,0.0,0.246875,8.4750004
315.92318152,0.3325507173894737,0.025156055714285714,29,1,0.0,0.0,0.0,0.0,0.0,0.15064099,0.859999985
315.92318152,0.3949039769,0.025156055714285714,29,0,0.0,0.0,0.0,0.0,0.0,0.25783801,0.0399999999
315.92318152,0.35102575724444446,0.025156055714285714,29,0,0.0,0.0,0.0,0.0,0.0,0.168375,0.58000001
315.92318152,0.34153857461621623,0.025156055714285714,29,0,0.0,0.0,0.0,0.0,0.0,0.146364,1.2
315.92318152,0.3325507173894737,0.025156055714285714,29,0,0.0,0.0,0.0,0.0,0.0,0.133597,2.5
321.18630417,0.32118630417000005,0.025069638571428573,28,1,0.0,0.0,0.0,0.0,0.0,0.14052799,0.14500000000000002
321.18630417,0.33809084649473686,0.025069638571428573,28,1,0.0,0.0,0.0,0.0,0.0,0.15254501,1.4849999999999999
321.18630417,0.32942185043076927,0.025069638571428573,28,1,0.0,0.0,0.0,0.0,0.0,0.14325599,0.53
321.18630417,0.42824840556000004,0.025069638571428573,28,0,0.0,0.0,0.0,0.0,0.0,0.33598101,0.0149999995
321.18630417,0.37786624020000004,0.025069638571428573,28,0,0.0,0.0,0.0,0.0,0.0,0.226676,0.095
321.18630417,0.35687367130000003,0.025069638571428573,28,0,0.0,0.0,0.0,0.0,0.0,0.175989,0.33499999
321.18630417,0.34722843694054056,0.025069638571428573,28,0,0.0,0.0,0.0,0.0,0.0,0.154973,0.72
321.18630417,0.33809084649473686,0.025069638571428573,28,0,0.0,0.0,0.0,0.0,0.0,0.139393,1.5899999999999999
327.33227320000003,0.3273322732,0.025091028,32,1,0.0,0.0,0.0,0.0,0.0,0.199138,1.000000015
327.33227320000003,0.33572540841025644,0.025091028,32,1,0.0,0.0,0.0,0.0,0.0,0.20336699,1.9100000000000001
327.33227320000003,0.3538727277837838,0.025091028,32,0,0.0,0.0,0.0,0.0,0.0,0.227147,0.994999995
327.33227320000003,0.3273322732,0.025817051587301586,186,1,0.0,0.0,0.0,0.0,0.0,0.174345,3.35
327.33227320000003,0.3273322732,0.025817051587301586,186,0,0.0,0.0,0.0,0.0,0.0,0.173868,6.7750001
327.33227320000003,0.3445602875789474,0.025817051587301586,186,0,0.0,0.0,0.0,0.0,0.0,0.18546399,4.29999995
333.41033097,0.33341033097,0.025123022857142855,31,1,0.0,0.0,0.0,0.0,0.0,0.197237,1.56
333.41033097,0.3031003008818182,0.025123022857142855,31,1,0.0,0.0,0.0,0.0,0.0,0.177634,0.0299999995
333.41033097,0.36044360104864864,0.025123022857142855,31,0,0.0,0.0,0.0,0.0,0.0,0.23109201,0.625
333.41033097,0.34195931381538464,0.025123022857142855,31,0,0.0,0.0,0.0,0.0,0.0,0.203776,1.905
330.82970309,0.33082970309,0.025165425714285716,30,1,0.0,0.0,0.0,0.0,0.0,0.20695101,1.3399999999999999
330.82970309,0.3150759077047619,0.025165425714285716,30,1,0.0,0.0,0.0,0.0,0.0,0.19773801,0.269999995
330.82970309,0.3482417927263158,0.025165425714285716,30,1,0.0,0.0,0.0,0.0,0.0,0.22451399,4.0000001
330.82970309,0.3393125159897436,0.025165425714285716,30,1,0.0,0.0,0.0,0.0,0.0,0.21048,2.40999995
330.82970309,0.35765373307027026,0.025165425714285716,30,0,0.0,0.0,0.0,0.0,0.0,0.23957901,0.8050000049999999
330.82970309,0.3482417927263158,0.025165425714285716,30,0,0.0,0.0,0.0,0.0,0.0,0.218041,1.315
330.82970309,0.3393125159897436,0.025165425714285716,30,0,0.0,0.0,0.0,0.0,0.0,0.208535,2.26999995
330.82970309,0.33082970309,0.02590292,93,1,0.0,0.0,0.0,0.0,0.0,0.17237601,2.335
330.82970309,0.3150759077047619,0.02590292,93,1,0.0,0.0,0.0,0.0,0.0,0.164241,0.860000015
330.82970309,0.3393125159897436,0.02590292,93,1,0.0,0.0,0.0,0.0,0.0,0.17748401,3.5
330.82970309,0.35765373307027026,0.02590292,93,0,0.0,0.0,0.0,0.0,0.0,0.189978,1.655
330.82970309,0.3393125159897436,0.02590292,93,0,0.0,0.0,0.0,0.0,0.0,0.177201,3.4750000500000002
328.41885336,0.31277986034285715,0.025075171714285718,29,1,0.0,0.0,0.0,0.0,0.0,0.195464,0.18
328.41885336,0.3368398496,0.025075171714285718,29,1,0.0,0.0,0.0,0.0,0.0,0.20865899,1.9950000499999998
328.41885336,0.3550474090378379,0.025075171714285718,29,0,0.0,0.0,0.0,0.0,0.0,0.230534,0.85499999
328.41885336,0.3457040561684211,0.025075171714285718,29,0,0.0,0.0,0.0,0.0,0.0,0.21337099,1.47500005
328.41885336,0.3368398496,0.025075171714285718,29,0,0.0,0.0,0.0,0.0,0.0,0.20114,2.5149999999999997
328.41885336,0.31277986034285715,0.02584931742857143,92,1,0.0,0.0,0.0,0.0,0.0,0.158962,0.650000005
328.41885336,0.3457040561684211,0.02584931742857143,92,1,0.0,0.0,0.0,0.0,0.0,0.18342499,4.5
327.36622883,0.33576023469743593,0.02551482,177,0,0.0,0.0,0.0,0.0,0.0,0.17733499,5.27499985
325.53262481,0.3426659208526316,0.025078934285714286,92,0,0.0,0.0,0.0,0.0,0.0,0.18759701,3.15
325.77031422,0.3429161202315789,0.024686470714285712,32,1,0.0,0.0,0.0,0.0,0.0,0.17806,2.3399999
325.77031422,0.3341233992,0.024686470714285712,32,1,0.0,0.0,0.0,0.0,0.0,0.16248199,1.07
325.77031422,0.3521841234810811,0.024686470714285712,32,0,0.0,0.0,0.0,0.0,0.0,0.181557,0.825000015
325.77031422,0.3341233992,0.024686470714285712,32,0,0.0,0.0,0.0,0.0,0.0,0.149113,2.80999995
329.06401033,0.3375015490564102,0.024617229285714286,31,1,0.0,0.0,0.0,0.0,0.0,0.14894401,1.27
329.06401033,0.346383168768421,0.024617229285714286,31,0,0.0,0.0,0.0,0.0,0.0,0.16133299,1.115
329.67521167,0.32967521167,0.024666475,30,1,0.0,0.0,0.0,0.0,0.0,0.136593,0.43499999
329.67521167,0.3470265386,0.024666475,30,1,0.0,0.0,0.0,0.0,0.0,0.160878,2.82999995
329.67521167,0.33812842222564105,0.024666475,30,1,0.0,0.0,0.0,0.0,0.0,0.146734,1.2999999500000001
329.67521167,0.35640563423783783,0.024666475,30,0,0.0,0.0,0.0,0.0,0.0,0.174904,0.47500001000000003
329.67521167,0.3470265386,0.024666475,30,0,0.0,0.0,0.0,0.0,0.0,0.15612601,0.97
329.67521167,0.33812842222564105,0.024666475,30,0,0.0,0.0,0.0,0.0,0.0,0.138699,1.94
325.90613674,0.3430590913052632,0.024588447142857142,29,1,0.0,0.0,0.0,0.0,0.0,0.168396,2.1650001
325.90613674,0.33426270434871796,0.024588447142857142,29,1,0.0,0.0,0.0,0.0,0.0,0.156826,0.94
325.90613674,0.33426270434871796,0.024588447142857142,29,0,0.0,0.0,0.0,0.0,0.0,0.154221,2.77
327.23040631000003,0.35376260141621624,0.024569855,28,0,0.0,0.0,0.0,0.0,0.0,0.175226,0.575000015
345.69588432,0.34569588432,0.024183721714285712,32,1,0.0,0.0,0.0,0.0,0.0,0.19659699,2.76
345.69588432,0.34569588432,0.024183721714285712,32,0,0.0,0.0,0.0,0.0,0.0,0.14598399,1.4
345.69588432,0.32923417554285717,0.024183721714285712,32,0,0.0,0.0,0.0,0.0,0.0,-99.989998,4.22500015
347.70971303000005,0.34770971303000003,0.024100272,31,1,0.0,0.0,0.0,0.0,0.0,0.171868,3.17499995
347.70971303000005,0.34770971303000003,0.024100272,31,0,0.0,0.0,0.0,0.0,0.0,0.16753,1.125
350.74752244,0.35074752244,0.024072708285714284,30,1,0.0,0.0,0.0,0.0,0.0,0.191218,3.8999999499999998
350.74752244,0.3340452594666667,0.024072708285714284,30,1,0.0,0.0,0.0,0.0,0.0,0.151977,0.91999999
350.74752244,0.35974104865641027,0.024072708285714284,30,1,0.0,0.0,0.0,0.0,0.0,0.21836799,6.0
350.74752244,0.35074752244,0.024072708285714284,30,0,0.0,0.0,0.0,0.0,0.0,0.163527,0.81
350.74752244,0.3340452594666667,0.024072708285714284,30,0,0.0,0.0,0.0,0.0,0.0,0.129398,2.87000005
353.44400495,0.33661333804761906,0.024254533428571427,29,1,0.0,0.0,0.0,0.0,0.0,0.14927401,1.1949999999999998
353.44400495,0.36250667174358975,0.024254533428571427,29,1,0.0,0.0,0.0,0.0,0.0,0.21189401,6.70000005
353.44400495,0.35344400495,0.024254533428571427,29,0,0.0,0.0,0.0,0.0,0.0,0.172664,0.64500001
353.44400495,0.33661333804761906,0.024254533428571427,29,0,0.0,0.0,0.0,0.0,0.0,0.13838901,2.34500005
353.44400495,0.36250667174358975,0.024254533428571427,29,0,0.0,0.0,0.0,0.0,0.0,0.194552,0.35499999000000004
345.45695549,0.34545695549,0.024234474571428567,28,1,0.0,0.0,0.0,0.0,0.0,0.18271901,2.635
345.45695549,0.3290066242761905,0.024234474571428567,28,1,0.0,0.0,0.0,0.0,0.0,0.15164299,0.43499999
345.45695549,0.38384106165555554,0.024234474571428567,28,1,0.0,0.0,0.0,0.0,0.0,0.32005599,11.5
345.45695549,0.3543148261435897,0.024234474571428567,28,1,0.0,0.0,0.0,0.0,0.0,0.207159,4.52499985
345.45695549,0.34545695549,0.024234474571428567,28,0,0.0,0.0,0.0,0.0,0.0,0.156075,1.23500005
345.45695549,0.3290066242761905,0.024234474571428567,28,0,0.0,0.0,0.0,0.0,0.0,0.110057,4.04999995
345.45695549,0.3543148261435897,0.024234474571428567,28,0,0.0,0.0,0.0,0.0,0.0,0.17668,0.64500001
356.31115091000004,0.33934395324761907,0.023436736666666666,32,1,0.0,0.0,0.0,0.0,0.0,0.191039,2.115
356.31115091000004,0.3239192281,0.023436736666666666,32,1,0.0,0.0,0.0,0.0,0.0,0.17043599,0.435000005
356.31115091000004,0.35631115091000004,0.023436736666666666,32,0,0.0,0.0,0.0,0.0,0.0,0.22084101,0.9999999900000001
356.31115091000004,0.3654473342666667,0.023436736666666666,32,0,0.0,0.0,0.0,0.0,0.0,0.241879,0.639999985
356.31115091000004,0.4072127438971429,0.02125049634920635,186,0,0.0,0.0,0.0,0.0,0.0,0.227456,1.095000005
357.88125465,0.34083929014285713,0.02330023,31,1,0.0,0.0,0.0,0.0,0.0,0.193175,2.365
357.88125465,0.35788125465000004,0.02330023,31,0,0.0,0.0,0.0,0.0,0.0,0.225444,0.889999985
357.88125465,0.35788125465000004,0.021340871428571426,185,1,0.0,0.0,0.0,0.0,0.0,0.199358,8.5499997
357.88125465,0.34083929014285713,0.021340871428571426,185,1,0.0,0.0,0.0,0.0,0.0,0.181877,5.35000015
357.88125465,0.3670576970769231,0.021340871428571426,185,1,0.0,0.0,0.0,0.0,0.0,0.206515,10.3249999
351.36191086,0.33463039129523814,0.023306180833333336,30,1,0.0,0.0,0.0,0.0,0.0,0.199472,1.5550000000000002
351.36191086,0.35136191086,0.023306180833333336,30,0,0.0,0.0,0.0,0.0,0.0,0.222918,1.32
351.36191086,0.3904021231777778,0.023306180833333336,30,0,0.0,0.0,0.0,0.0,0.0,0.300087,0.2
351.36191086,0.37985071444324325,0.023306180833333336,30,0,0.0,0.0,0.0,0.0,0.0,0.279681,0.314999995
351.36191086,0.36985464301052634,0.023306180833333336,30,0,0.0,0.0,0.0,0.0,0.0,0.257745,0.49000001000000004
351.36191086,0.36037119062564105,0.023306180833333336,30,0,0.0,0.0,0.0,0.0,0.0,0.238676,0.794999985
351.36191086,0.33463039129523814,0.022198145142857145,93,1,0.0,0.0,0.0,0.0,0.0,0.17560101,2.76
351.36191086,0.33463039129523814,0.021398217936507934,184,1,0.0,0.0,0.0,0.0,0.0,0.18497799,4.4250002
351.36191086,0.36037119062564105,0.021398217936507934,184,1,0.0,0.0,0.0,0.0,0.0,0.211983,9.0499997
352.24936080000003,0.33547558171428576,0.023098538333333335,29,1,0.0,0.0,0.0,0.0,0.0,0.197671,1.59499995
352.24936080000003,0.3522493608,0.023098538333333335,29,0,0.0,0.0,0.0,0.0,0.0,0.224172,1.22
352.24936080000003,0.3808101197837838,0.023098538333333335,29,0,0.0,0.0,0.0,0.0,0.0,0.27953801,0.275000005
352.24936080000003,0.33547558171428576,0.021788534857142855,92,1,0.0,0.0,0.0,0.0,0.0,0.17517,2.82499995
352.24936080000003,0.3612813956923077,0.021788534857142855,92,1,0.0,0.0,0.0,0.0,0.0,0.199168,7.5
346.13960929,0.34613960929,0.02304234625,28,1,0.0,0.0,0.0,0.0,0.0,0.222767,3.3500000500000002
346.13960929,0.329656770752381,0.02304234625,28,1,0.0,0.0,0.0,0.0,0.0,0.200607,0.974999995
346.13960929,0.3146723720818182,0.02304234625,28,1,0.0,0.0,0.0,0.0,0.0,0.18906499,0.15500000000000003
346.13960929,0.34613960929,0.02304234625,28,0,0.0,0.0,0.0,0.0,0.0,0.218509,1.725
346.13960929,0.329656770752381,0.02304234625,28,0,0.0,0.0,0.0,0.0,0.0,0.194262,4.35000015
346.13960929,0.3643574834631579,0.02304234625,28,0,0.0,0.0,0.0,0.0,0.0,0.249715,0.5999999899999999
346.13960929,0.3550149838871795,0.02304234625,28,0,0.0,0.0,0.0,0.0,0.0,0.230028,0.9950000050000001
346.13960929,0.34613960929,0.02210302885714286,91,1,0.0,0.0,0.0,0.0,0.0,0.18866099,4.54999995
346.13960929,0.329656770752381,0.02210302885714286,91,1,0.0,0.0,0.0,0.0,0.0,0.176368,2.12
346.13960929,0.3009909646,0.02210302885714286,91,1,0.0,0.0,0.0,0.0,0.0,0.163821,0.24
346.13960929,0.34613960929,0.02210302885714286,91,0,0.0,0.0,0.0,0.0,0.0,0.186767,3.07500005
346.13960929,0.34613960929,0.021330410952380953,182,1,0.0,0.0,0.0,0.0,0.0,0.19572601,6.29999995
346.13960929,0.329656770752381,0.021330410952380953,182,1,0.0,0.0,0.0,0.0,0.0,0.18660299,3.825
346.13960929,0.3146723720818182,0.021330410952380953,182,1,0.0,0.0,0.0,0.0,0.0,0.177241,2.06
354.94584331,0.3380436602952381,0.021893177857142856,32,1,0.0,0.0,0.0,0.0,0.0,0.169081,1.495
354.94584331,0.32267803937272727,0.021893177857142856,32,1,0.0,0.0,0.0,0.0,0.0,0.15703601,0.23999999500000002
354.94584331,0.35494584331,0.021893177857142856,32,0,0.0,0.0,0.0,0.0,0.0,0.195972,0.96000001
352.31762618,0.35231762618,0.021896630714285714,31,0,0.0,0.0,0.0,0.0,0.0,0.194585,1.13
352.31762618,0.3708606591368421,0.021896630714285714,31,0,0.0,0.0,0.0,0.0,0.0,0.233142,0.394999995
354.60451641000003,0.35460451641,0.021872089285714286,30,1,0.0,0.0,0.0,0.0,0.0,0.183323,4.39999985
354.60451641000003,0.33771858705714286,0.021872089285714286,30,1,0.0,0.0,0.0,0.0,0.0,0.165529,1.315
354.60451641000003,0.32236774219090913,0.021872089285714286,30,1,0.0,0.0,0.0,0.0,0.0,0.15700901,0.195
354.60451641000003,0.35460451641,0.021872089285714286,30,0,0.0,0.0,0.0,0.0,0.0,0.18976,0.88500002
356.68661050000003,0.33970153380952384,0.021673920714285713,29,1,0.0,0.0,0.0,0.0,0.0,0.17564,1.68
356.68661050000003,0.35668661050000006,0.021673920714285713,29,0,0.0,0.0,0.0,0.0,0.0,0.19857401,0.775000005
356.68661050000003,0.36583242102564106,0.021673920714285713,29,0,0.0,0.0,0.0,0.0,0.0,0.21895801,0.450000005
348.08517262000004,0.33150968820952387,0.021619380714285718,28,1,0.0,0.0,0.0,0.0,0.0,0.203335,0.8799999949999999
348.08517262000004,0.34808517262000005,0.021619380714285718,28,0,0.0,0.0,0.0,0.0,0.0,0.208096,1.795
348.08517262000004,0.33150968820952387,0.021619380714285718,28,0,0.0,0.0,0.0,0.0,0.0,0.192002,4.64999985
348.08517262000004,0.3570104334564103,0.021619380714285718,28,0,0.0,0.0,0.0,0.0,0.0,0.227773,1.095
370.2304221,0.336573111,0.020832510857142855,31,1,0.0,0.0,0.0,0.0,0.0,0.164906,1.22000005
370.2304221,0.3897162337894737,0.020832510857142855,31,1,0.0,0.0,0.0,0.0,0.0,0.28977999,13.175
370.2304221,0.352600402,0.020832510857142855,31,0,0.0,0.0,0.0,0.0,0.0,0.187838,1.1400000000000001
370.40192035,0.3527637336666667,0.020677971714285714,30,1,0.0,0.0,0.0,0.0,0.0,0.20524199,4.20000005
370.40192035,0.33672901850000003,0.020677971714285714,30,1,0.0,0.0,0.0,0.0,0.0,0.171904,1.245
370.40192035,0.32208862639130437,0.020677971714285714,30,1,0.0,0.0,0.0,0.0,0.0,0.150185,0.145000005
370.40192035,0.3527637336666667,0.020677971714285714,30,0,0.0,0.0,0.0,0.0,0.0,0.186432,1.11500005
371.6710074,0.353972388,0.02061820085714286,29,1,0.0,0.0,0.0,0.0,0.0,0.202292,4.45000005
371.6710074,0.337882734,0.02061820085714286,29,1,0.0,0.0,0.0,0.0,0.0,0.161401,1.26
371.6710074,0.3231921803478261,0.02061820085714286,29,1,0.0,0.0,0.0,0.0,0.0,0.146972,0.155000005
371.6710074,0.37167100740000003,0.02061820085714286,29,0,0.0,0.0,0.0,0.0,0.0,0.223241,0.314999995
371.6710074,0.353972388,0.02061820085714286,29,0,0.0,0.0,0.0,0.0,0.0,0.186462,0.94999999
371.6710074,0.337882734,0.02061820085714286,29,0,0.0,0.0,0.0,0.0,0.0,0.15530901,2.8449999999999998
370.16182280000004,0.3525350693333334,0.020493254000000002,28,0,0.0,0.0,0.0,0.0,0.0,0.185507,0.980000005
370.16182280000004,0.336510748,0.020493254000000002,28,0,0.0,0.0,0.0,0.0,0.0,0.151508,2.9549999
371.22511195000004,0.33747737450000004,0.019179198333333335,32,1,0.0,0.0,0.0,0.0,0.0,0.206009,1.935
371.22511195000004,0.3535477256666667,0.019179198333333335,32,0,0.0,0.0,0.0,0.0,0.0,0.23277999,1.54
370.67631754999996,0.33697847049999996,0.01913812,31,1,0.0,0.0,0.0,0.0,0.0,0.200578,1.76
370.67631754999996,0.3223272326521739,0.01913812,31,1,0.0,0.0,0.0,0.0,0.0,0.185166,0.394999995
368.68693785,0.3351699435,0.019009749583333332,30,1,0.0,0.0,0.0,0.0,0.0,0.205245,1.55000005
368.68693785,0.3205973372608696,0.019009749583333332,30,1,0.0,0.0,0.0,0.0,0.0,0.193754,0.355
368.68693785,0.36868693785,0.019009749583333332,30,0,0.0,0.0,0.0,0.0,0.0,0.255566,0.625
368.68693785,0.3351699435,0.019009749583333332,30,0,0.0,0.0,0.0,0.0,0.0,0.20245101,3.875
368.68693785,0.3351699435,0.019171105142857144,93,1,0.0,0.0,0.0,0.0,0.0,0.182311,2.86
368.68693785,0.670339887,0.019171105142857144,93,0,0.0,0.0,0.0,0.0,0.0,0.53713,0.045000002
368.68693785,0.351130417,0.018275633333333333,184,1,0.0,0.0,0.0,0.0,0.0,0.200508,7.29999995
369.5444291,0.335949481,0.0187116175,29,1,0.0,0.0,0.0,0.0,0.0,0.199956,1.525
369.5444291,0.32134298182608695,0.0187116175,29,1,0.0,0.0,0.0,0.0,0.0,0.188924,0.329999995
369.5444291,0.35194707533333336,0.0187116175,29,0,0.0,0.0,0.0,0.0,0.0,0.223992,1.49
369.5444291,0.335949481,0.0187116175,29,0,0.0,0.0,0.0,0.0,0.0,0.200186,3.675
369.5444291,0.35194707533333336,0.019139668571428573,92,1,0.0,0.0,0.0,0.0,0.0,0.188058,5.5
369.5444291,0.335949481,0.019139668571428573,92,1,0.0,0.0,0.0,0.0,0.0,0.17634,2.79999995
369.5444291,0.32134298182608695,0.019139668571428573,92,1,0.0,0.0,0.0,0.0,0.0,0.164804,1.12000005
369.5444291,0.527920613,0.019139668571428573,92,1,0.0,0.0,0.0,0.0,0.0,-99.989998,37.7749995
369.5444291,0.3695444291,0.019139668571428573,92,0,0.0,0.0,0.0,0.0,0.0,0.208443,1.525
369.5444291,0.671898962,0.019139668571428573,92,0,0.0,0.0,0.0,0.0,0.0,0.54134101,0.045000002
371.84250565,0.3541357196666667,0.018741091249999998,28,1,0.0,0.0,0.0,0.0,0.0,0.231465,4.82500005
371.84250565,0.3380386415,0.018741091249999998,28,1,0.0,0.0,0.0,0.0,0.0,0.20368201,1.78
371.84250565,0.3541357196666667,0.018741091249999998,28,0,0.0,0.0,0.0,0.0,0.0,0.227768,1.28999995
371.84250565,0.3380386415,0.018741091249999998,28,0,0.0,0.0,0.0,0.0,0.0,0.20308299,3.2749999499999998
371.84250565,0.3541357196666667,0.018927122,91,0,0.0,0.0,0.0,0.0,0.0,0.195057,2.6700001
371.84250565,0.41315833961111115,0.018927122,91,0,0.0,0.0,0.0,0.0,0.0,0.260611,0.44
371.84250565,0.3380386415,0.018042584761904762,182,1,0.0,0.0,0.0,0.0,0.0,0.188805,4.95000005
371.84250565,0.32334130926086957,0.018042584761904762,182,1,0.0,0.0,0.0,0.0,0.0,0.18164399,2.93999995
382.47539715000005,0.33258730186956525,0.017519517857142855,32,1,0.0,0.0,0.0,0.0,0.0,0.138304,0.489999995
382.47539715000005,0.364262283,0.017519517857142855,32,0,0.0,0.0,0.0,0.0,0.0,0.180664,0.450000005
382.47539715000005,0.3477049065,0.017519517857142855,32,0,0.0,0.0,0.0,0.0,0.0,0.151724,1.53
380.82901395000005,0.34620819450000007,0.017442666428571427,31,1,0.0,0.0,0.0,0.0,0.0,0.15107,2.26999995
380.82901395000005,0.33115566430434784,0.017442666428571427,31,1,0.0,0.0,0.0,0.0,0.0,0.134261,0.37000000499999997
380.82901395000005,0.36269429900000005,0.017442666428571427,31,0,0.0,0.0,0.0,0.0,0.0,0.17821901,0.46499999000000003
378.66813600000006,0.34424376000000007,0.01733480142857143,30,1,0.0,0.0,0.0,0.0,0.0,0.15574101,1.9549999500000002
378.66813600000006,0.34424376000000007,0.01733480142857143,30,0,0.0,0.0,0.0,0.0,0.0,0.147668,1.87
377.982143,0.35998299333333333,0.017219765,29,0,0.0,0.0,0.0,0.0,0.0,0.17567401,0.56
377.982143,0.34362013,0.017219765,29,0,0.0,0.0,0.0,0.0,0.0,0.14578199,1.9849999999999999
377.43334860000004,0.34312122600000006,0.017142075714285714,28,1,0.0,0.0,0.0,0.0,0.0,0.14002199,1.5350000499999998
377.43334860000004,0.35946033200000005,0.017142075714285714,28,0,0.0,0.0,0.0,0.0,0.0,0.17225499,0.504999995
377.43334860000004,0.34312122600000006,0.017142075714285714,28,0,0.0,0.0,0.0,0.0,0.0,0.14123601,1.89499995
377.67093588,0.37767093588,0.017632764285714288,32,1,0.0,0.0,0.0,0.0,0.0,0.216841,9.950000200000002
377.67093588,0.3596866056,0.017632764285714288,32,1,0.0,0.0,0.0,0.0,0.0,0.17566,5.3499999
377.67093588,0.3433372144363636,0.017632764285714288,32,1,0.0,0.0,0.0,0.0,0.0,0.142003,1.7149999999999999
377.67093588,0.32840950946086955,0.017632764285714288,32,1,0.0,0.0,0.0,0.0,0.0,0.133155,0.255
377.67093588,0.37767093588,0.017632764285714288,32,0,0.0,0.0,0.0,0.0,0.0,0.218778,0.229999995
377.67093588,0.3433372144363636,0.017632764285714288,32,0,0.0,0.0,0.0,0.0,0.0,0.138956,1.94
378.46334889999997,0.36044128466666664,0.01774145914285714,31,1,0.0,0.0,0.0,0.0,0.0,0.180292,5.47500015
378.46334889999997,0.3440575899090909,0.01774145914285714,31,1,0.0,0.0,0.0,0.0,0.0,0.14613201,1.8050000000000002
378.46334889999997,0.32909856426086953,0.01774145914285714,31,1,0.0,0.0,0.0,0.0,0.0,0.13274699,0.255
378.46334889999997,0.36044128466666664,0.01774145914285714,31,0,0.0,0.0,0.0,0.0,0.0,0.17509601,0.55999997
378.46334889999997,0.3440575899090909,0.01774145914285714,31,0,0.0,0.0,0.0,0.0,0.0,0.141969,1.875
378.46334889999997,0.32909856426086953,0.01774145914285714,31,0,0.0,0.0,0.0,0.0,0.0,0.139773,5.42499995
377.7742941,0.34343117645454546,0.017683376,30,1,0.0,0.0,0.0,0.0,0.0,0.14608499,1.74
377.7742941,0.32849938617391305,0.017683376,30,1,0.0,0.0,0.0,0.0,0.0,0.130611,0.219999995
383.14892153999995,0.36490373479999993,0.017771619714285713,29,1,0.0,0.0,0.0,0.0,0.0,0.185626,6.54999995
383.14892153999995,0.34831720139999994,0.017771619714285713,29,1,0.0,0.0,0.0,0.0,0.0,0.150941,2.505
383.14892153999995,0.34831720139999994,0.017771619714285713,29,0,0.0,0.0,0.0,0.0,0.0,0.141047,1.24
384.42367292,0.3494760662909091,0.01764557085714286,28,1,0.0,0.0,0.0,0.0,0.0,0.151103,2.84000005
384.42367292,0.3342814547130435,0.01764557085714286,28,1,0.0,0.0,0.0,0.0,0.0,0.125072,0.44500001
384.42367292,0.3494760662909091,0.01764557085714286,28,0,0.0,0.0,0.0,0.0,0.0,0.143526,1.03
384.42367292,0.4271374143555556,0.01764557085714286,28,0,0.0,0.0,0.0,0.0,0.0,0.34621099,0.0399999995
