S0,m,r,T,corp,alpha,beta,omega,gamma,lambda,sigma,V
368.2474321000001,0.4603092901250001,0.0023437435714285717,32,1,0.0,0.0,0.0,0.0,0.0,0.192095,0.75
368.2474321000001,0.5260677601428573,0.0023437435714285717,32,0,0.0,0.0,0.0,0.0,0.0,0.256284,0.25000000499999997
368.2474321000001,0.4909965761333334,0.0023437435714285717,32,0,0.0,0.0,0.0,0.0,0.0,0.215381,0.999999995
365.86518710000007,0.48782024946666674,0.0023350282142857144,31,1,0.0,0.0,0.0,0.0,0.0,0.20809799,2.875
365.86518710000007,0.4573314838750001,0.0023350282142857144,31,1,0.0,0.0,0.0,0.0,0.0,0.18535499,0.55000001
365.86518710000007,0.5226645530000001,0.0023350282142857144,31,0,0.0,0.0,0.0,0.0,0.0,0.25453299,0.274999995
365.86518710000007,0.48782024946666674,0.0023350282142857144,31,0,0.0,0.0,0.0,0.0,0.0,0.20817401,1.075
362.8159135000001,0.48375455133333345,0.0023289942857142856,30,1,0.0,0.0,0.0,0.0,0.0,0.22420099,2.57500005
362.8159135000001,0.4535198918750001,0.0023289942857142856,30,1,0.0,0.0,0.0,0.0,0.0,0.202255,0.5
357.7179092,0.47695721226666665,0.0023286232142857143,29,1,0.0,0.0,0.0,0.0,0.0,0.23442,2.025
357.7179092,0.4471473865,0.0023286232142857143,29,1,0.0,0.0,0.0,0.0,0.0,0.213163,0.35000001000000003
357.7179092,0.5110255845714285,0.0023286232142857143,29,0,0.0,0.0,0.0,0.0,0.0,0.254383,0.44999999999999996
357.7179092,0.47695721226666665,0.0023286232142857143,29,0,0.0,0.0,0.0,0.0,0.0,0.212871,1.75
366.4369259,0.5234813227142857,0.0023469157142857145,32,1,0.0,0.0,0.0,0.0,0.0,0.21006,6.95000005
366.4369259,0.48858256786666665,0.0023469157142857145,32,1,0.0,0.0,0.0,0.0,0.0,0.208079,2.8000000500000004
368.5809464,0.460726183,0.002342586857142857,31,1,0.0,0.0,0.0,0.0,0.0,0.18889201,0.599999995
368.5809464,0.4914412618666667,0.002342586857142857,31,0,0.0,0.0,0.0,0.0,0.0,0.19388101,0.950000005
371.4396404,0.5306280577142857,0.002336524,30,1,0.0,0.0,0.0,0.0,0.0,0.24241599,8.0
371.4396404,0.4642995505,0.002336524,30,1,0.0,0.0,0.0,0.0,0.0,0.18192001,0.69999999
371.4396404,0.4952528538666666,0.002336524,30,0,0.0,0.0,0.0,0.0,0.0,0.199627,0.775000005
378.18129500000003,0.47272661875000005,0.00371890956043956,187,1,0.0,0.0,0.0,0.0,0.0,0.194905,3.65
378.32490815000006,0.4729061351875001,0.002392358,32,1,0.0,0.0,0.0,0.0,0.0,0.159574,1.02499999
379.3302002,0.47416275025,0.00240692,31,1,0.0,0.0,0.0,0.0,0.0,0.158196,1.1
379.3302002,0.5057736002666666,0.00240692,31,0,0.0,0.0,0.0,0.0,0.0,0.191578,0.375
380.04826595000003,0.447115607,0.003174645714285714,93,1,0.0,0.0,0.0,0.0,0.0,0.164123,0.724999995
380.04826595000003,0.5067310212666667,0.003174645714285714,93,0,0.0,0.0,0.0,0.0,0.0,0.20037299,1.525
378.6600055,0.473325006875,0.0032365457142857147,92,1,0.0,0.0,0.0,0.0,0.0,0.178498,2.3000000500000004
378.6600055,0.5048800073333334,0.0032365457142857147,92,0,0.0,0.0,0.0,0.0,0.0,0.203439,1.65
383.63859470000006,0.5115181262666667,0.0031712331428571426,89,1,0.0,0.0,0.0,0.0,0.0,0.19839901,6.25
383.63859470000006,0.47954824337500007,0.0031712331428571426,89,1,0.0,0.0,0.0,0.0,0.0,0.165904,2.65
383.63859470000006,0.45133952317647064,0.0031712331428571426,89,1,0.0,0.0,0.0,0.0,0.0,0.151113,0.724999995
383.63859470000006,0.5115181262666667,0.0031712331428571426,89,0,0.0,0.0,0.0,0.0,0.0,0.19824301,1.2
383.63859470000006,0.45133952317647064,0.003908071428571428,180,1,0.0,0.0,0.0,0.0,0.0,0.171058,1.825
383.63859470000006,0.4262651052222223,0.003908071428571428,180,1,0.0,0.0,0.0,0.0,0.0,0.16505,0.724999995
383.63859470000006,0.5902132226153847,0.003908071428571428,180,0,0.0,0.0,0.0,0.0,0.0,0.23516101,0.650000005
381.58013955,0.4489178112352941,0.003785888901098901,179,1,0.0,0.0,0.0,0.0,0.0,0.175054,1.75
378.22916605000006,0.4202546289444445,0.003900212637362637,178,1,0.0,0.0,0.0,0.0,0.0,0.17435201,0.67500001
378.22916605000006,0.5403273800714287,0.003900212637362637,178,0,0.0,0.0,0.0,0.0,0.0,0.21275,1.4249999999999998
381.3407843,0.476675980375,0.002666382142857143,32,1,0.0,0.0,0.0,0.0,0.0,0.16900501,1.425
376.0749688,0.470093711,0.0026859660714285715,31,1,0.0,0.0,0.0,0.0,0.0,0.17204601,0.97499999
369.89960335,0.46237450418750004,0.0027089189285714288,30,1,0.0,0.0,0.0,0.0,0.0,0.188802,0.67500001
369.89960335,0.49319947113333334,0.0027089189285714288,30,0,0.0,0.0,0.0,0.0,0.0,0.208956,0.900000005
371.23999275,0.4640499909375,0.0027262621428571425,29,1,0.0,0.0,0.0,0.0,0.0,0.184824,0.69999999
371.23999275,0.494986657,0.0027262621428571425,29,0,0.0,0.0,0.0,0.0,0.0,0.21665899,0.849999995
355.68190150000004,0.4742425353333334,0.0035548931428571427,32,1,0.0,0.0,0.0,0.0,0.0,0.228228,1.575
355.68190150000004,0.44460237687500004,0.0035548931428571427,32,1,0.0,0.0,0.0,0.0,0.0,0.224134,0.29999999499999996
355.68190150000004,0.4742425353333334,0.0035548931428571427,32,0,0.0,0.0,0.0,0.0,0.0,0.228231,2.575
352.95325165,0.47060433553333336,0.0035582237142857145,31,1,0.0,0.0,0.0,0.0,0.0,0.233805,1.325
352.95325165,0.4411915645625,0.0035582237142857145,31,1,0.0,0.0,0.0,0.0,0.0,0.23361699,0.25000000499999997
352.95325165,0.5042189309285715,0.0035582237142857145,31,0,0.0,0.0,0.0,0.0,0.0,0.260133,0.900000005
352.95325165,0.47060433553333336,0.0035582237142857145,31,0,0.0,0.0,0.0,0.0,0.0,0.237764,3.0
342.99607325000005,0.4573280976666667,0.0035607342857142854,30,1,0.0,0.0,0.0,0.0,0.0,0.26039499,0.82499999
342.99607325000005,0.5276862665384616,0.0035607342857142854,30,0,0.0,0.0,0.0,0.0,0.0,0.32810599,0.549999985
342.99607325000005,0.48999439035714293,0.0035607342857142854,30,0,0.0,0.0,0.0,0.0,0.0,0.27416199,1.625
342.99607325000005,0.4573280976666667,0.0035607342857142854,30,0,0.0,0.0,0.0,0.0,0.0,0.24355701,4.39999985
342.23013645,0.4563068486,0.0035865882857142855,29,1,0.0,0.0,0.0,0.0,0.0,0.244798,0.599999995
342.23013645,0.4889001949285714,0.0035865882857142855,29,0,0.0,0.0,0.0,0.0,0.0,0.28529,1.85
342.23013645,0.4563068486,0.0035865882857142855,29,0,0.0,0.0,0.0,0.0,0.0,0.2429,4.70000005
337.80116692,0.4825730956,0.006526845054945055,187,1,0.0,0.0,0.0,0.0,0.0,0.239388,4.70000005
337.80116692,0.45040155589333336,0.006526845054945055,187,1,0.0,0.0,0.0,0.0,0.0,0.22065,2.425
342.22882148,0.4563050953066667,0.003599933333333333,32,1,0.0,0.0,0.0,0.0,0.0,0.190266,0.32500000500000004
342.22882148,0.5265058792,0.003599933333333333,32,0,0.0,0.0,0.0,0.0,0.0,0.24049801,0.275000005
342.22882148,0.48889831640000003,0.003599933333333333,32,0,0.0,0.0,0.0,0.0,0.0,0.198837,1.2999999999999998
342.22882148,0.4563050953066667,0.003599933333333333,32,0,0.0,0.0,0.0,0.0,0.0,0.18842199,4.54999995
342.22882148,0.48889831640000003,0.006611035384615385,186,1,0.0,0.0,0.0,0.0,0.0,0.235034,4.89999985
342.22882148,0.4563050953066667,0.006611035384615385,186,1,0.0,0.0,0.0,0.0,0.0,0.217932,2.5500000500000004
346.7527294,0.46233697253333333,0.0035602079999999996,31,1,0.0,0.0,0.0,0.0,0.0,0.174922,0.400000005
346.7527294,0.49536104200000003,0.0035602079999999996,31,0,0.0,0.0,0.0,0.0,0.0,0.19374201,0.875
346.7527294,0.49536104200000003,0.006606352417582418,185,1,0.0,0.0,0.0,0.0,0.0,0.229831,5.3499999
346.12708256,0.49446726080000003,0.00352246,30,1,0.0,0.0,0.0,0.0,0.0,0.203263,2.6999999499999996
346.12708256,0.49446726080000003,0.00352246,30,0,0.0,0.0,0.0,0.0,0.0,0.184569,0.775000005
346.12708256,0.4615027767466667,0.005460333142857143,93,1,0.0,0.0,0.0,0.0,0.0,0.194747,1.525
346.12708256,0.49446726080000003,0.006588626153846155,184,1,0.0,0.0,0.0,0.0,0.0,0.225593,5.25
346.12708256,0.4326588532,0.006588626153846155,184,1,0.0,0.0,0.0,0.0,0.0,0.194243,1.175
343.23948176,0.45765264234666664,0.005356648857142857,92,1,0.0,0.0,0.0,0.0,0.0,0.194416,1.35
343.23948176,0.5280607411692307,0.005356648857142857,92,0,0.0,0.0,0.0,0.0,0.0,0.240523,1.1
343.23948176,0.5280607411692307,0.006483761318681319,183,1,0.0,0.0,0.0,0.0,0.0,0.25286201,8.5
343.23948176,0.4903421168,0.006483761318681319,183,1,0.0,0.0,0.0,0.0,0.0,0.22114301,4.95000005
344.00950864000004,0.4586793448533334,0.005241407714285714,89,1,0.0,0.0,0.0,0.0,0.0,0.18715601,1.25
344.00950864000004,0.43001188580000005,0.005241407714285714,89,1,0.0,0.0,0.0,0.0,0.0,0.17508399,0.27500001
344.00950864000004,0.49144215520000006,0.005241407714285714,89,0,0.0,0.0,0.0,0.0,0.0,0.20034701,2.25
344.00950864000004,0.4586793448533334,0.006266057802197803,180,1,0.0,0.0,0.0,0.0,0.0,0.19484501,2.35
344.00950864000004,0.43001188580000005,0.006266057802197803,180,1,0.0,0.0,0.0,0.0,0.0,0.181996,0.92500001
344.00950864000004,0.5733491810666668,0.006266057802197803,180,0,0.0,0.0,0.0,0.0,0.0,0.26539201,1.225
344.00950864000004,0.49144215520000006,0.006266057802197803,180,0,0.0,0.0,0.0,0.0,0.0,0.21255,3.75
342.46945488,0.45662593984,0.006426742417582418,179,1,0.0,0.0,0.0,0.0,0.0,0.203227,2.375
342.46945488,0.4280868186,0.006426742417582418,179,1,0.0,0.0,0.0,0.0,0.0,0.19078,0.97499999
334.09541256000006,0.4772791608000001,0.0068775803296703296,177,1,0.0,0.0,0.0,0.0,0.0,0.231994,3.9999998999999997
334.09541256000006,0.39305342654117653,0.0068775803296703296,177,1,0.0,0.0,0.0,0.0,0.0,0.19091199,0.25
327.88707084,0.4684101012,0.0034377507142857146,32,1,0.0,0.0,0.0,0.0,0.0,0.20111001,0.82499999
327.88707084,0.5464784514,0.0034377507142857146,32,0,0.0,0.0,0.0,0.0,0.0,0.29796001,0.20000000499999998
327.88707084,0.5044416474461538,0.0034377507142857146,32,0,0.0,0.0,0.0,0.0,0.0,0.218794,0.625
324.37382320000006,0.46339117600000007,0.0033827467857142856,30,1,0.0,0.0,0.0,0.0,0.0,0.195026,0.57499999
324.37382320000006,0.5406230386666667,0.0033827467857142856,30,0,0.0,0.0,0.0,0.0,0.0,0.273298,0.15000000000000002
324.37382320000006,0.4990366510769232,0.0033827467857142856,30,0,0.0,0.0,0.0,0.0,0.0,0.223398,0.75
321.91936252000005,0.495260557723077,0.003369561071428571,29,1,0.0,0.0,0.0,0.0,0.0,0.22492599,2.6999999499999996
321.91936252000005,0.45988480360000006,0.003369561071428571,29,1,0.0,0.0,0.0,0.0,0.0,0.20370699,0.45000000500000004
321.91936252000005,0.5365322708666668,0.003369561071428571,29,0,0.0,0.0,0.0,0.0,0.0,0.26944801,0.175
321.91936252000005,0.495260557723077,0.003369561071428571,29,0,0.0,0.0,0.0,0.0,0.0,0.215863,0.875
321.91936252000005,0.45988480360000006,0.003369561071428571,29,0,0.0,0.0,0.0,0.0,0.0,0.203439,3.70000005
346.41584264000005,0.4948797752000001,0.0027394625714285714,32,1,0.0,0.0,0.0,0.0,0.0,0.237827,2.975
346.41584264000005,0.46188779018666676,0.0027394625714285714,32,1,0.0,0.0,0.0,0.0,0.0,0.19379701,0.5
348.10027644,0.49728610920000005,0.002730828285714286,31,1,0.0,0.0,0.0,0.0,0.0,0.23303901,3.20000005
348.10027644,0.46413370192000003,0.002730828285714286,31,1,0.0,0.0,0.0,0.0,0.0,0.185187,0.525000005
348.10027644,0.49728610920000005,0.002730828285714286,31,0,0.0,0.0,0.0,0.0,0.0,0.217223,0.97499999
343.19135508000005,0.4902733644000001,0.0027135628571428572,30,0,0.0,0.0,0.0,0.0,0.0,0.22132599,1.375
340.83314776,0.4869044968,0.002700043428571429,29,1,0.0,0.0,0.0,0.0,0.0,0.23024701,2.00000005
340.83314776,0.4544441970133333,0.002700043428571429,29,1,0.0,0.0,0.0,0.0,0.0,0.20233101,0.25000000499999997
344.42917991999997,0.49204168559999995,0.003782493626373626,187,1,0.0,0.0,0.0,0.0,0.0,0.23442499,5.1500001
344.42917991999997,0.5740486332,0.003782493626373626,187,0,0.0,0.0,0.0,0.0,0.0,0.27347001,1.4500000000000002
344.42917991999997,0.49204168559999995,0.003782493626373626,187,0,0.0,0.0,0.0,0.0,0.0,0.236031,4.45000005
346.36444711999997,0.5328683801846154,0.0026198333333333334,32,1,0.0,0.0,0.0,0.0,0.0,0.296437,6.8499999
346.36444711999997,0.4948063530285714,0.0026198333333333334,32,1,0.0,0.0,0.0,0.0,0.0,0.23544,2.7249999
346.36444711999997,0.5328683801846154,0.0026198333333333334,32,0,0.0,0.0,0.0,0.0,0.0,0.249127,0.25000000499999997
346.36444711999997,0.4948063530285714,0.0026198333333333334,32,0,0.0,0.0,0.0,0.0,0.0,0.191494,1.024999995
346.36444711999997,0.5328683801846154,0.0036989027472527475,186,1,0.0,0.0,0.0,0.0,0.0,0.24227101,8.4499998
346.36444711999997,0.4329555589,0.0036989027472527475,186,1,0.0,0.0,0.0,0.0,0.0,0.203032,1.275
346.36444711999997,0.4329555589,0.0036989027472527475,186,0,0.0,0.0,0.0,0.0,0.0,0.195888,10.25
351.00908839999994,0.5014415548571428,0.00261439,31,1,0.0,0.0,0.0,0.0,0.0,0.207835,3.29999995
351.00908839999994,0.4680121178666666,0.00261439,31,1,0.0,0.0,0.0,0.0,0.0,0.16592801,0.525000005
351.00908839999994,0.5014415548571428,0.00261439,31,0,0.0,0.0,0.0,0.0,0.0,0.213614,0.77499998
351.00908839999994,0.4680121178666666,0.00261439,31,0,0.0,0.0,0.0,0.0,0.0,0.164405,2.9499999499999996
351.00908839999994,0.4680121178666666,0.0036958875824175826,185,1,0.0,0.0,0.0,0.0,0.0,0.21250699,3.1
351.00908839999994,0.4387613604999999,0.0036958875824175826,185,1,0.0,0.0,0.0,0.0,0.0,0.200859,1.4500000000000002
351.00908839999994,0.5400139821538461,0.0036958875824175826,185,0,0.0,0.0,0.0,0.0,0.0,0.248858,2.175
351.00908839999994,0.5014415548571428,0.0036958875824175826,185,0,0.0,0.0,0.0,0.0,0.0,0.232887,3.85
351.976722,0.5028238885714286,0.00260895,30,1,0.0,0.0,0.0,0.0,0.0,0.209447,3.35
351.976722,0.469302296,0.00260895,30,1,0.0,0.0,0.0,0.0,0.0,0.18070699,0.625
351.976722,0.4399709025,0.00260895,30,1,0.0,0.0,0.0,0.0,0.0,0.182258,0.05
351.976722,0.5028238885714286,0.00260895,30,0,0.0,0.0,0.0,0.0,0.0,0.212083,0.724999995
351.976722,0.469302296,0.003159244571428571,93,1,0.0,0.0,0.0,0.0,0.0,0.192279,1.75
351.976722,0.4399709025,0.003159244571428571,93,1,0.0,0.0,0.0,0.0,0.0,0.18038,0.47500001000000003
351.976722,0.5028238885714286,0.003159244571428571,93,0,0.0,0.0,0.0,0.0,0.0,0.211376,2.05000005
351.976722,0.469302296,0.0036632393406593406,184,1,0.0,0.0,0.0,0.0,0.0,0.20769,3.075
351.976722,0.4399709025,0.0036632393406593406,184,1,0.0,0.0,0.0,0.0,0.0,0.198521,1.4500000000000002
355.50858464,0.47401144618666663,0.002606719375,29,1,0.0,0.0,0.0,0.0,0.0,0.16972101,0.775000005
355.50858464,0.5078694066285714,0.002606719375,29,0,0.0,0.0,0.0,0.0,0.0,0.201489,0.45000000500000004
355.50858464,0.47401144618666663,0.002606719375,29,0,0.0,0.0,0.0,0.0,0.0,0.169881,2.325
355.50858464,0.47401144618666663,0.0032528945714285717,92,1,0.0,0.0,0.0,0.0,0.0,0.191048,2.02500005
355.50858464,0.5925143077333334,0.0032528945714285717,92,0,0.0,0.0,0.0,0.0,0.0,0.28052399,0.35000001000000003
355.50858464,0.5469362840615384,0.0032528945714285717,92,0,0.0,0.0,0.0,0.0,0.0,0.240336,0.75
355.50858464,0.5078694066285714,0.0032528945714285717,92,0,0.0,0.0,0.0,0.0,0.0,0.211503,1.775
355.50858464,0.47401144618666663,0.0038121938461538464,183,1,0.0,0.0,0.0,0.0,0.0,0.211041,3.4499999499999996
355.50858464,0.4443857308,0.0038121938461538464,183,1,0.0,0.0,0.0,0.0,0.0,0.19394299,1.55
355.50858464,0.5469362840615384,0.0038121938461538464,183,0,0.0,0.0,0.0,0.0,0.0,0.24836899,1.925
355.50858464,0.5078694066285714,0.0038121938461538464,183,0,0.0,0.0,0.0,0.0,0.0,0.226519,3.35
355.99240144,0.4746565352533333,0.003187860571428572,89,1,0.0,0.0,0.0,0.0,0.0,0.188774,1.9249999999999998
355.99240144,0.4449905018,0.003187860571428572,89,1,0.0,0.0,0.0,0.0,0.0,0.16610301,0.42499999499999996
355.99240144,0.5476806176,0.003187860571428572,89,0,0.0,0.0,0.0,0.0,0.0,0.237023,0.69999999
355.99240144,0.4746565352533333,0.003187860571428572,89,0,0.0,0.0,0.0,0.0,0.0,0.18234099,3.8499999
355.99240144,0.4449905018,0.0037135643956043955,180,1,0.0,0.0,0.0,0.0,0.0,0.191523,1.475
355.99240144,0.5476806176,0.0037135643956043955,180,0,0.0,0.0,0.0,0.0,0.0,0.24338301,1.825
355.99240144,0.5085605734857143,0.0037135643956043955,180,0,0.0,0.0,0.0,0.0,0.0,0.222397,3.25
356.6213632799999,0.44577670409999987,0.0034705164835164837,179,1,0.0,0.0,0.0,0.0,0.0,0.191726,1.5499999999999998
356.6213632799999,0.4754951510399999,0.0034705164835164837,179,0,0.0,0.0,0.0,0.0,0.0,0.20284601,5.29999995
355.50858464,0.47401144618666663,0.00346699065934066,178,1,0.0,0.0,0.0,0.0,0.0,0.206247,3.35
355.50858464,0.4443857308,0.00346699065934066,178,1,0.0,0.0,0.0,0.0,0.0,0.190184,1.475
355.50858464,0.5925143077333334,0.00346699065934066,178,0,0.0,0.0,0.0,0.0,0.0,0.27814001,1.0750000000000002
369.3941267999999,0.4617426584999999,0.0026280125000000005,32,1,0.0,0.0,0.0,0.0,0.0,0.16785599,0.32500000500000004
372.0551192,0.49607349226666664,0.002622012142857143,31,1,0.0,0.0,0.0,0.0,0.0,0.184191,2.75
372.0551192,0.465068899,0.002622012142857143,31,1,0.0,0.0,0.0,0.0,0.0,0.159355,0.39999998999999997
372.538936,0.4967185813333333,0.0026158917857142857,30,1,0.0,0.0,0.0,0.0,0.0,0.183327,2.8000000500000004
372.538936,0.46567367,0.0026158917857142857,30,1,0.0,0.0,0.0,0.0,0.0,0.16213401,0.42499999499999996
372.538936,0.4967185813333333,0.0026158917857142857,30,0,0.0,0.0,0.0,0.0,0.0,0.188642,0.82499999
369.6360352,0.46204504399999996,0.0026138675,29,1,0.0,0.0,0.0,0.0,0.0,0.167518,0.32500000500000004
369.6360352,0.4928480469333333,0.0026138675,29,0,0.0,0.0,0.0,0.0,0.0,0.185966,0.97499999
370.65205047999996,0.49420273397333325,0.0026012580000000004,32,1,0.0,0.0,0.0,0.0,0.0,0.182823,2.4499999499999996
371.47453903999997,0.5306779129142857,0.002596112857142857,31,0,0.0,0.0,0.0,0.0,0.0,0.236129,0.25000000499999997
371.47453903999997,0.4952993853866666,0.002596112857142857,31,0,0.0,0.0,0.0,0.0,0.0,0.18829601,1.075
375.87727191999994,0.5369675313142857,0.002592099142857143,30,0,0.0,0.0,0.0,0.0,0.0,0.237635,0.175
375.87727191999994,0.5011696958933333,0.002592099142857143,30,0,0.0,0.0,0.0,0.0,0.0,0.189316,0.80000001
376.60299712,0.5021373294933333,0.0025935202857142858,29,1,0.0,0.0,0.0,0.0,0.0,0.17688601,3.15
376.60299712,0.4707537464,0.0025935202857142858,29,1,0.0,0.0,0.0,0.0,0.0,0.15658601,0.45000000500000004
400.77895364,0.4715046513411765,0.003951734795918367,187,1,0.0,0.0,0.0,0.0,0.0,0.184816,3.025
405.49571638000003,0.4505507959777778,0.003962760408163265,186,1,0.0,0.0,0.0,0.0,0.0,0.176808,1.65
405.49571638000003,0.6238395636615385,0.003962760408163265,186,0,0.0,0.0,0.0,0.0,0.0,0.25859699,0.625
405.49571638000003,0.5406609551733333,0.003962760408163265,186,0,0.0,0.0,0.0,0.0,0.0,0.21283101,1.925
403.79379168,0.6212212179692308,0.004339406326530612,185,0,0.0,0.0,0.0,0.0,0.0,0.26093501,0.650000005
412.25478876,0.51531848595,0.003287610857142857,93,1,0.0,0.0,0.0,0.0,0.0,0.2105,6.04999995
412.25478876,0.4850056338352941,0.003287610857142857,93,1,0.0,0.0,0.0,0.0,0.0,0.18072701,2.6999999499999996
412.25478876,0.4580608764,0.003287610857142857,93,1,0.0,0.0,0.0,0.0,0.0,0.158888,0.775000005
412.25478876,0.54967305168,0.004066873265306122,184,1,0.0,0.0,0.0,0.0,0.0,0.18886399,10.35
412.25478876,0.4580608764,0.004066873265306122,184,1,0.0,0.0,0.0,0.0,0.0,0.174329,1.875
412.25478876,0.4339524092210526,0.004066873265306122,184,1,0.0,0.0,0.0,0.0,0.0,0.163753,0.724999995
412.25478876,0.5889354125142857,0.004066873265306122,184,0,0.0,0.0,0.0,0.0,0.0,0.230235,0.900000005
412.25478876,0.54967305168,0.004066873265306122,184,0,0.0,0.0,0.0,0.0,0.0,0.20764799,1.6
414.34572482,0.4874655586117647,0.003266030285714286,92,0,0.0,0.0,0.0,0.0,0.0,0.151434,2.9
414.34572482,0.4603841386888889,0.003944122244897959,183,1,0.0,0.0,0.0,0.0,0.0,0.170844,1.9999999499999999
414.34572482,0.4361533945473684,0.003944122244897959,183,1,0.0,0.0,0.0,0.0,0.0,0.158512,0.75
407.7325317,0.509665664625,0.003288884857142857,89,1,0.0,0.0,0.0,0.0,0.0,0.19053,5.3499999
407.7325317,0.47968533141176467,0.003288884857142857,89,1,0.0,0.0,0.0,0.0,0.0,0.167124,2.1999999499999996
407.7325317,0.45303614633333333,0.003288884857142857,89,1,0.0,0.0,0.0,0.0,0.0,0.151878,0.57499999
407.7325317,0.5824750452857143,0.003288884857142857,89,0,0.0,0.0,0.0,0.0,0.0,0.250213,0.32500000500000004
407.7325317,0.5436433756,0.003288884857142857,89,0,0.0,0.0,0.0,0.0,0.0,0.214101,0.67500001
407.7325317,0.509665664625,0.003288884857142857,89,0,0.0,0.0,0.0,0.0,0.0,0.18692701,1.575
407.7325317,0.47968533141176467,0.003288884857142857,89,0,0.0,0.0,0.0,0.0,0.0,0.152683,3.3499999
407.7325317,0.45303614633333333,0.00396677387755102,180,1,0.0,0.0,0.0,0.0,0.0,0.169888,1.65
407.7325317,0.4291921386315789,0.00396677387755102,180,1,0.0,0.0,0.0,0.0,0.0,0.162736,0.650000005
407.7325317,0.627280818,0.00396677387755102,180,0,0.0,0.0,0.0,0.0,0.0,0.26062199,0.549999985
407.7325317,0.5824750452857143,0.00396677387755102,180,0,0.0,0.0,0.0,0.0,0.0,0.232416,0.92500001
407.7325317,0.5436433756,0.00396677387755102,180,0,0.0,0.0,0.0,0.0,0.0,0.209922,1.65
407.7325317,0.509665664625,0.00396677387755102,180,0,0.0,0.0,0.0,0.0,0.0,0.18654101,2.8499999
407.7325317,0.47968533141176467,0.00396677387755102,180,0,0.0,0.0,0.0,0.0,0.0,0.162834,4.79999995
407.53802602,0.4794565012,0.002677302142857143,32,1,0.0,0.0,0.0,0.0,0.0,0.141284,0.900000005
407.53802602,0.509422532525,0.002677302142857143,32,0,0.0,0.0,0.0,0.0,0.0,0.16312,0.35000001000000003
407.53802602,0.4794565012,0.003896398673469388,179,1,0.0,0.0,0.0,0.0,0.0,0.17955101,3.45
407.53802602,0.4528200289111111,0.003896398673469388,179,1,0.0,0.0,0.0,0.0,0.0,0.168658,1.575
407.53802602,0.42898739581052636,0.003896398673469388,179,1,0.0,0.0,0.0,0.0,0.0,0.156868,0.55000001
407.53802602,0.4794565012,0.003896398673469388,179,0,0.0,0.0,0.0,0.0,0.0,0.16834401,5.0
410.30973195999997,0.482717331717647,0.002671651785714286,31,1,0.0,0.0,0.0,0.0,0.0,0.141174,1.1
410.30973195999997,0.45589970217777775,0.002671651785714286,31,1,0.0,0.0,0.0,0.0,0.0,0.135967,0.075000005
410.30973195999997,0.51288716495,0.002671651785714286,31,0,0.0,0.0,0.0,0.0,0.0,0.171248,0.29999999499999996
411.57401888000004,0.45730446542222225,0.003932434285714286,177,1,0.0,0.0,0.0,0.0,0.0,0.17064001,1.775
411.57401888000004,0.6331907982769232,0.003932434285714286,177,0,0.0,0.0,0.0,0.0,0.0,0.26046699,0.500000015
411.57401888000004,0.5487653585066667,0.003932434285714286,177,0,0.0,0.0,0.0,0.0,0.0,0.20974299,1.525
411.57401888000004,0.5144675236,0.003932434285714286,177,0,0.0,0.0,0.0,0.0,0.0,0.189392,2.7250000500000002
408.31604874,0.510395060925,0.002669933214285714,32,1,0.0,0.0,0.0,0.0,0.0,0.23165099,4.6500001
408.31604874,0.4803718220470588,0.002669933214285714,32,1,0.0,0.0,0.0,0.0,0.0,0.181964,1.275
408.31604874,0.510395060925,0.002669933214285714,32,0,0.0,0.0,0.0,0.0,0.0,0.19578201,0.57499999
403.599286,0.4748226894117647,0.0026615510714285712,31,1,0.0,0.0,0.0,0.0,0.0,0.168715,0.80000001
403.599286,0.4748226894117647,0.0026615510714285712,31,0,0.0,0.0,0.0,0.0,0.0,0.168975,2.92499995
404.03692378000005,0.47533755738823535,0.0026605710714285714,30,1,0.0,0.0,0.0,0.0,0.0,0.17103299,0.849999995
404.57181440000005,0.4759668404705883,0.0026585575,29,1,0.0,0.0,0.0,0.0,0.0,0.164609,0.82499999
391.15092248,0.5215345633066667,0.0027153705714285715,32,1,0.0,0.0,0.0,0.0,0.0,0.225299,5.75
391.15092248,0.4889386531,0.0027153705714285715,32,1,0.0,0.0,0.0,0.0,0.0,0.169892,1.725
391.15092248,0.4889386531,0.0027153705714285715,32,0,0.0,0.0,0.0,0.0,0.0,0.163863,1.525
389.01136,0.48626420000000004,0.002698595714285714,31,1,0.0,0.0,0.0,0.0,0.0,0.174132,1.5
389.01136,0.4576604235294118,0.002698595714285714,31,1,0.0,0.0,0.0,0.0,0.0,0.16238301,0.15000000000000002
389.01136,0.6483522666666667,0.002698595714285714,31,0,0.0,0.0,0.0,0.0,0.0,0.410321,0.0250000005
389.01136,0.5186818133333334,0.002698595714285714,31,0,0.0,0.0,0.0,0.0,0.0,0.21179,0.42500000000000004
390.27564692000004,0.48784455865000004,0.002691848,30,1,0.0,0.0,0.0,0.0,0.0,0.17805099,1.625
390.27564692000004,0.5203675292266667,0.002691848,30,0,0.0,0.0,0.0,0.0,0.0,0.22148199,0.42499999499999996
390.27564692000004,0.48784455865000004,0.002691848,30,0,0.0,0.0,0.0,0.0,0.0,0.17847601,1.725
395.23554176,0.49404442719999997,0.002683014571428571,29,1,0.0,0.0,0.0,0.0,0.0,0.17310099,2.1499999499999998
395.23554176,0.46498299030588236,0.002683014571428571,29,1,0.0,0.0,0.0,0.0,0.0,0.15852299,0.25000000499999997
395.23554176,0.6080546796307692,0.002683014571428571,29,0,0.0,0.0,0.0,0.0,0.0,0.369908,0.05
395.23554176,0.49404442719999997,0.002683014571428571,29,0,0.0,0.0,0.0,0.0,0.0,0.17799,1.225
395.23554176,0.46498299030588236,0.002683014571428571,29,0,0.0,0.0,0.0,0.0,0.0,0.157712,4.4000001
376.14831072,0.47018538839999996,0.0035244885714285717,186,1,0.0,0.0,0.0,0.0,0.0,0.208002,3.1
376.14831072,0.683906019490909,0.0035244885714285717,186,0,0.0,0.0,0.0,0.0,0.0,0.30294999,0.400000005
374.04665046,0.467558313075,0.0025697,31,1,0.0,0.0,0.0,0.0,0.0,0.215679,0.700000015
374.04665046,0.5343523578,0.0025697,31,0,0.0,0.0,0.0,0.0,0.0,0.28253201,0.42499999499999996
374.04665046,0.49872886728000004,0.0025697,31,0,0.0,0.0,0.0,0.0,0.0,0.24532799,1.475
374.04665046,0.467558313075,0.0025697,31,0,0.0,0.0,0.0,0.0,0.0,0.18566599,3.95000005
374.04665046,0.6234110841,0.003655738,185,0,0.0,0.0,0.0,0.0,0.0,0.27425799,0.775000005
374.04665046,0.5343523578,0.003655738,185,0,0.0,0.0,0.0,0.0,0.0,0.233731,2.575
374.04665046,0.49872886728000004,0.003655738,185,0,0.0,0.0,0.0,0.0,0.0,0.21437,4.3499999
373.94889882,0.49859853176,0.0025651564705882353,30,0,0.0,0.0,0.0,0.0,0.0,0.22431201,1.275
373.94889882,0.467436123525,0.003152092285714286,93,1,0.0,0.0,0.0,0.0,0.0,0.20947,1.7999999999999998
373.94889882,0.5342127126,0.003152092285714286,93,0,0.0,0.0,0.0,0.0,0.0,0.24260201,1.3
375.85505580000006,0.46981881975000006,0.002559150588235294,29,1,0.0,0.0,0.0,0.0,0.0,0.18760499,0.55000001
375.85505580000006,0.5369357940000001,0.002559150588235294,29,0,0.0,0.0,0.0,0.0,0.0,0.272701,0.29999999499999996
375.85505580000006,0.46981881975000006,0.002559150588235294,29,0,0.0,0.0,0.0,0.0,0.0,0.17448001,3.5500000500000004
375.85505580000006,0.46981881975000006,0.0031365288571428575,92,1,0.0,0.0,0.0,0.0,0.0,0.20152,1.7999999999999998
375.85505580000006,0.46981881975000006,0.0035254691428571426,183,1,0.0,0.0,0.0,0.0,0.0,0.204458,2.9499999499999996
375.85505580000006,0.5369357940000001,0.0035254691428571426,183,0,0.0,0.0,0.0,0.0,0.0,0.231886,2.32500005
380.79151362,0.475989392025,0.0031200520000000003,89,1,0.0,0.0,0.0,0.0,0.0,0.18746801,1.925
380.79151362,0.4479900160235294,0.0031200520000000003,89,1,0.0,0.0,0.0,0.0,0.0,0.17851,0.57499999
380.79151362,0.4479900160235294,0.0035660691428571426,180,1,0.0,0.0,0.0,0.0,0.0,0.189366,1.525
381.4757751,0.4487950295294118,0.0036216811428571426,179,1,0.0,0.0,0.0,0.0,0.0,0.188348,1.5499999999999998
381.4757751,0.42386197233333334,0.0036216811428571426,179,1,0.0,0.0,0.0,0.0,0.0,0.185057,0.67500001
379.37411484,0.4463224880470588,0.0036560905714285714,178,1,0.0,0.0,0.0,0.0,0.0,0.191291,1.375
381.13364436,0.47641705545,0.003651773428571429,177,1,0.0,0.0,0.0,0.0,0.0,0.20035,3.15
381.13364436,0.44839252277647057,0.003651773428571429,177,1,0.0,0.0,0.0,0.0,0.0,0.18581299,1.4
381.13364436,0.42348182706666665,0.003651773428571429,177,1,0.0,0.0,0.0,0.0,0.0,0.181411,0.57499999
381.13364436,0.5863594528615385,0.003651773428571429,177,0,0.0,0.0,0.0,0.0,0.0,0.23893701,0.94999999
407.3799597,0.4792705408235294,0.0021813232142857144,32,1,0.0,0.0,0.0,0.0,0.0,0.184091,1.075
410.45913636,0.4828931016,0.0021707000000000002,31,1,0.0,0.0,0.0,0.0,0.0,0.178866,1.3
410.45913636,0.45606570706666666,0.0021707000000000002,31,1,0.0,0.0,0.0,0.0,0.0,0.173815,0.175
410.45913636,0.4828931016,0.0021707000000000002,31,0,0.0,0.0,0.0,0.0,0.0,0.170462,2.2249999
410.556888,0.48300810352941176,0.002159679642857143,30,1,0.0,0.0,0.0,0.0,0.0,0.201059,1.325
410.556888,0.48300810352941176,0.002159679642857143,30,0,0.0,0.0,0.0,0.0,0.0,0.14659201,2.25
430.107216,0.4778969066666667,0.0020093308571428573,32,1,0.0,0.0,0.0,0.0,0.0,0.169213,0.75
437.29196154,0.48587995726666666,0.001988878,31,1,0.0,0.0,0.0,0.0,0.0,0.15879001,1.275
437.29196154,0.5144611312235294,0.001988878,31,0,0.0,0.0,0.0,0.0,0.0,0.19040801,0.549999985
437.82959556,0.48647732839999996,0.001971299142857143,30,1,0.0,0.0,0.0,0.0,0.0,0.167413,1.35
437.82959556,0.515093641835294,0.001971299142857143,30,0,0.0,0.0,0.0,0.0,0.0,0.175567,0.42499999499999996
437.82959556,0.48647732839999996,0.001971299142857143,30,0,0.0,0.0,0.0,0.0,0.0,0.15765101,2.15
434.50603980000005,0.5111835762352942,0.001957876857142857,29,1,0.0,0.0,0.0,0.0,0.0,0.193333,4.1
434.50603980000005,0.48278448866666673,0.001957876857142857,29,1,0.0,0.0,0.0,0.0,0.0,0.18016601,1.024999995
434.50603980000005,0.5111835762352942,0.001957876857142857,29,0,0.0,0.0,0.0,0.0,0.0,0.153622,0.47500001000000003
434.50603980000005,0.48278448866666673,0.001957876857142857,29,0,0.0,0.0,0.0,0.0,0.0,0.092687003,2.35
417.74377996,0.43973029469473685,0.0030144457142857145,187,1,0.0,0.0,0.0,0.0,0.0,0.183337,1.2000000000000002
417.74377996,0.52217972495,0.0030144457142857145,187,0,0.0,0.0,0.0,0.0,0.0,0.21116599,3.1
423.58806749999997,0.529485084375,0.0019017599999999997,32,1,0.0,0.0,0.0,0.0,0.0,0.20508701,6.4499998
423.58806749999997,0.49833890294117644,0.0019017599999999997,32,1,0.0,0.0,0.0,0.0,0.0,0.17903399,2.4499999499999996
423.58806749999997,0.529485084375,0.0019017599999999997,32,0,0.0,0.0,0.0,0.0,0.0,0.20579,0.274999995
423.58806749999997,0.49833890294117644,0.0019017599999999997,32,0,0.0,0.0,0.0,0.0,0.0,0.172085,1.225
423.58806749999997,0.4458821763157894,0.0030431337142857147,186,1,0.0,0.0,0.0,0.0,0.0,0.18138801,1.4
423.58806749999997,0.529485084375,0.0030431337142857147,186,0,0.0,0.0,0.0,0.0,0.0,0.209654,2.6999999499999996
417.00710505999996,0.521258881325,0.0018885579999999998,31,1,0.0,0.0,0.0,0.0,0.0,0.249639,5.5999999
417.00710505999996,0.4633412278444444,0.0018885579999999998,31,1,0.0,0.0,0.0,0.0,0.0,0.183217,0.32500000500000004
417.00710505999996,0.521258881325,0.0018885579999999998,31,0,0.0,0.0,0.0,0.0,0.0,0.206908,0.42499999499999996
417.00710505999996,0.49059659418823526,0.0018885579999999998,31,0,0.0,0.0,0.0,0.0,0.0,0.179741,1.825
416.85977008,0.49042325891764704,0.0018839,30,1,0.0,0.0,0.0,0.0,0.0,0.193333,1.825
416.85977008,0.4631775223111111,0.0018839,30,1,0.0,0.0,0.0,0.0,0.0,0.17706101,0.274999995
416.85977008,0.5210747125999999,0.0018839,30,0,0.0,0.0,0.0,0.0,0.0,0.21857899,0.47500001000000003
416.85977008,0.49042325891764704,0.0018839,30,0,0.0,0.0,0.0,0.0,0.0,0.187418,1.875
416.85977008,0.4631775223111111,0.0029533857142857146,93,1,0.0,0.0,0.0,0.0,0.0,0.19289,1.375
416.85977008,0.4387997579789473,0.003763647142857143,184,1,0.0,0.0,0.0,0.0,0.0,0.19196001,1.275
416.85977008,0.5955139572571428,0.003763647142857143,184,0,0.0,0.0,0.0,0.0,0.0,0.248658,1.05
418.08756157999994,0.49186771950588226,0.0018735712500000002,29,1,0.0,0.0,0.0,0.0,0.0,0.204183,2.025
418.08756157999994,0.49186771950588226,0.0018735712500000002,29,0,0.0,0.0,0.0,0.0,0.0,0.177203,1.625
418.08756157999994,0.46454173508888885,0.0027365317142857143,92,1,0.0,0.0,0.0,0.0,0.0,0.19279,1.4500000000000002
418.08756157999994,0.4400921700842105,0.0034916885714285713,183,1,0.0,0.0,0.0,0.0,0.0,0.188868,1.2999999999999998
418.08756157999994,0.49186771950588226,0.0034916885714285713,183,0,0.0,0.0,0.0,0.0,0.0,0.208259,5.25
422.16382935999997,0.4966633286588235,0.002778398571428571,89,1,0.0,0.0,0.0,0.0,0.0,0.206521,3.8000000500000004
422.16382935999997,0.46907092151111107,0.002778398571428571,89,1,0.0,0.0,0.0,0.0,0.0,0.189154,1.525
422.16382935999997,0.4966633286588235,0.0035833317142857143,180,1,0.0,0.0,0.0,0.0,0.0,0.21402299,5.20000005
422.16382935999997,0.46907092151111107,0.0035833317142857143,180,1,0.0,0.0,0.0,0.0,0.0,0.20010599,2.85
422.16382935999997,0.44438297827368417,0.0035833317142857143,180,1,0.0,0.0,0.0,0.0,0.0,0.18739,1.325
422.16382935999997,0.5628851058133333,0.0035833317142857143,180,0,0.0,0.0,0.0,0.0,0.0,0.23246101,1.7000000000000002
422.16382935999997,0.5277047867,0.0035833317142857143,180,0,0.0,0.0,0.0,0.0,0.0,0.22080199,3.05
424.96319397999997,0.4999566988,0.003366428285714286,179,1,0.0,0.0,0.0,0.0,0.0,0.20398501,5.45000005
424.96319397999997,0.44732967787368416,0.003366428285714286,179,1,0.0,0.0,0.0,0.0,0.0,0.181362,1.425
424.96319397999997,0.772660352690909,0.003366428285714286,179,0,0.0,0.0,0.0,0.0,0.0,0.333462,0.175
424.96319397999997,0.5666175919733333,0.003366428285714286,179,0,0.0,0.0,0.0,0.0,0.0,0.23242401,1.5
424.27563074,0.44660592709473684,0.0033345519999999993,178,1,0.0,0.0,0.0,0.0,0.0,0.178587,1.325
420.78870288,0.5259858786,0.003522225714285714,177,1,0.0,0.0,0.0,0.0,0.0,0.22853,8.0
420.78870288,0.4950455328,0.003522225714285714,177,1,0.0,0.0,0.0,0.0,0.0,0.211486,4.8499999
420.78870288,0.4429354767157895,0.003522225714285714,177,1,0.0,0.0,0.0,0.0,0.0,0.183182,1.125
420.78870288,0.6011267184,0.003522225714285714,177,0,0.0,0.0,0.0,0.0,0.0,0.249799,0.97500001
420.78870288,0.56105160384,0.003522225714285714,177,0,0.0,0.0,0.0,0.0,0.0,0.23266201,1.775
431.64237973999997,0.47960264415555554,0.0019292268571428572,32,1,0.0,0.0,0.0,0.0,0.0,0.187012,0.97500001
436.94643901999996,0.4854960433555555,0.0019051622857142857,30,1,0.0,0.0,0.0,0.0,0.0,0.180667,1.325
428.05722855999994,0.4756191428444444,0.0018898685714285714,29,1,0.0,0.0,0.0,0.0,0.0,0.195346,0.849999995
428.05722855999994,0.5035967394823528,0.0018898685714285714,29,0,0.0,0.0,0.0,0.0,0.0,0.243175,1.425
394.26840647999995,0.49283550809999993,0.002145358,32,0,0.0,0.0,0.0,0.0,0.0,0.26340699,2.9
391.96015846,0.43551128717777776,0.00215432,31,1,0.0,0.0,0.0,0.0,0.0,0.28433901,0.20000000499999998
391.96015846,0.489950198075,0.00215432,31,0,0.0,0.0,0.0,0.0,0.0,0.28110299,2.92499995
380.46803001999996,0.4227422555777777,0.002147134117647059,30,1,0.0,0.0,0.0,0.0,0.0,0.34995699,0.20000000499999998
380.46803001999996,0.5435257571714285,0.002147134117647059,30,0,0.0,0.0,0.0,0.0,0.0,0.38163999,0.900000005
377.76688872,0.4722086109,0.002155391176470588,29,0,0.0,0.0,0.0,0.0,0.0,0.31697601,4.89999985
377.03635074,0.5386233582,0.005011016571428571,187,0,0.0,0.0,0.0,0.0,0.0,0.30416101,3.9999998999999997
377.03635074,0.50271513432,0.005011016571428571,187,0,0.0,0.0,0.0,0.0,0.0,0.28217399,5.89999985
381.38031498000004,0.47672539372500006,0.004805090571428572,185,1,0.0,0.0,0.0,0.0,0.0,0.27183199,4.39999985
381.38031498000004,0.586738946123077,0.004805090571428572,185,0,0.0,0.0,0.0,0.0,0.0,0.31743199,2.2749999499999998
382.5650325,0.478206290625,0.0035204077142857145,93,1,0.0,0.0,0.0,0.0,0.0,0.27046001,2.9749999
382.5650325,0.4500765088235294,0.0035204077142857145,93,1,0.0,0.0,0.0,0.0,0.0,0.250247,1.275
382.5650325,0.5465214749999999,0.0035204077142857145,93,0,0.0,0.0,0.0,0.0,0.0,0.31801999,2.05000005
382.5650325,0.5465214749999999,0.004198668571428571,184,0,0.0,0.0,0.0,0.0,0.0,0.290241,3.4499999499999996
381.33095175,0.44862464911764705,0.003592927714285714,92,1,0.0,0.0,0.0,0.0,0.0,0.24379601,1.175
381.33095175,0.5866630026923076,0.004315214285714286,183,0,0.0,0.0,0.0,0.0,0.0,0.315624,2.15
372.98856588,0.43881007750588236,0.0035569499999999997,89,1,0.0,0.0,0.0,0.0,0.0,0.248106,0.82499999
372.98856588,0.5328408084,0.0035569499999999997,89,0,0.0,0.0,0.0,0.0,0.0,0.316672,2.42499995
372.98856588,0.49731808784000003,0.0035569499999999997,89,0,0.0,0.0,0.0,0.0,0.0,0.28377101,4.1500001
372.98856588,0.5738285628923077,0.004257063142857143,180,1,0.0,0.0,0.0,0.0,0.0,0.32418701,12.75
372.98856588,0.5328408084,0.004257063142857143,180,1,0.0,0.0,0.0,0.0,0.0,0.29474699,8.9499998
372.98856588,0.49731808784000003,0.004257063142857143,180,1,0.0,0.0,0.0,0.0,0.0,0.27912599,5.95000005
372.98856588,0.46623570735000003,0.004257063142857143,180,1,0.0,0.0,0.0,0.0,0.0,0.26026201,3.5500000500000004
372.98856588,0.4144317398666667,0.004257063142857143,180,1,0.0,0.0,0.0,0.0,0.0,0.234266,0.925000005
372.98856588,0.5738285628923077,0.004257063142857143,180,0,0.0,0.0,0.0,0.0,0.0,0.32090801,2.5250001
372.39620712,0.49652827616,0.0024117160714285713,32,1,0.0,0.0,0.0,0.0,0.0,0.28038999,2.7250000500000002
372.39620712,0.4654952589,0.0024117160714285713,32,1,0.0,0.0,0.0,0.0,0.0,0.253227,0.724999995
372.39620712,0.4381131848470588,0.0024117160714285713,32,1,0.0,0.0,0.0,0.0,0.0,0.23547301,0.10000000549999999
372.39620712,0.5319945816,0.0024117160714285713,32,0,0.0,0.0,0.0,0.0,0.0,0.32574499,0.875
372.39620712,0.49652827616,0.0024117160714285713,32,0,0.0,0.0,0.0,0.0,0.0,0.27816001,2.25
372.39620712,0.4654952589,0.0024117160714285713,32,0,0.0,0.0,0.0,0.0,0.0,0.15032201,4.70000005
372.39620712,0.4381131848470588,0.004100245428571428,179,1,0.0,0.0,0.0,0.0,0.0,0.241106,1.7999999999999998
372.39620712,0.41377356346666666,0.004100245428571428,179,1,0.0,0.0,0.0,0.0,0.0,0.227773,0.82499999
363.8070051,0.4850760068,0.002423137142857143,31,1,0.0,0.0,0.0,0.0,0.0,0.29405001,1.95
363.8070051,0.4850760068,0.002423137142857143,31,0,0.0,0.0,0.0,0.0,0.0,0.269131,3.0249999499999998
363.8070051,0.6063450085000001,0.004395112857142857,178,0,0.0,0.0,0.0,0.0,0.0,0.331258,1.675
363.8070051,0.5597030847692308,0.004395112857142857,178,0,0.0,0.0,0.0,0.0,0.0,0.31368399,2.825
362.3261082,0.45290763525000005,0.002425490357142857,30,1,0.0,0.0,0.0,0.0,0.0,0.29099301,0.42499999499999996
362.3261082,0.5176087260000001,0.002425490357142857,30,0,0.0,0.0,0.0,0.0,0.0,0.32644701,1.475
362.3261082,0.5176087260000001,0.0046106677142857145,177,1,0.0,0.0,0.0,0.0,0.0,0.320216,7.79999995
362.3261082,0.603876847,0.0046106677142857145,177,0,0.0,0.0,0.0,0.0,0.0,0.34975901,2.02500005
362.3261082,0.48310147760000005,0.0046106677142857145,177,0,0.0,0.0,0.0,0.0,0.0,0.28867,7.29999995
364.00445801999996,0.5200063685999999,0.0024167667857142856,29,1,0.0,0.0,0.0,0.0,0.0,0.35237801,5.0
364.00445801999996,0.48533927735999993,0.0024167667857142856,29,1,0.0,0.0,0.0,0.0,0.0,0.304575,1.9
362.77037727,0.5182433961,0.0025430908571428567,32,0,0.0,0.0,0.0,0.0,0.0,0.30392501,1.275
364.59681678,0.455746020975,0.002522352285714286,31,1,0.0,0.0,0.0,0.0,0.0,0.234378,0.29999999499999996
364.59681678,0.5208525954,0.002522352285714286,31,0,0.0,0.0,0.0,0.0,0.0,0.31562099,1.175
362.67165080999996,0.4835622010799999,0.002509066857142857,30,0,0.0,0.0,0.0,0.0,0.0,0.26928601,3.15
377.28316689,0.50304422252,0.002490088,29,1,0.0,0.0,0.0,0.0,0.0,0.310738,2.875
377.28316689,0.47160395861250004,0.002490088,29,1,0.0,0.0,0.0,0.0,0.0,0.246819,0.57499999
377.28316689,0.50304422252,0.002490088,29,0,0.0,0.0,0.0,0.0,0.0,0.198504,1.6
373.38347172,0.49784462896,0.0026188666666666664,32,1,0.0,0.0,0.0,0.0,0.0,0.27451399,2.35
373.38347172,0.46672933964999996,0.0026188666666666664,32,1,0.0,0.0,0.0,0.0,0.0,0.239429,0.47500001000000003
373.38347172,0.5744361103384615,0.0026188666666666664,32,0,0.0,0.0,0.0,0.0,0.0,0.311627,0.20000000499999998
373.38347172,0.49784462896,0.0026188666666666664,32,0,0.0,0.0,0.0,0.0,0.0,0.18594299,1.925
367.11434151000003,0.48948578868000003,0.0025867240000000003,31,1,0.0,0.0,0.0,0.0,0.0,0.234484,1.6
367.11434151000003,0.5244490593000001,0.0025867240000000003,31,0,0.0,0.0,0.0,0.0,0.0,0.270621,0.82499999
367.11434151000003,0.48948578868000003,0.0025867240000000003,31,0,0.0,0.0,0.0,0.0,0.0,0.235021,2.625
363.95509479000003,0.48527345972,0.00258285,30,1,0.0,0.0,0.0,0.0,0.0,0.240016,1.2999999999999998
363.95509479000003,0.4549438684875,0.00258285,30,1,0.0,0.0,0.0,0.0,0.0,0.234779,0.22500000999999997
363.95509479000003,0.5199358497000001,0.00258285,30,0,0.0,0.0,0.0,0.0,0.0,0.275962,1.024999995
363.95509479000003,0.48527345972,0.00258285,30,0,0.0,0.0,0.0,0.0,0.0,0.240971,3.1
361.09202745,0.48145603659999997,0.002574673125,29,1,0.0,0.0,0.0,0.0,0.0,0.237553,1.075
361.09202745,0.5555261960769231,0.002574673125,29,0,0.0,0.0,0.0,0.0,0.0,0.32885101,0.35000001000000003
361.09202745,0.5158457535,0.002574673125,29,0,0.0,0.0,0.0,0.0,0.0,0.27021101,1.075
361.09202745,0.48145603659999997,0.002574673125,29,0,0.0,0.0,0.0,0.0,0.0,0.23465601,3.3000000500000004
360.20314147999994,0.5145759163999999,0.005991160571428572,187,0,0.0,0.0,0.0,0.0,0.0,0.25536901,4.3499999
356.6269382,0.47550258426666664,0.006133477428571429,186,1,0.0,0.0,0.0,0.0,0.0,0.23117501,3.25
356.6269382,0.5486568279999999,0.006133477428571429,186,0,0.0,0.0,0.0,0.0,0.0,0.27777699,2.85
353.39842135,0.4711978951333333,0.0051122405714285725,93,1,0.0,0.0,0.0,0.0,0.0,0.222826,1.65
353.39842135,0.543689879,0.0051122405714285725,93,0,0.0,0.0,0.0,0.0,0.0,0.27342799,1.55
353.39842135,0.5048548876428571,0.0051122405714285725,93,0,0.0,0.0,0.0,0.0,0.0,0.24329901,3.1
353.39842135,0.44174802668749996,0.0051122405714285725,93,0,0.0,0.0,0.0,0.0,0.0,0.208252,9.75
353.39842135,0.5889973689166667,0.006069013428571428,184,0,0.0,0.0,0.0,0.0,0.0,0.29568499,1.75
353.39842135,0.543689879,0.006069013428571428,184,0,0.0,0.0,0.0,0.0,0.0,0.27223399,2.95000005
353.39842135,0.5048548876428571,0.006069013428571428,184,0,0.0,0.0,0.0,0.0,0.0,0.25162899,4.79999995
350.91494685,0.5013070669285714,0.005089326571428572,92,1,0.0,0.0,0.0,0.0,0.0,0.242881,3.6999999499999996
350.91494685,0.46788659579999997,0.005089326571428572,92,1,0.0,0.0,0.0,0.0,0.0,0.22219799,1.475
350.91494685,0.5398691489999999,0.005089326571428572,92,0,0.0,0.0,0.0,0.0,0.0,0.26664099,1.575
350.91494685,0.5013070669285714,0.005089326571428572,92,0,0.0,0.0,0.0,0.0,0.0,0.24015801,3.25
350.91494685,0.46788659579999997,0.005089326571428572,92,0,0.0,0.0,0.0,0.0,0.0,0.222427,6.1500001
350.91494685,0.4386436835625,0.005089326571428572,92,0,0.0,0.0,0.0,0.0,0.0,0.207871,10.15
350.91494685,0.5848582447499999,0.006045907428571429,183,0,0.0,0.0,0.0,0.0,0.0,0.29604399,1.85
350.91494685,0.5398691489999999,0.006045907428571429,183,0,0.0,0.0,0.0,0.0,0.0,0.27199101,3.1
350.91494685,0.5013070669285714,0.006045907428571429,183,0,0.0,0.0,0.0,0.0,0.0,0.25247899,5.04999995
350.96461633999996,0.46795282178666664,0.005180287714285714,89,1,0.0,0.0,0.0,0.0,0.0,0.20954201,1.275
350.96461633999996,0.438705770425,0.005180287714285714,89,1,0.0,0.0,0.0,0.0,0.0,0.19279499,0.29999999499999996
350.96461633999996,0.4128995486352941,0.005180287714285714,89,1,0.0,0.0,0.0,0.0,0.0,0.197083,0.0750000005
350.96461633999996,0.5399455635999999,0.005180287714285714,89,0,0.0,0.0,0.0,0.0,0.0,0.255485,1.4
350.96461633999996,0.5013780233428571,0.005180287714285714,89,0,0.0,0.0,0.0,0.0,0.0,0.231677,3.075
350.96461633999996,0.46795282178666664,0.005180287714285714,89,0,0.0,0.0,0.0,0.0,0.0,0.20963,5.95000005
350.96461633999996,0.5013780233428571,0.006116330285714285,180,1,0.0,0.0,0.0,0.0,0.0,0.24057201,4.8499999
350.96461633999996,0.46795282178666664,0.006116330285714285,180,1,0.0,0.0,0.0,0.0,0.0,0.225238,2.57500005
350.96461633999996,0.438705770425,0.006116330285714285,180,1,0.0,0.0,0.0,0.0,0.0,0.211318,1.15
350.96461633999996,0.4128995486352941,0.006116330285714285,180,1,0.0,0.0,0.0,0.0,0.0,0.203105,0.45000000500000004
350.96461633999996,0.6381174842545454,0.006116330285714285,180,0,0.0,0.0,0.0,0.0,0.0,0.32075399,1.024999995
350.96461633999996,0.5013780233428571,0.006116330285714285,180,0,0.0,0.0,0.0,0.0,0.0,0.242476,4.79999995
362.68661597999994,0.5181237371142856,0.0030651374999999996,32,1,0.0,0.0,0.0,0.0,0.0,0.20498,3.6
362.68661597999994,0.48358215463999993,0.0030651374999999996,32,1,0.0,0.0,0.0,0.0,0.0,0.16919599,0.67500001
362.68661597999994,0.5579794091999999,0.0030651374999999996,32,0,0.0,0.0,0.0,0.0,0.0,0.24773,0.125000005
362.68661597999994,0.5181237371142856,0.0030651374999999996,32,0,0.0,0.0,0.0,0.0,0.0,0.19120599,0.55000001
362.68661597999994,0.48358215463999993,0.006115441142857143,179,1,0.0,0.0,0.0,0.0,0.0,0.221926,3.4499999499999996
362.68661597999994,0.45335826997499995,0.006115441142857143,179,1,0.0,0.0,0.0,0.0,0.0,0.20636401,1.625
365.71645486999995,0.4876219398266666,0.0030538092857142858,31,1,0.0,0.0,0.0,0.0,0.0,0.161771,0.80000001
365.71645486999995,0.5224520783857142,0.0030538092857142858,31,0,0.0,0.0,0.0,0.0,0.0,0.190136,0.39999998999999997
365.71645486999995,0.4876219398266666,0.0030538092857142858,31,0,0.0,0.0,0.0,0.0,0.0,0.161989,2.2250000500000002
366.36215824,0.4884828776533333,0.003048165357142857,30,1,0.0,0.0,0.0,0.0,0.0,0.16179501,0.849999995
366.36215824,0.5636340895999999,0.003048165357142857,30,0,0.0,0.0,0.0,0.0,0.0,0.248849,0.0750000005
366.36215824,0.5233745117714286,0.003048165357142857,30,0,0.0,0.0,0.0,0.0,0.0,0.19503701,0.375
369.73968355999995,0.4929862447466666,0.0030327928571428574,29,1,0.0,0.0,0.0,0.0,0.0,0.157974,1.05
369.73968355999995,0.5281995479428571,0.0030327928571428574,29,0,0.0,0.0,0.0,0.0,0.0,0.191046,0.25000000499999997
369.73968355999995,0.4929862447466666,0.0030327928571428574,29,0,0.0,0.0,0.0,0.0,0.0,0.15824901,1.65
373.76291225,0.49835054966666664,0.0029040682857142857,32,1,0.0,0.0,0.0,0.0,0.0,0.192975,1.85
373.76291225,0.4672036403125,0.0029040682857142857,32,1,0.0,0.0,0.0,0.0,0.0,0.16673601,0.20000000499999998
373.76291225,0.49835054966666664,0.0029040682857142857,32,0,0.0,0.0,0.0,0.0,0.0,0.192219,1.575
379.87225952,0.5064963460266667,0.0028868025714285715,31,1,0.0,0.0,0.0,0.0,0.0,0.189688,2.5249999499999998
379.87225952,0.4748403244,0.0028868025714285715,31,1,0.0,0.0,0.0,0.0,0.0,0.155083,0.29999999499999996
379.87225952,0.5426746564571429,0.0028868025714285715,31,0,0.0,0.0,0.0,0.0,0.0,0.233668,0.225
379.87225952,0.5064963460266667,0.0028868025714285715,31,0,0.0,0.0,0.0,0.0,0.0,0.189437,1.024999995
386.97499658999993,0.5159666621199999,0.0028406157142857142,30,1,0.0,0.0,0.0,0.0,0.0,0.201897,3.6
386.97499658999993,0.4837187457374999,0.0028406157142857142,30,1,0.0,0.0,0.0,0.0,0.0,0.17754801,0.775000005
386.97499658999993,0.5528214236999999,0.0028406157142857142,30,0,0.0,0.0,0.0,0.0,0.0,0.247721,0.15000000000000002
386.97499658999993,0.5159666621199999,0.0028406157142857142,30,0,0.0,0.0,0.0,0.0,0.0,0.20548899,0.69999999
386.97499658999993,0.4837187457374999,0.0028406157142857142,30,0,0.0,0.0,0.0,0.0,0.0,0.17756701,2.8500000500000002
388.16706435,0.5175560858,0.0028034288571428573,29,1,0.0,0.0,0.0,0.0,0.0,0.20773201,3.8000000500000004
388.16706435,0.48520883043749996,0.0028034288571428573,29,1,0.0,0.0,0.0,0.0,0.0,0.180224,0.849999995
388.16706435,0.5545243776428571,0.0028034288571428573,29,0,0.0,0.0,0.0,0.0,0.0,0.257485,0.15000000000000002
388.16706435,0.5175560858,0.0028034288571428573,29,0,0.0,0.0,0.0,0.0,0.0,0.206461,0.625
388.16706435,0.48520883043749996,0.0028034288571428573,29,0,0.0,0.0,0.0,0.0,0.0,0.179132,2.67499995
380.96498829999996,0.47620623537499995,0.0026229414285714285,32,1,0.0,0.0,0.0,0.0,0.0,0.152585,0.25000000499999997
380.96498829999996,0.5079533177333333,0.0026229414285714285,32,0,0.0,0.0,0.0,0.0,0.0,0.170506,1.05
383.74647974,0.5116619729866666,0.0025690766666666663,31,1,0.0,0.0,0.0,0.0,0.0,0.163204,2.75
383.74647974,0.479683099675,0.0025690766666666663,31,1,0.0,0.0,0.0,0.0,0.0,0.150032,0.35000001000000003
383.74647974,0.5116619729866666,0.0025690766666666663,31,0,0.0,0.0,0.0,0.0,0.0,0.178166,0.82499999
385.48491189,0.5139798825199999,0.002526482,30,0,0.0,0.0,0.0,0.0,0.0,0.171506,0.650000005
384.4418526,0.5125891368,0.00248891,29,1,0.0,0.0,0.0,0.0,0.0,0.168229,2.82500005
384.4418526,0.48055231575,0.00248891,29,1,0.0,0.0,0.0,0.0,0.0,0.14353099,0.29999999499999996
384.4418526,0.5492026465714286,0.00248891,29,0,0.0,0.0,0.0,0.0,0.0,0.18291,0.05
390.18238557,0.4877279819625,0.003925982,93,1,0.0,0.0,0.0,0.0,0.0,0.15035,1.45
390.18238557,0.45903810067058826,0.003925982,93,1,0.0,0.0,0.0,0.0,0.0,0.135666,0.25000000499999997
390.18238557,0.52024318076,0.003925982,93,0,0.0,0.0,0.0,0.0,0.0,0.16324501,1.45
390.28231703,0.5203764227066666,0.003911068285714286,92,1,0.0,0.0,0.0,0.0,0.0,0.16462199,4.35000015
390.28231703,0.4878528962875,0.003911068285714286,92,1,0.0,0.0,0.0,0.0,0.0,0.144446,1.425
390.28231703,0.4878528962875,0.003911068285714286,92,0,0.0,0.0,0.0,0.0,0.0,0.14446799,3.6
388.98320805,0.48622901006249997,0.003943943142857143,89,1,0.0,0.0,0.0,0.0,0.0,0.141587,1.25
388.98320805,0.5186442774,0.003943943142857143,89,0,0.0,0.0,0.0,0.0,0.0,0.16252001,1.4
388.98320805,0.48622901006249997,0.004403282087912088,187,1,0.0,0.0,0.0,0.0,0.0,0.16695599,2.5249999499999998
388.98320805,0.4576273035882353,0.004403282087912088,187,1,0.0,0.0,0.0,0.0,0.0,0.150153,0.875
388.98320805,0.5556902972142856,0.004403282087912088,187,0,0.0,0.0,0.0,0.0,0.0,0.1998,1.6
385.18581257,0.48148226571249997,0.0025465846428571427,32,1,0.0,0.0,0.0,0.0,0.0,0.117011,0.20000000499999998
385.18581257,0.5135810834266666,0.0025465846428571427,32,0,0.0,0.0,0.0,0.0,0.0,0.139845,0.47500001000000003
385.18581257,0.42798423618888887,0.004600063186813187,186,1,0.0,0.0,0.0,0.0,0.0,0.142919,0.20000000499999998
385.18581257,0.5502654465285715,0.004600063186813187,186,0,0.0,0.0,0.0,0.0,0.0,0.200462,1.75
383.88670358999997,0.51184893812,0.002533232142857143,31,0,0.0,0.0,0.0,0.0,0.0,0.111852,0.35000001000000003
383.88670358999997,0.45163141598823525,0.004608832197802198,185,1,0.0,0.0,0.0,0.0,0.0,0.14774901,0.67500001
384.13653223999995,0.5121820429866666,0.0025186110714285714,30,0,0.0,0.0,0.0,0.0,0.0,0.103283,0.32500000500000004
384.13653223999995,0.5121820429866666,0.004614565274725275,184,1,0.0,0.0,0.0,0.0,0.0,0.17944901,4.5
384.13653223999995,0.5909792803692306,0.004614565274725275,184,0,0.0,0.0,0.0,0.0,0.0,0.21725,0.900000005
381.7381772,0.4771727215,0.00249505,29,1,0.0,0.0,0.0,0.0,0.0,0.100803,0.05
381.7381772,0.5089842362666667,0.00249505,29,0,0.0,0.0,0.0,0.0,0.0,0.110813,0.39999998999999997
381.7381772,0.5872895033846154,0.004493418791208791,183,0,0.0,0.0,0.0,0.0,0.0,0.21587899,0.900000005
388.08382491,0.4851047811375,0.004433246483516484,180,1,0.0,0.0,0.0,0.0,0.0,0.15615401,2.15
388.08382491,0.45656920577647053,0.004433246483516484,180,1,0.0,0.0,0.0,0.0,0.0,0.141737,0.67500001
388.08382491,0.5970520383230769,0.004433246483516484,180,0,0.0,0.0,0.0,0.0,0.0,0.21886601,0.775000005
388.08382491,0.5544054641571429,0.004433246483516484,180,0,0.0,0.0,0.0,0.0,0.0,0.19304501,1.475
388.53351648,0.5550478806857143,0.004299316923076923,179,0,0.0,0.0,0.0,0.0,0.0,0.19571701,1.45
387.43427042,0.45580502402352946,0.0043272641758241755,178,1,0.0,0.0,0.0,0.0,0.0,0.143813,0.69999999
387.43427042,0.5960527237230769,0.0043272641758241755,178,0,0.0,0.0,0.0,0.0,0.0,0.220658,0.775000005
387.43427042,0.5534775291714286,0.0043272641758241755,178,0,0.0,0.0,0.0,0.0,0.0,0.19482,1.475
382.68752607,0.51025003476,0.0025216997142857144,32,1,0.0,0.0,0.0,0.0,0.0,0.172066,2.4749999
382.68752607,0.51025003476,0.0025216997142857144,32,0,0.0,0.0,0.0,0.0,0.0,0.16057099,0.775000005
381.08862271,0.5081181636133333,0.0025063922857142856,31,0,0.0,0.0,0.0,0.0,0.0,0.162228,0.875
380.7388626,0.47592357825,0.0024923954285714285,30,1,0.0,0.0,0.0,0.0,0.0,0.15140299,0.225
380.7388626,0.5076518168,0.0024923954285714285,30,0,0.0,0.0,0.0,0.0,0.0,0.16490901,0.900000005
381.88807439,0.4773600929875,0.002477279142857143,29,1,0.0,0.0,0.0,0.0,0.0,0.147845,0.225
381.88807439,0.5091840991866666,0.002477279142857143,29,0,0.0,0.0,0.0,0.0,0.0,0.161147,0.775000005
379.68958226999996,0.50625277636,0.00245648,32,1,0.0,0.0,0.0,0.0,0.0,0.16097499,1.875
379.68958226999996,0.4746119778375,0.00245648,32,1,0.0,0.0,0.0,0.0,0.0,0.151207,0.17500000500000001
379.68958226999996,0.50625277636,0.00245648,32,0,0.0,0.0,0.0,0.0,0.0,0.158627,1.15
379.53968507999997,0.47442460634999994,0.00243057,31,1,0.0,0.0,0.0,0.0,0.0,0.16046999,0.20000000499999998
379.53968507999997,0.5839072078153845,0.00243057,31,0,0.0,0.0,0.0,0.0,0.0,0.262225,0.05
379.53968507999997,0.5060529134399999,0.00243057,31,0,0.0,0.0,0.0,0.0,0.0,0.159642,1.15
373.69369467,0.4671171183375,0.0024148441176470585,30,1,0.0,0.0,0.0,0.0,0.0,0.173922,0.125000005
373.69369467,0.5338481352428571,0.0024148441176470585,30,0,0.0,0.0,0.0,0.0,0.0,0.197576,0.29999999499999996
370.69575087,0.49426100116,0.0023991182352941175,29,1,0.0,0.0,0.0,0.0,0.0,0.168826,0.92500001
370.69575087,0.5295653583857143,0.0023991182352941175,29,0,0.0,0.0,0.0,0.0,0.0,0.201033,0.39999998999999997
370.69575087,0.49426100116,0.0023991182352941175,29,0,0.0,0.0,0.0,0.0,0.0,0.169044,2.1499999499999998
369.16851727000005,0.4922246896933334,0.004524749230769231,187,1,0.0,0.0,0.0,0.0,0.0,0.177642,2.8000000500000004
369.16851727000005,0.4614606465875001,0.004524749230769231,187,1,0.0,0.0,0.0,0.0,0.0,0.160532,1.025
369.16851727000005,0.5273835961000001,0.004524749230769231,187,0,0.0,0.0,0.0,0.0,0.0,0.194058,2.7749999499999998
375.80480275,0.5010730703333334,0.0025741342857142856,32,1,0.0,0.0,0.0,0.0,0.0,0.13236,1.05
375.80480275,0.5368640039285715,0.0025741342857142856,32,0,0.0,0.0,0.0,0.0,0.0,0.172942,0.17500000500000001
375.80480275,0.5010730703333334,0.0025741342857142856,32,0,0.0,0.0,0.0,0.0,0.0,0.13245,1.3
375.80480275,0.5010730703333334,0.00445555054945055,186,1,0.0,0.0,0.0,0.0,0.0,0.17411301,3.35
375.80480275,0.4697560034375,0.00445555054945055,186,1,0.0,0.0,0.0,0.0,0.0,0.15589599,1.275
375.40260363000004,0.5005368048400001,0.0025703960714285714,31,1,0.0,0.0,0.0,0.0,0.0,0.134013,0.999999995
375.40260363000004,0.5362894337571429,0.0025703960714285714,31,0,0.0,0.0,0.0,0.0,0.0,0.179626,0.20000000499999998
375.40260363000004,0.5005368048400001,0.0025703960714285714,31,0,0.0,0.0,0.0,0.0,0.0,0.134192,1.35
375.40260363000004,0.46925325453750005,0.004384044615384615,185,1,0.0,0.0,0.0,0.0,0.0,0.156655,1.25
370.67676397,0.4942356852933334,0.002563864642857143,30,1,0.0,0.0,0.0,0.0,0.0,0.142923,0.67500001
370.67676397,0.5295382342428572,0.002563864642857143,30,0,0.0,0.0,0.0,0.0,0.0,0.172892,0.275000005
370.67676397,0.4942356852933334,0.002563864642857143,30,0,0.0,0.0,0.0,0.0,0.0,0.14307199,1.9749999999999999
370.67676397,0.5702719445692308,0.004086411428571429,93,1,0.0,0.0,0.0,0.0,0.0,0.210639,9.1500001
370.67676397,0.4942356852933334,0.004086411428571429,93,1,0.0,0.0,0.0,0.0,0.0,0.163488,1.7999999999999998
370.67676397,0.46334595496250003,0.004086411428571429,93,1,0.0,0.0,0.0,0.0,0.0,0.14911599,0.375
370.67676397,0.46334595496250003,0.004544196153846154,184,1,0.0,0.0,0.0,0.0,0.0,0.16263799,1.125
370.67676397,0.6177946066166667,0.004544196153846154,184,0,0.0,0.0,0.0,0.0,0.0,0.240337,0.69999999
371.98391111,0.4959785481466667,0.002536592857142857,29,1,0.0,0.0,0.0,0.0,0.0,0.14105,0.75
371.98391111,0.5314055873,0.002536592857142857,29,0,0.0,0.0,0.0,0.0,0.0,0.167687,0.20000000499999998
371.98391111,0.4959785481466667,0.002536592857142857,29,0,0.0,0.0,0.0,0.0,0.0,0.13203301,1.675
371.98391111,0.43762813071764706,0.003937880357142857,92,1,0.0,0.0,0.0,0.0,0.0,0.143573,0.05
371.98391111,0.5722829401692308,0.003937880357142857,92,0,0.0,0.0,0.0,0.0,0.0,0.20575801,0.39999998999999997
371.98391111,0.5314055873,0.003937880357142857,92,0,0.0,0.0,0.0,0.0,0.0,0.179537,1.175
371.98391111,0.4649798888875,0.004327855384615384,183,1,0.0,0.0,0.0,0.0,0.0,0.16283,1.175
367.20779656,0.5245825665142857,0.003896129642857143,89,0,0.0,0.0,0.0,0.0,0.0,0.182458,1.45
367.20779656,0.5649350716307693,0.00422747934065934,180,0,0.0,0.0,0.0,0.0,0.0,0.21234199,1.425
365.85037453,0.5226433921857143,0.004328042637362637,179,0,0.0,0.0,0.0,0.0,0.0,0.17918301,2.8000000500000004
369.41989172,0.46177486465,0.004402454615384616,178,1,0.0,0.0,0.0,0.0,0.0,0.162746,1.024999995
367.71054546,0.49028072728,0.004583842967032967,177,1,0.0,0.0,0.0,0.0,0.0,0.172169,2.42499995
367.71054546,0.459638181825,0.004583842967032967,177,1,0.0,0.0,0.0,0.0,0.0,0.158721,0.849999995
367.71054546,0.565708531476923,0.004583842967032967,177,0,0.0,0.0,0.0,0.0,0.0,0.20617101,1.325
378.11744768999995,0.5041565969199999,0.0025548442857142857,32,1,0.0,0.0,0.0,0.0,0.0,0.147512,1.425
378.11744768999995,0.5041565969199999,0.0025548442857142857,32,0,0.0,0.0,0.0,0.0,0.0,0.15328699,1.25
379.17322038000003,0.50556429384,0.0025416971428571427,31,1,0.0,0.0,0.0,0.0,0.0,0.15103801,1.55
376.00590231,0.50134120308,0.0025141888571428572,29,1,0.0,0.0,0.0,0.0,0.0,0.14785799,1.15
376.00590231,0.50134120308,0.0025141888571428572,29,0,0.0,0.0,0.0,0.0,0.0,0.13943499,1.275
382.89356224,0.5469908032,0.002472148214285714,32,0,0.0,0.0,0.0,0.0,0.0,0.18163501,0.125000005
382.89356224,0.5105247496533333,0.002472148214285714,32,0,0.0,0.0,0.0,0.0,0.0,0.126471,0.80000001
382.03888910999996,0.5093851854799999,0.002446807857142857,31,1,0.0,0.0,0.0,0.0,0.0,0.121307,1.475
382.03888910999996,0.47754861138749993,0.002446807857142857,31,1,0.0,0.0,0.0,0.0,0.0,0.116287,0.05
382.03888910999996,0.5457698415857142,0.002446807857142857,31,0,0.0,0.0,0.0,0.0,0.0,0.180516,0.125000005
382.03888910999996,0.5093851854799999,0.002446807857142857,31,0,0.0,0.0,0.0,0.0,0.0,0.12630101,0.849999995
378.41909703,0.50455879604,0.002415807142857143,30,1,0.0,0.0,0.0,0.0,0.0,0.123977,1.05
378.41909703,0.4730238712875,0.002415807142857143,30,1,0.0,0.0,0.0,0.0,0.0,0.118852,0.0250000005
378.41909703,0.50455879604,0.002415807142857143,30,0,0.0,0.0,0.0,0.0,0.0,0.124279,1.15
381.73723977000003,0.5089829863600001,0.00239875,29,0,0.0,0.0,0.0,0.0,0.0,0.12751,0.849999995
392.73174556,0.46203734771764704,0.0035575485714285713,187,1,0.0,0.0,0.0,0.0,0.0,0.144881,0.80000001
394.50171866,0.5260022915466667,0.0032719514285714287,185,1,0.0,0.0,0.0,0.0,0.0,0.167115,5.0999999
397.58652892000003,0.49698316115,0.003163564285714286,184,1,0.0,0.0,0.0,0.0,0.0,0.151869,2.45000005
401.58161105999994,0.47244895418823524,0.0030826757142857143,180,1,0.0,0.0,0.0,0.0,0.0,0.14184301,1.025
401.98617634,0.4729249133411765,0.0022608237142857143,32,1,0.0,0.0,0.0,0.0,0.0,0.12919299,0.05
401.98617634,0.5742659662,0.003199237142857143,179,0,0.0,0.0,0.0,0.0,0.0,0.189061,1.05
400.46905654,0.500586320675,0.002250873142857143,31,1,0.0,0.0,0.0,0.0,0.0,0.121923,0.775000005
400.46905654,0.47114006651764706,0.002250873142857143,31,1,0.0,0.0,0.0,0.0,0.0,0.13671,0.05
400.46905654,0.500586320675,0.002250873142857143,31,0,0.0,0.0,0.0,0.0,0.0,0.116764,1.525
400.46905654,0.47114006651764706,0.0032097200000000005,178,1,0.0,0.0,0.0,0.0,0.0,0.138161,0.94999999
400.62076851999996,0.50077596065,0.00222413,30,1,0.0,0.0,0.0,0.0,0.0,0.116507,0.69999999
400.62076851999996,0.5341610246933333,0.00306493,93,0,0.0,0.0,0.0,0.0,0.0,0.158803,1.05
401.12647511999995,0.5014080939,0.002211839428571429,29,1,0.0,0.0,0.0,0.0,0.0,0.117179,0.75
401.12647511999995,0.5014080939,0.002211839428571429,29,0,0.0,0.0,0.0,0.0,0.0,0.115231,1.4
401.12647511999995,0.5014080939,0.0030327335714285713,92,1,0.0,0.0,0.0,0.0,0.0,0.138182,1.8
400.06449126,0.500080614075,0.0030564489285714288,89,1,0.0,0.0,0.0,0.0,0.0,0.142204,1.675
400.06449126,0.5334193216800001,0.0030564489285714288,89,0,0.0,0.0,0.0,0.0,0.0,0.15610699,0.999999995
390.70891916,0.48838614895,0.002179276,32,1,0.0,0.0,0.0,0.0,0.0,0.148624,0.42500000000000004
390.70891916,0.5209452255466667,0.002179276,32,0,0.0,0.0,0.0,0.0,0.0,0.172896,0.674999985
389.79864727999995,0.5197315297066666,0.00214559,31,1,0.0,0.0,0.0,0.0,0.0,0.18065301,2.8000000500000004
389.79864727999995,0.48724830909999994,0.00214559,31,1,0.0,0.0,0.0,0.0,0.0,0.156059,0.39999998999999997
389.79864727999995,0.5197315297066666,0.00214559,31,0,0.0,0.0,0.0,0.0,0.0,0.17527901,0.75
388.83780473999997,0.51845040632,0.0021269541176470587,30,0,0.0,0.0,0.0,0.0,0.0,0.17445301,0.75
382.5670429,0.478208803625,0.0021181482352941173,29,1,0.0,0.0,0.0,0.0,0.0,0.158088,0.17500000500000001
382.5670429,0.5100893905333334,0.0021181482352941173,29,0,0.0,0.0,0.0,0.0,0.0,0.17204,1.15
385.24728788000004,0.5136630505066667,0.002154897857142857,32,1,0.0,0.0,0.0,0.0,0.0,0.117951,1.6
385.24728788000004,0.5136630505066667,0.002154897857142857,32,0,0.0,0.0,0.0,0.0,0.0,0.13102899,0.849999995
388.48381011999993,0.4856047626499999,0.0021485925,31,1,0.0,0.0,0.0,0.0,0.0,0.120773,0.10000000549999999
388.48381011999993,0.5179784134933333,0.0021485925,31,0,0.0,0.0,0.0,0.0,0.0,0.120797,0.599999995
393.08574018,0.5615510574,0.0021454446428571428,29,0,0.0,0.0,0.0,0.0,0.0,0.159895,0.0250000005
393.08574018,0.52411432024,0.0021454446428571428,29,0,0.0,0.0,0.0,0.0,0.0,0.115812,0.35000001000000003
399.37573297999995,0.4992196662249999,0.0026908500000000003,93,1,0.0,0.0,0.0,0.0,0.0,0.145356,1.575
399.37573297999995,0.4698538035058823,0.0026908500000000003,93,1,0.0,0.0,0.0,0.0,0.0,0.13473199,0.29999999499999996
399.37573297999995,0.5705367614,0.0026908500000000003,93,0,0.0,0.0,0.0,0.0,0.0,0.188456,0.45000000500000004
399.37573297999995,0.5325009773066666,0.0026908500000000003,93,0,0.0,0.0,0.0,0.0,0.0,0.163201,1.3
395.55858248,0.4944482281,0.002691137142857143,92,1,0.0,0.0,0.0,0.0,0.0,0.14621501,1.25
395.55858248,0.5274114433066667,0.002691137142857143,92,0,0.0,0.0,0.0,0.0,0.0,0.161479,1.55
400.69901182,0.500873764775,0.0027003500000000002,89,1,0.0,0.0,0.0,0.0,0.0,0.148698,1.625
400.69901182,0.6164600181846154,0.0027003500000000002,89,0,0.0,0.0,0.0,0.0,0.0,0.234611,0.20000000499999998
400.69901182,0.5724271597428572,0.0027003500000000002,89,0,0.0,0.0,0.0,0.0,0.0,0.187383,0.39999998999999997
400.69901182,0.500873764775,0.0028382793406593406,187,1,0.0,0.0,0.0,0.0,0.0,0.160595,2.70000005
399.68110501999996,0.499601381275,0.002163055428571429,31,1,0.0,0.0,0.0,0.0,0.0,0.12899899,0.599999995
399.68110501999996,0.5329081400266666,0.002163055428571429,31,0,0.0,0.0,0.0,0.0,0.0,0.15465701,0.275000005
399.68110501999996,0.499601381275,0.0030255260439560443,185,0,0.0,0.0,0.0,0.0,0.0,0.15463699,4.79999995
401.36065124,0.5351475349866667,0.0021451711428571428,29,0,0.0,0.0,0.0,0.0,0.0,0.15885399,0.225
401.36065124,0.50170081405,0.003055399120879121,183,1,0.0,0.0,0.0,0.0,0.0,0.15776201,2.7250000500000002
401.36065124,0.5351475349866667,0.003055399120879121,183,0,0.0,0.0,0.0,0.0,0.0,0.16968399,2.4
399.83379104,0.47039269534117645,0.0031233603296703296,180,1,0.0,0.0,0.0,0.0,0.0,0.14163999,0.849999995
399.83379104,0.4997922388,0.0031233603296703296,180,0,0.0,0.0,0.0,0.0,0.0,0.155681,4.75
397.08544267999997,0.49635680335,0.003156297142857143,178,1,0.0,0.0,0.0,0.0,0.0,0.15613601,2.29999995
397.08544267999997,0.46715934432941175,0.003156297142857143,178,1,0.0,0.0,0.0,0.0,0.0,0.146027,0.80000001
398.40872152,0.4687161429647059,0.003171451098901099,177,1,0.0,0.0,0.0,0.0,0.0,0.14485399,0.80000001
420.9044618,0.4951817197647059,0.0021012820000000003,32,1,0.0,0.0,0.0,0.0,0.0,0.123209,0.39999998999999997
420.9044618,0.52613057725,0.0021012820000000003,32,0,0.0,0.0,0.0,0.0,0.0,0.15333401,0.5
422.43132199999997,0.5280391525,0.00208522,31,1,0.0,0.0,0.0,0.0,0.0,0.157399,3.4
422.43132199999997,0.4969780258823529,0.00208522,31,1,0.0,0.0,0.0,0.0,0.0,0.121237,0.42500000000000004
422.43132199999997,0.5280391525,0.00208522,31,0,0.0,0.0,0.0,0.0,0.0,0.151876,0.42500000000000004
421.71878724,0.4961397496941176,0.002065939411764706,30,1,0.0,0.0,0.0,0.0,0.0,0.12242,0.39999998999999997
421.71878724,0.52714848405,0.002065939411764706,30,0,0.0,0.0,0.0,0.0,0.0,0.152178,0.42500000000000004
427.21548396,0.53401935495,0.0020561129411764707,29,1,0.0,0.0,0.0,0.0,0.0,0.148522,4.0999999
427.21548396,0.5026064517176471,0.0020561129411764707,29,1,0.0,0.0,0.0,0.0,0.0,0.119103,0.650000005
427.21548396,0.53401935495,0.0020561129411764707,29,0,0.0,0.0,0.0,0.0,0.0,0.15353499,0.25000000499999997
450.67823569999996,0.563347794625,0.0025798971428571426,32,1,0.0,0.0,0.0,0.0,0.0,-99.989998,8.5499997
450.67823569999996,0.5007535952222222,0.0025798971428571426,32,1,0.0,0.0,0.0,0.0,0.0,0.125229,0.625
450.67823569999996,0.47439814284210524,0.0025798971428571426,32,1,0.0,0.0,0.0,0.0,0.0,0.16642401,0.125000005
450.27107297999993,0.5003011921999999,0.0020841328571428574,31,1,0.0,0.0,0.0,0.0,0.0,0.124036,0.55000001
450.27107297999993,0.5297306740941176,0.0020841328571428574,31,0,0.0,0.0,0.0,0.0,0.0,0.142148,0.42499999499999996
449.86391025999995,0.5998185470133333,0.0020746933333333334,30,1,0.0,0.0,0.0,0.0,0.0,0.40048701,13.4
449.86391025999995,0.5623298878249999,0.0020746933333333334,30,1,0.0,0.0,0.0,0.0,0.0,0.27559799,8.4000001
449.86391025999995,0.5292516591294117,0.0020746933333333334,30,1,0.0,0.0,0.0,0.0,0.0,0.18157101,3.5500000500000004
449.86391025999995,0.49984878917777775,0.0020746933333333334,30,1,0.0,0.0,0.0,0.0,0.0,0.136125,0.45000000500000004
449.86391025999995,0.5998185470133333,0.0020746933333333334,30,0,0.0,0.0,0.0,0.0,0.0,0.25853601,0.05
449.86391025999995,0.5292516591294117,0.0020746933333333334,30,0,0.0,0.0,0.0,0.0,0.0,0.115498,0.39999998999999997
450.37286365999995,0.5004142929555555,0.00206435,29,1,0.0,0.0,0.0,0.0,0.0,0.123737,0.474999995
469.53660401999997,0.5217073378,0.002099053571428571,32,1,0.0,0.0,0.0,0.0,0.0,0.133074,2.4750000500000002
469.53660401999997,0.5217073378,0.002099053571428571,32,0,0.0,0.0,0.0,0.0,0.0,0.1311,0.69999999
469.53660401999997,0.586920755025,0.0031808571428571433,186,0,0.0,0.0,0.0,0.0,0.0,0.181449,0.95000001
475.93425776999993,0.5009834292315789,0.002097899285714286,31,1,0.0,0.0,0.0,0.0,0.0,0.116236,0.5
475.93425776999993,0.5599226561999999,0.002097899285714286,31,0,0.0,0.0,0.0,0.0,0.0,0.186175,0.10000000549999999
475.93425776999993,0.5288158419666666,0.002097899285714286,31,0,0.0,0.0,0.0,0.0,0.0,0.13921,0.45000000500000004
475.93425776999993,0.4759342577699999,0.0031585746153846156,185,1,0.0,0.0,0.0,0.0,0.0,0.135745,1.0750000000000002
475.93425776999993,0.5009834292315789,0.0031585746153846156,185,1,0.0,0.0,0.0,0.0,0.0,0.145716,2.7249999
475.93425776999993,0.5949178222124999,0.0031585746153846156,185,0,0.0,0.0,0.0,0.0,0.0,0.185075,0.82499999
475.93425776999993,0.5288158419666666,0.0031585746153846156,185,0,0.0,0.0,0.0,0.0,0.0,0.157087,3.1
470.50904739000003,0.5881363092375,0.002847793571428571,93,0,0.0,0.0,0.0,0.0,0.0,0.19744299,0.35000001000000003
470.50904739000003,0.5535400557529412,0.002847793571428571,93,0,0.0,0.0,0.0,0.0,0.0,0.174545,0.875
470.50904739000003,0.5227878304333333,0.002847793571428571,93,0,0.0,0.0,0.0,0.0,0.0,0.155295,2.1499999499999998
470.50904739000003,0.5535400557529412,0.0031808041758241757,184,0,0.0,0.0,0.0,0.0,0.0,0.16912299,1.85
474.55236455999994,0.49952880479999995,0.002079661428571429,29,1,0.0,0.0,0.0,0.0,0.0,0.122543,0.45000000500000004
474.55236455999994,0.47455236455999994,0.0032076439560439563,183,1,0.0,0.0,0.0,0.0,0.0,0.142821,1.125
474.55236455999994,0.49952880479999995,0.0032076439560439563,183,1,0.0,0.0,0.0,0.0,0.0,0.150916,2.6999999499999996
473.06810889,0.47306810889,0.0028365132142857143,89,1,0.0,0.0,0.0,0.0,0.0,0.14269,0.39999998999999997
473.06810889,0.49796643041052635,0.0028365132142857143,89,1,0.0,0.0,0.0,0.0,0.0,0.15017501,1.575
473.06810889,0.5256312321000001,0.0031754504395604395,180,1,0.0,0.0,0.0,0.0,0.0,0.16021,5.1500001
473.06810889,0.49796643041052635,0.0031754504395604395,180,1,0.0,0.0,0.0,0.0,0.0,0.151301,2.6
480.64293093,0.48064293093,0.003165260879120879,179,1,0.0,0.0,0.0,0.0,0.0,0.143534,1.35
480.64293093,0.5059399272947368,0.003165260879120879,179,1,0.0,0.0,0.0,0.0,0.0,0.154103,3.1999999499999996
487.04058467999994,0.46384817588571425,0.0032320885714285713,178,1,0.0,0.0,0.0,0.0,0.0,0.14118201,0.625
479.31221895,0.5045391778421052,0.0020296574285714286,30,1,0.0,0.0,0.0,0.0,0.0,0.18947899,1.425
479.31221895,0.5045391778421052,0.0020296574285714286,30,0,0.0,0.0,0.0,0.0,0.0,0.18596201,2.7749999499999998
516.98160423,0.5744240047,0.0020074396428571427,32,0,0.0,0.0,0.0,0.0,0.0,0.240309,0.175
511.91466245999993,0.51191466246,0.0019852192857142854,31,1,0.0,0.0,0.0,0.0,0.0,0.141955,1.4500000000000002
511.91466245999993,0.51191466246,0.0019852192857142854,31,0,0.0,0.0,0.0,0.0,0.0,0.14829899,1.9999999499999999
512.68238091,0.51268238091,0.0019567292857142855,30,0,0.0,0.0,0.0,0.0,0.0,0.148045,1.85
512.68238091,0.6408529761375,0.0019567292857142855,30,0,0.0,0.0,0.0,0.0,0.0,0.32444799,0.0250000005
512.68238091,0.6031557422470588,0.0019567292857142855,30,0,0.0,0.0,0.0,0.0,0.0,0.26883101,0.05
512.68238091,0.5696470899,0.0019567292857142855,30,0,0.0,0.0,0.0,0.0,0.0,0.23370799,0.175
512.68238091,0.5396656641157895,0.0019567292857142855,30,0,0.0,0.0,0.0,0.0,0.0,0.176689,0.45000000500000004
516.06034209,0.6071298142235294,0.0019431492857142857,29,1,0.0,0.0,0.0,0.0,0.0,-99.989998,15.65
515.3008247099999,0.5153008247099999,0.002757972747252747,187,1,0.0,0.0,0.0,0.0,0.0,0.180562,4.8499999
515.3008247099999,0.468455295190909,0.002757972747252747,187,1,0.0,0.0,0.0,0.0,0.0,0.16196001,1.25
515.3008247099999,0.5424219207473683,0.002757972747252747,187,0,0.0,0.0,0.0,0.0,0.0,0.18647601,3.4
516.4840052,0.5164840051999999,0.0027899464835164835,186,0,0.0,0.0,0.0,0.0,0.0,0.17362501,5.3499999
508.20174177,0.5349492018631579,0.0019578537142857146,31,0,0.0,0.0,0.0,0.0,0.0,0.183762,0.69999999
495.13531374999997,0.49513531375,0.002630070357142857,93,1,0.0,0.0,0.0,0.0,0.0,0.179167,1.9
495.13531374999997,0.5211950671052631,0.002630070357142857,93,1,0.0,0.0,0.0,0.0,0.0,0.193895,4.29999995
495.13531374999997,0.6189191421875,0.002630070357142857,93,0,0.0,0.0,0.0,0.0,0.0,0.260818,0.45000000500000004
494.00357589,0.49400357589,0.0027146735714285715,92,1,0.0,0.0,0.0,0.0,0.0,0.175927,1.75
494.00357589,0.5488928621,0.0027146735714285715,92,0,0.0,0.0,0.0,0.0,0.0,0.202141,1.6
494.00357589,0.65867143452,0.00310387978021978,183,0,0.0,0.0,0.0,0.0,0.0,0.25370899,0.650000005
502.54305246999996,0.50254305247,0.002807994285714286,89,1,0.0,0.0,0.0,0.0,0.0,0.18621901,2.2749999499999998
502.54305246999996,0.4786124309238095,0.002807994285714286,89,1,0.0,0.0,0.0,0.0,0.0,0.17387199,0.80000001
502.54305246999996,0.5289926868105262,0.002807994285714286,89,1,0.0,0.0,0.0,0.0,0.0,0.203254,4.95000005
502.54305246999996,0.6700574032933333,0.002807994285714286,89,0,0.0,0.0,0.0,0.0,0.0,0.29327101,0.20000000499999998
502.54305246999996,0.6281788155875,0.002807994285714286,89,0,0.0,0.0,0.0,0.0,0.0,0.25925401,0.35000001000000003
502.54305246999996,0.5912271205529411,0.002807994285714286,89,0,0.0,0.0,0.0,0.0,0.0,0.225264,0.625
502.54305246999996,0.558381169411111,0.002807994285714286,89,0,0.0,0.0,0.0,0.0,0.0,0.199806,1.275
502.54305246999996,0.5289926868105262,0.002807994285714286,89,0,0.0,0.0,0.0,0.0,0.0,0.177065,2.6
502.54305246999996,0.4786124309238095,0.0032951124175824176,180,1,0.0,0.0,0.0,0.0,0.0,0.175203,1.8
502.54305246999996,0.5289926868105262,0.0032951124175824176,180,0,0.0,0.0,0.0,0.0,0.0,0.182937,4.3499999
504.137774,0.5041377739999999,0.0032714734065934065,179,1,0.0,0.0,0.0,0.0,0.0,0.179841,3.6999999499999996
507.99597124999997,0.50799597125,0.003056071318681319,177,1,0.0,0.0,0.0,0.0,0.0,0.17565399,4.0
524.2003996999999,0.5242003997,0.0019448579999999998,32,1,0.0,0.0,0.0,0.0,0.0,0.183191,3.25
524.5090554799999,0.5245090554799999,0.00194273,31,0,0.0,0.0,0.0,0.0,0.0,0.174252,1.225
529.7562037399999,0.504529717847619,0.0019299205882352941,30,1,0.0,0.0,0.0,0.0,0.0,0.15829501,1.024999995
505.06374134,0.50506374134,0.0018858182142857142,32,1,0.0,0.0,0.0,0.0,0.0,0.135729,0.69999999
505.06374134,0.5316460435157895,0.0018858182142857142,32,0,0.0,0.0,0.0,0.0,0.0,0.155541,0.75
505.32095448999996,0.5053209544899999,0.00188336,31,1,0.0,0.0,0.0,0.0,0.0,0.143746,0.775000005
508.51039754999994,0.48429561671428567,0.0018818457142857142,30,1,0.0,0.0,0.0,0.0,0.0,0.143648,0.10000000549999999
509.38492225999994,0.50938492226,0.0018748457142857141,29,1,0.0,0.0,0.0,0.0,0.0,0.136545,0.900000005
521.1391248,0.5485674997894737,0.0018578031428571429,32,0,0.0,0.0,0.0,0.0,0.0,0.18439101,0.375
528.9975719199999,0.52899757192,0.0018477988571428572,31,1,0.0,0.0,0.0,0.0,0.0,0.157553,3.25
528.9975719199999,0.5038072113523809,0.0018477988571428572,31,1,0.0,0.0,0.0,0.0,0.0,0.137034,0.650000005
528.9975719199999,0.5568395493894736,0.0018477988571428572,31,1,0.0,0.0,0.0,0.0,0.0,0.207652,7.6500001
528.9975719199999,0.52899757192,0.0026613665934065935,185,1,0.0,0.0,0.0,0.0,0.0,0.17682,6.0
531.84108897,0.53184108897,0.0018364682857142855,30,1,0.0,0.0,0.0,0.0,0.0,0.155347,3.6
531.84108897,0.5065153228285714,0.0018364682857142855,30,1,0.0,0.0,0.0,0.0,0.0,0.131202,0.724999995
531.84108897,0.53184108897,0.0018364682857142855,30,0,0.0,0.0,0.0,0.0,0.0,0.148399,0.650000005
531.84108897,0.5065153228285714,0.002381775357142857,93,1,0.0,0.0,0.0,0.0,0.0,0.15452,2.17499995
527.65336386,0.5276533638600001,0.001833306285714286,29,0,0.0,0.0,0.0,0.0,0.0,0.14363,0.80000001
527.65336386,0.5276533638600001,0.002387000357142857,92,1,0.0,0.0,0.0,0.0,0.0,0.168029,4.45000005
527.65336386,0.5025270132,0.002387000357142857,92,1,0.0,0.0,0.0,0.0,0.0,0.15330499,1.85
527.65336386,0.5554245935368421,0.002387000357142857,92,0,0.0,0.0,0.0,0.0,0.0,0.181888,1.2
527.65336386,0.5025270132,0.0026521651648351648,183,1,0.0,0.0,0.0,0.0,0.0,0.16418301,3.25
526.72275828,0.5016407221714285,0.002383946428571429,89,1,0.0,0.0,0.0,0.0,0.0,0.15401199,1.75
526.72275828,0.4389356319,0.002645284835164835,180,1,0.0,0.0,0.0,0.0,0.0,0.151794,0.274999995
522.63843379,0.5501457197789474,0.0026785260439560437,179,0,0.0,0.0,0.0,0.0,0.0,0.18402199,2.82500005
522.48333286,0.497603174152381,0.0017751219999999999,32,1,0.0,0.0,0.0,0.0,0.0,0.18107399,0.775000005
522.48333286,0.52248333286,0.0017751219999999999,32,0,0.0,0.0,0.0,0.0,0.0,0.189211,1.75
531.89278928,0.53189278928,0.0017798900000000001,31,1,0.0,0.0,0.0,0.0,0.0,0.212502,3.94999995
538.14852679,0.53814852679,0.0017475958823529412,30,0,0.0,0.0,0.0,0.0,0.0,0.17928,0.775000005
541.87094911,0.5160675705809523,0.0017412229411764705,29,1,0.0,0.0,0.0,0.0,0.0,0.16535001,1.75
541.87094911,0.54187094911,0.0017412229411764705,29,0,0.0,0.0,0.0,0.0,0.0,0.18415301,0.57499999
541.87094911,0.5160675705809523,0.0017412229411764705,29,0,0.0,0.0,0.0,0.0,0.0,0.15226901,2.02500005
560.63816164,0.5339411063238095,0.0017338278571428572,32,1,0.0,0.0,0.0,0.0,0.0,0.163431,3.9
560.63816164,0.5096710560363636,0.0017338278571428572,32,1,0.0,0.0,0.0,0.0,0.0,0.12667499,0.75
561.87896908,0.5351228276952381,0.0017307717857142856,31,1,0.0,0.0,0.0,0.0,0.0,0.158281,4.0999999
561.87896908,0.5107990628000001,0.0017307717857142856,31,1,0.0,0.0,0.0,0.0,0.0,0.123924,0.82499999
564.36058396,0.5130550763272728,0.001729672142857143,30,0,0.0,0.0,0.0,0.0,0.0,0.117876,2.25
564.36058396,0.7524807786133333,0.001729672142857143,30,0,0.0,0.0,0.0,0.0,0.0,0.51313901,0.0250000005
564.36058396,0.5940637725894736,0.001729672142857143,30,0,0.0,0.0,0.0,0.0,0.0,0.22882099,0.05
564.10208241,0.5128200749181818,0.001729207142857143,29,1,0.0,0.0,0.0,0.0,0.0,0.117051,0.849999995
564.10208241,0.5372400784857143,0.001729207142857143,29,0,0.0,0.0,0.0,0.0,0.0,0.136995,0.45000000500000004
549.480807,0.5233150542857143,0.0017264,32,1,0.0,0.0,0.0,0.0,0.0,0.156129,2.35
549.480807,0.49952800636363637,0.0017264,32,1,0.0,0.0,0.0,0.0,0.0,0.14465,0.44999999999999996
564.0297078,0.5371711502857143,0.0017330474285714285,31,0,0.0,0.0,0.0,0.0,0.0,0.170719,0.82499999
564.0297078,0.5127542798181818,0.0017330474285714285,31,0,0.0,0.0,0.0,0.0,0.0,0.132938,2.5749999499999996
564.0297078,0.5371711502857143,0.0024895168131868132,185,1,0.0,0.0,0.0,0.0,0.0,0.17278001,6.5
561.27580872,0.5612758087199999,0.0017221614285714288,30,0,0.0,0.0,0.0,0.0,0.0,0.194313,0.22500000999999997
561.27580872,0.5345483892571429,0.0017221614285714288,30,0,0.0,0.0,0.0,0.0,0.0,0.15572,0.77499998
561.27580872,0.5612758087199999,0.002623209120879121,184,1,0.0,0.0,0.0,0.0,0.0,0.176503,9.7499998
565.74439968,0.5143130906181819,0.001725053142857143,29,1,0.0,0.0,0.0,0.0,0.0,0.13000099,1.1
565.74439968,0.56574439968,0.0023652064285714287,92,0,0.0,0.0,0.0,0.0,0.0,0.17833,1.024999995
565.74439968,0.4714536664,0.002663402857142857,183,1,0.0,0.0,0.0,0.0,0.0,0.15272801,1.0499999899999999
568.60221948,0.5169111086181818,0.0023833157142857143,89,1,0.0,0.0,0.0,0.0,0.0,0.15395799,2.9
568.60221948,0.4944367125913044,0.002703591098901099,180,1,0.0,0.0,0.0,0.0,0.0,0.158831,2.4
568.60221948,0.56860221948,0.002703591098901099,180,0,0.0,0.0,0.0,0.0,0.0,0.185946,2.275
579.0982122,0.5515221068571429,0.0016453046428571427,32,0,0.0,0.0,0.0,0.0,0.0,0.190052,0.450000015
579.0982122,0.5264529201818182,0.0016453046428571427,32,0,0.0,0.0,0.0,0.0,0.0,0.16270299,1.475
579.6697761600001,0.5269725237818182,0.0016699703571428574,31,0,0.0,0.0,0.0,0.0,0.0,0.16462199,1.425
559.872879,0.5332122657142857,0.0017108564285714287,29,0,0.0,0.0,0.0,0.0,0.0,0.182643,1.074999995
599.46667332,0.59946667332,0.001616965,32,0,0.0,0.0,0.0,0.0,0.0,0.245124,0.1
599.46667332,0.5709206412571429,0.001616965,32,0,0.0,0.0,0.0,0.0,0.0,0.189303,0.17500000500000001
599.46667332,0.5212753681043478,0.001616965,32,0,0.0,0.0,0.0,0.0,0.0,0.121404,2.02500005
592.29614364,0.5150401249043478,0.0016100785714285714,31,1,0.0,0.0,0.0,0.0,0.0,0.143961,1.275
592.29614364,0.4935801197,0.0016100785714285714,31,1,0.0,0.0,0.0,0.0,0.0,0.14264999,0.20000000499999998
592.29614364,0.5640915653714286,0.0016100785714285714,31,0,0.0,0.0,0.0,0.0,0.0,0.195757,0.25000000499999997
592.29614364,0.5384510396727272,0.0016100785714285714,31,0,0.0,0.0,0.0,0.0,0.0,0.16092899,0.799999985
592.29614364,0.5150401249043478,0.0016100785714285714,31,0,0.0,0.0,0.0,0.0,0.0,0.143562,2.7750001
600.24607872,0.5456782533818182,0.0016042639285714286,30,1,0.0,0.0,0.0,0.0,0.0,0.21650501,5.89999985
600.24607872,0.5716629321142858,0.0016042639285714286,30,0,0.0,0.0,0.0,0.0,0.0,0.196044,0.17500000500000001
597.4402192800001,0.5689906850285715,0.001586404642857143,29,0,0.0,0.0,0.0,0.0,0.0,0.20141301,0.17500000500000001
609.8214398700001,0.48785715189600004,0.002440528791208791,186,1,0.0,0.0,0.0,0.0,0.0,0.15302899,1.875
603.81771882,0.50318143235,0.0015965902857142855,31,1,0.0,0.0,0.0,0.0,0.0,0.127708,0.37500000499999997
603.81771882,0.5250588859304348,0.0015965902857142855,31,0,0.0,0.0,0.0,0.0,0.0,0.139321,1.55
603.81771882,0.5250588859304348,0.0015540531428571427,30,1,0.0,0.0,0.0,0.0,0.0,0.13590699,2.15
603.81771882,0.50318143235,0.0021914785714285713,93,1,0.0,0.0,0.0,0.0,0.0,0.15218399,1.675
598.12723539,0.5201106394695653,0.0015385482857142856,29,1,0.0,0.0,0.0,0.0,0.0,0.13170999,1.5
598.12723539,0.498439362825,0.0015385482857142856,29,1,0.0,0.0,0.0,0.0,0.0,0.113535,0.125000005
598.12723539,0.5201106394695653,0.0015385482857142856,29,0,0.0,0.0,0.0,0.0,0.0,0.12651999,1.85
598.12723539,0.498439362825,0.0021953628571428573,92,1,0.0,0.0,0.0,0.0,0.0,0.15216,1.425
598.12723539,0.5696449860857143,0.0021953628571428573,92,0,0.0,0.0,0.0,0.0,0.0,0.18109,0.97500001
598.12723539,0.5437520321727273,0.0021953628571428573,92,0,0.0,0.0,0.0,0.0,0.0,0.166905,2.05000005
598.12723539,0.59812723539,0.00244098032967033,183,0,0.0,0.0,0.0,0.0,0.0,0.189347,1.2999999999999998
592.85440212,0.5155255670608696,0.002206259642857143,89,1,0.0,0.0,0.0,0.0,0.0,0.15760601,2.7749999499999998
592.85440212,0.49404533510000004,0.002206259642857143,89,1,0.0,0.0,0.0,0.0,0.0,0.14992701,1.074999995
592.85440212,0.5646232401142858,0.002206259642857143,89,0,0.0,0.0,0.0,0.0,0.0,0.184847,1.175
592.85440212,0.5389585473818183,0.0024531195604395608,180,1,0.0,0.0,0.0,0.0,0.0,0.167041,6.9000001
589.56540711,0.491304505925,0.001555086,31,1,0.0,0.0,0.0,0.0,0.0,0.156077,0.22500000999999997
589.56540711,0.5614908639142857,0.001555086,31,0,0.0,0.0,0.0,0.0,0.0,0.20507,0.35000001000000003
604.0265439000001,0.5033554532500001,0.0015075303571428572,29,1,0.0,0.0,0.0,0.0,0.0,0.121163,0.22500000999999997
620.0146022600001,0.5166788352166667,0.0023781085714285714,187,0,0.0,0.0,0.0,0.0,0.0,0.139218,6.20000005
617.4447565900001,0.5145372971583334,0.0015963088571428572,32,1,0.0,0.0,0.0,0.0,0.0,0.146944,1.074999995
617.4447565900001,0.5145372971583334,0.0015963088571428572,32,0,0.0,0.0,0.0,0.0,0.0,0.134894,3.3499999
617.4447565900001,0.47495750506923085,0.0023907234065934065,186,1,0.0,0.0,0.0,0.0,0.0,0.152463,1.2000000000000002
617.4447565900001,0.6174447565900001,0.0023907234065934065,186,0,0.0,0.0,0.0,0.0,0.0,0.197969,1.0499999899999999
617.4447565900001,0.5880426253238096,0.0023907234065934065,186,0,0.0,0.0,0.0,0.0,0.0,0.185504,1.75
621.3781938400001,0.5178151615333334,0.0015655511428571429,31,1,0.0,0.0,0.0,0.0,0.0,0.141634,1.2
621.3781938400001,0.5178151615333334,0.0015655511428571429,31,0,0.0,0.0,0.0,0.0,0.0,0.13229901,2.875
620.4341689,0.5170284740833334,0.0015544959999999998,30,1,0.0,0.0,0.0,0.0,0.0,0.140815,1.125
620.4341689,0.49634733512,0.0021200853571428572,93,1,0.0,0.0,0.0,0.0,0.0,0.159815,1.375
620.4341689,0.6204341689,0.0023286349450549453,184,0,0.0,0.0,0.0,0.0,0.0,0.20081501,1.02499999
621.43063967,0.497144511736,0.0021312867857142858,89,1,0.0,0.0,0.0,0.0,0.0,0.15879101,1.325
625.36407692,0.4810492899384615,0.0023546224175824177,178,1,0.0,0.0,0.0,0.0,0.0,0.158847,1.525
625.36407692,0.46323264957037036,0.0023546224175824177,178,1,0.0,0.0,0.0,0.0,0.0,0.158553,0.80000001
627.6192476100001,0.482784036623077,0.0023491164835164834,177,1,0.0,0.0,0.0,0.0,0.0,0.15936799,1.6
624.26271449,0.5428371430347826,0.0015763399999999999,31,0,0.0,0.0,0.0,0.0,0.0,0.17940199,0.95
616.7629608,0.49341036864,0.0015691866666666667,30,1,0.0,0.0,0.0,0.0,0.0,0.19825301,0.500000015
622.05998963,0.5183833246916667,0.0015364825000000002,29,1,0.0,0.0,0.0,0.0,0.0,0.16778401,1.4249999999999998
622.05998963,0.5409217301130435,0.0015364825000000002,29,0,0.0,0.0,0.0,0.0,0.0,0.17806201,1.12499999
620.0146022600001,0.5391431324,0.001590970357142857,32,0,0.0,0.0,0.0,0.0,0.0,0.122331,0.724999995
616.97274412,0.5608843128363636,0.0015730385714285713,31,0,0.0,0.0,0.0,0.0,0.0,0.154222,0.20000000499999998
616.97274412,0.5364980383652174,0.0015730385714285713,31,0,0.0,0.0,0.0,0.0,0.0,0.131018,0.950000005
616.39583999,0.5359963826,0.0015637517857142857,30,0,0.0,0.0,0.0,0.0,0.0,0.121025,0.799999985
613.45887351,0.5334424987043478,0.001550074642857143,29,1,0.0,0.0,0.0,0.0,0.0,0.130439,2.625
613.45887351,0.511215727925,0.001550074642857143,29,1,0.0,0.0,0.0,0.0,0.0,0.131052,0.500000015
613.45887351,0.5334424987043478,0.001550074642857143,29,0,0.0,0.0,0.0,0.0,0.0,0.119355,0.97499999
602.21412504,0.5474673864,0.0015839857142857141,32,0,0.0,0.0,0.0,0.0,0.0,0.159364,0.67500001
602.21412504,0.5236644565565217,0.0015839857142857141,32,0,0.0,0.0,0.0,0.0,0.0,0.12606101,2.2250000500000002
602.21412504,0.5018451042,0.0025388901098901094,185,1,0.0,0.0,0.0,0.0,0.0,0.15158001,2.4250000500000004
603.4260355199999,0.5028550296,0.0015671251428571427,31,1,0.0,0.0,0.0,0.0,0.0,0.150079,0.37500000499999997
603.4260355199999,0.5247182917565216,0.0015671251428571427,31,0,0.0,0.0,0.0,0.0,0.0,0.125743,1.92500005
603.4260355199999,0.5746914623999999,0.002525294505494506,184,0,0.0,0.0,0.0,0.0,0.0,0.17523199,2.175
606.00793176,0.5269634189217391,0.0015574742857142857,30,0,0.0,0.0,0.0,0.0,0.0,0.12643,1.675
599.1053112,0.5446411919999999,0.0015442608571428571,29,1,0.0,0.0,0.0,0.0,0.0,0.166122,4.45000005
599.1053112,0.499254426,0.0015442608571428571,29,1,0.0,0.0,0.0,0.0,0.0,0.19107801,0.52499999
599.1053112,0.5446411919999999,0.0015442608571428571,29,0,0.0,0.0,0.0,0.0,0.0,0.132147,0.42500001
599.1053112,0.520961140173913,0.0015442608571428571,29,0,0.0,0.0,0.0,0.0,0.0,0.130536,2.4
599.1053112,0.5446411919999999,0.0021515677142857144,92,1,0.0,0.0,0.0,0.0,0.0,0.169165,5.8499999
599.1053112,0.520961140173913,0.0021515677142857144,92,1,0.0,0.0,0.0,0.0,0.0,0.15945999,2.9499999499999996
599.1053112,0.499254426,0.0021515677142857144,92,1,0.0,0.0,0.0,0.0,0.0,0.15785401,1.2999999999999998
599.1053112,0.47928424896,0.0021515677142857144,92,1,0.0,0.0,0.0,0.0,0.0,0.16682699,0.599999995
599.1053112,0.5446411919999999,0.0021515677142857144,92,0,0.0,0.0,0.0,0.0,0.0,0.154238,2.075
599.1053112,0.520961140173913,0.0021515677142857144,92,0,0.0,0.0,0.0,0.0,0.0,0.132337,4.0
599.1053112,0.46085023938461533,0.0021515677142857144,92,0,0.0,0.0,0.0,0.0,0.0,-99.989998,16.2000005
594.099594,0.5166083426086957,0.0021736105714285714,89,1,0.0,0.0,0.0,0.0,0.0,0.15572301,2.4
594.099594,0.495082995,0.0021736105714285714,89,1,0.0,0.0,0.0,0.0,0.0,0.15902101,1.05
594.099594,0.47527967520000003,0.0021736105714285714,89,1,0.0,0.0,0.0,0.0,0.0,0.177847,0.57499999
594.099594,0.5658091371428572,0.0021736105714285714,89,0,0.0,0.0,0.0,0.0,0.0,0.169928,1.1
594.099594,0.495082995,0.0025077931868131864,179,1,0.0,0.0,0.0,0.0,0.0,0.161304,2.1499999499999998
594.099594,0.5166083426086957,0.0025077931868131864,179,0,0.0,0.0,0.0,0.0,0.0,0.150509,6.64999985
594.099594,0.6253679936842106,0.0025077931868131864,179,0,0.0,0.0,0.0,0.0,0.0,0.198696,0.875
599.21069472,0.5447369952,0.002519563956043956,177,0,0.0,0.0,0.0,0.0,0.0,0.164731,4.10000005
649.74209256,0.5197936740479999,0.0015674942857142856,32,1,0.0,0.0,0.0,0.0,0.0,0.18798,1.92499995
649.74209256,0.4998016096615384,0.0015674942857142856,32,1,0.0,0.0,0.0,0.0,0.0,0.19945399,0.724999995
649.74209256,0.5414517437999999,0.0015674942857142856,32,0,0.0,0.0,0.0,0.0,0.0,0.199984,1.5750000000000002
651.9024547199999,0.5668716997565216,0.001554607857142857,31,1,0.0,0.0,0.0,0.0,0.0,0.272695,9.65
651.9024547199999,0.5432520456,0.001554607857142857,31,1,0.0,0.0,0.0,0.0,0.0,0.221287,5.35000015
651.9024547199999,0.5432520456,0.001554607857142857,31,0,0.0,0.0,0.0,0.0,0.0,0.194024,1.275
658.6469999999999,0.5269176,0.0015337142857142858,30,1,0.0,0.0,0.0,0.0,0.0,0.179974,2.55
658.6469999999999,0.5066515384615384,0.0015337142857142858,30,1,0.0,0.0,0.0,0.0,0.0,0.17888699,0.82499999
689.9459054399999,0.5307276195692308,0.001596678,32,1,0.0,0.0,0.0,0.0,0.0,0.143233,2.3249999499999996
689.9459054399999,0.5110710410666666,0.001596678,32,1,0.0,0.0,0.0,0.0,0.0,0.13785701,0.525000005
689.9459054399999,0.6272235503999999,0.001596678,32,0,0.0,0.0,0.0,0.0,0.0,0.309587,0.1500000005
689.9459054399999,0.5749549211999999,0.001596678,32,0,0.0,0.0,0.0,0.0,0.0,0.19443201,0.27500001
689.9459054399999,0.5519567243519999,0.001596678,32,0,0.0,0.0,0.0,0.0,0.0,0.154798,0.650000005
689.9459054399999,0.5307276195692308,0.001596678,32,0,0.0,0.0,0.0,0.0,0.0,0.132755,2.075
685.5724893600001,0.548457991488,0.00158334,31,1,0.0,0.0,0.0,0.0,0.0,0.151173,5.5
685.5724893600001,0.5273634533538463,0.00158334,31,1,0.0,0.0,0.0,0.0,0.0,0.133047,1.875
685.5724893600001,0.5078314736,0.00158334,31,1,0.0,0.0,0.0,0.0,0.0,0.13448,0.400000005
685.5724893600001,0.5273634533538463,0.00158334,31,0,0.0,0.0,0.0,0.0,0.0,0.13977601,2.3249999499999996
687.1005504,0.5089633706666666,0.0015728900000000002,30,1,0.0,0.0,0.0,0.0,0.0,0.139828,0.375
687.1005504,0.5285388849230769,0.0015728900000000002,30,0,0.0,0.0,0.0,0.0,0.0,0.116001,2.17500005
686.9951668799999,0.528457820676923,0.0015655225714285715,29,1,0.0,0.0,0.0,0.0,0.0,0.132283,1.875
686.9951668799999,0.5088853087999999,0.0015655225714285715,29,1,0.0,0.0,0.0,0.0,0.0,0.121533,0.275000005
686.9951668799999,0.5495961335039999,0.0015655225714285715,29,0,0.0,0.0,0.0,0.0,0.0,0.15582401,0.625
686.9951668799999,0.528457820676923,0.0015655225714285715,29,0,0.0,0.0,0.0,0.0,0.0,0.12828,2.025
709.31206776,0.4891807363862069,0.0016573359999999997,32,1,0.0,0.0,0.0,0.0,0.0,0.20962501,0.42500001
709.31206776,0.5910933898,0.0016573359999999997,32,0,0.0,0.0,0.0,0.0,0.0,0.25461,0.3
709.31206776,0.5456246675076923,0.0016573359999999997,32,0,0.0,0.0,0.0,0.0,0.0,0.201821,1.525
723.9174192000002,0.5362351253333334,0.0016633800000000001,31,0,0.0,0.0,0.0,0.0,0.0,0.200635,2.625
723.9174192000002,0.5170838708571429,0.0016633800000000001,31,0,0.0,0.0,0.0,0.0,0.0,0.185683,5.29999995
723.9174192000002,0.5362351253333334,0.002296367142857143,93,0,0.0,0.0,0.0,0.0,0.0,0.180397,4.54999995
743.1266314200001,0.5716358703230769,0.001662685,30,1,0.0,0.0,0.0,0.0,0.0,-99.989998,9.6999998
743.1266314200001,0.5308047367285715,0.001662685,30,1,0.0,0.0,0.0,0.0,0.0,0.191273,2.775
743.1266314200001,0.5504641714222223,0.001662685,30,0,0.0,0.0,0.0,0.0,0.0,0.197418,1.45
743.1266314200001,0.5308047367285715,0.001662685,30,0,0.0,0.0,0.0,0.0,0.0,0.18381999,3.3750001000000003
743.1266314200001,0.5504641714222223,0.0023019335714285715,92,0,0.0,0.0,0.0,0.0,0.0,0.18092801,3.3499999
739.84571914,0.5102384269931035,0.0029072768131868133,182,1,0.0,0.0,0.0,0.0,0.0,0.17395701,4.4499998
740.3219806000001,0.5105668831724138,0.0028929423076923077,177,1,0.0,0.0,0.0,0.0,0.0,0.173454,4.25
740.3219806000001,0.4935479870666667,0.0028929423076923077,177,1,0.0,0.0,0.0,0.0,0.0,0.168045,2.6000000500000002
740.3219806000001,0.5694784466153847,0.0028929423076923077,177,0,0.0,0.0,0.0,0.0,0.0,0.180709,3.29999995
742.33286232,0.5302377588,0.0017139342857142856,31,1,0.0,0.0,0.0,0.0,0.0,0.19230001,3.225
742.33286232,0.5119536981517241,0.0017139342857142856,31,1,0.0,0.0,0.0,0.0,0.0,0.187544,1.275
742.33286232,0.4789244273032258,0.0017139342857142856,31,1,0.0,0.0,0.0,0.0,0.0,0.22734401,0.274999995
742.33286232,0.5498761943111111,0.0017139342857142856,31,0,0.0,0.0,0.0,0.0,0.0,0.214793,1.4500000000000002
742.33286232,0.5302377588,0.0017139342857142856,31,0,0.0,0.0,0.0,0.0,0.0,0.20181,3.1999999499999996
755.9327729,0.5599502021481482,0.0016868585714285716,30,0,0.0,0.0,0.0,0.0,0.0,0.217335,0.874999995
768.20973498,0.5297998172275862,0.0016840307142857141,29,1,0.0,0.0,0.0,0.0,0.0,0.17663001,2.8999999499999998
768.20973498,0.5690442481333333,0.0016840307142857141,29,0,0.0,0.0,0.0,0.0,0.0,0.218964,0.525000005
768.20973498,0.5297998172275862,0.0016840307142857141,29,0,0.0,0.0,0.0,0.0,0.0,0.17244101,2.8000000500000004
758.8432596000001,0.5420308997142858,0.0016665557142857142,28,0,0.0,0.0,0.0,0.0,0.0,0.17853101,1.4249999999999998
761.06581308,0.5436184379142858,0.001809635714285714,31,1,0.0,0.0,0.0,0.0,0.0,0.19388001,5.1500001
761.06581308,0.50737720872,0.001809635714285714,31,1,0.0,0.0,0.0,0.0,0.0,0.16626801,0.625
761.06581308,0.4910102019870968,0.001809635714285714,31,1,0.0,0.0,0.0,0.0,0.0,0.16087601,0.1250000005
761.43623866,0.49124918623225805,0.0017966307142857144,30,1,0.0,0.0,0.0,0.0,0.0,0.16316,0.1250000005
761.43623866,0.5857201835846153,0.0017966307142857144,30,0,0.0,0.0,0.0,0.0,0.0,0.221946,0.25000000499999997
758.79034166,0.5419931011857143,0.0017823885714285713,29,1,0.0,0.0,0.0,0.0,0.0,0.162137,4.29999995
758.79034166,0.5233036839034483,0.0017823885714285713,29,1,0.0,0.0,0.0,0.0,0.0,0.14954799,1.45
758.79034166,0.5058602277733333,0.0017823885714285713,29,1,0.0,0.0,0.0,0.0,0.0,0.14011601,0.2750000005
758.79034166,0.4895421559096774,0.0017823885714285713,29,1,0.0,0.0,0.0,0.0,0.0,0.165007,0.1
758.79034166,0.5836848781999999,0.0017823885714285713,29,0,0.0,0.0,0.0,0.0,0.0,0.224163,0.274999995
758.79034166,0.5620669197481482,0.0017823885714285713,29,0,0.0,0.0,0.0,0.0,0.0,0.18768799,0.57499999
770.00894494,0.5310406516827586,0.00174969,28,1,0.0,0.0,0.0,0.0,0.0,0.177063,2.3999999499999998
770.00894494,0.5133392966266667,0.00174969,28,1,0.0,0.0,0.0,0.0,0.0,0.151144,0.5
770.00894494,0.5923145730307692,0.00174969,28,0,0.0,0.0,0.0,0.0,0.0,0.20440599,0.1250000005
770.00894494,0.5500063892428572,0.00174969,28,0,0.0,0.0,0.0,0.0,0.0,0.144849,0.92500001
770.00894494,0.5310406516827586,0.00174969,28,0,0.0,0.0,0.0,0.0,0.0,0.108002,2.5500000500000004
756.0877959000001,0.5400627113571429,0.0018145445714285715,32,0,0.0,0.0,0.0,0.0,0.0,0.165117,1.75
767.8842321,0.5906801785384616,0.0017746485714285715,30,1,0.0,0.0,0.0,0.0,0.0,-99.989998,14.25
767.8842321,0.5295753324827586,0.0017746485714285715,30,1,0.0,0.0,0.0,0.0,0.0,0.166807,2.4750000500000002
767.8842321,0.08958649374500001,0.003298404285714286,184,0,0.0,0.0,0.0,0.0,0.0,-99.989998,2.6250000950000003
770.1159903000001,0.5311144760689656,0.001741072,29,1,0.0,0.0,0.0,0.0,0.0,0.17167,2.6499999499999998
770.1159903000001,0.5134106602,0.001741072,29,1,0.0,0.0,0.0,0.0,0.0,0.157978,0.77499998
770.1159903000001,0.5134106602,0.0025928214285714287,92,1,0.0,0.0,0.0,0.0,0.0,0.170609,2.825
770.1159903000001,0.5500828502142858,0.0025928214285714287,92,0,0.0,0.0,0.0,0.0,0.0,0.180876,3.25
769.0001112,0.5492857937142858,0.0017322522857142854,28,1,0.0,0.0,0.0,0.0,0.0,0.191081,5.95000005
769.0001112,0.5126667408,0.0017322522857142854,28,1,0.0,0.0,0.0,0.0,0.0,0.15116499,0.67500001
769.0001112,0.569629712,0.0017322522857142854,28,0,0.0,0.0,0.0,0.0,0.0,0.191038,0.32500000500000004
769.0001112,0.5492857937142858,0.0017322522857142854,28,0,0.0,0.0,0.0,0.0,0.0,0.159944,0.82499999
769.0001112,0.5303449042758621,0.0017322522857142854,28,0,0.0,0.0,0.0,0.0,0.0,0.144731,2.4499999499999996
769.0001112,0.496129104,0.0025980449999999998,91,1,0.0,0.0,0.0,0.0,0.0,0.16029499,1.25
769.0001112,0.5915385470769231,0.003398127582417583,182,0,0.0,0.0,0.0,0.0,0.0,0.196841,2.6
773.144805,0.483215503125,0.0034212234065934067,179,1,0.0,0.0,0.0,0.0,0.0,0.157103,1.675
757.7881831000001,0.5226125400689656,0.003318196153846154,177,1,0.0,0.0,0.0,0.0,0.0,0.191438,6.25
757.7881831000001,0.5051921220666667,0.003318196153846154,177,1,0.0,0.0,0.0,0.0,0.0,0.170495,3.65
757.7881831000001,0.48889560200000004,0.003318196153846154,177,1,0.0,0.0,0.0,0.0,0.0,0.174786,2.5
757.7881831000001,0.47361761443750006,0.003318196153846154,177,1,0.0,0.0,0.0,0.0,0.0,0.171828,1.5
756.9379895,0.5220261996551724,0.0018704042857142858,32,1,0.0,0.0,0.0,0.0,0.0,0.18423299,2.0250000000000004
756.9379895,0.560694807037037,0.0018704042857142858,32,0,0.0,0.0,0.0,0.0,0.0,0.216993,0.9999999900000001
756.9379895,0.5406699924999999,0.0018704042857142858,32,0,0.0,0.0,0.0,0.0,0.0,0.195639,2.175
750.8803601000001,0.5363431143571429,0.0018651883333333332,31,1,0.0,0.0,0.0,0.0,0.0,0.19468699,3.8499999
750.8803601000001,0.5005869067333334,0.0018651883333333332,31,1,0.0,0.0,0.0,0.0,0.0,0.19061001,0.575000005
750.8803601000001,0.48443894200000004,0.0018651883333333332,31,1,0.0,0.0,0.0,0.0,0.0,0.18802001,0.15000000000000002
748.2235051,0.5755565423846154,0.00182907,30,0,0.0,0.0,0.0,0.0,0.0,0.22498199,0.44999999999999996
748.2235051,0.5344453607857143,0.00182907,30,0,0.0,0.0,0.0,0.0,0.0,0.185064,2.5749999499999996
756.6191669,0.521806322,0.0018157947826086956,29,1,0.0,0.0,0.0,0.0,0.0,0.16982999,1.625
756.6191669,0.5044127779333333,0.0018157947826086956,29,1,0.0,0.0,0.0,0.0,0.0,0.16556901,0.45000000500000004
756.6191669,0.5820147437692308,0.0018157947826086956,29,0,0.0,0.0,0.0,0.0,0.0,0.230471,0.32500000500000004
752.0493763000001,0.5570736120740741,0.0017989626086956523,28,0,0.0,0.0,0.0,0.0,0.0,0.197404,0.849999995
752.0493763000001,0.5371781259285715,0.0017989626086956523,28,0,0.0,0.0,0.0,0.0,0.0,0.180904,2.1999999499999996
752.4744731000002,0.5189479124827587,0.0018862435714285717,32,1,0.0,0.0,0.0,0.0,0.0,0.134251,0.849999995
752.4744731000002,0.5573884985925928,0.0018862435714285717,32,0,0.0,0.0,0.0,0.0,0.0,0.15958799,0.625
752.4744731000002,0.5374817665000001,0.0018862435714285717,32,0,0.0,0.0,0.0,0.0,0.0,0.137312,1.7999999999999998
751.4648682,0.5182516332413792,0.0018979485714285716,31,1,0.0,0.0,0.0,0.0,0.0,0.13313,0.724999995
751.4648682,0.556640643111111,0.0018979485714285716,31,0,0.0,0.0,0.0,0.0,0.0,0.162204,0.67500001
751.4648682,0.5367606201428571,0.0018979485714285716,31,0,0.0,0.0,0.0,0.0,0.0,0.139846,1.9249999999999998
756.7254411,0.5218796145517242,0.0018528042857142858,29,1,0.0,0.0,0.0,0.0,0.0,0.126009,0.849999995
756.7254411,0.5605373637777777,0.0018528042857142858,29,0,0.0,0.0,0.0,0.0,0.0,0.1561,0.39999998999999997
756.7254411,0.5405181722142858,0.0018528042857142858,29,0,0.0,0.0,0.0,0.0,0.0,0.133494,1.325
739.52912124,0.5282350866,0.001921665142857143,32,1,0.0,0.0,0.0,0.0,0.0,0.158903,1.97499995
739.52912124,0.4771155620903226,0.001921665142857143,32,1,0.0,0.0,0.0,0.0,0.0,0.208342,0.125
739.52912124,0.5477993490666666,0.001921665142857143,32,0,0.0,0.0,0.0,0.0,0.0,0.165511,1.25
739.52912124,0.5282350866,0.001921665142857143,32,0,0.0,0.0,0.0,0.0,0.0,0.14813501,3.20000005
739.52912124,0.5282350866,0.0040677669230769235,186,0,0.0,0.0,0.0,0.0,0.0,0.17155699,8.0
743.05119672,0.5504082938666667,0.0019015062857142859,31,0,0.0,0.0,0.0,0.0,0.0,0.1663,1.0499999949999999
743.05119672,0.5307508548000001,0.0019015062857142859,31,0,0.0,0.0,0.0,0.0,0.0,0.152935,2.875
745.8261652799999,0.5327329752,0.0019007722857142858,30,1,0.0,0.0,0.0,0.0,0.0,0.152062,2.325
745.8261652799999,0.5737124348307692,0.0019007722857142858,30,0,0.0,0.0,0.0,0.0,0.0,0.188062,0.29999999499999996
745.8261652799999,0.5327329752,0.003802438241758242,184,0,0.0,0.0,0.0,0.0,0.0,0.168616,7.25
751.42946718,0.5367353336999999,0.0018797177142857143,29,1,0.0,0.0,0.0,0.0,0.0,0.143179,2.6999999499999996
751.42946718,0.5182272187448276,0.0018797177142857143,29,1,0.0,0.0,0.0,0.0,0.0,0.133505,0.67500001
751.42946718,0.5780226670615385,0.0018797177142857143,29,0,0.0,0.0,0.0,0.0,0.0,0.18692,0.20000000499999998
751.42946718,0.5367353336999999,0.0018797177142857143,29,0,0.0,0.0,0.0,0.0,0.0,0.14030901,1.825
751.42946718,0.50095297812,0.0028420054285714287,92,1,0.0,0.0,0.0,0.0,0.0,0.154713,1.275
756.87267474,0.5406233390999999,0.0018643548571428573,28,1,0.0,0.0,0.0,0.0,0.0,0.17052899,3.3999999499999998
756.87267474,0.5219811549931034,0.0018643548571428573,28,1,0.0,0.0,0.0,0.0,0.0,0.14227501,0.875
756.87267474,0.4883049514451613,0.0018643548571428573,28,1,0.0,0.0,0.0,0.0,0.0,0.19056,0.125
756.87267474,0.5606464257333333,0.0018643548571428573,28,0,0.0,0.0,0.0,0.0,0.0,0.140802,0.32500000500000004
756.87267474,0.5406233390999999,0.0018643548571428573,28,0,0.0,0.0,0.0,0.0,0.0,0.108399,1.125
756.87267474,0.50458178316,0.0028205397142857143,91,1,0.0,0.0,0.0,0.0,0.0,0.152808,1.4500000000000002
756.87267474,0.5606464257333333,0.0028205397142857143,91,0,0.0,0.0,0.0,0.0,0.0,0.166734,2.1
756.87267474,0.47304542171249997,0.003631938351648352,182,1,0.0,0.0,0.0,0.0,0.0,0.160143,1.15
756.87267474,0.63072722895,0.003631938351648352,182,0,0.0,0.0,0.0,0.0,0.0,0.211629,1.4
756.87267474,0.5406233390999999,0.003631938351648352,182,0,0.0,0.0,0.0,0.0,0.0,0.166614,6.1500001
762.9562596599999,0.4922298449419354,0.003643643956043956,179,1,0.0,0.0,0.0,0.0,0.0,0.153216,1.9249999999999998
762.9562596599999,0.4768476622874999,0.003643643956043956,179,1,0.0,0.0,0.0,0.0,0.0,0.152555,1.1
762.9562596599999,0.7266250091999998,0.003643643956043956,179,0,0.0,0.0,0.0,0.0,0.0,0.25694901,0.42500001
764.0235552599999,0.5269127967310344,0.003705173076923077,178,1,0.0,0.0,0.0,0.0,0.0,0.158435,5.20000005
764.0235552599999,0.5093490368399999,0.003705173076923077,178,1,0.0,0.0,0.0,0.0,0.0,0.15475801,3.25
756.1789325999999,0.6301491105,0.0036851517582417582,177,0,0.0,0.0,0.0,0.0,0.0,0.20491301,1.225
756.1789325999999,0.5401278089999999,0.0036851517582417582,177,0,0.0,0.0,0.0,0.0,0.0,0.16093899,5.89999985
790.6525804799999,0.5271017203199999,0.0019486007142857143,32,1,0.0,0.0,0.0,0.0,0.0,0.142175,1.7000000000000002
790.6525804799999,0.4941578627999999,0.0019486007142857143,32,1,0.0,0.0,0.0,0.0,0.0,0.15192699,0.1250000005
790.6525804799999,0.5452776417103448,0.0019486007142857143,32,0,0.0,0.0,0.0,0.0,0.0,0.149378,1.2999999999999998
787.1838697799999,0.5247892465199999,0.0018960014285714286,31,1,0.0,0.0,0.0,0.0,0.0,0.144058,1.4500000000000002
787.1838697799999,0.5078605611483871,0.0018960014285714286,31,1,0.0,0.0,0.0,0.0,0.0,0.144168,0.375
787.1838697799999,0.5428854274344826,0.0018960014285714286,31,0,0.0,0.0,0.0,0.0,0.0,0.15432701,1.5499999999999998
790.7059452599999,0.52713729684,0.0019124071428571429,29,1,0.0,0.0,0.0,0.0,0.0,0.142938,1.6
790.7059452599999,0.5101328679096774,0.0019124071428571429,29,1,0.0,0.0,0.0,0.0,0.0,0.13940801,0.375
786.0632094,0.5240421396,0.0018869128571428573,28,1,0.0,0.0,0.0,0.0,0.0,0.14693899,1.2999999999999998
786.0632094,0.5421125582068965,0.0018869128571428573,28,0,0.0,0.0,0.0,0.0,0.0,0.160375,1.6
793.0006308,0.566429022,0.0021080157142857143,32,1,0.0,0.0,0.0,0.0,0.0,0.19099601,8.7999997
793.0006308,0.5468969867586206,0.0021080157142857143,32,1,0.0,0.0,0.0,0.0,0.0,0.163323,4.5
793.0006308,0.5286670872,0.0021080157142857143,32,1,0.0,0.0,0.0,0.0,0.0,0.173067,1.9999999499999999
784.88918424,0.52325945616,0.0020713222857142856,31,1,0.0,0.0,0.0,0.0,0.0,0.167724,1.5
784.88918424,0.5413028856827586,0.0020713222857142856,31,0,0.0,0.0,0.0,0.0,0.0,0.167559,2.1500000000000004
781.8473917799998,0.4886546198624999,0.0020386482857142857,30,1,0.0,0.0,0.0,0.0,0.0,0.18358301,0.1250000005
781.8473917799998,0.5584624226999999,0.0020386482857142857,30,0,0.0,0.0,0.0,0.0,0.0,0.18344399,0.950000005
766.21151124,0.5472939366,0.0020056954285714284,29,1,0.0,0.0,0.0,0.0,0.0,0.214232,5.25
766.21151124,0.5284217318896552,0.0020056954285714284,29,1,0.0,0.0,0.0,0.0,0.0,0.195112,2.29999995
766.21151124,0.5108076741600001,0.0020056954285714284,29,1,0.0,0.0,0.0,0.0,0.0,0.178049,0.67500001
766.21151124,0.5472939366,0.0020056954285714284,29,0,0.0,0.0,0.0,0.0,0.0,0.189584,1.75
757.3529577599999,0.50490197184,0.0019746277142857144,28,1,0.0,0.0,0.0,0.0,0.0,0.209646,0.67500001
757.3529577599999,0.5610021909333333,0.0019746277142857144,28,0,0.0,0.0,0.0,0.0,0.0,0.235182,1.275
757.3529577599999,0.5409663983999999,0.0019746277142857144,28,0,0.0,0.0,0.0,0.0,0.0,0.21410801,2.70000005
757.3529577599999,0.5223123846620689,0.0019746277142857144,28,0,0.0,0.0,0.0,0.0,0.0,0.180455,5.04999995
744.38694405,0.5726053415769231,0.0021576300000000002,30,0,0.0,0.0,0.0,0.0,0.0,0.223673,0.799999985
744.38694405,0.48024964132258063,0.0035932545714285717,93,1,0.0,0.0,0.0,0.0,0.0,0.189229,0.799999985
744.38694405,0.46524184003125,0.0035932545714285717,93,1,0.0,0.0,0.0,0.0,0.0,0.192609,0.42500001
744.38694405,0.5317049600357143,0.0035932545714285717,93,0,0.0,0.0,0.0,0.0,0.0,0.20602199,6.75
749.3720370000001,0.5168083013793104,0.0021675930434782607,29,1,0.0,0.0,0.0,0.0,0.0,0.185736,1.0750000050000001
749.3720370000001,0.4995813580000001,0.003228143142857143,92,1,0.0,0.0,0.0,0.0,0.0,0.192632,1.8500000500000002
749.3720370000001,0.4834658303225807,0.003228143142857143,92,1,0.0,0.0,0.0,0.0,0.0,0.183213,0.849999995
749.3720370000001,0.4995813580000001,0.004046082087912088,183,1,0.0,0.0,0.0,0.0,0.0,0.189881,3.52499995
749.3720370000001,0.4834658303225807,0.004046082087912088,183,1,0.0,0.0,0.0,0.0,0.0,0.186538,2.275
741.4923739500001,0.5296374099642858,0.0019503508695652171,28,1,0.0,0.0,0.0,0.0,0.0,0.186974,2.125
741.4923739500001,0.5113740510000001,0.0019503508695652171,28,1,0.0,0.0,0.0,0.0,0.0,0.17683899,0.625
741.4923739500001,0.5492536103333334,0.0019503508695652171,28,0,0.0,0.0,0.0,0.0,0.0,0.19370399,1.5499999999999998
741.4923739500001,0.47838217674193556,0.0029849894285714283,91,1,0.0,0.0,0.0,0.0,0.0,0.184908,0.67500001
745.67341965,0.59653873572,0.003950129340659341,179,0,0.0,0.0,0.0,0.0,0.0,0.212016,2.8999999499999998
741.1171519,0.4940781012666666,0.0038091202197802197,178,1,0.0,0.0,0.0,0.0,0.0,0.189529,2.875
750.1760842499999,0.5358400601785713,0.002020127142857143,32,1,0.0,0.0,0.0,0.0,0.0,0.195585,3.0500000500000004
750.1760842499999,0.5173628167241379,0.002020127142857143,32,1,0.0,0.0,0.0,0.0,0.0,0.176966,1.024999995
750.1760842499999,0.5770585263461537,0.002020127142857143,32,0,0.0,0.0,0.0,0.0,0.0,0.23786999,0.77499998
750.1760842499999,0.5556859883333333,0.002020127142857143,32,0,0.0,0.0,0.0,0.0,0.0,0.21235099,1.625
749.1576243999999,0.5351125888571427,0.0020103614285714284,31,1,0.0,0.0,0.0,0.0,0.0,0.189769,2.975
749.1576243999999,0.5166604306206896,0.0020103614285714284,31,1,0.0,0.0,0.0,0.0,0.0,0.176699,1.024999995
749.1576243999999,0.5549315736296295,0.0020103614285714284,31,0,0.0,0.0,0.0,0.0,0.0,0.20869599,1.475
749.1576243999999,0.5762750956923076,0.0019801185714285715,30,0,0.0,0.0,0.0,0.0,0.0,0.241372,0.775000005
749.1576243999999,0.5549315736296295,0.0019801185714285715,30,0,0.0,0.0,0.0,0.0,0.0,0.20816401,1.55
742.13561175,0.5118176632758621,0.001982239285714286,29,1,0.0,0.0,0.0,0.0,0.0,0.185958,0.775000005
742.13561175,0.5708735475,0.001982239285714286,29,0,0.0,0.0,0.0,0.0,0.0,0.23927601,0.849999995
742.13561175,0.5497300827777778,0.001982239285714286,29,0,0.0,0.0,0.0,0.0,0.0,0.21281999,1.825
742.13561175,0.5300968655357142,0.001982239285714286,29,0,0.0,0.0,0.0,0.0,0.0,0.19316,3.8499999
751.6233693,0.5567580513333333,0.0019383499999999997,28,1,0.0,0.0,0.0,0.0,0.0,0.24326301,6.70000005
751.6233693,0.5368738352142858,0.0019383499999999997,28,1,0.0,0.0,0.0,0.0,0.0,0.20859601,3.20000005
751.6233693,0.5183609443448276,0.0019383499999999997,28,1,0.0,0.0,0.0,0.0,0.0,0.19280601,1.15
751.6233693,0.5567580513333333,0.0019383499999999997,28,0,0.0,0.0,0.0,0.0,0.0,0.21256,1.35
808.28189885,0.5773442134642857,0.002094311714285714,32,1,0.0,0.0,0.0,0.0,0.0,-99.989998,10.75
808.28189885,0.5214721928064516,0.002094311714285714,32,1,0.0,0.0,0.0,0.0,0.0,0.17442299,1.1
808.28189885,0.5388545992333333,0.002094311714285714,32,0,0.0,0.0,0.0,0.0,0.0,0.142793,3.0
809.1931524,0.5394621016,0.002108646,31,1,0.0,0.0,0.0,0.0,0.0,0.180814,3.3000000500000004
809.1931524,0.5220600983225807,0.002108646,31,1,0.0,0.0,0.0,0.0,0.0,0.164258,1.1
809.1931524,0.5580642430344828,0.002108646,31,0,0.0,0.0,0.0,0.0,0.0,0.183716,1.275
812.3021351,0.5415347567333333,0.002127859714285714,30,1,0.0,0.0,0.0,0.0,0.0,0.168524,3.45
812.3021351,0.5602083690344828,0.002127859714285714,30,0,0.0,0.0,0.0,0.0,0.0,0.18203101,1.02499999
803.8328374,0.5186018305806451,0.002168405714285714,29,1,0.0,0.0,0.0,0.0,0.0,0.16071001,0.799999985
810.5868343,0.5403912228666666,0.0021294994285714288,28,1,0.0,0.0,0.0,0.0,0.0,0.173684,3.20000005
810.5868343,0.5229592479354839,0.0021294994285714288,28,1,0.0,0.0,0.0,0.0,0.0,0.15527099,0.95000001
810.5868343,0.5066167714375,0.0021294994285714288,28,1,0.0,0.0,0.0,0.0,0.0,0.159909,0.250000005
810.5868343,0.5590254029655172,0.0021294994285714288,28,0,0.0,0.0,0.0,0.0,0.0,0.174762,0.95000001
824.6499569599999,0.5320322302967742,0.0035211166666666667,32,1,0.0,0.0,0.0,0.0,0.0,0.197153,2.5250001
824.6499569599999,0.5687241082482758,0.0035211166666666667,32,0,0.0,0.0,0.0,0.0,0.0,0.213778,1.125
824.6499569599999,0.5497666379733332,0.0035211166666666667,32,0,0.0,0.0,0.0,0.0,0.0,0.189046,2.25
825.1882753599999,0.5501255169066667,0.00355303,31,1,0.0,0.0,0.0,0.0,0.0,0.203593,5.5
825.1882753599999,0.5323795324903225,0.00355303,31,1,0.0,0.0,0.0,0.0,0.0,0.183623,2.5250001
825.1882753599999,0.4854048678588235,0.006115467346938776,185,1,0.0,0.0,0.0,0.0,0.0,0.172856,2.12499995
839.18455376,0.5594563691733333,0.005243740857142857,93,1,0.0,0.0,0.0,0.0,0.0,0.175824,8.4499998
839.18455376,0.5244903461,0.005243740857142857,93,1,0.0,0.0,0.0,0.0,0.0,0.18513399,3.75
839.18455376,0.5594563691733333,0.005243740857142857,93,0,0.0,0.0,0.0,0.0,0.0,0.192129,3.8499999
839.18455376,0.5085966992484848,0.006279391632653061,184,1,0.0,0.0,0.0,0.0,0.0,0.177442,4.0
839.18455376,0.4936379728,0.006279391632653061,184,1,0.0,0.0,0.0,0.0,0.0,0.172454,2.5749999499999996
839.18455376,0.47953403072,0.006279391632653061,184,1,0.0,0.0,0.0,0.0,0.0,0.160806,1.37500001
839.18455376,0.7297256989217391,0.006279391632653061,184,0,0.0,0.0,0.0,0.0,0.0,0.289895,0.925
839.29221744,0.5595281449599999,0.0040519625,29,1,0.0,0.0,0.0,0.0,0.0,0.22108001,7.5
839.29221744,0.5245576358999999,0.0040519625,29,1,0.0,0.0,0.0,0.0,0.0,0.157225,1.225
839.29221744,0.5086619499636363,0.0040519625,29,1,0.0,0.0,0.0,0.0,0.0,0.158006,0.349999995
839.29221744,0.5788222189241379,0.0040519625,29,0,0.0,0.0,0.0,0.0,0.0,0.21082699,0.47500001000000003
839.29221744,0.5595281449599999,0.0040519625,29,0,0.0,0.0,0.0,0.0,0.0,0.181034,0.9999999900000001
839.29221744,0.5414788499612903,0.0040519625,29,0,0.0,0.0,0.0,0.0,0.0,0.16176499,2.375
839.29221744,0.5414788499612903,0.005560350285714286,92,1,0.0,0.0,0.0,0.0,0.0,0.18292899,6.1500001
839.29221744,0.5245576358999999,0.005560350285714286,92,1,0.0,0.0,0.0,0.0,0.0,0.17495801,3.6999999499999996
839.29221744,0.5086619499636363,0.0065771934693877555,183,1,0.0,0.0,0.0,0.0,0.0,0.178275,4.1999999500000005
839.29221744,0.49370130437647053,0.0065771934693877555,183,1,0.0,0.0,0.0,0.0,0.0,0.173913,2.75
824.27313408,0.5151707087999999,0.00415249875,28,1,0.0,0.0,0.0,0.0,0.0,0.167371,0.67500001
824.27313408,0.5887665243428571,0.00415249875,28,0,0.0,0.0,0.0,0.0,0.0,0.23673899,0.375
824.27313408,0.5684642303999999,0.00415249875,28,0,0.0,0.0,0.0,0.0,0.0,0.204731,0.75
824.27313408,0.54951542272,0.00415249875,28,0,0.0,0.0,0.0,0.0,0.0,0.183769,1.75
824.27313408,0.5317891187612903,0.0056793451428571425,91,1,0.0,0.0,0.0,0.0,0.0,0.192642,5.0
824.27313408,0.5887665243428571,0.0056793451428571425,91,0,0.0,0.0,0.0,0.0,0.0,0.218077,1.92499995
824.27313408,0.54951542272,0.0056793451428571425,91,0,0.0,0.0,0.0,0.0,0.0,0.19217201,4.5500002
824.27313408,0.4995594752,0.006676576530612245,182,1,0.0,0.0,0.0,0.0,0.0,0.179772,3.35
824.27313408,0.4848665494588235,0.006676576530612245,182,1,0.0,0.0,0.0,0.0,0.0,0.18381,2.40000005
826.80323056,0.5512021537066667,0.006789633265306122,179,1,0.0,0.0,0.0,0.0,0.0,0.19375999,9.8000002
831.0021140800001,0.5036376448969697,0.0067872638775510205,178,1,0.0,0.0,0.0,0.0,0.0,0.169067,3.0500000500000004
839.07689008,0.5085314485333333,0.006864600408163265,177,1,0.0,0.0,0.0,0.0,0.0,0.169476,3.5500000500000004
839.07689008,0.4935746412235294,0.006864600408163265,177,1,0.0,0.0,0.0,0.0,0.0,0.163991,2.17500005
767.10372,0.5290370482758621,0.004353287142857143,31,1,0.0,0.0,0.0,0.0,0.0,0.247768,2.9749999
767.10372,0.51140248,0.004353287142857143,31,1,0.0,0.0,0.0,0.0,0.0,0.23927,1.35
758.2752982400001,0.5055168654933334,0.00433725,30,1,0.0,0.0,0.0,0.0,0.0,0.23811699,0.94999999
762.5280136,0.5083520090666667,0.004329565714285714,29,1,0.0,0.0,0.0,0.0,0.0,0.23558301,1.0499999899999999
779.2697158399999,0.5374273902344827,0.0043165700000000005,28,1,0.0,0.0,0.0,0.0,0.0,0.232715,3.5500000500000004
779.2697158399999,0.5195131438933333,0.0043165700000000005,28,1,0.0,0.0,0.0,0.0,0.0,0.220257,1.525
779.2697158399999,0.5027546553806451,0.0043165700000000005,28,1,0.0,0.0,0.0,0.0,0.0,0.210081,0.500000015
779.2697158399999,0.48704357239999996,0.0043165700000000005,28,1,0.0,0.0,0.0,0.0,0.0,0.222689,0.20000000499999998
765.05811008,0.5276262828137931,0.004419762857142857,31,1,0.0,0.0,0.0,0.0,0.0,0.236992,2.35
765.05811008,0.5100387400533334,0.004419762857142857,31,1,0.0,0.0,0.0,0.0,0.0,0.228824,0.95000001
765.05811008,0.5667097111703704,0.004419762857142857,31,0,0.0,0.0,0.0,0.0,0.0,0.25661099,1.7999999999999998
765.05811008,0.5464700786285714,0.004419762857142857,31,0,0.0,0.0,0.0,0.0,0.0,0.233723,3.35
775.77064624,0.5541218901714285,0.0044106828571428575,30,1,0.0,0.0,0.0,0.0,0.0,0.25248101,6.0500002
775.77064624,0.5350142387862069,0.0044106828571428575,30,1,0.0,0.0,0.0,0.0,0.0,0.23601,3.1
775.77064624,0.5171804308266666,0.0044106828571428575,30,1,0.0,0.0,0.0,0.0,0.0,0.218861,1.225
775.77064624,0.5967466509538462,0.0044106828571428575,30,0,0.0,0.0,0.0,0.0,0.0,0.27934,0.625
775.77064624,0.5746449231407408,0.0044106828571428575,30,0,0.0,0.0,0.0,0.0,0.0,0.250848,1.2
775.77064624,0.5541218901714285,0.0044106828571428575,30,0,0.0,0.0,0.0,0.0,0.0,0.222633,2.29999995
770.7642851200001,0.5709365074962963,0.004412413714285714,29,1,0.0,0.0,0.0,0.0,0.0,0.300345,9.5999999
770.7642851200001,0.5315615759448277,0.004412413714285714,29,1,0.0,0.0,0.0,0.0,0.0,0.220226,2.5
770.7642851200001,0.5138428567466667,0.004412413714285714,29,1,0.0,0.0,0.0,0.0,0.0,0.209599,0.92500001
770.7642851200001,0.5928956039384616,0.004412413714285714,29,0,0.0,0.0,0.0,0.0,0.0,0.28217101,0.67500001
770.7642851200001,0.5709365074962963,0.004412413714285714,29,0,0.0,0.0,0.0,0.0,0.0,0.25765401,1.35
770.7642851200001,0.5505459179428572,0.004412413714285714,29,0,0.0,0.0,0.0,0.0,0.0,0.23217499,2.6
780.0233616,0.5379471459310345,0.0044098662857142866,28,1,0.0,0.0,0.0,0.0,0.0,0.229395,3.0500000500000004
780.0233616,0.5200155744,0.0044098662857142866,28,1,0.0,0.0,0.0,0.0,0.0,0.216268,1.175
780.0233616,0.557159544,0.0044098662857142866,28,0,0.0,0.0,0.0,0.0,0.0,0.214018,1.9749999999999999
815.2078647199999,0.5259405578838708,0.00450172,32,1,0.0,0.0,0.0,0.0,0.0,0.16464999,1.275
815.2078647199999,0.5622123204965517,0.00450172,32,0,0.0,0.0,0.0,0.0,0.0,0.183184,1.15
815.2078647199999,0.5095049154499999,0.007306928571428572,186,1,0.0,0.0,0.0,0.0,0.0,0.184357,4.1500001
815.2078647199999,0.9590680761411763,0.007306928571428572,186,0,0.0,0.0,0.0,0.0,0.0,0.403779,0.3
807.25910138,0.5381727342533333,0.0044727,31,1,0.0,0.0,0.0,0.0,0.0,0.170055,2.6000000500000002
807.25910138,0.6209685395230768,0.0044727,31,0,0.0,0.0,0.0,0.0,0.0,0.27698401,0.20000000499999998
807.25910138,0.5567304147448275,0.0044727,31,0,0.0,0.0,0.0,0.0,0.0,0.187948,1.525
807.25910138,0.645807281104,0.007405837142857144,185,0,0.0,0.0,0.0,0.0,0.0,0.246582,2.05000005
807.25910138,0.6209685395230768,0.007405837142857144,185,0,0.0,0.0,0.0,0.0,0.0,0.225245,2.525
807.25910138,0.5567304147448275,0.007405837142857144,185,0,0.0,0.0,0.0,0.0,0.0,0.195916,6.5
809.90868916,0.5399391261066666,0.0044428375,30,1,0.0,0.0,0.0,0.0,0.0,0.17700399,2.85
809.90868916,0.5225217349419354,0.0044428375,30,1,0.0,0.0,0.0,0.0,0.0,0.159263,0.875
809.90868916,0.6230066839692308,0.0044428375,30,0,0.0,0.0,0.0,0.0,0.0,0.27057901,0.15000000000000002
809.90868916,0.7713416087238095,0.005954324285714286,93,0,0.0,0.0,0.0,0.0,0.0,0.34326199,0.17500000500000001
809.90868916,0.647926951328,0.006813144285714287,184,0,0.0,0.0,0.0,0.0,0.0,0.237885,1.825
809.90868916,0.6230066839692308,0.006813144285714287,184,0,0.0,0.0,0.0,0.0,0.0,0.234273,2.75
809.90868916,0.558557716662069,0.006813144285714287,184,0,0.0,0.0,0.0,0.0,0.0,0.19702899,6.5
798.71553262,0.5508382983586206,0.0043512175,29,1,0.0,0.0,0.0,0.0,0.0,0.201645,4.6500001
798.71553262,0.5324770217466667,0.0043512175,29,1,0.0,0.0,0.0,0.0,0.0,0.17682301,1.825
798.71553262,0.5705110947285714,0.0043512175,29,0,0.0,0.0,0.0,0.0,0.0,0.20645501,0.874999995
798.71553262,0.5508382983586206,0.0043512175,29,0,0.0,0.0,0.0,0.0,0.0,0.17598499,1.8749999499999999
798.71553262,0.7606814596380952,0.0059221671428571435,92,0,0.0,0.0,0.0,0.0,0.0,0.33475301,0.17500000500000001
798.71553262,0.591641135274074,0.0059221671428571435,92,0,0.0,0.0,0.0,0.0,0.0,0.219643,1.94999995
798.71553262,0.5705110947285714,0.0059221671428571435,92,0,0.0,0.0,0.0,0.0,0.0,0.20791499,3.1000000500000002
798.71553262,0.5508382983586206,0.006850872857142857,183,1,0.0,0.0,0.0,0.0,0.0,0.18868101,8.8499999
798.71553262,0.6655962771833334,0.006850872857142857,183,0,0.0,0.0,0.0,0.0,0.0,0.25038201,1.525
798.71553262,0.638972426096,0.006850872857142857,183,0,0.0,0.0,0.0,0.0,0.0,0.23451,2.025
812.39605728,0.5602731429517241,0.00430440875,28,1,0.0,0.0,0.0,0.0,0.0,0.194557,6.14999985
812.39605728,0.54159737152,0.00430440875,28,1,0.0,0.0,0.0,0.0,0.0,0.168634,2.67499995
812.39605728,0.5241264885677419,0.00430440875,28,1,0.0,0.0,0.0,0.0,0.0,0.148689,0.69999999
812.39605728,0.5077475358,0.00430440875,28,1,0.0,0.0,0.0,0.0,0.0,0.144778,0.1250000005
812.39605728,0.5802828980571428,0.00430440875,28,0,0.0,0.0,0.0,0.0,0.0,0.197476,0.42499999499999996
812.39605728,0.5602731429517241,0.00430440875,28,0,0.0,0.0,0.0,0.0,0.0,0.171055,1.05
812.39605728,0.54159737152,0.00430440875,28,0,0.0,0.0,0.0,0.0,0.0,0.14691301,2.5999999
812.39605728,0.5241264885677419,0.005898849142857143,91,1,0.0,0.0,0.0,0.0,0.0,0.17533199,2.9749999
812.39605728,0.5602731429517241,0.005898849142857143,91,0,0.0,0.0,0.0,0.0,0.0,0.182364,3.6000000500000002
812.39605728,0.5077475358,0.006836225714285714,182,1,0.0,0.0,0.0,0.0,0.0,0.174127,3.35
812.39605728,0.4923612468363637,0.006836225714285714,182,1,0.0,0.0,0.0,0.0,0.0,0.167613,2.0249999499999998
812.39605728,0.5602731429517241,0.006836225714285714,182,0,0.0,0.0,0.0,0.0,0.0,0.19893099,6.5
806.6102227399999,0.5041313892125,0.007007864285714285,179,1,0.0,0.0,0.0,0.0,0.0,0.17125501,3.0749999499999996
806.6102227399999,0.4888546804484848,0.007007864285714285,179,1,0.0,0.0,0.0,0.0,0.0,0.165086,1.825
806.6102227399999,0.47447660161176464,0.007007864285714285,179,1,0.0,0.0,0.0,0.0,0.0,0.16077299,1.02499999
808.6650051,0.622050003923077,0.007104604285714285,178,0,0.0,0.0,0.0,0.0,0.0,0.222339,2.3249999499999996
806.98873528,0.5379924901866667,0.006985284285714286,177,1,0.0,0.0,0.0,0.0,0.0,0.17691,6.8000002
806.98873528,0.5206378937290322,0.006985284285714286,177,1,0.0,0.0,0.0,0.0,0.0,0.16701099,4.4000001
806.98873528,0.50436795955,0.006985284285714286,177,1,0.0,0.0,0.0,0.0,0.0,0.160175,2.67499995
806.98873528,0.7017293350260869,0.006985284285714286,177,0,0.0,0.0,0.0,0.0,0.0,0.272816,1.0250000099999999
806.98873528,0.645590988224,0.006985284285714286,177,0,0.0,0.0,0.0,0.0,0.0,0.230049,1.575
806.98873528,0.5977694335407407,0.006985284285714286,177,0,0.0,0.0,0.0,0.0,0.0,0.211115,3.25
806.98873528,0.5764205252,0.006985284285714286,177,0,0.0,0.0,0.0,0.0,0.0,0.19919699,4.45000005
806.98873528,0.5565439553655173,0.006985284285714286,177,0,0.0,0.0,0.0,0.0,0.0,0.18286601,5.8499999
862.3597125599999,0.53897482035,0.004524068571428571,32,1,0.0,0.0,0.0,0.0,0.0,0.182152,3.075
862.3597125599999,0.5226422500363636,0.004524068571428571,32,1,0.0,0.0,0.0,0.0,0.0,0.16629501,1.1
862.3597125599999,0.5749064750399999,0.004524068571428571,32,0,0.0,0.0,0.0,0.0,0.0,0.2089,0.849999995
862.3597125599999,0.5563611048774193,0.004524068571428571,32,0,0.0,0.0,0.0,0.0,0.0,0.18352,1.7
862.3597125599999,0.53897482035,0.004524068571428571,32,0,0.0,0.0,0.0,0.0,0.0,0.167105,3.54999995
854.30280278,0.5177592744121212,0.004532299285714286,31,1,0.0,0.0,0.0,0.0,0.0,0.16801099,0.82499999
854.30280278,0.6102162877,0.004532299285714286,31,0,0.0,0.0,0.0,0.0,0.0,0.26277801,0.274999995
858.25014784,0.5364063424,0.0045180864285714285,30,1,0.0,0.0,0.0,0.0,0.0,0.17691299,2.65
858.25014784,0.5201516047515151,0.0045180864285714285,30,1,0.0,0.0,0.0,0.0,0.0,0.166875,0.92500001
858.25014784,0.5918966536827586,0.0045180864285714285,30,0,0.0,0.0,0.0,0.0,0.0,0.23207401,0.39999998999999997
858.3042210599999,0.5364401381624999,0.004482200714285714,29,1,0.0,0.0,0.0,0.0,0.0,0.17974301,2.65
858.3042210599999,0.57220281404,0.004482200714285714,29,0,0.0,0.0,0.0,0.0,0.0,0.219583,0.92500001
858.3042210599999,0.5537446587483871,0.004482200714285714,29,0,0.0,0.0,0.0,0.0,0.0,0.195079,1.875
858.3042210599999,0.5364401381624999,0.004482200714285714,29,0,0.0,0.0,0.0,0.0,0.0,0.178812,3.85
864.52264136,0.5763484275733333,0.00444756,28,0,0.0,0.0,0.0,0.0,0.0,0.219047,0.75
864.52264136,0.5577565428129032,0.00444756,28,0,0.0,0.0,0.0,0.0,0.0,0.19493701,1.575
911.5122695399999,0.5524316785090908,0.004475461428571428,32,1,0.0,0.0,0.0,0.0,0.0,0.185956,5.25
911.5122695399999,0.5361836879647058,0.004475461428571428,32,1,0.0,0.0,0.0,0.0,0.0,0.161827,2.1999999499999996
911.5122695399999,0.5208641540228571,0.004475461428571428,32,1,0.0,0.0,0.0,0.0,0.0,0.149781,0.650000005
911.5122695399999,0.5524316785090908,0.004475461428571428,32,0,0.0,0.0,0.0,0.0,0.0,0.151728,1.9749999999999999
894.53327846,0.5111618734057143,0.004492426285714286,31,1,0.0,0.0,0.0,0.0,0.0,0.145227,0.25000000499999997
894.53327846,0.6626172433037038,0.004492426285714286,31,0,0.0,0.0,0.0,0.0,0.0,0.368168,0.1999999955
894.53327846,0.616919502386207,0.004492426285714286,31,0,0.0,0.0,0.0,0.0,0.0,0.25995401,0.225
894.53327846,0.5590832990375,0.004492426285714286,31,0,0.0,0.0,0.0,0.0,0.0,0.18248001,1.6
894.53327846,0.5421413808848485,0.004492426285714286,31,0,0.0,0.0,0.0,0.0,0.0,0.166113,3.35
894.6414249,0.5964276166,0.004491516857142857,30,1,0.0,0.0,0.0,0.0,0.0,0.249035,15.5499995
894.6414249,0.5422069241818182,0.004491516857142857,30,1,0.0,0.0,0.0,0.0,0.0,0.16797,2.9749999
894.6414249,0.5591508905625,0.004491516857142857,30,0,0.0,0.0,0.0,0.0,0.0,0.165546,1.425
886.47636868,0.537258405260606,0.004524083714285715,29,1,0.0,0.0,0.0,0.0,0.0,0.167261,2.25
886.47636868,0.5214566874588235,0.004524083714285715,29,1,0.0,0.0,0.0,0.0,0.0,0.157287,0.67500001
886.47636868,0.554047730425,0.004524083714285715,29,0,0.0,0.0,0.0,0.0,0.0,0.166612,1.825
886.47636868,0.537258405260606,0.004524083714285715,29,0,0.0,0.0,0.0,0.0,0.0,0.153001,4.0500000499999995
892.20813,0.5248283117647059,0.004511882285714286,28,1,0.0,0.0,0.0,0.0,0.0,0.142149,0.724999995
892.20813,0.55763008125,0.004511882285714286,28,0,0.0,0.0,0.0,0.0,0.0,0.171242,1.4
892.20813,0.5407322,0.004511882285714286,28,0,0.0,0.0,0.0,0.0,0.0,0.157134,3.25
913.8859547999999,0.5375799734117647,0.00454319,32,1,0.0,0.0,0.0,0.0,0.0,0.164211,2.5500000500000004
913.8859547999999,0.5896038418064515,0.00454319,32,0,0.0,0.0,0.0,0.0,0.0,0.23611701,0.650000005
913.8859547999999,0.57117872175,0.00454319,32,0,0.0,0.0,0.0,0.0,0.0,0.208196,1.15
913.8859547999999,0.5538702756363636,0.00454319,32,0,0.0,0.0,0.0,0.0,0.0,0.184339,2.17499995
917.4687568799999,0.5396875040470588,0.004515155,31,1,0.0,0.0,0.0,0.0,0.0,0.176864,2.8999999499999998
917.4687568799999,0.6327370737103447,0.004515155,31,0,0.0,0.0,0.0,0.0,0.0,0.31062001,0.274999995
917.4687568799999,0.6116458379199999,0.004515155,31,0,0.0,0.0,0.0,0.0,0.0,0.28260899,0.44999999999999996
917.4687568799999,0.57341797305,0.004515155,31,0,0.0,0.0,0.0,0.0,0.0,0.21239001,1.0999999950000001
917.4687568799999,0.5560416708363636,0.004515155,31,0,0.0,0.0,0.0,0.0,0.0,0.186399,2.05000005
917.4687568799999,0.6553348263428571,0.006887994285714286,185,0,0.0,0.0,0.0,0.0,0.0,0.27305099,2.8249999499999996
905.25465888,0.532502740517647,0.00452167,30,1,0.0,0.0,0.0,0.0,0.0,0.17356899,1.975
905.25465888,0.5657841618,0.00452167,30,0,0.0,0.0,0.0,0.0,0.0,0.214697,1.5
905.25465888,0.5840352637935483,0.006012894285714285,93,0,0.0,0.0,0.0,0.0,0.0,0.21066099,2.6
908.1860424,0.5342270837647058,0.004524240434782609,29,1,0.0,0.0,0.0,0.0,0.0,0.184743,2.1
908.1860424,0.5676162765,0.004524240434782609,29,0,0.0,0.0,0.0,0.0,0.0,0.198835,1.25
908.1860424,0.5504157832727273,0.004524240434782609,29,0,0.0,0.0,0.0,0.0,0.0,0.170632,2.42499995
908.1860424,0.5504157832727273,0.00597346857142857,92,0,0.0,0.0,0.0,0.0,0.0,0.175961,5.3499999
899.9890255199999,0.5294053091294117,0.0045059956521739135,28,1,0.0,0.0,0.0,0.0,0.0,0.17164101,1.5
899.9890255199999,0.5624931409499999,0.0045059956521739135,28,0,0.0,0.0,0.0,0.0,0.0,0.20641799,1.525
899.9890255199999,0.5294053091294117,0.006025130000000001,91,1,0.0,0.0,0.0,0.0,0.0,0.18127599,4.04999995
899.9890255199999,0.5806380809806451,0.006025130000000001,91,0,0.0,0.0,0.0,0.0,0.0,0.217292,3.0249999499999998
899.9890255199999,0.5454478942545454,0.006025130000000001,91,0,0.0,0.0,0.0,0.0,0.0,0.186451,6.10000015
899.9890255199999,0.5999926836799999,0.006724532857142857,182,0,0.0,0.0,0.0,0.0,0.0,0.244532,4.95000005
922.95152976,0.5768447060999999,0.00694623,178,1,0.0,0.0,0.0,0.0,0.0,0.196051,14.4
922.95152976,0.5593645634909091,0.00694623,178,1,0.0,0.0,0.0,0.0,0.0,0.182735,10.8
922.95152976,0.49889271878918917,0.00694623,178,1,0.0,0.0,0.0,0.0,0.0,0.150518,2.025
946.7283072,0.5259601706666667,0.004985965714285714,32,1,0.0,0.0,0.0,0.0,0.0,0.152077,1.125
946.7283072,0.5737747316363636,0.004985965714285714,32,0,0.0,0.0,0.0,0.0,0.0,0.19987801,0.95000001
946.7283072,0.5568990042352941,0.004985965714285714,32,0,0.0,0.0,0.0,0.0,0.0,0.17934801,1.875
947.37972576,0.5263220698666667,0.004959032285714285,31,1,0.0,0.0,0.0,0.0,0.0,0.150849,1.1
947.37972576,0.5572821916235294,0.004959032285714285,31,0,0.0,0.0,0.0,0.0,0.0,0.184578,1.875
947.37972576,0.5413598432914286,0.004959032285714285,31,0,0.0,0.0,0.0,0.0,0.0,0.171884,3.75
954.21962064,0.5301220114666667,0.0049637405714285715,30,1,0.0,0.0,0.0,0.0,0.0,0.163745,1.575
954.21962064,0.6156255617032258,0.0049637405714285715,30,0,0.0,0.0,0.0,0.0,0.0,0.26192799,0.25
954.21962064,0.5783149216,0.0049637405714285715,30,0,0.0,0.0,0.0,0.0,0.0,0.200642,0.700000015
954.21962064,0.5613056592,0.0049637405714285715,30,0,0.0,0.0,0.0,0.0,0.0,0.177209,1.4
954.21962064,0.5452683546514285,0.0049637405714285715,30,0,0.0,0.0,0.0,0.0,0.0,0.158362,2.9
949.22541168,0.5583678892235294,0.0049549868571428565,29,1,0.0,0.0,0.0,0.0,0.0,0.197497,6.6500001
942.7655109599999,0.53872314912,0.004954202857142858,28,0,0.0,0.0,0.0,0.0,0.0,0.172371,4.4
945.69689448,0.59106055905,0.00518649,32,1,0.0,0.0,0.0,0.0,0.0,0.19196901,14.45
945.69689448,0.5403982254171429,0.00518649,32,1,0.0,0.0,0.0,0.0,0.0,0.133214,2.2249999
945.69689448,0.5562922908705882,0.00518649,32,0,0.0,0.0,0.0,0.0,0.0,0.149987,1.575
937.93415664,0.5684449434181817,0.00514459,31,0,0.0,0.0,0.0,0.0,0.0,0.17185999,0.92500001
937.93415664,0.5517259744941176,0.00514459,31,0,0.0,0.0,0.0,0.0,0.0,0.14921901,1.9999999499999999
939.7255576800001,0.6062745533419355,0.0051810499999999995,30,0,0.0,0.0,0.0,0.0,0.0,0.23880699,0.300000005
939.7255576800001,0.5873284735500001,0.0051810499999999995,30,0,0.0,0.0,0.0,0.0,0.0,0.193976,0.39999998999999997
942.9283655999999,0.5388162089142856,0.005134664166666667,29,1,0.0,0.0,0.0,0.0,0.0,0.136031,1.775
942.9283655999999,0.523849092,0.005134664166666667,29,1,0.0,0.0,0.0,0.0,0.0,0.124358,0.375
942.9283655999999,0.725329512,0.005134664166666667,29,0,0.0,0.0,0.0,0.0,0.0,0.47633901,0.125
942.9283655999999,0.6286189104,0.005134664166666667,29,0,0.0,0.0,0.0,0.0,0.0,0.28286701,0.1999999955
942.9283655999999,0.5714717367272727,0.005134664166666667,29,0,0.0,0.0,0.0,0.0,0.0,0.170462,0.75
942.9283655999999,0.5546637444705882,0.005134664166666667,29,0,0.0,0.0,0.0,0.0,0.0,0.142911,1.625
943.7426387999999,0.5392815078857143,0.005182935,28,1,0.0,0.0,0.0,0.0,0.0,0.13033099,1.6749999999999998
943.7426387999999,0.5243014659999999,0.005182935,28,1,0.0,0.0,0.0,0.0,0.0,0.127564,0.400000005
943.7426387999999,0.5719652356363636,0.005182935,28,0,0.0,0.0,0.0,0.0,0.0,0.170745,0.700000015
943.7426387999999,0.5551427287058823,0.005182935,28,0,0.0,0.0,0.0,0.0,0.0,0.141835,1.525
943.7426387999999,0.5392815078857143,0.005182935,28,0,0.0,0.0,0.0,0.0,0.0,0.114942,3.5
932.2628172999999,0.47808349605128203,0.009160747959183674,185,1,0.0,0.0,0.0,0.0,0.0,0.155522,1.1500000099999999
941.5255104,0.5230697280000001,0.0076846442857142865,93,1,0.0,0.0,0.0,0.0,0.0,0.164836,2.85
941.5255104,0.7242503926153846,0.0076846442857142865,93,0,0.0,0.0,0.0,0.0,0.0,0.33724499,0.525000005
941.5255104,0.5230697280000001,0.008556527142857144,184,1,0.0,0.0,0.0,0.0,0.0,0.164499,4.85000015
959.07014086,0.5812546308242424,0.007616351428571429,92,0,0.0,0.0,0.0,0.0,0.0,0.20841201,3.0
954.6022535999999,0.5303345853333333,0.00770406,91,1,0.0,0.0,0.0,0.0,0.0,0.157829,3.3999999499999998
954.6022535999999,0.8678202305454544,0.00770406,91,0,0.0,0.0,0.0,0.0,0.0,0.46372899,0.27500001
957.1086293799999,0.5469192167885714,0.0055577149999999995,32,1,0.0,0.0,0.0,0.0,0.0,0.150365,3.5
957.1086293799999,0.5317270163222222,0.0055577149999999995,32,1,0.0,0.0,0.0,0.0,0.0,0.136329,1.225
957.1086293799999,0.5630050761058824,0.0055577149999999995,32,0,0.0,0.0,0.0,0.0,0.0,0.16974799,1.325
958.3618172699998,0.5324232318166666,0.005594475714285714,31,1,0.0,0.0,0.0,0.0,0.0,0.14043801,1.325
958.3618172699998,0.563742245452941,0.005594475714285714,31,0,0.0,0.0,0.0,0.0,0.0,0.168047,1.2000000000000002
958.3618172699998,0.5476353241542856,0.005594475714285714,31,0,0.0,0.0,0.0,0.0,0.0,0.143805,2.4749999
977.3775813399999,0.5429875451888888,0.005582618571428571,30,1,0.0,0.0,0.0,0.0,0.0,0.140571,2.4499999499999996
977.3775813399999,0.5283122061297296,0.005582618571428571,30,1,0.0,0.0,0.0,0.0,0.0,0.123713,0.625
977.3775813399999,0.5749279890235294,0.005582618571428571,30,0,0.0,0.0,0.0,0.0,0.0,0.188596,0.85
977.3775813399999,0.5585014750514286,0.005582618571428571,30,0,0.0,0.0,0.0,0.0,0.0,0.14518601,1.35
977.3775813399999,0.5283122061297296,0.008789666326530611,177,1,0.0,0.0,0.0,0.0,0.0,0.159944,5.20000005
977.3775813399999,0.5012192724820512,0.008789666326530611,177,1,0.0,0.0,0.0,0.0,0.0,0.145971,1.9750000500000002
989.20113665,0.5495561870277778,0.005366074285714285,29,1,0.0,0.0,0.0,0.0,0.0,0.141828,3.5
989.20113665,0.5347033171081081,0.005366074285714285,29,1,0.0,0.0,0.0,0.0,0.0,0.121367,1.024999995
989.20113665,0.5818830215588235,0.005366074285714285,29,0,0.0,0.0,0.0,0.0,0.0,0.16779099,0.349999995
989.20113665,0.5652577923714286,0.005366074285714285,29,0,0.0,0.0,0.0,0.0,0.0,0.143584,0.80000001
989.20113665,0.5495561870277778,0.005366074285714285,29,0,0.0,0.0,0.0,0.0,0.0,0.120906,1.95
978.0314185,0.5433507880555556,0.005307398571428571,28,1,0.0,0.0,0.0,0.0,0.0,0.133854,2.4499999499999996
934.6602202199999,0.5498001295411764,0.005433142285714285,32,1,0.0,0.0,0.0,0.0,0.0,0.227843,5.4499998
934.6602202199999,0.5340915544114285,0.005433142285714285,32,1,0.0,0.0,0.0,0.0,0.0,0.220636,3.0249999499999998
934.6602202199999,0.5192556778999999,0.005433142285714285,32,1,0.0,0.0,0.0,0.0,0.0,0.20889901,1.375
934.6602202199999,0.5498001295411764,0.005433142285714285,32,0,0.0,0.0,0.0,0.0,0.0,0.233744,3.94999995
934.6602202199999,0.5340915544114285,0.005433142285714285,32,0,0.0,0.0,0.0,0.0,0.0,0.220222,6.4000001
941.4710239699999,0.5538064846882352,0.005386266571428572,31,1,0.0,0.0,0.0,0.0,0.0,0.232215,6.20000005
941.4710239699999,0.5379834422685714,0.005386266571428572,31,1,0.0,0.0,0.0,0.0,0.0,0.21938901,3.4499999499999996
941.4710239699999,0.523039457761111,0.005386266571428572,31,1,0.0,0.0,0.0,0.0,0.0,0.204071,1.55
941.4710239699999,0.6074006606258064,0.005386266571428572,31,0,0.0,0.0,0.0,0.0,0.0,0.29981601,0.72500002
941.4710239699999,0.58841938998125,0.005386266571428572,31,0,0.0,0.0,0.0,0.0,0.0,0.27207401,1.15
941.4710239699999,0.5705884993757575,0.005386266571428572,31,0,0.0,0.0,0.0,0.0,0.0,0.24717499,1.9
941.4710239699999,0.5538064846882352,0.005386266571428572,31,0,0.0,0.0,0.0,0.0,0.0,0.227826,3.25
938.36529746,0.5072244851135135,0.005351894571428571,30,1,0.0,0.0,0.0,0.0,0.0,0.19705001,0.5
938.36529746,0.5687062408848484,0.005351894571428571,30,0,0.0,0.0,0.0,0.0,0.0,0.242118,1.9
938.36529746,0.5519795867411764,0.005351894571428571,30,0,0.0,0.0,0.0,0.0,0.0,0.22229899,3.29999995
942.77869829,0.5387306847371428,0.005326787142857143,29,1,0.0,0.0,0.0,0.0,0.0,0.21367399,3.29999995
942.77869829,0.5713810292666667,0.005326787142857143,29,0,0.0,0.0,0.0,0.0,0.0,0.24442901,1.675
942.77869829,0.5545757048764706,0.005326787142857143,29,0,0.0,0.0,0.0,0.0,0.0,0.22017001,2.875
938.9101617599999,0.5365200924342857,0.005376251714285715,28,1,0.0,0.0,0.0,0.0,0.0,0.213653,2.9
938.9101617599999,0.5216167565333333,0.005376251714285715,28,1,0.0,0.0,0.0,0.0,0.0,0.201692,1.225
938.9101617599999,0.49416324303157894,0.005376251714285715,28,1,0.0,0.0,0.0,0.0,0.0,0.198295,0.15000000000000002
938.9101617599999,0.5868188511,0.005376251714285715,28,0,0.0,0.0,0.0,0.0,0.0,0.26790401,1.0250000099999999
938.9101617599999,0.5690364616727273,0.005376251714285715,28,0,0.0,0.0,0.0,0.0,0.0,0.244664,1.7999999999999998
938.9101617599999,0.5523000951529411,0.005376251714285715,28,0,0.0,0.0,0.0,0.0,0.0,0.225518,3.1999999499999996
887.0390804,0.55439942525,0.00559879,32,1,0.0,0.0,0.0,0.0,0.0,0.22094899,5.60000015
887.0390804,0.5375994426666667,0.00559879,32,1,0.0,0.0,0.0,0.0,0.0,0.213662,2.975
887.0390804,0.5217876943529411,0.00559879,32,1,0.0,0.0,0.0,0.0,0.0,0.206312,1.325
887.0390804,0.5068794745142857,0.00559879,32,1,0.0,0.0,0.0,0.0,0.0,0.224977,0.724999995
887.0390804,0.4927994891111111,0.00559879,32,1,0.0,0.0,0.0,0.0,0.0,0.212989,0.224999995
887.0390804,0.4548918361025641,0.00559879,32,1,0.0,0.0,0.0,0.0,0.0,0.32248199,0.174999995
887.0390804,0.5913593869333333,0.00559879,32,0,0.0,0.0,0.0,0.0,0.0,0.26293701,1.000000005
887.0390804,0.5722832776774194,0.00559879,32,0,0.0,0.0,0.0,0.0,0.0,0.23981699,1.775
887.0390804,0.55439942525,0.00559879,32,0,0.0,0.0,0.0,0.0,0.0,0.221581,3.1999999499999996
887.0390804,0.5375994426666667,0.00559879,32,0,0.0,0.0,0.0,0.0,0.0,0.204551,5.5
908.7246795399999,0.5507422300242424,0.0056234200000000005,31,1,0.0,0.0,0.0,0.0,0.0,0.19778199,4.4499998
908.7246795399999,0.5345439291411764,0.0056234200000000005,31,1,0.0,0.0,0.0,0.0,0.0,0.188518,2.05000005
908.7246795399999,0.5192712454514286,0.0056234200000000005,31,1,0.0,0.0,0.0,0.0,0.0,0.187419,0.82500001
908.7246795399999,0.5048470441888888,0.0056234200000000005,31,1,0.0,0.0,0.0,0.0,0.0,0.18238901,0.24999999550000002
908.7246795399999,0.6058164530266666,0.0056234200000000005,31,0,0.0,0.0,0.0,0.0,0.0,0.29098901,0.775
908.7246795399999,0.5862739868,0.0056234200000000005,31,0,0.0,0.0,0.0,0.0,0.0,0.24258099,1.0250000099999999
908.7246795399999,0.5679529247124999,0.0056234200000000005,31,0,0.0,0.0,0.0,0.0,0.0,0.21657,1.825
922.2373141799999,0.5763983213624999,0.00562152,30,0,0.0,0.0,0.0,0.0,0.0,0.220405,1.3250000000000002
944.9036690599999,0.5399449537485713,0.005648933478260869,29,1,0.0,0.0,0.0,0.0,0.0,0.177857,2.42499995
944.9036690599999,0.524946482811111,0.005648933478260869,29,1,0.0,0.0,0.0,0.0,0.0,0.172445,0.9
944.9036690599999,0.5726688903393938,0.005648933478260869,29,0,0.0,0.0,0.0,0.0,0.0,0.20001,1.2000000000000002
944.9036690599999,0.5558256876823529,0.005648933478260869,29,0,0.0,0.0,0.0,0.0,0.0,0.177628,2.375
936.4037859800001,0.5350878777028572,0.005644081739130435,28,1,0.0,0.0,0.0,0.0,0.0,0.16238301,1.65
936.4037859800001,0.5852523662375,0.005644081739130435,28,0,0.0,0.0,0.0,0.0,0.0,0.21811099,0.650000005
936.4037859800001,0.5675174460484849,0.005644081739130435,28,0,0.0,0.0,0.0,0.0,0.0,0.18689901,1.2000000000000002
936.4037859800001,0.5508257564588236,0.005644081739130435,28,0,0.0,0.0,0.0,0.0,0.0,0.17082,2.625
927.1089212,0.5011399574054054,0.010443598571428571,186,1,0.0,0.0,0.0,0.0,0.0,0.19170199,3.65
920.10361176,0.6815582309333333,0.010555365714285714,185,0,0.0,0.0,0.0,0.0,0.0,0.259442,1.65
918.0786395,0.5564112966666667,0.009234326000000001,93,1,0.0,0.0,0.0,0.0,0.0,0.206769,8.4499998
918.0786395,0.5246163654285715,0.009418619999999999,91,1,0.0,0.0,0.0,0.0,0.0,0.18963499,3.45
918.0786395,0.5246163654285715,0.01046173,182,1,0.0,0.0,0.0,0.0,0.0,0.19712199,6.25
918.0786395,0.5400462585294118,0.01046173,182,0,0.0,0.0,0.0,0.0,0.0,0.19653399,10.8
918.0786395,1.0200873772222223,0.01046173,182,0,0.0,0.0,0.0,0.0,0.0,0.408759,0.20000000499999998
912.55101252,0.5367947132470589,0.007618982857142857,32,1,0.0,0.0,0.0,0.0,0.0,0.17344099,2.075
912.55101252,0.52145772144,0.007618982857142857,32,1,0.0,0.0,0.0,0.0,0.0,0.169741,0.77499998
912.55101252,0.60836734168,0.007618982857142857,32,0,0.0,0.0,0.0,0.0,0.0,0.25382301,0.42499999499999996
912.55101252,0.5887425887225807,0.007618982857142857,32,0,0.0,0.0,0.0,0.0,0.0,0.211457,0.599999995
912.55101252,0.570344382825,0.007618982857142857,32,0,0.0,0.0,0.0,0.0,0.0,0.201372,1.4
912.55101252,0.553061219709091,0.007618982857142857,32,0,0.0,0.0,0.0,0.0,0.0,0.183522,2.775
912.55101252,0.5367947132470589,0.007618982857142857,32,0,0.0,0.0,0.0,0.0,0.0,0.17366999,5.29999995
912.55101252,0.5367947132470589,0.010442467142857143,179,1,0.0,0.0,0.0,0.0,0.0,0.198724,7.6500001
912.55101252,0.5069727847333333,0.010442467142857143,179,1,0.0,0.0,0.0,0.0,0.0,0.190419,3.95000005
912.55101252,0.4932708175783784,0.010442467142857143,179,1,0.0,0.0,0.0,0.0,0.0,0.193822,2.95000005
909.3220027,0.5511042440606061,0.007647775714285715,31,1,0.0,0.0,0.0,0.0,0.0,0.17882,4.0500001
909.3220027,0.5348952957058823,0.007647775714285715,31,1,0.0,0.0,0.0,0.0,0.0,0.17157,1.775
909.3220027,0.5196125729714286,0.007647775714285715,31,1,0.0,0.0,0.0,0.0,0.0,0.168396,0.625
909.3220027,0.5866593565806452,0.007647775714285715,31,0,0.0,0.0,0.0,0.0,0.0,0.219761,0.724999995
909.3220027,0.5683262516875,0.007647775714285715,31,0,0.0,0.0,0.0,0.0,0.0,0.198025,1.4500000000000002
909.3220027,0.5511042440606061,0.007647775714285715,31,0,0.0,0.0,0.0,0.0,0.0,0.183166,2.9749999
909.3220027,0.5196125729714286,0.007647775714285715,31,0,0.0,0.0,0.0,0.0,0.0,0.162705,9.4000001
909.3220027,0.8266563660909091,0.010401584285714284,178,0,0.0,0.0,0.0,0.0,0.0,0.34216401,0.575000005
908.33688106,0.5343158123882353,0.007686285,30,1,0.0,0.0,0.0,0.0,0.0,0.17312101,1.725
908.33688106,0.51904964632,0.007686285,30,1,0.0,0.0,0.0,0.0,0.0,0.17231899,0.625000015
908.33688106,0.5046316005888889,0.007686285,30,1,0.0,0.0,0.0,0.0,0.0,0.175157,0.20000000499999998
908.33688106,0.5677105506625,0.007686285,30,0,0.0,0.0,0.0,0.0,0.0,0.19648699,1.4
908.33688106,0.5505072006424242,0.007686285,30,0,0.0,0.0,0.0,0.0,0.0,0.17201699,2.75
908.0085071799999,0.5341226512823529,0.007684754285714286,29,1,0.0,0.0,0.0,0.0,0.0,0.17161199,1.5499999999999998
908.0085071799999,0.5675053169875,0.007684754285714286,29,0,0.0,0.0,0.0,0.0,0.0,0.19444899,1.4
911.1280590399999,0.6283641786482758,0.007706128571428571,28,0,0.0,0.0,0.0,0.0,0.0,0.278772,0.175
911.1280590399999,0.552198823660606,0.007706128571428571,28,0,0.0,0.0,0.0,0.0,0.0,0.177312,2.5500000500000004
952.1747940399999,0.5289859966888889,0.007905274285714286,30,1,0.0,0.0,0.0,0.0,0.0,0.197256,1.625
952.1747940399999,0.5601028200235294,0.007905274285714286,30,0,0.0,0.0,0.0,0.0,0.0,0.209105,2.5
949.65726096,0.5275873672,0.007890467142857143,29,1,0.0,0.0,0.0,0.0,0.0,0.19543301,1.475
949.65726096,0.5586219182117648,0.007890467142857143,29,0,0.0,0.0,0.0,0.0,0.0,0.212377,2.57500005
942.9255964199999,0.5546621155411764,0.007861556428571427,28,1,0.0,0.0,0.0,0.0,0.0,0.21109299,5.29999995
942.9255964199999,0.5238475535666666,0.007861556428571427,28,1,0.0,0.0,0.0,0.0,0.0,0.198935,1.2
942.9255964199999,0.4962766296947368,0.007861556428571427,28,1,0.0,0.0,0.0,0.0,0.0,0.20345999,0.1750000055
942.9255964199999,0.5893284977625,0.007861556428571427,28,0,0.0,0.0,0.0,0.0,0.0,0.240064,0.72500002
942.9255964199999,0.5714700584363636,0.007861556428571427,28,0,0.0,0.0,0.0,0.0,0.0,0.21855401,1.4
942.9255964199999,0.5546621155411764,0.007861556428571427,28,0,0.0,0.0,0.0,0.0,0.0,0.205043,2.8000000500000004
977.1859379,0.5583919645142857,0.007949516857142857,32,0,0.0,0.0,0.0,0.0,0.0,0.144866,2.125
978.3899754600001,0.5288594461945947,0.007930416285714286,31,1,0.0,0.0,0.0,0.0,0.0,0.15741999,0.82499999
978.3899754600001,0.5149420923473684,0.007930416285714286,31,1,0.0,0.0,0.0,0.0,0.0,0.171386,0.349999995
978.3899754600001,0.5755235149764706,0.007930416285714286,31,0,0.0,0.0,0.0,0.0,0.0,0.170045,0.97500001
978.3899754600001,0.5590799859771429,0.007930416285714286,31,0,0.0,0.0,0.0,0.0,0.0,0.143158,1.9749999999999999
985.61420082,0.5797730593058823,0.007936508,30,1,0.0,0.0,0.0,0.0,0.0,-99.989998,10.0000001
985.61420082,0.5475634449,0.007936508,30,1,0.0,0.0,0.0,0.0,0.0,0.175974,3.1000000500000002
985.61420082,0.5327644328756757,0.007936508,30,1,0.0,0.0,0.0,0.0,0.0,0.16701899,1.2000000000000002
985.61420082,0.5797730593058823,0.007936508,30,0,0.0,0.0,0.0,0.0,0.0,0.167913,0.700000015
985.61420082,0.5632081147542857,0.007936508,30,0,0.0,0.0,0.0,0.0,0.0,0.14514799,1.5499999999999998
988.51483676,0.5491749093111111,0.007987248285714286,29,1,0.0,0.0,0.0,0.0,0.0,0.174547,3.20000005
988.51483676,0.5343323441945946,0.007987248285714286,29,1,0.0,0.0,0.0,0.0,0.0,0.165887,1.225
988.51483676,0.5814793157411765,0.007987248285714286,29,0,0.0,0.0,0.0,0.0,0.0,0.17257699,0.67500001
988.51483676,0.5648656210057142,0.007987248285714286,29,0,0.0,0.0,0.0,0.0,0.0,0.154419,1.575
990.0472482,0.550026249,0.007943685142857143,28,1,0.0,0.0,0.0,0.0,0.0,0.175127,3.25
990.0472482,0.5351606747027027,0.007943685142857143,28,1,0.0,0.0,0.0,0.0,0.0,0.167215,1.25
990.0472482,0.5210774990526316,0.007943685142857143,28,1,0.0,0.0,0.0,0.0,0.0,0.16352899,0.375
1015.9522796,1.1288358662222222,0.012700035714285714,186,0,0.0,0.0,0.0,0.0,0.0,0.45585701,0.1999999955
1005.40263992,0.7181447428,0.012735827142857143,185,0,0.0,0.0,0.0,0.0,0.0,0.28216299,1.375
1005.40263992,0.6486468644645161,0.012735827142857143,185,0,0.0,0.0,0.0,0.0,0.0,0.241486,2.6
1005.40263992,0.62837664995,0.012735827142857143,185,0,0.0,0.0,0.0,0.0,0.0,0.22900701,3.25
1005.40263992,0.5914133175999999,0.012735827142857143,185,0,0.0,0.0,0.0,0.0,0.0,0.20816299,5.25
1013.97422216,0.5480941741405405,0.011419407142857142,93,1,0.0,0.0,0.0,0.0,0.0,0.17279901,6.04999995
1013.97422216,0.6541769175225807,0.012573771428571428,184,0,0.0,0.0,0.0,0.0,0.0,0.245371,2.5250001
1013.97422216,0.6337338888499999,0.012573771428571428,184,0,0.0,0.0,0.0,0.0,0.0,0.23290201,3.15
996.5563274799999,0.5386790959351351,0.011496178571428572,92,1,0.0,0.0,0.0,0.0,0.0,0.17007101,4.4000001
996.5563274799999,0.5245033302526315,0.011496178571428572,92,1,0.0,0.0,0.0,0.0,0.0,0.16875499,2.7249999
996.5563274799999,0.6643708849866666,0.011496178571428572,92,0,0.0,0.0,0.0,0.0,0.0,0.241372,0.549999985
996.5563274799999,0.5386790959351351,0.012614435714285714,183,1,0.0,0.0,0.0,0.0,0.0,0.181569,7.70000005
996.5563274799999,0.4745506321333333,0.012614435714285714,183,1,0.0,0.0,0.0,0.0,0.0,0.16755299,1.2000000100000001
996.5563274799999,0.5862096043999999,0.012614435714285714,183,0,0.0,0.0,0.0,0.0,0.0,0.20780399,5.70000005
1009.85326916,0.5458666319783784,0.011494242857142858,91,1,0.0,0.0,0.0,0.0,0.0,0.17002299,5.5
1009.85326916,0.5178734713641026,0.011494242857142858,91,1,0.0,0.0,0.0,0.0,0.0,0.15803599,1.85
1009.85326916,0.50492663458,0.011494242857142858,91,1,0.0,0.0,0.0,0.0,0.0,0.155489,0.974999995
1009.85326916,0.5940313348,0.011494242857142858,91,0,0.0,0.0,0.0,0.0,0.0,0.185331,1.97499995
1009.85326916,0.5458666319783784,0.012611714285714287,182,1,0.0,0.0,0.0,0.0,0.0,0.181813,8.8000002
1009.85326916,0.5315017206105263,0.012611714285714287,182,1,0.0,0.0,0.0,0.0,0.0,0.177146,6.5
1009.85326916,0.48088250912380953,0.012611714285714287,182,1,0.0,0.0,0.0,0.0,0.0,0.159903,1.275
1009.85326916,0.6515182381677419,0.012611714285714287,182,0,0.0,0.0,0.0,0.0,0.0,0.23852301,2.375
1009.85326916,0.6311582932249999,0.012611714285714287,182,0,0.0,0.0,0.0,0.0,0.0,0.227946,3.0500000500000004
1009.85326916,0.5770590109485714,0.012611714285714287,182,0,0.0,0.0,0.0,0.0,0.0,0.195582,6.25
1009.85326916,0.5610295939777777,0.012611714285714287,182,0,0.0,0.0,0.0,0.0,0.0,0.190238,8.1500001
1003.4795285199999,0.5424213667675675,0.009966645,32,1,0.0,0.0,0.0,0.0,0.0,0.14647301,2.175
1003.4795285199999,0.5281471202736842,0.009966645,32,1,0.0,0.0,0.0,0.0,0.0,0.14038999,0.72500002
1003.4795285199999,0.5734168734399999,0.009966645,32,0,0.0,0.0,0.0,0.0,0.0,0.18017501,1.125
1003.4795285199999,0.5574886269555555,0.009966645,32,0,0.0,0.0,0.0,0.0,0.0,0.152229,2.075
1003.4795285199999,0.50173976426,0.012617622857142857,179,1,0.0,0.0,0.0,0.0,0.0,0.16277,2.65
1003.4795285199999,0.4778473945333333,0.012617622857142857,179,1,0.0,0.0,0.0,0.0,0.0,0.157239,1.05000001
1003.4795285199999,0.6920548472551724,0.012617622857142857,179,0,0.0,0.0,0.0,0.0,0.0,0.26170799,1.5
1003.4795285199999,0.647406147432258,0.012617622857142857,179,0,0.0,0.0,0.0,0.0,0.0,0.22870199,2.175
1003.4795285199999,0.627174705325,0.012617622857142857,179,0,0.0,0.0,0.0,0.0,0.0,0.225445,3.0749999499999996
1003.4795285199999,0.5734168734399999,0.012617622857142857,179,0,0.0,0.0,0.0,0.0,0.0,0.195397,6.5
1003.4795285199999,0.5574886269555555,0.012617622857142857,179,0,0.0,0.0,0.0,0.0,0.0,0.186599,8.3000002
1003.4795285199999,0.5424213667675675,0.012617622857142857,179,0,0.0,0.0,0.0,0.0,0.0,0.171101,10.1500001
996.2815972799999,0.5385305931243243,0.00995431,31,1,0.0,0.0,0.0,0.0,0.0,0.154625,1.8250000000000002
996.2815972799999,0.5243587354105262,0.00995431,31,1,0.0,0.0,0.0,0.0,0.0,0.14269499,0.525000005
996.2815972799999,0.5693037698742857,0.00995431,31,0,0.0,0.0,0.0,0.0,0.0,0.17043801,1.2
996.2815972799999,0.5534897762666666,0.00995431,31,0,0.0,0.0,0.0,0.0,0.0,0.152465,2.5249999499999998
996.2815972799999,0.6226759983,0.012576172857142858,178,0,0.0,0.0,0.0,0.0,0.0,0.21954501,3.1000000500000002
996.2815972799999,0.5860479984,0.012576172857142858,178,0,0.0,0.0,0.0,0.0,0.0,0.198258,5.14999985
1003.5344745599999,0.5424510673297297,0.009996979999999999,30,1,0.0,0.0,0.0,0.0,0.0,0.155176,2.27500005
1003.5344745599999,0.5281760392421052,0.009996979999999999,30,1,0.0,0.0,0.0,0.0,0.0,0.147899,0.775000005
1003.5344745599999,0.6272090466,0.009996979999999999,30,0,0.0,0.0,0.0,0.0,0.0,0.249736,0.1500000005
1003.5344745599999,0.5903143968,0.009996979999999999,30,0,0.0,0.0,0.0,0.0,0.0,0.205879,0.55000001
1003.5344745599999,0.5575191525333333,0.012523162857142858,177,0,0.0,0.0,0.0,0.0,0.0,0.18150499,8.0
1003.5344745599999,0.5424510673297297,0.012523162857142858,177,0,0.0,0.0,0.0,0.0,0.0,0.17392699,10.2499999
1009.41370084,0.5312703688631579,0.009958164285714284,29,1,0.0,0.0,0.0,0.0,0.0,0.14837299,0.94999999
1009.41370084,0.5768078290514286,0.009958164285714284,29,0,0.0,0.0,0.0,0.0,0.0,0.183387,0.85000001
1009.41370084,0.5607853893555556,0.009958164285714284,29,0,0.0,0.0,0.0,0.0,0.0,0.163085,1.775
1010.29283748,0.5317330723578947,0.009951906428571428,28,1,0.0,0.0,0.0,0.0,0.0,0.149792,0.924999995
1010.29283748,0.5612737986,0.009951906428571428,28,0,0.0,0.0,0.0,0.0,0.0,0.15571401,1.6
1010.29283748,0.5317330723578947,0.009951906428571428,28,0,0.0,0.0,0.0,0.0,0.0,0.14933801,7.14999985
1010.78735184,0.5319933430736842,0.010196064,32,1,0.0,0.0,0.0,0.0,0.0,0.18103699,1.6
1007.6004815199999,0.5757717037257142,0.010103811428571429,31,0,0.0,0.0,0.0,0.0,0.0,0.204851,1.35
1011.8862726399999,0.5621590403555555,0.0100712,30,1,0.0,0.0,0.0,0.0,0.0,0.198917,6.54999995
1011.8862726399999,0.5469655527783783,0.0100712,30,1,0.0,0.0,0.0,0.0,0.0,0.18260799,3.45
1011.8862726399999,0.50594313632,0.0100712,30,1,0.0,0.0,0.0,0.0,0.0,0.17016099,0.1750000055
1022.2710742,0.5679283745555556,0.010029931999999998,29,1,0.0,0.0,0.0,0.0,0.0,0.221451,7.89999985
1022.2710742,0.5380374074736842,0.010029931999999998,29,1,0.0,0.0,0.0,0.0,0.0,0.183511,2.05
1022.2710742,0.5111355371,0.010029931999999998,29,1,0.0,0.0,0.0,0.0,0.0,0.169037,0.224999995
1022.2710742,0.48679574961904765,0.010029931999999998,29,1,0.0,0.0,0.0,0.0,0.0,0.218631,0.1
1022.2710742,0.5679283745555556,0.010029931999999998,29,0,0.0,0.0,0.0,0.0,0.0,0.19548801,1.84999995
1018.0951751599999,0.5358395658736842,0.01002975057142857,28,1,0.0,0.0,0.0,0.0,0.0,0.172874,1.6
1018.0951751599999,0.5358395658736842,0.01002975057142857,28,0,0.0,0.0,0.0,0.0,0.0,0.17038301,6.6500001
1017.21603852,0.5353768623789473,0.010167591666666666,32,1,0.0,0.0,0.0,0.0,0.0,0.15764301,1.35
1017.21603852,0.6164945688,0.010167591666666666,32,0,0.0,0.0,0.0,0.0,0.0,0.238493,0.32500000500000004
1017.21603852,0.5983623755999999,0.010167591666666666,32,0,0.0,0.0,0.0,0.0,0.0,0.206918,0.500000015
1017.21603852,0.5812663077257143,0.010167591666666666,32,0,0.0,0.0,0.0,0.0,0.0,0.184598,0.95000001
1017.21603852,0.5651200214,0.010167591666666666,32,0,0.0,0.0,0.0,0.0,0.0,0.16664,1.92499995
1004.138881,0.5427777735135135,0.010125660000000002,31,1,0.0,0.0,0.0,0.0,0.0,0.15597799,2.20000005
1004.138881,0.6275868006249999,0.010125660000000002,31,0,0.0,0.0,0.0,0.0,0.0,0.28766301,0.37499999
1004.138881,0.59066993,0.010125660000000002,31,0,0.0,0.0,0.0,0.0,0.0,0.205704,0.650000005
1004.138881,0.5737936462857143,0.010125660000000002,31,0,0.0,0.0,0.0,0.0,0.0,0.17867801,1.175
1004.138881,0.5578549338888888,0.010125660000000002,31,0,0.0,0.0,0.0,0.0,0.0,0.163946,2.475
997.1607339199999,0.5390058021189188,0.01014596125,30,1,0.0,0.0,0.0,0.0,0.0,0.169081,1.925
997.1607339199999,0.5248214389052631,0.01014596125,30,1,0.0,0.0,0.0,0.0,0.0,0.16905899,0.75
997.1607339199999,0.5698061336685714,0.01014596125,30,0,0.0,0.0,0.0,0.0,0.0,0.187776,1.575
1003.36963644,0.6081028099636364,0.010181775000000002,29,1,0.0,0.0,0.0,0.0,0.0,0.224177,17.8500005
1003.36963644,0.5423619656432432,0.010181775000000002,29,1,0.0,0.0,0.0,0.0,0.0,0.160173,2.1
1003.36963644,0.5280892823368422,0.010181775000000002,29,1,0.0,0.0,0.0,0.0,0.0,0.159403,0.77499998
1003.36963644,0.6081028099636364,0.010181775000000002,29,0,0.0,0.0,0.0,0.0,0.0,0.238527,0.375
1003.36963644,0.5733540779657142,0.010181775000000002,29,0,0.0,0.0,0.0,0.0,0.0,0.185533,1.225
1003.36963644,0.5574275758,0.010181775000000002,29,0,0.0,0.0,0.0,0.0,0.0,0.167257,2.5
1011.7214345199999,0.5468764510918919,0.01021931125,28,1,0.0,0.0,0.0,0.0,0.0,0.15273701,2.5500000500000004
1011.7214345199999,0.532484965536842,0.01021931125,28,1,0.0,0.0,0.0,0.0,0.0,0.14752901,0.875
1011.7214345199999,0.5620674636222222,0.01021931125,28,0,0.0,0.0,0.0,0.0,0.0,0.164112,1.825
1053.44713,0.6196747823529412,0.013469330000000002,186,0,0.0,0.0,0.0,0.0,0.0,0.19943,3.05
1060.9481148000002,0.5583937446315791,0.013460824285714285,185,1,0.0,0.0,0.0,0.0,0.0,0.16371299,10.1
1061.8305836000002,0.5445285044102565,0.01264346857142857,93,1,0.0,0.0,0.0,0.0,0.0,0.153199,4.8499999
1061.8305836000002,0.5899058797777779,0.01264346857142857,93,0,0.0,0.0,0.0,0.0,0.0,0.178923,2.29999995
1058.1352455,0.5426334592307693,0.012870928571428573,92,1,0.0,0.0,0.0,0.0,0.0,0.153956,4.54999995
1058.1352455,0.7054234970000001,0.012870928571428573,92,0,0.0,0.0,0.0,0.0,0.0,0.286939,0.45000000500000004
1058.1352455,0.5569132871052632,0.012870928571428573,92,0,0.0,0.0,0.0,0.0,0.0,0.15764,5.29999995
1058.1352455,0.5426334592307693,0.012870928571428573,92,0,0.0,0.0,0.0,0.0,0.0,0.15082499,7.75
1058.1352455,0.5569132871052632,0.013331418571428572,183,1,0.0,0.0,0.0,0.0,0.0,0.167247,9.950000200000002
1055.0466047,0.52752330235,0.012853514285714285,91,1,0.0,0.0,0.0,0.0,0.0,0.148334,2.5
1055.0466047,0.570295462,0.012853514285714285,91,0,0.0,0.0,0.0,0.0,0.0,0.1653,3.6
1055.0466047,0.5552876866842105,0.013291838571428571,182,1,0.0,0.0,0.0,0.0,0.0,0.16579799,9.5999999
1055.0466047,0.6806752288387097,0.013291838571428571,182,0,0.0,0.0,0.0,0.0,0.0,0.229453,1.2999999999999998
1067.1253964,0.5616449454736843,0.012333116428571428,32,1,0.0,0.0,0.0,0.0,0.0,0.145319,5.39999985
1067.1253964,0.5472437930256411,0.012333116428571428,32,1,0.0,0.0,0.0,0.0,0.0,0.136143,2.4750000500000002
1067.1253964,0.5335626982,0.012333116428571428,32,1,0.0,0.0,0.0,0.0,0.0,0.133579,0.9
1067.1253964,0.5081549506666667,0.012333116428571428,32,1,0.0,0.0,0.0,0.0,0.0,0.13891999,0.075000005
1067.1253964,0.6097859408,0.012333116428571428,32,0,0.0,0.0,0.0,0.0,0.0,0.205469,0.22500000999999997
1067.1253964,0.5928474424444444,0.012333116428571428,32,0,0.0,0.0,0.0,0.0,0.0,0.18377399,0.42499999499999996
1067.1253964,0.5616449454736843,0.012333116428571428,32,0,0.0,0.0,0.0,0.0,0.0,0.14655299,1.825
1067.1253964,0.5472437930256411,0.01349857142857143,179,1,0.0,0.0,0.0,0.0,0.0,0.159382,7.95000005
1067.1253964,0.8892711636666667,0.01349857142857143,179,0,0.0,0.0,0.0,0.0,0.0,0.34341899,0.32500000500000004
1072.5305178,0.5500156501538462,0.012341868571428572,31,1,0.0,0.0,0.0,0.0,0.0,0.13766401,2.9499999499999996
1072.5305178,0.5362652589000001,0.012341868571428572,31,1,0.0,0.0,0.0,0.0,0.0,0.131844,1.074999995
1072.5305178,0.5797462258378379,0.012341868571428572,31,0,0.0,0.0,0.0,0.0,0.0,0.164652,0.67500001
1072.5305178,0.5500156501538462,0.012341868571428572,31,0,0.0,0.0,0.0,0.0,0.0,0.13327099,3.20000005
1072.5305178,0.510728818,0.01345188857142857,178,1,0.0,0.0,0.0,0.0,0.0,0.150121,2.8999999499999998
1067.1805507000001,0.5472720772820514,0.01233112,30,1,0.0,0.0,0.0,0.0,0.0,0.13788299,2.4499999499999996
1067.1805507000001,0.5928780837222223,0.01233112,30,0,0.0,0.0,0.0,0.0,0.0,0.187622,0.39999998999999997
1067.1805507000001,0.5616739740526316,0.01233112,30,0,0.0,0.0,0.0,0.0,0.0,0.14875101,1.75
1067.1805507000001,0.5472720772820514,0.01233112,30,0,0.0,0.0,0.0,0.0,0.0,0.134286,3.70000005
1075.8397758,0.5517127055384616,0.012332980714285713,29,1,0.0,0.0,0.0,0.0,0.0,0.13856,3.15
1075.8397758,0.581535013945946,0.012332980714285713,29,0,0.0,0.0,0.0,0.0,0.0,0.167982,0.57499999
1075.8397758,0.5662314609473684,0.012332980714285713,29,0,0.0,0.0,0.0,0.0,0.0,0.15226901,1.325
1075.8397758,0.5517127055384616,0.012332980714285713,29,0,0.0,0.0,0.0,0.0,0.0,0.134626,2.85
1076.3361645,0.5519672638461538,0.012339273571428572,28,1,0.0,0.0,0.0,0.0,0.0,0.140853,3.1999999499999996
1076.3361645,0.6523249481818182,0.012339273571428572,28,0,0.0,0.0,0.0,0.0,0.0,0.26615399,0.05
1076.3361645,0.6150492368571429,0.012339273571428572,28,0,0.0,0.0,0.0,0.0,0.0,0.210812,0.1250000005
1076.3361645,0.5519672638461538,0.012339273571428572,28,0,0.0,0.0,0.0,0.0,0.0,0.13808399,2.825
1103.0308457,0.5515154228500001,0.012458487142857144,32,1,0.0,0.0,0.0,0.0,0.0,0.162847,3.9499999
1103.0308457,0.5252527836666667,0.012458487142857144,32,1,0.0,0.0,0.0,0.0,0.0,0.151434,0.67500001
1103.0308457,0.5962328895675676,0.012458487142857144,32,0,0.0,0.0,0.0,0.0,0.0,0.20186,0.500000015
1103.0308457,0.565656843948718,0.012458487142857144,32,0,0.0,0.0,0.0,0.0,0.0,0.172537,1.95000005
1103.0308457,0.5515154228500001,0.012458487142857144,32,0,0.0,0.0,0.0,0.0,0.0,0.162662,3.75
1103.0308457,0.5013776571363637,0.013615636825396826,186,1,0.0,0.0,0.0,0.0,0.0,0.142139,1.9
1103.0308457,0.5962328895675676,0.013615636825396826,186,0,0.0,0.0,0.0,0.0,0.0,0.18045101,4.25
1108.6565843,0.55432829215,0.012438363714285715,31,1,0.0,0.0,0.0,0.0,0.0,0.159242,4.3499999
1108.6565843,0.5279317068095238,0.012438363714285715,31,1,0.0,0.0,0.0,0.0,0.0,0.149608,0.77499998
1108.6565843,0.55432829215,0.012438363714285715,31,0,0.0,0.0,0.0,0.0,0.0,0.16170201,3.20000005
1114.2271686000001,0.5571135843,0.012435156285714287,30,1,0.0,0.0,0.0,0.0,0.0,0.165426,4.9499998
1114.2271686000001,0.530584366,0.012435156285714287,30,1,0.0,0.0,0.0,0.0,0.0,0.15587699,1.00000001
1114.2271686000001,0.5571135843,0.012435156285714287,30,0,0.0,0.0,0.0,0.0,0.0,0.162536,2.7750001
1114.2271686000001,0.6190150936666667,0.013687116984126986,184,1,0.0,0.0,0.0,0.0,0.0,0.196136,24.9499995
1114.2271686000001,0.530584366,0.013687116984126986,184,1,0.0,0.0,0.0,0.0,0.0,0.148123,5.1500001
1114.2271686000001,0.5064668948181819,0.013687116984126986,184,0,0.0,0.0,0.0,0.0,0.0,0.14275301,20.6000005
1121.4523819,0.5607261909500001,0.012410507714285712,29,1,0.0,0.0,0.0,0.0,0.0,0.169028,5.8499999
1121.4523819,0.5340249437619048,0.012410507714285712,29,1,0.0,0.0,0.0,0.0,0.0,0.157546,1.2999999999999998
1121.4523819,0.5097510826818182,0.012410507714285712,29,1,0.0,0.0,0.0,0.0,0.0,0.152198,0.125
1121.4523819,0.5902380957368422,0.012410507714285712,29,0,0.0,0.0,0.0,0.0,0.0,0.20030101,0.599999995
1121.4523819,0.5607261909500001,0.012410507714285712,29,0,0.0,0.0,0.0,0.0,0.0,0.16529299,2.25
1121.4523819,0.5340249437619048,0.013786199047619048,183,1,0.0,0.0,0.0,0.0,0.0,0.15457501,5.8499999
1121.4523819,0.6061904767027028,0.013786199047619048,183,0,0.0,0.0,0.0,0.0,0.0,0.182133,3.5
1132.3177790000002,0.5661588895000002,0.012439318857142858,28,1,0.0,0.0,0.0,0.0,0.0,0.17965101,6.9000001
1132.3177790000002,0.5391989423809525,0.012439318857142858,28,1,0.0,0.0,0.0,0.0,0.0,0.15971901,1.625
1132.3177790000002,0.5959567257894738,0.012439318857142858,28,0,0.0,0.0,0.0,0.0,0.0,0.20836499,0.524999995
1132.3177790000002,0.5806757841025642,0.012439318857142858,28,0,0.0,0.0,0.0,0.0,0.0,0.187695,0.975000005
1132.3177790000002,0.5661588895000002,0.012439318857142858,28,0,0.0,0.0,0.0,0.0,0.0,0.167711,1.8500000500000002
1132.3177790000002,0.5391989423809525,0.01380247380952381,182,1,0.0,0.0,0.0,0.0,0.0,0.14848299,6.25
1132.3177790000002,0.8087984135714287,0.01380247380952381,182,0,0.0,0.0,0.0,0.0,0.0,0.29791,0.499999985
1132.3177790000002,0.5146898995454546,0.01380247380952381,182,0,0.0,0.0,0.0,0.0,0.0,0.144738,18.450001
1134.1378709,0.5400656528095238,0.013853567777777777,179,1,0.0,0.0,0.0,0.0,0.0,0.15141401,6.6999998
1134.1378709,0.5155172140454546,0.013853567777777777,179,1,0.0,0.0,0.0,0.0,0.0,0.142492,3.1000000500000002
1134.1378709,0.5969146688947369,0.013853567777777777,179,0,0.0,0.0,0.0,0.0,0.0,0.177506,3.9499999
1112.8483111,0.55642415555,0.01245312,32,1,0.0,0.0,0.0,0.0,0.0,0.147513,4.20000005
1112.8483111,0.5299277671904762,0.01245312,32,1,0.0,0.0,0.0,0.0,0.0,0.124974,0.44999999999999996
1112.8483111,0.5857096374210526,0.01245312,32,0,0.0,0.0,0.0,0.0,0.0,0.17682301,0.75
1112.8483111,0.5706914415897436,0.01245312,32,0,0.0,0.0,0.0,0.0,0.0,0.151783,1.35
1112.8483111,0.55642415555,0.01245312,32,0,0.0,0.0,0.0,0.0,0.0,0.136572,2.8000000500000004
1111.2488364,0.5556244182000001,0.012447330000000001,31,1,0.0,0.0,0.0,0.0,0.0,0.139071,3.94999995
1111.2488364,0.5291661125714286,0.012447330000000001,31,1,0.0,0.0,0.0,0.0,0.0,0.122366,0.400000005
1111.2488364,0.5698711981538462,0.012447330000000001,31,0,0.0,0.0,0.0,0.0,0.0,0.15885501,1.4249999999999998
1111.2488364,0.5556244182000001,0.012447330000000001,31,0,0.0,0.0,0.0,0.0,0.0,0.134095,2.675
1110.7524477,0.55537622385,0.012434440416666668,30,1,0.0,0.0,0.0,0.0,0.0,0.146413,3.70000005
1110.7524477,0.528929737,0.012434440416666668,30,1,0.0,0.0,0.0,0.0,0.0,0.127471,0.349999995
1099.2803533000001,0.5496401766500001,0.012442675833333331,29,1,0.0,0.0,0.0,0.0,0.0,0.14680199,2.8499999
1099.2803533000001,0.523466834904762,0.012442675833333331,29,1,0.0,0.0,0.0,0.0,0.0,0.136136,0.27500001
1090.3453567000001,0.5591514649743591,0.012470002499999999,28,1,0.0,0.0,0.0,0.0,0.0,0.15213899,4.70000005
1090.3453567000001,0.54517267835,0.012470002499999999,28,1,0.0,0.0,0.0,0.0,0.0,0.128426,1.7000000000000002
1090.3453567000001,0.5192120746190477,0.012470002499999999,28,1,0.0,0.0,0.0,0.0,0.0,0.14023,0.175
1090.3453567000001,0.5893758684864866,0.012470002499999999,28,0,0.0,0.0,0.0,0.0,0.0,0.189291,0.55
1090.3453567000001,0.5591514649743591,0.012470002499999999,28,0,0.0,0.0,0.0,0.0,0.0,0.145127,2.2
1090.3453567000001,0.54517267835,0.012470002499999999,28,0,0.0,0.0,0.0,0.0,0.0,0.128502,4.5
1128.54379135,0.8061027081071429,0.013864310714285715,186,0,0.0,0.0,0.0,0.0,0.0,0.325133,0.875
1119.299331,0.5329996814285713,0.013999194999999999,185,1,0.0,0.0,0.0,0.0,0.0,0.156106,5.75
1119.299331,0.6050266654054054,0.013999194999999999,185,0,0.0,0.0,0.0,0.0,0.0,0.191466,4.15
1119.299331,0.5596496655,0.013999194999999999,185,0,0.0,0.0,0.0,0.0,0.0,0.15975399,8.200000300000001
1088.4106551,0.5182907881428571,0.013375531428571428,93,1,0.0,0.0,0.0,0.0,0.0,0.144728,1.5
1088.4106551,0.5728477132105263,0.013375531428571428,93,0,0.0,0.0,0.0,0.0,0.0,0.17653801,4.1500001
1088.4106551,0.49473211595454547,0.013996624642857143,184,1,0.0,0.0,0.0,0.0,0.0,0.15222,1.75
1088.4106551,0.5728477132105263,0.013996624642857143,184,0,0.0,0.0,0.0,0.0,0.0,0.18387701,7.1500001
1093.835548,0.5208740704761905,0.013442514285714285,92,1,0.0,0.0,0.0,0.0,0.0,0.143034,1.6
1093.835548,0.4971979763636364,0.013442514285714285,92,1,0.0,0.0,0.0,0.0,0.0,0.140724,0.400000005
1093.835548,0.57570292,0.013442514285714285,92,0,0.0,0.0,0.0,0.0,0.0,0.175418,3.79999995
1081.3250807000002,0.54066254035,0.01345763,91,1,0.0,0.0,0.0,0.0,0.0,0.150336,4.0
1081.3250807000002,0.5691184635263159,0.014169043928571427,182,0,0.0,0.0,0.0,0.0,0.0,0.180415,7.3499999
1082.8196940500002,0.5552921507948719,0.012571360714285716,32,1,0.0,0.0,0.0,0.0,0.0,0.14881299,3.75
1082.8196940500002,0.5414098470250001,0.012571360714285716,32,1,0.0,0.0,0.0,0.0,0.0,0.13446499,1.425
1082.8196940500002,0.5156284257380953,0.012571360714285716,32,1,0.0,0.0,0.0,0.0,0.0,0.13001999,0.10000000549999999
1082.8196940500002,0.5699051021315791,0.012571360714285716,32,0,0.0,0.0,0.0,0.0,0.0,0.153303,1.375
1082.8196940500002,0.5552921507948719,0.012571360714285716,32,0,0.0,0.0,0.0,0.0,0.0,0.13781901,2.875
1082.8196940500002,0.6985933510000001,0.014312908571428574,179,0,0.0,0.0,0.0,0.0,0.0,0.25504401,1.4249999999999998
1082.8196940500002,0.6562543600303031,0.014312908571428574,179,0,0.0,0.0,0.0,0.0,0.0,0.23030201,2.2
1068.371765,0.5478829564102564,0.012566854999999998,31,1,0.0,0.0,0.0,0.0,0.0,0.15059599,2.525
1068.371765,0.5341858825000001,0.012566854999999998,31,1,0.0,0.0,0.0,0.0,0.0,0.137612,0.82499999
1068.371765,0.5087484595238095,0.012566854999999998,31,1,0.0,0.0,0.0,0.0,0.0,0.14506599,0.075000005
1068.371765,0.6104981514285714,0.012566854999999998,31,0,0.0,0.0,0.0,0.0,0.0,0.224619,0.349999995
1068.371765,0.5935398694444445,0.012566854999999998,31,0,0.0,0.0,0.0,0.0,0.0,0.199643,0.599999995
1068.371765,0.5774982513513514,0.012566854999999998,31,0,0.0,0.0,0.0,0.0,0.0,0.176268,1.1
1068.371765,0.5623009289473685,0.012566854999999998,31,0,0.0,0.0,0.0,0.0,0.0,0.156221,2.15
1068.371765,0.5341858825000001,0.012566854999999998,31,0,0.0,0.0,0.0,0.0,0.0,0.137922,7.75
1068.371765,0.5478829564102564,0.014348647857142856,178,1,0.0,0.0,0.0,0.0,0.0,0.16492,7.95000005
1073.9073700000001,0.5652144052631579,0.012536725,30,1,0.0,0.0,0.0,0.0,0.0,0.165343,6.04999995
1073.9073700000001,0.5369536850000001,0.012536725,30,1,0.0,0.0,0.0,0.0,0.0,0.1372,0.999999995
1073.9073700000001,0.5369536850000001,0.012536725,30,0,0.0,0.0,0.0,0.0,0.0,0.137399,6.9000001
1060.4004938,0.5581055230526316,0.012532614285714288,29,1,0.0,0.0,0.0,0.0,0.0,0.16114999,4.4000001
1060.4004938,0.5302002469,0.012532614285714288,29,1,0.0,0.0,0.0,0.0,0.0,0.142805,0.599999995
1060.4004938,0.5731894561081081,0.012532614285714288,29,0,0.0,0.0,0.0,0.0,0.0,0.173769,1.25
1060.4004938,0.5581055230526316,0.012532614285714288,29,0,0.0,0.0,0.0,0.0,0.0,0.15834101,2.6
1111.6601961000001,0.55583009805,0.012575640285714285,32,1,0.0,0.0,0.0,0.0,0.0,0.162911,4.3499999
1111.6601961000001,0.570082151846154,0.012575640285714285,32,0,0.0,0.0,0.0,0.0,0.0,0.170651,1.7
1111.6601961000001,0.55583009805,0.012575640285714285,32,0,0.0,0.0,0.0,0.0,0.0,0.162866,3.3999999499999998
1124.11530735,0.5620576536749999,0.012575533428571428,31,1,0.0,0.0,0.0,0.0,0.0,0.167647,5.6500001
1124.11530735,0.5352930035,0.012575533428571428,31,1,0.0,0.0,0.0,0.0,0.0,0.140093,0.97499999
1124.11530735,0.5916396354473684,0.012575533428571428,31,0,0.0,0.0,0.0,0.0,0.0,0.191606,0.625
1124.11530735,0.5620576536749999,0.012575533428571428,31,0,0.0,0.0,0.0,0.0,0.0,0.158517,2.375
1149.8558706000001,0.5749279353000001,0.012570556,30,1,0.0,0.0,0.0,0.0,0.0,0.183301,9.0499997
1149.8558706000001,0.5475504145714286,0.012570556,30,1,0.0,0.0,0.0,0.0,0.0,0.15780599,2.6500001
1149.8558706000001,0.5226617593636365,0.012570556,30,1,0.0,0.0,0.0,0.0,0.0,0.148249,0.35000001
1149.8558706000001,0.5749279353000001,0.012570556,30,0,0.0,0.0,0.0,0.0,0.0,0.178911,1.45
1149.8558706000001,0.5475504145714286,0.012570556,30,0,0.0,0.0,0.0,0.0,0.0,0.153392,5.04999995
1149.8558706000001,0.5749279353000001,0.014105707142857145,93,1,0.0,0.0,0.0,0.0,0.0,0.16935501,11.25
1149.8558706000001,0.4999373350434783,0.014105707142857145,93,1,0.0,0.0,0.0,0.0,0.0,0.144565,0.55
1149.8558706000001,0.5896696772307692,0.014105707142857145,93,0,0.0,0.0,0.0,0.0,0.0,0.17983501,2.725
1158.9342628000002,0.6099654014736843,0.012556415428571428,29,1,0.0,0.0,0.0,0.0,0.0,0.234147,19.700001
1158.9342628000002,0.5518734584761905,0.012556415428571428,29,1,0.0,0.0,0.0,0.0,0.0,0.16577099,3.55
1158.9342628000002,0.626450952864865,0.012556415428571428,29,0,0.0,0.0,0.0,0.0,0.0,0.255126,0.24999999550000002
1158.9342628000002,0.6099654014736843,0.012556415428571428,29,0,0.0,0.0,0.0,0.0,0.0,0.231668,0.400000005
1158.9342628000002,0.5943252629743591,0.012556415428571428,29,0,0.0,0.0,0.0,0.0,0.0,0.20491099,0.625000015
1158.9342628000002,0.5794671314000001,0.012556415428571428,29,0,0.0,0.0,0.0,0.0,0.0,0.18911,1.2
1158.9342628000002,0.5267883012727274,0.014073819714285713,92,1,0.0,0.0,0.0,0.0,0.0,0.132578,1.85
1158.9342628000002,0.6817260369411766,0.014073819714285713,92,0,0.0,0.0,0.0,0.0,0.0,0.25913501,0.575000005
1172.6072071500002,0.6013370293076924,0.012535554857142856,28,1,0.0,0.0,0.0,0.0,0.0,0.20417701,17.1999995
1172.6072071500002,0.558384384357143,0.012535554857142856,28,1,0.0,0.0,0.0,0.0,0.0,0.16555201,4.85000015
1172.6072071500002,0.5330032759772728,0.012535554857142856,28,1,0.0,0.0,0.0,0.0,0.0,0.14770199,0.85000001
1172.6072071500002,0.5863036035750001,0.012535554857142856,28,0,0.0,0.0,0.0,0.0,0.0,0.195793,0.82500001
1172.6072071500002,0.6013370293076924,0.014120274285714284,91,1,0.0,0.0,0.0,0.0,0.0,0.162192,17.9
1172.6072071500002,0.5863036035750001,0.014120274285714284,91,1,0.0,0.0,0.0,0.0,0.0,0.175504,14.3
1172.6072071500002,0.558384384357143,0.014120274285714284,91,1,0.0,0.0,0.0,0.0,0.0,0.15661199,7.25
1172.6072071500002,0.5098292205000001,0.014120274285714284,91,1,0.0,0.0,0.0,0.0,0.0,0.14202701,0.874999995
1172.6072071500002,1.0196584410000002,0.014120274285714284,91,0,0.0,0.0,0.0,0.0,0.0,0.57584298,0.2750000005
1172.6072071500002,0.6514484484166668,0.014120274285714284,91,0,0.0,0.0,0.0,0.0,0.0,0.211078,0.5750000005
1172.6072071500002,0.5863036035750001,0.014120274285714284,91,0,0.0,0.0,0.0,0.0,0.0,0.166081,2.6
1217.8331,0.6245297948717949,0.012738419999999999,32,0,0.0,0.0,0.0,0.0,0.0,0.251775,0.375
1220.3794783,0.6101897391500001,0.012835685,31,0,0.0,0.0,0.0,0.0,0.0,0.232913,0.524999995
1220.3794783,0.5811330849047619,0.012835685,31,0,0.0,0.0,0.0,0.0,0.0,0.18841501,1.325
1220.3794783,0.5547179446818182,0.012835685,31,0,0.0,0.0,0.0,0.0,0.0,0.158104,4.10000005
1212.8510555,0.5512959343181818,0.01282884,30,1,0.0,0.0,0.0,0.0,0.0,0.163477,3.5500000500000004
1212.8510555,0.5512959343181818,0.01282884,30,0,0.0,0.0,0.0,0.0,0.0,0.149432,4.5
1226.2472196,0.5331509650434783,0.012964,29,1,0.0,0.0,0.0,0.0,0.0,0.132423,0.625
1226.2472196,0.628844728,0.012964,29,0,0.0,0.0,0.0,0.0,0.0,0.26902699,0.32500000500000004
1226.2472196,0.5331509650434783,0.012964,29,0,0.0,0.0,0.0,0.0,0.0,0.13218699,9.6500001
1219.54913755,0.5543405170681819,0.012969835217391305,28,1,0.0,0.0,0.0,0.0,0.0,0.153191,3.75
1212.63913446,0.898251210711111,0.01733075714285714,186,0,0.0,0.0,0.0,0.0,0.0,0.36472401,0.549999985
1212.63913446,0.7823478286838709,0.01733075714285714,186,0,0.0,0.0,0.0,0.0,0.0,0.30424401,0.95000001
1216.41630734,0.60820815367,0.01744841857142857,185,0,0.0,0.0,0.0,0.0,0.0,0.202209,4.70000005
1216.13857404,0.50672440585,0.016144386785714285,93,1,0.0,0.0,0.0,0.0,0.0,0.165663,1.375
1216.13857404,0.5287559017565218,0.017153868571428574,184,0,0.0,0.0,0.0,0.0,0.0,0.160484,16.3500005
1215.1942808200001,0.5786639432476192,0.01621345285714286,92,1,0.0,0.0,0.0,0.0,0.0,0.20514999,14.25
1215.1942808200001,0.5283453394869566,0.01621345285714286,92,1,0.0,0.0,0.0,0.0,0.0,0.16802099,3.35
1215.1942808200001,0.5523610367363637,0.01621345285714286,92,0,0.0,0.0,0.0,0.0,0.0,0.177426,8.3500004
1215.1942808200001,0.48607771232800007,0.01621345285714286,92,0,0.0,0.0,0.0,0.0,0.0,-99.989998,31.1999995
1215.1942808200001,0.5523610367363637,0.017219252857142858,183,1,0.0,0.0,0.0,0.0,0.0,0.18054301,10.95
1215.1942808200001,0.5283453394869566,0.017219252857142858,183,1,0.0,0.0,0.0,0.0,0.0,0.169283,6.29999995
1230.13633236,0.5591528783454546,0.01632115285714286,91,1,0.0,0.0,0.0,0.0,0.0,0.182245,9.0500002
1230.13633236,0.5348418836347827,0.01632115285714286,91,1,0.0,0.0,0.0,0.0,0.0,0.1679,4.20000005
1230.13633236,0.51255680515,0.01632115285714286,91,1,0.0,0.0,0.0,0.0,0.0,0.16420101,1.7000000000000002
1230.13633236,0.5591528783454546,0.01632115285714286,91,0,0.0,0.0,0.0,0.0,0.0,0.18034101,7.1500001
1231.6360921799999,0.5598345873545454,0.015242529714285713,32,1,0.0,0.0,0.0,0.0,0.0,0.15565901,5.1500001
1231.6360921799999,0.5354939531217391,0.015242529714285713,32,1,0.0,0.0,0.0,0.0,0.0,0.142592,1.075
1231.6360921799999,0.5864933772285714,0.015242529714285713,32,0,0.0,0.0,0.0,0.0,0.0,0.18950699,1.02499999
1231.6360921799999,0.5598345873545454,0.015242529714285713,32,0,0.0,0.0,0.0,0.0,0.0,0.158998,3.225
1229.4142257800002,0.534527924252174,0.01531901057142857,31,1,0.0,0.0,0.0,0.0,0.0,0.141027,0.92500001
1229.4142257800002,0.5588246480818182,0.01531901057142857,31,0,0.0,0.0,0.0,0.0,0.0,0.15374599,3.20000005
1216.41630734,0.60820815367,0.015505023142857143,30,0,0.0,0.0,0.0,0.0,0.0,0.21995699,0.42500001
1216.41630734,0.5792458606380952,0.015505023142857143,30,0,0.0,0.0,0.0,0.0,0.0,0.18154,1.275
1209.69516148,0.5498614370363637,0.015645552285714286,29,1,0.0,0.0,0.0,0.0,0.0,0.15052301,2.725
1209.69516148,0.6538892764756757,0.015645552285714286,29,0,0.0,0.0,0.0,0.0,0.0,0.307706,0.20000000499999998
1209.69516148,0.60484758074,0.015645552285714286,29,0,0.0,0.0,0.0,0.0,0.0,0.214691,0.44999999999999996
1209.69516148,0.5760453149904762,0.015645552285714286,29,0,0.0,0.0,0.0,0.0,0.0,0.17236701,1.35
1209.69516148,0.5498614370363637,0.015645552285714286,29,0,0.0,0.0,0.0,0.0,0.0,0.149271,4.8499999
1209.69516148,0.5259544180347826,0.015645552285714286,29,0,0.0,0.0,0.0,0.0,0.0,0.15400501,12.649999999999999
1206.64009518,0.5484727705363636,0.015724594285714287,28,1,0.0,0.0,0.0,0.0,0.0,0.152989,2.575
1269.46336764,0.52894306985,0.01576729,31,1,0.0,0.0,0.0,0.0,0.0,0.189955,1.4
1269.46336764,0.5519405946260869,0.01576729,31,0,0.0,0.0,0.0,0.0,0.0,0.185113,5.5500002
1285.1830724200001,0.5587752488782609,0.01574275375,30,1,0.0,0.0,0.0,0.0,0.0,0.192701,5.70000005
1289.3490719200001,0.5605865530086958,0.015737652499999998,29,1,0.0,0.0,0.0,0.0,0.0,0.18983901,6.20000005
1289.3490719200001,0.5372287799666667,0.015737652499999998,29,1,0.0,0.0,0.0,0.0,0.0,0.181197,1.92500005
1289.3490719200001,0.5605865530086958,0.015737652499999998,29,0,0.0,0.0,0.0,0.0,0.0,0.19974101,4.1000001500000005
1302.62472366,0.5663585755043478,0.01569953625,28,1,0.0,0.0,0.0,0.0,0.0,0.198796,7.75
1302.62472366,0.542760301525,0.01569953625,28,1,0.0,0.0,0.0,0.0,0.0,0.182524,2.575
1302.62472366,0.5921021471181818,0.01569953625,28,0,0.0,0.0,0.0,0.0,0.0,0.21603499,0.975000005
1302.62472366,0.5663585755043478,0.01569953625,28,0,0.0,0.0,0.0,0.0,0.0,0.19514801,3.0249999499999998
1263.79760832,0.5555154322285715,0.01645777857142857,31,1,0.0,0.0,0.0,0.0,0.0,0.20770399,5.60000015
1215.86084074,0.6399267582842105,0.017472033214285712,32,1,0.0,0.0,0.0,0.0,0.0,0.34356701,29.75
1215.86084074,0.5526640185181818,0.017472033214285712,32,1,0.0,0.0,0.0,0.0,0.0,0.24608999,5.75
1215.86084074,0.5286351481478261,0.017472033214285712,32,1,0.0,0.0,0.0,0.0,0.0,0.231626,2.05
1215.86084074,0.5789813527333333,0.017472033214285712,32,0,0.0,0.0,0.0,0.0,0.0,0.25353801,3.0500000500000004
1215.86084074,0.5526640185181818,0.017472033214285712,32,0,0.0,0.0,0.0,0.0,0.0,0.21799,6.45000005
1196.4750564,0.5697500268571429,0.017475841785714284,31,1,0.0,0.0,0.0,0.0,0.0,0.25075999,9.2000003
1196.4750564,0.5438522983636364,0.017475841785714284,31,1,0.0,0.0,0.0,0.0,0.0,0.229101,3.70000005
1196.4750564,0.5697500268571429,0.017475841785714284,31,0,0.0,0.0,0.0,0.0,0.0,0.24319901,3.8499999000000003
1196.4750564,0.5438522983636364,0.017475841785714284,31,0,0.0,0.0,0.0,0.0,0.0,0.228476,8.6500001
1221.7487867,0.555340357590909,0.01616815857142857,30,1,0.0,0.0,0.0,0.0,0.0,0.195657,4.79999995
1221.7487867,0.5311951246521739,0.01616815857142857,30,1,0.0,0.0,0.0,0.0,0.0,0.19135299,1.375
1221.7487867,0.5817851365238095,0.01616815857142857,30,0,0.0,0.0,0.0,0.0,0.0,0.216965,1.875
1221.7487867,0.555340357590909,0.01616815857142857,30,0,0.0,0.0,0.0,0.0,0.0,0.192283,5.10000015
1235.96873166,0.5618039689363636,0.016153661666666666,29,1,0.0,0.0,0.0,0.0,0.0,0.19522899,6.0
1235.96873166,0.5373777094173913,0.016153661666666666,29,1,0.0,0.0,0.0,0.0,0.0,0.18443599,1.725
1235.96873166,0.61798436583,0.016153661666666666,29,0,0.0,0.0,0.0,0.0,0.0,0.25988299,0.549999985
1235.96873166,0.5885565388857142,0.016153661666666666,29,0,0.0,0.0,0.0,0.0,0.0,0.223674,1.4500000000000002
1237.96841142,0.5627129142818181,0.01614806,28,1,0.0,0.0,0.0,0.0,0.0,0.205965,6.5
1237.96841142,0.5895087673428571,0.01614806,28,0,0.0,0.0,0.0,0.0,0.0,0.20991901,1.075
1237.96841142,0.5627129142818181,0.01614806,28,0,0.0,0.0,0.0,0.0,0.0,0.179536,3.29999995
1237.96841142,0.5382471354,0.01614806,28,0,0.0,0.0,0.0,0.0,0.0,0.132764,8.4499998
1221.02668012,0.5814412762476191,0.016376855,31,0,0.0,0.0,0.0,0.0,0.0,0.220946,2.05
1221.02668012,0.5746007906447059,0.016376855,31,0,0.0,0.0,0.0,0.0,0.0,0.21181799,2.57500005
1250.0775833,0.5682170833181818,0.01715429857142857,30,1,0.0,0.0,0.0,0.0,0.0,0.215422,8.0999999
1250.0775833,0.5435119927391304,0.01715429857142857,30,1,0.0,0.0,0.0,0.0,0.0,0.18878201,2.67499995
1211.58374792,0.60579187396,0.016914668571428572,28,0,0.0,0.0,0.0,0.0,0.0,0.27356699,1.0499999899999999
1211.58374792,0.5769446418666666,0.016914668571428572,28,0,0.0,0.0,0.0,0.0,0.0,0.227752,2.4
1206.8622818200001,0.5304889150857144,0.01777327,32,1,0.0,0.0,0.0,0.0,0.0,0.211527,1.7750000000000001
1206.8622818200001,0.5746963246761906,0.01777327,32,0,0.0,0.0,0.0,0.0,0.0,0.20612501,2.4750000500000002
1206.8622818200001,0.5613312938697675,0.01777327,32,0,0.0,0.0,0.0,0.0,0.0,0.196606,4.1499998499999995
1245.7464747200002,0.4982985898880001,0.022026865714285714,93,1,0.0,0.0,0.0,0.0,0.0,0.183685,1.2999999999999998
1249.2576606500002,0.46268802246296303,0.021199834285714286,92,1,0.0,0.0,0.0,0.0,0.0,0.187499,0.22500000999999997
1244.3531469700001,0.5656150668045455,0.021461074285714282,91,1,0.0,0.0,0.0,0.0,0.0,0.21239901,11.55
1244.3531469700001,0.5410231073782609,0.021461074285714282,91,1,0.0,0.0,0.0,0.0,0.0,0.19748899,6.25
1223.50896383,0.5826233161095239,0.01873047142857143,32,1,0.0,0.0,0.0,0.0,0.0,0.244839,12.25
1223.50896383,0.5561404381045455,0.01873047142857143,32,1,0.0,0.0,0.0,0.0,0.0,0.203315,5.1500001
1223.50896383,0.5498916691370787,0.01873047142857143,32,1,0.0,0.0,0.0,0.0,0.0,0.199662,3.95000005
1223.50896383,0.5826233161095239,0.01873047142857143,32,0,0.0,0.0,0.0,0.0,0.0,0.222054,2.04999995
1223.50896383,0.5561404381045455,0.01873047142857143,32,0,0.0,0.0,0.0,0.0,0.0,0.206838,5.5
1223.50896383,0.5498916691370787,0.01873047142857143,32,0,0.0,0.0,0.0,0.0,0.0,0.19731,6.6500001
1223.50896383,0.9411607414076923,0.022603972307692306,186,0,0.0,0.0,0.0,0.0,0.0,0.39430499,0.55000001
1225.5710889000002,0.5570777676818183,0.01881833,31,1,0.0,0.0,0.0,0.0,0.0,0.18731,4.89999985
1225.5710889000002,0.49022843556000006,0.022889777032967032,185,1,0.0,0.0,0.0,0.0,0.0,0.199554,3.5
1225.5710889000002,0.7209241699411766,0.022889777032967032,185,0,0.0,0.0,0.0,0.0,0.0,0.29336599,2.0250000000000004
1217.7684535,0.5535311152272727,0.018860772142857144,30,1,0.0,0.0,0.0,0.0,0.0,0.189878,4.20000005
1217.7684535,0.5294645450000001,0.018860772142857144,30,1,0.0,0.0,0.0,0.0,0.0,0.178074,0.9999999900000001
1217.7684535,0.5535311152272727,0.018860772142857144,30,0,0.0,0.0,0.0,0.0,0.0,0.166352,4.79999995
1217.7684535,0.5473116644943821,0.018860772142857144,30,0,0.0,0.0,0.0,0.0,0.0,0.16169,6.20000005
1217.7684535,0.48710738140000004,0.022982595494505494,184,1,0.0,0.0,0.0,0.0,0.0,0.20333201,3.3999999499999998
1217.7684535,0.640930765,0.022982595494505494,184,0,0.0,0.0,0.0,0.0,0.0,0.247162,4.10000005
1217.7684535,0.5798897397619048,0.022982595494505494,184,0,0.0,0.0,0.0,0.0,0.0,0.220053,9.0999999
1188.50857075,0.546440722183908,0.018903335,29,1,0.0,0.0,0.0,0.0,0.0,0.20527899,3.25
1188.50857075,0.5402311685227272,0.018903335,29,1,0.0,0.0,0.0,0.0,0.0,0.202779,2.375
1188.50857075,0.5341611553932584,0.018903335,29,1,0.0,0.0,0.0,0.0,0.0,0.202636,1.725
1188.50857075,0.5167428568478261,0.018903335,29,1,0.0,0.0,0.0,0.0,0.0,0.209148,0.650000005
1188.50857075,0.5057483279787234,0.018903335,29,1,0.0,0.0,0.0,0.0,0.0,0.241247,0.54999999
1188.50857075,0.594254285375,0.018903335,29,0,0.0,0.0,0.0,0.0,0.0,0.241201,1.25
1188.50857075,0.5797602784146342,0.018903335,29,0,0.0,0.0,0.0,0.0,0.0,0.224812,2.075
1188.50857075,0.5659564622619048,0.018903335,29,0,0.0,0.0,0.0,0.0,0.0,0.211154,3.4499999499999996
1188.50857075,0.5527946840697674,0.018903335,29,0,0.0,0.0,0.0,0.0,0.0,0.200699,5.60000015
1188.50857075,0.546440722183908,0.018903335,29,0,0.0,0.0,0.0,0.0,0.0,0.194022,6.95000005
1188.50857075,0.9142373621153846,0.022766147582417583,183,0,0.0,0.0,0.0,0.0,0.0,0.38610199,0.599999995
1188.50857075,0.7667797230645161,0.022766147582417583,183,0,0.0,0.0,0.0,0.0,0.0,0.319552,1.4
1173.7392966,0.5523479042823529,0.018870388571428573,28,1,0.0,0.0,0.0,0.0,0.0,0.22082201,4.39999985
1173.7392966,0.5459252542325581,0.018870388571428573,28,1,0.0,0.0,0.0,0.0,0.0,0.214211,3.25
1173.7392966,0.5396502513103448,0.018870388571428573,28,1,0.0,0.0,0.0,0.0,0.0,0.2149,2.4499999499999996
1173.7392966,0.5523479042823529,0.018870388571428573,28,0,0.0,0.0,0.0,0.0,0.0,0.211496,5.79999995
1173.7392966,0.5459252542325581,0.018870388571428573,28,0,0.0,0.0,0.0,0.0,0.0,0.211014,7.29999995
1173.7392966,0.5335178620909091,0.022786659010989016,182,1,0.0,0.0,0.0,0.0,0.0,0.22732601,10.0000001
1199.65519275,0.6664751070833334,0.022852839780219777,179,0,0.0,0.0,0.0,0.0,0.0,0.274551,3.4499999499999996
1187.2267092200002,0.6088342098564103,0.022530150769230768,178,0,0.0,0.0,0.0,0.0,0.0,0.25271901,6.8499999
1183.9384557300002,0.6399667328270271,0.022680780109890112,177,0,0.0,0.0,0.0,0.0,0.0,0.26621899,4.64999985
1188.7872363000001,0.5529242959534885,0.020162709999999997,32,1,0.0,0.0,0.0,0.0,0.0,0.27360201,6.20000005
1188.7872363000001,0.5594292876705883,0.020162709999999997,32,0,0.0,0.0,0.0,0.0,0.0,0.26031899,6.04999995
1208.40529102,0.5311671608879122,0.02006802142857143,31,1,0.0,0.0,0.0,0.0,0.0,0.244716,2.4
1201.0485205,0.5931103804938271,0.020248167142857144,28,0,0.0,0.0,0.0,0.0,0.0,0.29234099,2.2249999999999996
1246.47100515,0.6829978110410959,0.021487084285714286,31,0,0.0,0.0,0.0,0.0,0.0,0.383975,0.30000001
1279.46500627,0.5562891331608696,0.019330799142857142,32,0,0.0,0.0,0.0,0.0,0.0,0.232527,6.3499999
1300.97798673,0.5913536303318182,0.019279696285714285,31,0,0.0,0.0,0.0,0.0,0.0,0.25186101,1.9
1300.97798673,0.565642602926087,0.019279696285714285,31,0,0.0,0.0,0.0,0.0,0.0,0.22855499,4.45000005
1297.9126656800001,0.5643098546434783,0.019106630285714285,28,1,0.0,0.0,0.0,0.0,0.0,0.237872,7.75
1297.9126656800001,0.5899603025818182,0.019106630285714285,28,0,0.0,0.0,0.0,0.0,0.0,0.25593001,1.875
1286.7660436800002,0.6276907530146342,0.019497334857142855,31,0,0.0,0.0,0.0,0.0,0.0,0.290492,0.650000005
1279.0191413900002,0.5948926239023257,0.01951217142857143,30,0,0.0,0.0,0.0,0.0,0.0,0.26950601,1.875
1302.53851381,0.5484372689726316,0.020018810571428573,31,1,0.0,0.0,0.0,0.0,0.0,0.21727601,4.25
1252.10004926,0.5503736480263737,0.02014383657142857,28,0,0.0,0.0,0.0,0.0,0.0,0.162267,5.45000005
1233.65238985,0.5422647867472528,0.021065470857142853,31,1,0.0,0.0,0.0,0.0,0.0,0.165058,1.9
1233.65238985,0.5306031784301075,0.021065470857142853,31,1,0.0,0.0,0.0,0.0,0.0,0.162679,0.82499999
1266.1447929800001,0.6844025908000001,0.019640105,32,1,0.0,0.0,0.0,0.0,0.0,0.36133701,42.549999
1266.1447929800001,0.5504977360782609,0.019640105,32,1,0.0,0.0,0.0,0.0,0.0,0.166235,3.1499999499999998
1266.1447929800001,0.5504977360782609,0.019640105,32,0,0.0,0.0,0.0,0.0,0.0,0.16034301,6.1500001
1252.60164725,0.5693643851136364,0.01964071,31,1,0.0,0.0,0.0,0.0,0.0,0.178964,7.3499999
1252.60164725,0.5446094118478261,0.01964071,31,1,0.0,0.0,0.0,0.0,0.0,0.16145401,2.075
1252.60164725,0.5693643851136364,0.01964071,31,0,0.0,0.0,0.0,0.0,0.0,0.179634,2.8000000500000004
1253.27044457,0.5696683838954546,0.019525269999999997,30,1,0.0,0.0,0.0,0.0,0.0,0.174815,7.20000005
1253.27044457,0.5449001932913043,0.019525269999999997,30,1,0.0,0.0,0.0,0.0,0.0,0.159686,1.97499995
1249.64779242,0.5680217238272728,0.0195673975,29,1,0.0,0.0,0.0,0.0,0.0,0.168382,6.60000015
1249.64779242,0.5433251271391305,0.0195673975,29,1,0.0,0.0,0.0,0.0,0.0,0.15758801,1.7000000000000002
1249.64779242,0.5680217238272728,0.0195673975,29,0,0.0,0.0,0.0,0.0,0.0,0.167,2.5500000500000004
1254.05070811,0.5700230491409091,0.01956738,28,0,0.0,0.0,0.0,0.0,0.0,0.16532201,2.17500005
1254.05070811,0.5225211283791666,0.01956738,28,0,0.0,0.0,0.0,0.0,0.0,-99.989998,15.299999999999999
1274.9506243600001,0.5425321805787234,0.019910035714285713,32,1,0.0,0.0,0.0,0.0,0.0,0.153083,1.7000000000000002
1246.91687003,0.5937699381095237,0.01968967785714286,28,0,0.0,0.0,0.0,0.0,0.0,0.194593,0.75
1246.91687003,0.5799613348976744,0.01968967785714286,28,0,0.0,0.0,0.0,0.0,0.0,0.177146,1.375
1246.91687003,0.5732951126574712,0.01968967785714286,28,0,0.0,0.0,0.0,0.0,0.0,0.167881,1.85
1269.15438092,0.5768883549636363,0.02055276,31,1,0.0,0.0,0.0,0.0,0.0,0.163689,8.9
1269.15438092,0.551806252573913,0.02055276,31,1,0.0,0.0,0.0,0.0,0.0,0.157645,3.0
1290.8345607100002,0.5737042492044445,0.02063227285714286,30,1,0.0,0.0,0.0,0.0,0.0,0.155174,7.8499999
1290.8345607100002,0.5612324177000001,0.02063227285714286,30,1,0.0,0.0,0.0,0.0,0.0,0.145641,4.45000005
1284.87124458,0.577470222283146,0.020901044285714286,29,0,0.0,0.0,0.0,0.0,0.0,0.16214401,1.4
1284.87124458,0.57105388648,0.020901044285714286,29,0,0.0,0.0,0.0,0.0,0.0,0.15662999,1.9749999999999999
1284.87124458,0.552632793367742,0.020901044285714286,29,0,0.0,0.0,0.0,0.0,0.0,0.14391001,5.10000015
1296.33382368,0.5575629349161291,0.02102850857142857,28,1,0.0,0.0,0.0,0.0,0.0,0.148981,3.5500000500000004
1300.41562014,0.5779624978400001,0.02214225607142857,32,1,0.0,0.0,0.0,0.0,0.0,0.17882,9.8500002
1300.41562014,0.5362538639752578,0.02214225607142857,32,1,0.0,0.0,0.0,0.0,0.0,0.141093,0.900000005
1301.81349564,0.5599197830709677,0.021070329130434783,29,1,0.0,0.0,0.0,0.0,0.0,0.142928,4.04999995
1298.12310432,0.5583325179870968,0.02102213043478261,28,1,0.0,0.0,0.0,0.0,0.0,0.143571,3.70000005
1298.12310432,0.5523928103489362,0.02102213043478261,28,1,0.0,0.0,0.0,0.0,0.0,0.13950901,2.5
1298.12310432,0.5583325179870968,0.02102213043478261,28,0,0.0,0.0,0.0,0.0,0.0,0.141967,3.65
1292.14019718,0.5618000857304348,0.021198066428571426,32,1,0.0,0.0,0.0,0.0,0.0,0.15987501,5.1500001
1292.14019718,0.5557592245935484,0.021198066428571426,32,1,0.0,0.0,0.0,0.0,0.0,0.15982901,3.9
1292.14019718,0.5328413184247422,0.021198066428571426,32,1,0.0,0.0,0.0,0.0,0.0,0.149682,0.799999985
1292.14019718,0.5679737130461538,0.021198066428571426,32,0,0.0,0.0,0.0,0.0,0.0,0.16272999,2.6999999499999996
1292.14019718,0.5618000857304348,0.021198066428571426,32,0,0.0,0.0,0.0,0.0,0.0,0.163349,3.75
1292.14019718,0.5498468924170213,0.021198066428571426,32,0,0.0,0.0,0.0,0.0,0.0,0.150213,6.1500001
1292.14019718,0.6153048558,0.024409164395604397,186,0,0.0,0.0,0.0,0.0,0.0,0.21240599,5.0
1286.1572900400001,0.5591988217565218,0.02119496857142857,31,1,0.0,0.0,0.0,0.0,0.0,0.160441,4.39999985
1286.1572900400001,0.5531859312,0.02119496857142857,31,1,0.0,0.0,0.0,0.0,0.0,0.159724,3.25
1286.1572900400001,0.5591988217565218,0.02119496857142857,31,0,0.0,0.0,0.0,0.0,0.0,0.166668,4.3499999
1286.1572900400001,0.5531859312,0.02119496857142857,31,0,0.0,0.0,0.0,0.0,0.0,0.156472,5.4499998
1286.1572900400001,0.514462916016,0.024427050000000002,185,1,0.0,0.0,0.0,0.0,0.0,0.174009,4.75
1286.71644024,0.5594419305391305,0.02111320357142857,30,1,0.0,0.0,0.0,0.0,0.0,0.16406199,4.5
1286.71644024,0.5534264259096775,0.02111320357142857,30,1,0.0,0.0,0.0,0.0,0.0,0.156132,3.15
1286.71644024,0.5417753432589474,0.02111320357142857,30,1,0.0,0.0,0.0,0.0,0.0,0.15174,1.4500000000000002
1286.71644024,0.5361318501000001,0.02111320357142857,30,1,0.0,0.0,0.0,0.0,0.0,0.151724,0.95000001
1286.71644024,0.5594419305391305,0.02111320357142857,30,0,0.0,0.0,0.0,0.0,0.0,0.158595,3.9999998999999997
1286.71644024,0.5534264259096775,0.02111320357142857,30,0,0.0,0.0,0.0,0.0,0.0,0.15626299,5.29999995
1286.71644024,0.5594419305391305,0.02323110714285714,93,0,0.0,0.0,0.0,0.0,0.0,0.179767,8.0500002
1286.71644024,0.5594419305391305,0.024492338241758244,184,1,0.0,0.0,0.0,0.0,0.0,0.18894599,13.1
1304.1619264800001,0.5670269245565218,0.021145610000000002,29,1,0.0,0.0,0.0,0.0,0.0,0.172962,6.5
1304.1619264800001,0.5549625219063831,0.021145610000000002,29,1,0.0,0.0,0.0,0.0,0.0,0.16271999,3.6000000500000002
1304.1619264800001,0.5434008027,0.021145610000000002,29,1,0.0,0.0,0.0,0.0,0.0,0.155949,1.7000000000000002
1304.1619264800001,0.5732579896615385,0.021145610000000002,29,0,0.0,0.0,0.0,0.0,0.0,0.17549101,2.15
1304.1619264800001,0.560929860851613,0.021145610000000002,29,0,0.0,0.0,0.0,0.0,0.0,0.16598,3.85
1304.1619264800001,0.5549625219063831,0.021145610000000002,29,0,0.0,0.0,0.0,0.0,0.0,0.158425,4.95000005
1304.1619264800001,0.5928008756727273,0.023231702857142857,92,1,0.0,0.0,0.0,0.0,0.0,0.201068,17.8500005
1304.1619264800001,0.5670269245565218,0.023231702857142857,92,1,0.0,0.0,0.0,0.0,0.0,0.18577901,10.8
1328.5408752,0.5593856316631579,0.021160297857142858,28,1,0.0,0.0,0.0,0.0,0.0,0.169798,4.70000005
1328.5408752,0.553558698,0.021160297857142858,28,1,0.0,0.0,0.0,0.0,0.0,0.166225,3.45000005
1328.5408752,0.5478519072989692,0.021160297857142858,28,1,0.0,0.0,0.0,0.0,0.0,0.16155399,2.3999999499999998
1328.5408752,0.5839740110769231,0.021160297857142858,28,0,0.0,0.0,0.0,0.0,0.0,0.182368,1.2000000000000002
1328.5408752,0.5776264674782609,0.021160297857142858,28,0,0.0,0.0,0.0,0.0,0.0,0.175613,1.625
1328.5408752,0.5714154301935485,0.021160297857142858,28,0,0.0,0.0,0.0,0.0,0.0,0.16832,2.17500005
1328.5408752,0.5653365426382979,0.021160297857142858,28,0,0.0,0.0,0.0,0.0,0.0,0.162293,2.9250000500000004
1328.5408752,0.5593856316631579,0.021160297857142858,28,0,0.0,0.0,0.0,0.0,0.0,0.156855,3.8999998499999995
1328.5408752,0.5776264674782609,0.02325875357142857,91,1,0.0,0.0,0.0,0.0,0.0,0.19007701,13.7
1328.5408752,0.553558698,0.02325875357142857,91,1,0.0,0.0,0.0,0.0,0.0,0.178195,7.700000300000001
1328.5408752,0.53141635008,0.02325875357142857,91,1,0.0,0.0,0.0,0.0,0.0,0.172188,3.79999995
1328.5408752,0.5109772596923077,0.02325875357142857,91,1,0.0,0.0,0.0,0.0,0.0,0.167602,1.6
1328.5408752,0.603882216,0.02325875357142857,91,0,0.0,0.0,0.0,0.0,0.0,0.199628,2.75
1328.5408752,0.5109772596923077,0.02447337252747253,182,1,0.0,0.0,0.0,0.0,0.0,0.175841,4.5999999
1328.5408752,0.47447888400000005,0.02447337252747253,182,1,0.0,0.0,0.0,0.0,0.0,0.168851,1.3250000000000002
1312.6050945,0.5966386793181818,0.021458777857142855,32,0,0.0,0.0,0.0,0.0,0.0,0.213423,1.074999995
1339.164729,0.55798530375,0.021411448571428574,31,1,0.0,0.0,0.0,0.0,0.0,0.168613,4.6500001
1323.5085234,0.490188342,0.024417499999999998,177,1,0.0,0.0,0.0,0.0,0.0,0.17418,2.375
1323.5085234,0.5754384884347826,0.024417499999999998,177,0,0.0,0.0,0.0,0.0,0.0,0.196724,9.1499996
1344.64440096,0.5910524839384615,0.02162417714285714,31,0,0.0,0.0,0.0,0.0,0.0,0.24665,2.04999995
1357.95217572,0.543180870288,0.021602652857142853,28,1,0.0,0.0,0.0,0.0,0.0,0.213356,3.05
1357.95217572,0.5378028418693069,0.021602652857142853,28,1,0.0,0.0,0.0,0.0,0.0,0.21022899,2.2750001
1357.95217572,0.5840654519225806,0.021602652857142853,28,0,0.0,0.0,0.0,0.0,0.0,0.23345099,2.20000005
1357.95217572,0.5778519896680852,0.021602652857142853,28,0,0.0,0.0,0.0,0.0,0.0,0.22463299,2.6999999499999996
1367.4018141000001,0.5581231894285715,0.02234028857142857,31,1,0.0,0.0,0.0,0.0,0.0,0.194967,5.54999995
1379.6472034800001,0.551858881392,0.02089505083333333,29,1,0.0,0.0,0.0,0.0,0.0,0.20285299,4.2499999
1379.6472034800001,0.5357853217398059,0.02089505083333333,29,1,0.0,0.0,0.0,0.0,0.0,0.197502,1.8250000000000002
1379.6472034800001,0.5870839163744681,0.02089505083333333,29,0,0.0,0.0,0.0,0.0,0.0,0.213459,1.6749999999999998
1370.64488526,0.5482579541039999,0.021100054,32,1,0.0,0.0,0.0,0.0,0.0,0.199405,3.8499999000000003
1370.64488526,0.5959325588086957,0.021100054,32,0,0.0,0.0,0.0,0.0,0.0,0.227937,1.425
1370.64488526,0.5076462538,0.02484106634920635,186,1,0.0,0.0,0.0,0.0,0.0,0.165286,3.85
1385.2946205,0.5541178482,0.021076209999999998,31,1,0.0,0.0,0.0,0.0,0.0,0.20089699,4.95000005
1376.3482173,0.55053928692,0.021068817142857143,30,0,0.0,0.0,0.0,0.0,0.0,0.198835,7.5500002
1376.3482173,0.5293646989615385,0.021068817142857143,30,0,0.0,0.0,0.0,0.0,0.0,0.194418,14.8
1381.2687390600001,0.552507495624,0.020825380571428572,28,1,0.0,0.0,0.0,0.0,0.0,0.197524,4.20000005
1381.2687390600001,0.5312572073307693,0.020825380571428572,28,1,0.0,0.0,0.0,0.0,0.0,0.195501,1.325
1381.2687390600001,0.552507495624,0.020825380571428572,28,0,0.0,0.0,0.0,0.0,0.0,0.196831,6.8499999
1404.36164232,0.5674188453818182,0.02102221542857143,30,1,0.0,0.0,0.0,0.0,0.0,0.204172,8.0500002
1404.36164232,0.5913101651873685,0.02102221542857143,30,0,0.0,0.0,0.0,0.0,0.0,0.216167,1.4500000000000002
1404.36164232,0.5201339416,0.024720824444444442,177,1,0.0,0.0,0.0,0.0,0.0,0.161531,4.9000001
1398.9938004,0.5540569506534654,0.02099045285714286,28,1,0.0,0.0,0.0,0.0,0.0,0.20228,4.6500001
1398.9938004,0.5540569506534654,0.02099045285714286,28,0,0.0,0.0,0.0,0.0,0.0,0.203751,6.75
1397.8755,0.5705614285714287,0.021362202857142857,30,1,0.0,0.0,0.0,0.0,0.0,0.205845,8.5999999
1370.4771402000001,0.5593784245714286,0.02134040628571429,29,1,0.0,0.0,0.0,0.0,0.0,0.15209,4.45000005
1370.4771402000001,0.5481908560800001,0.02134040628571429,29,1,0.0,0.0,0.0,0.0,0.0,0.14861999,2.2750001
1370.4771402000001,0.6301044322758621,0.02134040628571429,29,0,0.0,0.0,0.0,0.0,0.0,0.24406201,0.25
1381.77197424,0.5366104754330097,0.021319121142857146,28,1,0.0,0.0,0.0,0.0,0.0,0.13830701,0.75
1381.77197424,0.5698028759752577,0.021319121142857146,28,0,0.0,0.0,0.0,0.0,0.0,0.14982399,2.05000005
1405.7036028,0.56228144112,0.02085527041666667,30,1,0.0,0.0,0.0,0.0,0.0,0.14772899,5.1500001
1405.7036028,0.5567142981386138,0.02085527041666667,30,1,0.0,0.0,0.0,0.0,0.0,0.144045,3.75
1405.7036028,0.5512563148235294,0.02085527041666667,30,1,0.0,0.0,0.0,0.0,0.0,0.13950799,2.6
1403.63474706,0.5729121416571429,0.02082184416666667,30,1,0.0,0.0,0.0,0.0,0.0,0.163509,8.3000002
1412.58115026,0.6141657175043478,0.020945438333333333,29,0,0.0,0.0,0.0,0.0,0.0,0.206283,0.349999995
1412.58115026,0.588575479275,0.020945438333333333,29,0,0.0,0.0,0.0,0.0,0.0,0.165171,0.875
1415.3209862400001,0.5605231628673268,0.02082891375,28,1,0.0,0.0,0.0,0.0,0.0,0.13944601,4.1500001
1415.3209862400001,0.5836375200989691,0.02082891375,28,0,0.0,0.0,0.0,0.0,0.0,0.15757801,0.9999999900000001
1415.3209862400001,0.566128394496,0.02082891375,28,0,0.0,0.0,0.0,0.0,0.0,0.14318401,2.7749999499999998
1413.58762062,0.5889948419250001,0.020993965,32,1,0.0,0.0,0.0,0.0,0.0,0.177783,13.899999999999999
1405.4240277000001,0.5511466775294118,0.020938339999999996,31,1,0.0,0.0,0.0,0.0,0.0,0.153514,2.825
1405.4240277000001,0.5205274176666667,0.020938339999999996,31,1,0.0,0.0,0.0,0.0,0.0,0.15902001,0.300000005
1405.4240277000001,0.5511466775294118,0.020938339999999996,31,0,0.0,0.0,0.0,0.0,0.0,0.144201,6.5500002
1413.8671957200002,0.5655468782880001,0.020889864285714283,30,1,0.0,0.0,0.0,0.0,0.0,0.15317699,5.85000015
1413.8671957200002,0.5437950752769232,0.020889864285714283,30,1,0.0,0.0,0.0,0.0,0.0,0.14397401,1.5
1419.34686768,0.5566066147764707,0.020842779285714284,29,1,0.0,0.0,0.0,0.0,0.0,0.13911401,3.20000005
1419.34686768,0.567738747072,0.020842779285714284,29,0,0.0,0.0,0.0,0.0,0.0,0.14857601,2.7749999499999998
1419.34686768,0.5621175713584159,0.020842779285714284,29,0,0.0,0.0,0.0,0.0,0.0,0.14473,3.75
1428.0696108000002,0.5712278443200001,0.020873210714285717,28,1,0.0,0.0,0.0,0.0,0.0,0.146148,7.20000005
1428.0696108000002,0.565572123089109,0.020873210714285717,28,1,0.0,0.0,0.0,0.0,0.0,0.141807,5.45000005
1428.0696108000002,0.554590140116505,0.020873210714285717,28,1,0.0,0.0,0.0,0.0,0.0,0.13537399,2.75
1428.0696108000002,0.5440265184,0.020873210714285717,28,1,0.0,0.0,0.0,0.0,0.0,0.134831,1.225
1428.0696108000002,0.565572123089109,0.020873210714285717,28,0,0.0,0.0,0.0,0.0,0.0,0.139374,2.7749999499999998
1428.0696108000002,0.5600272983529413,0.020873210714285717,28,0,0.0,0.0,0.0,0.0,0.0,0.135106,3.8000000500000004
1450.1560437000003,0.5631673956116506,0.021143565714285713,30,1,0.0,0.0,0.0,0.0,0.0,0.136123,4.79999995
1455.57980064,0.5764672477782178,0.021254145714285713,29,1,0.0,0.0,0.0,0.0,0.0,0.16218001,9.2500001
1455.57980064,0.5652737089864078,0.021254145714285713,29,1,0.0,0.0,0.0,0.0,0.0,0.14748301,5.54999995
1464.24662874,0.5525458976377359,0.021290925714285716,28,1,0.0,0.0,0.0,0.0,0.0,0.13535599,2.42499995
1464.58211886,0.5526724976830188,0.021704035714285714,31,1,0.0,0.0,0.0,0.0,0.0,0.141991,2.875
1464.58211886,0.52306504245,0.021704035714285714,31,1,0.0,0.0,0.0,0.0,0.0,0.149058,0.3
1440.25908516,0.5648074843764707,0.02163232285714286,30,0,0.0,0.0,0.0,0.0,0.0,0.156581,3.55
1440.25908516,0.5593239165669903,0.02163232285714286,30,0,0.0,0.0,0.0,0.0,0.0,0.15007301,4.5500002
1433.7167366400001,0.5514295140923078,0.02168492571428571,29,1,0.0,0.0,0.0,0.0,0.0,0.16013999,2.9499999499999996
1433.7167366400001,0.5622418575058824,0.02168492571428571,29,0,0.0,0.0,0.0,0.0,0.0,0.160458,4.1000001500000005
1426.4825404800001,0.5594049178352941,0.021694457142857143,28,0,0.0,0.0,0.0,0.0,0.0,0.157075,4.54999995
1427.60412128,0.6798114863238096,0.025765084285714286,186,0,0.0,0.0,0.0,0.0,0.0,0.22521301,1.9
1431.0249427200001,0.5503942087384616,0.025892512500000003,185,1,0.0,0.0,0.0,0.0,0.0,0.182372,12.0
1431.0249427200001,0.5300092380444444,0.025892512500000003,185,1,0.0,0.0,0.0,0.0,0.0,0.174197,7.5999999
1431.0249427200001,0.5110803366857143,0.025892512500000003,185,1,0.0,0.0,0.0,0.0,0.0,0.170653,4.64999985
1448.8019984000002,0.7244009992000001,0.025529851785714285,184,0,0.0,0.0,0.0,0.0,0.0,0.248916,1.199999995
1442.5211459200002,0.5548158253538462,0.022044000857142854,32,1,0.0,0.0,0.0,0.0,0.0,0.155469,3.5500000500000004
1442.5211459200002,0.5770084583680001,0.022044000857142854,32,0,0.0,0.0,0.0,0.0,0.0,0.164869,2.1
1442.5211459200002,0.5548158253538462,0.025609921428571426,179,1,0.0,0.0,0.0,0.0,0.0,0.182284,12.75
1456.653064,0.5602511784615385,0.021931107999999998,31,1,0.0,0.0,0.0,0.0,0.0,0.151888,4.70000005
1456.653064,0.5602511784615385,0.021931107999999998,31,0,0.0,0.0,0.0,0.0,0.0,0.150106,4.45000005
1458.2793561600001,0.5608766754461539,0.02201297485714286,30,1,0.0,0.0,0.0,0.0,0.0,0.15680701,4.75
1468.65397856,0.5648669148307692,0.02227178285714286,29,1,0.0,0.0,0.0,0.0,0.0,0.14821,5.54999995
1468.65397856,0.5439459179851852,0.02227178285714286,29,1,0.0,0.0,0.0,0.0,0.0,0.138901,1.375
1468.65397856,0.5648669148307692,0.02227178285714286,29,0,0.0,0.0,0.0,0.0,0.0,0.141744,3.15
1468.65397856,0.5439459179851852,0.024486545714285716,92,1,0.0,0.0,0.0,0.0,0.0,0.159289,5.4000001
1466.57905408,0.586631621632,0.02230485542857143,28,1,0.0,0.0,0.0,0.0,0.0,0.177801,13.1
1466.57905408,0.5640688669538462,0.02230485542857143,28,1,0.0,0.0,0.0,0.0,0.0,0.142184,5.1500001
1466.57905408,0.5431774274370371,0.02230485542857143,28,1,0.0,0.0,0.0,0.0,0.0,0.137244,1.225
1466.57905408,0.5237782336000001,0.02230485542857143,28,1,0.0,0.0,0.0,0.0,0.0,0.145656,0.22500000999999997
1466.57905408,0.586631621632,0.02230485542857143,28,0,0.0,0.0,0.0,0.0,0.0,0.16141701,0.875
1466.57905408,0.5640688669538462,0.02449435071428572,91,1,0.0,0.0,0.0,0.0,0.0,0.16695,10.0000002
1466.57905408,0.5431774274370371,0.02449435071428572,91,1,0.0,0.0,0.0,0.0,0.0,0.15911999,5.20000005
1463.6629440000002,0.5575858834285715,0.022964811714285712,28,1,0.0,0.0,0.0,0.0,0.0,0.13940001,3.35
1423.11779808,0.5808644073795919,0.02323246514285714,28,0,0.0,0.0,0.0,0.0,0.0,0.181897,1.84999995
1423.11779808,0.5580854110117647,0.02323246514285714,28,0,0.0,0.0,0.0,0.0,0.0,0.16540299,5.4000001
1404.05092448,0.5730820099918368,0.023584512,32,0,0.0,0.0,0.0,0.0,0.0,0.233428,4.29999995
1336.4196022400001,0.5345678408960001,0.023207491666666663,32,1,0.0,0.0,0.0,0.0,0.0,0.258439,3.15
1370.0109472000001,0.5708378946666667,0.02316592,31,1,0.0,0.0,0.0,0.0,0.0,0.246453,9.5500002
1370.0109472000001,0.5480043788800001,0.02316592,31,1,0.0,0.0,0.0,0.0,0.0,0.23347899,4.39999985
1370.0109472000001,0.5269272873846155,0.02316592,31,1,0.0,0.0,0.0,0.0,0.0,0.228108,1.65
1370.0109472000001,0.5708378946666667,0.02316592,31,0,0.0,0.0,0.0,0.0,0.0,0.24509101,4.79999995
1344.7753792,0.5172212996923077,0.023035394166666667,29,1,0.0,0.0,0.0,0.0,0.0,0.249238,1.0999999900000001
1344.7753792,0.5603230746666668,0.023035394166666667,29,0,0.0,0.0,0.0,0.0,0.0,0.259996,7.04999995
1335.1858633600002,0.5805155927652175,0.02302856625,28,1,0.0,0.0,0.0,0.0,0.0,0.27087301,12.05
1335.1858633600002,0.5563274430666667,0.02302856625,28,1,0.0,0.0,0.0,0.0,0.0,0.25458401,6.0
1335.1858633600002,0.5135330243692309,0.02302856625,28,1,0.0,0.0,0.0,0.0,0.0,0.237395,0.724999995
1335.1858633600002,0.494513282725926,0.02302856625,28,1,0.0,0.0,0.0,0.0,0.0,0.24428,0.22500000999999997
1335.1858633600002,0.5805155927652175,0.02302856625,28,0,0.0,0.0,0.0,0.0,0.0,0.26367801,3.3999999499999998
1335.1858633600002,0.5563274430666667,0.02302856625,28,0,0.0,0.0,0.0,0.0,0.0,0.248219,7.3499999
1281.406064,0.5571330713043479,0.023687998571428573,32,0,0.0,0.0,0.0,0.0,0.0,0.297519,8.5999999
1292.6218720000002,0.5809536503370787,0.02371363214285714,30,0,0.0,0.0,0.0,0.0,0.0,0.292532,4.1000001500000005
1292.6218720000002,0.5744986097777779,0.02371363214285714,30,0,0.0,0.0,0.0,0.0,0.0,0.287579,4.89999985
1292.6218720000002,0.5681854382417583,0.02371363214285714,30,0,0.0,0.0,0.0,0.0,0.0,0.28382,5.8499999
1330.8677772800002,0.5786381640347826,0.02436949142857143,32,0,0.0,0.0,0.0,0.0,0.0,0.26472199,4.29999995
1349.7664137600002,0.5868549625043479,0.024339141428571427,31,0,0.0,0.0,0.0,0.0,0.0,0.226818,2.4000001
1379.9369372800002,0.557550277688889,0.02322849,28,0,0.0,0.0,0.0,0.0,0.0,0.195452,6.4499998
1364.9638336,0.5571280953469387,0.02344966642857143,32,1,0.0,0.0,0.0,0.0,0.0,0.21836001,5.39999985
1364.9638336,0.5515005388282829,0.02344966642857143,32,1,0.0,0.0,0.0,0.0,0.0,0.215902,4.29999995
1364.9638336,0.5300830421747573,0.02344966642857143,32,1,0.0,0.0,0.0,0.0,0.0,0.20696799,1.425
1364.9638336,0.6499827779047619,0.02344966642857143,32,0,0.0,0.0,0.0,0.0,0.0,0.326902,0.625000015
1364.9638336,0.5628716839587629,0.02344966642857143,32,0,0.0,0.0,0.0,0.0,0.0,0.22010601,6.0500002
1342.3079014400003,0.5592949589333335,0.023468160000000002,31,1,0.0,0.0,0.0,0.0,0.0,0.238041,6.20000005
1342.3079014400003,0.5369231605760001,0.023468160000000002,31,1,0.0,0.0,0.0,0.0,0.0,0.225574,2.375
1342.3079014400003,0.5065312835622643,0.023468160000000002,31,1,0.0,0.0,0.0,0.0,0.0,0.229583,0.450000015
1342.3079014400003,0.5592949589333335,0.023468160000000002,31,0,0.0,0.0,0.0,0.0,0.0,0.229956,6.89999985
1357.3370841600001,0.6169714018909092,0.023531620714285717,30,0,0.0,0.0,0.0,0.0,0.0,0.28221601,1.124999995
1357.3370841600001,0.5484190239030303,0.023531620714285717,30,0,0.0,0.0,0.0,0.0,0.0,0.208581,9.2000003
1357.6735584,0.5598653849072165,0.0241750425,32,0,0.0,0.0,0.0,0.0,0.0,0.19542401,5.9499998
1365.5807030400001,0.5462322812160001,0.024255333214285715,31,1,0.0,0.0,0.0,0.0,0.0,0.20114399,3.0
1365.5807030400001,0.5749813486484211,0.024255333214285715,31,0,0.0,0.0,0.0,0.0,0.0,0.21393099,3.55
1402.5367904,0.5724639960816327,0.02421187107142857,29,1,0.0,0.0,0.0,0.0,0.0,0.19610301,8.0500002
1402.5367904,0.5905418064842105,0.02421187107142857,29,0,0.0,0.0,0.0,0.0,0.0,0.214148,1.7
1417.3977360000001,0.572685953939394,0.02416000714285714,28,1,0.0,0.0,0.0,0.0,0.0,0.198531,8.3000002
1325.33664588,0.5097448638000001,0.026957379285714286,93,1,0.0,0.0,0.0,0.0,0.0,0.211594,2.75
1332.81965547,0.6346760264142858,0.02701531857142857,92,0,0.0,0.0,0.0,0.0,0.0,0.275215,3.1000000500000002
1302.21245835,0.6056802131860465,0.02464668,28,0,0.0,0.0,0.0,0.0,0.0,0.26740199,1.3250000000000002
1302.21245835,0.5919147537954546,0.027028946785714283,91,0,0.0,0.0,0.0,0.0,0.0,0.25839701,6.5
1270.70504955,0.4887327113653846,0.025042516571428575,32,0,0.0,0.0,0.0,0.0,0.0,0.32187399,34.6499995
1255.57024068,0.52315426695,0.02502741742857143,31,1,0.0,0.0,0.0,0.0,0.0,0.26668501,1.775
1255.57024068,0.5978905908000001,0.02502741742857143,31,0,0.0,0.0,0.0,0.0,0.0,0.301586,2.6499999499999998
1255.57024068,0.5707137457636364,0.02502741742857143,31,0,0.0,0.0,0.0,0.0,0.0,0.27578199,5.4499998
1250.39402352,0.5436495754434783,0.025071417428571427,30,1,0.0,0.0,0.0,0.0,0.0,0.26883999,3.9
1223.6127260399999,0.5320055330608695,0.025301972571428574,29,1,0.0,0.0,0.0,0.0,0.0,0.29208899,2.625
1223.6127260399999,0.5826727266857142,0.025301972571428574,29,0,0.0,0.0,0.0,0.0,0.0,0.31606999,4.5500002
1223.6127260399999,0.5561876027454545,0.025301972571428574,29,0,0.0,0.0,0.0,0.0,0.0,0.294135,8.75
1223.6127260399999,0.5320055330608695,0.025301972571428574,29,0,0.0,0.0,0.0,0.0,0.0,0.29517099,15.5500005
1223.6127260399999,0.50983863585,0.025301972571428574,29,0,0.0,0.0,0.0,0.0,0.0,0.290831,23.8499995
1223.6127260399999,0.699207272022857,0.027989434175824175,365,0,0.0,0.0,0.0,0.0,0.0,0.317233,8.299999699999999
1223.6127260399999,0.5826727266857142,0.027989434175824175,365,0,0.0,0.0,0.0,0.0,0.0,0.26576099,17.6999995
1205.49596598,0.5479527118090909,0.025298806857142857,28,1,0.0,0.0,0.0,0.0,0.0,0.32211,5.3500001500000005
1205.49596598,0.502289985825,0.025298806857142857,28,1,0.0,0.0,0.0,0.0,0.0,0.30169001,0.799999995
1205.49596598,0.60274798299,0.025298806857142857,28,0,0.0,0.0,0.0,0.0,0.0,0.34864801,2.6999999499999996
1205.49596598,0.5740456980857143,0.025298806857142857,28,0,0.0,0.0,0.0,0.0,0.0,0.32422799,5.5
1225.7507287800001,0.510729470325,0.02556270485714286,30,1,0.0,0.0,0.0,0.0,0.0,0.328996,1.6
1225.7507287800001,0.7660942054875001,0.027457968241758238,177,0,0.0,0.0,0.0,0.0,0.0,0.36448199,2.475
1273.68700074,0.6531728208923077,0.025466206666666668,32,0,0.0,0.0,0.0,0.0,0.0,0.35333201,0.72500002
1298.4428219400002,0.5645403573652175,0.02539591,31,1,0.0,0.0,0.0,0.0,0.0,0.239415,7.0500002
1328.4311235300001,0.5535129681375001,0.025269593333333337,29,1,0.0,0.0,0.0,0.0,0.0,0.2052,3.9499999
1328.4311235300001,0.531372449412,0.025269593333333337,29,1,0.0,0.0,0.0,0.0,0.0,0.18859801,1.00000001
1328.4311235300001,0.5535129681375001,0.025269593333333337,29,0,0.0,0.0,0.0,0.0,0.0,0.20494001,7.39999985
1362.02027184,0.5921827268869565,0.025256726250000004,28,1,0.0,0.0,0.0,0.0,0.0,0.25912699,14.2
1362.02027184,0.5675084466,0.025256726250000004,28,1,0.0,0.0,0.0,0.0,0.0,0.223288,6.8499999
1362.02027184,0.544808108736,0.025256726250000004,28,1,0.0,0.0,0.0,0.0,0.0,0.203702,2.3500000500000002
1362.02027184,0.68101013592,0.025256726250000004,28,0,0.0,0.0,0.0,0.0,0.0,0.32453799,0.125
1362.02027184,0.6485810818285714,0.025256726250000004,28,0,0.0,0.0,0.0,0.0,0.0,0.29604799,0.32500000500000004
1345.47888222,0.560616200925,0.02538018357142857,30,0,0.0,0.0,0.0,0.0,0.0,0.226276,6.4499998
1367.53406838,0.5758038182652632,0.02519966714285714,28,0,0.0,0.0,0.0,0.0,0.0,0.220586,3.45
1367.53406838,0.569805861825,0.02519966714285714,28,0,0.0,0.0,0.0,0.0,0.0,0.215451,4.29999995
1390.60199268,0.556240797072,0.025716425714285715,32,0,0.0,0.0,0.0,0.0,0.0,0.19001099,7.50000025
1363.87695843,0.545550783372,0.02574157142857143,31,0,0.0,0.0,0.0,0.0,0.0,0.138754,9.25
1362.75169383,0.5678132057625,0.025588212857142856,28,0,0.0,0.0,0.0,0.0,0.0,0.18304101,4.15
1362.75169383,0.5619594613731959,0.025588212857142856,28,0,0.0,0.0,0.0,0.0,0.0,0.179168,5.29999995
1385.53830198,0.577307625825,0.02615897,31,1,0.0,0.0,0.0,0.0,0.0,0.173544,8.6500001
1385.53830198,0.554215320792,0.02615897,31,1,0.0,0.0,0.0,0.0,0.0,0.162141,2.9749999
1385.53830198,0.6024079573826087,0.02615897,31,0,0.0,0.0,0.0,0.0,0.0,0.200239,0.8749999900000001
1385.53830198,0.577307625825,0.02615897,31,0,0.0,0.0,0.0,0.0,0.0,0.179545,2.675
1378.7304511500001,0.55149218046,0.025278872857142858,30,1,0.0,0.0,0.0,0.0,0.0,0.16297901,2.5250001
1397.2410538200002,0.558896421528,0.025124050000000002,28,1,0.0,0.0,0.0,0.0,0.0,0.159044,3.29999995
1397.2410538200002,0.5374004053153847,0.025124050000000002,28,1,0.0,0.0,0.0,0.0,0.0,0.14805,0.57499999
1397.2410538200002,0.5821837724250001,0.025124050000000002,28,0,0.0,0.0,0.0,0.0,0.0,0.177147,1.9750000500000002
1431.1677815100002,0.555793313207767,0.025062072142857144,28,1,0.0,0.0,0.0,0.0,0.0,0.14506,2.57500005
1392.4598006400001,0.5626100204606062,0.025262354285714286,28,0,0.0,0.0,0.0,0.0,0.0,0.17894401,5.10000015
1380.88983229,0.5753707634541666,0.02518983107142857,31,1,0.0,0.0,0.0,0.0,0.0,0.187934,8.1999998
1380.88983229,0.5636285029755101,0.02518983107142857,31,1,0.0,0.0,0.0,0.0,0.0,0.178112,5.10000015
1380.88983229,0.5579352857737374,0.02518983107142857,31,1,0.0,0.0,0.0,0.0,0.0,0.172066,3.79999995
1380.88983229,0.5523559329159999,0.02518983107142857,31,1,0.0,0.0,0.0,0.0,0.0,0.16858301,2.7750001
1380.88983229,0.5468870622930693,0.02518983107142857,31,1,0.0,0.0,0.0,0.0,0.0,0.16518,1.95
1380.88983229,0.5311114739576923,0.02518983107142857,31,1,0.0,0.0,0.0,0.0,0.0,0.160221,0.57499999
1380.88983229,0.613728814351111,0.02518983107142857,31,0,0.0,0.0,0.0,0.0,0.0,0.233613,0.799999985
1380.88983229,0.5876126945914893,0.02518983107142857,31,0,0.0,0.0,0.0,0.0,0.0,0.198448,1.9
1380.88983229,0.5814272978063157,0.02518983107142857,31,0,0.0,0.0,0.0,0.0,0.0,0.192891,2.4499999499999996
1380.88983229,0.5636285029755101,0.02518983107142857,31,0,0.0,0.0,0.0,0.0,0.0,0.177999,5.0500002
1397.2571045900002,0.5703090222816327,0.025149631785714287,30,1,0.0,0.0,0.0,0.0,0.0,0.175964,6.5
1397.2571045900002,0.558902841836,0.025149631785714287,30,1,0.0,0.0,0.0,0.0,0.0,0.163479,3.6500001
1372.3111240500002,0.5717963016875001,0.025156055714285714,29,1,0.0,0.0,0.0,0.0,0.0,0.196808,7.3499999
1372.3111240500002,0.5839621804468086,0.025156055714285714,29,0,0.0,0.0,0.0,0.0,0.0,0.192625,1.9750000500000002
1372.3111240500002,0.7841777851714287,0.025999053571428572,93,0,0.0,0.0,0.0,0.0,0.0,0.31666699,0.224999995
1372.3111240500002,0.7222690126578949,0.025999053571428572,93,0,0.0,0.0,0.0,0.0,0.0,0.29609799,0.625
1385.12274754,0.5540490990160001,0.025069638571428573,28,1,0.0,0.0,0.0,0.0,0.0,0.16343001,2.67499995
1385.12274754,0.5327395182846154,0.025069638571428573,28,1,0.0,0.0,0.0,0.0,0.0,0.154342,0.47500001000000003
1385.12274754,0.5327395182846154,0.025973954285714286,92,1,0.0,0.0,0.0,0.0,0.0,0.177811,3.70000005
1385.12274754,0.5130084250148148,0.026056016483516485,183,1,0.0,0.0,0.0,0.0,0.0,0.1758,4.5
1355.21014644,0.5420840585760001,0.025920461428571427,91,1,0.0,0.0,0.0,0.0,0.0,0.196162,5.75
1355.21014644,0.5212346717076923,0.025920461428571427,91,1,0.0,0.0,0.0,0.0,0.0,0.188124,2.775
1355.21014644,0.7132684981263158,0.025920461428571427,91,0,0.0,0.0,0.0,0.0,0.0,0.296323,0.724999995
1394.040089,0.5576160356000001,0.025546739890109887,178,1,0.0,0.0,0.0,0.0,0.0,0.19135401,12.45
1409.44790051,0.563779160204,0.025150921071428575,28,1,0.0,0.0,0.0,0.0,0.0,0.16138799,4.3500001500000005
1415.14822638,0.566059290552,0.025272801428571426,31,1,0.0,0.0,0.0,0.0,0.0,0.183589,5.79999995
1419.94553033,0.5071234036892858,0.025169678571428572,29,1,0.0,0.0,0.0,0.0,0.0,0.19046,0.125
1418.19592536,0.5788554797387755,0.025267654285714286,28,0,0.0,0.0,0.0,0.0,0.0,0.16404299,2.00000005
1418.19592536,0.5616617526178218,0.025267654285714286,28,0,0.0,0.0,0.0,0.0,0.0,0.157481,4.95000005
1418.19592536,0.5561552648470588,0.025267654285714286,28,0,0.0,0.0,0.0,0.0,0.0,0.152468,6.29999995
1423.55761801,0.5870340692824743,0.025138729999999998,30,0,0.0,0.0,0.0,0.0,0.0,0.21964,2.3999999499999998
1423.55761801,0.5810439257183673,0.025138729999999998,30,0,0.0,0.0,0.0,0.0,0.0,0.223148,3.225
1389.5249794000001,0.5344326843846154,0.025091028,32,1,0.0,0.0,0.0,0.0,0.0,0.200279,1.525
1389.5249794000001,0.55580999176,0.025091028,32,0,0.0,0.0,0.0,0.0,0.0,0.216023,8.20000005
1354.6457577400001,0.5210175991307693,0.025123022857142855,31,1,0.0,0.0,0.0,0.0,0.0,0.220292,0.875
1274.78475669,0.5794476166772727,0.025165425714285716,30,1,0.0,0.0,0.0,0.0,0.0,0.33411801,12.0
1274.78475669,0.5542542420391304,0.025165425714285716,30,1,0.0,0.0,0.0,0.0,0.0,0.31406301,6.4499998
1274.78475669,0.5311603152875,0.025165425714285716,30,1,0.0,0.0,0.0,0.0,0.0,0.292548,2.7749999499999998
1274.78475669,0.509913902676,0.025165425714285716,30,1,0.0,0.0,0.0,0.0,0.0,0.27563399,0.925
1274.78475669,0.49030182949615386,0.025165425714285716,30,1,0.0,0.0,0.0,0.0,0.0,0.27930599,0.325000005
1274.78475669,0.637392378345,0.025165425714285716,30,0,0.0,0.0,0.0,0.0,0.0,0.39250001,1.65
1274.78475669,0.6070403603285714,0.025165425714285716,30,0,0.0,0.0,0.0,0.0,0.0,0.35935101,3.07500005
1274.78475669,0.5794476166772727,0.025165425714285716,30,0,0.0,0.0,0.0,0.0,0.0,0.33191001,5.70000005
1274.78475669,0.5542542420391304,0.025165425714285716,30,0,0.0,0.0,0.0,0.0,0.0,0.31201601,10.1500001
1274.78475669,0.5311603152875,0.025165425714285716,30,0,0.0,0.0,0.0,0.0,0.0,0.295136,16.6
1274.78475669,0.509913902676,0.025165425714285716,30,0,0.0,0.0,0.0,0.0,0.0,0.28385001,24.8499995
1286.18540843,0.5592110471434782,0.025075171714285718,29,1,0.0,0.0,0.0,0.0,0.0,0.29353401,6.75
1286.18540843,0.514474163372,0.025075171714285718,29,1,0.0,0.0,0.0,0.0,0.0,0.26519001,0.97499999
1286.18540843,0.643092704215,0.025075171714285718,29,0,0.0,0.0,0.0,0.0,0.0,0.37432501,1.125
1286.18540843,0.6124692421095238,0.025075171714285718,29,0,0.0,0.0,0.0,0.0,0.0,0.34237501,2.25
1286.18540843,0.5592110471434782,0.025075171714285718,29,0,0.0,0.0,0.0,0.0,0.0,0.29020399,8.3500004
1340.02809041,0.5255012119254902,0.025055774,29,1,0.0,0.0,0.0,0.0,0.0,0.23889901,1.2999999899999999
1343.9223724400001,0.5972988321955556,0.02510964657142857,28,0,0.0,0.0,0.0,0.0,0.0,0.30269301,2.8999999499999998
1343.9223724400001,0.5843140749739131,0.02510964657142857,28,0,0.0,0.0,0.0,0.0,0.0,0.28591901,4.0500000499999995
1342.62427843,0.5594267826791667,0.025035609714285714,28,1,0.0,0.0,0.0,0.0,0.0,0.23303799,5.20000005
1342.62427843,0.5480099095632653,0.025035609714285714,28,1,0.0,0.0,0.0,0.0,0.0,0.225474,3.1500001
1272.1321298,0.5717447774382023,0.02472988,28,0,0.0,0.0,0.0,0.0,0.0,0.237514,4.8499999
1272.1321298,0.5653920576888889,0.02472988,28,0,0.0,0.0,0.0,0.0,0.0,0.232639,5.95000005
1272.1321298,0.5471536042150538,0.02472988,28,0,0.0,0.0,0.0,0.0,0.0,0.21864,10.3
1294.4819223200002,0.5628182270956522,0.024686470714285712,32,1,0.0,0.0,0.0,0.0,0.0,0.225887,5.70000005
1294.4819223200002,0.5393674676333334,0.024686470714285712,32,1,0.0,0.0,0.0,0.0,0.0,0.204346,1.7999999999999998
1320.5002413900002,0.5560001016378948,0.024617229285714286,31,1,0.0,0.0,0.0,0.0,0.0,0.209777,4.04999995
1320.5002413900002,0.5502084339125001,0.024617229285714286,31,1,0.0,0.0,0.0,0.0,0.0,0.206213,3.075
1320.5002413900002,0.4890741634777778,0.024617229285714286,31,1,0.0,0.0,0.0,0.0,0.0,0.211642,0.05
1320.5002413900002,0.6520988846370371,0.024617229285714286,31,0,0.0,0.0,0.0,0.0,0.0,0.299503,0.400000005
1320.5002413900002,0.6214118783011765,0.024617229285714286,31,0,0.0,0.0,0.0,0.0,0.0,0.26238,0.875
1320.5002413900002,0.5741305397347827,0.024617229285714286,31,0,0.0,0.0,0.0,0.0,0.0,0.207385,3.94999995
1330.1512881600001,0.5374348639030304,0.024666475,30,1,0.0,0.0,0.0,0.0,0.0,0.183328,1.15
1320.669558,0.574204155652174,0.024588447142857142,29,1,0.0,0.0,0.0,0.0,0.0,0.22115999,7.79999995
1320.669558,0.5502789825000001,0.024588447142857142,29,1,0.0,0.0,0.0,0.0,0.0,0.199605,2.7249999
1320.669558,0.48913687333333333,0.024588447142857142,29,1,0.0,0.0,0.0,0.0,0.0,0.21922401,0.05
1320.669558,0.6003043445454546,0.024588447142857142,29,0,0.0,0.0,0.0,0.0,0.0,0.247123,1.7000000000000002
1327.38578353,0.5771242537086957,0.024569855,28,1,0.0,0.0,0.0,0.0,0.0,0.20976,8.14999985
1327.38578353,0.5473755808371135,0.024569855,28,1,0.0,0.0,0.0,0.0,0.0,0.18522701,1.94999995
1327.38578353,0.5417901157265306,0.024569855,28,1,0.0,0.0,0.0,0.0,0.0,0.18179099,1.325
1327.38578353,0.6807106582205128,0.024569855,28,0,0.0,0.0,0.0,0.0,0.0,0.30978599,0.10000000549999999
1327.38578353,0.6033571743318182,0.024569855,28,0,0.0,0.0,0.0,0.0,0.0,0.237074,1.275
1320.669558,0.586964248,0.024671021785714283,30,0,0.0,0.0,0.0,0.0,0.0,0.243991,2.9749999
1317.5089812800002,0.5606421196936171,0.024684948571428573,28,1,0.0,0.0,0.0,0.0,0.0,0.22096001,4.79999995
1326.0427958799999,0.5765403460347825,0.024183721714285712,32,1,0.0,0.0,0.0,0.0,0.0,0.22003201,8.6499996
1326.0427958799999,0.9145122730206896,0.02202034065934066,186,1,0.0,0.0,0.0,0.0,0.0,0.41142699,91.0
1348.97491648,0.5620728818666667,0.024072708285714284,30,0,0.0,0.0,0.0,0.0,0.0,0.177203,5.54999995
1348.97491648,0.5620728818666667,0.022597207857142858,93,0,0.0,0.0,0.0,0.0,0.0,0.20018201,10.2499998
1387.93121024,0.6034483522782609,0.024254533428571427,29,1,0.0,0.0,0.0,0.0,0.0,0.222675,16.700001
1387.93121024,0.5783046709333333,0.024254533428571427,29,1,0.0,0.0,0.0,0.0,0.0,0.190413,8.4499998
1387.93121024,0.555172484096,0.024254533428571427,29,1,0.0,0.0,0.0,0.0,0.0,0.16613001,2.75
1387.93121024,0.6034483522782609,0.024254533428571427,29,0,0.0,0.0,0.0,0.0,0.0,0.21164601,0.97500001
1387.93121024,0.5783046709333333,0.024254533428571427,29,0,0.0,0.0,0.0,0.0,0.0,0.184055,2.7250000500000002
1387.93121024,0.4956897179428571,0.022387499285714284,92,1,0.0,0.0,0.0,0.0,0.0,0.173609,0.67500001
1387.93121024,0.4785969690482758,0.020881475054945055,183,1,0.0,0.0,0.0,0.0,0.0,0.185192,1.775
1400.2749196,0.5834478831666666,0.024234474571428567,28,1,0.0,0.0,0.0,0.0,0.0,0.203704,10.2000001
1400.2749196,0.56010996784,0.024234474571428567,28,1,0.0,0.0,0.0,0.0,0.0,0.172483,3.70000005
1400.2749196,0.5834478831666666,0.024234474571428567,28,0,0.0,0.0,0.0,0.0,0.0,0.180838,1.95000005
1400.2749196,0.6088151824347826,0.022495142142857142,91,1,0.0,0.0,0.0,0.0,0.0,0.233585,22.4499995
1400.2749196,0.5834478831666666,0.022495142142857142,91,1,0.0,0.0,0.0,0.0,0.0,0.21301299,14.899999999999999
1400.2749196,0.6364885998181818,0.022495142142857142,91,0,0.0,0.0,0.0,0.0,0.0,0.234017,2.17499995
1400.2749196,0.56010996784,0.02107966164835165,182,1,0.0,0.0,0.0,0.0,0.0,0.20908201,13.9
1400.2749196,0.7001374598,0.02107966164835165,182,0,0.0,0.0,0.0,0.0,0.0,0.25764701,2.3000000500000004
1415.4497549599998,0.5242406499851852,0.020705154175824178,179,1,0.0,0.0,0.0,0.0,0.0,0.188316,6.25
1415.4497549599998,0.4718165849866666,0.020705154175824178,179,1,0.0,0.0,0.0,0.0,0.0,0.175403,1.0999999950000001
1415.4497549599998,0.456596695148387,0.020705154175824178,179,1,0.0,0.0,0.0,0.0,0.0,0.17837,0.649999995
1405.48419144,0.5303713929962264,0.02393748057142857,31,1,0.0,0.0,0.0,0.0,0.0,0.169724,0.60000001
1405.48419144,0.5254146510056075,0.02393748057142857,31,1,0.0,0.0,0.0,0.0,0.0,0.16991,0.400000005
1405.48419144,0.5205497005333333,0.02076685912087912,178,1,0.0,0.0,0.0,0.0,0.0,0.195996,6.1500001
1405.48419144,0.5019586398,0.02076685912087912,178,1,0.0,0.0,0.0,0.0,0.0,0.189594,3.65
1404.86134372,0.5853588932166667,0.02399362457142857,30,1,0.0,0.0,0.0,0.0,0.0,0.204879,11.0
1404.86134372,0.5793242654515464,0.02399362457142857,30,1,0.0,0.0,0.0,0.0,0.0,0.197367,9.0999999
1404.86134372,0.5793242654515464,0.02399362457142857,30,0,0.0,0.0,0.0,0.0,0.0,0.19137999,2.875
1410.7500857999999,0.5940000361263157,0.023929071714285714,29,1,0.0,0.0,0.0,0.0,0.0,0.22236399,13.95
1426.9441265199998,0.6008185795873684,0.02390879942857143,28,1,0.0,0.0,0.0,0.0,0.0,0.20407,15.7999995
1426.9441265199998,0.5945600527166666,0.02390879942857143,28,1,0.0,0.0,0.0,0.0,0.0,0.196747,13.6
1426.9441265199998,0.5541530588427184,0.02390879942857143,28,1,0.0,0.0,0.0,0.0,0.0,0.16965701,2.625
1426.9441265199998,0.6008185795873684,0.02390879942857143,28,0,0.0,0.0,0.0,0.0,0.0,0.21021,1.100000005
1426.9441265199998,0.5945600527166666,0.02390879942857143,28,0,0.0,0.0,0.0,0.0,0.0,0.20494799,1.45
1441.3262465999999,0.60055260275,0.023795008857142856,32,1,0.0,0.0,0.0,0.0,0.0,0.171277,15.75
1441.3262465999999,0.5765304986399999,0.023795008857142856,32,0,0.0,0.0,0.0,0.0,0.0,0.184737,3.35
1441.3262465999999,0.5708222758811881,0.023795008857142856,32,0,0.0,0.0,0.0,0.0,0.0,0.18100099,4.2499999
1441.3262465999999,0.5652259790588234,0.023795008857142856,32,0,0.0,0.0,0.0,0.0,0.0,0.196431,5.9000001
1437.41929272,0.6052291758821052,0.023745065142857142,31,0,0.0,0.0,0.0,0.0,0.0,0.17575701,0.6250000004999999
1437.41929272,0.574967717088,0.023745065142857142,31,0,0.0,0.0,0.0,0.0,0.0,0.17559101,3.6500001
1437.41929272,0.5692749674138614,0.023745065142857142,31,0,0.0,0.0,0.0,0.0,0.0,0.16992199,4.60000015
1437.41929272,0.5636938402823529,0.023745065142857142,31,0,0.0,0.0,0.0,0.0,0.0,0.16450401,5.75
1445.23320048,0.578093280192,0.023704397714285716,30,0,0.0,0.0,0.0,0.0,0.0,0.179416,2.9250000500000004
1445.23320048,0.5723695843485149,0.023704397714285716,30,0,0.0,0.0,0.0,0.0,0.0,0.174559,3.75
1445.23320048,0.5667581178352942,0.023704397714285716,30,0,0.0,0.0,0.0,0.0,0.0,0.174668,4.9000001
1445.23320048,0.5558589232615385,0.023704397714285716,30,0,0.0,0.0,0.0,0.0,0.0,0.157354,7.29999995
1445.23320048,0.5505650287542857,0.023704397714285716,30,0,0.0,0.0,0.0,0.0,0.0,0.165373,9.25
1445.23320048,0.5453710190490566,0.023704397714285716,30,0,0.0,0.0,0.0,0.0,0.0,0.163058,11.1
1445.23320048,0.5402740936373832,0.023704397714285716,30,0,0.0,0.0,0.0,0.0,0.0,0.16564301,13.2
1431.87028576,0.5403284097207547,0.02368549625,28,1,0.0,0.0,0.0,0.0,0.0,0.19142,1.475
1433.90869648,0.5515033448,0.023436736666666666,32,1,0.0,0.0,0.0,0.0,0.0,0.192985,3.25
1433.90869648,0.5974619568666666,0.023436736666666666,32,0,0.0,0.0,0.0,0.0,0.0,0.226034,1.8749999499999999
1433.90869648,0.573563478592,0.023436736666666666,32,0,0.0,0.0,0.0,0.0,0.0,0.209668,4.5500002
1423.3769077599998,0.5474526568307692,0.02330023,31,1,0.0,0.0,0.0,0.0,0.0,0.197273,2.675
1423.3769077599998,0.5693507631039999,0.02330023,31,0,0.0,0.0,0.0,0.0,0.0,0.20483699,5.10000015
1426.0381662,0.5484762177692307,0.023306180833333336,30,1,0.0,0.0,0.0,0.0,0.0,0.19506501,2.67499995
1437.2494251599999,0.574899770064,0.023098538333333335,29,1,0.0,0.0,0.0,0.0,0.0,0.208848,8.3000002
1437.2494251599999,0.5527882404461538,0.023098538333333335,29,1,0.0,0.0,0.0,0.0,0.0,0.195627,3.25
1420.3192916799999,0.5681277166719999,0.02304234625,28,1,0.0,0.0,0.0,0.0,0.0,0.209337,6.4499998
1420.3192916799999,0.5462766506461538,0.02304234625,28,1,0.0,0.0,0.0,0.0,0.0,0.192497,2.15
1420.3192916799999,0.5681277166719999,0.02304234625,28,0,0.0,0.0,0.0,0.0,0.0,0.200488,4.9499998
1410.8067083199999,0.5532575326745097,0.02162676607142857,32,1,0.0,0.0,0.0,0.0,0.0,0.21809299,3.8499999000000003
1423.94313296,0.5933096387333333,0.021893177857142856,32,1,0.0,0.0,0.0,0.0,0.0,0.243265,14.15
1423.94313296,0.5476704357538461,0.021893177857142856,32,1,0.0,0.0,0.0,0.0,0.0,0.186814,2.3000000500000004
1423.94313296,0.5373370313056604,0.021893177857142856,32,1,0.0,0.0,0.0,0.0,0.0,0.179352,1.12499999
1423.94313296,0.5273863455407407,0.021893177857142856,32,1,0.0,0.0,0.0,0.0,0.0,0.17488,0.499999985
1423.94313296,0.5085511189142857,0.021893177857142856,32,1,0.0,0.0,0.0,0.0,0.0,0.19904301,0.1999999955
1423.94313296,0.599555003351579,0.021893177857142856,32,0,0.0,0.0,0.0,0.0,0.0,0.226484,1.85
1411.4861785599999,0.5535239915921568,0.021896630714285714,31,1,0.0,0.0,0.0,0.0,0.0,0.20033801,3.35
1411.4861785599999,0.5428792994461538,0.021896630714285714,31,1,0.0,0.0,0.0,0.0,0.0,0.19355001,1.825
1411.4861785599999,0.6415846266181817,0.021896630714285714,31,0,0.0,0.0,0.0,0.0,0.0,0.278357,0.525000005
1411.4861785599999,0.6273271904711111,0.021896630714285714,31,0,0.0,0.0,0.0,0.0,0.0,0.26602301,0.82499999
1411.4861785599999,0.6136896428521739,0.021896630714285714,31,0,0.0,0.0,0.0,0.0,0.0,0.25318599,1.275
1411.4861785599999,0.5881192410666666,0.021896630714285714,31,0,0.0,0.0,0.0,0.0,0.0,0.222348,2.825
1434.64478924,0.5626057997019608,0.021872089285714286,30,1,0.0,0.0,0.0,0.0,0.0,0.18768901,4.5
1434.64478924,0.5363158090616822,0.021872089285714286,30,1,0.0,0.0,0.0,0.0,0.0,0.17090601,0.799999985
1434.64478924,0.494705099737931,0.021872089285714286,30,1,0.0,0.0,0.0,0.0,0.0,0.203284,0.05
1434.64478924,0.6521112678363636,0.021872089285714286,30,0,0.0,0.0,0.0,0.0,0.0,0.285514,0.35000001
1434.64478924,0.6237586040173912,0.021872089285714286,30,0,0.0,0.0,0.0,0.0,0.0,0.25252199,0.77499998
1434.64478924,0.5977686621833332,0.021872089285714286,30,0,0.0,0.0,0.0,0.0,0.0,0.220287,1.775
1444.89346536,0.5666248883764705,0.021673920714285713,29,1,0.0,0.0,0.0,0.0,0.0,0.196826,5.60000015
1444.89346536,0.6020389439,0.021673920714285713,29,0,0.0,0.0,0.0,0.0,0.0,0.23074099,1.5499999999999998
1405.9937941199998,0.5407668438923077,0.021619380714285718,28,1,0.0,0.0,0.0,0.0,0.0,0.20965201,1.6
1405.9937941199998,0.5797912553072164,0.021619380714285718,28,0,0.0,0.0,0.0,0.0,0.0,0.242167,4.39999985
1405.9937941199998,0.562397517648,0.021619380714285718,28,0,0.0,0.0,0.0,0.0,0.0,0.223942,7.5500002
1490.58769776,0.6146753392824743,0.02133246142857143,28,0,0.0,0.0,0.0,0.0,0.0,0.240045,0.949999995
1464.0106236,0.6164255257263157,0.02143910892857143,32,0,0.0,0.0,0.0,0.0,0.0,0.25867,1.35
1464.0106236,0.6100044265,0.02143910892857143,32,0,0.0,0.0,0.0,0.0,0.0,0.248478,1.575
1469.29196526,0.612204985525,0.020341854065934063,186,0,0.0,0.0,0.0,0.0,0.0,0.2405,9.0
1469.29196526,0.587716786104,0.020341854065934063,186,0,0.0,0.0,0.0,0.0,0.0,0.229874,12.25
1469.29196526,0.5651122943307693,0.020341854065934063,186,0,0.0,0.0,0.0,0.0,0.0,0.22409099,16.7
1465.9982252999998,0.5429623056666666,0.020832510857142855,31,1,0.0,0.0,0.0,0.0,0.0,0.18677101,1.75
1465.9982252999998,0.5863992901199999,0.02021959901098901,185,1,0.0,0.0,0.0,0.0,0.0,0.228802,21.5999995
1462.4205422399998,0.5624694393230768,0.020677971714285714,30,0,0.0,0.0,0.0,0.0,0.0,0.195363,6.89999985
1462.4205422399998,0.5624694393230768,0.021064607142857142,93,0,0.0,0.0,0.0,0.0,0.0,0.21397699,12.149999999999999
1462.4205422399998,0.5849682168959999,0.020195645934065934,184,1,0.0,0.0,0.0,0.0,0.0,0.22727001,21.0500005
1455.9466395599998,0.5599794767538461,0.02061820085714286,29,1,0.0,0.0,0.0,0.0,0.0,0.184644,3.79999995
1455.9466395599998,0.46966020630967736,0.02007336703296703,183,1,0.0,0.0,0.0,0.0,0.0,0.20356099,1.85
1455.9466395599998,0.6933079235999999,0.02007336703296703,183,0,0.0,0.0,0.0,0.0,0.0,0.278272,3.6
1439.8754601,0.5537982538846155,0.020493254000000002,28,1,0.0,0.0,0.0,0.0,0.0,0.191153,2.92499995
1439.8754601,0.599948108375,0.020493254000000002,28,0,0.0,0.0,0.0,0.0,0.0,0.22757199,1.575
1439.8754601,0.5537982538846155,0.020493254000000002,28,0,0.0,0.0,0.0,0.0,0.0,0.176534,8.6499996
1439.8754601,0.5332872074444445,0.020731534285714285,91,1,0.0,0.0,0.0,0.0,0.0,0.207214,4.70000005
1439.8754601,0.51424123575,0.020731534285714285,91,1,0.0,0.0,0.0,0.0,0.0,0.201515,2.4000001
1439.8754601,0.5332872074444445,0.019898160769230767,182,0,0.0,0.0,0.0,0.0,0.0,0.20723601,24.2
1439.19399666,0.5699778204594059,0.02029474285714286,32,0,0.0,0.0,0.0,0.0,0.0,0.19726001,5.25
1439.19399666,0.5643898026117647,0.02029474285714286,32,0,0.0,0.0,0.0,0.0,0.0,0.199743,6.5999999
1439.19399666,0.47973133222000003,0.01965171934065934,179,1,0.0,0.0,0.0,0.0,0.0,0.186037,1.7499999499999999
1425.50793924,0.5645575996990099,0.020406113714285717,31,0,0.0,0.0,0.0,0.0,0.0,0.20061401,6.60000015
1425.50793924,0.5590227212705883,0.020406113714285717,31,0,0.0,0.0,0.0,0.0,0.0,0.200385,8.0500002
1425.50793924,0.548272284323077,0.019516985384615385,178,1,0.0,0.0,0.0,0.0,0.0,0.212211,11.3
1425.50793924,0.6788133044,0.019516985384615385,178,0,0.0,0.0,0.0,0.0,0.0,0.26536101,3.70000005
1425.50793924,0.6479581542,0.019516985384615385,178,0,0.0,0.0,0.0,0.0,0.0,0.25122699,5.25
1425.50793924,0.6197860605391304,0.019516985384615385,178,0,0.0,0.0,0.0,0.0,0.0,0.239806,7.5
1425.50793924,0.5939616413500001,0.019516985384615385,178,0,0.0,0.0,0.0,0.0,0.0,0.227194,10.4000001
1442.1470048999997,0.49729207065517234,0.019813077802197803,177,1,0.0,0.0,0.0,0.0,0.0,0.195813,3.3999999499999998
1422.7820854799998,0.5472238790307692,0.02034270714285714,29,1,0.0,0.0,0.0,0.0,0.0,0.18610901,1.975
1422.7820854799998,0.5420122230399999,0.02034270714285714,29,1,0.0,0.0,0.0,0.0,0.0,0.185148,1.4249999999999998
1407.61952394,0.605427752232258,0.01975677314285714,30,0,0.0,0.0,0.0,0.0,0.0,0.27111799,2.07500005
1407.61952394,0.586508134975,0.01975677314285714,30,0,0.0,0.0,0.0,0.0,0.0,0.249467,3.6000000500000002
1407.61952394,0.5574730787881188,0.01975677314285714,30,0,0.0,0.0,0.0,0.0,0.0,0.226831,8.8500004
1417.33037796,0.566932151184,0.019736025142857144,32,1,0.0,0.0,0.0,0.0,0.0,0.26611999,7.8500001500000005
1417.33037796,0.5153928647127273,0.019736025142857144,32,1,0.0,0.0,0.0,0.0,0.0,0.22738799,0.625
1423.80428064,0.5273349187555555,0.019179198333333335,32,1,0.0,0.0,0.0,0.0,0.0,0.228258,1.275
1436.4113542799998,0.5985047309499999,0.019009749583333332,30,0,0.0,0.0,0.0,0.0,0.0,0.26844099,2.7
1458.3317616,0.5608968313846153,0.0187116175,29,1,0.0,0.0,0.0,0.0,0.0,0.222581,5.1500001
1458.3317616,0.6340572876521738,0.0187116175,29,0,0.0,0.0,0.0,0.0,0.0,0.30258101,0.925000005
1458.3317616,0.58333270464,0.0187116175,29,0,0.0,0.0,0.0,0.0,0.0,0.241933,3.89999995
1458.3317616,0.5608968313846153,0.0187116175,29,0,0.0,0.0,0.0,0.0,0.0,0.222596,8.0
1468.4969245799998,0.564806509453846,0.018741091249999998,28,1,0.0,0.0,0.0,0.0,0.0,0.237749,6.29999995
1468.4969245799998,0.5438877498444443,0.018741091249999998,28,1,0.0,0.0,0.0,0.0,0.0,0.21752299,2.29999995
1468.4969245799998,0.611873718575,0.018741091249999998,28,0,0.0,0.0,0.0,0.0,0.0,0.280213,1.675
1442.9988342,0.5344440126666666,0.01850192357142857,32,1,0.0,0.0,0.0,0.0,0.0,0.224107,1.775
1396.4321658,0.5942264535319148,0.018333777142857142,29,0,0.0,0.0,0.0,0.0,0.0,0.27182201,3.1000000500000002
1444.0210293599998,0.5662827566117646,0.01807826142857143,31,1,0.0,0.0,0.0,0.0,0.0,0.23703399,6.75
1388.8792793399998,0.5393705939184466,0.017698322857142856,29,1,0.0,0.0,0.0,0.0,0.0,0.238149,2.17499995
1402.7357026199998,0.5555388921267326,0.01788584,30,1,0.0,0.0,0.0,0.0,0.0,0.172315,2.5249999499999998
1412.9008655999999,0.5595646992475247,0.01777708086956522,29,1,0.0,0.0,0.0,0.0,0.0,0.18258099,3.3000000500000004
1412.9008655999999,0.5540787708235294,0.01777708086956522,29,1,0.0,0.0,0.0,0.0,0.0,0.178804,2.375
1412.9008655999999,0.5434234098461538,0.01777708086956522,29,1,0.0,0.0,0.0,0.0,0.0,0.166273,1.00000001
1382.85968562,0.5531438742479999,0.017519517857142855,32,1,0.0,0.0,0.0,0.0,0.0,0.17502099,2.2749999499999998
1382.85968562,0.5476672022257425,0.017519517857142855,32,1,0.0,0.0,0.0,0.0,0.0,0.171298,1.575
1382.85968562,0.601243341573913,0.017519517857142855,32,0,0.0,0.0,0.0,0.0,0.0,0.212954,1.625
1382.85968562,0.5884509300510637,0.017519517857142855,32,0,0.0,0.0,0.0,0.0,0.0,0.202114,2.65
1382.85968562,0.5761915356749999,0.017519517857142855,32,0,0.0,0.0,0.0,0.0,0.0,0.191466,4.20000005
1382.85968562,0.5644325247428571,0.017519517857142855,32,0,0.0,0.0,0.0,0.0,0.0,0.183689,6.5
1395.7507023599999,0.558300280944,0.017442666428571427,31,1,0.0,0.0,0.0,0.0,0.0,0.174224,3.0249999499999998
1395.7507023599999,0.552772555390099,0.017442666428571427,31,1,0.0,0.0,0.0,0.0,0.0,0.169439,2.125
1395.7507023599999,0.5368271932153845,0.017442666428571427,31,1,0.0,0.0,0.0,0.0,0.0,0.160243,0.599999995
1401.4295643599999,0.560571825744,0.01733480142857143,30,1,0.0,0.0,0.0,0.0,0.0,0.18117499,3.5
1401.4295643599999,0.5550216096475247,0.01733480142857143,30,1,0.0,0.0,0.0,0.0,0.0,0.173594,2.4499999499999996
1401.4295643599999,0.549580221317647,0.01733480142857143,30,1,0.0,0.0,0.0,0.0,0.0,0.172236,1.75
1401.4295643599999,0.5839289851499999,0.01733480142857143,30,0,0.0,0.0,0.0,0.0,0.0,0.2015,3.0249999499999998
1401.4295643599999,0.560571825744,0.01733480142857143,30,0,0.0,0.0,0.0,0.0,0.0,0.18141,7.25
1413.80948352,0.5770650953142857,0.017219765,29,1,0.0,0.0,0.0,0.0,0.0,0.196182,7.4499998
1413.80948352,0.565523793408,0.017219765,29,1,0.0,0.0,0.0,0.0,0.0,0.184751,4.5
1413.80948352,0.5599245479287128,0.017219765,29,1,0.0,0.0,0.0,0.0,0.0,0.18027,3.35
1413.80948352,0.5335130126490566,0.017219765,29,1,0.0,0.0,0.0,0.0,0.0,0.166592,0.47500001000000003
1413.80948352,0.70690474176,0.017219765,29,0,0.0,0.0,0.0,0.0,0.0,0.33399299,0.075000005
1413.80948352,0.5437728782769231,0.017219765,29,0,0.0,0.0,0.0,0.0,0.0,0.166471,12.600000000000001
1419.09082518,0.567636330072,0.017142075714285714,28,1,0.0,0.0,0.0,0.0,0.0,0.17806201,4.54999995
1441.63590732,0.576654362928,0.017359383214285713,32,1,0.0,0.0,0.0,0.0,0.0,0.187069,7.29999995
1441.63590732,0.5491946313599999,0.017359383214285713,32,1,0.0,0.0,0.0,0.0,0.0,0.157132,1.475
1449.35915964,0.6167485785702127,0.01731466,31,0,0.0,0.0,0.0,0.0,0.0,0.209695,0.650000005
1478.7756647999997,0.5915102659199999,0.01720853107142857,30,1,0.0,0.0,0.0,0.0,0.0,0.19192301,12.05
1478.7756647999997,0.6292662403404254,0.01720853107142857,30,0,0.0,0.0,0.0,0.0,0.0,0.22775801,0.42499999499999996
1469.0649382,0.638723886173913,0.017985885714285714,32,0,0.0,0.0,0.0,0.0,0.0,0.24978399,0.45000000500000004
1512.01472352,0.5705715937811321,0.017483725833333335,29,1,0.0,0.0,0.0,0.0,0.0,0.18074,5.79999995
1512.01472352,0.5600054531555555,0.017483725833333335,29,1,0.0,0.0,0.0,0.0,0.0,0.172051,3.35
1537.3061090400001,0.5912715804,0.017632764285714288,32,1,0.0,0.0,0.0,0.0,0.0,0.192292,12.5
1537.3061090400001,0.5693726329777778,0.017632764285714288,32,1,0.0,0.0,0.0,0.0,0.0,0.169493,5.54999995
1537.3061090400001,0.5490378960857143,0.017632764285714288,32,1,0.0,0.0,0.0,0.0,0.0,0.157003,1.65
1537.3061090400001,0.698775504109091,0.017632764285714288,32,0,0.0,0.0,0.0,0.0,0.0,0.32121199,0.1250000005
1537.3061090400001,0.6683939604521739,0.017632764285714288,32,0,0.0,0.0,0.0,0.0,0.0,0.27962801,0.1999999955
1537.3061090400001,0.5912715804,0.017632764285714288,32,0,0.0,0.0,0.0,0.0,0.0,0.18821301,2.125
1537.3061090400001,0.5693726329777778,0.017632764285714288,32,0,0.0,0.0,0.0,0.0,0.0,0.168578,5.25
1537.3061090400001,0.5301055548413793,0.017632764285714288,32,0,0.0,0.0,0.0,0.0,0.0,0.149395,20.2
1537.3061090400001,0.5490378960857143,0.01777285791208791,186,1,0.0,0.0,0.0,0.0,0.0,0.204218,11.899999999999999
1537.3061090400001,0.51243536968,0.01777285791208791,186,1,0.0,0.0,0.0,0.0,0.0,0.193097,5.25
1537.3061090400001,0.51243536968,0.01777285791208791,186,0,0.0,0.0,0.0,0.0,0.0,0.19090401,34.25
1532.46428974,0.5675793665703703,0.01774145914285714,31,1,0.0,0.0,0.0,0.0,0.0,0.17174201,5.0999999
1532.46428974,0.5473086749071429,0.01774145914285714,31,1,0.0,0.0,0.0,0.0,0.0,0.16017599,1.475
1532.46428974,0.5284359619793103,0.01774145914285714,31,1,0.0,0.0,0.0,0.0,0.0,0.15511499,0.274999995
1532.46428974,0.5108214299133333,0.01774145914285714,31,1,0.0,0.0,0.0,0.0,0.0,0.160941,0.05
1532.46428974,0.6662888216260869,0.01774145914285714,31,0,0.0,0.0,0.0,0.0,0.0,0.259738,0.125
1532.46428974,0.6385267873916667,0.01774145914285714,31,0,0.0,0.0,0.0,0.0,0.0,0.23472901,0.325000005
1532.46428974,0.5894093422076923,0.01774145914285714,31,0,0.0,0.0,0.0,0.0,0.0,0.185803,2.1999999499999996
1532.46428974,0.5675793665703703,0.01774145914285714,31,0,0.0,0.0,0.0,0.0,0.0,0.16721299,5.54999995
1532.46428974,0.5284359619793103,0.01774145914285714,31,0,0.0,0.0,0.0,0.0,0.0,-99.989998,20.950001
1532.46428974,0.6385267873916667,0.017808406813186815,185,1,0.0,0.0,0.0,0.0,0.0,0.241006,36.400002
1532.46428974,0.5894093422076923,0.017808406813186815,185,1,0.0,0.0,0.0,0.0,0.0,0.22168,22.2
1532.46428974,0.5284359619793103,0.017808406813186815,185,1,0.0,0.0,0.0,0.0,0.0,0.199664,7.8500001500000005
1532.46428974,0.5108214299133333,0.017808406813186815,185,1,0.0,0.0,0.0,0.0,0.0,0.19385,5.0500002
1521.9262124400002,0.5853562355538462,0.017683376,30,1,0.0,0.0,0.0,0.0,0.0,0.190837,10.3
1521.9262124400002,0.5636763749777779,0.017683376,30,1,0.0,0.0,0.0,0.0,0.0,0.17020699,4.0999999
1521.9262124400002,0.5853562355538462,0.017683376,30,0,0.0,0.0,0.0,0.0,0.0,0.182151,2.5249999499999998
1521.9262124400002,0.5636763749777779,0.01821953857142857,93,1,0.0,0.0,0.0,0.0,0.0,0.198622,9.6999998
1521.9262124400002,0.5435450758714286,0.01821953857142857,93,1,0.0,0.0,0.0,0.0,0.0,0.18939701,5.45000005
1521.9262124400002,0.5248021422206898,0.01821953857142857,93,1,0.0,0.0,0.0,0.0,0.0,0.18155199,2.6999999499999996
1521.9262124400002,0.4909439394967743,0.01821953857142857,93,1,0.0,0.0,0.0,0.0,0.0,0.17431299,0.500000015
1525.8566304600001,0.5651320853555556,0.017771619714285713,29,1,0.0,0.0,0.0,0.0,0.0,0.163434,3.9999998999999997
1525.8566304600001,0.5261574587793104,0.017771619714285713,29,1,0.0,0.0,0.0,0.0,0.0,0.151458,0.1500000005
1525.8566304600001,0.5651320853555556,0.01835116357142857,92,1,0.0,0.0,0.0,0.0,0.0,0.19605,9.75
1525.8566304600001,0.5449487965928572,0.01835116357142857,92,1,0.0,0.0,0.0,0.0,0.0,0.18701901,5.45000005
1525.8566304600001,0.5449487965928572,0.01796243846153846,183,1,0.0,0.0,0.0,0.0,0.0,0.200464,10.55
1525.8566304600001,0.5261574587793104,0.01796243846153846,183,1,0.0,0.0,0.0,0.0,0.0,0.19397999,6.9499998
1525.8566304600001,0.76292831523,0.01796243846153846,183,0,0.0,0.0,0.0,0.0,0.0,0.28574201,1.5
1547.4454482800002,0.5731279438074075,0.01764557085714286,28,1,0.0,0.0,0.0,0.0,0.0,0.15948699,5.8499999
1547.4454482800002,0.5526590886714287,0.01764557085714286,28,1,0.0,0.0,0.0,0.0,0.0,0.141552,1.4500000000000002
1547.4454482800002,0.6728023688173914,0.01764557085714286,28,0,0.0,0.0,0.0,0.0,0.0,0.26748899,0.075000005
1547.4454482800002,0.6447689367833334,0.01764557085714286,28,0,0.0,0.0,0.0,0.0,0.0,0.23560201,0.1750000055
1547.4454482800002,0.5731279438074075,0.01764557085714286,28,0,0.0,0.0,0.0,0.0,0.0,0.158043,3.8000000500000004
1547.4454482800002,0.5731279438074075,0.018292672857142856,91,1,0.0,0.0,0.0,0.0,0.0,0.194399,11.7
1547.4454482800002,0.5526590886714287,0.018292672857142856,91,1,0.0,0.0,0.0,0.0,0.0,0.184576,6.75
1547.4454482800002,0.5336018787172414,0.018292672857142856,91,1,0.0,0.0,0.0,0.0,0.0,0.175758,3.3999999499999998
1547.4454482800002,0.5158151494266667,0.018292672857142856,91,1,0.0,0.0,0.0,0.0,0.0,0.169401,1.5
1547.4454482800002,0.5951713262615386,0.018292672857142856,91,0,0.0,0.0,0.0,0.0,0.0,0.20262501,5.75
1547.4454482800002,0.5731279438074075,0.018292672857142856,91,0,0.0,0.0,0.0,0.0,0.0,0.191053,9.3000002
1547.4454482800002,0.5336018787172414,0.017957169780219783,182,1,0.0,0.0,0.0,0.0,0.0,0.192872,8.14999985
1547.4454482800002,0.4835767025875001,0.017957169780219783,182,1,0.0,0.0,0.0,0.0,0.0,0.18178201,1.92499995
1557.86960042,0.5418676871026087,0.01773927142857143,32,1,0.0,0.0,0.0,0.0,0.0,0.137409,0.650000005
1557.86960042,0.6109292550666667,0.01773927142857143,32,0,0.0,0.0,0.0,0.0,0.0,0.19550499,0.799999985
1557.86960042,0.6049979030757282,0.01773927142857143,32,0,0.0,0.0,0.0,0.0,0.0,0.19101401,1.05
1557.86960042,0.5878753209132076,0.01773927142857143,32,0,0.0,0.0,0.0,0.0,0.0,0.170312,2.1
1557.86960042,0.537196413937931,0.01803564879120879,179,1,0.0,0.0,0.0,0.0,0.0,0.19373199,8.75
1555.1353965800001,0.5016565795419355,0.018064194505494506,178,1,0.0,0.0,0.0,0.0,0.0,0.18396001,3.35
1554.2239953000003,0.6094996060000001,0.017561714285714288,28,0,0.0,0.0,0.0,0.0,0.0,0.20683099,0.849999995
1540.95171416,0.5503398979142857,0.017383553428571428,32,1,0.0,0.0,0.0,0.0,0.0,0.19301,2.7249999
1540.95171416,0.5406848119859649,0.017383553428571428,32,1,0.0,0.0,0.0,0.0,0.0,0.18426199,1.425
1540.95171416,0.5707228570962962,0.017383553428571428,32,0,0.0,0.0,0.0,0.0,0.0,0.209728,6.29999995
1549.2112882600002,0.5342107890551725,0.017429767714285713,31,1,0.0,0.0,0.0,0.0,0.0,0.18229599,0.849999995
