S0,m,r,T,corp,alpha,beta,omega,gamma,lambda,sigma,V
1189.74,0.1004,0.017158818857142856,29,1,0.0,0.0,0.0,0.0,0.0,0.192093,28.049999
1165.71,0.09178818897637796,0.01728078057142857,32,1,0.0,0.0,0.0,0.0,0.0,0.194499,2.125
1165.71,0.09107109375,0.01728078057142857,32,1,0.0,0.0,0.0,0.0,0.0,0.18757901,1.30000001
1145.38,0.09236935483870969,0.01740261057142857,31,1,0.0,0.0,0.0,0.0,0.0,0.198952,2.8499999
1147.49,0.09978173913043478,0.016949128333333334,30,1,0.0,0.0,0.0,0.0,0.0,0.204491,26.3500005
1147.49,0.09892155172413793,0.016949128333333334,30,1,0.0,0.0,0.0,0.0,0.0,0.201609,21.450001
1147.49,0.10724205607476636,0.016949128333333334,30,0,0.0,0.0,0.0,0.0,0.0,0.236039,5.6500001
1145.39,0.09916796536796538,0.016955843333333335,29,1,0.0,0.0,0.0,0.0,0.0,0.20297,22.4
1145.39,0.0989537796976242,0.016955843333333335,29,1,0.0,0.0,0.0,0.0,0.0,0.202417,21.25
1145.39,0.09018818897637797,0.016955843333333335,29,1,0.0,0.0,0.0,0.0,0.0,0.196089,0.850000005
1145.39,0.08948359375,0.016955843333333335,29,1,0.0,0.0,0.0,0.0,0.0,0.19794101,0.625
1132.22,0.09845391304347827,0.01684587875,28,1,0.0,0.0,0.0,0.0,0.0,0.197576,17.3000005
1155.0,0.103125,0.016758222857142856,31,1,0.0,0.0,0.0,0.0,0.0,0.22509401,51.5500015
1155.0,0.1024390243902439,0.016758222857142856,31,1,0.0,0.0,0.0,0.0,0.0,0.222055,46.25
1155.0,0.1013157894736842,0.016758222857142856,31,1,0.0,0.0,0.0,0.0,0.0,0.21628501,37.900002
1155.0,0.10043478260869565,0.016758222857142856,31,1,0.0,0.0,0.0,0.0,0.0,0.21219499,31.8499995
1155.0,0.09914163090128755,0.016758222857142856,31,1,0.0,0.0,0.0,0.0,0.0,0.207598,24.0
1155.0,0.09892933618843683,0.016758222857142856,31,1,0.0,0.0,0.0,0.0,0.0,0.206341,22.75
1155.0,0.09705882352941177,0.016758222857142856,31,1,0.0,0.0,0.0,0.0,0.0,0.19740599,13.45
1155.0,0.09390243902439024,0.016758222857142856,31,1,0.0,0.0,0.0,0.0,0.0,0.188914,4.3499999
1155.0,0.09314516129032258,0.016758222857142856,31,1,0.0,0.0,0.0,0.0,0.0,0.186349,3.07500005
1155.0,0.0924,0.016758222857142856,31,1,0.0,0.0,0.0,0.0,0.0,0.186048,2.225
1155.0,0.11,0.016758222857142856,31,0,0.0,0.0,0.0,0.0,0.0,0.24724101,3.29999995
1155.0,0.10794392523364486,0.016758222857142856,31,0,0.0,0.0,0.0,0.0,0.0,0.23708899,5.0
1155.0,0.10694444444444444,0.016758222857142856,31,0,0.0,0.0,0.0,0.0,0.0,0.230298,6.0
1155.0,0.10596330275229358,0.016758222857142856,31,0,0.0,0.0,0.0,0.0,0.0,0.22464301,7.3000002
1155.0,0.105,0.016758222857142856,31,0,0.0,0.0,0.0,0.0,0.0,0.220918,9.0500002
1155.0,0.10405405405405406,0.016758222857142856,31,0,0.0,0.0,0.0,0.0,0.0,0.218145,11.25
1155.0,0.12287234042553191,0.016673046593406595,360,0,0.0,0.0,0.0,0.0,0.0,0.26070601,29.1
1157.33,0.10264567627494456,0.016714724285714286,30,1,0.0,0.0,0.0,0.0,0.0,0.20899799,45.6000005
1157.33,0.0972546218487395,0.016714724285714286,30,1,0.0,0.0,0.0,0.0,0.0,0.191073,12.95
1157.33,0.09409186991869918,0.016714724285714286,30,1,0.0,0.0,0.0,0.0,0.0,0.183452,4.0
1157.33,0.08971550387596898,0.016714724285714286,30,1,0.0,0.0,0.0,0.0,0.0,0.19081201,0.625
1157.33,0.10152017543859648,0.016714724285714286,30,0,0.0,0.0,0.0,0.0,0.0,0.204864,18.65
1157.33,0.09807881355932203,0.016714724285714286,30,0,0.0,0.0,0.0,0.0,0.0,0.192463,37.900002
1166.0,0.10341463414634146,0.016692569285714286,29,1,0.0,0.0,0.0,0.0,0.0,0.215307,51.450001
1166.0,0.10051724137931034,0.016692569285714286,29,1,0.0,0.0,0.0,0.0,0.0,0.204216,30.05
1166.0,0.10008583690987125,0.016692569285714286,29,1,0.0,0.0,0.0,0.0,0.0,0.200066,26.950001
1166.0,0.09716666666666667,0.016692569285714286,29,1,0.0,0.0,0.0,0.0,0.0,0.194609,12.5
1166.0,0.09479674796747968,0.016692569285714286,29,1,0.0,0.0,0.0,0.0,0.0,0.187647,5.25
1166.0,0.09328,0.016692569285714286,29,1,0.0,0.0,0.0,0.0,0.0,0.18393999,2.6499999499999998
1166.0,0.10796296296296297,0.016692569285714286,29,0,0.0,0.0,0.0,0.0,0.0,0.230398,4.1999999500000005
1166.0,0.10697247706422018,0.016692569285714286,29,0,0.0,0.0,0.0,0.0,0.0,0.226344,5.29999995
1166.0,0.10228070175438596,0.016692569285714286,29,0,0.0,0.0,0.0,0.0,0.0,0.20584799,15.5
1140.23,0.0991504347826087,0.016642117857142858,28,1,0.0,0.0,0.0,0.0,0.0,0.225099,24.5
1140.23,0.09581764705882354,0.016642117857142858,28,1,0.0,0.0,0.0,0.0,0.0,0.21777999,10.25
1140.23,0.09501916666666667,0.016642117857142858,28,1,0.0,0.0,0.0,0.0,0.0,0.214553,7.8000001999999995
1140.23,0.09346147540983607,0.016642117857142858,28,1,0.0,0.0,0.0,0.0,0.0,0.210924,4.39999995
1140.23,0.09270162601626017,0.016642117857142858,28,1,0.0,0.0,0.0,0.0,0.0,0.21152499,3.35
1140.23,0.09195403225806452,0.016642117857142858,28,1,0.0,0.0,0.0,0.0,0.0,0.21414299,2.625
1140.23,0.0912184,0.016642117857142858,28,1,0.0,0.0,0.0,0.0,0.0,0.212459,1.8750000500000001
1140.23,0.09049444444444445,0.016642117857142858,28,1,0.0,0.0,0.0,0.0,0.0,0.214973,1.4500000000000002
1140.23,0.10460825688073394,0.016642117857142858,28,0,0.0,0.0,0.0,0.0,0.0,0.23891,10.5500002
1140.23,0.10365727272727272,0.016642117857142858,28,0,0.0,0.0,0.0,0.0,0.0,0.23505799,12.9
1140.23,0.10272342342342343,0.016642117857142858,28,0,0.0,0.0,0.0,0.0,0.0,0.23237599,15.799999999999999
1114.49,0.09950803571428571,0.016598166785714286,32,1,0.0,0.0,0.0,0.0,0.0,0.25942999,32.300000499999996
1114.49,0.09906577777777778,0.016598166785714286,32,1,0.0,0.0,0.0,0.0,0.0,0.25732499,29.75
1114.49,0.09862743362831858,0.016598166785714286,32,1,0.0,0.0,0.0,0.0,0.0,0.25622499,27.4499995
1114.49,0.09840971302428256,0.016598166785714286,32,1,0.0,0.0,0.0,0.0,0.0,0.25649601,26.450001
1114.49,0.09819295154185022,0.016598166785714286,32,1,0.0,0.0,0.0,0.0,0.0,0.25462201,25.1999995
1114.49,0.09776228070175438,0.016598166785714286,32,1,0.0,0.0,0.0,0.0,0.0,0.25367001,23.1500005
1114.49,0.09754835886214443,0.016598166785714286,32,1,0.0,0.0,0.0,0.0,0.0,0.25422999,22.3000005
1114.49,0.0973353711790393,0.016598166785714286,32,1,0.0,0.0,0.0,0.0,0.0,0.25616899,21.6500005
1114.49,0.09691217391304348,0.016598166785714286,32,1,0.0,0.0,0.0,0.0,0.0,0.25263,19.5
1114.49,0.0964926406926407,0.016598166785714286,32,1,0.0,0.0,0.0,0.0,0.0,0.252644,17.8999995
1114.49,0.09287416666666667,0.016598166785714286,32,1,0.0,0.0,0.0,0.0,0.0,0.25628099,7.9499998
1114.49,0.0913516393442623,0.016598166785714286,32,1,0.0,0.0,0.0,0.0,0.0,0.254958,5.14999985
1114.49,0.0891592,0.016598166785714286,32,1,0.0,0.0,0.0,0.0,0.0,0.26187801,2.925
1114.49,0.08845158730158731,0.016598166785714286,32,1,0.0,0.0,0.0,0.0,0.0,0.26012501,2.25
1114.49,0.10319351851851852,0.016598166785714286,32,0,0.0,0.0,0.0,0.0,0.0,0.257815,18.4499995
1107.58,0.09845155555555554,0.016587966785714284,31,1,0.0,0.0,0.0,0.0,0.0,0.241254,24.0
1107.58,0.09673187772925763,0.016587966785714284,31,1,0.0,0.0,0.0,0.0,0.0,0.24137799,16.8500005
1107.58,0.09589437229437228,0.016587966785714284,31,1,0.0,0.0,0.0,0.0,0.0,0.23697101,13.45
1107.58,0.09229833333333333,0.016587966785714284,31,1,0.0,0.0,0.0,0.0,0.0,0.241384,5.3499999
1107.58,0.0879031746031746,0.016587966785714284,31,1,0.0,0.0,0.0,0.0,0.0,0.252033,1.45
1096.51,0.09618508771929825,0.016559847142857142,30,1,0.0,0.0,0.0,0.0,0.0,0.23132201,13.2
1096.51,0.0957650655021834,0.016559847142857142,30,1,0.0,0.0,0.0,0.0,0.0,0.233863,12.15
1096.51,0.09534869565217391,0.016559847142857142,30,1,0.0,0.0,0.0,0.0,0.0,0.232104,10.7499998
1096.51,0.09493593073593073,0.016559847142857142,30,1,0.0,0.0,0.0,0.0,0.0,0.233803,9.7999999
1096.51,0.09137583333333334,0.016559847142857142,30,1,0.0,0.0,0.0,0.0,0.0,0.236292,3.45000005
1096.51,0.09062066115702479,0.016559847142857142,30,1,0.0,0.0,0.0,0.0,0.0,0.240427,2.8500000500000002
1096.51,0.08702460317460317,0.016559847142857142,30,1,0.0,0.0,0.0,0.0,0.0,0.244737,0.775000005
1086.58,0.09658488888888889,0.016598347857142856,29,1,0.0,0.0,0.0,0.0,0.0,0.23301101,14.149999999999999
1086.58,0.0957339207048458,0.016598347857142856,29,1,0.0,0.0,0.0,0.0,0.0,0.231134,11.25
1086.58,0.09489781659388645,0.016598347857142856,29,1,0.0,0.0,0.0,0.0,0.0,0.23023,8.9000001
1086.58,0.09407619047619047,0.016598347857142856,29,1,0.0,0.0,0.0,0.0,0.0,0.231177,7.10000015
1086.58,0.09247489361702127,0.016598347857142856,29,1,0.0,0.0,0.0,0.0,0.0,0.227238,4.04999995
1086.58,0.09208305084745762,0.016598347857142856,29,1,0.0,0.0,0.0,0.0,0.0,0.228352,3.5999999
1086.58,0.09054833333333333,0.016598347857142856,29,1,0.0,0.0,0.0,0.0,0.0,0.23212101,2.20000005
1086.58,0.08623650793650793,0.016598347857142856,29,1,0.0,0.0,0.0,0.0,0.0,0.251073,0.575
1057.96,0.09446071428571429,0.016615400714285716,28,1,0.0,0.0,0.0,0.0,0.0,0.237096,7.8000001999999995
1057.96,0.0940408888888889,0.016615400714285716,28,1,0.0,0.0,0.0,0.0,0.0,0.23445401,6.70000005
1057.96,0.09362477876106196,0.016615400714285716,28,1,0.0,0.0,0.0,0.0,0.0,0.235737,6.0
1057.96,0.09341810154525387,0.016615400714285716,28,1,0.0,0.0,0.0,0.0,0.0,0.23531801,5.5999999
1057.96,0.09321233480176212,0.016615400714285716,28,1,0.0,0.0,0.0,0.0,0.0,0.234589,5.1999998
1057.96,0.09280350877192983,0.016615400714285716,28,1,0.0,0.0,0.0,0.0,0.0,0.236017,4.64999985
1057.96,0.09260043763676148,0.016615400714285716,28,1,0.0,0.0,0.0,0.0,0.0,0.23598,4.35000005
1057.96,0.09239825327510917,0.016615400714285716,28,1,0.0,0.0,0.0,0.0,0.0,0.232261,3.8499999
1057.96,0.09199652173913044,0.016615400714285716,28,1,0.0,0.0,0.0,0.0,0.0,0.235052,3.5
1057.96,0.0915982683982684,0.016615400714285716,28,1,0.0,0.0,0.0,0.0,0.0,0.236661,3.125
1057.96,0.09120344827586208,0.016615400714285716,28,1,0.0,0.0,0.0,0.0,0.0,0.231397,2.47499995
1057.96,0.08671803278688525,0.016615400714285716,28,1,0.0,0.0,0.0,0.0,0.0,0.243809,0.5
1057.96,0.08396507936507937,0.016615400714285716,28,1,0.0,0.0,0.0,0.0,0.0,0.289969,0.5
1073.25,0.1041990291262136,0.01669823857142857,30,0,0.0,0.0,0.0,0.0,0.0,0.31854099,20.05
1062.31,0.09928130841121495,0.016651697142857143,29,0,0.0,0.0,0.0,0.0,0.0,0.29876399,39.099998
1062.31,0.09904988344988344,0.016651697142857143,29,0,0.0,0.0,0.0,0.0,0.0,0.29769701,40.3500005
1062.31,0.09836203703703703,0.016651697142857143,29,0,0.0,0.0,0.0,0.0,0.0,0.29558799,44.400002
1053.72,0.10083444976076555,0.016650322500000002,32,0,0.0,0.0,0.0,0.0,0.0,0.31605899,34.299999
1053.72,0.10059379474940335,0.016650322500000002,32,0,0.0,0.0,0.0,0.0,0.0,0.31437701,35.299999
1053.72,0.10035428571428572,0.016650322500000002,32,0,0.0,0.0,0.0,0.0,0.0,0.31532401,36.6499995
1053.72,0.10011591448931116,0.016650322500000002,32,0,0.0,0.0,0.0,0.0,0.0,0.31848001,38.299999
1051.22,0.0914104347826087,0.016744602142857144,31,0,0.0,0.0,0.0,0.0,0.0,0.27609101,103.65
1051.22,0.08984786324786324,0.016744602142857144,31,0,0.0,0.0,0.0,0.0,0.0,0.27587101,121.6
1063.57,0.10226634615384615,0.016727833333333334,30,0,0.0,0.0,0.0,0.0,0.0,0.31489399,26.700001
1063.57,0.10033679245283018,0.016727833333333334,30,0,0.0,0.0,0.0,0.0,0.0,0.31266499,35.549999
1063.57,0.10010070588235294,0.016727833333333334,30,0,0.0,0.0,0.0,0.0,0.0,0.30807,36.25
1066.55,0.10405365853658537,0.01680412,29,1,0.0,0.0,0.0,0.0,0.0,0.32629001,63.5500015
1066.55,0.08887916666666666,0.01680412,29,1,0.0,0.0,0.0,0.0,0.0,0.303556,3.8499999000000003
1066.55,0.10038117647058824,0.01680412,29,0,0.0,0.0,0.0,0.0,0.0,0.321913,35.8999995
1053.21,0.0877675,0.016767423636363635,28,1,0.0,0.0,0.0,0.0,0.0,0.313216,2.8500000500000002
1073.85,0.10227142857142857,0.01668964785714286,31,1,0.0,0.0,0.0,0.0,0.0,0.32903901,54.5
1073.85,0.09943055555555555,0.01668964785714286,31,1,0.0,0.0,0.0,0.0,0.0,0.31914201,37.650002
1073.85,0.09762272727272726,0.01668964785714286,31,1,0.0,0.0,0.0,0.0,0.0,0.309926,28.0500005
1073.85,0.09337826086956522,0.01668964785714286,31,1,0.0,0.0,0.0,0.0,0.0,0.299476,12.3
1073.85,0.09100423728813559,0.01668964785714286,31,1,0.0,0.0,0.0,0.0,0.0,0.29571199,6.95000005
1073.85,0.0894875,0.01668964785714286,31,1,0.0,0.0,0.0,0.0,0.0,0.293735,4.5999999
1073.85,0.10227142857142857,0.01668964785714286,31,0,0.0,0.0,0.0,0.0,0.0,0.31128499,27.0999995
1073.85,0.1013066037735849,0.01668964785714286,31,0,0.0,0.0,0.0,0.0,0.0,0.30638999,30.8500005
1073.85,0.10035981308411214,0.01668964785714286,31,0,0.0,0.0,0.0,0.0,0.0,0.304346,35.3500005
1066.79,0.09276434782608696,0.016595747142857144,30,1,0.0,0.0,0.0,0.0,0.0,0.30028501,10.349999799999999
1066.79,0.08889916666666667,0.016595747142857144,30,1,0.0,0.0,0.0,0.0,0.0,0.29697901,3.79999995
1066.79,0.08744180327868852,0.016595747142857144,30,1,0.0,0.0,0.0,0.0,0.0,0.29827499,2.5249999499999998
1066.79,0.0997,0.016595747142857144,30,0,0.0,0.0,0.0,0.0,0.0,0.307028,38.450001
1066.79,0.10885612244897959,0.016595747142857144,30,0,0.0,0.0,0.0,0.0,0.0,0.35127401,11.1999998
1082.52,0.10117009345794392,0.016471465,29,1,0.0,0.0,0.0,0.0,0.0,0.315005,45.4499985
1082.52,0.09931376146788991,0.016471465,29,1,0.0,0.0,0.0,0.0,0.0,0.30892801,34.75
1082.52,0.09841090909090909,0.016471465,29,1,0.0,0.0,0.0,0.0,0.0,0.30693001,30.1500005
1082.52,0.09332068965517241,0.016471465,29,1,0.0,0.0,0.0,0.0,0.0,0.29793099,11.15
1082.52,0.09096806722689076,0.016471465,29,1,0.0,0.0,0.0,0.0,0.0,0.301074,6.60000015
1082.52,0.09021,0.016471465,29,1,0.0,0.0,0.0,0.0,0.0,0.30130801,5.45000005
1082.52,0.0887311475409836,0.016471465,29,1,0.0,0.0,0.0,0.0,0.0,0.302632,3.69999995
1082.52,0.0873,0.016471465,29,1,0.0,0.0,0.0,0.0,0.0,0.30403501,2.4750000500000002
1082.52,0.10309714285714286,0.016471465,29,0,0.0,0.0,0.0,0.0,0.0,0.31524199,23.25
1082.52,0.10117009345794392,0.016471465,29,0,0.0,0.0,0.0,0.0,0.0,0.305859,30.5
1082.52,0.10023333333333333,0.016471465,29,0,0.0,0.0,0.0,0.0,0.0,0.306288,35.3500005
1082.52,0.09665357142857142,0.016471465,29,0,0.0,0.0,0.0,0.0,0.0,0.300706,58.1000005
1068.03,0.09981588785046729,0.01642610214285714,28,1,0.0,0.0,0.0,0.0,0.0,0.32995501,37.950001
1068.03,0.09287217391304348,0.01642610214285714,28,1,0.0,0.0,0.0,0.0,0.0,0.31482899,10.6500001
1068.03,0.0890025,0.01642610214285714,28,1,0.0,0.0,0.0,0.0,0.0,0.31378499,4.10000005
1068.03,0.08754344262295082,0.01642610214285714,28,1,0.0,0.0,0.0,0.0,0.0,0.31746599,2.85
1068.03,0.0854424,0.01642610214285714,28,1,0.0,0.0,0.0,0.0,0.0,0.30105901,1.09999995
1068.03,0.1026951923076923,0.01642610214285714,28,0,0.0,0.0,0.0,0.0,0.0,0.34223399,27.3499995
1068.03,0.10171714285714285,0.01642610214285714,28,0,0.0,0.0,0.0,0.0,0.0,0.33682099,31.0
1068.03,0.10075754716981132,0.01642610214285714,28,0,0.0,0.0,0.0,0.0,0.0,0.33420101,35.3500005
1068.03,0.09981588785046729,0.01642610214285714,28,0,0.0,0.0,0.0,0.0,0.0,0.330735,40.0
1068.03,0.09051101694915253,0.01642610214285714,28,0,0.0,0.0,0.0,0.0,0.0,0.32381299,118.6
1068.03,0.111253125,0.01642610214285714,28,0,0.0,0.0,0.0,0.0,0.0,0.37565199,8.3499999
1032.69,0.09673911007025762,0.016189528571428573,31,1,0.0,0.0,0.0,0.0,0.0,0.37007999,30.3999995
1004.98,0.09852745098039216,0.01591081142857143,29,0,0.0,0.0,0.0,0.0,0.0,0.42821601,55.950001
851.33,0.07882685185185186,0.006210575142857143,32,1,0.0,0.0,0.0,0.0,0.0,0.76555699,16.25
851.33,0.14188833333333334,0.006210575142857143,32,0,0.0,0.0,0.0,0.0,0.0,1.051005,14.4999995
851.33,0.06548692307692308,0.004751302197802198,186,1,0.0,0.0,0.0,0.0,0.0,0.48572499,19.5
851.33,0.06449469696969698,0.004751302197802198,186,1,0.0,0.0,0.0,0.0,0.0,0.48664901,18.049999999999997
851.33,0.06353208955223881,0.004751302197802198,186,1,0.0,0.0,0.0,0.0,0.0,0.484346,16.3
851.33,0.06259779411764706,0.004751302197802198,186,1,0.0,0.0,0.0,0.0,0.0,0.48038799,14.5
851.33,0.085133,0.004751302197802198,186,0,0.0,0.0,0.0,0.0,0.0,0.54014897,226.89999
851.33,0.08346372549019608,0.004751302197802198,186,0,0.0,0.0,0.0,0.0,0.0,0.52787101,238.75
913.92,0.08541308411214953,0.007541757714285715,31,0,0.0,0.0,0.0,0.0,0.0,0.70618999,181.5
913.92,0.08462222222222222,0.007541757714285715,31,0,0.0,0.0,0.0,0.0,0.0,0.70521098,189.550005
913.92,0.14740645161290322,0.007541757714285715,31,0,0.0,0.0,0.0,0.0,0.0,1.0595,11.4499998
913.92,0.14506666666666665,0.007541757714285715,31,0,0.0,0.0,0.0,0.0,0.0,1.049821,12.45
913.92,0.091392,0.005802313956043955,185,0,0.0,0.0,0.0,0.0,0.0,0.53653598,190.25
913.92,0.10385454545454545,0.005802313956043955,185,0,0.0,0.0,0.0,0.0,0.0,0.56750298,126.0
808.5,0.1757608695652174,0.007875340571428571,30,0,0.0,0.0,0.0,0.0,0.0,1.411474,9.5
808.5,0.144375,0.007875340571428571,30,0,0.0,0.0,0.0,0.0,0.0,1.241117,19.5
808.5,0.11717391304347827,0.007875340571428571,30,0,0.0,0.0,0.0,0.0,0.0,1.073334,46.200001
808.5,0.1155,0.007875340571428571,30,0,0.0,0.0,0.0,0.0,0.0,1.063544,49.25
808.5,0.11387323943661971,0.007875340571428571,30,0,0.0,0.0,0.0,0.0,0.0,1.053887,52.450001
808.5,0.1010625,0.007875340571428571,30,0,0.0,0.0,0.0,0.0,0.0,0.972606,88.5
808.5,0.07774038461538461,0.007645117857142858,93,1,0.0,0.0,0.0,0.0,0.0,0.67835402,39.5
808.5,0.08601063829787234,0.007645117857142858,93,1,0.0,0.0,0.0,0.0,0.0,0.70700198,65.5
808.5,0.09625,0.007645117857142858,93,0,0.0,0.0,0.0,0.0,0.0,0.74509299,143.25
808.5,0.08166666666666667,0.007645117857142858,93,0,0.0,0.0,0.0,0.0,0.0,0.69735003,241.75
808.5,0.07417431192660551,0.006404251098901099,184,1,0.0,0.0,0.0,0.0,0.0,0.60474497,55.0
808.5,0.0825,0.006404251098901099,184,1,0.0,0.0,0.0,0.0,0.0,0.62354499,82.25
808.5,0.08085,0.006404251098901099,184,0,0.0,0.0,0.0,0.0,0.0,0.629345,276.5
808.5,0.1684375,0.006404251098901099,184,0,0.0,0.0,0.0,0.0,0.0,0.80199599,34.5
808.5,0.13939655172413792,0.006404251098901099,184,0,0.0,0.0,0.0,0.0,0.0,0.74694002,58.75
827.29,0.07193826086956522,0.008888102051282052,29,1,0.0,0.0,0.0,0.0,0.0,0.77068901,6.0
827.29,0.165458,0.008888102051282052,29,0,0.0,0.0,0.0,0.0,0.0,1.370885,11.0500002
827.29,0.07878952380952381,0.008987177142857142,92,0,0.0,0.0,0.0,0.0,0.0,0.64790303,262.5
827.29,0.10341125,0.008987177142857142,92,0,0.0,0.0,0.0,0.0,0.0,0.72904098,104.55
728.13,0.09335,0.008539517692307692,28,1,0.0,0.0,0.0,0.0,0.0,0.93637902,54.75
728.13,0.16933255813953488,0.008539517692307692,28,0,0.0,0.0,0.0,0.0,0.0,1.32025,6.75
728.13,0.13238727272727271,0.008539517692307692,28,0,0.0,0.0,0.0,0.0,0.0,1.118168,19.25
728.13,0.06934571428571429,0.007898578571428571,91,1,0.0,0.0,0.0,0.0,0.0,0.639328,17.5
723.22,0.15067083333333334,0.006215936813186813,179,0,0.0,0.0,0.0,0.0,0.0,0.74726599,37.0
808.43,0.07699333333333333,0.00669322,178,1,0.0,0.0,0.0,0.0,0.0,0.47943899,36.75
808.43,0.07416788990825687,0.00669322,178,1,0.0,0.0,0.0,0.0,0.0,0.466896,28.5
808.43,0.06736916666666666,0.00669322,178,1,0.0,0.0,0.0,0.0,0.0,0.44444501,14.0
776.86,0.20443684210526317,0.008211636923076922,30,0,0.0,0.0,0.0,0.0,0.0,-99.989998,4.5999999
776.86,0.196673417721519,0.008211636923076922,30,0,0.0,0.0,0.0,0.0,0.0,-99.989998,4.5999999
776.86,0.194215,0.008211636923076922,30,0,0.0,0.0,0.0,0.0,0.0,-99.989998,4.3000002
776.86,0.155372,0.008211636923076922,30,0,0.0,0.0,0.0,0.0,0.0,1.064828,6.25
794.65,0.1986625,0.009693173913043479,29,0,0.0,0.0,0.0,0.0,0.0,-99.989998,4.5999999
794.65,0.15893,0.009693173913043479,29,0,0.0,0.0,0.0,0.0,0.0,-99.989998,5.25
794.65,0.13244166666666665,0.009693173913043479,29,0,0.0,0.0,0.0,0.0,0.0,0.88566202,11.29999995
942.19,0.18843800000000002,0.008413833333333334,32,0,0.0,0.0,0.0,0.0,0.0,1.038813,1.5
942.19,0.15703166666666668,0.008413833333333334,32,0,0.0,0.0,0.0,0.0,0.0,-99.989998,4.6750001005
977.14,0.2171422222222222,0.0081298675,31,0,0.0,0.0,0.0,0.0,0.0,1.2278529,1.25
977.14,0.195428,0.0081298675,31,0,0.0,0.0,0.0,0.0,0.0,-99.989998,2.5
977.14,0.16285666666666668,0.0081298675,31,0,0.0,0.0,0.0,0.0,0.0,1.0728281,6.025
1020.32,0.18551272727272727,0.002734625,29,0,0.0,0.0,0.0,0.0,0.0,-99.989998,4.3500002
1020.32,0.1569723076923077,0.002734625,29,0,0.0,0.0,0.0,0.0,0.0,-99.989998,4.6500001
1012.16,0.16869333333333333,0.0023332892857142857,29,0,0.0,0.0,0.0,0.0,0.0,-99.989998,4.5749998
1083.0,0.09845454545454546,0.0017631514285714287,32,1,0.0,0.0,0.0,0.0,0.0,0.43360299,47.8500005
1083.0,0.08877049180327869,0.0017631514285714287,32,1,0.0,0.0,0.0,0.0,0.0,0.38207299,9.8
1083.0,0.08804878048780487,0.0017631514285714287,32,1,0.0,0.0,0.0,0.0,0.0,0.387732,8.95000005
1083.0,0.09845454545454546,0.0017631514285714287,32,0,0.0,0.0,0.0,0.0,0.0,0.39962301,60.3500005
1083.0,0.1805,0.0017631514285714287,32,0,0.0,0.0,0.0,0.0,0.0,0.84718001,0.625
1083.0,0.11051020408163266,0.0017631514285714287,32,0,0.0,0.0,0.0,0.0,0.0,0.469493,19.75
1104.41,0.09203416666666667,0.0017111128571428572,31,1,0.0,0.0,0.0,0.0,0.0,0.38268101,16.9999995
1104.41,0.18406833333333333,0.0017111128571428572,31,0,0.0,0.0,0.0,0.0,0.0,0.86075902,0.5
1104.41,0.18105081967213116,0.0017111128571428572,31,0,0.0,0.0,0.0,0.0,0.0,0.849051,0.55
1104.41,0.17813064516129035,0.0017111128571428572,31,0,0.0,0.0,0.0,0.0,0.0,0.83667099,0.6
1104.41,0.11625368421052633,0.0017111128571428572,31,0,0.0,0.0,0.0,0.0,0.0,0.50453198,11.9500001
1113.01,0.10805922330097087,0.0016877557142857143,30,1,0.0,0.0,0.0,0.0,0.0,0.461191,107.5
1113.01,0.10500094339622641,0.0016877557142857143,30,0,0.0,0.0,0.0,0.0,0.0,0.451547,33.45
1113.01,0.17666825396825397,0.0016877557142857143,30,0,0.0,0.0,0.0,0.0,0.0,0.83871901,0.6
1113.01,0.1739078125,0.0016877557142857143,30,0,0.0,0.0,0.0,0.0,0.0,0.89907902,1.225
1104.47,0.10179447004608295,0.0016333085714285713,29,1,0.0,0.0,0.0,0.0,0.0,0.440905,63.750002
1104.47,0.10040636363636364,0.0016333085714285713,29,1,0.0,0.0,0.0,0.0,0.0,0.45587099,58.0
1104.47,0.10040636363636364,0.0016333085714285713,29,0,0.0,0.0,0.0,0.0,0.0,0.44125,53.1499995
1104.47,0.220894,0.0016333085714285713,29,0,0.0,0.0,0.0,0.0,0.0,1.069517,0.30000001
1104.47,0.12409775280898877,0.0016333085714285713,29,0,0.0,0.0,0.0,0.0,0.0,0.58387399,7.35
1122.94,0.10208545454545455,0.0016504757142857143,28,1,0.0,0.0,0.0,0.0,0.0,0.42349499,63.5
1122.94,0.09280495867768596,0.0016504757142857143,28,1,0.0,0.0,0.0,0.0,0.0,0.35752499,14.7
1122.94,0.09055967741935485,0.0016504757142857143,28,1,0.0,0.0,0.0,0.0,0.0,0.354682,9.25000005
1122.94,0.112294,0.0016504757142857143,28,0,0.0,0.0,0.0,0.0,0.0,0.489669,15.8999995
1122.94,0.107975,0.0016504757142857143,28,0,0.0,0.0,0.0,0.0,0.0,0.452209,22.7
1122.94,0.10208545454545455,0.0016504757142857143,28,0,0.0,0.0,0.0,0.0,0.0,0.43015301,42.700001
1122.94,0.1811193548387097,0.0016504757142857143,28,0,0.0,0.0,0.0,0.0,0.0,0.89041501,0.55
1122.94,0.17824444444444446,0.0016504757142857143,28,0,0.0,0.0,0.0,0.0,0.0,0.85320997,0.474999995
1122.94,0.13211058823529412,0.0016504757142857143,28,0,0.0,0.0,0.0,0.0,0.0,0.61277598,3.54999995
1122.94,0.12477111111111111,0.0016504757142857143,28,0,0.0,0.0,0.0,0.0,0.0,0.50116599,3.349999995
1122.94,0.1182042105263158,0.0016504757142857143,28,0,0.0,0.0,0.0,0.0,0.0,0.51445901,8.8499999
1118.66,0.17210153846153847,0.0019750974285714287,32,0,0.0,0.0,0.0,0.0,0.0,0.864842,1.35
1118.66,0.1398325,0.0019750974285714287,32,0,0.0,0.0,0.0,0.0,0.0,0.70698398,4.6500001
1118.66,0.22373200000000001,0.00293804967032967,186,0,0.0,0.0,0.0,0.0,0.0,0.66325599,6.3499999
1118.66,0.12429555555555556,0.00293804967032967,186,0,0.0,0.0,0.0,0.0,0.0,0.43996501,45.450001
1139.7,0.10552777777777778,0.001949581142857143,31,1,0.0,0.0,0.0,0.0,0.0,0.397571,86.0
1139.7,0.09910434782608696,0.001949581142857143,31,1,0.0,0.0,0.0,0.0,0.0,0.35416099,41.75
1139.7,0.094975,0.001949581142857143,31,1,0.0,0.0,0.0,0.0,0.0,0.34658799,22.7
1139.7,0.15196,0.001949581142857143,31,0,0.0,0.0,0.0,0.0,0.0,-99.989998,4.9499999
1139.7,0.08766923076923078,0.0030256994505494504,185,1,0.0,0.0,0.0,0.0,0.0,0.33013701,51.75
1139.7,0.22794,0.0030256994505494504,185,0,0.0,0.0,0.0,0.0,0.0,0.66168201,5.60000015
1139.7,0.21917307692307694,0.0030256994505494504,185,0,0.0,0.0,0.0,0.0,0.0,0.63666999,5.75
1147.36,0.08626766917293233,0.0019124234285714287,30,1,0.0,0.0,0.0,0.0,0.0,0.35165399,3.95
1147.36,0.17651692307692307,0.0019124234285714287,30,0,0.0,0.0,0.0,0.0,0.0,0.865309,0.8
1147.36,0.14342,0.0019124234285714287,30,0,0.0,0.0,0.0,0.0,0.0,0.70216,2.79999995
1147.36,0.0989103448275862,0.00277001,93,1,0.0,0.0,0.0,0.0,0.0,0.35202199,75.200001
1147.36,0.07649066666666667,0.00277001,93,1,0.0,0.0,0.0,0.0,0.0,0.306207,3.375
1147.36,0.25496888888888886,0.00277001,93,0,0.0,0.0,0.0,0.0,0.0,-99.989998,2.0
1140.06,0.08976850393700787,0.0018445471428571428,29,1,0.0,0.0,0.0,0.0,0.0,0.301092,4.950000200000001
1140.06,0.21924230769230768,0.002868091318681319,183,0,0.0,0.0,0.0,0.0,0.0,0.61189699,4.50000005
1130.6,0.09421666666666666,0.001815126,28,1,0.0,0.0,0.0,0.0,0.0,0.331698,16.7
1130.6,0.09343801652892561,0.001815126,28,1,0.0,0.0,0.0,0.0,0.0,0.32042801,13.2999999
1130.6,0.0843731343283582,0.001815126,28,1,0.0,0.0,0.0,0.0,0.0,0.29559699,0.7000000005
1130.6,0.10767619047619047,0.001815126,28,0,0.0,0.0,0.0,0.0,0.0,0.39152899,17.3500005
1130.6,0.1884333333333333,0.001815126,28,0,0.0,0.0,0.0,0.0,0.0,0.94585103,0.55
1130.6,0.07537333333333333,0.0027057271428571426,91,1,0.0,0.0,0.0,0.0,0.0,0.31022999,2.7249999999999996
1130.6,0.22612,0.002851402967032967,182,0,0.0,0.0,0.0,0.0,0.0,0.639907,4.64999995
1139.68,0.227936,0.0028431663736263736,179,0,0.0,0.0,0.0,0.0,0.0,0.632801,4.0000001
1135.02,0.22700399999999998,0.0028166262637362638,178,0,0.0,0.0,0.0,0.0,0.0,0.65432698,4.85
1100.21,0.22004200000000002,0.0027968163736263735,177,0,0.0,0.0,0.0,0.0,0.0,0.620987,4.1999999
1108.33,0.22166599999999997,0.0025961422222222225,186,0,0.0,0.0,0.0,0.0,0.0,0.592417,3.54999995
1149.23,0.229846,0.00263322,184,0,0.0,0.0,0.0,0.0,0.0,0.60255599,3.1000000500000002
1149.23,0.22100576923076923,0.00263322,184,0,0.0,0.0,0.0,0.0,0.0,0.587125,3.44999995
1149.32,0.07274177215189873,0.002619671111111111,183,1,0.0,0.0,0.0,0.0,0.0,0.28323999,6.5500001999999995
1149.32,0.06841190476190476,0.002619671111111111,183,1,0.0,0.0,0.0,0.0,0.0,0.26952001,2.35
1149.32,0.22986399999999999,0.002619671111111111,183,0,0.0,0.0,0.0,0.0,0.0,0.63005602,3.975
1156.12,0.10186079295154184,0.001767662857142857,32,0,0.0,0.0,0.0,0.0,0.0,0.27635199,27.6999995
1156.12,0.10141403508771929,0.001767662857142857,32,0,0.0,0.0,0.0,0.0,0.0,0.27909699,30.25
1156.12,0.1009711790393013,0.001767662857142857,32,0,0.0,0.0,0.0,0.0,0.0,0.27989301,32.6499995
1156.12,0.10053217391304346,0.001767662857142857,32,0,0.0,0.0,0.0,0.0,0.0,0.27142301,33.8999995
1156.12,0.10009696969696968,0.001767662857142857,32,0,0.0,0.0,0.0,0.0,0.0,0.27068701,36.3000015
1156.12,0.0996655172413793,0.001767662857142857,32,0,0.0,0.0,0.0,0.0,0.0,0.273577,39.3000015
1156.12,0.11797142857142856,0.001767662857142857,32,0,0.0,0.0,0.0,0.0,0.0,0.37823701,3.6750001
1156.12,0.11677979797979797,0.001767662857142857,32,0,0.0,0.0,0.0,0.0,0.0,0.339728,2.85000009
1155.77,0.231154,0.0025227977777777777,178,0,0.0,0.0,0.0,0.0,0.0,0.60681498,2.8500000500000002
1155.77,0.22226346153846155,0.0025227977777777777,178,0,0.0,0.0,0.0,0.0,0.0,0.62013501,4.1999999
1168.98,0.06876352941176471,0.0025568155555555556,177,1,0.0,0.0,0.0,0.0,0.0,0.277408,2.6749998999999995
1168.98,0.32471666666666665,0.0025568155555555556,177,0,0.0,0.0,0.0,0.0,0.0,-99.989998,1.5749999504999999
1168.98,0.2541260869565217,0.0025568155555555556,177,0,0.0,0.0,0.0,0.0,0.0,-99.989998,4.3000002
1168.98,0.19483,0.0025568155555555556,177,0,0.0,0.0,0.0,0.0,0.0,0.509269,3.4249998999999995
1207.75,0.10502173913043478,0.0016272842857142859,32,1,0.0,0.0,0.0,0.0,0.0,0.28143799,74.75
1207.75,0.10064583333333334,0.0016272842857142859,32,1,0.0,0.0,0.0,0.0,0.0,0.262768,41.4499985
1207.75,0.08051666666666667,0.0016272842857142859,32,1,0.0,0.0,0.0,0.0,0.0,0.294898,0.24999999550000002
1211.81,0.10098416666666667,0.0015914414285714286,31,1,0.0,0.0,0.0,0.0,0.0,0.253647,41.25
1211.81,0.09321615384615384,0.0015914414285714286,31,1,0.0,0.0,0.0,0.0,0.0,0.23016,6.25
1211.81,0.08078733333333334,0.0015914414285714286,31,1,0.0,0.0,0.0,0.0,0.0,0.29666001,0.25
1210.0,0.1,0.0016545457142857142,30,0,0.0,0.0,0.0,0.0,0.0,0.235429,32.5
1203.5,0.09946280991735537,0.0017183862857142857,29,1,0.0,0.0,0.0,0.0,0.0,0.241308,29.000001
1209.07,0.1024635593220339,0.0016226811428571427,28,1,0.0,0.0,0.0,0.0,0.0,0.26058999,50.9499985
1209.07,0.0967256,0.0016226811428571427,28,1,0.0,0.0,0.0,0.0,0.0,0.238878,16.05
1209.07,0.08060466666666666,0.0016226811428571427,28,1,0.0,0.0,0.0,0.0,0.0,0.31009001,0.22500000550000002
1209.93,0.09757500000000001,0.0016321642857142857,32,1,0.0,0.0,0.0,0.0,0.0,0.30450901,30.700001
1215.7,0.08384137931034483,0.0016250337142857145,29,1,0.0,0.0,0.0,0.0,0.0,0.42440099,4.95000005
1211.49,0.11648942307692307,0.0015923963636363637,31,0,0.0,0.0,0.0,0.0,0.0,0.49672699,12.15
1211.49,0.11538,0.0015923963636363637,31,0,0.0,0.0,0.0,0.0,0.0,0.48903301,13.25
1216.04,0.0957511811023622,0.001513291304347826,29,1,0.0,0.0,0.0,0.0,0.0,0.372906,29.549999
1241.66,0.09335789473684211,0.0015737899999999998,32,1,0.0,0.0,0.0,0.0,0.0,0.337001,18.7
1241.66,0.1724527777777778,0.0015737899999999998,32,0,0.0,0.0,0.0,0.0,0.0,0.739254,0.425
1241.66,0.16555466666666668,0.0015737899999999998,32,0,0.0,0.0,0.0,0.0,0.0,0.73472601,0.724999995
1242.95,0.09787007874015749,0.0015407650000000001,31,1,0.0,0.0,0.0,0.0,0.0,0.33336499,35.8999995
1229.23,0.08780214285714286,0.0015207399999999998,30,1,0.0,0.0,0.0,0.0,0.0,0.34924299,6.0
1229.23,0.08477448275862069,0.0015207399999999998,30,1,0.0,0.0,0.0,0.0,0.0,0.36046401,3.225
1229.23,0.08194866666666667,0.0015207399999999998,30,1,0.0,0.0,0.0,0.0,0.0,0.360452,1.4500000000000002
1229.23,0.16389733333333334,0.0015207399999999998,30,0,0.0,0.0,0.0,0.0,0.0,0.671776,0.30000001
1229.23,0.13658111111111113,0.0015207399999999998,30,0,0.0,0.0,0.0,0.0,0.0,0.56593502,1.77500005
1224.12,0.09715238095238095,0.0015608504347826085,29,1,0.0,0.0,0.0,0.0,0.0,0.353861,33.550000499999996
1224.12,0.0934442748091603,0.0015608504347826085,29,1,0.0,0.0,0.0,0.0,0.0,0.35049599,18.3
1224.12,0.09067555555555555,0.0015608504347826085,29,1,0.0,0.0,0.0,0.0,0.0,0.35191801,10.9
1224.12,0.08743714285714285,0.0015608504347826085,29,1,0.0,0.0,0.0,0.0,0.0,0.35653701,5.5500002
1205.28,0.10044,0.0015301065217391302,28,1,0.0,0.0,0.0,0.0,0.0,0.37190899,51.8500005
1205.28,0.09490393700787401,0.0015301065217391302,28,1,0.0,0.0,0.0,0.0,0.0,0.36068299,23.3999995
1205.28,0.09271384615384615,0.0015301065217391302,28,1,0.0,0.0,0.0,0.0,0.0,0.35898,15.9
1205.28,0.092006106870229,0.0015301065217391302,28,1,0.0,0.0,0.0,0.0,0.0,0.34457701,12.55
1205.28,0.11478857142857142,0.0015301065217391302,28,0,0.0,0.0,0.0,0.0,0.0,0.43962499,8.85000005
1205.28,0.10214237288135593,0.0015301065217391302,28,0,0.0,0.0,0.0,0.0,0.0,0.37138301,37.5
1205.28,0.09565714285714286,0.002103078888888889,91,1,0.0,0.0,0.0,0.0,0.0,0.33410901,57.6999985
1205.28,0.11478857142857142,0.002103078888888889,91,0,0.0,0.0,0.0,0.0,0.0,0.38251701,29.3500005
1205.28,0.11159999999999999,0.002103078888888889,91,0,0.0,0.0,0.0,0.0,0.0,0.37578401,36.75
1166.71,0.08772255639097745,0.001523514285714286,31,1,0.0,0.0,0.0,0.0,0.0,0.33839801,5.275000005
1166.71,0.09722583333333333,0.00229761010989011,178,1,0.0,0.0,0.0,0.0,0.0,0.331045,93.5999985
1166.71,0.10903831775700935,0.00229761010989011,178,0,0.0,0.0,0.0,0.0,0.0,0.342455,64.5
1128.95,0.09816956521739131,0.0014848271428571428,30,1,0.0,0.0,0.0,0.0,0.0,0.337118,34.25
1128.95,0.09732327586206897,0.0014848271428571428,30,1,0.0,0.0,0.0,0.0,0.0,0.336216,30.25
1150.0,0.10407239819004525,0.0015752585714285715,29,0,0.0,0.0,0.0,0.0,0.0,0.306265,20.3499995
1150.0,0.1036036036036036,0.0015752585714285715,29,0,0.0,0.0,0.0,0.0,0.0,0.30124801,21.5
1169.03,0.09823781512605041,0.0014582754166666666,30,1,0.0,0.0,0.0,0.0,0.0,0.306871,31.8000015
1169.03,0.09741916666666667,0.0020978644444444444,93,1,0.0,0.0,0.0,0.0,0.0,0.31694299,61.299999
1193.26,0.09943833333333334,0.0020718333333333335,92,1,0.0,0.0,0.0,0.0,0.0,0.31191999,71.6500015
1176.42,0.10892777777777779,0.001469487142857143,32,0,0.0,0.0,0.0,0.0,0.0,0.34638,13.05
1178.12,0.11010467289719625,0.0014817971428571428,30,0,0.0,0.0,0.0,0.0,0.0,0.34180701,9.450000200000002
1178.12,0.10908518518518517,0.0014817971428571428,30,0,0.0,0.0,0.0,0.0,0.0,0.33919299,11.1
1146.02,0.10052807017543859,0.00148382,32,1,0.0,0.0,0.0,0.0,0.0,0.31834099,44.049999
1146.02,0.10811509433962264,0.00148382,32,0,0.0,0.0,0.0,0.0,0.0,0.362562,17.1
1146.02,0.10324504504504504,0.00148382,32,0,0.0,0.0,0.0,0.0,0.0,0.338799,30.950001
1146.02,0.09879482758620689,0.00148382,32,0,0.0,0.0,0.0,0.0,0.0,0.32339001,53.700001
1124.21,0.10605754716981132,0.001519921111111111,31,0,0.0,0.0,0.0,0.0,0.0,0.34343201,19.0
1124.21,0.21619423076923078,0.001519921111111111,31,0,0.0,0.0,0.0,0.0,0.0,0.80768502,0.0250000005
1133.76,0.113376,0.0014551577777777776,29,0,0.0,0.0,0.0,0.0,0.0,0.40009099,8.3000002
1133.76,0.12597333333333333,0.0014551577777777776,29,0,0.0,0.0,0.0,0.0,0.0,-99.989998,3.29999995
1114.2,0.09948214285714287,0.0014558122222222223,28,1,0.0,0.0,0.0,0.0,0.0,0.33695501,38.799999
1114.2,0.09948214285714287,0.0014558122222222223,28,0,0.0,0.0,0.0,0.0,0.0,0.319244,42.3000015
1114.2,0.22284,0.0014558122222222223,28,0,0.0,0.0,0.0,0.0,0.0,1.268209,1.0
1152.22,0.1097352380952381,0.001613423333333333,29,0,0.0,0.0,0.0,0.0,0.0,0.33297899,8.9000001
1152.22,0.1087,0.001613423333333333,29,0,0.0,0.0,0.0,0.0,0.0,0.32958499,10.4999999
1095.99,0.09742133333333333,0.0015080599999999999,31,1,0.0,0.0,0.0,0.0,0.0,0.26467201,21.65
1095.99,0.09720532150776054,0.0015080599999999999,31,1,0.0,0.0,0.0,0.0,0.0,0.26483601,20.8000005
1151.13,0.09755338983050849,0.0015590860000000001,32,1,0.0,0.0,0.0,0.0,0.0,0.28098601,26.0
1151.13,0.0943549180327869,0.0015590860000000001,32,1,0.0,0.0,0.0,0.0,0.0,0.27497599,13.5
1151.13,0.0920904,0.0015590860000000001,32,1,0.0,0.0,0.0,0.0,0.0,0.27293599,7.8000001999999995
1151.13,0.09923534482758621,0.0015590860000000001,32,0,0.0,0.0,0.0,0.0,0.0,0.27169499,41.599998
1151.13,0.09923534482758621,0.0017071161538461538,186,1,0.0,0.0,0.0,0.0,0.0,0.30559599,96.449997
1151.13,0.08106549295774648,0.0017071161538461538,186,1,0.0,0.0,0.0,0.0,0.0,0.26076901,15.55
1179.37,0.09828083333333333,0.00154608,31,1,0.0,0.0,0.0,0.0,0.0,0.26607901,27.45
1179.37,0.09588373983739837,0.00154608,31,1,0.0,0.0,0.0,0.0,0.0,0.26547799,17.2500005
1179.37,0.09434959999999999,0.00154608,31,1,0.0,0.0,0.0,0.0,0.0,0.25732401,11.450000200000002
1179.37,0.10819908256880732,0.00154608,31,0,0.0,0.0,0.0,0.0,0.0,0.29481199,9.450000200000002
1179.37,0.10721545454545453,0.00154608,31,0,0.0,0.0,0.0,0.0,0.0,0.28944901,11.0
1190.5,0.09920833333333333,0.0015764891666666667,30,1,0.0,0.0,0.0,0.0,0.0,0.267317,32.05
1190.5,0.09524,0.0015764891666666667,30,1,0.0,0.0,0.0,0.0,0.0,0.25185499,13.149999999999999
1190.5,0.09157692307692308,0.0015764891666666667,30,1,0.0,0.0,0.0,0.0,0.0,0.25599599,5.14999985
1190.5,0.10262931034482758,0.0015764891666666667,30,0,0.0,0.0,0.0,0.0,0.0,0.266058,22.5
1190.5,0.10088983050847458,0.0015764891666666667,30,0,0.0,0.0,0.0,0.0,0.0,0.256506,29.6999995
1190.5,0.09920833333333333,0.0015764891666666667,30,0,0.0,0.0,0.0,0.0,0.0,0.25037199,39.1000005
1190.5,0.13843023255813955,0.0018121148571428572,93,0,0.0,0.0,0.0,0.0,0.0,0.41198999,5.275000200000001
1180.89,0.09840750000000001,0.0014948108333333334,29,1,0.0,0.0,0.0,0.0,0.0,0.26396999,26.6500005
1180.89,0.09083769230769231,0.0014948108333333334,29,1,0.0,0.0,0.0,0.0,0.0,0.25486901,3.7500001000000003
1180.89,0.10180086206896552,0.0014948108333333334,29,0,0.0,0.0,0.0,0.0,0.0,0.258641,24.549999
1181.9,0.09931932773109245,0.0014033750000000001,28,1,0.0,0.0,0.0,0.0,0.0,0.27169999,31.75
1181.9,0.09455200000000001,0.0014033750000000001,28,1,0.0,0.0,0.0,0.0,0.0,0.26038399,11.0
1190.19,0.0991825,0.0017924264835164835,178,1,0.0,0.0,0.0,0.0,0.0,0.30016899,95.3999975
1252.92,0.11287567567567568,0.0015021017857142858,28,0,0.0,0.0,0.0,0.0,0.0,0.321886,4.2750001
1252.92,0.1123695067264574,0.0015021017857142858,28,0,0.0,0.0,0.0,0.0,0.0,0.307475,3.9999998999999997
1246.41,0.09232666666666667,0.0012909688888888887,29,1,0.0,0.0,0.0,0.0,0.0,0.23263399,4.5
1246.41,0.08902928571428571,0.0012909688888888887,29,1,0.0,0.0,0.0,0.0,0.0,0.26241899,2.37500006
1196.04,0.10400347826086956,0.0013396474074074075,32,0,0.0,0.0,0.0,0.0,0.0,0.28914499,21.6500005
1194.55,0.08981578947368421,0.001291848888888889,31,1,0.0,0.0,0.0,0.0,0.0,0.25375399,3.04999995
1137.21,0.10063805309734514,0.0013021685185185185,30,1,0.0,0.0,0.0,0.0,0.0,0.397057,55.1999985
1137.21,0.08550451127819549,0.0013021685185185185,30,1,0.0,0.0,0.0,0.0,0.0,0.33410901,2.5250000000000004
1146.64,0.08621353383458648,0.0012647348148148146,29,1,0.0,0.0,0.0,0.0,0.0,0.27394599,1.0
1212.67,0.10211957894736842,0.001139016,30,0,0.0,0.0,0.0,0.0,0.0,0.33705199,34.699999500000004
1212.67,0.10190504201680672,0.001139016,30,0,0.0,0.0,0.0,0.0,0.0,0.33525199,35.5500015
1173.32,0.10292280701754386,0.00113121,31,1,0.0,0.0,0.0,0.0,0.0,0.35167599,65.849998
1173.32,0.09095503875968992,0.00113121,31,1,0.0,0.0,0.0,0.0,0.0,0.33126301,10.2499999
1173.32,0.09025538461538461,0.00113121,31,1,0.0,0.0,0.0,0.0,0.0,0.301175,6.5
1173.32,0.08691259259259258,0.00113121,31,1,0.0,0.0,0.0,0.0,0.0,0.31760699,3.29999995
1173.32,0.1150313725490196,0.00113121,31,0,0.0,0.0,0.0,0.0,0.0,0.368714,5.29999995
1173.32,0.11391456310679611,0.00113121,31,0,0.0,0.0,0.0,0.0,0.0,0.369647,6.5
1173.32,0.10292280701754386,0.00113121,31,0,0.0,0.0,0.0,0.0,0.0,0.32974201,29.6
1173.32,0.10202782608695651,0.00113121,31,0,0.0,0.0,0.0,0.0,0.0,0.332921,34.1999985
1192.97,0.0977844262295082,0.0011341717142857144,30,1,0.0,0.0,0.0,0.0,0.0,0.335453,34.0500015
1211.29,0.08972518518518519,0.0011203397142857145,29,1,0.0,0.0,0.0,0.0,0.0,0.30968201,5.75
1211.29,0.1164701923076923,0.0011203397142857145,29,0,0.0,0.0,0.0,0.0,0.0,0.39015299,4.64999995
1211.29,0.11536095238095238,0.0011203397142857145,29,0,0.0,0.0,0.0,0.0,0.0,0.372188,4.70000005
1205.73,0.1004775,0.0011512500000000001,28,1,0.0,0.0,0.0,0.0,0.0,0.334714,47.450001
1205.73,0.09883032786885246,0.0011512500000000001,28,1,0.0,0.0,0.0,0.0,0.0,0.334241,38.0500015
1205.73,0.09346744186046511,0.0011512500000000001,28,1,0.0,0.0,0.0,0.0,0.0,0.32279801,14.5
1205.73,0.09274846153846154,0.0011512500000000001,28,1,0.0,0.0,0.0,0.0,0.0,0.31497499,11.7499998
1205.73,0.080382,0.0011512500000000001,28,1,0.0,0.0,0.0,0.0,0.0,-99.989998,2.25
1205.73,0.11061743119266056,0.0011512500000000001,28,0,0.0,0.0,0.0,0.0,0.0,0.344686,8.1500001
1205.73,0.10961181818181819,0.0011512500000000001,28,0,0.0,0.0,0.0,0.0,0.0,0.338624,9.34999995
1222.49,0.10538706896551724,0.00108613,31,0,0.0,0.0,0.0,0.0,0.0,0.29810101,17.3
1222.49,0.10360084745762711,0.00108613,31,0,0.0,0.0,0.0,0.0,0.0,0.28800899,22.450001
1299.0,0.10069767441860465,0.00109627,31,1,0.0,0.0,0.0,0.0,0.0,0.25833601,43.6000005
1290.94,0.09930307692307692,0.0011086791666666666,30,1,0.0,0.0,0.0,0.0,0.0,0.24984001,32.400000500000004
1290.94,0.10410806451612904,0.0014805865714285712,93,1,0.0,0.0,0.0,0.0,0.0,0.291186,102.35000099999999
1290.94,0.11324035087719299,0.0015771663736263738,184,0,0.0,0.0,0.0,0.0,0.0,0.29810899,43.799999
1324.76,0.10190461538461539,0.0010644225,28,1,0.0,0.0,0.0,0.0,0.0,0.26483101,52.1000005
1324.76,0.15404186046511628,0.001498652857142857,91,0,0.0,0.0,0.0,0.0,0.0,0.41596299,1.5
1324.76,0.10190461538461539,0.00161192967032967,182,0,0.0,0.0,0.0,0.0,0.0,0.26712701,86.25
1324.76,0.1011267175572519,0.00161192967032967,182,0,0.0,0.0,0.0,0.0,0.0,0.26578799,90.799999
1341.22,0.07134148936170213,0.001656036813186813,179,1,0.0,0.0,0.0,0.0,0.0,-99.989998,1.9
1341.22,0.07059052631578948,0.001656036813186813,179,1,0.0,0.0,0.0,0.0,0.0,-99.989998,1.75
1341.22,0.11084462809917356,0.001656036813186813,179,0,0.0,0.0,0.0,0.0,0.0,0.273231,45.1499995
1341.22,0.10644603174603175,0.001656036813186813,179,0,0.0,0.0,0.0,0.0,0.0,0.26388901,60.3500005
1341.22,0.10397054263565891,0.001656036813186813,179,0,0.0,0.0,0.0,0.0,0.0,0.260088,71.800003
1323.57,0.11216694915254237,0.0016476287912087911,178,0,0.0,0.0,0.0,0.0,0.0,0.279322,41.5
1432.28,0.09361307189542484,0.0011869235714285714,32,1,0.0,0.0,0.0,0.0,0.0,0.220429,7.9000001
1432.28,0.11644552845528455,0.0011869235714285714,32,0,0.0,0.0,0.0,0.0,0.0,0.32078901,2.89999991
1432.28,0.10473711151736746,0.0011869235714285714,32,0,0.0,0.0,0.0,0.0,0.0,0.24390499,15.8999995
1425.36,0.10538706099815157,0.0012319339285714285,31,0,0.0,0.0,0.0,0.0,0.0,0.251789,14.149999999999999
1495.84,0.11966719999999999,0.0011501582608695652,28,0,0.0,0.0,0.0,0.0,0.0,0.30467099,0.7
1495.84,0.11080296296296295,0.0011501582608695652,28,0,0.0,0.0,0.0,0.0,0.0,0.25739601,3.4499999
1504.3,0.09401875,0.0011817585714285713,32,1,0.0,0.0,0.0,0.0,0.0,0.206909,7.79999995
1504.3,0.12034399999999999,0.0011817585714285713,32,0,0.0,0.0,0.0,0.0,0.0,0.36167201,2.4999999049999997
1504.3,0.11142962962962963,0.0011817585714285713,32,0,0.0,0.0,0.0,0.0,0.0,0.27328801,4.85000005
1514.11,0.10060531561461793,0.0011217414285714287,31,1,0.0,0.0,0.0,0.0,0.0,0.251445,48.8999995
1514.11,0.1211288,0.0011217414285714287,31,0,0.0,0.0,0.0,0.0,0.0,0.33159101,1.174999995
1514.11,0.1121562962962963,0.0011217414285714287,31,0,0.0,0.0,0.0,0.0,0.0,0.30864999,6.1500001
1514.11,0.10971811594202897,0.0011217414285714287,31,0,0.0,0.0,0.0,0.0,0.0,0.304775,9.79999995
1514.11,0.1073836879432624,0.0011217414285714287,31,0,0.0,0.0,0.0,0.0,0.0,0.291085,13.8499995
1514.11,0.10662746478873239,0.0011217414285714287,31,0,0.0,0.0,0.0,0.0,0.0,0.27843201,14.5000005
1514.11,0.10094066666666666,0.0011217414285714287,31,0,0.0,0.0,0.0,0.0,0.0,0.25380799,37.6999985
1514.11,0.10027218543046357,0.0011217414285714287,31,0,0.0,0.0,0.0,0.0,0.0,0.247715,41.450001
1486.89,0.099126,0.0011285185714285714,30,1,0.0,0.0,0.0,0.0,0.0,0.22619601,32.3999995
1486.89,0.1189512,0.0011285185714285714,30,0,0.0,0.0,0.0,0.0,0.0,-99.989998,1.70000005
1486.89,0.11800714285714287,0.0011285185714285714,30,0,0.0,0.0,0.0,0.0,0.0,-99.989998,2.1
1486.89,0.11096194029850746,0.0011285185714285714,30,0,0.0,0.0,0.0,0.0,0.0,0.27029201,4.5500000499999995
1486.89,0.11014,0.0011285185714285714,30,0,0.0,0.0,0.0,0.0,0.0,0.262766,5.04999995
1486.89,0.10361602787456446,0.0011285185714285714,30,0,0.0,0.0,0.0,0.0,0.0,0.233547,18.4499995
1486.89,0.099126,0.0011285185714285714,30,0,0.0,0.0,0.0,0.0,0.0,0.228761,46.0
1471.35,0.08917272727272726,0.0011182657142857144,28,1,0.0,0.0,0.0,0.0,0.0,0.206413,0.75
1455.79,0.10549202898550725,0.0012049299999999999,31,1,0.0,0.0,0.0,0.0,0.0,0.28136501,93.6500015
1455.79,0.09422588996763753,0.0012049299999999999,31,1,0.0,0.0,0.0,0.0,0.0,0.245823,12.2000001
1455.79,0.09042173913043478,0.0012049299999999999,31,1,0.0,0.0,0.0,0.0,0.0,-99.989998,2.6249999004999998
1460.0,0.09449838187702266,0.001187355,30,1,0.0,0.0,0.0,0.0,0.0,0.25389701,13.6999997
1460.0,0.0906832298136646,0.001187355,30,1,0.0,0.0,0.0,0.0,0.0,0.24832299,4.25
1475.83,0.0928194968553459,0.0012205057142857143,32,1,0.0,0.0,0.0,0.0,0.0,0.242084,8.4999999
1475.83,0.08837305389221556,0.0012205057142857143,32,1,0.0,0.0,0.0,0.0,0.0,-99.989998,2.79999995
1477.0,0.09289308176100629,0.0012885935714285715,31,1,0.0,0.0,0.0,0.0,0.0,0.25035,9.1
1477.0,0.08844311377245509,0.0012885935714285715,31,1,0.0,0.0,0.0,0.0,0.0,-99.989998,2.7250000505
1507.2,0.09883278688524591,0.0011719492857142858,28,1,0.0,0.0,0.0,0.0,0.0,0.25435901,34.349999499999996
1507.2,0.0942,0.0011719492857142858,28,1,0.0,0.0,0.0,0.0,0.0,0.239473,10.35000005
1495.13,0.14239333333333334,0.00095048,31,0,0.0,0.0,0.0,0.0,0.0,-99.989998,2.25
1495.13,0.11866111111111112,0.00095048,31,0,0.0,0.0,0.0,0.0,0.0,0.37299901,3.6750001
1495.88,0.09972533333333335,0.00098406375,30,0,0.0,0.0,0.0,0.0,0.0,0.31483799,55.950001
1533.76,0.10225066666666667,0.0009956258333333335,29,0,0.0,0.0,0.0,0.0,0.0,0.33214599,41.299999
1527.58,0.10183866666666666,0.0009489,28,0,0.0,0.0,0.0,0.0,0.0,0.31884,41.5
1531.89,0.08753657142857144,0.0009882948571428571,32,1,0.0,0.0,0.0,0.0,0.0,0.30948499,4.9000001
1510.87,0.08633542857142856,0.0009943882857142857,31,1,0.0,0.0,0.0,0.0,0.0,0.30570599,3.0
1466.82,0.09910945945945945,0.000957448,30,1,0.0,0.0,0.0,0.0,0.0,0.31055599,44.849998
1466.82,0.093428025477707,0.000957448,30,1,0.0,0.0,0.0,0.0,0.0,0.30610901,16.1500005
1466.82,0.10552661870503596,0.000957448,30,0,0.0,0.0,0.0,0.0,0.0,0.331155,24.8499995
1466.82,0.1544021052631579,0.000957448,30,0,0.0,0.0,0.0,0.0,0.0,0.61808002,0.5
1460.26,0.10001780821917808,0.0008853834285714285,28,1,0.0,0.0,0.0,0.0,0.0,0.29942101,48.3500005
1448.4,0.0922547770700637,0.0009176122857142857,32,1,0.0,0.0,0.0,0.0,0.0,0.247802,7.34999995
1448.4,0.09167088607594938,0.0009176122857142857,32,1,0.0,0.0,0.0,0.0,0.0,0.247033,6.125
1448.4,0.11775609756097562,0.0009176122857142857,32,0,0.0,0.0,0.0,0.0,0.0,0.33726901,2.9250001
1448.4,0.10728888888888889,0.0009176122857142857,32,0,0.0,0.0,0.0,0.0,0.0,0.27929601,13.0500002
1448.4,0.10650000000000001,0.0009176122857142857,32,0,0.0,0.0,0.0,0.0,0.0,0.27753901,15.1000005
1448.4,0.14779591836734696,0.0009176122857142857,32,0,0.0,0.0,0.0,0.0,0.0,0.57320702,0.75
1420.56,0.0984790294627383,0.0008986925714285713,31,1,0.0,0.0,0.0,0.0,0.0,0.222027,26.4000005
1420.56,0.09830865051903113,0.0008986925714285713,31,1,0.0,0.0,0.0,0.0,0.0,0.22613899,26.1
1420.56,0.09813886010362693,0.0008986925714285713,31,1,0.0,0.0,0.0,0.0,0.0,0.221659,24.450001
1420.56,0.09048152866242037,0.0008986925714285713,31,1,0.0,0.0,0.0,0.0,0.0,0.22008701,2.3499999
1420.56,0.08990886075949367,0.0008986925714285713,31,1,0.0,0.0,0.0,0.0,0.0,-99.989998,2.1500001
1410.0,0.10217391304347827,0.0008713585714285714,30,1,0.0,0.0,0.0,0.0,0.0,0.226354,53.0
1404.67,0.09962198581560285,0.0008960062857142858,30,1,0.0,0.0,0.0,0.0,0.0,0.218537,32.5500015
1404.67,0.09926996466431096,0.0008960062857142858,30,1,0.0,0.0,0.0,0.0,0.0,0.21673401,30.0
1404.67,0.1254169642857143,0.0008960062857142858,30,0,0.0,0.0,0.0,0.0,0.0,-99.989998,1.8
1387.21,0.09979928057553956,0.0008806457142857142,28,1,0.0,0.0,0.0,0.0,0.0,0.221173,32.6000005
1387.21,0.0994415770609319,0.0008806457142857142,28,1,0.0,0.0,0.0,0.0,0.0,0.221297,30.299999
1386.85,0.10122992700729927,0.0007566399999999999,30,1,0.0,0.0,0.0,0.0,0.0,0.22936399,45.25
1374.53,0.10033065693430657,0.0007298686956521738,29,1,0.0,0.0,0.0,0.0,0.0,0.213806,34.849999499999996
1374.53,0.10014790528233151,0.0007298686956521738,29,1,0.0,0.0,0.0,0.0,0.0,0.205376,32.299999
1374.53,0.09996581818181818,0.0007298686956521738,29,1,0.0,0.0,0.0,0.0,0.0,0.208426,31.55
1374.53,0.09978439201451905,0.0007298686956521738,29,1,0.0,0.0,0.0,0.0,0.0,0.20448001,29.75
1374.53,0.0996036231884058,0.0007298686956521738,29,1,0.0,0.0,0.0,0.0,0.0,0.200652,28.0
1374.53,0.09942350813743218,0.0007298686956521738,29,1,0.0,0.0,0.0,0.0,0.0,0.203427,27.3
1374.53,0.09924404332129964,0.0007298686956521738,29,1,0.0,0.0,0.0,0.0,0.0,0.200141,25.6999995
1394.61,0.10069386281588447,0.00072722,28,1,0.0,0.0,0.0,0.0,0.0,0.195729,34.25
1394.61,0.10033165467625899,0.00072722,28,1,0.0,0.0,0.0,0.0,0.0,0.193445,31.299999
1394.61,0.09997204301075269,0.00072722,28,1,0.0,0.0,0.0,0.0,0.0,0.190624,28.3999995
1385.99,0.1004340579710145,0.000774952,32,1,0.0,0.0,0.0,0.0,0.0,0.20522,36.6499995
1385.99,0.09493082191780822,0.000774952,32,1,0.0,0.0,0.0,0.0,0.0,0.202044,9.0499999
1403.04,0.10710229007633587,0.00083774,31,0,0.0,0.0,0.0,0.0,0.0,0.23694301,8.0999999
1390.47,0.10075869565217392,0.00083643,30,1,0.0,0.0,0.0,0.0,0.0,0.218821,40.1999985
1390.47,0.10003381294964028,0.00083643,30,1,0.0,0.0,0.0,0.0,0.0,0.21678901,34.75
1390.47,0.11213467741935484,0.00083643,30,0,0.0,0.0,0.0,0.0,0.0,0.238782,1.74999994
1390.47,0.092698,0.0013999678021978021,184,0,0.0,0.0,0.0,0.0,0.0,0.232315,158.949995
1390.9,0.11216935483870968,0.0009396208695652174,29,0,0.0,0.0,0.0,0.0,0.0,0.24200501,1.70000001
1390.9,0.10227205882352942,0.0009396208695652174,29,0,0.0,0.0,0.0,0.0,0.0,0.216915,20.299999
1390.9,0.10152554744525548,0.0009396208695652174,29,0,0.0,0.0,0.0,0.0,0.0,0.21256401,23.55
1390.9,0.11787288135593221,0.001178018,92,0,0.0,0.0,0.0,0.0,0.0,0.26352501,8.6499999
1386.28,0.10045507246376811,0.0009183095652173913,28,1,0.0,0.0,0.0,0.0,0.0,0.227865,38.1000005
1386.28,0.09495068493150685,0.0012371448571428573,91,0,0.0,0.0,0.0,0.0,0.0,0.194094,99.2499985
1415.6,0.09437333333333332,0.0014651919780219779,179,0,0.0,0.0,0.0,0.0,0.0,0.237836,144.1
1434.5,0.09563333333333333,0.0013364239560439562,178,0,0.0,0.0,0.0,0.0,0.0,0.23099899,130.10000000000002
1584.57,0.13778869565217391,0.0014532821818181818,186,0,0.0,0.0,0.0,0.0,0.0,0.32795501,12.25
1632.13,0.13601083333333333,0.0014258523636363637,182,0,0.0,0.0,0.0,0.0,0.0,0.330697,14.3
1608.6,0.12373846153846153,0.0014737441818181817,177,0,0.0,0.0,0.0,0.0,0.0,0.30501899,25.2
1644.9,0.10216770186335404,0.0010335907142857142,30,1,0.0,0.0,0.0,0.0,0.0,0.23633499,63.699999
1629.85,0.10722697368421052,0.0010682414285714287,28,0,0.0,0.0,0.0,0.0,0.0,0.23591401,7.85
1629.85,0.10652614379084967,0.0010682414285714287,28,0,0.0,0.0,0.0,0.0,0.0,0.243155,10.3500002
1616.74,0.10923918918918919,0.0009706325000000001,32,0,0.0,0.0,0.0,0.0,0.0,0.245987,6.25
1616.74,0.10850604026845638,0.0009706325000000001,32,0,0.0,0.0,0.0,0.0,0.0,0.24540301,7.5
1632.64,0.10078024691358026,0.0009169085714285715,29,1,0.0,0.0,0.0,0.0,0.0,0.249883,52.3500005
1632.64,0.10078024691358026,0.0009169085714285715,29,0,0.0,0.0,0.0,0.0,0.0,0.236965,37.25
1640.76,0.09651529411764706,0.000890682,28,1,0.0,0.0,0.0,0.0,0.0,0.21327201,16.6499995
1640.76,0.1025475,0.000890682,28,0,0.0,0.0,0.0,0.0,0.0,0.23614,24.9499995
1640.76,0.10191055900621118,0.000890682,28,0,0.0,0.0,0.0,0.0,0.0,0.23090801,27.8500005
1622.98,0.09660595238095238,0.0009433534285714286,32,1,0.0,0.0,0.0,0.0,0.0,0.254498,25.5
1599.98,0.105958940397351,0.0009589131428571429,31,0,0.0,0.0,0.0,0.0,0.0,0.294763,20.6999995
1548.49,0.11730984848484849,0.0009356462857142858,28,0,0.0,0.0,0.0,0.0,0.0,0.36734301,3.69999995
1548.49,0.11642781954887219,0.0009356462857142858,28,0,0.0,0.0,0.0,0.0,0.0,0.36144501,4.1
1548.49,0.1155589552238806,0.0009356462857142858,28,0,0.0,0.0,0.0,0.0,0.0,0.35834801,4.6999999500000005
1548.49,0.11470296296296296,0.0009356462857142858,28,0,0.0,0.0,0.0,0.0,0.0,0.35232601,5.1999999500000005
1548.49,0.11302846715328467,0.0009356462857142858,28,0,0.0,0.0,0.0,0.0,0.0,0.34495699,6.700000300000001
1548.49,0.11220942028985507,0.0009356462857142858,28,0,0.0,0.0,0.0,0.0,0.0,0.34651101,8.0
1548.49,0.09926217948717948,0.0009356462857142858,28,0,0.0,0.0,0.0,0.0,0.0,0.27570501,54.0
1555.71,0.10511554054054054,0.0009655285714285715,32,0,0.0,0.0,0.0,0.0,0.0,0.290546,22.6999995
1555.71,0.10441006711409397,0.0009655285714285715,32,0,0.0,0.0,0.0,0.0,0.0,0.28046101,24.1999995
1550.56,0.155056,0.0008397278260869566,28,0,0.0,0.0,0.0,0.0,0.0,-99.989998,2.4000001
1550.56,0.1535207920792079,0.0008397278260869566,28,0,0.0,0.0,0.0,0.0,0.0,-99.989998,2.4000001
1550.56,0.1520156862745098,0.0008397278260869566,28,0,0.0,0.0,0.0,0.0,0.0,-99.989998,2.4000001
1550.56,0.1505398058252427,0.0008397278260869566,28,0,0.0,0.0,0.0,0.0,0.0,-99.989998,2.4000001
1550.56,0.1490923076923077,0.0008397278260869566,28,0,0.0,0.0,0.0,0.0,0.0,-99.989998,2.4000001
1550.56,0.1582204081632653,0.0008397278260869566,28,0,0.0,0.0,0.0,0.0,0.0,-99.989998,2.4000001
1550.56,0.15662222222222222,0.0008397278260869566,28,0,0.0,0.0,0.0,0.0,0.0,-99.989998,2.4000001
1553.1,0.0995576923076923,0.0008594000000000001,32,1,0.0,0.0,0.0,0.0,0.0,0.27997601,47.8500005
1553.1,0.10493918918918918,0.0008594000000000001,32,0,0.0,0.0,0.0,0.0,0.0,0.304609,25.75
1553.1,0.10423489932885906,0.0008594000000000001,32,0,0.0,0.0,0.0,0.0,0.0,0.298902,28.1
1553.1,0.09706875,0.001532726224489796,368,1,0.0,0.0,0.0,0.0,0.0,0.26749301,147.0
1596.72,0.106448,0.00085295,30,1,0.0,0.0,0.0,0.0,0.0,0.28576401,112.2
1596.72,0.11244507042253521,0.00085295,30,0,0.0,0.0,0.0,0.0,0.0,0.33579201,7.9499998
1596.72,0.11011862068965518,0.00085295,30,0,0.0,0.0,0.0,0.0,0.0,0.316921,10.4000001
1596.72,0.10042264150943396,0.00085295,30,0,0.0,0.0,0.0,0.0,0.0,0.274021,47.1999985
1596.72,0.09392470588235294,0.0012182233333333334,93,0,0.0,0.0,0.0,0.0,0.0,0.246696,143.900005
1596.72,0.10235384615384616,0.0014079861538461539,184,1,0.0,0.0,0.0,0.0,0.0,0.26346299,137.450005
1596.72,0.099795,0.0015685574489795917,366,1,0.0,0.0,0.0,0.0,0.0,0.267115,169.550005
1607.42,0.10109559748427674,0.0008800604347826087,29,1,0.0,0.0,0.0,0.0,0.0,0.28944299,60.799999
1607.42,0.10046375,0.0008800604347826087,29,1,0.0,0.0,0.0,0.0,0.0,0.280525,54.0
1607.42,0.10109559748427674,0.0008800604347826087,29,0,0.0,0.0,0.0,0.0,0.0,0.27117899,40.8500005
1607.42,0.10046375,0.0008800604347826087,29,0,0.0,0.0,0.0,0.0,0.0,0.26798999,45.049999
1607.42,0.10370451612903227,0.0012648944444444443,92,0,0.0,0.0,0.0,0.0,0.0,0.26949799,59.3000015
1592.88,0.09425325443786983,0.0008376499999999999,28,1,0.0,0.0,0.0,0.0,0.0,0.27082601,15.1000005
1585.16,0.10783401360544219,0.0014530603296703296,179,0,0.0,0.0,0.0,0.0,0.0,0.28358099,71.450001
1585.16,0.09907250000000001,0.0015797955102040816,361,1,0.0,0.0,0.0,0.0,0.0,0.27700901,168.25
1643.07,0.102691875,0.0015803287755102042,360,1,0.0,0.0,0.0,0.0,0.0,0.276104,200.39999
1683.76,0.0984654970760234,0.0008579157142857142,30,1,0.0,0.0,0.0,0.0,0.0,0.228256,32.4499985
1683.76,0.09789302325581395,0.0008579157142857142,30,1,0.0,0.0,0.0,0.0,0.0,0.222684,27.6499995
1697.99,0.1035359756097561,0.0009005253571428572,29,0,0.0,0.0,0.0,0.0,0.0,0.25019699,23.5
1697.99,0.10290848484848485,0.0009005253571428572,29,0,0.0,0.0,0.0,0.0,0.0,0.24735001,26.4000005
1674.08,0.10662929936305732,0.00087116,32,0,0.0,0.0,0.0,0.0,0.0,0.242937,11.850000099999999
1674.08,0.10595443037974683,0.00087116,32,0,0.0,0.0,0.0,0.0,0.0,0.24053299,13.600000000000001
1758.49,0.10048514285714286,0.0009065257142857143,32,1,0.0,0.0,0.0,0.0,0.0,0.209958,47.9499985
1769.05,0.10108857142857143,0.0008917214285714286,30,1,0.0,0.0,0.0,0.0,0.0,0.20474599,51.25
1807.68,0.103296,0.0009156442857142857,29,1,0.0,0.0,0.0,0.0,0.0,0.21216699,77.4500005
1807.68,0.09718709677419356,0.0009156442857142857,29,1,0.0,0.0,0.0,0.0,0.0,0.20226599,20.6999995
1832.89,0.10473657142857143,0.0009049471428571428,28,1,0.0,0.0,0.0,0.0,0.0,0.245169,100.900001
1832.89,0.11455562500000001,0.0009049471428571428,28,0,0.0,0.0,0.0,0.0,0.0,0.24394201,0.95
1832.89,0.10015792349726776,0.0009049471428571428,28,0,0.0,0.0,0.0,0.0,0.0,0.193654,37.700001
1832.89,0.10297134831460675,0.0015143544444444442,91,0,0.0,0.0,0.0,0.0,0.0,0.231782,59.299999
1886.23,0.1003313829787234,0.0008920760869565217,28,1,0.0,0.0,0.0,0.0,0.0,0.288993,63.3499985
1911.84,0.10115555555555555,0.0009837,32,1,0.0,0.0,0.0,0.0,0.0,0.293118,76.5
1911.84,0.11949,0.0009837,32,0,0.0,0.0,0.0,0.0,0.0,0.36333999,3.9
1911.84,0.1033427027027027,0.0009837,32,0,0.0,0.0,0.0,0.0,0.0,0.29949999,40.6499995
1911.84,0.10278709677419354,0.0009837,32,0,0.0,0.0,0.0,0.0,0.0,0.29753301,44.1000005
1911.84,0.2451076923076923,0.0009837,32,0,0.0,0.0,0.0,0.0,0.0,1.237787,1.04999995
1911.28,0.095564,0.0009610100000000001,31,1,0.0,0.0,0.0,0.0,0.0,0.28682101,30.25
1911.28,0.11945499999999999,0.0009610100000000001,31,0,0.0,0.0,0.0,0.0,0.0,0.351623,3.0
1911.28,0.11583515151515152,0.0009610100000000001,31,0,0.0,0.0,0.0,0.0,0.0,0.338718,5.25
1911.28,0.10618222222222222,0.0009610100000000001,31,0,0.0,0.0,0.0,0.0,0.0,0.30369601,24.3
1893.84,0.11477818181818181,0.0009539555555555555,30,0,0.0,0.0,0.0,0.0,0.0,0.338521,6.0
1875.85,0.24682236842105262,0.0009747566666666665,29,0,0.0,0.0,0.0,0.0,0.0,-99.989998,2.4000001
1859.68,0.10812093023255814,0.0009897322222222223,28,0,0.0,0.0,0.0,0.0,0.0,0.31626299,15.9499995
1859.68,0.10749595375722544,0.0009897322222222223,28,0,0.0,0.0,0.0,0.0,0.0,0.31819901,18.3000005
1863.0,0.14113636363636364,0.001273145,28,0,0.0,0.0,0.0,0.0,0.0,-99.989998,2.4000001
1863.0,0.13902985074626867,0.001273145,28,0,0.0,0.0,0.0,0.0,0.0,-99.989998,2.4000001
1988.86,0.09081552511415525,0.00515543,30,1,0.0,0.0,0.0,0.0,0.0,0.242939,5.60000005
1988.86,0.1400605633802817,0.00515543,30,0,0.0,0.0,0.0,0.0,0.0,-99.989998,2.3499999
1965.83,0.14245144927536232,0.005220414999999999,29,0,0.0,0.0,0.0,0.0,0.0,-99.989998,2.4000001
1965.83,0.1384387323943662,0.005220414999999999,29,0,0.0,0.0,0.0,0.0,0.0,-99.989998,2.4000001
2003.02,0.1451463768115942,0.005270146999999999,28,0,0.0,0.0,0.0,0.0,0.0,-99.989998,2.4000001
2003.02,0.14105774647887323,0.005270146999999999,28,0,0.0,0.0,0.0,0.0,0.0,0.495619,0.44999999
1986.1,0.08635217391304348,0.005302487333333333,32,1,0.0,0.0,0.0,0.0,0.0,-99.989998,2.04999995
1999.54,0.08693652173913044,0.005352714,31,1,0.0,0.0,0.0,0.0,0.0,0.26085201,2.125000045
1999.54,0.14385179856115107,0.005352714,31,0,0.0,0.0,0.0,0.0,0.0,-99.989998,2.4000001
1999.54,0.14081267605633802,0.005352714,31,0,0.0,0.0,0.0,0.0,0.0,-99.989998,2.4000001
1999.54,0.13789931034482758,0.005352714,31,0,0.0,0.0,0.0,0.0,0.0,-99.989998,2.4000001
1999.54,0.13695479452054793,0.005352714,31,0,0.0,0.0,0.0,0.0,0.0,-99.989998,2.4000001
1999.54,0.13510405405405404,0.005352714,31,0,0.0,0.0,0.0,0.0,0.0,0.436322,0.65
1999.54,0.13330266666666665,0.005352714,31,0,0.0,0.0,0.0,0.0,0.0,0.422815,0.7
1999.54,0.13068888888888888,0.005352714,31,0,0.0,0.0,0.0,0.0,0.0,0.40850499,0.875
1999.54,0.11047182320441988,0.005681117472527472,185,0,0.0,0.0,0.0,0.0,0.0,0.308175,86.6500015
2048.59,0.14128206896551726,0.00541117,30,0,0.0,0.0,0.0,0.0,0.0,-99.989998,2.4000001
2048.59,0.14031438356164386,0.00541117,30,0,0.0,0.0,0.0,0.0,0.0,0.50251001,0.775
2048.59,0.13841824324324326,0.00541117,30,0,0.0,0.0,0.0,0.0,0.0,-99.989998,2.4000001
2048.59,0.13657266666666668,0.00541117,30,0,0.0,0.0,0.0,0.0,0.0,-99.989998,2.4000001
2048.59,0.13389477124183008,0.00541117,30,0,0.0,0.0,0.0,0.0,0.0,-99.989998,2.4000001
2048.59,0.13477565789473686,0.0057192053846153845,184,0,0.0,0.0,0.0,0.0,0.0,0.36013001,26.3
2048.59,0.14632785714285715,0.00649239021978022,366,0,0.0,0.0,0.0,0.0,0.0,0.36578,45.75
2011.22,0.13408133333333333,0.0054624545,29,0,0.0,0.0,0.0,0.0,0.0,-99.989998,2.4000001
2011.22,0.1323171052631579,0.0054624545,29,0,0.0,0.0,0.0,0.0,0.0,-99.989998,2.3499999
2011.22,0.2646342105263158,0.0057540407692307696,183,0,0.0,0.0,0.0,0.0,0.0,-99.989998,2.4000001
1996.37,0.14362374100719424,0.005469854,28,0,0.0,0.0,0.0,0.0,0.0,-99.989998,2.4000001
1996.37,0.14259785714285714,0.005469854,28,0,0.0,0.0,0.0,0.0,0.0,-99.989998,2.4000001
1996.37,0.13863680555555555,0.005469854,28,0,0.0,0.0,0.0,0.0,0.0,-99.989998,1.9
1996.37,0.13309133333333334,0.005469854,28,0,0.0,0.0,0.0,0.0,0.0,0.44274399,0.7
1996.37,0.13134013157894736,0.005469854,28,0,0.0,0.0,0.0,0.0,0.0,0.45212999,1.125
1996.37,0.09738390243902438,0.0055479,91,1,0.0,0.0,0.0,0.0,0.0,0.293428,94.3999975
1996.37,0.24954625,0.0055479,91,0,0.0,0.0,0.0,0.0,0.0,-99.989998,2.4000001
1996.37,0.2772736111111111,0.005765320000000001,182,0,0.0,0.0,0.0,0.0,0.0,0.54218501,0.5250000005
1996.37,0.2626802631578947,0.005765320000000001,182,0,0.0,0.0,0.0,0.0,0.0,0.55574602,1.05
1996.37,0.24954625,0.005765320000000001,182,0,0.0,0.0,0.0,0.0,0.0,0.521882,0.950000005
1996.37,0.09981849999999999,0.006549400978260869,364,1,0.0,0.0,0.0,0.0,0.0,0.32353899,260.34999500000004
1996.37,0.07985479999999999,0.006549400978260869,364,1,0.0,0.0,0.0,0.0,0.0,0.30166399,91.25
1994.3,0.10072222222222221,0.005542979333333333,32,1,0.0,0.0,0.0,0.0,0.0,0.276559,72.7999995
1994.3,0.09275813953488372,0.005542979333333333,32,1,0.0,0.0,0.0,0.0,0.0,0.26876,15.4
1994.3,0.08486382978723404,0.005542979333333333,32,1,0.0,0.0,0.0,0.0,0.0,0.26526099,1.15
1994.3,0.08309583333333333,0.005542979333333333,32,1,0.0,0.0,0.0,0.0,0.0,0.27916601,0.8
1994.3,0.0814,0.005542979333333333,32,1,0.0,0.0,0.0,0.0,0.0,0.297499,0.65
1994.3,0.079772,0.005542979333333333,32,1,0.0,0.0,0.0,0.0,0.0,0.31599,0.55
1994.3,0.0782078431372549,0.005542979333333333,32,1,0.0,0.0,0.0,0.0,0.0,0.33610299,0.5
1994.3,0.07670384615384615,0.005542979333333333,32,1,0.0,0.0,0.0,0.0,0.0,-99.989998,2.4000001
1994.3,0.07525660377358491,0.005542979333333333,32,1,0.0,0.0,0.0,0.0,0.0,0.41996601,1.0999999950000001
1994.3,0.07386296296296296,0.005542979333333333,32,1,0.0,0.0,0.0,0.0,0.0,0.43077999,0.8749999900000001
1994.3,0.07252,0.005542979333333333,32,1,0.0,0.0,0.0,0.0,0.0,0.45151001,0.85000001
1994.3,0.11203932584269663,0.005542979333333333,32,0,0.0,0.0,0.0,0.0,0.0,0.32083601,10.0
1994.3,0.2769861111111111,0.005804495000000001,179,0,0.0,0.0,0.0,0.0,0.0,0.61900598,1.575000005
1994.3,0.2624078947368421,0.005804495000000001,179,0,0.0,0.0,0.0,0.0,0.0,-99.989998,1.59999995
1994.3,0.2492875,0.005804495000000001,179,0,0.0,0.0,0.0,0.0,0.0,0.56640297,1.74999994
1990.37,0.09569086538461538,0.0055909946666666665,31,1,0.0,0.0,0.0,0.0,0.0,0.24354801,23.8000005
1990.37,0.0947795238095238,0.0055909946666666665,31,1,0.0,0.0,0.0,0.0,0.0,0.242348,18.85
1990.37,0.0925753488372093,0.0055909946666666665,31,1,0.0,0.0,0.0,0.0,0.0,0.2423,10.2999999
1990.37,0.09047136363636363,0.0055909946666666665,31,1,0.0,0.0,0.0,0.0,0.0,0.245271,5.54999995
1990.37,0.08846088888888888,0.0055909946666666665,31,1,0.0,0.0,0.0,0.0,0.0,0.25390801,3.225
1990.37,0.08653782608695652,0.0055909946666666665,31,1,0.0,0.0,0.0,0.0,0.0,0.26461601,1.9749999599999999
1990.37,0.08469659574468084,0.0055909946666666665,31,1,0.0,0.0,0.0,0.0,0.0,-99.989998,2.4000001
1990.37,0.08293208333333332,0.0055909946666666665,31,1,0.0,0.0,0.0,0.0,0.0,-99.989998,2.4000001
1990.37,0.0812395918367347,0.0055909946666666665,31,1,0.0,0.0,0.0,0.0,0.0,0.341901,1.5
1990.37,0.0796148,0.0055909946666666665,31,1,0.0,0.0,0.0,0.0,0.0,-99.989998,2.4000001
1990.37,0.07805372549019607,0.0055909946666666665,31,1,0.0,0.0,0.0,0.0,0.0,0.35146901,0.6
1990.37,0.07655269230769231,0.0055909946666666665,31,1,0.0,0.0,0.0,0.0,0.0,-99.989998,2.4000001
1990.37,0.07510830188679245,0.0055909946666666665,31,1,0.0,0.0,0.0,0.0,0.0,0.42675,1.05000001
1990.37,0.0737174074074074,0.0055909946666666665,31,1,0.0,0.0,0.0,0.0,0.0,0.42665201,0.67500001
1990.37,0.0723770909090909,0.0055909946666666665,31,1,0.0,0.0,0.0,0.0,0.0,0.45791301,0.8
1990.37,0.13269133333333333,0.0055909946666666665,31,0,0.0,0.0,0.0,0.0,0.0,0.436993,0.9999999900000001
2024.16,0.09414697674418605,0.00568933,30,1,0.0,0.0,0.0,0.0,0.0,0.230514,13.600000000000001
2024.16,0.09200727272727273,0.00568933,30,1,0.0,0.0,0.0,0.0,0.0,0.232383,7.1500001
2024.16,0.08800695652173914,0.00568933,30,1,0.0,0.0,0.0,0.0,0.0,-99.989998,1.6
2024.16,0.08613446808510639,0.00568933,30,1,0.0,0.0,0.0,0.0,0.0,0.27450299,1.925
2024.16,0.08434,0.00568933,30,1,0.0,0.0,0.0,0.0,0.0,0.29983199,1.69999999
2024.16,0.08261877551020408,0.00568933,30,1,0.0,0.0,0.0,0.0,0.0,0.33260199,1.8000000049999998
2024.16,0.08096640000000001,0.00568933,30,1,0.0,0.0,0.0,0.0,0.0,0.38162199,2.5250001
2024.16,0.07937882352941177,0.00568933,30,1,0.0,0.0,0.0,0.0,0.0,0.35721001,0.974999995
2024.16,0.0763833962264151,0.00568933,30,1,0.0,0.0,0.0,0.0,0.0,0.40743899,0.97500001
2024.16,0.07496888888888889,0.00568933,30,1,0.0,0.0,0.0,0.0,0.0,0.41595,0.724999995
2024.16,0.07360581818181819,0.00568933,30,1,0.0,0.0,0.0,0.0,0.0,0.42704299,0.57499999
2024.16,0.14562302158273382,0.00568933,30,0,0.0,0.0,0.0,0.0,0.0,0.52423102,0.5
2024.16,0.13959724137931034,0.00568933,30,0,0.0,0.0,0.0,0.0,0.0,0.47057199,0.5
2024.16,0.12494814814814816,0.005896021666666667,177,0,0.0,0.0,0.0,0.0,0.0,0.33882201,38.5
2024.16,0.2891657142857143,0.005896021666666667,177,0,0.0,0.0,0.0,0.0,0.0,0.58338797,0.65
2014.5,0.10715425531914893,0.005596524,29,1,0.0,0.0,0.0,0.0,0.0,0.27667499,150.800005
2014.5,0.10174242424242425,0.005596524,29,1,0.0,0.0,0.0,0.0,0.0,0.23373599,72.0499995
2014.5,0.09369767441860465,0.005596524,29,1,0.0,0.0,0.0,0.0,0.0,0.208217,8.3499999
2014.5,0.09156818181818181,0.005596524,29,1,0.0,0.0,0.0,0.0,0.0,0.21171001,3.9499999
2014.5,0.08758695652173913,0.005596524,29,1,0.0,0.0,0.0,0.0,0.0,0.243365,1.5249999449999998
2014.5,0.13893103448275862,0.005596524,29,0,0.0,0.0,0.0,0.0,0.0,0.48565799,0.625
2014.5,0.1343,0.005596524,29,0,0.0,0.0,0.0,0.0,0.0,0.47696599,1.14999999
2047.06,0.09304818181818182,0.0056059533333333335,32,1,0.0,0.0,0.0,0.0,0.0,0.223175,9.80000005
2047.06,0.08900260869565217,0.0056059533333333335,32,1,0.0,0.0,0.0,0.0,0.0,0.242053,3.4000001
2047.06,0.13647066666666666,0.0056059533333333335,32,0,0.0,0.0,0.0,0.0,0.0,0.48098499,1.275
2059.94,0.13732933333333333,0.005547135333333333,31,0,0.0,0.0,0.0,0.0,0.0,0.50707799,1.475
2059.94,0.13376233766233767,0.005547135333333333,31,0,0.0,0.0,0.0,0.0,0.0,-99.989998,2.4000001
2104.04,0.09924716981132076,0.00543304,30,1,0.0,0.0,0.0,0.0,0.0,0.214568,44.6499995
2104.04,0.098781220657277,0.00543304,30,1,0.0,0.0,0.0,0.0,0.0,0.218629,41.3500005
2104.04,0.14026933333333333,0.00543304,30,0,0.0,0.0,0.0,0.0,0.0,0.52342898,1.1
2104.04,0.13487435897435898,0.00543304,30,0,0.0,0.0,0.0,0.0,0.0,-99.989998,2.2500001000000003
2104.04,0.1137318918918919,0.00543304,30,0,0.0,0.0,0.0,0.0,0.0,0.28542799,3.95000005
2104.04,0.10416039603960396,0.00543304,30,0,0.0,0.0,0.0,0.0,0.0,0.223432,20.75
2084.52,0.09063130434782608,0.005404338000000001,29,1,0.0,0.0,0.0,0.0,0.0,0.22992399,4.0500001
2084.52,0.13362307692307693,0.005404338000000001,29,0,0.0,0.0,0.0,0.0,0.0,-99.989998,2.4250001005
2084.52,0.10689846153846154,0.005404338000000001,29,0,0.0,0.0,0.0,0.0,0.0,0.24052399,11.6000005
2096.39,0.09529045454545454,0.005305936,28,1,0.0,0.0,0.0,0.0,0.0,0.21672601,15.4
2096.39,0.09114739130434782,0.005305936,28,1,0.0,0.0,0.0,0.0,0.0,0.23248801,4.7500001
2096.39,0.11210641711229946,0.005305936,28,0,0.0,0.0,0.0,0.0,0.0,0.28309,5.0
2096.39,0.11151010638297872,0.005305936,28,0,0.0,0.0,0.0,0.0,0.0,0.27906001,5.5000001
2080.25,0.11065159574468085,0.0051794960000000004,31,0,0.0,0.0,0.0,0.0,0.0,0.26945001,7.1500001
2034.03,0.11623028571428572,0.00506105,30,0,0.0,0.0,0.0,0.0,0.0,0.316883,3.45
2062.49,0.13306387096774192,0.0049990799999999995,29,0,0.0,0.0,0.0,0.0,0.0,0.42473999,0.6000000004999999
2062.49,0.11785657142857142,0.0049990799999999995,29,0,0.0,0.0,0.0,0.0,0.0,0.34143499,3.2499999400000004
2012.66,0.11839176470588236,0.004968884,32,0,0.0,0.0,0.0,0.0,0.0,0.37849301,6.0
2012.66,0.11500914285714287,0.004968884,32,0,0.0,0.0,0.0,0.0,0.0,0.357829,8.7000001
2000.98,0.11770470588235295,0.005053167666666667,31,0,0.0,0.0,0.0,0.0,0.0,0.34753501,4.1999999
2052.88,0.0908353982300885,0.0050801399999999995,30,1,0.0,0.0,0.0,0.0,0.0,0.23054001,4.6499998499999995
2052.88,0.13244387096774193,0.0050801399999999995,30,0,0.0,0.0,0.0,0.0,0.0,0.44231001,1.04999995
2052.88,0.1140488888888889,0.0050801399999999995,30,0,0.0,0.0,0.0,0.0,0.0,0.32025501,6.0
2048.4,0.13656000000000001,0.005003157499999999,29,0,0.0,0.0,0.0,0.0,0.0,0.56411999,2.674999995
2048.4,0.13476315789473683,0.005003157499999999,29,0,0.0,0.0,0.0,0.0,0.0,0.54660302,2.7749999450000002
2048.4,0.13301298701298703,0.005003157499999999,29,0,0.0,0.0,0.0,0.0,0.0,0.52589101,2.775000005
2048.4,0.1138,0.005003157499999999,29,0,0.0,0.0,0.0,0.0,0.0,0.32119399,6.14999985
2033.48,0.13556533333333334,0.004968546,28,0,0.0,0.0,0.0,0.0,0.0,-99.989998,2.4000001
2033.48,0.13378157894736842,0.004968546,28,0,0.0,0.0,0.0,0.0,0.0,-99.989998,2.4000001
2033.48,0.13204415584415585,0.004968546,28,0,0.0,0.0,0.0,0.0,0.0,-99.989998,2.4000001
1967.56,0.08943454545454545,0.005004603333333333,31,1,0.0,0.0,0.0,0.0,0.0,0.28182101,6.8000002
1967.56,0.0878375,0.005004603333333333,31,1,0.0,0.0,0.0,0.0,0.0,0.28422099,4.35
1967.56,0.10930888888888889,0.005004603333333333,31,0,0.0,0.0,0.0,0.0,0.0,0.31831101,15.75
1967.56,0.10194611398963731,0.005004603333333333,31,0,0.0,0.0,0.0,0.0,0.0,0.28591701,47.8500005
1967.56,0.10038571428571429,0.005004603333333333,31,0,0.0,0.0,0.0,0.0,0.0,0.28143501,60.700001
1967.56,0.09788855721393035,0.005004603333333333,31,0,0.0,0.0,0.0,0.0,0.0,0.27550799,87.349998
1945.89,0.08107875,0.0049742599999999994,30,1,0.0,0.0,0.0,0.0,0.0,0.31922701,0.75
1945.89,0.129726,0.0049742599999999994,30,0,0.0,0.0,0.0,0.0,0.0,0.40652701,0.875000005
1945.89,0.10241526315789475,0.0049742599999999994,30,0,0.0,0.0,0.0,0.0,0.0,0.27149701,39.25
1932.71,0.08785045454545455,0.0049082815,29,1,0.0,0.0,0.0,0.0,0.0,0.27419701,3.125
1932.71,0.10737277777777778,0.0049082815,29,0,0.0,0.0,0.0,0.0,0.0,0.30291501,17.9
1942.17,0.08828045454545455,0.00496391,28,1,0.0,0.0,0.0,0.0,0.0,0.31121299,5.95000005
1942.17,0.08092375,0.00496391,28,1,0.0,0.0,0.0,0.0,0.0,0.34618101,1.0
1942.17,0.10221947368421053,0.00496391,28,0,0.0,0.0,0.0,0.0,0.0,0.31654501,47.8999995
1972.13,0.13147533333333333,0.005031662,32,0,0.0,0.0,0.0,0.0,0.0,0.42768899,1.175
1972.13,0.1272341935483871,0.005031662,32,0,0.0,0.0,0.0,0.0,0.0,0.41227201,1.925000045
1972.13,0.12641858974358974,0.005031662,32,0,0.0,0.0,0.0,0.0,0.0,0.42061201,2.5
1930.94,0.12872933333333333,0.0050518429999999994,31,0,0.0,0.0,0.0,0.0,0.0,0.44892901,2.25
1930.94,0.11702666666666667,0.0050518429999999994,31,0,0.0,0.0,0.0,0.0,0.0,0.38626,7.3499999
1881.7,0.11404242424242425,0.005190719999999999,30,0,0.0,0.0,0.0,0.0,0.0,0.369551,9.5499999
1881.7,0.11068823529411764,0.005190719999999999,30,0,0.0,0.0,0.0,0.0,0.0,0.35621801,15.25
1907.73,0.1353,0.0052261964999999995,29,0,0.0,0.0,0.0,0.0,0.0,-99.989998,2.4000001
1907.73,0.1334076923076923,0.0052261964999999995,29,0,0.0,0.0,0.0,0.0,0.0,0.543302,2.9000001
1907.73,0.11562,0.0052261964999999995,29,0,0.0,0.0,0.0,0.0,0.0,0.394463,8.8000001
1907.73,0.11221941176470589,0.0052261964999999995,29,0,0.0,0.0,0.0,0.0,0.0,0.37147,12.8
1951.16,0.0780464,0.0053044979999999995,28,1,0.0,0.0,0.0,0.0,0.0,0.39920601,1.0
1951.16,0.13838014184397163,0.0053044979999999995,28,0,0.0,0.0,0.0,0.0,0.0,0.57998902,2.2
1986.35,0.1408758865248227,0.005318068666666667,32,0,0.0,0.0,0.0,0.0,0.0,-99.989998,2.4000001
2011.57,0.1436835714285714,0.005327080666666667,31,0,0.0,0.0,0.0,0.0,0.0,-99.989998,2.4000001
2064.18,0.12142235294117647,0.00529122,30,0,0.0,0.0,0.0,0.0,0.0,0.43413401,5.9000001
2030.17,0.14501214285714287,0.0053223739999999995,29,0,0.0,0.0,0.0,0.0,0.0,0.52689803,0.5
2030.17,0.11942176470588235,0.0053223739999999995,29,0,0.0,0.0,0.0,0.0,0.0,0.411924,5.95000005
2017.01,0.10962010869565217,0.005241099666666666,31,0,0.0,0.0,0.0,0.0,0.0,0.35735801,20.65
2005.31,0.0802124,0.00504201,30,1,0.0,0.0,0.0,0.0,0.0,0.36998299,1.550000005
1939.54,0.0775816,0.004919329500000001,29,1,0.0,0.0,0.0,0.0,0.0,-99.989998,2.4000001
1949.11,0.12994066666666665,0.00472727,28,0,0.0,0.0,0.0,0.0,0.0,0.50458902,2.799999905
1924.6,0.10023958333333333,0.0046969153333333334,32,1,0.0,0.0,0.0,0.0,0.0,0.38153899,89.2999995
1924.6,0.13747142857142858,0.0046969153333333334,32,0,0.0,0.0,0.0,0.0,0.0,-99.989998,2.6
1924.6,0.10129473684210526,0.0046969153333333334,32,0,0.0,0.0,0.0,0.0,0.0,0.37705499,73.0499995
1924.6,0.10076439790575915,0.0046969153333333334,32,0,0.0,0.0,0.0,0.0,0.0,0.373972,77.200001
1924.6,0.10023958333333333,0.0046969153333333334,32,0,0.0,0.0,0.0,0.0,0.0,0.37185401,81.75
1933.9,0.0920904761904762,0.004691629666666666,31,1,0.0,0.0,0.0,0.0,0.0,0.31497601,18.700001
1933.9,0.07735600000000001,0.004691629666666666,31,1,0.0,0.0,0.0,0.0,0.0,0.400172,1.2500000005
1927.47,0.09178428571428572,0.00469686,30,1,0.0,0.0,0.0,0.0,0.0,0.31922299,17.4
1927.47,0.0770988,0.00469686,30,1,0.0,0.0,0.0,0.0,0.0,0.41552401,1.3500000505
1893.11,0.09014809523809524,0.004694661,29,1,0.0,0.0,0.0,0.0,0.0,0.32171801,11.299999799999998
1920.01,0.12800066666666668,0.004671642,28,0,0.0,0.0,0.0,0.0,0.0,0.52436501,4.5
1850.9,0.12339333333333334,0.004816712,31,0,0.0,0.0,0.0,0.0,0.0,0.52401602,10.0
1850.9,0.11941290322580646,0.004816712,31,0,0.0,0.0,0.0,0.0,0.0,0.49524799,13.1499995
1794.28,0.07801217391304348,0.00487411,30,1,0.0,0.0,0.0,0.0,0.0,-99.989998,2.29999995
1794.28,0.07767445887445887,0.00487411,30,1,0.0,0.0,0.0,0.0,0.0,0.36584201,0.55000001
1794.28,0.07293821138211382,0.00487411,30,1,0.0,0.0,0.0,0.0,0.0,0.40720999,0.25
1794.28,0.11576,0.00487411,30,0,0.0,0.0,0.0,0.0,0.0,0.49094999,18.299999999999997
1794.28,0.10617041420118344,0.00487411,30,0,0.0,0.0,0.0,0.0,0.0,0.428399,43.549999
1794.77,0.07295813008130081,0.0048285985000000005,29,1,0.0,0.0,0.0,0.0,0.0,0.42924801,0.349999995
1794.77,0.07236975806451613,0.0048285985000000005,29,1,0.0,0.0,0.0,0.0,0.0,-99.989998,2.4000001
1794.77,0.12819785714285714,0.0048285985000000005,29,0,0.0,0.0,0.0,0.0,0.0,0.53988302,5.29999995
1794.77,0.11965133333333333,0.0048285985000000005,29,0,0.0,0.0,0.0,0.0,0.0,0.50751603,11.9999999
1864.63,0.13318785714285716,0.0047770469999999995,28,0,0.0,0.0,0.0,0.0,0.0,0.58206999,3.9000001
1864.63,0.116539375,0.0047770469999999995,28,0,0.0,0.0,0.0,0.0,0.0,0.4526,11.55000005
1863.39,0.07605673469387755,0.0048810906666666674,32,1,0.0,0.0,0.0,0.0,0.0,-99.989998,2.4000001
1863.39,0.07453560000000001,0.0048810906666666674,32,1,0.0,0.0,0.0,0.0,0.0,-99.989998,2.4000001
1817.06,0.07900260869565218,0.004928492333333334,31,1,0.0,0.0,0.0,0.0,0.0,-99.989998,2.20000005
1878.77,0.08462927927927928,0.00489684,30,1,0.0,0.0,0.0,0.0,0.0,0.33690399,3.4000001
1878.77,0.08168565217391305,0.00489684,30,1,0.0,0.0,0.0,0.0,0.0,-99.989998,2.4000001
1849.12,0.105664,0.004887048333333334,31,0,0.0,0.0,0.0,0.0,0.0,0.40905699,45.049999
1884.56,0.13461142857142858,0.00484426,30,0,0.0,0.0,0.0,0.0,0.0,-99.989998,1.95000005
1884.56,0.1299696551724138,0.00484426,30,0,0.0,0.0,0.0,0.0,0.0,0.49057901,2.799999905
1884.56,0.117785,0.00484426,30,0,0.0,0.0,0.0,0.0,0.0,0.42973799,9.09999995
1867.9,0.11674375000000001,0.004780943,29,0,0.0,0.0,0.0,0.0,0.0,0.43971899,10.85
1864.59,0.08879,0.004699671999999999,28,1,0.0,0.0,0.0,0.0,0.0,0.34353301,9.60000005
1864.59,0.116536875,0.004699671999999999,28,0,0.0,0.0,0.0,0.0,0.0,0.448634,11.19999995
1869.23,0.0989010582010582,0.004768587,31,1,0.0,0.0,0.0,0.0,0.0,0.361303,68.5
1869.23,0.09838052631578947,0.004768587,31,1,0.0,0.0,0.0,0.0,0.0,0.358091,63.5499995
1869.23,0.1625417391304348,0.004768587,31,0,0.0,0.0,0.0,0.0,0.0,-99.989998,2.4000001
1869.23,0.15840932203389832,0.004768587,31,0,0.0,0.0,0.0,0.0,0.0,-99.989998,2.4000001
1869.23,0.12059548387096775,0.004768587,31,0,0.0,0.0,0.0,0.0,0.0,0.47009301,9.2499999
1923.94,0.10126,0.004722199999999999,30,1,0.0,0.0,0.0,0.0,0.0,0.35133401,89.75
1970.74,0.10595376344086022,0.004742506,29,1,0.0,0.0,0.0,0.0,0.0,0.33507499,140.25
1970.74,0.10427195767195767,0.004742506,29,1,0.0,0.0,0.0,0.0,0.0,0.32641101,118.05
1970.74,0.10054795918367347,0.004742506,29,1,0.0,0.0,0.0,0.0,0.0,0.31738499,75.3499985
1970.74,0.098537,0.004742506,29,1,0.0,0.0,0.0,0.0,0.0,0.31063601,55.450001
1970.74,0.09756138613861386,0.004742506,29,1,0.0,0.0,0.0,0.0,0.0,0.30719301,46.8500005
1970.74,0.08211416666666667,0.006409598709677419,93,1,0.0,0.0,0.0,0.0,0.0,0.30011699,15.15
1970.74,0.0788296,0.006409598709677419,93,1,0.0,0.0,0.0,0.0,0.0,0.30396,8.99999995
1970.74,0.10372315789473684,0.008604547802197804,184,1,0.0,0.0,0.0,0.0,0.0,0.32679099,220.599995
1945.3,0.10238421052631579,0.004735624,28,1,0.0,0.0,0.0,0.0,0.0,0.31604099,91.400002
1945.3,0.15945081967213115,0.004735624,28,0,0.0,0.0,0.0,0.0,0.0,0.66622603,0.525
1945.3,0.15438888888888888,0.004735624,28,0,0.0,0.0,0.0,0.0,0.0,-99.989998,2.4000001
1945.3,0.14963846153846153,0.004735624,28,0,0.0,0.0,0.0,0.0,0.0,0.72189498,2.60000009
1945.3,0.13699295774647888,0.004735624,28,0,0.0,0.0,0.0,0.0,0.0,0.60086501,3.1499999
1945.3,0.12968666666666667,0.004735624,28,0,0.0,0.0,0.0,0.0,0.0,0.52779698,3.7999998999999995
1945.3,0.11244508670520231,0.004735624,28,0,0.0,0.0,0.0,0.0,0.0,0.38294199,13.3499993
1945.3,0.10928651685393258,0.004735624,28,0,0.0,0.0,0.0,0.0,0.0,0.358358,18.950001
1938.69,0.129246,0.0048496753333333335,32,0,0.0,0.0,0.0,0.0,0.0,-99.989998,2.4500001
1938.69,0.1250767741935484,0.0048496753333333335,32,0,0.0,0.0,0.0,0.0,0.0,0.44104201,4.1000001
1938.69,0.121168125,0.0048496753333333335,32,0,0.0,0.0,0.0,0.0,0.0,0.41220999,5.4499999
2027.29,0.10086019900497513,0.004772271,28,0,0.0,0.0,0.0,0.0,0.0,0.27319399,53.200001
2019.54,0.09997722772277227,0.004920724666666667,32,0,0.0,0.0,0.0,0.0,0.0,0.26778001,64.549999
2041.53,0.127595625,0.005112322333333332,31,0,0.0,0.0,0.0,0.0,0.0,-99.989998,2.5000000499999997
2072.75,0.11204054054054054,0.0050845099999999996,30,0,0.0,0.0,0.0,0.0,0.0,0.33038199,10.3000001
2072.75,0.11143817204301075,0.0050845099999999996,30,0,0.0,0.0,0.0,0.0,0.0,0.33216,11.7999996
2190.56,0.08977704918032786,0.005122499,28,1,0.0,0.0,0.0,0.0,0.0,0.30119801,9.0
2190.56,0.08941061224489796,0.005122499,28,1,0.0,0.0,0.0,0.0,0.0,0.30939901,9.0
2164.6,0.10932323232323232,0.005298229999999999,29,0,0.0,0.0,0.0,0.0,0.0,0.30588001,13.7999996
2164.6,0.10877386934673366,0.005298229999999999,29,0,0.0,0.0,0.0,0.0,0.0,0.30712599,15.6499995
2174.65,0.10873250000000001,0.005521294666666666,32,1,0.0,0.0,0.0,0.0,0.0,0.32273301,195.799995
2174.65,0.09884772727272728,0.005521294666666666,32,1,0.0,0.0,0.0,0.0,0.0,0.277365,59.8500005
2174.65,0.09665111111111112,0.005521294666666666,32,1,0.0,0.0,0.0,0.0,0.0,0.27019399,39.3500005
2174.65,0.14306907894736842,0.005521294666666666,32,0,0.0,0.0,0.0,0.0,0.0,-99.989998,2.3499999
2174.65,0.14213398692810458,0.005521294666666666,32,0,0.0,0.0,0.0,0.0,0.0,-99.989998,2.4000001
2174.65,0.11038832487309645,0.005521294666666666,32,0,0.0,0.0,0.0,0.0,0.0,0.345359,18.700001
2174.65,0.10983080808080808,0.005521294666666666,32,0,0.0,0.0,0.0,0.0,0.0,0.33774599,19.3500005
2174.65,0.1071256157635468,0.005521294666666666,32,0,0.0,0.0,0.0,0.0,0.0,0.321464,27.3500005
2196.79,0.0998540909090909,0.005616690333333333,31,1,0.0,0.0,0.0,0.0,0.0,0.27546,69.300003
2196.79,0.10460904761904762,0.005616690333333333,31,0,0.0,0.0,0.0,0.0,0.0,0.29266301,34.3500005
2196.79,0.10386713947990543,0.005616690333333333,31,0,0.0,0.0,0.0,0.0,0.0,0.288665,38.3500005
2254.03,0.1024559090909091,0.005712040000000001,30,1,0.0,0.0,0.0,0.0,0.0,0.30087301,107.25
2254.03,0.10130471910112361,0.005712040000000001,30,1,0.0,0.0,0.0,0.0,0.0,0.294568,91.4000015
2254.03,0.0980013043478261,0.005712040000000001,30,1,0.0,0.0,0.0,0.0,0.0,0.27772,52.049999
2254.03,0.09391791666666667,0.005712040000000001,30,1,0.0,0.0,0.0,0.0,0.0,0.27048901,21.5500005
2254.03,0.09200122448979593,0.005712040000000001,30,1,0.0,0.0,0.0,0.0,0.0,0.265634,12.55
2254.03,0.11559128205128207,0.005712040000000001,30,0,0.0,0.0,0.0,0.0,0.0,0.36133,7.89999985
2254.03,0.0834825925925926,0.012460345164835164,184,1,0.0,0.0,0.0,0.0,0.0,0.280853,51.5
2254.03,0.2504477777777778,0.012460345164835164,184,0,0.0,0.0,0.0,0.0,0.0,-99.989998,2.4500001
2233.31,0.1015140909090909,0.0058203989999999995,29,1,0.0,0.0,0.0,0.0,0.0,0.29936799,93.0
2160.27,0.0729820945945946,0.0058103799999999995,28,1,0.0,0.0,0.0,0.0,0.0,-99.989998,2.4000001
2160.27,0.072009,0.0058103799999999995,28,1,0.0,0.0,0.0,0.0,0.0,0.47834301,0.725
2160.27,0.120015,0.0058103799999999995,28,0,0.0,0.0,0.0,0.0,0.0,0.42621401,6.0999999
2160.27,0.1021404255319149,0.0058103799999999995,28,0,0.0,0.0,0.0,0.0,0.0,0.31859601,54.5
2160.27,0.1018995283018868,0.0058103799999999995,28,0,0.0,0.0,0.0,0.0,0.0,0.31802201,56.5
2160.27,0.09955161290322581,0.0058103799999999995,28,0,0.0,0.0,0.0,0.0,0.0,0.30772799,78.25
2195.68,0.12198222222222221,0.006133893333333334,32,0,0.0,0.0,0.0,0.0,0.0,0.498705,12.0000002
2195.68,0.11202448979591836,0.006133893333333334,32,0,0.0,0.0,0.0,0.0,0.0,0.42020801,25.0999995
2195.68,0.11145583756345177,0.006133893333333334,32,0,0.0,0.0,0.0,0.0,0.0,0.415869,26.4000005
2195.68,0.21956799999999999,0.012937161,179,0,0.0,0.0,0.0,0.0,0.0,-99.989998,2.5000000499999997
2195.68,0.2152627450980392,0.012937161,179,0,0.0,0.0,0.0,0.0,0.0,0.51259702,2.9500001100000004
2195.94,0.23868913043478263,0.013115420666666665,178,0,0.0,0.0,0.0,0.0,0.0,-99.989998,2.4000001
2181.34,0.20578679245283021,0.01328442833333333,177,0,0.0,0.0,0.0,0.0,0.0,0.505,3.69999995
2181.34,0.15361549295774649,0.01328442833333333,177,0,0.0,0.0,0.0,0.0,0.0,0.443638,19.299999
1976.29,0.15202230769230768,0.0069381596666666665,31,0,0.0,0.0,0.0,0.0,0.0,-99.989998,2.3499999
1976.29,0.14116357142857142,0.0069381596666666665,31,0,0.0,0.0,0.0,0.0,0.0,0.61953098,3.199999955
2054.58,0.15804461538461537,0.00707665,30,0,0.0,0.0,0.0,0.0,0.0,-99.989998,2.4000001
2054.58,0.14675571428571427,0.00707665,30,0,0.0,0.0,0.0,0.0,0.0,-99.989998,2.4000001
1973.09,0.15177615384615384,0.007168839999999999,29,0,0.0,0.0,0.0,0.0,0.0,-99.989998,2.4000001
1973.09,0.14724552238805969,0.007168839999999999,29,0,0.0,0.0,0.0,0.0,0.0,-99.989998,2.4000001
1973.09,0.140935,0.007168839999999999,29,0,0.0,0.0,0.0,0.0,0.0,0.65094399,3.6
2000.0,0.15384615384615385,0.007235415,28,0,0.0,0.0,0.0,0.0,0.0,-99.989998,2.3499999
1951.66,0.06970214285714287,0.0075918393333333336,32,1,0.0,0.0,0.0,0.0,0.0,-99.989998,2.4000001
1951.66,0.15012769230769232,0.0075918393333333336,32,0,0.0,0.0,0.0,0.0,0.0,-99.989998,2.4000001
1950.89,0.07225518518518519,0.007695501333333334,31,1,0.0,0.0,0.0,0.0,0.0,-99.989998,2.5000001000000003
1930.98,0.07151777777777778,0.007805149999999999,30,1,0.0,0.0,0.0,0.0,0.0,-99.989998,2.3499999
2001.11,0.1493365671641791,0.008085463000000001,28,0,0.0,0.0,0.0,0.0,0.0,-99.989998,2.3499999
2023.49,0.15100671641791044,0.008518550666666666,32,0,0.0,0.0,0.0,0.0,0.0,0.69441003,2.799999905
1839.62,0.09017745098039215,0.00875826,30,1,0.0,0.0,0.0,0.0,0.0,0.42723501,26.25
1839.62,0.0836190909090909,0.00875826,30,1,0.0,0.0,0.0,0.0,0.0,0.404342,6.1500001
1839.62,0.07828170212765957,0.00875826,30,1,0.0,0.0,0.0,0.0,0.0,0.39943501,1.375
1839.62,0.14150923076923075,0.00875826,30,0,0.0,0.0,0.0,0.0,0.0,0.65482199,3.65
1839.62,0.0989043010752688,0.00875826,30,0,0.0,0.0,0.0,0.0,0.0,0.47763401,111.6
1839.62,0.09785212765957446,0.00875826,30,0,0.0,0.0,0.0,0.0,0.0,0.47384101,122.3
1889.39,0.08397288888888889,0.008867362,29,1,0.0,0.0,0.0,0.0,0.0,0.42724201,8.2
1771.68,0.09953258426966292,0.008971848,28,1,0.0,0.0,0.0,0.0,0.0,0.48907301,91.199997
1771.68,0.0843657142857143,0.008971848,28,1,0.0,0.0,0.0,0.0,0.0,0.41268399,6.5500002
1771.68,0.07874133333333333,0.008971848,28,1,0.0,0.0,0.0,0.0,0.0,-99.989998,2.525000055
1771.68,0.07702956521739131,0.008971848,28,1,0.0,0.0,0.0,0.0,0.0,0.447864,1.575000005
1771.68,0.13628307692307692,0.008971848,28,0,0.0,0.0,0.0,0.0,0.0,0.67029899,5.60000005
1771.68,0.13123555555555555,0.008971848,28,0,0.0,0.0,0.0,0.0,0.0,0.65253597,8.14999995
1771.68,0.10737454545454546,0.008971848,28,0,0.0,0.0,0.0,0.0,0.0,0.53879201,52.5500015
1771.68,0.09953258426966292,0.008971848,28,0,0.0,0.0,0.0,0.0,0.0,0.489503,100.7
1771.68,0.09897653631284917,0.008971848,28,0,0.0,0.0,0.0,0.0,0.0,0.48616999,105.55000000000001
1771.68,0.08858400000000001,0.008971848,28,0,0.0,0.0,0.0,0.0,0.0,0.42998099,247.150005
1805.22,0.09026100000000001,0.009356040666666668,32,1,0.0,0.0,0.0,0.0,0.0,0.45522201,33.299999
1805.22,0.07848782608695652,0.009356040666666668,32,1,0.0,0.0,0.0,0.0,0.0,-99.989998,2.625
1964.66,0.07276518518518518,0.0095352,30,1,0.0,0.0,0.0,0.0,0.0,0.39552999,0.200000005
1964.66,0.07016642857142857,0.0095352,30,1,0.0,0.0,0.0,0.0,0.0,0.435601,0.200000005
2028.96,0.10044356435643564,0.0096422845,29,0,0.0,0.0,0.0,0.0,0.0,0.34779799,74.049999
2055.39,0.08936478260869565,0.009743851,28,1,0.0,0.0,0.0,0.0,0.0,0.28422901,5.79999995
2059.65,0.082386,0.010114483666666667,31,1,0.0,0.0,0.0,0.0,0.0,0.36313999,3.099999995
2059.65,0.07628333333333334,0.010114483666666667,31,1,0.0,0.0,0.0,0.0,0.0,-99.989998,2.4000001
2035.11,0.07827346153846153,0.01023984,30,1,0.0,0.0,0.0,0.0,0.0,0.32856899,0.325000005
2035.11,0.07537444444444444,0.01023984,30,1,0.0,0.0,0.0,0.0,0.0,0.35495299,0.200000005
2061.3,0.07928076923076924,0.010349859999999999,29,1,0.0,0.0,0.0,0.0,0.0,-99.989998,2.4750001050000003
2061.3,0.07634444444444445,0.010349859999999999,29,1,0.0,0.0,0.0,0.0,0.0,-99.989998,2.4000001
2026.66,0.09426325581395349,0.010868302666666668,32,1,0.0,0.0,0.0,0.0,0.0,0.35347101,39.549999
2026.66,0.11580914285714286,0.010868302666666668,32,0,0.0,0.0,0.0,0.0,0.0,0.45742401,17.7999995
2026.66,0.10666631578947369,0.010868302666666668,32,0,0.0,0.0,0.0,0.0,0.0,0.40570301,43.3999995
2026.66,0.10032970297029703,0.010868302666666668,32,0,0.0,0.0,0.0,0.0,0.0,0.375577,85.549999
2026.66,0.09790628019323672,0.010868302666666668,32,0,0.0,0.0,0.0,0.0,0.0,0.37158501,112.15
2026.66,0.23030227272727274,0.010868302666666668,32,0,0.0,0.0,0.0,0.0,0.0,0.990237,0.25
2033.58,0.17683304347826087,0.010960106999999998,31,0,0.0,0.0,0.0,0.0,0.0,-99.989998,2.4000001
2033.58,0.17530862068965516,0.010960106999999998,31,0,0.0,0.0,0.0,0.0,0.0,-99.989998,2.4000001
2033.58,0.1738102564102564,0.010960106999999998,31,0,0.0,0.0,0.0,0.0,0.0,-99.989998,2.4000001
2033.58,0.1723372881355932,0.010960106999999998,31,0,0.0,0.0,0.0,0.0,0.0,-99.989998,2.4000001
2033.58,0.11297666666666666,0.010960106999999998,31,0,0.0,0.0,0.0,0.0,0.0,0.430839,20.8
2033.58,0.11112459016393442,0.010960106999999998,31,0,0.0,0.0,0.0,0.0,0.0,0.418991,24.8999995
2033.58,0.10375408163265305,0.010960106999999998,31,0,0.0,0.0,0.0,0.0,0.0,0.379035,55.3500005
2033.58,0.10322741116751269,0.010960106999999998,31,0,0.0,0.0,0.0,0.0,0.0,0.375395,58.5
2033.58,0.059811176470588236,0.01942175065934066,185,1,0.0,0.0,0.0,0.0,0.0,-99.989998,1.8
2013.81,0.19363557692307692,0.011105190000000001,30,0,0.0,0.0,0.0,0.0,0.0,-99.989998,2.4000001
2013.81,0.18820654205607476,0.011105190000000001,30,0,0.0,0.0,0.0,0.0,0.0,-99.989998,2.4000001
2013.81,0.17821327433628317,0.011105190000000001,30,0,0.0,0.0,0.0,0.0,0.0,-99.989998,2.4000001
2013.81,0.17511391304347826,0.011105190000000001,30,0,0.0,0.0,0.0,0.0,0.0,0.75655198,0.5
2013.81,0.1736043103448276,0.011105190000000001,30,0,0.0,0.0,0.0,0.0,0.0,-99.989998,2.4000001
2013.81,0.17212051282051283,0.011105190000000001,30,0,0.0,0.0,0.0,0.0,0.0,-99.989998,2.4000001
2013.81,0.17066186440677966,0.011105190000000001,30,0,0.0,0.0,0.0,0.0,0.0,-99.989998,2.4000001
2013.81,0.09589571428571428,0.014950978064516129,93,1,0.0,0.0,0.0,0.0,0.0,0.32350701,98.0999985
2013.81,0.25172625,0.014950978064516129,93,0,0.0,0.0,0.0,0.0,0.0,-99.989998,2.4000001
2001.16,0.09906732673267327,0.0112833005,29,1,0.0,0.0,0.0,0.0,0.0,0.370058,74.3499985
2001.16,0.09096181818181819,0.0112833005,29,1,0.0,0.0,0.0,0.0,0.0,0.33372599,16.15
2001.16,0.08700695652173913,0.0112833005,29,1,0.0,0.0,0.0,0.0,0.0,0.33171499,5.999999900000001
2001.16,0.11771529411764706,0.0112833005,29,0,0.0,0.0,0.0,0.0,0.0,0.47197801,13.05
2001.16,0.250145,0.015174727096774194,92,0,0.0,0.0,0.0,0.0,0.0,-99.989998,2.4000001
2001.16,0.2440439024390244,0.015174727096774194,92,0,0.0,0.0,0.0,0.0,0.0,-99.989998,2.4000001
2001.16,0.23823333333333335,0.015174727096774194,92,0,0.0,0.0,0.0,0.0,0.0,-99.989998,2.4000001
2001.16,0.23269302325581395,0.015174727096774194,92,0,0.0,0.0,0.0,0.0,0.0,-99.989998,2.4000001
1992.55,0.2554551282051282,0.015313769999999999,91,0,0.0,0.0,0.0,0.0,0.0,-99.989998,2.4000001
1992.55,0.24906875,0.015313769999999999,91,0,0.0,0.0,0.0,0.0,0.0,-99.989998,1.65
1992.55,0.24299390243902438,0.015313769999999999,91,0,0.0,0.0,0.0,0.0,0.0,-99.989998,2.4000001
1992.55,0.23169186046511628,0.015313769999999999,91,0,0.0,0.0,0.0,0.0,0.0,0.692702,1.07499999
1992.55,0.07663653846153846,0.02019657,182,1,0.0,0.0,0.0,0.0,0.0,0.308346,28.9499985
1992.55,0.058604411764705884,0.02019657,182,1,0.0,0.0,0.0,0.0,0.0,0.316708,1.85
2158.91,0.10480145631067961,0.012361899,28,0,0.0,0.0,0.0,0.0,0.0,0.338085,38.400002
2158.91,0.10429516908212559,0.012361899,28,0,0.0,0.0,0.0,0.0,0.0,0.33469701,41.0
2140.0,0.07133333333333333,0.013445990000000001,30,1,0.0,0.0,0.0,0.0,0.0,0.44872901,0.450000005
2182.37,0.07525413793103448,0.01513293,28,1,0.0,0.0,0.0,0.0,0.0,-99.989998,2.4000001
2182.37,0.07274566666666667,0.01513293,28,1,0.0,0.0,0.0,0.0,0.0,0.453868,0.6
2191.8,0.1079704433497537,0.017335014666666666,32,0,0.0,0.0,0.0,0.0,0.0,0.34385401,27.3
2191.8,0.10744117647058825,0.017335014666666666,32,0,0.0,0.0,0.0,0.0,0.0,0.346239,30.200001
2224.32,0.148288,0.017627751,31,0,0.0,0.0,0.0,0.0,0.0,-99.989998,2.4000001
2224.32,0.14633684210526318,0.017627751,31,0,0.0,0.0,0.0,0.0,0.0,-99.989998,2.4000001
2194.53,0.10500143540669857,0.01790748,30,0,0.0,0.0,0.0,0.0,0.0,0.315945,35.200001
2194.53,0.10450142857142858,0.01790748,30,0,0.0,0.0,0.0,0.0,0.0,0.30899799,36.8500005
2138.75,0.0921875,0.018200617500000002,29,1,0.0,0.0,0.0,0.0,0.0,0.27503201,13.55
2138.75,0.09179184549356223,0.018200617500000002,29,1,0.0,0.0,0.0,0.0,0.0,0.27367401,12.0000002
2138.75,0.14258333333333334,0.018200617500000002,29,0,0.0,0.0,0.0,0.0,0.0,0.50434899,0.5
2138.75,0.14070723684210526,0.018200617500000002,29,0,0.0,0.0,0.0,0.0,0.0,-99.989998,1.95000005
2138.75,0.1353639240506329,0.025983628021978022,183,0,0.0,0.0,0.0,0.0,0.0,0.40491301,35.8000015
2147.62,0.0976190909090909,0.018491926,28,1,0.0,0.0,0.0,0.0,0.0,0.282783,45.25
2147.62,0.09337478260869565,0.018491926,28,1,0.0,0.0,0.0,0.0,0.0,0.27149999,16.6
2147.62,0.08590479999999999,0.026174970000000002,182,1,0.0,0.0,0.0,0.0,0.0,0.29209599,70.75
2097.4,0.06991333333333334,0.019403281333333335,31,1,0.0,0.0,0.0,0.0,0.0,0.51032799,1.0250000005
2161.36,0.14409066666666667,0.02094171333333333,32,0,0.0,0.0,0.0,0.0,0.0,-99.989998,2.4000001
2153.92,0.14553513513513514,0.021208631000000002,31,0,0.0,0.0,0.0,0.0,0.0,-99.989998,2.4000001
2153.92,0.14359466666666668,0.021208631000000002,31,0,0.0,0.0,0.0,0.0,0.0,-99.989998,2.4000001
2285.96,0.06723411764705882,0.02384354066666667,32,1,0.0,0.0,0.0,0.0,0.0,0.44745001,0.150000005
2285.96,0.17317878787878788,0.02384354066666667,32,0,0.0,0.0,0.0,0.0,0.0,-99.989998,2.4000001
2285.96,0.16808529411764705,0.02384354066666667,32,0,0.0,0.0,0.0,0.0,0.0,-99.989998,2.4000001
2285.96,0.16685839416058396,0.02384354066666667,32,0,0.0,0.0,0.0,0.0,0.0,-99.989998,2.4000001
2285.96,0.15765241379310346,0.02384354066666667,32,0,0.0,0.0,0.0,0.0,0.0,0.64849102,1.0
2285.96,0.15550748299319728,0.02384354066666667,32,0,0.0,0.0,0.0,0.0,0.0,-99.989998,2.4000001
2329.52,0.09706333333333333,0.024041968333333334,31,1,0.0,0.0,0.0,0.0,0.0,0.239262,38.0500015
2329.52,0.0931808,0.024041968333333334,31,1,0.0,0.0,0.0,0.0,0.0,0.24190199,14.9
2329.52,0.09135372549019607,0.024041968333333334,31,1,0.0,0.0,0.0,0.0,0.0,0.24026,8.4000001
2329.52,0.08959692307692307,0.024041968333333334,31,1,0.0,0.0,0.0,0.0,0.0,0.25863701,6.3499999
2329.52,0.17003795620437956,0.024041968333333334,31,0,0.0,0.0,0.0,0.0,0.0,-99.989998,2.4000001
2329.52,0.15530133333333332,0.024041968333333334,31,0,0.0,0.0,0.0,0.0,0.0,0.588476,0.5
2329.52,0.12941777777777777,0.024041968333333334,31,0,0.0,0.0,0.0,0.0,0.0,0.448836,2.35
2329.52,0.10588727272727273,0.024041968333333334,31,0,0.0,0.0,0.0,0.0,0.0,0.27410799,24.0999995
2328.6,0.08956153846153846,0.02424563,30,1,0.0,0.0,0.0,0.0,0.0,0.248722,4.9250000499999995
2328.6,0.1411272727272727,0.02424563,30,0,0.0,0.0,0.0,0.0,0.0,-99.989998,2.4000001
2328.6,0.12936666666666666,0.02424563,30,0,0.0,0.0,0.0,0.0,0.0,0.45865899,2.45
2320.09,0.0987272340425532,0.0244986675,29,1,0.0,0.0,0.0,0.0,0.0,0.24646901,51.6000005
2320.09,0.19334083333333335,0.0244986675,29,0,0.0,0.0,0.0,0.0,0.0,-99.989998,2.4000001
2320.09,0.10087347826086958,0.0244986675,29,0,0.0,0.0,0.0,0.0,0.0,0.24561501,53.3999995
2332.09,0.10139521739130436,0.024721634000000003,28,1,0.0,0.0,0.0,0.0,0.0,0.25938699,84.049999
2332.09,0.09923787234042554,0.024721634000000003,28,1,0.0,0.0,0.0,0.0,0.0,0.25432599,57.549999
2332.09,0.12956055555555557,0.024721634000000003,28,0,0.0,0.0,0.0,0.0,0.0,0.45250699,1.8
2332.09,0.10897616822429908,0.024721634000000003,28,0,0.0,0.0,0.0,0.0,0.0,0.28596699,12.3499999
2332.09,0.1084693023255814,0.024721634000000003,28,0,0.0,0.0,0.0,0.0,0.0,0.294218,15.1000005
2332.09,0.10139521739130436,0.024721634000000003,28,0,0.0,0.0,0.0,0.0,0.0,0.259157,51.049999
2231.81,0.11215125628140703,0.02537866,30,0,0.0,0.0,0.0,0.0,0.0,0.392656,18.4000005
2220.38,0.10092636363636365,0.03302146131868132,186,1,0.0,0.0,0.0,0.0,0.0,0.31341299,225.099995
2133.01,0.13006158536585366,0.027421920000000002,30,0,0.0,0.0,0.0,0.0,0.0,0.50365901,3.69999995
2133.01,0.06563107692307693,0.030165491612903224,93,1,0.0,0.0,0.0,0.0,0.0,-99.989998,2.3499999
2133.01,0.06463666666666668,0.030165491612903224,93,1,0.0,0.0,0.0,0.0,0.0,-99.989998,2.4000001
2133.01,0.06367194029850747,0.030165491612903224,93,1,0.0,0.0,0.0,0.0,0.0,-99.989998,2.3499999
2144.94,0.06599815384615385,0.030389193548387098,92,1,0.0,0.0,0.0,0.0,0.0,-99.989998,2.3499999
2144.94,0.06499818181818182,0.030389193548387098,92,1,0.0,0.0,0.0,0.0,0.0,-99.989998,2.3499999
2144.94,0.06402805970149254,0.030389193548387098,92,1,0.0,0.0,0.0,0.0,0.0,-99.989998,2.3499999
2165.65,0.09843863636363637,0.03057535,91,1,0.0,0.0,0.0,0.0,0.0,0.331321,134.700005
2165.65,0.06663538461538462,0.03057535,91,1,0.0,0.0,0.0,0.0,0.0,-99.989998,2.3499999
2165.65,0.06562575757575757,0.03057535,91,1,0.0,0.0,0.0,0.0,0.0,-99.989998,2.3499999
2165.65,0.06464626865671642,0.03057535,91,1,0.0,0.0,0.0,0.0,0.0,-99.989998,2.3499999
2165.65,0.09843863636363637,0.03057535,91,0,0.0,0.0,0.0,0.0,0.0,0.32045901,149.099995
2097.59,0.09534500000000001,0.028171652,32,1,0.0,0.0,0.0,0.0,0.0,0.2809,32.9499985
2097.59,0.09119956521739131,0.028171652,32,1,0.0,0.0,0.0,0.0,0.0,0.27304301,11.94999945
2097.59,0.14367054794520548,0.028171652,32,0,0.0,0.0,0.0,0.0,0.0,0.62308002,2.8999999450000002
2131.47,0.06269029411764705,0.028317844333333335,31,1,0.0,0.0,0.0,0.0,0.0,0.48486999,0.05
2131.47,0.13321687499999998,0.028317844333333335,31,0,0.0,0.0,0.0,0.0,0.0,-99.989998,2.4000001
2131.47,0.13321687499999998,0.034316236,178,0,0.0,0.0,0.0,0.0,0.0,0.37886101,30.3500005
2104.02,0.09563727272727272,0.02845304,30,1,0.0,0.0,0.0,0.0,0.0,0.28366601,33.499999
2104.02,0.09228157894736842,0.02845304,30,1,0.0,0.0,0.0,0.0,0.0,0.29204801,17.35
2104.02,0.13662467532467532,0.02845304,30,0,0.0,0.0,0.0,0.0,0.0,0.49825099,1.25
2104.02,0.13487307692307693,0.02845304,30,0,0.0,0.0,0.0,0.0,0.0,-99.989998,2.3499999
2104.02,0.12376588235294117,0.02845304,30,0,0.0,0.0,0.0,0.0,0.0,0.41463801,3.099999995
2104.02,0.11954659090909091,0.02845304,30,0,0.0,0.0,0.0,0.0,0.0,0.391785,4.9000001
2104.02,0.10238540145985402,0.02845304,30,0,0.0,0.0,0.0,0.0,0.0,0.31064001,50.1499995
2104.02,0.1021368932038835,0.02845304,30,0,0.0,0.0,0.0,0.0,0.0,0.30019599,49.8000015
2104.02,0.09786139534883721,0.02845304,30,0,0.0,0.0,0.0,0.0,0.0,0.272845,89.25
2082.64,0.1335025641025641,0.0285700615,29,0,0.0,0.0,0.0,0.0,0.0,-99.989998,2.3999998999999996
2082.64,0.12250823529411764,0.0285700615,29,0,0.0,0.0,0.0,0.0,0.0,0.39692399,2.7500000950000003
2082.64,0.23140444444444444,0.0285700615,29,0,0.0,0.0,0.0,0.0,0.0,0.96447098,0.10000000549999999
2096.84,0.09096919739696313,0.028653710000000002,28,1,0.0,0.0,0.0,0.0,0.0,0.28655899,10.4999999
2096.84,0.08736833333333334,0.028653710000000002,28,1,0.0,0.0,0.0,0.0,0.0,0.265237,2.30000005
2096.84,0.13441282051282052,0.028653710000000002,28,0,0.0,0.0,0.0,0.0,0.0,-99.989998,1.95000005
2096.84,0.13105250000000002,0.028653710000000002,28,0,0.0,0.0,0.0,0.0,0.0,0.44838899,1.125
2096.84,0.11913863636363638,0.028653710000000002,28,0,0.0,0.0,0.0,0.0,0.0,0.40928301,5.5
2096.84,0.11649111111111111,0.028653710000000002,28,0,0.0,0.0,0.0,0.0,0.0,0.40086401,7.99999975
2093.68,0.130855,0.028956908666666666,32,0,0.0,0.0,0.0,0.0,0.0,0.48013499,2.799999905
2159.02,0.1401961038961039,0.0293377475,29,0,0.0,0.0,0.0,0.0,0.0,-99.989998,2.6
2141.93,0.0911459574468085,0.029417199999999998,28,1,0.0,0.0,0.0,0.0,0.0,0.299198,12.9500004
2205.03,0.08820120000000001,0.030055074,31,1,0.0,0.0,0.0,0.0,0.0,0.26694801,4.4000001
2205.03,0.1395588607594937,0.030055074,31,0,0.0,0.0,0.0,0.0,0.0,-99.989998,2.4000001
2205.03,0.13781437500000002,0.030055074,31,0,0.0,0.0,0.0,0.0,0.0,-99.989998,2.4000001
2205.03,0.11025150000000002,0.030055074,31,0,0.0,0.0,0.0,0.0,0.0,0.35943899,20.0
2245.45,0.15379794520547943,0.030260799999999997,30,0,0.0,0.0,0.0,0.0,0.0,-99.989998,2.4000001
2245.45,0.14211708860759492,0.030260799999999997,30,0,0.0,0.0,0.0,0.0,0.0,-99.989998,2.3499999
2233.54,0.0893416,0.030988494666666665,32,1,0.0,0.0,0.0,0.0,0.0,0.28918499,9.5
2233.54,0.08590538461538462,0.030988494666666665,32,1,0.0,0.0,0.0,0.0,0.0,0.286874,3.2499999400000004
2233.54,0.1413632911392405,0.030988494666666665,32,0,0.0,0.0,0.0,0.0,0.0,0.49560699,0.799999985
2233.54,0.12836436781609195,0.030988494666666665,32,0,0.0,0.0,0.0,0.0,0.0,0.44631299,2.799999905
2245.99,0.14215126582278478,0.03132996,30,0,0.0,0.0,0.0,0.0,0.0,0.62387699,3.0000001000000003
2282.76,0.08779846153846155,0.031508596,29,1,0.0,0.0,0.0,0.0,0.0,0.28482801,4.6500001
2282.76,0.13119310344827587,0.031508596,29,0,0.0,0.0,0.0,0.0,0.0,0.501185,2.799999905
2282.76,0.11646734693877552,0.031508596,29,0,0.0,0.0,0.0,0.0,0.0,0.42162901,11.34999995
2255.17,0.1127585,0.031631472,28,0,0.0,0.0,0.0,0.0,0.0,0.389934,14.6999998
2289.79,0.12310698924731182,0.03205844133333333,32,0,0.0,0.0,0.0,0.0,0.0,0.41373199,4.39999995
2306.86,0.10029826086956523,0.03216314133333333,31,1,0.0,0.0,0.0,0.0,0.0,0.306757,88.549999
2306.86,0.13257816091954025,0.03216314133333333,31,0,0.0,0.0,0.0,0.0,0.0,-99.989998,2.4000001
2306.86,0.115343,0.03216314133333333,31,0,0.0,0.0,0.0,0.0,0.0,0.39377099,12.0500001
2306.86,0.11476915422885572,0.03216314133333333,31,0,0.0,0.0,0.0,0.0,0.0,0.38843,12.6
2306.86,0.10298482142857143,0.03216314133333333,31,0,0.0,0.0,0.0,0.0,0.0,0.31797901,52.75
2306.86,0.10207345132743363,0.03216314133333333,31,0,0.0,0.0,0.0,0.0,0.0,0.314886,59.999998
2289.8,0.09955652173913045,0.032309489999999996,30,1,0.0,0.0,0.0,0.0,0.0,0.315146,80.550003
2289.8,0.091592,0.032309489999999996,30,1,0.0,0.0,0.0,0.0,0.0,0.290088,15.799999999999999
2289.8,0.1168265306122449,0.032309489999999996,30,0,0.0,0.0,0.0,0.0,0.0,0.37953001,7.49999975
2289.8,0.11392039800995026,0.032309489999999996,30,0,0.0,0.0,0.0,0.0,0.0,0.357326,10.05000005
2289.8,0.11169756097560976,0.032309489999999996,30,0,0.0,0.0,0.0,0.0,0.0,0.34930801,14.0000005
2289.8,0.22898000000000002,0.03548156161290322,93,0,0.0,0.0,0.0,0.0,0.0,0.69343603,1.45000005
2289.8,0.22017307692307694,0.03548156161290322,93,0,0.0,0.0,0.0,0.0,0.0,0.73146403,3.04999995
2258.83,0.12549055555555555,0.032370096,29,0,0.0,0.0,0.0,0.0,0.0,0.44293499,3.2499999400000004
2258.83,0.1129415,0.032370096,29,0,0.0,0.0,0.0,0.0,0.0,0.35905001,11.399999999999999
2258.83,0.11237960199004975,0.032370096,29,0,0.0,0.0,0.0,0.0,0.0,0.357842,12.5
2301.03,0.09587625000000001,0.032481091000000004,28,1,0.0,0.0,0.0,0.0,0.0,0.275455,34.349999
2301.03,0.0920412,0.032481091000000004,28,1,0.0,0.0,0.0,0.0,0.0,0.26289299,11.850000000000001
2301.03,0.23010300000000003,0.03578043,91,0,0.0,0.0,0.0,0.0,0.0,0.68325198,1.125
2301.03,0.22125288461538464,0.03578043,91,0,0.0,0.0,0.0,0.0,0.0,-99.989998,2.4000001
2407.52,0.10559298245614035,0.032827112666666665,32,1,0.0,0.0,0.0,0.0,0.0,0.33658701,175.0
2407.52,0.12943655913978494,0.032827112666666665,32,0,0.0,0.0,0.0,0.0,0.0,-99.989998,2.4000001
2439.89,0.12078663366336632,0.03287362433333333,31,0,0.0,0.0,0.0,0.0,0.0,0.397495,5.25
2521.77,0.09699115384615385,0.0327822865,29,1,0.0,0.0,0.0,0.0,0.0,0.27585301,48.6499995
2521.77,0.11621059907834101,0.0327822865,29,0,0.0,0.0,0.0,0.0,0.0,0.38358399,9.0
2521.77,0.10730936170212765,0.0327822865,29,0,0.0,0.0,0.0,0.0,0.0,0.31499201,24.9499995
2543.5,0.10053359683794466,0.032752873,28,1,0.0,0.0,0.0,0.0,0.0,0.28631699,90.450001
2543.5,0.09215579710144928,0.032752873,28,1,0.0,0.0,0.0,0.0,0.0,0.27259699,15.15
2543.5,0.09149280575539569,0.032752873,28,1,0.0,0.0,0.0,0.0,0.0,0.26801199,11.9000001
2532.88,0.09111079136690647,0.03300915333333333,32,1,0.0,0.0,0.0,0.0,0.0,0.270399,13.8000003
2478.46,0.10775913043478261,0.032942502,29,0,0.0,0.0,0.0,0.0,0.0,0.31210199,21.95
2505.01,0.09010827338129497,0.03345930133333333,32,1,0.0,0.0,0.0,0.0,0.0,0.29130101,13.4500001
2505.01,0.0863796551724138,0.03345930133333333,32,1,0.0,0.0,0.0,0.0,0.0,0.29087999,4.6
2505.01,0.143966091954023,0.03345930133333333,32,0,0.0,0.0,0.0,0.0,0.0,-99.989998,2.4000001
2495.6,0.14342528735632185,0.033537604,31,0,0.0,0.0,0.0,0.0,0.0,0.47970399,0.42500001
2464.89,0.1416603448275862,0.03367689,30,0,0.0,0.0,0.0,0.0,0.0,-99.989998,2.4000001
2408.99,0.08306862068965516,0.033995245,28,1,0.0,0.0,0.0,0.0,0.0,-99.989998,2.4000001
2408.99,0.13844770114942528,0.033995245,28,0,0.0,0.0,0.0,0.0,0.0,0.48822999,0.7
2446.88,0.09062518518518518,0.034528095333333335,32,1,0.0,0.0,0.0,0.0,0.0,0.30118501,16.65
2446.88,0.08738857142857143,0.034528095333333335,32,1,0.0,0.0,0.0,0.0,0.0,0.29496801,6.5500002
2446.88,0.08437517241379311,0.034528095333333335,32,1,0.0,0.0,0.0,0.0,0.0,0.29798001,2.6499999
2446.88,0.08156266666666667,0.034528095333333335,32,1,0.0,0.0,0.0,0.0,0.0,-99.989998,2.4500001
2446.88,0.12946455026455028,0.034528095333333335,32,0,0.0,0.0,0.0,0.0,0.0,0.46045101,3.099999995
2446.88,0.12234400000000001,0.034528095333333335,32,0,0.0,0.0,0.0,0.0,0.0,0.426146,6.14999985
2425.6,0.08085333333333333,0.034732994333333336,31,1,0.0,0.0,0.0,0.0,0.0,-99.989998,1.84999995
2425.6,0.24256,0.034732994333333336,31,0,0.0,0.0,0.0,0.0,0.0,1.067737,0.3
2425.6,0.12128,0.034732994333333336,31,0,0.0,0.0,0.0,0.0,0.0,0.458996,9.35
2450.51,0.24505100000000002,0.034942190000000005,30,0,0.0,0.0,0.0,0.0,0.0,0.97453803,0.075000005
2450.51,0.14942134146341465,0.034942190000000005,30,0,0.0,0.0,0.0,0.0,0.0,-99.989998,2.3499999
2450.51,0.10427702127659576,0.034942190000000005,30,0,0.0,0.0,0.0,0.0,0.0,0.35045999,52.4499985
2450.51,0.09961422764227643,0.034942190000000005,30,0,0.0,0.0,0.0,0.0,0.0,0.33394101,95.999999
2420.82,0.09310846153846154,0.035161673000000004,29,1,0.0,0.0,0.0,0.0,0.0,0.30540299,26.05
2420.82,0.09135169811320755,0.035161673000000004,29,1,0.0,0.0,0.0,0.0,0.0,0.30537,17.5
2420.82,0.08966,0.035161673000000004,29,1,0.0,0.0,0.0,0.0,0.0,0.310177,12.1
2420.82,0.08645785714285714,0.035161673000000004,29,1,0.0,0.0,0.0,0.0,0.0,0.320259,5.70000005
2420.82,0.08347655172413794,0.035161673000000004,29,1,0.0,0.0,0.0,0.0,0.0,0.34109899,3.199999955
2420.82,0.161388,0.035161673000000004,29,0,0.0,0.0,0.0,0.0,0.0,0.66176802,0.55000001
2420.82,0.12741157894736843,0.035161673000000004,29,0,0.0,0.0,0.0,0.0,0.0,0.50338,5.1999999500000005
2420.82,0.11003727272727273,0.035161673000000004,29,0,0.0,0.0,0.0,0.0,0.0,0.369358,22.2
2460.84,0.10044244897959184,0.035359263,28,1,0.0,0.0,0.0,0.0,0.0,0.305231,90.75
2460.84,0.09843360000000001,0.035359263,28,1,0.0,0.0,0.0,0.0,0.0,0.29641899,65.1499975
2460.84,0.08788714285714286,0.035359263,28,1,0.0,0.0,0.0,0.0,0.0,0.30161399,6.1
2460.84,0.164056,0.035359263,28,0,0.0,0.0,0.0,0.0,0.0,0.69570398,0.57499999
2460.84,0.1295178947368421,0.035359263,28,0,0.0,0.0,0.0,0.0,0.0,0.51724797,4.20000005
2460.84,0.11718285714285714,0.035359263,28,0,0.0,0.0,0.0,0.0,0.0,0.43048999,11.15000045
2460.84,0.10937066666666667,0.035359263,28,0,0.0,0.0,0.0,0.0,0.0,0.377123,25.75
2460.84,0.10699304347826087,0.035359263,28,0,0.0,0.0,0.0,0.0,0.0,0.355571,33.099999499999996
2460.84,0.10044244897959184,0.035359263,28,0,0.0,0.0,0.0,0.0,0.0,0.30741799,75.8999975
2460.84,0.2796409090909091,0.035359263,28,0,0.0,0.0,0.0,0.0,0.0,1.063949,0.0250000005
2501.0,0.09262962962962963,0.03590296666666667,32,1,0.0,0.0,0.0,0.0,0.0,0.28503299,23.1
2501.0,0.1190952380952381,0.03590296666666667,32,0,0.0,0.0,0.0,0.0,0.0,0.431005,10.90000005
2528.81,0.13595752688172041,0.036129403666666664,31,0,0.0,0.0,0.0,0.0,0.0,0.53376299,2.9000001
2516.58,0.08677862068965517,0.03640994,30,1,0.0,0.0,0.0,0.0,0.0,0.28854001,4.29999995
2516.58,0.083886,0.03640994,30,1,0.0,0.0,0.0,0.0,0.0,-99.989998,2.4000001
2516.58,0.11438999999999999,0.03640994,30,0,0.0,0.0,0.0,0.0,0.0,0.384377,13.2000004
2562.12,0.085404,0.036708575,28,1,0.0,0.0,0.0,0.0,0.0,-99.989998,2.5250001
2562.12,0.11646,0.036708575,28,0,0.0,0.0,0.0,0.0,0.0,0.42105001,11.79999995
2552.97,0.0911775,0.0380707365,29,1,0.0,0.0,0.0,0.0,0.0,0.290452,15.25
2571.59,0.10942936170212766,0.038259479,28,0,0.0,0.0,0.0,0.0,0.0,0.35521901,22.3499995
2526.92,0.12892448979591836,0.03868916533333333,32,0,0.0,0.0,0.0,0.0,0.0,-99.989998,2.4000001
2456.92,0.10028244897959183,0.03883348666666667,31,1,0.0,0.0,0.0,0.0,0.0,0.259294,79.3999975
2456.92,0.11589245283018869,0.03883348666666667,31,0,0.0,0.0,0.0,0.0,0.0,0.31939799,4.9000001
2456.92,0.10454978723404255,0.03883348666666667,31,0,0.0,0.0,0.0,0.0,0.0,0.277064,34.25
2455.26,0.10021469387755103,0.03894608,30,1,0.0,0.0,0.0,0.0,0.0,0.26642501,79.75
2455.26,0.08466413793103449,0.03894608,30,1,0.0,0.0,0.0,0.0,0.0,-99.989998,2.5250001
2455.26,0.12526836734693877,0.03894608,30,0,0.0,0.0,0.0,0.0,0.0,-99.989998,2.57500005
2488.9,0.11111160714285714,0.039135222500000004,29,0,0.0,0.0,0.0,0.0,0.0,0.309598,10.7000001
2454.99,0.12525459183673468,0.039363333,28,0,0.0,0.0,0.0,0.0,0.0,-99.989998,2.5000001000000003
2454.99,0.12398939393939393,0.039363333,28,0,0.0,0.0,0.0,0.0,0.0,-99.989998,2.5000001000000003
2454.99,0.11690428571428571,0.039363333,28,0,0.0,0.0,0.0,0.0,0.0,0.32411399,3.150000005
2454.99,0.11058513513513513,0.039363333,28,0,0.0,0.0,0.0,0.0,0.0,0.31065199,11.3
2454.99,0.10020367346938774,0.039363333,28,0,0.0,0.0,0.0,0.0,0.0,0.25890899,64.950001
2454.99,0.09979634146341462,0.039363333,28,0,0.0,0.0,0.0,0.0,0.0,0.25586501,69.1500015
2451.95,0.0984718875502008,0.03985696133333333,32,1,0.0,0.0,0.0,0.0,0.0,0.26382801,62.450001
2451.95,0.12259749999999998,0.03985696133333333,32,0,0.0,0.0,0.0,0.0,0.0,0.37819999,3.1500001
2451.95,0.12019362745098039,0.03985696133333333,32,0,0.0,0.0,0.0,0.0,0.0,0.35039401,3.2999998899999996
2451.95,0.1167595238095238,0.03985696133333333,32,0,0.0,0.0,0.0,0.0,0.0,0.34358999,5.99999975
2451.95,0.10216458333333332,0.03985696133333333,32,0,0.0,0.0,0.0,0.0,0.0,0.273431,52.5
2393.46,0.0957384,0.04667279186813187,185,1,0.0,0.0,0.0,0.0,0.0,0.28920001,175.099995
2393.46,0.0957384,0.04667279186813187,185,0,0.0,0.0,0.0,0.0,0.0,0.279852,224.599995
2360.47,0.08430249999999999,0.0400507,30,1,0.0,0.0,0.0,0.0,0.0,-99.989998,2.4750001050000003
2360.47,0.0813955172413793,0.0400507,30,1,0.0,0.0,0.0,0.0,0.0,-99.989998,2.4000001
2360.47,0.12043214285714285,0.0400507,30,0,0.0,0.0,0.0,0.0,0.0,-99.989998,2.57500005
2360.47,0.11802349999999999,0.0400507,30,0,0.0,0.0,0.0,0.0,0.0,0.336941,3.4000001
2358.5,0.11911616161616162,0.040036395,29,0,0.0,0.0,0.0,0.0,0.0,0.36092499,3.55000005
2358.5,0.117925,0.040036395,29,0,0.0,0.0,0.0,0.0,0.0,0.35194999,4.00000005
2358.5,0.10529017857142857,0.040036395,29,0,0.0,0.0,0.0,0.0,0.0,0.25973701,22.25
2358.5,0.08735185185185185,0.043202894516129034,92,1,0.0,0.0,0.0,0.0,0.0,0.261994,30.4499995
2358.5,0.22677884615384616,0.043202894516129034,92,0,0.0,0.0,0.0,0.0,0.0,0.614739,0.5250000005
2358.5,0.09827083333333334,0.043202894516129034,92,0,0.0,0.0,0.0,0.0,0.0,0.27271599,139.64999
2380.45,0.12145153061224488,0.039981982000000006,28,0,0.0,0.0,0.0,0.0,0.0,-99.989998,2.5000000499999997
2380.45,0.11902249999999999,0.039981982000000006,28,0,0.0,0.0,0.0,0.0,0.0,0.346324,2.650000055
2380.45,0.1133547619047619,0.039981982000000006,28,0,0.0,0.0,0.0,0.0,0.0,0.31198001,5.85
2380.45,0.09155576923076922,0.0467345,182,1,0.0,0.0,0.0,0.0,0.0,0.27458,120.700005
2380.45,0.07934833333333333,0.0467345,182,1,0.0,0.0,0.0,0.0,0.0,0.25800401,30.299999
2379.17,0.09516680000000001,0.040315618000000004,32,1,0.0,0.0,0.0,0.0,0.0,0.23271599,25.3
2379.17,0.19501393442622952,0.040315618000000004,32,0,0.0,0.0,0.0,0.0,0.0,0.87386698,0.6500000005
2379.17,0.11895850000000001,0.040315618000000004,32,0,0.0,0.0,0.0,0.0,0.0,0.33302701,3.1
2379.17,0.10344217391304349,0.040315618000000004,32,0,0.0,0.0,0.0,0.0,0.0,0.247881,33.650001
2379.17,0.10299437229437229,0.040315618000000004,32,0,0.0,0.0,0.0,0.0,0.0,0.244248,36.049999
2379.17,0.10211030042918455,0.040315618000000004,32,0,0.0,0.0,0.0,0.0,0.0,0.24072701,42.3500005
2379.17,0.10124127659574468,0.040315618000000004,32,0,0.0,0.0,0.0,0.0,0.0,0.23682299,49.3999995
2384.15,0.095366,0.04037791666666667,31,1,0.0,0.0,0.0,0.0,0.0,0.223643,23.6499995
2384.15,0.10365869565217392,0.04037791666666667,31,0,0.0,0.0,0.0,0.0,0.0,0.246876,31.0999995
2430.48,0.09348000000000001,0.04046806,30,1,0.0,0.0,0.0,0.0,0.0,0.206844,10.6000002
2430.48,0.12152400000000001,0.04046806,30,0,0.0,0.0,0.0,0.0,0.0,0.36173099,2.45000005
2430.48,0.2761909090909091,0.04046806,30,0,0.0,0.0,0.0,0.0,0.0,1.017907,0.0250000005
2430.48,0.0972192,0.04675753999999999,177,0,0.0,0.0,0.0,0.0,0.0,0.27608299,200.049995
2403.86,0.09245615384615385,0.040520731,29,1,0.0,0.0,0.0,0.0,0.0,0.230065,9.15
2435.52,0.09860404858299596,0.04138791366666667,31,1,0.0,0.0,0.0,0.0,0.0,0.231599,53.1499995
2355.88,0.06199684210526316,0.05099708846153846,367,1,0.0,0.0,0.0,0.0,0.0,0.222443,6.8499999
2344.93,0.11166333333333332,0.05098073021978022,366,1,0.0,0.0,0.0,0.0,0.0,0.29439101,465.15001
2327.54,0.06125105263157895,0.05096268,365,1,0.0,0.0,0.0,0.0,0.0,0.23054101,7.25
2326.61,0.1034048888888889,0.04091205,28,0,0.0,0.0,0.0,0.0,0.0,0.22441199,24.5500005
2543.51,0.09974549019607844,0.041461652,32,1,0.0,0.0,0.0,0.0,0.0,0.289,88.1500015
2543.51,0.24456826923076924,0.041461652,32,0,0.0,0.0,0.0,0.0,0.0,0.94028401,0.075000005
2543.51,0.09974549019607844,0.041461652,32,0,0.0,0.0,0.0,0.0,0.0,0.28301001,84.25
2543.51,0.0978273076923077,0.041461652,32,0,0.0,0.0,0.0,0.0,0.0,0.27265799,109.3
2546.27,0.09430629629629629,0.04146797666666667,31,1,0.0,0.0,0.0,0.0,0.0,0.265562,28.3500005
2546.27,0.09985372549019608,0.04146797666666667,31,0,0.0,0.0,0.0,0.0,0.0,0.269081,77.599998
2580.27,0.1290135,0.04148146,30,0,0.0,0.0,0.0,0.0,0.0,0.44847599,2.424999995
2580.27,0.09924115384615384,0.04148146,30,0,0.0,0.0,0.0,0.0,0.0,0.26288399,84.0
2571.35,0.09523518518518519,0.041471418,29,1,0.0,0.0,0.0,0.0,0.0,0.26552099,32.750001
2571.35,0.13533421052631578,0.041471418,29,0,0.0,0.0,0.0,0.0,0.0,0.434879,0.55
2605.62,0.10218117647058823,0.041338929,28,1,0.0,0.0,0.0,0.0,0.0,0.28058699,112.85
2605.62,0.2505403846153846,0.041338929,28,0,0.0,0.0,0.0,0.0,0.0,0.99670899,0.05
2486.54,0.09906533864541832,0.041585198999999996,31,1,0.0,0.0,0.0,0.0,0.0,0.22870401,59.25
2486.54,0.09828221343873518,0.041585198999999996,31,1,0.0,0.0,0.0,0.0,0.0,0.22479001,49.6000005
2391.17,0.13284277777777778,0.04333266266666667,32,0,0.0,0.0,0.0,0.0,0.0,0.393013,0.525
2391.17,0.1195585,0.04333266266666667,32,0,0.0,0.0,0.0,0.0,0.0,0.35536301,3.875
2394.95,0.09391960784313724,0.043346625333333326,31,1,0.0,0.0,0.0,0.0,0.0,0.20558099,12.65
2394.95,0.09211346153846153,0.043346625333333326,31,1,0.0,0.0,0.0,0.0,0.0,0.20838,7.00000025
2394.95,0.10412826086956521,0.043346625333333326,31,0,0.0,0.0,0.0,0.0,0.0,0.25536901,29.95
2349.3,0.08932699619771864,0.04336059,30,1,0.0,0.0,0.0,0.0,0.0,0.228407,3.199999955
2349.3,0.10678636363636365,0.049252955,177,0,0.0,0.0,0.0,0.0,0.0,0.27978501,94.5499995
2349.3,0.10630316742081448,0.049252955,177,0,0.0,0.0,0.0,0.0,0.0,0.27825499,97.3499985
2307.82,0.09820510638297873,0.043355498,29,1,0.0,0.0,0.0,0.0,0.0,0.24782801,49.1499995
2618.65,0.09662915129151292,0.04494880500000001,29,1,0.0,0.0,0.0,0.0,0.0,0.177174,21.8500005
2618.65,0.09627389705882353,0.04494880500000001,29,1,0.0,0.0,0.0,0.0,0.0,0.185688,21.3999995
2618.65,0.09592124542124543,0.04494880500000001,29,1,0.0,0.0,0.0,0.0,0.0,0.17712,17.1
2618.65,0.09557116788321168,0.04494880500000001,29,1,0.0,0.0,0.0,0.0,0.0,0.17685799,15.0
2665.41,0.10331046511627906,0.04527164066666667,32,0,0.0,0.0,0.0,0.0,0.0,0.210765,28.8999995
2665.41,0.10251576923076923,0.04527164066666667,32,0,0.0,0.0,0.0,0.0,0.0,0.2049,33.599999499999996
2701.84,0.11448474576271186,0.045430749500000006,29,0,0.0,0.0,0.0,0.0,0.0,0.25852901,2.024999945
2701.84,0.1080736,0.045430749500000006,29,0,0.0,0.0,0.0,0.0,0.0,0.224939,7.9000001
2701.84,0.10234242424242425,0.045430749500000006,29,0,0.0,0.0,0.0,0.0,0.0,0.203806,32.45
2681.41,0.12188227272727271,0.045438735,28,0,0.0,0.0,0.0,0.0,0.0,0.287094,0.349999995
2691.58,0.1047307392996109,0.04608704400000001,28,0,0.0,0.0,0.0,0.0,0.0,0.26209199,29.049999
2706.53,0.09666178571428573,0.04659115666666667,32,1,0.0,0.0,0.0,0.0,0.0,0.236375,42.549999
2673.46,0.09901703703703704,0.046613765333333335,31,1,0.0,0.0,0.0,0.0,0.0,0.25614601,72.1500015
2673.46,0.09901703703703704,0.046613765333333335,31,0,0.0,0.0,0.0,0.0,0.0,0.24430101,85.2999995
2679.55,0.10111509433962265,0.04661475,30,1,0.0,0.0,0.0,0.0,0.0,0.25934801,100.30000100000001
2679.55,0.0992425925925926,0.04661475,30,1,0.0,0.0,0.0,0.0,0.0,0.24726,70.9500005
2679.55,0.0992425925925926,0.04661475,30,0,0.0,0.0,0.0,0.0,0.0,0.23235901,77.3999975
2648.95,0.09810925925925926,0.04658769149999999,29,1,0.0,0.0,0.0,0.0,0.0,0.24508899,54.1499995
2648.95,0.09632545454545453,0.04658769149999999,29,1,0.0,0.0,0.0,0.0,0.0,0.243775,36.6000005
2648.95,0.09460535714285713,0.04658769149999999,29,1,0.0,0.0,0.0,0.0,0.0,0.231196,21.1499995
2648.95,0.0929456140350877,0.04658769149999999,29,1,0.0,0.0,0.0,0.0,0.0,0.223106,11.4999998
2648.95,0.09996037735849056,0.04658769149999999,29,0,0.0,0.0,0.0,0.0,0.0,0.25396299,72.5499995
2648.95,0.09810925925925926,0.04658769149999999,29,0,0.0,0.0,0.0,0.0,0.0,0.248053,98.6
2653.18,0.11535565217391304,0.046542183,28,0,0.0,0.0,0.0,0.0,0.0,0.32961699,5.20000005
2653.18,0.10204538461538461,0.046542183,28,0,0.0,0.0,0.0,0.0,0.0,0.26396799,49.6499995
2415.0,0.13879310344827586,0.051959944285714287,186,0,0.0,0.0,0.0,0.0,0.0,0.30184799,9.25000005
2415.0,0.13721590909090908,0.051959944285714287,186,0,0.0,0.0,0.0,0.0,0.0,0.30829701,11.65
2497.37,0.11351681818181818,0.05235088604395604,183,0,0.0,0.0,0.0,0.0,0.0,0.270843,54.8999995
2493.83,0.08906535714285714,0.05012926,91,1,0.0,0.0,0.0,0.0,0.0,0.184315,15.850000000000001
2493.83,0.08044612903225806,0.0524452,182,1,0.0,0.0,0.0,0.0,0.0,0.2106,19.0500005
2453.07,0.10438595744680852,0.04788478933333333,31,1,0.0,0.0,0.0,0.0,0.0,0.22162899,133.699995
2453.07,0.09812280000000001,0.04788478933333333,31,1,0.0,0.0,0.0,0.0,0.0,0.195925,39.799999
2453.07,0.09619882352941177,0.04788478933333333,31,1,0.0,0.0,0.0,0.0,0.0,0.195338,23.5999995
2453.07,0.09471312741312742,0.04788478933333333,31,1,0.0,0.0,0.0,0.0,0.0,0.198156,15.399999999999999
2453.07,0.09434884615384616,0.04788478933333333,31,1,0.0,0.0,0.0,0.0,0.0,0.192248,12.55
2453.07,0.09085444444444445,0.04788478933333333,31,1,0.0,0.0,0.0,0.0,0.0,0.211062,4.70000005
2453.07,0.08887934782608696,0.04788478933333333,31,1,0.0,0.0,0.0,0.0,0.0,-99.989998,1.79999995
2453.07,0.11150318181818182,0.04788478933333333,31,0,0.0,0.0,0.0,0.0,0.0,0.23497801,3.3000000500000004
2453.07,0.10902533333333334,0.04788478933333333,31,0,0.0,0.0,0.0,0.0,0.0,0.223731,5.79999995
2453.07,0.10665521739130436,0.04788478933333333,31,0,0.0,0.0,0.0,0.0,0.0,0.212924,10.1
2453.07,0.10438595744680852,0.04788478933333333,31,0,0.0,0.0,0.0,0.0,0.0,0.206249,18.0500005
2453.07,0.10221125,0.04788478933333333,31,0,0.0,0.0,0.0,0.0,0.0,0.197473,30.1000005
2453.07,0.10012530612244899,0.04788478933333333,31,0,0.0,0.0,0.0,0.0,0.0,0.190006,48.5
2453.07,0.09812280000000001,0.04788478933333333,31,0,0.0,0.0,0.0,0.0,0.0,0.183134,74.400002
2453.07,0.14098103448275864,0.052457126666666666,178,0,0.0,0.0,0.0,0.0,0.0,0.301236,6.95
2446.28,0.09984816326530613,0.04787625,30,1,0.0,0.0,0.0,0.0,0.0,0.19341899,57.049999
2446.28,0.09785120000000001,0.04787625,30,1,0.0,0.0,0.0,0.0,0.0,0.188444,34.099998
2446.28,0.09593254901960785,0.04787625,30,1,0.0,0.0,0.0,0.0,0.0,0.184957,18.6000005
2446.28,0.0955578125,0.04787625,30,1,0.0,0.0,0.0,0.0,0.0,0.185156,16.45
2446.28,0.09408769230769232,0.04787625,30,1,0.0,0.0,0.0,0.0,0.0,0.190651,10.55
2446.28,0.09127910447761195,0.04787625,30,1,0.0,0.0,0.0,0.0,0.0,0.19637699,3.75
2446.28,0.09026863468634687,0.04787625,30,1,0.0,0.0,0.0,0.0,0.0,0.215243,3.72499995
2446.28,0.10872355555555556,0.04787625,30,0,0.0,0.0,0.0,0.0,0.0,0.220551,5.6500001
2446.28,0.10636000000000001,0.04787625,30,0,0.0,0.0,0.0,0.0,0.0,0.212519,10.4500001
2438.63,0.0975452,0.0478835095,29,1,0.0,0.0,0.0,0.0,0.0,0.18049701,28.3000005
2438.63,0.09563254901960785,0.0478835095,29,1,0.0,0.0,0.0,0.0,0.0,0.181776,15.4
2438.63,0.09488832684824904,0.0478835095,29,1,0.0,0.0,0.0,0.0,0.0,0.183038,11.95
2438.63,0.09415559845559845,0.0478835095,29,1,0.0,0.0,0.0,0.0,0.0,0.182111,8.84999995
2438.63,0.09379346153846155,0.0478835095,29,1,0.0,0.0,0.0,0.0,0.0,0.18435401,7.95000005
2438.63,0.09953591836734695,0.0478835095,29,0,0.0,0.0,0.0,0.0,0.0,0.17237,49.1499995
2423.73,0.10098875,0.047842582,28,1,0.0,0.0,0.0,0.0,0.0,0.190954,68.700001
2423.73,0.09892775510204081,0.047842582,28,1,0.0,0.0,0.0,0.0,0.0,0.185197,41.6000005
2423.73,0.0969492,0.047842582,28,1,0.0,0.0,0.0,0.0,0.0,0.183559,23.299999
2423.73,0.09504823529411764,0.047842582,28,1,0.0,0.0,0.0,0.0,0.0,0.18601801,12.5
2423.73,0.09358030888030888,0.047842582,28,1,0.0,0.0,0.0,0.0,0.0,0.19457,8.1500001
2423.73,0.11016954545454545,0.047842582,28,0,0.0,0.0,0.0,0.0,0.0,0.21895801,2.8499999
2423.73,0.10313744680851064,0.047842582,28,0,0.0,0.0,0.0,0.0,0.0,0.19828101,21.25
2423.73,0.10098875,0.047842582,28,0,0.0,0.0,0.0,0.0,0.0,0.19019599,36.450001
2423.73,0.09892775510204081,0.047842582,28,0,0.0,0.0,0.0,0.0,0.0,0.18392199,59.5
2544.23,0.1017692,0.048847664,32,1,0.0,0.0,0.0,0.0,0.0,0.208995,93.4000015
2544.23,0.097855,0.048847664,32,1,0.0,0.0,0.0,0.0,0.0,0.195182,39.5
2544.23,0.09600867924528302,0.048847664,32,1,0.0,0.0,0.0,0.0,0.0,0.194729,23.9
2544.23,0.10826510638297872,0.048847664,32,0,0.0,0.0,0.0,0.0,0.0,0.23040199,8.8999999
2544.23,0.1017692,0.048847664,32,0,0.0,0.0,0.0,0.0,0.0,0.207508,38.549999
2544.23,0.09977372549019609,0.048847664,32,0,0.0,0.0,0.0,0.0,0.0,0.198405,57.8999995
2528.09,0.10112360000000001,0.048840289666666675,31,1,0.0,0.0,0.0,0.0,0.0,0.21680699,84.299999
2528.09,0.09723423076923078,0.048840289666666675,31,1,0.0,0.0,0.0,0.0,0.0,0.195989,32.75
2528.09,0.09539962264150945,0.048840289666666675,31,1,0.0,0.0,0.0,0.0,0.0,0.200011,20.1999995
2528.09,0.10318734693877551,0.048840289666666675,31,0,0.0,0.0,0.0,0.0,0.0,0.21428201,27.799999
2528.09,0.07660878787878789,0.05374420879120879,185,1,0.0,0.0,0.0,0.0,0.0,0.20965201,9.8000002
2528.09,0.2808988888888889,0.05374420879120879,185,0,0.0,0.0,0.0,0.0,0.0,0.55257899,0.625
2528.09,0.2579683673469388,0.05374420879120879,185,0,0.0,0.0,0.0,0.0,0.0,0.508048,0.599999995
2505.89,0.09865708661417322,0.04884338,30,1,0.0,0.0,0.0,0.0,0.0,0.213862,50.349998
2505.89,0.10895173913043478,0.04884338,30,0,0.0,0.0,0.0,0.0,0.0,0.240548,7.5500001
2505.89,0.10663361702127659,0.04884338,30,0,0.0,0.0,0.0,0.0,0.0,0.232814,13.0
2505.89,0.09827019607843136,0.04884338,30,0,0.0,0.0,0.0,0.0,0.0,0.190695,74.9000015
2460.0,0.1,0.048848037999999996,29,1,0.0,0.0,0.0,0.0,0.0,0.20922101,62.6499975
2460.0,0.0984,0.048848037999999996,29,1,0.0,0.0,0.0,0.0,0.0,0.20327701,42.700001
2460.0,0.09461538461538462,0.048848037999999996,29,1,0.0,0.0,0.0,0.0,0.0,0.197309,13.45
2460.0,0.11181818181818182,0.048848037999999996,29,0,0.0,0.0,0.0,0.0,0.0,0.26462299,4.54999995
2460.0,0.10695652173913044,0.048848037999999996,29,0,0.0,0.0,0.0,0.0,0.0,0.23504999,11.4500001
2460.0,0.1055793991416309,0.048848037999999996,29,0,0.0,0.0,0.0,0.0,0.0,0.240023,17.6
2460.0,0.10040816326530612,0.048848037999999996,29,0,0.0,0.0,0.0,0.0,0.0,0.20450699,47.75
2460.0,0.09647058823529411,0.048848037999999996,29,0,0.0,0.0,0.0,0.0,0.0,0.199223,106.9
2457.93,0.10032367346938775,0.04876943499999999,28,1,0.0,0.0,0.0,0.0,0.0,0.21138801,66.1499975
2457.93,0.0983172,0.04876943499999999,28,1,0.0,0.0,0.0,0.0,0.0,0.20148,40.25
2457.93,0.09638941176470588,0.04876943499999999,28,1,0.0,0.0,0.0,0.0,0.0,0.192451,21.75
2457.93,0.09453576923076923,0.04876943499999999,28,1,0.0,0.0,0.0,0.0,0.0,0.193336,11.7
2457.93,0.08937927272727272,0.04876943499999999,28,1,0.0,0.0,0.0,0.0,0.0,0.212062,1.92500005
2457.93,0.08778321428571428,0.04876943499999999,28,1,0.0,0.0,0.0,0.0,0.0,-99.989998,2.1999999
2457.93,0.10241375,0.04876943499999999,28,0,0.0,0.0,0.0,0.0,0.0,0.204666,28.05
2457.93,0.10032367346938775,0.04876943499999999,28,0,0.0,0.0,0.0,0.0,0.0,0.191346,44.3000015
2457.93,0.09991585365853659,0.04876943499999999,28,0,0.0,0.0,0.0,0.0,0.0,0.188739,48.3999995
2457.93,0.09951133603238865,0.04876943499999999,28,0,0.0,0.0,0.0,0.0,0.0,0.18607,52.799999
2457.93,0.09911008064516129,0.04876943499999999,28,0,0.0,0.0,0.0,0.0,0.0,0.184789,57.900002
2457.93,0.09871204819277107,0.04876943499999999,28,0,0.0,0.0,0.0,0.0,0.0,0.181326,62.749998
2501.22,0.10209061224489795,0.05383325066666666,178,1,0.0,0.0,0.0,0.0,0.0,0.235073,223.699995
2517.17,0.1006868,0.050421948,32,1,0.0,0.0,0.0,0.0,0.0,0.197265,72.5
2517.17,0.1006868,0.050421948,32,0,0.0,0.0,0.0,0.0,0.0,0.200286,47.450001
2517.17,0.10028565737051794,0.050421948,32,0,0.0,0.0,0.0,0.0,0.0,0.199287,51.75
2510.42,0.09655461538461539,0.05047363600000001,31,1,0.0,0.0,0.0,0.0,0.0,0.197776,27.5500005
2510.42,0.1004168,0.05047363600000001,31,0,0.0,0.0,0.0,0.0,0.0,0.204583,50.200001
2489.52,0.09762823529411764,0.05048234,30,1,0.0,0.0,0.0,0.0,0.0,0.217039,40.599998
2489.52,0.0995808,0.05048234,30,0,0.0,0.0,0.0,0.0,0.0,0.200251,57.950001
2489.52,0.09918406374501992,0.05048234,30,0,0.0,0.0,0.0,0.0,0.0,0.19884799,62.900002
2458.39,0.10158636363636363,0.05045989799999999,28,1,0.0,0.0,0.0,0.0,0.0,0.224419,85.7000005
2458.39,0.09912862903225805,0.05045989799999999,28,1,0.0,0.0,0.0,0.0,0.0,0.215609,51.75
2458.39,0.10926177777777778,0.05045989799999999,28,0,0.0,0.0,0.0,0.0,0.0,0.253622,7.49999995
2458.39,0.10243291666666667,0.05045989799999999,28,0,0.0,0.0,0.0,0.0,0.0,0.210853,29.9499995
2458.39,0.10034244897959183,0.05045989799999999,28,0,0.0,0.0,0.0,0.0,0.0,0.215552,51.3500005
