S0,m,r,T,corp,alpha,beta,omega,gamma,lambda,sigma,V
188.96644320000001,0.2223134625882353,0.045354936428571434,32,1,0.0,0.0,0.0,0.0,0.0,0.19634999,2.25
188.96644320000001,0.2099627146666667,0.045354936428571434,32,1,0.0,0.0,0.0,0.0,0.0,0.19138999,0.5
188.96644320000001,0.2099627146666667,0.047610910000000006,186,1,0.0,0.0,0.0,0.0,0.0,0.211089,3.6999999499999996
188.96644320000001,0.1989120454736842,0.047610910000000006,186,1,0.0,0.0,0.0,0.0,0.0,0.207232,2.125
188.96644320000001,0.23620805400000003,0.045354936428571434,32,0,0.0,0.0,0.0,0.0,0.0,0.219603,0.42500000000000004
188.96644320000001,0.2223134625882353,0.045354936428571434,32,0,0.0,0.0,0.0,0.0,0.0,0.195254,1.725
188.96644320000001,0.2223134625882353,0.047610910000000006,186,0,0.0,0.0,0.0,0.0,0.0,0.21431001,4.5
187.72441024000003,0.2208522473411765,0.045378857142857144,31,1,0.0,0.0,0.0,0.0,0.0,0.192754,1.875
187.72441024000003,0.20858267804444447,0.045378857142857144,31,1,0.0,0.0,0.0,0.0,0.0,0.186419,0.35000001000000003
187.72441024000003,0.19760464235789477,0.047606391428571426,185,1,0.0,0.0,0.0,0.0,0.0,0.206361,1.925
187.72441024000003,0.23465551280000002,0.045378857142857144,31,0,0.0,0.0,0.0,0.0,0.0,0.216382,0.474999995
187.72441024000003,0.2208522473411765,0.045378857142857144,31,0,0.0,0.0,0.0,0.0,0.0,0.193252,1.95
187.72441024000003,0.20858267804444447,0.045378857142857144,31,0,0.0,0.0,0.0,0.0,0.0,0.186399,5.5
187.72441024000003,0.19760464235789477,0.045378857142857144,31,0,0.0,0.0,0.0,0.0,0.0,-99.989998,10.35
187.72441024000003,0.26817772891428576,0.047606391428571426,185,0,0.0,0.0,0.0,0.0,0.0,0.239443,0.724999995
187.72441024000003,0.25029921365333335,0.047606391428571426,185,0,0.0,0.0,0.0,0.0,0.0,0.228221,1.45
187.72441024000003,0.2208522473411765,0.047606391428571426,185,0,0.0,0.0,0.0,0.0,0.0,0.21199299,4.70000005
187.72441024000003,0.19760464235789477,0.04771386703296703,367,1,0.0,0.0,0.0,0.0,0.0,0.211905,4.29999995
187.72441024000003,0.19760464235789477,0.04771386703296703,367,0,0.0,0.0,0.0,0.0,0.0,0.20970801,12.3
187.8574852,0.2348218565,0.04561330285714285,30,1,0.0,0.0,0.0,0.0,0.0,0.20956101,5.4000001
187.8574852,0.22100880611764706,0.04561330285714285,30,1,0.0,0.0,0.0,0.0,0.0,0.187535,1.825
187.8574852,0.2087305391111111,0.04561330285714285,30,1,0.0,0.0,0.0,0.0,0.0,0.17883401,0.29999999499999996
187.8574852,0.2348218565,0.04710781107142857,93,1,0.0,0.0,0.0,0.0,0.0,0.221582,6.9000001
187.8574852,0.22100880611764706,0.04710781107142857,93,1,0.0,0.0,0.0,0.0,0.0,0.213062,3.8000000500000004
187.8574852,0.2087305391111111,0.04710781107142857,93,1,0.0,0.0,0.0,0.0,0.0,0.203647,1.725
187.8574852,0.1977447212631579,0.04710781107142857,93,1,0.0,0.0,0.0,0.0,0.0,0.20056599,0.674999985
187.8574852,0.1878574852,0.04710781107142857,93,1,0.0,0.0,0.0,0.0,0.0,0.20329399,0.25000000499999997
187.8574852,0.22100880611764706,0.04784644761904762,184,1,0.0,0.0,0.0,0.0,0.0,0.21334299,5.5999999
187.8574852,0.1878574852,0.04784644761904762,184,1,0.0,0.0,0.0,0.0,0.0,0.204013,1.024999995
187.8574852,0.2348218565,0.04561330285714285,30,0,0.0,0.0,0.0,0.0,0.0,0.208708,0.39999998999999997
187.8574852,0.22100880611764706,0.04561330285714285,30,0,0.0,0.0,0.0,0.0,0.0,0.186621,1.825
187.8574852,0.2087305391111111,0.04561330285714285,30,0,0.0,0.0,0.0,0.0,0.0,0.17883299,5.4000001
187.8574852,0.2348218565,0.04710781107142857,93,0,0.0,0.0,0.0,0.0,0.0,0.218575,1.575
187.8574852,0.22100880611764706,0.04710781107142857,93,0,0.0,0.0,0.0,0.0,0.0,0.212359,3.5
187.8574852,0.22100880611764706,0.04784644761904762,184,0,0.0,0.0,0.0,0.0,0.0,0.214157,4.70000005
187.8574852,0.1977447212631579,0.04808309043956044,366,1,0.0,0.0,0.0,0.0,0.0,0.20887201,4.25
187.8574852,0.2348218565,0.04808309043956044,366,0,0.0,0.0,0.0,0.0,0.0,0.221219,4.20000005
186.7485272,0.2489980362666667,0.045703176428571426,29,1,0.0,0.0,0.0,0.0,0.0,0.236957,9.5499997
186.7485272,0.23343565900000002,0.045703176428571426,29,1,0.0,0.0,0.0,0.0,0.0,0.209279,4.95000005
186.7485272,0.21970414964705884,0.045703176428571426,29,1,0.0,0.0,0.0,0.0,0.0,0.190661,1.575
186.7485272,0.20749836355555556,0.045703176428571426,29,1,0.0,0.0,0.0,0.0,0.0,0.18497799,0.25000000499999997
186.7485272,0.20749836355555556,0.04715043107142857,92,1,0.0,0.0,0.0,0.0,0.0,0.20643701,1.6
186.7485272,0.23343565900000002,0.045703176428571426,29,0,0.0,0.0,0.0,0.0,0.0,0.20695201,0.45000000500000004
186.7485272,0.21970414964705884,0.045703176428571426,29,0,0.0,0.0,0.0,0.0,0.0,0.188292,2.07500005
186.7485272,0.21970414964705884,0.04715043107142857,92,0,0.0,0.0,0.0,0.0,0.0,0.211285,3.6999999499999996
186.7485272,0.2489980362666667,0.04782803238095238,183,0,0.0,0.0,0.0,0.0,0.0,0.229164,1.525
186.7485272,0.23343565900000002,0.04782803238095238,183,0,0.0,0.0,0.0,0.0,0.0,0.220552,2.85
186.7485272,0.21970414964705884,0.04782803238095238,183,0,0.0,0.0,0.0,0.0,0.0,0.213108,4.9000001
186.7485272,0.20749836355555556,0.04800010461538462,365,0,0.0,0.0,0.0,0.0,0.0,0.213662,9.25
185.08509020000002,0.33651834581818185,0.04721465892857142,89,1,0.0,0.0,0.0,0.0,0.0,0.35112101,28.75
185.08509020000002,0.23135636275000004,0.04721465892857142,89,1,0.0,0.0,0.0,0.0,0.0,0.224114,5.9000001
185.08509020000002,0.2177471649411765,0.04721465892857142,89,1,0.0,0.0,0.0,0.0,0.0,0.212437,3.0249999499999998
185.08509020000002,0.20565010022222224,0.04721465892857142,89,1,0.0,0.0,0.0,0.0,0.0,0.20251501,1.25
185.08509020000002,0.19482641073684212,0.04721465892857142,89,1,0.0,0.0,0.0,0.0,0.0,0.200611,0.45000000500000004
185.08509020000002,0.18508509020000002,0.04721465892857142,89,1,0.0,0.0,0.0,0.0,0.0,0.202769,0.15000000000000002
185.08509020000002,0.23135636275000004,0.04785209571428572,180,1,0.0,0.0,0.0,0.0,0.0,0.22029901,7.5999999
185.08509020000002,0.2177471649411765,0.04785209571428572,180,1,0.0,0.0,0.0,0.0,0.0,0.21277399,4.79999995
185.08509020000002,0.20565010022222224,0.04785209571428572,180,1,0.0,0.0,0.0,0.0,0.0,0.208804,2.82500005
185.08509020000002,0.19482641073684212,0.04785209571428572,180,1,0.0,0.0,0.0,0.0,0.0,0.20636199,1.55
185.08509020000002,0.2467801202666667,0.04721465892857142,89,0,0.0,0.0,0.0,0.0,0.0,0.234743,0.80000001
185.08509020000002,0.23135636275000004,0.04721465892857142,89,0,0.0,0.0,0.0,0.0,0.0,0.22236601,1.95
185.08509020000002,0.2177471649411765,0.04721465892857142,89,0,0.0,0.0,0.0,0.0,0.0,0.21225999,4.0999999
185.08509020000002,0.20565010022222224,0.04721465892857142,89,0,0.0,0.0,0.0,0.0,0.0,0.203961,7.4000001
185.08509020000002,0.26440727171428574,0.04785209571428572,180,0,0.0,0.0,0.0,0.0,0.0,0.23726,0.80000001
185.08509020000002,0.2467801202666667,0.04785209571428572,180,0,0.0,0.0,0.0,0.0,0.0,0.22555999,1.6
185.08509020000002,0.23135636275000004,0.04785209571428572,180,0,0.0,0.0,0.0,0.0,0.0,0.22140101,3.1
185.08509020000002,0.2177471649411765,0.04785209571428572,180,0,0.0,0.0,0.0,0.0,0.0,0.214921,5.29999995
185.08509020000002,0.26440727171428574,0.047963703076923075,362,1,0.0,0.0,0.0,0.0,0.0,0.231718,17.0999995
185.08509020000002,0.2177471649411765,0.047963703076923075,362,1,0.0,0.0,0.0,0.0,0.0,0.216326,7.54999995
185.08509020000002,0.18508509020000002,0.047963703076923075,362,1,0.0,0.0,0.0,0.0,0.0,0.206347,2.4750000500000002
185.08509020000002,0.26440727171428574,0.047963703076923075,362,0,0.0,0.0,0.0,0.0,0.0,0.23290899,1.7999999999999998
185.08509020000002,0.2467801202666667,0.047963703076923075,362,0,0.0,0.0,0.0,0.0,0.0,0.227061,2.9749999
185.08509020000002,0.23135636275000004,0.047963703076923075,362,0,0.0,0.0,0.0,0.0,0.0,0.222147,4.6500001
186.34930232000002,0.26621328902857144,0.048109317692307696,361,0,0.0,0.0,0.0,0.0,0.0,0.231916,1.675
186.34930232000002,0.2484657364266667,0.048109317692307696,361,0,0.0,0.0,0.0,0.0,0.0,0.225352,2.7749999499999998
186.34930232000002,0.23293662790000003,0.048109317692307696,361,0,0.0,0.0,0.0,0.0,0.0,0.219468,4.3499999
186.34930232000002,0.2192344733176471,0.04794210476190476,179,1,0.0,0.0,0.0,0.0,0.0,0.21147799,5.0999999
186.34930232000002,0.20705478035555558,0.04794210476190476,179,1,0.0,0.0,0.0,0.0,0.0,0.206293,3.0
186.34930232000002,0.26621328902857144,0.04794210476190476,179,0,0.0,0.0,0.0,0.0,0.0,0.23492301,0.69999999
186.34930232000002,0.23293662790000003,0.04794210476190476,179,0,0.0,0.0,0.0,0.0,0.0,0.217608,2.79999995
186.88160216000003,0.21986070842352945,0.04827865095238095,178,1,0.0,0.0,0.0,0.0,0.0,0.21127801,5.20000005
186.88160216000003,0.2669737173714286,0.04827865095238095,178,0,0.0,0.0,0.0,0.0,0.0,0.237728,0.69999999
186.88160216000003,0.23360200270000003,0.04827865095238095,178,0,0.0,0.0,0.0,0.0,0.0,0.216728,2.70000005
186.88160216000003,0.2491754695466667,0.04861849483516483,360,0,0.0,0.0,0.0,0.0,0.0,0.224943,2.6999999499999996
186.88160216000003,0.23360200270000003,0.04861849483516483,360,0,0.0,0.0,0.0,0.0,0.0,0.21915901,4.25
186.26058568000002,0.23282573210000002,0.048463137619047615,177,1,0.0,0.0,0.0,0.0,0.0,0.21893699,7.9000001
186.26058568000002,0.21913010080000003,0.048463137619047615,177,1,0.0,0.0,0.0,0.0,0.0,0.20871601,4.95000005
186.26058568000002,0.20695620631111114,0.048463137619047615,177,1,0.0,0.0,0.0,0.0,0.0,0.205955,2.92499995
186.26058568000002,0.23282573210000002,0.048463137619047615,177,0,0.0,0.0,0.0,0.0,0.0,0.216107,2.7749999499999998
186.26058568000002,0.21913010080000003,0.048463137619047615,177,0,0.0,0.0,0.0,0.0,0.0,0.21071801,4.9000001
186.304944,0.31050824,0.04643425,32,1,0.0,0.0,0.0,0.0,0.0,-99.989998,24.1499995
186.304944,0.28662299076923076,0.04643425,32,1,0.0,0.0,0.0,0.0,0.0,0.35083199,19.1999995
186.304944,0.26614992,0.04643425,32,1,0.0,0.0,0.0,0.0,0.0,-99.989998,14.2
186.304944,0.248406592,0.04643425,32,1,0.0,0.0,0.0,0.0,0.0,0.233509,9.2999997
186.304944,0.23288118000000002,0.04643425,32,1,0.0,0.0,0.0,0.0,0.0,0.232076,4.9000001
186.304944,0.21918228705882353,0.04643425,32,1,0.0,0.0,0.0,0.0,0.0,0.22309799,1.8
186.304944,0.23288118000000002,0.04643425,32,0,0.0,0.0,0.0,0.0,0.0,0.23380999,0.80000001
186.304944,0.21918228705882353,0.04643425,32,0,0.0,0.0,0.0,0.0,0.0,0.21946201,2.7250000500000002
186.90378132,0.21988680155294119,0.04640658742857143,31,1,0.0,0.0,0.0,0.0,0.0,0.22497,1.9
186.90378132,0.23362972665,0.04640658742857143,31,0,0.0,0.0,0.0,0.0,0.0,0.238572,0.75
186.90378132,0.21988680155294119,0.04640658742857143,31,0,0.0,0.0,0.0,0.0,0.0,0.224684,2.6000000500000002
187.99056016000003,0.22116536489411767,0.046406774,30,1,0.0,0.0,0.0,0.0,0.0,0.22077499,2.0249999499999998
188.30106840000002,0.22153066870588237,0.04640452371428571,29,1,0.0,0.0,0.0,0.0,0.0,0.21307801,1.95
188.30106840000002,0.20922340933333336,0.04640452371428571,29,1,0.0,0.0,0.0,0.0,0.0,0.21473099,0.45000000500000004
188.30106840000002,0.23537633550000003,0.04640452371428571,29,0,0.0,0.0,0.0,0.0,0.0,0.230698,0.55000001
188.30106840000002,0.22153066870588237,0.04640452371428571,29,0,0.0,0.0,0.0,0.0,0.0,0.21704701,2.20000005
189.09632140000002,0.25212842853333334,0.048684148571428575,32,1,0.0,0.0,0.0,0.0,0.0,0.27476001,10.4
189.09632140000002,0.23637040175000001,0.048684148571428575,32,1,0.0,0.0,0.0,0.0,0.0,0.247633,5.9000001
189.09632140000002,0.22246626047058826,0.048684148571428575,32,1,0.0,0.0,0.0,0.0,0.0,0.235172,2.5
189.09632140000002,0.2101070237777778,0.048684148571428575,32,1,0.0,0.0,0.0,0.0,0.0,0.226448,0.69999999
189.09632140000002,0.19904875936842106,0.048684148571428575,32,1,0.0,0.0,0.0,0.0,0.0,0.238773,0.17500000500000001
189.09632140000002,0.27013760200000003,0.048684148571428575,32,0,0.0,0.0,0.0,0.0,0.0,0.320638,0.05
189.09632140000002,0.25212842853333334,0.048684148571428575,32,0,0.0,0.0,0.0,0.0,0.0,0.28911099,0.20000000499999998
189.09632140000002,0.23637040175000001,0.048684148571428575,32,0,0.0,0.0,0.0,0.0,0.0,0.248954,0.650000005
189.09632140000002,0.22246626047058826,0.048684148571428575,32,0,0.0,0.0,0.0,0.0,0.0,0.233712,2.225
189.09632140000002,0.2101070237777778,0.048684148571428575,32,0,0.0,0.0,0.0,0.0,0.0,0.228494,5.5
193.25888903999999,0.25767851871999997,0.04877162571428571,31,1,0.0,0.0,0.0,0.0,0.0,0.271474,12.2
193.25888903999999,0.2415736113,0.04877162571428571,31,1,0.0,0.0,0.0,0.0,0.0,0.19965699,7.29999995
193.25888903999999,0.2273633988705882,0.04877162571428571,31,1,0.0,0.0,0.0,0.0,0.0,0.173218,3.0249999499999998
193.25888903999999,0.2147320989333333,0.04877162571428571,31,1,0.0,0.0,0.0,0.0,0.0,0.15936901,0.599999995
193.25888903999999,0.20343040951578945,0.04877162571428571,31,1,0.0,0.0,0.0,0.0,0.0,0.169761,0.0750000005
193.25888903999999,0.19325888904,0.04877162571428571,31,1,0.0,0.0,0.0,0.0,0.0,0.21039601,0.0250000005
193.25888903999999,0.2760841272,0.04877162571428571,31,0,0.0,0.0,0.0,0.0,0.0,0.32386801,0.0250000005
193.25888903999999,0.25767851871999997,0.04877162571428571,31,0,0.0,0.0,0.0,0.0,0.0,0.274445,0.0750000005
193.25888903999999,0.2415736113,0.04877162571428571,31,0,0.0,0.0,0.0,0.0,0.0,0.206855,0.17500000500000001
193.25888903999999,0.2273633988705882,0.04877162571428571,31,0,0.0,0.0,0.0,0.0,0.0,0.168558,0.825000015
193.25888903999999,0.2147320989333333,0.04877162571428571,31,0,0.0,0.0,0.0,0.0,0.0,0.158967,3.5
193.25888903999999,0.20343040951578945,0.04877162571428571,31,0,0.0,0.0,0.0,0.0,0.0,-99.989998,8.1500001
191.45585172000003,0.22524217849411768,0.04888326607142857,30,1,0.0,0.0,0.0,0.0,0.0,0.156849,2.3000000500000004
191.45585172000003,0.21272872413333335,0.04888326607142857,30,1,0.0,0.0,0.0,0.0,0.0,0.151797,0.35000001000000003
191.45585172000003,0.19145585172000001,0.04888326607142857,30,1,0.0,0.0,0.0,0.0,0.0,0.25028801,0.05
191.45585172000003,0.25527446896000006,0.04888326607142857,30,0,0.0,0.0,0.0,0.0,0.0,0.264521,0.0750000005
191.45585172000003,0.23931981465000005,0.04888326607142857,30,0,0.0,0.0,0.0,0.0,0.0,0.19925401,0.20000000499999998
191.45585172000003,0.22524217849411768,0.04888326607142857,30,0,0.0,0.0,0.0,0.0,0.0,0.157864,0.974999995
191.45585172000003,0.21272872413333335,0.04888326607142857,30,0,0.0,0.0,0.0,0.0,0.0,0.14954101,4.0999999
191.34455312,0.2251112389647059,0.04890811357142857,29,1,0.0,0.0,0.0,0.0,0.0,0.164294,2.17499995
191.34455312,0.2126050590222222,0.04890811357142857,29,1,0.0,0.0,0.0,0.0,0.0,0.149134,0.275000005
191.34455312,0.2014153190736842,0.04890811357142857,29,1,0.0,0.0,0.0,0.0,0.0,0.19643199,0.0750000005
191.34455312,0.25512607082666666,0.04890811357142857,29,0,0.0,0.0,0.0,0.0,0.0,0.26435199,0.0750000005
191.34455312,0.2391806914,0.04890811357142857,29,0,0.0,0.0,0.0,0.0,0.0,0.190266,0.17500000500000001
191.34455312,0.2251112389647059,0.04890811357142857,29,0,0.0,0.0,0.0,0.0,0.0,0.14559001,0.924999985
182.10676932,0.22763346165,0.05273997047619048,187,1,0.0,0.0,0.0,0.0,0.0,0.201398,6.4000001
182.10676932,0.21424325802352942,0.05273997047619048,187,1,0.0,0.0,0.0,0.0,0.0,0.196565,3.85
182.10676932,0.20234085480000003,0.05273997047619048,187,1,0.0,0.0,0.0,0.0,0.0,0.19343001,2.125
182.10676932,0.1916913361263158,0.05273997047619048,187,1,0.0,0.0,0.0,0.0,0.0,0.191076,1.075
182.10676932,0.22763346165,0.05273997047619048,187,0,0.0,0.0,0.0,0.0,0.0,0.202051,3.25
182.10676932,0.21424325802352942,0.05273997047619048,187,0,0.0,0.0,0.0,0.0,0.0,0.19665401,5.70000005
182.10676932,0.20234085480000003,0.05273997047619048,187,0,0.0,0.0,0.0,0.0,0.0,0.19382399,9.0999999
181.973211,0.303288685,0.04986361771428571,32,1,0.0,0.0,0.0,0.0,0.0,0.46634701,22.0500005
181.973211,0.22746651375,0.04986361771428571,32,1,0.0,0.0,0.0,0.0,0.0,0.18406001,3.0
181.973211,0.21408613058823528,0.04986361771428571,32,1,0.0,0.0,0.0,0.0,0.0,0.175032,0.650000005
181.973211,0.20219245666666666,0.04986361771428571,32,1,0.0,0.0,0.0,0.0,0.0,0.178215,0.0750000005
181.973211,0.20219245666666666,0.0522271,186,1,0.0,0.0,0.0,0.0,0.0,0.19481701,2.125
181.973211,0.22746651375,0.04986361771428571,32,0,0.0,0.0,0.0,0.0,0.0,0.17950501,0.875
181.973211,0.21408613058823528,0.04986361771428571,32,0,0.0,0.0,0.0,0.0,0.0,0.172249,3.6
181.973211,0.24263094799999999,0.0522271,186,0,0.0,0.0,0.0,0.0,0.0,0.208837,1.675
181.973211,0.22746651375,0.0522271,186,0,0.0,0.0,0.0,0.0,0.0,0.20381001,3.3000000500000004
181.973211,0.21408613058823528,0.0522271,186,0,0.0,0.0,0.0,0.0,0.0,0.195623,5.70000005
181.973211,0.20219245666666666,0.0522271,186,0,0.0,0.0,0.0,0.0,0.0,0.191661,9.0999999
182.79682064000002,0.22849602580000003,0.049875528,31,1,0.0,0.0,0.0,0.0,0.0,0.19823501,3.1999999499999996
182.79682064000002,0.21505508310588237,0.049875528,31,1,0.0,0.0,0.0,0.0,0.0,0.17901701,0.69999999
182.79682064000002,0.2031075784888889,0.049875528,31,1,0.0,0.0,0.0,0.0,0.0,0.188407,0.10000000549999999
182.79682064000002,0.21505508310588237,0.05240275761904762,185,1,0.0,0.0,0.0,0.0,0.0,0.19909801,4.0
182.79682064000002,0.19241770593684213,0.05240275761904762,185,1,0.0,0.0,0.0,0.0,0.0,0.192353,1.125
182.79682064000002,0.21505508310588237,0.049875528,31,0,0.0,0.0,0.0,0.0,0.0,0.15847801,3.3000000500000004
182.79682064000002,0.2437290941866667,0.05240275761904762,185,0,0.0,0.0,0.0,0.0,0.0,0.209006,1.6
184.37726076,0.23047157595,0.050027896571428566,30,1,0.0,0.0,0.0,0.0,0.0,0.179305,3.6999999499999996
184.37726076,0.21691442442352943,0.050027896571428566,30,1,0.0,0.0,0.0,0.0,0.0,0.166894,0.849999995
184.37726076,0.23047157595,0.05179900535714285,93,1,0.0,0.0,0.0,0.0,0.0,0.19038001,5.20000005
184.37726076,0.21691442442352943,0.05179900535714285,93,1,0.0,0.0,0.0,0.0,0.0,0.184181,2.45000005
184.37726076,0.2048636230666667,0.05179900535714285,93,1,0.0,0.0,0.0,0.0,0.0,0.180521,0.92500001
184.37726076,0.2048636230666667,0.0525511519047619,184,1,0.0,0.0,0.0,0.0,0.0,0.19336,2.42499995
184.37726076,0.23047157595,0.050027896571428566,30,0,0.0,0.0,0.0,0.0,0.0,0.17231201,0.5
184.37726076,0.21691442442352943,0.050027896571428566,30,0,0.0,0.0,0.0,0.0,0.0,0.165727,2.7250000500000002
184.37726076,0.21691442442352943,0.05179900535714285,93,0,0.0,0.0,0.0,0.0,0.0,0.180627,3.9
184.37726076,0.26339608680000004,0.0525511519047619,184,0,0.0,0.0,0.0,0.0,0.0,0.222481,0.69999999
184.37726076,0.24583634768,0.0525511519047619,184,0,0.0,0.0,0.0,0.0,0.0,0.210124,1.45
184.80019544,0.21741199463529412,0.050088292857142856,29,1,0.0,0.0,0.0,0.0,0.0,0.16153599,0.80000001
184.80019544,0.21741199463529412,0.05188116464285715,92,1,0.0,0.0,0.0,0.0,0.0,0.18093,2.45000005
184.80019544,0.21741199463529412,0.050088292857142856,29,0,0.0,0.0,0.0,0.0,0.0,0.15572099,2.54999995
184.80019544,0.2640002792,0.05188116464285715,92,0,0.0,0.0,0.0,0.0,0.0,0.22360399,0.20000000499999998
184.80019544,0.23100024430000002,0.05188116464285715,92,0,0.0,0.0,0.0,0.0,0.0,0.19112299,1.625
184.80019544,0.21741199463529412,0.05188116464285715,92,0,0.0,0.0,0.0,0.0,0.0,0.18121301,3.8000000500000004
184.80019544,0.24640026058666667,0.05268100857142857,183,0,0.0,0.0,0.0,0.0,0.0,0.21228901,1.45
184.80019544,0.23100024430000002,0.05268100857142857,183,0,0.0,0.0,0.0,0.0,0.0,0.203531,2.82500005
184.80019544,0.21741199463529412,0.05268100857142857,183,0,0.0,0.0,0.0,0.0,0.0,0.199663,5.0999999
184.0878844,0.21657398164705882,0.05188911214285714,89,1,0.0,0.0,0.0,0.0,0.0,0.181254,2.25
184.0878844,0.2045420937777778,0.05188911214285714,89,1,0.0,0.0,0.0,0.0,0.0,0.175412,0.775000005
184.0878844,0.21657398164705882,0.05265705428571429,180,1,0.0,0.0,0.0,0.0,0.0,0.196632,4.14999985
184.0878844,0.2045420937777778,0.05265705428571429,180,1,0.0,0.0,0.0,0.0,0.0,0.19200601,2.2749999499999998
184.0878844,0.19377672042105265,0.05265705428571429,180,1,0.0,0.0,0.0,0.0,0.0,0.189805,1.15
184.0878844,0.24545051253333333,0.05188911214285714,89,0,0.0,0.0,0.0,0.0,0.0,0.203914,0.599999995
184.0878844,0.24545051253333333,0.05265705428571429,180,0,0.0,0.0,0.0,0.0,0.0,0.211217,1.475
184.0878844,0.19377672042105265,0.05265705428571429,180,0,0.0,0.0,0.0,0.0,0.0,0.184406,12.45
182.57422344,0.21479320404705882,0.05297471476190476,179,1,0.0,0.0,0.0,0.0,0.0,0.19589099,3.8000000500000004
182.57422344,0.20286024826666665,0.05297471476190476,179,1,0.0,0.0,0.0,0.0,0.0,0.19192301,2.04999995
182.57422344,0.20286024826666665,0.05297471476190476,179,0,0.0,0.0,0.0,0.0,0.0,0.192837,8.9000001
180.88248472,0.22610310590000002,0.05329777714285714,178,1,0.0,0.0,0.0,0.0,0.0,0.20121901,5.9000001
180.88248472,0.20098053857777778,0.05329777714285714,178,1,0.0,0.0,0.0,0.0,0.0,0.189895,1.775
180.88248472,0.2584035496,0.05329777714285714,178,0,0.0,0.0,0.0,0.0,0.0,0.218219,0.80000001
180.88248472,0.24117664629333335,0.05329777714285714,178,0,0.0,0.0,0.0,0.0,0.0,0.207333,1.7
182.17354848000002,0.2143218217411765,0.052698458571428575,177,1,0.0,0.0,0.0,0.0,0.0,0.19645,3.6999999499999996
182.17354848000002,0.26024792640000005,0.052698458571428575,177,0,0.0,0.0,0.0,0.0,0.0,0.218116,0.724999995
182.17354848000002,0.2143218217411765,0.052698458571428575,177,0,0.0,0.0,0.0,0.0,0.0,0.196227,5.5999999
179.56916124,0.23942554832,0.05141289,32,1,0.0,0.0,0.0,0.0,0.0,0.202444,6.0999999
179.56916124,0.22446145155,0.05141289,32,1,0.0,0.0,0.0,0.0,0.0,0.17540701,2.1000000500000002
179.56916124,0.21125783675294119,0.05141289,32,1,0.0,0.0,0.0,0.0,0.0,0.17271601,0.35000001000000003
179.56916124,0.22446145155,0.05141289,32,0,0.0,0.0,0.0,0.0,0.0,0.168328,1.275
179.56916124,0.21125783675294119,0.05141289,32,0,0.0,0.0,0.0,0.0,0.0,0.159447,4.5999999
178.7455516,0.2234319395,0.05139253,31,1,0.0,0.0,0.0,0.0,0.0,0.173677,1.825
178.7455516,0.21028888423529413,0.05139253,31,1,0.0,0.0,0.0,0.0,0.0,0.17783301,0.29999999499999996
178.7455516,0.19860616844444445,0.05139253,31,1,0.0,0.0,0.0,0.0,0.0,0.216157,0.0750000005
178.7455516,0.23832740213333334,0.05139253,31,0,0.0,0.0,0.0,0.0,0.0,0.20151301,0.275000005
178.7455516,0.2234319395,0.05139253,31,0,0.0,0.0,0.0,0.0,0.0,0.17603301,1.5
178.7455516,0.21028888423529413,0.05139253,31,0,0.0,0.0,0.0,0.0,0.0,0.17253,5.0
177.521267,0.22190158375,0.051396900588235296,30,1,0.0,0.0,0.0,0.0,0.0,0.17815199,1.55
177.521267,0.2088485494117647,0.051396900588235296,30,1,0.0,0.0,0.0,0.0,0.0,0.185298,0.25000000499999997
177.521267,0.23669502266666667,0.051396900588235296,30,0,0.0,0.0,0.0,0.0,0.0,0.19587199,0.29999999499999996
177.521267,0.22190158375,0.051396900588235296,30,0,0.0,0.0,0.0,0.0,0.0,0.17709,1.75
177.521267,0.2088485494117647,0.051396900588235296,30,0,0.0,0.0,0.0,0.0,0.0,0.179327,5.5
177.521267,0.18686449157894736,0.051396900588235296,30,0,0.0,0.0,0.0,0.0,0.0,-99.989998,15.25
175.1839964,0.25026285200000004,0.051388113529411764,29,1,0.0,0.0,0.0,0.0,0.0,0.212433,8.9000001
175.1839964,0.21897999550000002,0.051388113529411764,29,1,0.0,0.0,0.0,0.0,0.0,0.185706,1.1
175.1839964,0.20609881929411766,0.051388113529411764,29,1,0.0,0.0,0.0,0.0,0.0,0.191002,0.15000000000000002
175.1839964,0.1946488848888889,0.051388113529411764,29,1,0.0,0.0,0.0,0.0,0.0,0.239971,0.05
175.1839964,0.25026285200000004,0.051388113529411764,29,0,0.0,0.0,0.0,0.0,0.0,0.25883901,0.125000005
175.1839964,0.23357866186666668,0.051388113529411764,29,0,0.0,0.0,0.0,0.0,0.0,0.20366099,0.5
175.1839964,0.21897999550000002,0.051388113529411764,29,0,0.0,0.0,0.0,0.0,0.0,0.18956301,2.45000005
175.1839964,0.20609881929411766,0.051388113529411764,29,0,0.0,0.0,0.0,0.0,0.0,0.185248,6.5
183.63351104000003,0.2448446813866667,0.05366357571428571,32,1,0.0,0.0,0.0,0.0,0.0,0.27411401,7.9000001
183.63351104000003,0.22954188880000004,0.05366357571428571,32,1,0.0,0.0,0.0,0.0,0.0,0.240723,3.8000000500000004
183.63351104000003,0.21603942475294122,0.05366357571428571,32,1,0.0,0.0,0.0,0.0,0.0,0.22917999,1.25
183.63351104000003,0.2040372344888889,0.05366357571428571,32,1,0.0,0.0,0.0,0.0,0.0,0.22758099,0.275000005
183.63351104000003,0.19329843267368424,0.05366357571428571,32,1,0.0,0.0,0.0,0.0,0.0,0.25112599,0.0750000005
183.63351104000003,0.18363351104000003,0.05366357571428571,32,1,0.0,0.0,0.0,0.0,0.0,0.27781299,0.0250000005
183.63351104000003,0.2448446813866667,0.05366357571428571,32,0,0.0,0.0,0.0,0.0,0.0,0.269593,0.35000001000000003
183.63351104000003,0.22954188880000004,0.05366357571428571,32,0,0.0,0.0,0.0,0.0,0.0,0.239747,1.25
183.63351104000003,0.21603942475294122,0.05366357571428571,32,0,0.0,0.0,0.0,0.0,0.0,0.22502699,3.6999999499999996
183.63351104000003,0.2040372344888889,0.05366357571428571,32,0,0.0,0.0,0.0,0.0,0.0,-99.989998,7.79999995
184.907192,0.23113399,0.05374113035714286,31,1,0.0,0.0,0.0,0.0,0.0,0.248271,4.0999999
184.907192,0.2175378729411765,0.05374113035714286,31,1,0.0,0.0,0.0,0.0,0.0,0.223011,1.3
184.907192,0.20545243555555556,0.05374113035714286,31,1,0.0,0.0,0.0,0.0,0.0,0.21619,0.25000000499999997
184.907192,0.23113399,0.05374113035714286,31,0,0.0,0.0,0.0,0.0,0.0,0.22842599,0.999999995
184.907192,0.2175378729411765,0.05374113035714286,31,0,0.0,0.0,0.0,0.0,0.0,0.215931,3.3000000500000004
187.40986336,0.2342623292,0.05395621535714286,30,1,0.0,0.0,0.0,0.0,0.0,0.24302401,4.95000005
187.40986336,0.2204821921882353,0.05395621535714286,30,1,0.0,0.0,0.0,0.0,0.0,0.22308899,1.775
187.40986336,0.20823318151111112,0.05395621535714286,30,1,0.0,0.0,0.0,0.0,0.0,0.218419,0.39999998999999997
187.40986336,0.19727354037894737,0.05395621535714286,30,1,0.0,0.0,0.0,0.0,0.0,0.240833,0.10000000549999999
187.40986336,0.18740986336,0.05395621535714286,30,1,0.0,0.0,0.0,0.0,0.0,0.260809,0.0250000005
187.40986336,0.26772837622857143,0.05395621535714286,30,0,0.0,0.0,0.0,0.0,0.0,0.313135,0.05
187.40986336,0.2342623292,0.05395621535714286,30,0,0.0,0.0,0.0,0.0,0.0,0.246821,0.80000001
187.40986336,0.2204821921882353,0.05395621535714286,30,0,0.0,0.0,0.0,0.0,0.0,0.225334,2.625
188.50478208,0.2356309776,0.054098247142857145,29,1,0.0,0.0,0.0,0.0,0.0,0.25297701,5.4000001
188.50478208,0.22177033185882356,0.054098247142857145,29,1,0.0,0.0,0.0,0.0,0.0,0.222083,1.9749999999999999
188.50478208,0.20944975786666667,0.054098247142857145,29,1,0.0,0.0,0.0,0.0,0.0,0.212228,0.42500000000000004
188.50478208,0.25133970944,0.054098247142857145,29,0,0.0,0.0,0.0,0.0,0.0,0.283057,0.17500000500000001
188.50478208,0.2356309776,0.054098247142857145,29,0,0.0,0.0,0.0,0.0,0.0,0.241164,0.625
188.50478208,0.22177033185882356,0.054098247142857145,29,0,0.0,0.0,0.0,0.0,0.0,0.215873,2.2250000500000002
176.28191392,0.22035239239999999,0.055882765714285715,187,1,0.0,0.0,0.0,0.0,0.0,0.20359699,4.79999995
176.28191392,0.20739048696470588,0.055882765714285715,187,1,0.0,0.0,0.0,0.0,0.0,0.19319899,2.6000000500000002
175.410448,0.2698622276923077,0.05637397142857143,186,1,0.0,0.0,0.0,0.0,0.0,0.240188,15.35
175.410448,0.21926306,0.05637397142857143,186,1,0.0,0.0,0.0,0.0,0.0,0.200325,4.5
175.410448,0.18464257684210528,0.05637397142857143,186,1,0.0,0.0,0.0,0.0,0.0,0.182956,0.5
175.410448,0.21926306,0.05443695,32,1,0.0,0.0,0.0,0.0,0.0,0.183257,1.2
175.410448,0.1949004977777778,0.05637397142857143,186,0,0.0,0.0,0.0,0.0,0.0,0.182108,11.6
175.410448,0.29235074666666666,0.05443695,32,0,0.0,0.0,0.0,0.0,0.0,0.39234799,0.0250000005
175.410448,0.23388059733333333,0.05443695,32,0,0.0,0.0,0.0,0.0,0.0,0.20655,0.55000001
175.410448,0.21926306,0.05443695,32,0,0.0,0.0,0.0,0.0,0.0,0.18424501,2.3999999499999998
176.0808064,0.23477440853333334,0.05602155761904761,185,1,0.0,0.0,0.0,0.0,0.0,0.211742,7.5999999
176.0808064,0.220101008,0.05602155761904761,185,1,0.0,0.0,0.0,0.0,0.0,0.20025,4.5999999
176.0808064,0.23477440853333334,0.05449311228571429,31,1,0.0,0.0,0.0,0.0,0.0,0.202933,4.5
176.0808064,0.220101008,0.05449311228571429,31,1,0.0,0.0,0.0,0.0,0.0,0.185166,1.275
176.0808064,0.220101008,0.05602155761904761,185,0,0.0,0.0,0.0,0.0,0.0,0.20167799,4.5
176.0808064,0.20715388988235295,0.05602155761904761,185,0,0.0,0.0,0.0,0.0,0.0,0.192619,7.45000005
176.0808064,0.23477440853333334,0.05449311228571429,31,0,0.0,0.0,0.0,0.0,0.0,0.200142,0.45000000500000004
176.0808064,0.220101008,0.05449311228571429,31,0,0.0,0.0,0.0,0.0,0.0,0.182879,2.2250000500000002
177.8684288,0.23715790506666667,0.05453478571428571,30,1,0.0,0.0,0.0,0.0,0.0,0.21700799,5.20000005
177.8684288,0.222335536,0.05453478571428571,30,1,0.0,0.0,0.0,0.0,0.0,0.18809,1.625
177.8684288,0.20925697505882354,0.05453478571428571,30,1,0.0,0.0,0.0,0.0,0.0,0.173336,0.20000000499999998
177.8684288,0.222335536,0.055399512857142855,93,1,0.0,0.0,0.0,0.0,0.0,0.19921701,3.3500000500000002
177.8684288,0.20925697505882354,0.055399512857142855,93,1,0.0,0.0,0.0,0.0,0.0,0.188282,1.3250000000000002
177.8684288,0.19763158755555557,0.055399512857142855,93,1,0.0,0.0,0.0,0.0,0.0,0.181614,0.39999998999999997
177.8684288,0.2736437366153846,0.055674414285714284,184,0,0.0,0.0,0.0,0.0,0.0,0.24488799,0.599999995
177.8684288,0.222335536,0.055674414285714284,184,0,0.0,0.0,0.0,0.0,0.0,0.201001,4.0999999
177.8684288,0.20925697505882354,0.055674414285714284,184,0,0.0,0.0,0.0,0.0,0.0,0.19468001,6.95000005
177.8684288,0.23715790506666667,0.05453478571428571,30,0,0.0,0.0,0.0,0.0,0.0,0.207451,0.35000001000000003
177.8684288,0.222335536,0.05453478571428571,30,0,0.0,0.0,0.0,0.0,0.0,0.18044101,1.75
177.8684288,0.222335536,0.055399512857142855,93,0,0.0,0.0,0.0,0.0,0.0,0.199559,3.1
177.8684288,0.20925697505882354,0.055399512857142855,93,0,0.0,0.0,0.0,0.0,0.0,0.189077,6.1500001
178.89631168,0.19877367964444445,0.05574568476190476,183,1,0.0,0.0,0.0,0.0,0.0,0.189808,1.525
178.89631168,0.2236203896,0.05439698800000001,29,1,0.0,0.0,0.0,0.0,0.0,0.18125001,1.8250000000000002
178.89631168,0.21046624903529412,0.05439698800000001,29,1,0.0,0.0,0.0,0.0,0.0,0.172673,0.25000000499999997
178.89631168,0.21046624903529412,0.05535593285714285,92,1,0.0,0.0,0.0,0.0,0.0,0.191367,1.475
178.89631168,0.19877367964444445,0.05535593285714285,92,1,0.0,0.0,0.0,0.0,0.0,0.185684,0.47500001000000003
178.89631168,0.23852841557333332,0.05439698800000001,29,0,0.0,0.0,0.0,0.0,0.0,0.22102,0.32499999999999996
178.89631168,0.2236203896,0.05439698800000001,29,0,0.0,0.0,0.0,0.0,0.0,0.17927399,1.45
178.89631168,0.23852841557333332,0.05535593285714285,92,0,0.0,0.0,0.0,0.0,0.0,0.21796501,1.275
178.89631168,0.2236203896,0.05535593285714285,92,0,0.0,0.0,0.0,0.0,0.0,0.198649,2.875
178.89631168,0.21046624903529412,0.05535593285714285,92,0,0.0,0.0,0.0,0.0,0.0,0.18674199,5.79999995
180.19233792,0.2252404224,0.055814505714285714,180,1,0.0,0.0,0.0,0.0,0.0,0.20586,5.70000005
180.19233792,0.2119909857882353,0.055814505714285714,180,1,0.0,0.0,0.0,0.0,0.0,0.196707,3.25
180.19233792,0.2002137088,0.055814505714285714,180,1,0.0,0.0,0.0,0.0,0.0,0.189943,1.65
180.19233792,0.18019233792,0.055814505714285714,180,1,0.0,0.0,0.0,0.0,0.0,0.18124101,0.29999999499999996
180.19233792,0.2252404224,0.0554461725,89,1,0.0,0.0,0.0,0.0,0.0,0.201077,3.9
180.19233792,0.2119909857882353,0.0554461725,89,1,0.0,0.0,0.0,0.0,0.0,0.19197799,1.65
180.19233792,0.2574176256,0.055814505714285714,180,0,0.0,0.0,0.0,0.0,0.0,0.23164099,1.05
180.19233792,0.2119909857882353,0.055814505714285714,180,0,0.0,0.0,0.0,0.0,0.0,0.19651601,6.29999995
180.19233792,0.24025645056,0.0554461725,89,0,0.0,0.0,0.0,0.0,0.0,0.21891201,1.1
180.19233792,0.2252404224,0.0554461725,89,0,0.0,0.0,0.0,0.0,0.0,0.202112,2.6000000500000002
180.19233792,0.2119909857882353,0.0554461725,89,0,0.0,0.0,0.0,0.0,0.0,0.19245701,5.4000001
180.19233792,0.2002137088,0.0554461725,89,0,0.0,0.0,0.0,0.0,0.0,0.18653999,9.4500003
179.56667008,0.2112549059764706,0.055945369523809525,179,1,0.0,0.0,0.0,0.0,0.0,0.193534,3.04999995
179.56667008,0.1995185223111111,0.055945369523809525,179,1,0.0,0.0,0.0,0.0,0.0,0.189043,1.55
179.56667008,0.18901754745263158,0.055945369523809525,179,1,0.0,0.0,0.0,0.0,0.0,0.185109,0.69999999
179.56667008,0.2762564155076923,0.055945369523809525,179,0,0.0,0.0,0.0,0.0,0.0,0.24978501,0.55000001
179.56667008,0.2565238144,0.055945369523809525,179,0,0.0,0.0,0.0,0.0,0.0,0.232908,1.1
179.56667008,0.2244583376,0.055945369523809525,179,0,0.0,0.0,0.0,0.0,0.0,0.20510601,3.8000000500000004
178.76224000000002,0.21030851764705885,0.055653642380952384,178,1,0.0,0.0,0.0,0.0,0.0,0.19486199,2.92499995
176.43833088,0.20757450691764706,0.05565937333333333,177,1,0.0,0.0,0.0,0.0,0.0,0.19100399,2.3999999499999998
176.43833088,0.19604258986666667,0.05565937333333333,177,1,0.0,0.0,0.0,0.0,0.0,0.183698,1.1
176.43833088,0.25205475839999997,0.05565937333333333,177,0,0.0,0.0,0.0,0.0,0.0,0.225761,1.225
176.43833088,0.23525110784,0.05565937333333333,177,0,0.0,0.0,0.0,0.0,0.0,0.21269,2.3999999499999998
176.43833088,0.2205479136,0.05565937333333333,177,0,0.0,0.0,0.0,0.0,0.0,0.198608,4.29999995
176.43833088,0.20757450691764706,0.05565937333333333,177,0,0.0,0.0,0.0,0.0,0.0,0.191851,7.29999995
176.43833088,0.19604258986666667,0.05565937333333333,177,0,0.0,0.0,0.0,0.0,0.0,0.18548,11.25
173.55578976,0.21694473720000002,0.053929208,32,1,0.0,0.0,0.0,0.0,0.0,0.189281,0.849999995
173.55578976,0.24793684251428572,0.053929208,32,0,0.0,0.0,0.0,0.0,0.0,0.264985,0.25000000499999997
173.55578976,0.23140771968,0.053929208,32,0,0.0,0.0,0.0,0.0,0.0,0.215864,0.900000005
173.55578976,0.21694473720000002,0.053929208,32,0,0.0,0.0,0.0,0.0,0.0,0.1903,3.1999999499999996
173.734552,0.2895575866666667,0.05391611,31,1,0.0,0.0,0.0,0.0,0.0,0.439302,17.8999995
173.734552,0.23164606933333334,0.05391611,31,1,0.0,0.0,0.0,0.0,0.0,0.226257,3.6999999499999996
173.734552,0.21716819,0.05391611,31,1,0.0,0.0,0.0,0.0,0.0,0.198392,0.900000005
173.734552,0.2043935905882353,0.05391611,31,1,0.0,0.0,0.0,0.0,0.0,0.180259,0.0750000005
173.734552,0.24819221714285716,0.05391611,31,0,0.0,0.0,0.0,0.0,0.0,0.25453499,0.20000000499999998
173.734552,0.23164606933333334,0.05391611,31,0,0.0,0.0,0.0,0.0,0.0,0.219537,0.900000005
173.734552,0.21716819,0.05391611,31,0,0.0,0.0,0.0,0.0,0.0,0.19436,3.1999999499999996
171.96927488,0.24567039268571428,0.053863894117647054,30,1,0.0,0.0,0.0,0.0,0.0,0.245055,7.29999995
171.96927488,0.22929236650666668,0.053863894117647054,30,1,0.0,0.0,0.0,0.0,0.0,0.20933899,3.0249999499999998
171.96927488,0.2149615936,0.053863894117647054,30,1,0.0,0.0,0.0,0.0,0.0,0.189464,0.599999995
171.96927488,0.22929236650666668,0.053863894117647054,30,0,0.0,0.0,0.0,0.0,0.0,0.214021,1.05
171.96927488,0.2149615936,0.053863894117647054,30,0,0.0,0.0,0.0,0.0,0.0,0.193387,3.6999999499999996
171.41064287999998,0.22854752384,0.05386814588235293,29,1,0.0,0.0,0.0,0.0,0.0,0.20127299,2.7749999499999998
171.41064287999998,0.21426330359999998,0.05386814588235293,29,1,0.0,0.0,0.0,0.0,0.0,0.18576901,0.5
171.41064287999998,0.22854752384,0.05386814588235293,29,0,0.0,0.0,0.0,0.0,0.0,0.20164201,0.999999995
171.41064287999998,0.21426330359999998,0.05386814588235293,29,0,0.0,0.0,0.0,0.0,0.0,0.184319,3.8000000500000004
184.00337969000003,0.28308212260000004,0.053954691428571434,32,1,0.0,0.0,0.0,0.0,0.0,0.430767,17.4499995
184.00337969000003,0.24533783958666672,0.053954691428571434,32,1,0.0,0.0,0.0,0.0,0.0,0.30045599,7.9000001
184.00337969000003,0.23000422461250003,0.053954691428571434,32,1,0.0,0.0,0.0,0.0,0.0,0.26350701,3.9
184.00337969000003,0.2164745643411765,0.053954691428571434,32,1,0.0,0.0,0.0,0.0,0.0,0.237674,1.275
184.00337969000003,0.20444819965555558,0.053954691428571434,32,1,0.0,0.0,0.0,0.0,0.0,0.231104,0.275000005
184.00337969000003,0.19368776809473687,0.053954691428571434,32,1,0.0,0.0,0.0,0.0,0.0,0.25384101,0.0750000005
184.00337969000003,0.24533783958666672,0.053954691428571434,32,0,0.0,0.0,0.0,0.0,0.0,0.301474,0.525000005
184.00337969000003,0.23000422461250003,0.053954691428571434,32,0,0.0,0.0,0.0,0.0,0.0,0.26541799,1.525
184.00337969000003,0.2164745643411765,0.053954691428571434,32,0,0.0,0.0,0.0,0.0,0.0,0.23655599,3.9
184.00337969000003,0.20444819965555558,0.053954691428571434,32,0,0.0,0.0,0.0,0.0,0.0,0.21995001,8.00000025
185.2819598,0.3088032663333333,0.05395297607142857,31,1,0.0,0.0,0.0,0.0,0.0,0.488004,22.8999995
185.2819598,0.26468851400000004,0.05395297607142857,31,1,0.0,0.0,0.0,0.0,0.0,0.366905,13.1
185.2819598,0.24704261306666667,0.05395297607142857,31,1,0.0,0.0,0.0,0.0,0.0,0.310058,8.4000001
185.2819598,0.23160244975000002,0.05395297607142857,31,1,0.0,0.0,0.0,0.0,0.0,0.277127,4.35000015
185.2819598,0.21797877623529413,0.05395297607142857,31,1,0.0,0.0,0.0,0.0,0.0,0.249982,1.55
185.2819598,0.20586884422222224,0.05395297607142857,31,1,0.0,0.0,0.0,0.0,0.0,0.232254,0.32499999999999996
185.2819598,0.19503364189473685,0.05395297607142857,31,1,0.0,0.0,0.0,0.0,0.0,0.231811,0.05
185.2819598,0.26468851400000004,0.05395297607142857,31,0,0.0,0.0,0.0,0.0,0.0,0.34809199,0.15000000000000002
185.2819598,0.24704261306666667,0.05395297607142857,31,0,0.0,0.0,0.0,0.0,0.0,0.305316,0.45000000500000004
185.2819598,0.23160244975000002,0.05395297607142857,31,0,0.0,0.0,0.0,0.0,0.0,0.27304599,1.375
185.2819598,0.21797877623529413,0.05395297607142857,31,0,0.0,0.0,0.0,0.0,0.0,0.24714901,3.6
185.2819598,0.20586884422222224,0.05395297607142857,31,0,0.0,0.0,0.0,0.0,0.0,0.232256,7.5
184.96792258,0.28456603473846154,0.05393981321428571,30,1,0.0,0.0,0.0,0.0,0.0,0.476935,17.9000005
184.96792258,0.2642398894,0.05393981321428571,30,1,0.0,0.0,0.0,0.0,0.0,0.31313199,12.850000000000001
184.96792258,0.24662389677333332,0.05393981321428571,30,1,0.0,0.0,0.0,0.0,0.0,0.29844201,8.2000003
184.96792258,0.23120990322499999,0.05393981321428571,30,1,0.0,0.0,0.0,0.0,0.0,0.28107601,4.25
184.96792258,0.21760932068235292,0.05393981321428571,30,1,0.0,0.0,0.0,0.0,0.0,0.25160801,1.475
184.96792258,0.20551991397777777,0.05393981321428571,30,1,0.0,0.0,0.0,0.0,0.0,0.228681,0.275000005
184.96792258,0.2642398894,0.05393981321428571,30,0,0.0,0.0,0.0,0.0,0.0,0.32515001,0.10000000549999999
184.96792258,0.24662389677333332,0.05393981321428571,30,0,0.0,0.0,0.0,0.0,0.0,0.278871,0.32499999999999996
184.96792258,0.23120990322499999,0.05393981321428571,30,0,0.0,0.0,0.0,0.0,0.0,0.27230799,1.375
184.96792258,0.21760932068235292,0.05393981321428571,30,0,0.0,0.0,0.0,0.0,0.0,0.24680001,3.65
193.71610228000003,0.27673728897142863,0.05391241321428571,29,1,0.0,0.0,0.0,0.0,0.0,0.46285999,16.6000005
193.71610228000003,0.25828813637333337,0.05391241321428571,29,1,0.0,0.0,0.0,0.0,0.0,0.36262801,11.7
193.71610228000003,0.24214512785000003,0.05391241321428571,29,1,0.0,0.0,0.0,0.0,0.0,0.26624301,6.9000001
193.71610228000003,0.22790129680000004,0.05391241321428571,29,1,0.0,0.0,0.0,0.0,0.0,0.20041201,2.725
193.71610228000003,0.21524011364444448,0.05391241321428571,29,1,0.0,0.0,0.0,0.0,0.0,0.174382,0.5
193.71610228000003,0.20391168661052636,0.05391241321428571,29,1,0.0,0.0,0.0,0.0,0.0,0.18969899,0.0750000005
193.71610228000003,0.19371610228000002,0.05391241321428571,29,1,0.0,0.0,0.0,0.0,0.0,0.229315,0.0250000005
193.71610228000003,0.25828813637333337,0.05391241321428571,29,0,0.0,0.0,0.0,0.0,0.0,0.270769,0.0750000005
193.71610228000003,0.24214512785000003,0.05391241321428571,29,0,0.0,0.0,0.0,0.0,0.0,0.22326501,0.275000005
193.71610228000003,0.22790129680000004,0.05391241321428571,29,0,0.0,0.0,0.0,0.0,0.0,0.184682,1.15
193.71610228000003,0.21524011364444448,0.05391241321428571,29,0,0.0,0.0,0.0,0.0,0.0,0.157057,3.95000005
203.06992519000002,0.19339992875238096,0.05417952238095238,187,1,0.0,0.0,0.0,0.0,0.0,0.172589,0.924999985
203.06992519000002,0.20306992519000003,0.05417952238095238,187,1,0.0,0.0,0.0,0.0,0.0,0.175822,1.9
201.32028925000003,0.2368473991176471,0.053840742857142854,32,1,0.0,0.0,0.0,0.0,0.0,0.21028,5.5999999
201.32028925000003,0.2236892102777778,0.053840742857142854,32,1,0.0,0.0,0.0,0.0,0.0,0.18806501,2.04999995
201.32028925000003,0.21191609394736846,0.053840742857142854,32,1,0.0,0.0,0.0,0.0,0.0,0.173641,0.375
201.32028925000003,0.25165036156250004,0.054178993333333335,186,0,0.0,0.0,0.0,0.0,0.0,0.209896,1.3
201.32028925000003,0.2236892102777778,0.054178993333333335,186,0,0.0,0.0,0.0,0.0,0.0,0.18886501,4.25
201.32028925000003,0.21191609394736846,0.054178993333333335,186,0,0.0,0.0,0.0,0.0,0.0,0.182036,7.0
201.32028925000003,0.25165036156250004,0.053840742857142854,32,0,0.0,0.0,0.0,0.0,0.0,0.252469,0.15000000000000002
201.32028925000003,0.2368473991176471,0.053840742857142854,32,0,0.0,0.0,0.0,0.0,0.0,0.215992,0.55000001
201.32028925000003,0.2236892102777778,0.053840742857142854,32,0,0.0,0.0,0.0,0.0,0.0,0.186801,1.95
201.32028925000003,0.21191609394736846,0.053840742857142854,32,0,0.0,0.0,0.0,0.0,0.0,0.176818,5.4000001
199.66037823000002,0.2101688191894737,0.05415516523809524,185,1,0.0,0.0,0.0,0.0,0.0,0.18043099,2.875
199.66037823000002,0.19966037823000002,0.05415516523809524,185,1,0.0,0.0,0.0,0.0,0.0,0.174813,1.45
199.66037823000002,0.26621383764,0.05383930828571429,31,1,0.0,0.0,0.0,0.0,0.0,0.30598599,14.4
199.66037823000002,0.24957547278750003,0.05383930828571429,31,1,0.0,0.0,0.0,0.0,0.0,0.241237,9.5
199.66037823000002,0.23489456262352942,0.05383930828571429,31,1,0.0,0.0,0.0,0.0,0.0,0.211401,5.0
199.66037823000002,0.22184486470000003,0.05383930828571429,31,1,0.0,0.0,0.0,0.0,0.0,0.18636701,1.65
199.66037823000002,0.2101688191894737,0.05415516523809524,185,0,0.0,0.0,0.0,0.0,0.0,0.180171,7.4000001
199.66037823000002,0.26621383764,0.05383930828571429,31,0,0.0,0.0,0.0,0.0,0.0,0.31151101,0.0750000005
199.66037823000002,0.24957547278750003,0.05383930828571429,31,0,0.0,0.0,0.0,0.0,0.0,0.23385499,0.125000005
199.66037823000002,0.23489456262352942,0.05383930828571429,31,0,0.0,0.0,0.0,0.0,0.0,0.20754901,0.599999995
199.66037823000002,0.22184486470000003,0.05383930828571429,31,0,0.0,0.0,0.0,0.0,0.0,0.187305,2.29999995
199.66037823000002,0.2101688191894737,0.05383930828571429,31,0,0.0,0.0,0.0,0.0,0.0,0.158627,6.0
200.53519620000003,0.2864788517142858,0.054290701428571425,93,1,0.0,0.0,0.0,0.0,0.0,0.27709401,20.1499995
200.53519620000003,0.26738026160000006,0.054290701428571425,93,1,0.0,0.0,0.0,0.0,0.0,0.242346,15.35
200.53519620000003,0.2228168846666667,0.054290701428571425,93,1,0.0,0.0,0.0,0.0,0.0,0.187768,3.5
200.53519620000003,0.2228168846666667,0.05383790085714286,30,1,0.0,0.0,0.0,0.0,0.0,0.183446,1.775
200.53519620000003,0.2228168846666667,0.054290701428571425,93,0,0.0,0.0,0.0,0.0,0.0,0.188438,3.3500000500000002
200.53519620000003,0.25066899525,0.05383790085714286,30,0,0.0,0.0,0.0,0.0,0.0,0.24502701,0.125000005
200.53519620000003,0.23592376023529416,0.05383790085714286,30,0,0.0,0.0,0.0,0.0,0.0,0.206791,0.5
200.53519620000003,0.2228168846666667,0.05383790085714286,30,0,0.0,0.0,0.0,0.0,0.0,0.183834,2.0249999499999998
200.53519620000003,0.21108968021052635,0.05383790085714286,30,0,0.0,0.0,0.0,0.0,0.0,0.16881,5.64999985
198.7406978,0.2338125856470588,0.05428116171428572,92,1,0.0,0.0,0.0,0.0,0.0,0.200441,6.04999995
198.7406978,0.22082299755555554,0.05428116171428572,92,1,0.0,0.0,0.0,0.0,0.0,0.186856,3.0249999499999998
198.7406978,0.20920073452631577,0.05428116171428572,92,1,0.0,0.0,0.0,0.0,0.0,0.174421,1.15
198.7406978,0.2338125856470588,0.054210613809523814,183,1,0.0,0.0,0.0,0.0,0.0,0.193058,7.70000005
198.7406978,0.22082299755555554,0.054210613809523814,183,1,0.0,0.0,0.0,0.0,0.0,0.185037,4.75
198.7406978,0.1987406978,0.054210613809523814,183,1,0.0,0.0,0.0,0.0,0.0,0.170766,1.25
198.7406978,0.24842587224999998,0.05383651142857143,29,1,0.0,0.0,0.0,0.0,0.0,0.230196,9.0499997
198.7406978,0.2338125856470588,0.05383651142857143,29,1,0.0,0.0,0.0,0.0,0.0,0.195419,4.5
198.7406978,0.22082299755555554,0.05383651142857143,29,1,0.0,0.0,0.0,0.0,0.0,0.176118,1.3
198.7406978,0.20920073452631577,0.05383651142857143,29,1,0.0,0.0,0.0,0.0,0.0,0.16424701,0.15000000000000002
198.7406978,0.24842587224999998,0.05428116171428572,92,0,0.0,0.0,0.0,0.0,0.0,0.212786,0.69999999
198.7406978,0.22082299755555554,0.05428116171428572,92,0,0.0,0.0,0.0,0.0,0.0,0.184773,3.6999999499999996
198.7406978,0.20920073452631577,0.05428116171428572,92,0,0.0,0.0,0.0,0.0,0.0,0.177883,7.0
198.7406978,0.1987406978,0.05428116171428572,92,0,0.0,0.0,0.0,0.0,0.0,-99.989998,11.4
198.7406978,0.2338125856470588,0.054210613809523814,183,0,0.0,0.0,0.0,0.0,0.0,0.19599301,2.67499995
198.7406978,0.20920073452631577,0.054210613809523814,183,0,0.0,0.0,0.0,0.0,0.0,0.176284,7.5999999
198.7406978,0.1987406978,0.054210613809523814,183,0,0.0,0.0,0.0,0.0,0.0,0.169807,11.55
198.7406978,0.24842587224999998,0.05383651142857143,29,0,0.0,0.0,0.0,0.0,0.0,0.23359101,0.125000005
198.7406978,0.2338125856470588,0.05383651142857143,29,0,0.0,0.0,0.0,0.0,0.0,0.19892,0.575000015
198.7406978,0.22082299755555554,0.05383651142857143,29,0,0.0,0.0,0.0,0.0,0.0,0.17647099,2.375
202.64373182000003,0.19299403030476192,0.05437678142857142,89,1,0.0,0.0,0.0,0.0,0.0,0.164565,0.125000005
202.64373182000003,0.22515970202222224,0.05437678142857142,89,1,0.0,0.0,0.0,0.0,0.0,0.188192,3.8500000500000002
202.64373182000003,0.2133091913894737,0.05437678142857142,89,1,0.0,0.0,0.0,0.0,0.0,0.175855,1.6
202.64373182000003,0.20264373182000003,0.05437678142857142,89,1,0.0,0.0,0.0,0.0,0.0,0.167659,0.5
202.64373182000003,0.22515970202222224,0.054400300476190475,180,1,0.0,0.0,0.0,0.0,0.0,0.18459401,5.64999985
202.64373182000003,0.2133091913894737,0.054400300476190475,180,1,0.0,0.0,0.0,0.0,0.0,0.17606799,3.1999999499999996
202.64373182000003,0.2701916424266667,0.05437678142857142,89,0,0.0,0.0,0.0,0.0,0.0,0.237956,0.20000000499999998
202.64373182000003,0.253304664775,0.05437678142857142,89,0,0.0,0.0,0.0,0.0,0.0,0.21614701,0.5
202.64373182000003,0.23840439037647063,0.05437678142857142,89,0,0.0,0.0,0.0,0.0,0.0,0.19922,1.25
202.64373182000003,0.22515970202222224,0.05437678142857142,89,0,0.0,0.0,0.0,0.0,0.0,0.18372101,2.8249999499999996
202.64373182000003,0.23840439037647063,0.054400300476190475,180,0,0.0,0.0,0.0,0.0,0.0,0.197522,2.1750000500000004
202.64373182000003,0.22515970202222224,0.054400300476190475,180,0,0.0,0.0,0.0,0.0,0.0,0.185596,3.8500000500000002
202.64373182000003,0.2133091913894737,0.054400300476190475,180,0,0.0,0.0,0.0,0.0,0.0,0.176144,6.45000005
202.64373182000003,0.20264373182000003,0.054400300476190475,180,0,0.0,0.0,0.0,0.0,0.0,0.170984,10.1
204.41579899,0.19468171332380954,0.05447788333333334,179,1,0.0,0.0,0.0,0.0,0.0,0.166651,0.849999995
204.41579899,0.22712866554444447,0.05447788333333334,179,1,0.0,0.0,0.0,0.0,0.0,0.18714499,6.20000005
204.41579899,0.20441579899,0.05447788333333334,179,1,0.0,0.0,0.0,0.0,0.0,0.171076,1.85
204.41579899,0.2555197487375,0.05447788333333334,179,0,0.0,0.0,0.0,0.0,0.0,0.209979,1.025
204.41579899,0.22712866554444447,0.05447788333333334,179,0,0.0,0.0,0.0,0.0,0.0,0.18566801,3.5
204.41579899,0.20441579899,0.05447788333333334,179,0,0.0,0.0,0.0,0.0,0.0,0.168073,9.4000001
209.39553205,0.19942431623809526,0.05432404142857143,178,1,0.0,0.0,0.0,0.0,0.0,0.164735,1.2
209.39553205,0.2326617022777778,0.05432404142857143,178,1,0.0,0.0,0.0,0.0,0.0,0.188426,7.5999999
209.39553205,0.2326617022777778,0.05432404142857143,178,0,0.0,0.0,0.0,0.0,0.0,0.188557,2.7749999499999998
209.39553205,0.20939553205000003,0.05432404142857143,178,0,0.0,0.0,0.0,0.0,0.0,0.170021,7.79999995
210.11333141000003,0.21011333141000002,0.0540915080952381,177,1,0.0,0.0,0.0,0.0,0.0,0.171159,2.625
212.4237481,0.20230833152380953,0.05383723,32,1,0.0,0.0,0.0,0.0,0.0,0.158595,0.0250000005
212.4237481,0.2360263867777778,0.05383723,32,1,0.0,0.0,0.0,0.0,0.0,0.19506,5.45000005
212.4237481,0.22360394536842107,0.05383723,32,1,0.0,0.0,0.0,0.0,0.0,0.16996001,1.85
212.4237481,0.2124237481,0.05383723,32,1,0.0,0.0,0.0,0.0,0.0,0.158958,0.29999999499999996
212.4237481,0.2360263867777778,0.05383723,32,0,0.0,0.0,0.0,0.0,0.0,0.19045401,0.5
212.4237481,0.22360394536842107,0.05383723,32,0,0.0,0.0,0.0,0.0,0.0,0.169036,2.0
212.4237481,0.2124237481,0.05383723,32,0,0.0,0.0,0.0,0.0,0.0,0.15413,5.5
214.19581527,0.20399601454285715,0.053828118,31,1,0.0,0.0,0.0,0.0,0.0,0.166677,0.05
214.19581527,0.22546927923157895,0.053828118,31,1,0.0,0.0,0.0,0.0,0.0,0.170858,2.25
214.19581527,0.21419581527,0.053828118,31,1,0.0,0.0,0.0,0.0,0.0,0.158547,0.39999998999999997
214.19581527,0.2519950767882353,0.053828118,31,0,0.0,0.0,0.0,0.0,0.0,0.24175,0.125000005
214.19581527,0.2379953503,0.053828118,31,0,0.0,0.0,0.0,0.0,0.0,0.196686,0.39999998999999997
214.19581527,0.22546927923157895,0.053828118,31,0,0.0,0.0,0.0,0.0,0.0,0.17145599,1.625
214.19581527,0.21419581527,0.053828118,31,0,0.0,0.0,0.0,0.0,0.0,0.15195701,4.79999995
213.61260329000004,0.22485537188421056,0.05381896,30,1,0.0,0.0,0.0,0.0,0.0,0.17186899,2.07500005
213.61260329000004,0.21361260329000004,0.05381896,30,1,0.0,0.0,0.0,0.0,0.0,0.16052,0.35000001000000003
213.61260329000004,0.26701575411250006,0.05381896,30,0,0.0,0.0,0.0,0.0,0.0,0.293906,0.05
213.61260329000004,0.23734733698888894,0.05381896,30,0,0.0,0.0,0.0,0.0,0.0,0.193573,0.39999998999999997
214.39769634,0.22568178562105265,0.05381539375,29,1,0.0,0.0,0.0,0.0,0.0,0.16585,2.1499999499999998
214.39769634,0.21439769634,0.05381539375,29,1,0.0,0.0,0.0,0.0,0.0,0.148532,0.29999999499999996
214.39769634,0.2522325839294118,0.05381539375,29,0,0.0,0.0,0.0,0.0,0.0,0.227156,0.0750000005
214.39769634,0.23821966260000002,0.05381539375,29,0,0.0,0.0,0.0,0.0,0.0,0.194804,0.35000001000000003
214.39769634,0.22568178562105265,0.05381539375,29,0,0.0,0.0,0.0,0.0,0.0,0.165474,1.5
216.58111542999998,0.20626772898095236,0.054126565714285715,32,1,0.0,0.0,0.0,0.0,0.0,0.22669099,0.35000001000000003
216.58111542999998,0.2406456838111111,0.054126565714285715,32,1,0.0,0.0,0.0,0.0,0.0,0.27475101,7.4000001
216.58111542999998,0.22798012150526314,0.054126565714285715,32,1,0.0,0.0,0.0,0.0,0.0,0.24952599,3.6999999499999996
216.58111542999998,0.21658111542999997,0.054126565714285715,32,1,0.0,0.0,0.0,0.0,0.0,0.236075,1.375
216.58111542999998,0.2707263942875,0.054126565714285715,32,0,0.0,0.0,0.0,0.0,0.0,0.33786801,0.10000000549999999
216.58111542999998,0.2548013122705882,0.054126565714285715,32,0,0.0,0.0,0.0,0.0,0.0,0.30197099,0.275000005
216.58111542999998,0.2406456838111111,0.054126565714285715,32,0,0.0,0.0,0.0,0.0,0.0,0.27137899,0.775000005
216.58111542999998,0.22798012150526314,0.054126565714285715,32,0,0.0,0.0,0.0,0.0,0.0,0.25004601,2.1000000500000002
216.58111542999998,0.21658111542999997,0.054126565714285715,32,0,0.0,0.0,0.0,0.0,0.0,0.23576,4.79999995
224.66434865999997,0.21396604634285712,0.054136766571428574,31,1,0.0,0.0,0.0,0.0,0.0,0.239443,1.05
224.66434865999997,0.44932869731999997,0.054136766571428574,31,1,0.0,0.0,0.0,0.0,0.0,1.140514,50.049999
224.66434865999997,0.37444058109999995,0.054136766571428574,31,1,0.0,0.0,0.0,0.0,0.0,0.75741303,40.0
224.66434865999997,0.34563745947692304,0.054136766571428574,31,1,0.0,0.0,0.0,0.0,0.0,0.68411601,35.0500015
224.66434865999997,0.29955246488,0.054136766571428574,31,1,0.0,0.0,0.0,0.0,0.0,0.51876497,25.15
224.66434865999997,0.28083043582499995,0.054136766571428574,31,1,0.0,0.0,0.0,0.0,0.0,0.371124,20.1000005
224.66434865999997,0.2643109984235294,0.054136766571428574,31,1,0.0,0.0,0.0,0.0,0.0,0.37474,15.35
224.66434865999997,0.24962705406666663,0.054136766571428574,31,1,0.0,0.0,0.0,0.0,0.0,0.30489799,10.55
224.66434865999997,0.23648878806315787,0.054136766571428574,31,1,0.0,0.0,0.0,0.0,0.0,0.269582,6.25
224.66434865999997,0.22466434865999999,0.054136766571428574,31,1,0.0,0.0,0.0,0.0,0.0,0.24502601,2.9
224.66434865999997,0.21396604634285712,0.054136766571428574,31,0,0.0,0.0,0.0,0.0,0.0,0.241638,6.0
224.66434865999997,0.28083043582499995,0.054136766571428574,31,0,0.0,0.0,0.0,0.0,0.0,0.355757,0.05
224.66434865999997,0.2643109984235294,0.054136766571428574,31,0,0.0,0.0,0.0,0.0,0.0,0.32561699,0.15000000000000002
224.66434865999997,0.24962705406666663,0.054136766571428574,31,0,0.0,0.0,0.0,0.0,0.0,0.285716,0.375
224.66434865999997,0.23648878806315787,0.054136766571428574,31,0,0.0,0.0,0.0,0.0,0.0,0.25783601,1.05
224.66434865999997,0.22466434865999999,0.054136766571428574,31,0,0.0,0.0,0.0,0.0,0.0,0.247116,2.82500005
225.81266313,0.21505967917142857,0.05413298771428571,30,1,0.0,0.0,0.0,0.0,0.0,0.16399799,0.5
225.81266313,0.45162532626,0.05413298771428571,30,1,0.0,0.0,0.0,0.0,0.0,0.973607,50.5500015
225.81266313,0.32258951875714287,0.05413298771428571,30,1,0.0,0.0,0.0,0.0,0.0,-99.989998,30.6000005
225.81266313,0.2822658289125,0.05413298771428571,30,1,0.0,0.0,0.0,0.0,0.0,0.283297,20.6499995
225.81266313,0.2656619566235294,0.05413298771428571,30,1,0.0,0.0,0.0,0.0,0.0,0.26704699,15.7
225.81266313,0.2509029590333333,0.05413298771428571,30,1,0.0,0.0,0.0,0.0,0.0,0.22949199,10.8
225.81266313,0.2376975401368421,0.05413298771428571,30,1,0.0,0.0,0.0,0.0,0.0,0.191131,6.0999999
225.81266313,0.22581266313,0.05413298771428571,30,1,0.0,0.0,0.0,0.0,0.0,0.17383,2.375
225.81266313,0.21505967917142857,0.05413298771428571,30,0,0.0,0.0,0.0,0.0,0.0,0.163627,4.9000001
225.81266313,0.45162532626,0.05413298771428571,30,0,0.0,0.0,0.0,0.0,0.0,0.92964,0.0250000005
225.81266313,0.2656619566235294,0.05413298771428571,30,0,0.0,0.0,0.0,0.0,0.0,0.28348801,0.05
225.81266313,0.2509029590333333,0.05413298771428571,30,0,0.0,0.0,0.0,0.0,0.0,0.234786,0.125000005
225.81266313,0.2376975401368421,0.05413298771428571,30,0,0.0,0.0,0.0,0.0,0.0,0.19994999,0.45000000500000004
225.81266313,0.22581266313,0.05413298771428571,30,0,0.0,0.0,0.0,0.0,0.0,0.16964,1.625
225.02460417999998,0.2143091468380952,0.054136774857142855,29,1,0.0,0.0,0.0,0.0,0.0,0.162259,0.39999998999999997
225.02460417999998,0.23686800439999997,0.054136774857142855,29,1,0.0,0.0,0.0,0.0,0.0,0.19613799,5.79999995
225.02460417999998,0.22502460417999998,0.054136774857142855,29,1,0.0,0.0,0.0,0.0,0.0,0.170248,2.1000000500000002
225.02460417999998,0.2143091468380952,0.054136774857142855,29,0,0.0,0.0,0.0,0.0,0.0,0.143453,5.0999999
225.02460417999998,0.23686800439999997,0.054136774857142855,29,0,0.0,0.0,0.0,0.0,0.0,0.19126301,0.42500000000000004
225.02460417999998,0.22502460417999998,0.054136774857142855,29,0,0.0,0.0,0.0,0.0,0.0,0.166685,1.725
225.09215208999998,0.20462922917272727,0.053040277912087916,368,1,0.0,0.0,0.0,0.0,0.0,0.183542,4.9000001
225.09215208999998,0.21437347818095237,0.053820351999999995,32,1,0.0,0.0,0.0,0.0,0.0,0.172934,0.55000001
225.09215208999998,0.20462922917272727,0.053820351999999995,32,1,0.0,0.0,0.0,0.0,0.0,0.17105401,0.0750000005
225.09215208999998,0.23693910746315788,0.053820351999999995,32,1,0.0,0.0,0.0,0.0,0.0,0.19759899,5.9000001
225.09215208999998,0.22509215209,0.053820351999999995,32,1,0.0,0.0,0.0,0.0,0.0,0.18423299,2.375
225.09215208999998,0.2501023912111111,0.05390357333333333,186,1,0.0,0.0,0.0,0.0,0.0,0.20531499,13.15
225.09215208999998,0.23693910746315788,0.05390357333333333,186,1,0.0,0.0,0.0,0.0,0.0,0.19760001,9.4500003
225.09215208999998,0.22509215209,0.05390357333333333,186,1,0.0,0.0,0.0,0.0,0.0,0.18882599,6.29999995
225.09215208999998,0.21437347818095237,0.053820351999999995,32,0,0.0,0.0,0.0,0.0,0.0,0.176632,5.29999995
225.09215208999998,0.22509215209,0.053820351999999995,32,0,0.0,0.0,0.0,0.0,0.0,0.181254,1.9749999999999999
225.09215208999998,0.2813651901125,0.05390357333333333,186,0,0.0,0.0,0.0,0.0,0.0,0.229543,0.45000000500000004
225.09215208999998,0.2501023912111111,0.05390357333333333,186,0,0.0,0.0,0.0,0.0,0.0,0.206937,1.575
224.75441253999998,0.2043221932181818,0.05381551,31,1,0.0,0.0,0.0,0.0,0.0,0.176217,0.0750000005
224.75441253999998,0.28094301567499996,0.05381551,31,1,0.0,0.0,0.0,0.0,0.0,-99.989998,20.1499995
224.75441253999998,0.22475441253999998,0.05381551,31,1,0.0,0.0,0.0,0.0,0.0,0.17915,2.20000005
224.75441253999998,0.2043221932181818,0.05403633047619048,185,1,0.0,0.0,0.0,0.0,0.0,0.176255,2.125
224.75441253999998,0.22475441253999998,0.05403633047619048,185,1,0.0,0.0,0.0,0.0,0.0,0.188798,6.20000005
224.75441253999998,0.2365835921473684,0.05381551,31,0,0.0,0.0,0.0,0.0,0.0,0.192926,0.5
224.75441253999998,0.22475441253999998,0.05381551,31,0,0.0,0.0,0.0,0.0,0.0,0.17780501,1.9749999999999999
224.75441253999998,0.21405182146666665,0.05403633047619048,185,0,0.0,0.0,0.0,0.0,0.0,0.181536,7.29999995
224.75441253999998,0.2365835921473684,0.05403633047619048,185,0,0.0,0.0,0.0,0.0,0.0,0.196674,2.7749999499999998
224.75441253999998,0.2644169559294117,0.05338359945054945,367,0,0.0,0.0,0.0,0.0,0.0,0.218126,2.0
224.75441253999998,0.24972712504444441,0.05338359945054945,367,0,0.0,0.0,0.0,0.0,0.0,0.210123,3.0249999499999998
224.41667299,0.22441667298999998,0.053813451176470586,30,1,0.0,0.0,0.0,0.0,0.0,0.178012,2.04999995
224.41667299,0.21373016475238094,0.05407503535714286,93,1,0.0,0.0,0.0,0.0,0.0,0.17661101,1.85
224.41667299,0.23622807683157895,0.05407503535714286,93,1,0.0,0.0,0.0,0.0,0.0,0.19574501,7.20000005
224.41667299,0.22441667298999998,0.05407503535714286,93,1,0.0,0.0,0.0,0.0,0.0,0.184995,4.0
224.41667299,0.20401515726363637,0.053966822380952385,184,1,0.0,0.0,0.0,0.0,0.0,0.173153,1.9749999999999999
224.41667299,0.19514493303478261,0.053966822380952385,184,1,0.0,0.0,0.0,0.0,0.0,0.16976599,0.999999995
224.41667299,0.21373016475238094,0.053813451176470586,30,0,0.0,0.0,0.0,0.0,0.0,0.170509,5.5
224.41667299,0.179533338392,0.053813451176470586,30,0,0.0,0.0,0.0,0.0,0.0,0.43085101,25.3500005
224.41667299,0.23622807683157895,0.053813451176470586,30,0,0.0,0.0,0.0,0.0,0.0,0.191576,0.5
224.41667299,0.22441667298999998,0.053813451176470586,30,0,0.0,0.0,0.0,0.0,0.0,0.17701399,2.025
224.41667299,0.2805208412375,0.05407503535714286,93,0,0.0,0.0,0.0,0.0,0.0,0.248758,0.15000000000000002
224.41667299,0.24935185887777778,0.05407503535714286,93,0,0.0,0.0,0.0,0.0,0.0,0.210959,0.775000005
224.41667299,0.23622807683157895,0.05407503535714286,93,0,0.0,0.0,0.0,0.0,0.0,0.19578899,1.7
224.41667299,0.24935185887777778,0.053966822380952385,184,0,0.0,0.0,0.0,0.0,0.0,0.204408,1.575
224.41667299,0.2992222306533333,0.05317376439560439,366,1,0.0,0.0,0.0,0.0,0.0,0.22655199,27.75
224.41667299,0.24935185887777778,0.05317376439560439,366,1,0.0,0.0,0.0,0.0,0.0,0.206239,15.65
224.41667299,0.20401515726363637,0.05317376439560439,366,0,0.0,0.0,0.0,0.0,0.0,0.181145,11.95
225.02460417999998,0.2143091468380952,0.05381321705882353,29,1,0.0,0.0,0.0,0.0,0.0,0.159788,0.375
225.02460417999998,0.20456782198181817,0.05381321705882353,29,1,0.0,0.0,0.0,0.0,0.0,0.18090899,0.0750000005
225.02460417999998,0.23686800439999997,0.05381321705882353,29,1,0.0,0.0,0.0,0.0,0.0,0.194608,5.75
225.02460417999998,0.22502460417999998,0.05381321705882353,29,1,0.0,0.0,0.0,0.0,0.0,0.17251299,2.1000000500000002
225.02460417999998,0.2647348284470588,0.05408344821428572,92,1,0.0,0.0,0.0,0.0,0.0,0.228452,16.0
225.02460417999998,0.23686800439999997,0.05408344821428572,92,1,0.0,0.0,0.0,0.0,0.0,0.193221,7.3499999
225.02460417999998,0.20456782198181817,0.054079449523809525,183,1,0.0,0.0,0.0,0.0,0.0,0.172521,2.0249999499999998
225.02460417999998,0.22502460417999998,0.054079449523809525,183,1,0.0,0.0,0.0,0.0,0.0,0.18524501,6.0999999
225.02460417999998,0.23686800439999997,0.05381321705882353,29,0,0.0,0.0,0.0,0.0,0.0,0.194051,0.45000000500000004
225.02460417999998,0.22502460417999998,0.05381321705882353,29,0,0.0,0.0,0.0,0.0,0.0,0.171839,1.8
225.02460417999998,0.2143091468380952,0.05408344821428572,92,0,0.0,0.0,0.0,0.0,0.0,0.175257,6.20000005
225.02460417999998,0.28128075522499996,0.05408344821428572,92,0,0.0,0.0,0.0,0.0,0.0,0.24468499,0.125000005
225.02460417999998,0.23686800439999997,0.05408344821428572,92,0,0.0,0.0,0.0,0.0,0.0,0.195244,1.6
225.02460417999998,0.28128075522499996,0.05339825076923077,365,1,0.0,0.0,0.0,0.0,0.0,0.22278801,23.75
219.9810269,0.2095057399047619,0.054096270714285716,89,1,0.0,0.0,0.0,0.0,0.0,0.174182,1.175
219.9810269,0.23155897568421052,0.054096270714285716,89,1,0.0,0.0,0.0,0.0,0.0,0.19329999,5.70000005
219.9810269,0.2199810269,0.054096270714285716,89,1,0.0,0.0,0.0,0.0,0.0,0.182014,2.875
219.9810269,0.24442336322222222,0.054096270714285716,89,0,0.0,0.0,0.0,0.0,0.0,0.206211,0.974999995
219.9810269,0.23155897568421052,0.054096270714285716,89,0,0.0,0.0,0.0,0.0,0.0,0.19382299,2.20000005
219.9810269,0.2199810269,0.054096270714285716,89,0,0.0,0.0,0.0,0.0,0.0,0.181896,4.4000001
219.9810269,0.19128784947826086,0.05408512380952381,180,0,0.0,0.0,0.0,0.0,0.0,-99.989998,17.3000005
219.9810269,0.24442336322222222,0.05408512380952381,180,0,0.0,0.0,0.0,0.0,0.0,0.19975799,1.85
219.9810269,0.3666350448333333,0.0533705910989011,362,0,0.0,0.0,0.0,0.0,0.0,0.259027,0.15000000000000002
219.9810269,0.24442336322222222,0.0533705910989011,362,0,0.0,0.0,0.0,0.0,0.0,0.206043,3.4
219.9810269,0.2199810269,0.0533705910989011,362,0,0.0,0.0,0.0,0.0,0.0,0.190744,7.0999999
217.86452572,0.19805865974545453,0.05412780904761904,179,1,0.0,0.0,0.0,0.0,0.0,0.169269,1.15
217.86452572,0.21786452571999998,0.05412780904761904,179,1,0.0,0.0,0.0,0.0,0.0,0.180246,4.20000005
217.86452572,0.21786452571999998,0.05354019263736264,361,1,0.0,0.0,0.0,0.0,0.0,0.188394,7.29999995
217.86452572,0.27233065715,0.05354019263736264,361,0,0.0,0.0,0.0,0.0,0.0,0.22032601,1.5
217.86452572,0.24207169524444444,0.05354019263736264,361,0,0.0,0.0,0.0,0.0,0.0,0.204349,3.6
218.04465348,0.19822241225454545,0.053508578791208794,360,1,0.0,0.0,0.0,0.0,0.0,0.17566399,3.3500000500000002
218.04465348,0.27255581684999997,0.053508578791208794,360,1,0.0,0.0,0.0,0.0,0.0,0.21264,20.75
218.04465348,0.2422718372,0.053508578791208794,360,0,0.0,0.0,0.0,0.0,0.0,0.19904099,3.4
218.04465348,0.20766157474285712,0.05411052952380953,178,1,0.0,0.0,0.0,0.0,0.0,0.17200799,2.2749999499999998
218.04465348,0.21804465348,0.05411052952380953,178,1,0.0,0.0,0.0,0.0,0.0,0.179726,4.20000005
215.79305648,0.21579305648,0.05416111714285714,177,1,0.0,0.0,0.0,0.0,0.0,0.17882,3.6999999499999996
236.8680044,0.2255885756190476,0.05408834,32,1,0.0,0.0,0.0,0.0,0.0,0.1743,2.375
236.8680044,0.21533454945454544,0.05408834,32,1,0.0,0.0,0.0,0.0,0.0,0.162816,0.525000005
236.8680044,0.20597217773913043,0.05408834,32,1,0.0,0.0,0.0,0.0,0.0,0.16418201,0.0750000005
236.8680044,0.2493347414736842,0.05408834,32,1,0.0,0.0,0.0,0.0,0.0,0.20465,10.6
236.8680044,0.2368680044,0.05408834,32,1,0.0,0.0,0.0,0.0,0.0,0.190716,6.0
236.8680044,0.2255885756190476,0.05408834,32,0,0.0,0.0,0.0,0.0,0.0,0.172187,2.0
236.8680044,0.21533454945454544,0.05408834,32,0,0.0,0.0,0.0,0.0,0.0,0.155893,5.20000005
236.8680044,0.2368680044,0.05408834,32,0,0.0,0.0,0.0,0.0,0.0,0.188759,0.55000001
237.27329185999997,0.22597456367619045,0.05408104285714286,31,1,0.0,0.0,0.0,0.0,0.0,0.16820601,2.29999995
237.27329185999997,0.21570299259999998,0.05408104285714286,31,1,0.0,0.0,0.0,0.0,0.0,0.155067,0.45000000500000004
237.27329185999997,0.26363699095555554,0.05408104285714286,31,1,0.0,0.0,0.0,0.0,0.0,0.28842199,15.65
237.27329185999997,0.23727329185999999,0.05408104285714286,31,1,0.0,0.0,0.0,0.0,0.0,0.199448,6.0999999
237.27329185999997,0.22597456367619045,0.05408104285714286,31,0,0.0,0.0,0.0,0.0,0.0,0.16498899,1.85
237.27329185999997,0.21570299259999998,0.05408104285714286,31,0,0.0,0.0,0.0,0.0,0.0,0.152941,5.0999999
237.27329185999997,0.26363699095555554,0.05408104285714286,31,0,0.0,0.0,0.0,0.0,0.0,0.235975,0.0250000005
237.27329185999997,0.23727329185999999,0.05408104285714286,31,0,0.0,0.0,0.0,0.0,0.0,0.18974601,0.525000005
237.56599947,0.22625333282857144,0.05383571,30,1,0.0,0.0,0.0,0.0,0.0,0.1675,2.375
237.56599947,0.23756599947,0.05383571,30,1,0.0,0.0,0.0,0.0,0.0,0.192384,6.20000005
237.56599947,0.22625333282857144,0.05383571,30,0,0.0,0.0,0.0,0.0,0.0,0.16344,1.7
237.56599947,0.20657912997391306,0.05383571,30,0,0.0,0.0,0.0,0.0,0.0,-99.989998,9.5
237.56599947,0.2639622216333333,0.05383571,30,0,0.0,0.0,0.0,0.0,0.0,0.242722,0.0250000005
237.56599947,0.23756599947,0.05383571,30,0,0.0,0.0,0.0,0.0,0.0,0.187444,0.45000000500000004
239.34476109999997,0.2279473915238095,0.053831514,29,1,0.0,0.0,0.0,0.0,0.0,0.171197,2.8500000500000002
239.34476109999997,0.21758614645454544,0.053831514,29,1,0.0,0.0,0.0,0.0,0.0,0.16477799,0.69999999
239.34476109999997,0.20812587921739129,0.053831514,29,1,0.0,0.0,0.0,0.0,0.0,0.172653,0.125000005
239.34476109999997,0.25194185378947365,0.053831514,29,1,0.0,0.0,0.0,0.0,0.0,0.25330499,11.7
239.34476109999997,0.23934476109999997,0.053831514,29,1,0.0,0.0,0.0,0.0,0.0,0.199751,6.9000001
239.34476109999997,0.2279473915238095,0.053831514,29,0,0.0,0.0,0.0,0.0,0.0,0.168382,1.4
239.34476109999997,0.25194185378947365,0.053831514,29,0,0.0,0.0,0.0,0.0,0.0,0.21579,0.0750000005
239.34476109999997,0.23934476109999997,0.053831514,29,0,0.0,0.0,0.0,0.0,0.0,0.191459,0.35000001000000003
246.8571485,0.23510204619047617,0.05383049964285714,32,1,0.0,0.0,0.0,0.0,0.0,0.236113,5.9000001
246.8571485,0.22441558954545454,0.05383049964285714,32,1,0.0,0.0,0.0,0.0,0.0,0.213827,2.625
246.8571485,0.21465839,0.05383049964285714,32,1,0.0,0.0,0.0,0.0,0.0,0.199489,0.80000001
246.8571485,0.25984963,0.05383049964285714,32,1,0.0,0.0,0.0,0.0,0.0,0.28275999,14.8
246.8571485,0.24685714849999998,0.05383049964285714,32,1,0.0,0.0,0.0,0.0,0.0,0.25641999,10.1
246.8571485,0.23510204619047617,0.05383049964285714,32,0,0.0,0.0,0.0,0.0,0.0,0.232513,1.175
246.8571485,0.22441558954545454,0.05383049964285714,32,0,0.0,0.0,0.0,0.0,0.0,0.214261,2.95000005
246.8571485,0.21465839,0.05383049964285714,32,0,0.0,0.0,0.0,0.0,0.0,0.20056599,6.20000005
246.8571485,0.29042017470588233,0.05383049964285714,32,0,0.0,0.0,0.0,0.0,0.0,0.387236,0.05
246.8571485,0.27428572055555556,0.05383049964285714,32,0,0.0,0.0,0.0,0.0,0.0,0.32909101,0.0750000005
246.8571485,0.25984963,0.05383049964285714,32,0,0.0,0.0,0.0,0.0,0.0,0.291958,0.17500000500000001
246.8571485,0.24685714849999998,0.05383049964285714,32,0,0.0,0.0,0.0,0.0,0.0,0.26028001,0.45000000500000004
245.95332369999997,0.23424126066666665,0.053830322142857136,31,1,0.0,0.0,0.0,0.0,0.0,0.23212001,5.5
245.95332369999997,0.2235939306363636,0.053830322142857136,31,1,0.0,0.0,0.0,0.0,0.0,0.214028,2.375
245.95332369999997,0.2138724553913043,0.053830322142857136,31,1,0.0,0.0,0.0,0.0,0.0,0.204555,0.724999995
245.95332369999997,0.20496110308333332,0.053830322142857136,31,1,0.0,0.0,0.0,0.0,0.0,0.199249,0.15000000000000002
245.95332369999997,0.24595332369999998,0.053830322142857136,31,1,0.0,0.0,0.0,0.0,0.0,0.258012,9.7000003
245.95332369999997,0.23424126066666665,0.053830322142857136,31,0,0.0,0.0,0.0,0.0,0.0,0.232612,1.25
245.95332369999997,0.2235939306363636,0.053830322142857136,31,0,0.0,0.0,0.0,0.0,0.0,0.21575101,3.1499999499999998
245.95332369999997,0.2138724553913043,0.053830322142857136,31,0,0.0,0.0,0.0,0.0,0.0,0.204961,6.54999995
245.95332369999997,0.20496110308333332,0.053830322142857136,31,0,0.0,0.0,0.0,0.0,0.0,0.243938,11.25
245.95332369999997,0.27328147077777776,0.053830322142857136,31,0,0.0,0.0,0.0,0.0,0.0,0.32877901,0.0750000005
245.95332369999997,0.2588982354736842,0.053830322142857136,31,0,0.0,0.0,0.0,0.0,0.0,0.29018801,0.17500000500000001
245.95332369999997,0.24595332369999998,0.053830322142857136,31,0,0.0,0.0,0.0,0.0,0.0,0.25650799,0.45000000500000004
245.38843319999998,0.2337032697142857,0.053839688928571425,30,1,0.0,0.0,0.0,0.0,0.0,0.235743,5.35000015
245.38843319999998,0.2230803938181818,0.053839688928571425,30,1,0.0,0.0,0.0,0.0,0.0,0.22115301,2.3249999499999996
245.38843319999998,0.21338124626086954,0.053839688928571425,30,1,0.0,0.0,0.0,0.0,0.0,0.20685101,0.674999985
245.38843319999998,0.20449036099999998,0.053839688928571425,30,1,0.0,0.0,0.0,0.0,0.0,0.205789,0.15000000000000002
245.38843319999998,0.4461607876363636,0.053839688928571425,30,1,0.0,0.0,0.0,0.0,0.0,0.99072599,53.8999995
245.38843319999998,0.40898072199999996,0.053839688928571425,30,1,0.0,0.0,0.0,0.0,0.0,0.919855,48.9499985
245.38843319999998,0.3775206664615384,0.053839688928571425,30,1,0.0,0.0,0.0,0.0,0.0,0.77647501,43.9499985
245.38843319999998,0.3505549045714285,0.053839688928571425,30,1,0.0,0.0,0.0,0.0,0.0,0.70951998,39.0
245.38843319999998,0.3067355415,0.053839688928571425,30,1,0.0,0.0,0.0,0.0,0.0,0.471513,29.0
245.38843319999998,0.27265381466666666,0.053839688928571425,30,1,0.0,0.0,0.0,0.0,0.0,0.34881699,19.1000005
245.38843319999998,0.2583036138947368,0.053839688928571425,30,1,0.0,0.0,0.0,0.0,0.0,0.29401499,14.2
245.38843319999998,0.24538843319999998,0.053839688928571425,30,1,0.0,0.0,0.0,0.0,0.0,0.25881201,9.5
245.38843319999998,0.2337032697142857,0.053839688928571425,30,0,0.0,0.0,0.0,0.0,0.0,0.230928,1.25
245.38843319999998,0.2230803938181818,0.053839688928571425,30,0,0.0,0.0,0.0,0.0,0.0,0.217906,3.25
245.38843319999998,0.21338124626086954,0.053839688928571425,30,0,0.0,0.0,0.0,0.0,0.0,0.203263,6.70000005
245.38843319999998,0.2583036138947368,0.053839688928571425,30,0,0.0,0.0,0.0,0.0,0.0,0.273433,0.125000005
245.38843319999998,0.24538843319999998,0.053839688928571425,30,0,0.0,0.0,0.0,0.0,0.0,0.248226,0.39999998999999997
246.40523609999997,0.2346716534285714,0.053857248571428575,29,1,0.0,0.0,0.0,0.0,0.0,0.189184,5.0999999
246.40523609999997,0.22400476009090906,0.053857248571428575,29,1,0.0,0.0,0.0,0.0,0.0,0.17397501,1.85
246.40523609999997,0.21426542269565216,0.053857248571428575,29,1,0.0,0.0,0.0,0.0,0.0,0.171918,0.42500000000000004
246.40523609999997,0.20533769674999997,0.053857248571428575,29,1,0.0,0.0,0.0,0.0,0.0,0.16699301,0.05
246.40523609999997,0.27378359566666666,0.053857248571428575,29,1,0.0,0.0,0.0,0.0,0.0,0.307156,19.3500005
246.40523609999997,0.25937393273684206,0.053857248571428575,29,1,0.0,0.0,0.0,0.0,0.0,0.27849999,14.45
246.40523609999997,0.24640523609999998,0.053857248571428575,29,1,0.0,0.0,0.0,0.0,0.0,0.21511,9.5499997
246.40523609999997,0.2346716534285714,0.053857248571428575,29,0,0.0,0.0,0.0,0.0,0.0,0.188849,0.724999995
246.40523609999997,0.22400476009090906,0.053857248571428575,29,0,0.0,0.0,0.0,0.0,0.0,0.17727099,2.5249999499999998
246.40523609999997,0.21426542269565216,0.053857248571428575,29,0,0.0,0.0,0.0,0.0,0.0,0.174034,6.1500001
246.40523609999997,0.20533769674999997,0.053857248571428575,29,0,0.0,0.0,0.0,0.0,0.0,0.225641,11.0
246.40523609999997,0.27378359566666666,0.053857248571428575,29,0,0.0,0.0,0.0,0.0,0.0,0.293264,0.0250000005
246.40523609999997,0.25937393273684206,0.053857248571428575,29,0,0.0,0.0,0.0,0.0,0.0,0.25876299,0.0750000005
246.40523609999997,0.24640523609999998,0.053857248571428575,29,0,0.0,0.0,0.0,0.0,0.0,0.216582,0.20000000499999998
245.70477187999998,0.49140954375999996,0.053718595714285715,187,1,0.0,0.0,0.0,0.0,0.0,0.205567,6.4000001
245.70477187999998,0.4095079531333333,0.053718595714285715,187,1,0.0,0.0,0.0,0.0,0.0,0.17962199,1.2
245.70477187999998,0.5460106041777777,0.053718595714285715,187,0,0.0,0.0,0.0,0.0,0.0,0.234677,0.42500000000000004
244.71056459999997,0.4894211291999999,0.053837901714285714,32,1,0.0,0.0,0.0,0.0,0.0,0.20555399,4.45000005
244.71056459999997,0.4449282992727272,0.053837901714285714,32,1,0.0,0.0,0.0,0.0,0.0,0.170293,0.80000001
244.71056459999997,0.40785094099999997,0.053837901714285714,32,1,0.0,0.0,0.0,0.0,0.0,0.168336,0.0250000005
244.71056459999997,0.46611536114285707,0.053837901714285714,32,1,0.0,0.0,0.0,0.0,0.0,0.18406799,2.29999995
244.71056459999997,0.4449282992727272,0.05356853619047618,186,1,0.0,0.0,0.0,0.0,0.0,0.191092,3.0249999499999998
244.71056459999997,0.37647779169230766,0.05356853619047618,186,1,0.0,0.0,0.0,0.0,0.0,0.171037,0.29999999499999996
244.71056459999997,0.4449282992727272,0.053837901714285714,32,0,0.0,0.0,0.0,0.0,0.0,0.166198,1.45
244.71056459999997,0.46611536114285707,0.053837901714285714,32,0,0.0,0.0,0.0,0.0,0.0,0.18078899,0.45000000500000004
244.71056459999997,0.5438012546666666,0.05356853619047618,186,0,0.0,0.0,0.0,0.0,0.0,0.227667,0.39999998999999997
243.53559235999998,0.4427919861090909,0.05383829771428572,31,1,0.0,0.0,0.0,0.0,0.0,0.171792,0.69999999
243.53559235999998,0.46387731878095234,0.05383829771428572,31,1,0.0,0.0,0.0,0.0,0.0,0.171661,2.04999995
243.53559235999998,0.4235401606260869,0.05383829771428572,31,1,0.0,0.0,0.0,0.0,0.0,0.17115401,0.15000000000000002
243.53559235999998,0.46387731878095234,0.05383829771428572,31,0,0.0,0.0,0.0,0.0,0.0,0.176421,0.474999995
241.68275151999998,0.5370727811555556,0.053843469428571426,30,1,0.0,0.0,0.0,0.0,0.0,0.31866601,8.7000003
241.68275151999998,0.48336550304,0.053843469428571426,30,1,0.0,0.0,0.0,0.0,0.0,0.188995,3.8000000500000004
241.68275151999998,0.43942318458181817,0.053843469428571426,30,1,0.0,0.0,0.0,0.0,0.0,0.165078,0.5
241.68275151999998,0.5088057926736842,0.053843469428571426,30,1,0.0,0.0,0.0,0.0,0.0,0.223259,6.20000005
241.68275151999998,0.46034809813333327,0.053843469428571426,30,1,0.0,0.0,0.0,0.0,0.0,0.169258,1.725
241.68275151999998,0.4203178287304348,0.053843469428571426,30,1,0.0,0.0,0.0,0.0,0.0,0.171001,0.10000000549999999
241.68275151999998,0.48336550304,0.0539157,93,1,0.0,0.0,0.0,0.0,0.0,0.201416,4.5999999
241.68275151999998,0.43942318458181817,0.0539157,93,1,0.0,0.0,0.0,0.0,0.0,0.17686801,1.45
241.68275151999998,0.5686652976941176,0.0539157,93,1,0.0,0.0,0.0,0.0,0.0,0.283398,11.45
241.68275151999998,0.43942318458181817,0.05345461142857142,184,1,0.0,0.0,0.0,0.0,0.0,0.18098,2.5
241.68275151999998,0.46034809813333327,0.05345461142857142,184,1,0.0,0.0,0.0,0.0,0.0,0.19079,3.9
241.68275151999998,0.4203178287304348,0.05345461142857142,184,1,0.0,0.0,0.0,0.0,0.0,0.175596,1.5
241.68275151999998,0.43942318458181817,0.053843469428571426,30,0,0.0,0.0,0.0,0.0,0.0,0.16624799,1.85
241.68275151999998,0.5088057926736842,0.053843469428571426,30,0,0.0,0.0,0.0,0.0,0.0,0.212053,0.0250000005
241.68275151999998,0.46034809813333327,0.053843469428571426,30,0,0.0,0.0,0.0,0.0,0.0,0.170169,0.55000001
241.68275151999998,0.48336550304,0.0539157,93,0,0.0,0.0,0.0,0.0,0.0,0.20189101,0.69999999
241.68275151999998,0.46034809813333327,0.0539157,93,0,0.0,0.0,0.0,0.0,0.0,0.18702701,1.375
241.68275151999998,0.48336550304,0.05345461142857142,184,0,0.0,0.0,0.0,0.0,0.0,0.2007,1.25
241.68275151999998,0.46034809813333327,0.05345461142857142,184,0,0.0,0.0,0.0,0.0,0.0,0.18907499,2.0
241.68275151999998,0.4203178287304348,0.05345461142857142,184,0,0.0,0.0,0.0,0.0,0.0,0.17560899,4.70000005
241.90870772,0.43983401403636363,0.053847439428571425,29,1,0.0,0.0,0.0,0.0,0.0,0.16399001,0.5
241.90870772,0.4607784908952381,0.053847439428571425,29,1,0.0,0.0,0.0,0.0,0.0,0.172916,1.775
241.90870772,0.48381741544,0.05395002535714286,92,1,0.0,0.0,0.0,0.0,0.0,0.20515101,4.70000005
241.90870772,0.43983401403636363,0.05395002535714286,92,1,0.0,0.0,0.0,0.0,0.0,0.17603099,1.475
241.90870772,0.4607784908952381,0.05395002535714286,92,1,0.0,0.0,0.0,0.0,0.0,0.187803,2.8500000500000002
241.90870772,0.4207107960347826,0.05353058904761905,183,1,0.0,0.0,0.0,0.0,0.0,0.17377999,1.5
241.90870772,0.48381741544,0.053847439428571425,29,0,0.0,0.0,0.0,0.0,0.0,0.18415999,0.10000000549999999
241.90870772,0.43983401403636363,0.053847439428571425,29,0,0.0,0.0,0.0,0.0,0.0,0.1577,1.75
241.90870772,0.4607784908952381,0.053847439428571425,29,0,0.0,0.0,0.0,0.0,0.0,0.16741,0.5
241.90870772,0.48381741544,0.05395002535714286,92,0,0.0,0.0,0.0,0.0,0.0,0.202334,0.674999985
241.90870772,0.43983401403636363,0.05395002535714286,92,0,0.0,0.0,0.0,0.0,0.0,0.174964,2.4750000500000002
241.90870772,0.4607784908952381,0.05395002535714286,92,0,0.0,0.0,0.0,0.0,0.0,0.188923,1.35
242.04428144,0.5378761809777778,0.05393107071428571,89,1,0.0,0.0,0.0,0.0,0.0,0.258187,9.1500001
242.04428144,0.48408856287999996,0.05393107071428571,89,1,0.0,0.0,0.0,0.0,0.0,0.20989899,4.70000005
242.04428144,0.4400805117090909,0.05393107071428571,89,1,0.0,0.0,0.0,0.0,0.0,0.17715301,1.45
242.04428144,0.4034071357333333,0.05393107071428571,89,1,0.0,0.0,0.0,0.0,0.0,0.17143901,0.25000000499999997
242.04428144,0.5095669082947368,0.05393107071428571,89,1,0.0,0.0,0.0,0.0,0.0,0.223184,6.79999995
242.04428144,0.4610367265523809,0.05393107071428571,89,1,0.0,0.0,0.0,0.0,0.0,0.186731,2.79999995
242.04428144,0.4209465764173913,0.05393107071428571,89,1,0.0,0.0,0.0,0.0,0.0,0.173426,0.650000005
242.04428144,0.4400805117090909,0.05345917428571429,180,1,0.0,0.0,0.0,0.0,0.0,0.179932,2.5
242.04428144,0.4209465764173913,0.05345917428571429,180,1,0.0,0.0,0.0,0.0,0.0,0.17521501,1.5
242.04428144,0.387270850304,0.05345917428571429,180,1,0.0,0.0,0.0,0.0,0.0,0.165475,0.39999998999999997
242.04428144,0.48408856287999996,0.05393107071428571,89,0,0.0,0.0,0.0,0.0,0.0,0.20211799,0.650000005
242.04428144,0.4400805117090909,0.05393107071428571,89,0,0.0,0.0,0.0,0.0,0.0,0.17753001,2.4750000500000002
242.04428144,0.4610367265523809,0.05393107071428571,89,0,0.0,0.0,0.0,0.0,0.0,0.18671,1.3
241.81832523999998,0.4030305420666666,0.05331608571428571,179,1,0.0,0.0,0.0,0.0,0.0,0.168099,0.775000005
241.81832523999998,0.37202819267692305,0.05331608571428571,179,1,0.0,0.0,0.0,0.0,0.0,0.17179,0.225
241.81832523999998,0.38690932038399994,0.05331608571428571,179,1,0.0,0.0,0.0,0.0,0.0,0.16989499,0.42500000000000004
241.81832523999998,0.48363665047999993,0.05331608571428571,179,0,0.0,0.0,0.0,0.0,0.0,0.197767,1.175
241.81832523999998,0.509091211031579,0.05331608571428571,179,0,0.0,0.0,0.0,0.0,0.0,0.210088,0.69999999
241.81832523999998,0.38690932038399994,0.05331608571428571,179,0,0.0,0.0,0.0,0.0,0.0,-99.989998,8.9500003
242.31542887999998,0.4038590481333333,0.05343795142857143,178,1,0.0,0.0,0.0,0.0,0.0,0.169588,0.80000001
242.31542887999998,0.3727929675076923,0.05343795142857143,178,1,0.0,0.0,0.0,0.0,0.0,0.16681799,0.20000000499999998
242.31542887999998,0.38770468620799997,0.05343795142857143,178,1,0.0,0.0,0.0,0.0,0.0,0.16630501,0.39999998999999997
243.30963616,0.46344692601904763,0.053667290476190475,177,1,0.0,0.0,0.0,0.0,0.0,0.18841299,4.04999995
243.30963616,0.4231471933217391,0.053667290476190475,177,1,0.0,0.0,0.0,0.0,0.0,0.17494801,1.575
243.30963616,0.48661927232,0.053667290476190475,177,0,0.0,0.0,0.0,0.0,0.0,0.19931901,1.1
237.61553991999997,0.47523107983999996,0.0538183,32,1,0.0,0.0,0.0,0.0,0.0,0.201773,3.0249999499999998
237.61553991999997,0.4320282544,0.0538183,32,1,0.0,0.0,0.0,0.0,0.0,0.17239,0.29999999499999996
237.61553991999997,0.47523107983999996,0.0538183,32,0,0.0,0.0,0.0,0.0,0.0,0.20016301,0.32499999999999996
237.61553991999997,0.4320282544,0.0538183,32,0,0.0,0.0,0.0,0.0,0.0,0.17025501,2.67499995
239.46838076,0.43539705592727274,0.05381551,31,1,0.0,0.0,0.0,0.0,0.0,0.17586,0.375
239.46838076,0.47893676152000003,0.05381551,31,0,0.0,0.0,0.0,0.0,0.0,0.204842,0.275000005
239.46838076,0.43539705592727274,0.05381551,31,0,0.0,0.0,0.0,0.0,0.0,0.175846,2.4250000500000004
239.2876158,0.43506839236363637,0.053819472352941176,30,1,0.0,0.0,0.0,0.0,0.0,0.17614099,0.35000001000000003
239.2876158,0.43506839236363637,0.053819472352941176,30,0,0.0,0.0,0.0,0.0,0.0,0.175779,2.45000005
240.643353,0.43753336909090906,0.053823434705882356,29,1,0.0,0.0,0.0,0.0,0.0,0.17093401,0.39999998999999997
240.643353,0.481286706,0.053823434705882356,29,0,0.0,0.0,0.0,0.0,0.0,0.202829,0.20000000499999998
240.643353,0.43753336909090906,0.053823434705882356,29,0,0.0,0.0,0.0,0.0,0.0,0.17125,2.1499999499999998
247.13444649999997,0.49426889299999993,0.053844230714285714,32,1,0.0,0.0,0.0,0.0,0.0,0.260517,4.95000005
247.13444649999997,0.4493353572727272,0.053844230714285714,32,1,0.0,0.0,0.0,0.0,0.0,0.209801,1.225
247.13444649999997,0.470732279047619,0.053844230714285714,32,1,0.0,0.0,0.0,0.0,0.0,0.230084,2.8249999499999996
247.13444649999997,0.4297990373913043,0.053844230714285714,32,1,0.0,0.0,0.0,0.0,0.0,0.199968,0.375
247.13444649999997,0.49426889299999993,0.053844230714285714,32,0,0.0,0.0,0.0,0.0,0.0,0.24726,0.20000000499999998
247.13444649999997,0.4493353572727272,0.053844230714285714,32,0,0.0,0.0,0.0,0.0,0.0,0.200082,1.45
247.13444649999997,0.5202830452631578,0.053844230714285714,32,0,0.0,0.0,0.0,0.0,0.0,0.279663,0.0750000005
247.13444649999997,0.470732279047619,0.053844230714285714,32,0,0.0,0.0,0.0,0.0,0.0,0.219072,0.55000001
243.18936451,0.48637872901999996,0.053847893214285715,31,1,0.0,0.0,0.0,0.0,0.0,0.27918699,4.20000005
243.18936451,0.4421624809272727,0.053847893214285715,31,1,0.0,0.0,0.0,0.0,0.0,0.221361,0.875
243.18936451,0.4053156075166667,0.053847893214285715,31,1,0.0,0.0,0.0,0.0,0.0,0.225719,0.0750000005
243.18936451,0.46321783716190473,0.053847893214285715,31,1,0.0,0.0,0.0,0.0,0.0,0.238429,2.20000005
243.18936451,0.4229380252347826,0.053847893214285715,31,1,0.0,0.0,0.0,0.0,0.0,0.213392,0.25000000499999997
243.18936451,0.48637872901999996,0.053847893214285715,31,0,0.0,0.0,0.0,0.0,0.0,0.246545,0.29999999499999996
243.18936451,0.4421624809272727,0.053847893214285715,31,0,0.0,0.0,0.0,0.0,0.0,0.209022,2.0249999499999998
243.18936451,0.5119776094947368,0.053847893214285715,31,0,0.0,0.0,0.0,0.0,0.0,0.27213201,0.10000000549999999
243.18936451,0.46321783716190473,0.053847893214285715,31,0,0.0,0.0,0.0,0.0,0.0,0.226732,0.849999995
242.96263565999996,0.4859252713199999,0.05385425571428572,30,1,0.0,0.0,0.0,0.0,0.0,0.26445901,4.0999999
242.96263565999996,0.4417502466545454,0.05385425571428572,30,1,0.0,0.0,0.0,0.0,0.0,0.22274201,0.849999995
242.96263565999996,0.4627859726857142,0.05385425571428572,30,1,0.0,0.0,0.0,0.0,0.0,0.23713499,2.1499999499999998
242.96263565999996,0.42254371419130426,0.05385425571428572,30,1,0.0,0.0,0.0,0.0,0.0,0.21822999,0.25000000499999997
242.96263565999996,0.4859252713199999,0.05385425571428572,30,0,0.0,0.0,0.0,0.0,0.0,0.26299301,0.35000001000000003
242.96263565999996,0.4417502466545454,0.05385425571428572,30,0,0.0,0.0,0.0,0.0,0.0,0.221487,2.1000000500000002
242.96263565999996,0.5115002855999999,0.05385425571428572,30,0,0.0,0.0,0.0,0.0,0.0,0.302095,0.15000000000000002
242.96263565999996,0.4627859726857142,0.05385425571428572,30,0,0.0,0.0,0.0,0.0,0.0,0.23715401,0.900000005
242.96263565999996,0.42254371419130426,0.05385425571428572,30,0,0.0,0.0,0.0,0.0,0.0,0.22109701,4.04999995
240.10585215,0.5335685603333333,0.05386401714285714,29,1,0.0,0.0,0.0,0.0,0.0,0.363352,8.25
240.10585215,0.4802117043,0.05386401714285714,29,1,0.0,0.0,0.0,0.0,0.0,0.28762501,3.6999999499999996
240.10585215,0.4365560948181818,0.05386401714285714,29,1,0.0,0.0,0.0,0.0,0.0,0.249806,0.775000005
240.10585215,0.5054860045263158,0.05386401714285714,29,1,0.0,0.0,0.0,0.0,0.0,0.32754901,5.9000001
240.10585215,0.4573444802857143,0.05386401714285714,29,1,0.0,0.0,0.0,0.0,0.0,0.251674,1.85
240.10585215,0.4175753950434783,0.05386401714285714,29,1,0.0,0.0,0.0,0.0,0.0,0.238804,0.225
240.10585215,0.4802117043,0.05386401714285714,29,0,0.0,0.0,0.0,0.0,0.0,0.26629999,0.45000000500000004
240.10585215,0.4365560948181818,0.05386401714285714,29,0,0.0,0.0,0.0,0.0,0.0,0.22957,2.5249999499999998
240.10585215,0.5054860045263158,0.05386401714285714,29,0,0.0,0.0,0.0,0.0,0.0,0.29797399,0.17500000500000001
240.10585215,0.4573444802857143,0.05386401714285714,29,0,0.0,0.0,0.0,0.0,0.0,0.244959,1.15
240.10585215,0.4175753950434783,0.05386401714285714,29,0,0.0,0.0,0.0,0.0,0.0,0.185132,4.54999995
266.54243606,0.53308487212,0.0538940061904762,187,1,0.0,0.0,0.0,0.0,0.0,0.240702,10.4
266.54243606,0.4846226110181818,0.0538940061904762,187,1,0.0,0.0,0.0,0.0,0.0,0.22690099,6.54999995
266.54243606,0.44423739343333335,0.0538940061904762,187,1,0.0,0.0,0.0,0.0,0.0,0.21656901,3.6
266.54243606,0.66635609015,0.0538940061904762,187,0,0.0,0.0,0.0,0.0,0.0,0.278685,0.0750000005
269.58060265,0.5990680058888889,0.0539835380952381,186,1,0.0,0.0,0.0,0.0,0.0,0.26923499,15.55
269.58060265,0.5391612053,0.0539835380952381,186,1,0.0,0.0,0.0,0.0,0.0,0.237014,11.0
269.58060265,0.4901465502727273,0.0539835380952381,186,1,0.0,0.0,0.0,0.0,0.0,0.228622,7.0999999
269.58060265,0.44930100441666665,0.0539835380952381,186,1,0.0,0.0,0.0,0.0,0.0,0.217565,4.0
269.58060265,0.5391612053,0.05383790257142858,32,1,0.0,0.0,0.0,0.0,0.0,0.32366699,9.75
269.58060265,0.4901465502727273,0.05383790257142858,32,1,0.0,0.0,0.0,0.0,0.0,0.25268301,5.0
269.58060265,0.44930100441666665,0.05383790257142858,32,1,0.0,0.0,0.0,0.0,0.0,0.206732,1.325
269.58060265,0.44930100441666665,0.0539835380952381,186,0,0.0,0.0,0.0,0.0,0.0,0.215152,3.4
269.58060265,0.4901465502727273,0.05383790257142858,32,0,0.0,0.0,0.0,0.0,0.0,0.22547001,0.20000000499999998
269.58060265,0.44930100441666665,0.05383790257142858,32,0,0.0,0.0,0.0,0.0,0.0,0.19665501,1.55
270.62355535999995,0.49204282792727266,0.05385395761904761,185,1,0.0,0.0,0.0,0.0,0.0,0.226422,7.20000005
270.62355535999995,0.41634393132307684,0.05385395761904761,185,1,0.0,0.0,0.0,0.0,0.0,0.208426,1.9749999999999999
270.62355535999995,0.49204282792727266,0.05384070771428571,31,1,0.0,0.0,0.0,0.0,0.0,0.243019,5.0999999
270.62355535999995,0.45103925893333324,0.05384070771428571,31,1,0.0,0.0,0.0,0.0,0.0,0.20547999,1.375
270.62355535999995,0.5412471107199999,0.05385395761904761,185,0,0.0,0.0,0.0,0.0,0.0,0.24289399,0.599999995
270.62355535999995,0.38660507908571423,0.05385395761904761,185,0,0.0,0.0,0.0,0.0,0.0,0.20408601,10.4
270.62355535999995,0.49204282792727266,0.05384070771428571,31,0,0.0,0.0,0.0,0.0,0.0,0.23467401,0.20000000499999998
271.30374191,0.6028972042444444,0.05391085952380953,184,1,0.0,0.0,0.0,0.0,0.0,0.28027999,15.9
271.30374191,0.4521729031833333,0.05391085952380953,184,1,0.0,0.0,0.0,0.0,0.0,0.21978401,4.20000005
271.30374191,0.41739037216923075,0.05391085952380953,184,1,0.0,0.0,0.0,0.0,0.0,0.208937,2.0249999499999998
271.30374191,0.4521729031833333,0.053845918,30,1,0.0,0.0,0.0,0.0,0.0,0.20485701,1.425
271.30374191,0.4521729031833333,0.054008158,93,1,0.0,0.0,0.0,0.0,0.0,0.23216601,3.0
271.30374191,0.41739037216923075,0.054008158,93,1,0.0,0.0,0.0,0.0,0.0,0.219191,1.05
271.30374191,0.5167690322095237,0.054008158,93,1,0.0,0.0,0.0,0.0,0.0,0.25813401,8.3499999
271.30374191,0.47183259462608695,0.054008158,93,1,0.0,0.0,0.0,0.0,0.0,0.24034899,4.5
271.30374191,0.434085987056,0.054008158,93,1,0.0,0.0,0.0,0.0,0.0,0.22499999,1.85
271.30374191,0.4932795307454545,0.05391085952380953,184,0,0.0,0.0,0.0,0.0,0.0,0.228156,1.475
271.30374191,0.4521729031833333,0.05391085952380953,184,0,0.0,0.0,0.0,0.0,0.0,0.216455,3.25
271.30374191,0.4932795307454545,0.053845918,30,0,0.0,0.0,0.0,0.0,0.0,0.215784,0.125000005
271.30374191,0.4521729031833333,0.053845918,30,0,0.0,0.0,0.0,0.0,0.0,0.198569,1.35
271.30374191,0.4932795307454545,0.054008158,93,0,0.0,0.0,0.0,0.0,0.0,0.242873,0.900000005
271.30374191,0.4521729031833333,0.054008158,93,0,0.0,0.0,0.0,0.0,0.0,0.22753701,2.57500005
271.30374191,0.5711657724421052,0.054008158,93,0,0.0,0.0,0.0,0.0,0.0,0.27540401,0.125000005
271.30374191,0.47183259462608695,0.054008158,93,0,0.0,0.0,0.0,0.0,0.0,0.235029,1.5750000000000002
265.36344604,0.5896965467555555,0.05373966714285714,183,1,0.0,0.0,0.0,0.0,0.0,0.25517601,14.5
265.36344604,0.48247899279999995,0.05373966714285714,183,1,0.0,0.0,0.0,0.0,0.0,0.227865,6.29999995
265.36344604,0.4422724100666666,0.05373966714285714,183,1,0.0,0.0,0.0,0.0,0.0,0.21990199,3.45000005
265.36344604,0.4082514554461538,0.05373966714285714,183,1,0.0,0.0,0.0,0.0,0.0,0.21164,1.6
265.36344604,0.48247899279999995,0.05384744857142856,29,1,0.0,0.0,0.0,0.0,0.0,0.256942,4.0
265.36344604,0.4422724100666666,0.05384744857142856,29,1,0.0,0.0,0.0,0.0,0.0,0.226199,0.900000005
265.36344604,0.48247899279999995,0.05397151428571429,92,1,0.0,0.0,0.0,0.0,0.0,0.24319801,5.20000005
265.36344604,0.4422724100666666,0.05397151428571429,92,1,0.0,0.0,0.0,0.0,0.0,0.232631,2.29999995
265.36344604,0.4082514554461538,0.05397151428571429,92,1,0.0,0.0,0.0,0.0,0.0,0.229352,0.80000001
265.36344604,0.4615016452869565,0.05397151428571429,92,1,0.0,0.0,0.0,0.0,0.0,0.239602,3.6
265.36344604,0.424581513664,0.05397151428571429,92,1,0.0,0.0,0.0,0.0,0.0,0.2308,1.4
265.36344604,0.6634086150999999,0.05373966714285714,183,0,0.0,0.0,0.0,0.0,0.0,0.29165399,0.10000000549999999
265.36344604,0.5896965467555555,0.05373966714285714,183,0,0.0,0.0,0.0,0.0,0.0,0.26389199,0.275000005
265.36344604,0.53072689208,0.05373966714285714,183,0,0.0,0.0,0.0,0.0,0.0,0.24399699,0.75
265.36344604,0.48247899279999995,0.05373966714285714,183,0,0.0,0.0,0.0,0.0,0.0,0.229791,1.85
265.36344604,0.53072689208,0.05384744857142856,29,0,0.0,0.0,0.0,0.0,0.0,0.26562601,0.0250000005
265.36344604,0.48247899279999995,0.05384744857142856,29,0,0.0,0.0,0.0,0.0,0.0,0.22446001,0.29999999499999996
265.36344604,0.4422724100666666,0.05384744857142856,29,0,0.0,0.0,0.0,0.0,0.0,0.210666,2.2250000500000002
265.36344604,0.48247899279999995,0.05397151428571429,92,0,0.0,0.0,0.0,0.0,0.0,0.24741299,1.25
265.36344604,0.4422724100666666,0.05397151428571429,92,0,0.0,0.0,0.0,0.0,0.0,0.236673,3.3500000500000002
265.36344604,0.5054541829333333,0.05397151428571429,92,0,0.0,0.0,0.0,0.0,0.0,0.256383,0.69999999
265.36344604,0.4615016452869565,0.05397151428571429,92,0,0.0,0.0,0.0,0.0,0.0,0.241915,2.125
269.3538738,0.5985641639999999,0.053851819999999995,180,1,0.0,0.0,0.0,0.0,0.0,0.28024501,15.4
269.3538738,0.48973431599999995,0.053851819999999995,180,1,0.0,0.0,0.0,0.0,0.0,0.23595101,7.0
269.3538738,0.448923123,0.053851819999999995,180,1,0.0,0.0,0.0,0.0,0.0,0.221792,3.9
269.3538738,0.41439057507692306,0.053851819999999995,180,1,0.0,0.0,0.0,0.0,0.0,0.21510001,1.9
269.3538738,0.48973431599999995,0.054001782,89,1,0.0,0.0,0.0,0.0,0.0,0.252722,5.9000001
269.3538738,0.448923123,0.054001782,89,1,0.0,0.0,0.0,0.0,0.0,0.23442,2.70000005
269.3538738,0.41439057507692306,0.054001782,89,1,0.0,0.0,0.0,0.0,0.0,0.22733,0.94999999
269.3538738,0.46844151965217384,0.054001782,89,1,0.0,0.0,0.0,0.0,0.0,0.23943301,4.0999999
269.3538738,0.43096619808,0.054001782,89,1,0.0,0.0,0.0,0.0,0.0,0.22959299,1.65
269.3538738,0.448923123,0.053851819999999995,180,0,0.0,0.0,0.0,0.0,0.0,0.223052,3.54999995
269.3538738,0.5387077476,0.054001782,89,0,0.0,0.0,0.0,0.0,0.0,0.26599601,0.275000005
269.3538738,0.48973431599999995,0.054001782,89,0,0.0,0.0,0.0,0.0,0.0,0.247409,0.999999995
269.3538738,0.448923123,0.054001782,89,0,0.0,0.0,0.0,0.0,0.0,0.235994,2.8500000500000002
269.3538738,0.41439057507692306,0.054001782,89,0,0.0,0.0,0.0,0.0,0.0,0.223397,6.0999999
269.3538738,0.5130549977142856,0.054001782,89,0,0.0,0.0,0.0,0.0,0.0,0.257698,0.55000001
269.3538738,0.46844151965217384,0.054001782,89,0,0.0,0.0,0.0,0.0,0.0,0.241061,1.75
269.3538738,0.43096619808,0.054001782,89,0,0.0,0.0,0.0,0.0,0.0,0.22974101,4.29999995
264.59256795,0.5291851358999999,0.05380756761904761,179,1,0.0,0.0,0.0,0.0,0.0,0.248503,9.9999998
264.59256795,0.44098761324999997,0.05380756761904761,179,1,0.0,0.0,0.0,0.0,0.0,0.224804,3.4
264.59256795,0.3527900906,0.05380756761904761,179,1,0.0,0.0,0.0,0.0,0.0,0.212998,0.25000000499999997
264.59256795,0.5291851358999999,0.05380756761904761,179,0,0.0,0.0,0.0,0.0,0.0,0.24944501,0.80000001
264.59256795,0.4810773962727273,0.05380756761904761,179,0,0.0,0.0,0.0,0.0,0.0,0.23566601,1.95
264.59256795,0.622570748117647,0.05380756761904761,179,0,0.0,0.0,0.0,0.0,0.0,0.2728,0.15000000000000002
262.23458790999996,0.5827435286888888,0.05369074666666667,178,1,0.0,0.0,0.0,0.0,0.0,0.269638,13.8
262.23458790999996,0.52446917582,0.05369074666666667,178,1,0.0,0.0,0.0,0.0,0.0,0.24760801,9.4500003
262.23458790999996,0.4370576465166666,0.05369074666666667,178,1,0.0,0.0,0.0,0.0,0.0,0.22298899,3.04999995
262.23458790999996,0.4034378275538461,0.05369074666666667,178,1,0.0,0.0,0.0,0.0,0.0,0.217244,1.4
262.23458790999996,0.6555864697749999,0.05369074666666667,178,0,0.0,0.0,0.0,0.0,0.0,0.29853299,0.125000005
262.23458790999996,0.5827435286888888,0.05369074666666667,178,0,0.0,0.0,0.0,0.0,0.0,0.272769,0.35000001000000003
262.23458790999996,0.52446917582,0.05369074666666667,178,0,0.0,0.0,0.0,0.0,0.0,0.25082001,0.900000005
258.0174313,0.46912260236363634,0.052831965714285715,177,1,0.0,0.0,0.0,0.0,0.0,0.237038,5.0999999
258.0174313,0.43002905216666665,0.052831965714285715,177,1,0.0,0.0,0.0,0.0,0.0,0.22919001,2.6499999499999998
258.0174313,0.3969498943076923,0.052831965714285715,177,1,0.0,0.0,0.0,0.0,0.0,0.224139,1.2
258.0174313,0.5160348626,0.052831965714285715,177,0,0.0,0.0,0.0,0.0,0.0,0.25560799,1.125
258.0174313,0.46912260236363634,0.052831965714285715,177,0,0.0,0.0,0.0,0.0,0.0,0.240431,2.54999995
258.0174313,0.43002905216666665,0.052831965714285715,177,0,0.0,0.0,0.0,0.0,0.0,0.230799,5.04999995
245.41130723999996,0.4462023767999999,0.05537417214285715,32,1,0.0,0.0,0.0,0.0,0.0,0.30533299,1.575
245.41130723999996,0.4908226144799999,0.05537417214285715,32,0,0.0,0.0,0.0,0.0,0.0,0.33219799,0.599999995
245.41130723999996,0.4462023767999999,0.05537417214285715,32,0,0.0,0.0,0.0,0.0,0.0,0.30582899,2.42499995
245.72872762999998,0.44677950478181816,0.055402578214285715,31,1,0.0,0.0,0.0,0.0,0.0,0.308292,1.575
245.72872762999998,0.4095478793833333,0.055402578214285715,31,1,0.0,0.0,0.0,0.0,0.0,0.314605,0.35000001000000003
245.72872762999998,0.44677950478181816,0.055402578214285715,31,0,0.0,0.0,0.0,0.0,0.0,0.30556601,2.375
245.72872762999998,0.4095478793833333,0.055402578214285715,31,0,0.0,0.0,0.0,0.0,0.0,0.318259,6.20000005
245.00319531,0.4454603551090909,0.055453067142857145,30,1,0.0,0.0,0.0,0.0,0.0,0.307257,1.45
245.00319531,0.40833865885,0.055453067142857145,30,1,0.0,0.0,0.0,0.0,0.0,0.29698801,0.25000000499999997
245.00319531,0.49000639062,0.055453067142857145,30,0,0.0,0.0,0.0,0.0,0.0,0.32361999,0.55000001
245.00319531,0.4454603551090909,0.055453067142857145,30,0,0.0,0.0,0.0,0.0,0.0,0.30110899,2.42499995
245.00319531,0.40833865885,0.055453067142857145,30,0,0.0,0.0,0.0,0.0,0.0,0.303673,6.29999995
245.41130723999996,0.4462023767999999,0.05542655642857144,29,1,0.0,0.0,0.0,0.0,0.0,0.29148901,1.4
245.41130723999996,0.40901884539999994,0.05542655642857144,29,1,0.0,0.0,0.0,0.0,0.0,0.29517099,0.25000000499999997
245.41130723999996,0.3775558572923076,0.05542655642857144,29,1,0.0,0.0,0.0,0.0,0.0,0.29568201,0.0250000005
245.41130723999996,0.4908226144799999,0.05542655642857144,29,0,0.0,0.0,0.0,0.0,0.0,0.311775,0.45000000500000004
245.41130723999996,0.4462023767999999,0.05542655642857144,29,0,0.0,0.0,0.0,0.0,0.0,0.28774801,2.2250000500000002
267.47163069,0.5349432613799999,0.055349818571428566,32,1,0.0,0.0,0.0,0.0,0.0,0.330037,9.0499997
267.47163069,0.4863120558,0.055349818571428566,32,1,0.0,0.0,0.0,0.0,0.0,0.30157101,4.5999999
267.47163069,0.44578605115,0.055349818571428566,32,1,0.0,0.0,0.0,0.0,0.0,0.27293199,1.45
267.47163069,0.4114948164461538,0.055349818571428566,32,1,0.0,0.0,0.0,0.0,0.0,0.25682801,0.225
267.47163069,0.5630981698736842,0.055349818571428566,32,1,0.0,0.0,0.0,0.0,0.0,0.29681101,11.45
267.47163069,0.5094697727428571,0.055349818571428566,32,1,0.0,0.0,0.0,0.0,0.0,0.306555,6.70000005
267.47163069,0.46516805337391304,0.055349818571428566,32,1,0.0,0.0,0.0,0.0,0.0,0.28737801,2.79999995
267.47163069,0.42795460910399996,0.055349818571428566,32,1,0.0,0.0,0.0,0.0,0.0,0.26729801,0.650000005
267.47163069,0.4863120558,0.055349818571428566,32,0,0.0,0.0,0.0,0.0,0.0,0.29600599,0.599999995
267.47163069,0.44578605115,0.055349818571428566,32,0,0.0,0.0,0.0,0.0,0.0,0.27337,2.4750000500000002
267.47163069,0.4114948164461538,0.055349818571428566,32,0,0.0,0.0,0.0,0.0,0.0,0.274423,6.3499999
267.47163069,0.5094697727428571,0.055349818571428566,32,0,0.0,0.0,0.0,0.0,0.0,0.30228701,0.225
267.47163069,0.46516805337391304,0.055349818571428566,32,0,0.0,0.0,0.0,0.0,0.0,0.28419101,1.3
267.47163069,0.42795460910399996,0.055349818571428566,32,0,0.0,0.0,0.0,0.0,0.0,0.269831,4.20000005
266.42522016,0.6660630503999999,0.051921374571428563,31,1,0.0,0.0,0.0,0.0,0.0,-99.989998,18.6999995
266.42522016,0.53285044032,0.051921374571428563,31,1,0.0,0.0,0.0,0.0,0.0,0.328192,8.8499999
266.42522016,0.4844094912,0.051921374571428563,31,1,0.0,0.0,0.0,0.0,0.0,0.29778099,4.4000001
266.42522016,0.44404203359999994,0.051921374571428563,31,1,0.0,0.0,0.0,0.0,0.0,0.29379699,1.475
266.42522016,0.4098849540923077,0.051921374571428563,31,1,0.0,0.0,0.0,0.0,0.0,0.303931,0.35000001000000003
266.42522016,0.38060745737142854,0.051921374571428563,31,1,0.0,0.0,0.0,0.0,0.0,0.32312801,0.0750000005
266.42522016,0.6268828709647059,0.051921374571428563,31,1,0.0,0.0,0.0,0.0,0.0,0.491512,16.25
266.42522016,0.560895200336842,0.051921374571428563,31,1,0.0,0.0,0.0,0.0,0.0,0.37649,11.3
266.42522016,0.5074766098285713,0.051921374571428563,31,1,0.0,0.0,0.0,0.0,0.0,0.32122299,6.54999995
266.42522016,0.463348208973913,0.051921374571428563,31,1,0.0,0.0,0.0,0.0,0.0,0.29584,2.70000005
266.42522016,0.426280352256,0.051921374571428563,31,1,0.0,0.0,0.0,0.0,0.0,0.299216,0.75
266.42522016,0.4844094912,0.051921374571428563,31,0,0.0,0.0,0.0,0.0,0.0,0.30229899,0.650000005
266.42522016,0.44404203359999994,0.051921374571428563,31,0,0.0,0.0,0.0,0.0,0.0,0.29334199,2.70000005
266.42522016,0.4098849540923077,0.051921374571428563,31,0,0.0,0.0,0.0,0.0,0.0,0.29686901,6.5999999
266.42522016,0.5074766098285713,0.051921374571428563,31,0,0.0,0.0,0.0,0.0,0.0,0.30921799,0.25000000499999997
266.42522016,0.463348208973913,0.051921374571428563,31,0,0.0,0.0,0.0,0.0,0.0,0.288326,1.375
266.42522016,0.426280352256,0.051921374571428563,31,0,0.0,0.0,0.0,0.0,0.0,0.300464,4.5
265.33331352,0.4824242064,0.05181434771428571,30,1,0.0,0.0,0.0,0.0,0.0,0.336896,4.4000001
265.33331352,0.4422221892,0.05181434771428571,30,1,0.0,0.0,0.0,0.0,0.0,0.33202401,1.6
265.33331352,0.4082050977230769,0.05181434771428571,30,1,0.0,0.0,0.0,0.0,0.0,0.324029,0.375
265.33331352,0.5585964495157895,0.05181434771428571,30,1,0.0,0.0,0.0,0.0,0.0,0.43667999,11.15
265.33331352,0.5053967876571428,0.05181434771428571,30,1,0.0,0.0,0.0,0.0,0.0,0.34114099,6.4000001
265.33331352,0.4614492409043478,0.05181434771428571,30,1,0.0,0.0,0.0,0.0,0.0,0.325578,2.7250000500000002
265.33331352,0.424533301632,0.05181434771428571,30,1,0.0,0.0,0.0,0.0,0.0,0.324011,0.80000001
265.33331352,0.4824242064,0.05181434771428571,30,0,0.0,0.0,0.0,0.0,0.0,0.31726,0.75
265.33331352,0.4422221892,0.05181434771428571,30,0,0.0,0.0,0.0,0.0,0.0,0.32376799,3.0
265.33331352,0.4082050977230769,0.05181434771428571,30,0,0.0,0.0,0.0,0.0,0.0,0.31582001,6.8499999
265.33331352,0.5585964495157895,0.05181434771428571,30,0,0.0,0.0,0.0,0.0,0.0,0.33304101,0.0250000005
265.33331352,0.5053967876571428,0.05181434771428571,30,0,0.0,0.0,0.0,0.0,0.0,0.323199,0.29999999499999996
265.33331352,0.4614492409043478,0.05181434771428571,30,0,0.0,0.0,0.0,0.0,0.0,0.31805399,1.625
265.33331352,0.424533301632,0.05181434771428571,30,0,0.0,0.0,0.0,0.0,0.0,0.31030601,4.70000005
260.51072586,0.5210214517199999,0.05172848742857142,29,1,0.0,0.0,0.0,0.0,0.0,0.32480299,7.5999999
260.51072586,0.47365586519999997,0.05172848742857142,29,1,0.0,0.0,0.0,0.0,0.0,0.26543999,3.1999999499999996
260.51072586,0.4341845431,0.05172848742857142,29,1,0.0,0.0,0.0,0.0,0.0,0.260984,0.75
260.51072586,0.40078573209230767,0.05172848742857142,29,1,0.0,0.0,0.0,0.0,0.0,0.28038999,0.125000005
260.51072586,0.3721581798,0.05172848742857142,29,1,0.0,0.0,0.0,0.0,0.0,0.31311101,0.0250000005
260.51072586,0.4962109064,0.05172848742857142,29,1,0.0,0.0,0.0,0.0,0.0,0.29747599,5.29999995
260.51072586,0.45306213193043476,0.05172848742857142,29,1,0.0,0.0,0.0,0.0,0.0,0.26438299,1.7
260.51072586,0.41681716137599994,0.05172848742857142,29,1,0.0,0.0,0.0,0.0,0.0,0.26622999,0.29999999499999996
260.51072586,0.47365586519999997,0.05172848742857142,29,0,0.0,0.0,0.0,0.0,0.0,0.252029,0.650000005
260.51072586,0.4341845431,0.05172848742857142,29,0,0.0,0.0,0.0,0.0,0.0,0.243884,3.1999999499999996
260.51072586,0.40078573209230767,0.05172848742857142,29,0,0.0,0.0,0.0,0.0,0.0,-99.989998,7.6500001
260.51072586,0.4962109064,0.05172848742857142,29,0,0.0,0.0,0.0,0.0,0.0,0.26574999,0.225
260.51072586,0.45306213193043476,0.05172848742857142,29,0,0.0,0.0,0.0,0.0,0.0,0.245287,1.6
260.51072586,0.41681716137599994,0.05172848742857142,29,0,0.0,0.0,0.0,0.0,0.0,0.23682199,5.29999995
290.81113511999996,0.44740174633846147,0.04966746,187,1,0.0,0.0,0.0,0.0,0.0,0.26143199,4.79999995
290.81113511999996,0.41544447874285706,0.04966746,187,1,0.0,0.0,0.0,0.0,0.0,0.24984699,2.70000005
290.81113511999996,0.36351391889999995,0.04966746,187,1,0.0,0.0,0.0,0.0,0.0,0.23665,0.650000005
290.81113511999996,0.48468522519999996,0.04966746,187,0,0.0,0.0,0.0,0.0,0.0,0.27484399,2.75
290.81113511999996,0.44740174633846147,0.04966746,187,0,0.0,0.0,0.0,0.0,0.0,0.26106799,4.79999995
290.81113511999996,0.41544447874285706,0.04966746,187,0,0.0,0.0,0.0,0.0,0.0,0.250862,7.75
290.76563901,0.48460939834999994,0.04937678523809524,186,1,0.0,0.0,0.0,0.0,0.0,0.275655,7.70000005
290.76563901,0.44733175232307687,0.04937678523809524,186,1,0.0,0.0,0.0,0.0,0.0,0.26212001,4.79999995
290.76563901,0.6461458644666666,0.05108444,32,1,0.0,0.0,0.0,0.0,0.0,0.53956199,19.1499995
290.76563901,0.5815312780199999,0.05108444,32,1,0.0,0.0,0.0,0.0,0.0,0.42939901,14.2
290.76563901,0.48460939834999994,0.05108444,32,1,0.0,0.0,0.0,0.0,0.0,0.27480999,4.75
290.76563901,0.44733175232307687,0.05108444,32,1,0.0,0.0,0.0,0.0,0.0,0.25992501,1.6
290.76563901,0.41537948429999993,0.05108444,32,1,0.0,0.0,0.0,0.0,0.0,0.23829401,0.25000000499999997
290.76563901,0.44733175232307687,0.04937678523809524,186,0,0.0,0.0,0.0,0.0,0.0,0.26161101,4.79999995
290.76563901,0.36345704876249996,0.04937678523809524,186,0,0.0,0.0,0.0,0.0,0.0,-99.989998,16.0500005
290.76563901,0.48460939834999994,0.05108444,32,0,0.0,0.0,0.0,0.0,0.0,0.27936801,0.599999995
290.76563901,0.44733175232307687,0.05108444,32,0,0.0,0.0,0.0,0.0,0.0,0.25258401,2.375
290.76563901,0.38768751867999995,0.05108444,32,0,0.0,0.0,0.0,0.0,0.0,-99.989998,11.05
290.76563901,0.36345704876249996,0.05108444,32,0,0.0,0.0,0.0,0.0,0.0,-99.989998,16.0500005
287.35343076,0.5224607832,0.048684940952380955,185,1,0.0,0.0,0.0,0.0,0.0,0.289004,10.65
287.35343076,0.4789223846,0.048684940952380955,185,1,0.0,0.0,0.0,0.0,0.0,0.27180001,7.0999999
287.35343076,0.44208220116923075,0.048684940952380955,185,1,0.0,0.0,0.0,0.0,0.0,0.26316801,4.4000001
287.35343076,0.41050490108571425,0.048684940952380955,185,1,0.0,0.0,0.0,0.0,0.0,0.254509,2.4750000500000002
287.35343076,0.38313790768,0.048684940952380955,185,1,0.0,0.0,0.0,0.0,0.0,0.24436399,1.225
287.35343076,0.4789223846,0.050799979999999995,31,1,0.0,0.0,0.0,0.0,0.0,0.26994401,4.0999999
287.35343076,0.44208220116923075,0.050799979999999995,31,1,0.0,0.0,0.0,0.0,0.0,0.25266099,1.2
287.35343076,0.41050490108571425,0.050799979999999995,31,1,0.0,0.0,0.0,0.0,0.0,0.23393001,0.15000000000000002
287.35343076,0.5224607832,0.048684940952380955,185,0,0.0,0.0,0.0,0.0,0.0,0.29036799,1.575
287.35343076,0.4789223846,0.050799979999999995,31,0,0.0,0.0,0.0,0.0,0.0,0.27223,0.69999999
287.35343076,0.44208220116923075,0.050799979999999995,31,0,0.0,0.0,0.0,0.0,0.0,0.24939001,2.7749999499999998
287.80839186,0.44278214132307686,0.04984918685714286,93,1,0.0,0.0,0.0,0.0,0.0,0.258656,2.75
287.80839186,0.41115484551428566,0.04984918685714286,93,1,0.0,0.0,0.0,0.0,0.0,0.248091,1.1
287.80839186,0.38374452247999996,0.04984918685714286,93,1,0.0,0.0,0.0,0.0,0.0,0.24021,0.35000001000000003
287.80839186,0.47968065309999997,0.04817705095238095,184,1,0.0,0.0,0.0,0.0,0.0,0.278972,7.20000005
287.80839186,0.44278214132307686,0.05052869705882353,30,1,0.0,0.0,0.0,0.0,0.0,0.24924,1.15
287.80839186,0.47968065309999997,0.04984918685714286,93,0,0.0,0.0,0.0,0.0,0.0,0.27407899,1.85
287.80839186,0.47968065309999997,0.05052869705882353,30,0,0.0,0.0,0.0,0.0,0.0,0.268213,0.650000005
287.80839186,0.44278214132307686,0.05052869705882353,30,0,0.0,0.0,0.0,0.0,0.0,0.245203,2.70000005
288.12686462999994,0.9604228820999998,0.04906016171428572,92,1,0.0,0.0,0.0,0.0,0.0,0.627886,33.5500015
288.12686462999994,0.8232196132285713,0.04906016171428572,92,1,0.0,0.0,0.0,0.0,0.0,0.303233,28.5500005
288.12686462999994,0.5238670266,0.04906016171428572,92,1,0.0,0.0,0.0,0.0,0.0,0.29592001,9.5
288.12686462999994,0.4802114410499999,0.04906016171428572,92,1,0.0,0.0,0.0,0.0,0.0,0.28526199,5.75
288.12686462999994,0.4432720994307691,0.04906016171428572,92,1,0.0,0.0,0.0,0.0,0.0,0.26617199,2.875
288.12686462999994,0.41160980661428564,0.04906016171428572,92,1,0.0,0.0,0.0,0.0,0.0,0.25917801,1.225
288.12686462999994,0.677945563835294,0.04906016171428572,92,1,0.0,0.0,0.0,0.0,0.0,0.31825,21.1499995
288.12686462999994,0.4802114410499999,0.047192811904761905,183,1,0.0,0.0,0.0,0.0,0.0,0.284971,7.3499999
288.12686462999994,0.4432720994307691,0.047192811904761905,183,1,0.0,0.0,0.0,0.0,0.0,0.27039999,4.54999995
288.12686462999994,0.41160980661428564,0.047192811904761905,183,1,0.0,0.0,0.0,0.0,0.0,0.262988,2.625
288.12686462999994,0.3601585807874999,0.047192811904761905,183,1,0.0,0.0,0.0,0.0,0.0,0.251237,0.67500001
288.12686462999994,0.5762537292599998,0.05002619411764706,29,1,0.0,0.0,0.0,0.0,0.0,0.45429999,13.55
288.12686462999994,0.5238670266,0.05002619411764706,29,1,0.0,0.0,0.0,0.0,0.0,0.34088001,8.6500001
288.12686462999994,0.4802114410499999,0.05002619411764706,29,1,0.0,0.0,0.0,0.0,0.0,0.30365899,4.29999995
288.12686462999994,0.4432720994307691,0.05002619411764706,29,1,0.0,0.0,0.0,0.0,0.0,0.26735801,1.275
288.12686462999994,0.41160980661428564,0.05002619411764706,29,1,0.0,0.0,0.0,0.0,0.0,0.25689399,0.20000000499999998
288.12686462999994,0.4802114410499999,0.04906016171428572,92,0,0.0,0.0,0.0,0.0,0.0,0.278166,1.85
288.12686462999994,0.4432720994307691,0.04906016171428572,92,0,0.0,0.0,0.0,0.0,0.0,0.26650599,4.04999995
288.12686462999994,0.4432720994307691,0.047192811904761905,183,0,0.0,0.0,0.0,0.0,0.0,0.27061599,5.25
288.12686462999994,0.4802114410499999,0.05002619411764706,29,0,0.0,0.0,0.0,0.0,0.0,0.28072,0.67500001
288.12686462999994,0.4432720994307691,0.05002619411764706,29,0,0.0,0.0,0.0,0.0,0.0,0.25640801,2.6999999499999996
287.39892686999997,0.5225435034,0.04881335685714285,89,1,0.0,0.0,0.0,0.0,0.0,0.29708999,9.2999997
287.39892686999997,0.47899821144999993,0.04881335685714285,89,1,0.0,0.0,0.0,0.0,0.0,0.280067,5.5
287.39892686999997,0.44215219518461535,0.04881335685714285,89,1,0.0,0.0,0.0,0.0,0.0,0.26627201,2.7250000500000002
287.39892686999997,0.41056989552857137,0.04881335685714285,89,1,0.0,0.0,0.0,0.0,0.0,0.25876901,1.125
287.39892686999997,0.41056989552857137,0.047099828571428574,180,1,0.0,0.0,0.0,0.0,0.0,0.262135,2.5
287.39892686999997,0.38319856915999995,0.047099828571428574,180,1,0.0,0.0,0.0,0.0,0.0,0.253645,1.275
287.39892686999997,0.5225435034,0.04881335685714285,89,0,0.0,0.0,0.0,0.0,0.0,0.30104801,0.75
287.39892686999997,0.47899821144999993,0.04881335685714285,89,0,0.0,0.0,0.0,0.0,0.0,0.28388399,1.925
287.39892686999997,0.44215219518461535,0.04881335685714285,89,0,0.0,0.0,0.0,0.0,0.0,0.266177,4.0999999
287.39892686999997,0.41056989552857137,0.04881335685714285,89,0,0.0,0.0,0.0,0.0,0.0,0.25983301,7.54999995
287.39892686999997,0.5225435034,0.047099828571428574,180,0,0.0,0.0,0.0,0.0,0.0,0.30242899,1.7
287.39892686999997,0.47899821144999993,0.047099828571428574,180,0,0.0,0.0,0.0,0.0,0.0,0.28383401,3.1
291.72105732,0.4862017622,0.04703770809523809,179,1,0.0,0.0,0.0,0.0,0.0,0.288968,7.9000001
288.71831405999995,0.57743662812,0.04623346666666667,178,1,0.0,0.0,0.0,0.0,0.0,0.327865,15.05
288.71831405999995,0.5249423891999999,0.04623346666666667,178,1,0.0,0.0,0.0,0.0,0.0,0.310083,11.0
288.71831405999995,0.44418202163076914,0.04623346666666667,178,1,0.0,0.0,0.0,0.0,0.0,0.279737,4.70000005
288.71831405999995,0.4124547343714285,0.04623346666666667,178,1,0.0,0.0,0.0,0.0,0.0,0.267506,2.67499995
288.71831405999995,0.5249423891999999,0.04623346666666667,178,0,0.0,0.0,0.0,0.0,0.0,0.30698401,1.675
288.71831405999995,0.48119719009999995,0.04623346666666667,178,0,0.0,0.0,0.0,0.0,0.0,0.291648,3.1
288.71831405999995,0.44418202163076914,0.04623346666666667,178,0,0.0,0.0,0.0,0.0,0.0,0.27699801,5.25
288.71831405999995,0.4124547343714285,0.04623346666666667,178,0,0.0,0.0,0.0,0.0,0.0,0.26472399,8.25
290.44716624,0.58089433248,0.046189219999999996,177,1,0.0,0.0,0.0,0.0,0.0,0.32997599,15.35
290.44716624,0.4840786104,0.046189219999999996,177,1,0.0,0.0,0.0,0.0,0.0,0.29675001,7.75
290.44716624,0.4840786104,0.046189219999999996,177,0,0.0,0.0,0.0,0.0,0.0,0.29613999,3.04999995
290.44716624,0.4468417942153846,0.046189219999999996,177,0,0.0,0.0,0.0,0.0,0.0,0.28426301,5.20000005
283.34977308,0.47224962179999996,0.048398542142857146,32,1,0.0,0.0,0.0,0.0,0.0,0.31136501,3.5500000500000004
283.34977308,0.4359227278153846,0.048398542142857146,32,1,0.0,0.0,0.0,0.0,0.0,0.29841399,1.125
283.34977308,0.40478539011428566,0.048398542142857146,32,1,0.0,0.0,0.0,0.0,0.0,0.30647701,0.275000005
283.34977308,0.47224962179999996,0.048398542142857146,32,0,0.0,0.0,0.0,0.0,0.0,0.303574,1.25
283.34977308,0.4359227278153846,0.048398542142857146,32,0,0.0,0.0,0.0,0.0,0.0,0.29909101,3.9
283.34977308,0.40478539011428566,0.048398542142857146,32,0,0.0,0.0,0.0,0.0,0.0,0.283436,8.00000025
286.07953968,0.4767992328,0.048385875,31,1,0.0,0.0,0.0,0.0,0.0,0.325059,4.04999995
286.07953968,0.4401223687384615,0.048385875,31,1,0.0,0.0,0.0,0.0,0.0,0.31729501,1.45
286.07953968,0.40868505668571425,0.048385875,31,1,0.0,0.0,0.0,0.0,0.0,0.32381201,0.39999998999999997
286.07953968,0.5201446176,0.048385875,31,0,0.0,0.0,0.0,0.0,0.0,0.345052,0.25000000499999997
286.07953968,0.4767992328,0.048385875,31,0,0.0,0.0,0.0,0.0,0.0,0.32401001,1.15
286.07953968,0.4401223687384615,0.048385875,31,0,0.0,0.0,0.0,0.0,0.0,0.31393701,3.5500000500000004
290.03770125,0.48339616875,0.04848626821428572,29,1,0.0,0.0,0.0,0.0,0.0,0.322054,4.5
290.03770125,0.4462118480769231,0.04848626821428572,29,1,0.0,0.0,0.0,0.0,0.0,0.31328201,1.625
290.03770125,0.4143395732142857,0.04848626821428572,29,1,0.0,0.0,0.0,0.0,0.0,0.30412701,0.375
290.03770125,0.5273412749999999,0.04848626821428572,29,0,0.0,0.0,0.0,0.0,0.0,0.35779399,0.20000000499999998
290.03770125,0.48339616875,0.04848626821428572,29,0,0.0,0.0,0.0,0.0,0.0,0.324947,0.900000005
291.05757375,0.48509595625,0.05011814171428571,32,1,0.0,0.0,0.0,0.0,0.0,0.331352,4.79999995
291.05757375,0.4477808826923077,0.05011814171428571,32,1,0.0,0.0,0.0,0.0,0.0,0.31721401,1.875
291.05757375,0.41579653392857147,0.05011814171428571,32,1,0.0,0.0,0.0,0.0,0.0,0.31365499,0.525000005
291.05757375,0.5291955886363636,0.05011814171428571,32,0,0.0,0.0,0.0,0.0,0.0,0.36728001,0.25000000499999997
291.05757375,0.48509595625,0.05011814171428571,32,0,0.0,0.0,0.0,0.0,0.0,0.332955,0.974999995
291.05757375,0.4477808826923077,0.05011814171428571,32,0,0.0,0.0,0.0,0.0,0.0,0.31698301,3.0249999499999998
291.2858542,0.9709528473333334,0.05004340914285714,31,1,0.0,0.0,0.0,0.0,0.0,1.277387,34.049999
291.2858542,0.8322452977142858,0.05004340914285714,31,1,0.0,0.0,0.0,0.0,0.0,1.077444,29.0999995
291.2858542,0.6473018982222223,0.05004340914285714,31,1,0.0,0.0,0.0,0.0,0.0,0.63776302,19.0999995
291.2858542,0.5825717084,0.05004340914285714,31,1,0.0,0.0,0.0,0.0,0.0,0.492493,14.15
291.2858542,0.4854764236666667,0.05004340914285714,31,1,0.0,0.0,0.0,0.0,0.0,0.35128599,5.04999995
291.2858542,0.4481320833846154,0.05004340914285714,31,1,0.0,0.0,0.0,0.0,0.0,0.33271199,2.04999995
291.2858542,0.4161226488571429,0.05004340914285714,31,1,0.0,0.0,0.0,0.0,0.0,0.320977,0.575000015
291.2858542,0.7767622778666667,0.05004340914285714,31,1,0.0,0.0,0.0,0.0,0.0,0.95641899,26.5999995
291.2858542,0.6853784804705882,0.05004340914285714,31,1,0.0,0.0,0.0,0.0,0.0,0.73752397,21.5999995
291.2858542,0.5825717084,0.05004340914285714,31,0,0.0,0.0,0.0,0.0,0.0,0.375552,0.0250000005
291.2858542,0.529610644,0.05004340914285714,31,0,0.0,0.0,0.0,0.0,0.0,0.34839299,0.17500000500000001
291.2858542,0.4854764236666667,0.05004340914285714,31,0,0.0,0.0,0.0,0.0,0.0,0.33813399,0.92500001
291.2858542,0.4481320833846154,0.05004340914285714,31,0,0.0,0.0,0.0,0.0,0.0,0.31564501,2.875
291.2858542,0.4161226488571429,0.05004340914285714,31,0,0.0,0.0,0.0,0.0,0.0,0.294893,6.45000005
301.37585009000003,0.6697241113111112,0.04979098942857143,30,1,0.0,0.0,0.0,0.0,0.0,0.48646399,21.1999995
301.37585009000003,0.60275170018,0.04979098942857143,30,1,0.0,0.0,0.0,0.0,0.0,0.44685099,16.25
301.37585009000003,0.5479560910727274,0.04979098942857143,30,1,0.0,0.0,0.0,0.0,0.0,0.342664,11.3
301.37585009000003,0.5022930834833333,0.04979098942857143,30,1,0.0,0.0,0.0,0.0,0.0,0.317009,6.6500001
301.37585009000003,0.46365515398461543,0.04979098942857143,30,1,0.0,0.0,0.0,0.0,0.0,0.291401,2.875
301.37585009000003,0.43053692870000004,0.04979098942857143,30,1,0.0,0.0,0.0,0.0,0.0,0.262795,0.69999999
301.37585009000003,0.4018344667866667,0.04979098942857143,30,1,0.0,0.0,0.0,0.0,0.0,0.26898399,0.125000005
301.37585009000003,0.60275170018,0.04979098942857143,30,0,0.0,0.0,0.0,0.0,0.0,0.468449,0.05
301.37585009000003,0.5479560910727274,0.04979098942857143,30,0,0.0,0.0,0.0,0.0,0.0,0.350577,0.0750000005
301.37585009000003,0.5022930834833333,0.04979098942857143,30,0,0.0,0.0,0.0,0.0,0.0,0.30481601,0.35000001000000003
301.37585009000003,0.46365515398461543,0.04979098942857143,30,0,0.0,0.0,0.0,0.0,0.0,0.28272599,1.55
301.37585009000003,0.43053692870000004,0.04979098942857143,30,0,0.0,0.0,0.0,0.0,0.0,0.259431,4.45000005
302.56290843,0.5501143789636364,0.049603354,29,1,0.0,0.0,0.0,0.0,0.0,0.442525,11.5
302.56290843,0.50427151405,0.049603354,29,1,0.0,0.0,0.0,0.0,0.0,0.32562399,6.70000005
302.56290843,0.4654813975846154,0.049603354,29,1,0.0,0.0,0.0,0.0,0.0,0.278716,2.7749999499999998
302.56290843,0.4322327263285714,0.049603354,29,1,0.0,0.0,0.0,0.0,0.0,0.24820299,0.599999995
302.56290843,0.40341721124,0.049603354,29,1,0.0,0.0,0.0,0.0,0.0,0.24641401,0.0750000005
302.56290843,0.60512581686,0.049603354,29,0,0.0,0.0,0.0,0.0,0.0,0.43410501,0.0250000005
302.56290843,0.5501143789636364,0.049603354,29,0,0.0,0.0,0.0,0.0,0.0,0.357739,0.0750000005
302.56290843,0.50427151405,0.049603354,29,0,0.0,0.0,0.0,0.0,0.0,0.30489299,0.32499999999999996
302.56290843,0.4654813975846154,0.049603354,29,0,0.0,0.0,0.0,0.0,0.0,0.263217,1.35
302.56290843,0.4322327263285714,0.049603354,29,0,0.0,0.0,0.0,0.0,0.0,0.23436201,4.20000005
277.26943457,0.5041262446727273,0.035534714761904757,187,1,0.0,0.0,0.0,0.0,0.0,0.31874499,8.9000001
277.26943457,0.32619933478823526,0.035534714761904757,187,1,0.0,0.0,0.0,0.0,0.0,0.23700701,0.125000005
277.26943457,0.55453886914,0.035534714761904757,187,0,0.0,0.0,0.0,0.0,0.0,0.34089601,1.5
277.26943457,0.42656836087692307,0.03264183461538462,369,1,0.0,0.0,0.0,0.0,0.0,0.28432399,5.54999995
277.26943457,0.6931735864249999,0.03264183461538462,369,0,0.0,0.0,0.0,0.0,0.0,0.373294,1.1
277.26943457,0.6161542990444444,0.03264183461538462,369,0,0.0,0.0,0.0,0.0,0.0,0.34788099,1.775
277.26943457,0.42656836087692307,0.03264183461538462,369,0,0.0,0.0,0.0,0.0,0.0,0.28299201,8.7999997
260.51364954,0.65128412385,0.040706154,32,1,0.0,0.0,0.0,0.0,0.0,0.63595003,17.3
260.51364954,0.52102729908,0.040706154,32,1,0.0,0.0,0.0,0.0,0.0,0.38954699,7.5999999
260.51364954,0.4736611809818182,0.040706154,32,1,0.0,0.0,0.0,0.0,0.0,0.33157501,3.5
260.51364954,0.43418941590000004,0.040706154,32,1,0.0,0.0,0.0,0.0,0.0,0.29823199,0.97499999
260.51364954,0.40079023006153847,0.040706154,32,1,0.0,0.0,0.0,0.0,0.0,0.285144,0.15000000000000002
260.51364954,0.43418941590000004,0.03558138047619048,186,1,0.0,0.0,0.0,0.0,0.0,0.30283099,3.9
260.51364954,0.40079023006153847,0.03558138047619048,186,1,0.0,0.0,0.0,0.0,0.0,0.28930101,2.1499999499999998
260.51364954,0.37216235648571433,0.03558138047619048,186,1,0.0,0.0,0.0,0.0,0.0,0.276216,1.05
260.51364954,0.52102729908,0.040706154,32,0,0.0,0.0,0.0,0.0,0.0,0.37718901,0.32499999999999996
260.51364954,0.4736611809818182,0.040706154,32,0,0.0,0.0,0.0,0.0,0.0,0.32319701,1.2
260.51364954,0.43418941590000004,0.040706154,32,0,0.0,0.0,0.0,0.0,0.0,0.292191,3.6999999499999996
260.51364954,0.40079023006153847,0.040706154,32,0,0.0,0.0,0.0,0.0,0.0,-99.989998,7.9000001
260.51364954,0.65128412385,0.03558138047619048,186,0,0.0,0.0,0.0,0.0,0.0,0.38847399,0.575000015
260.51364954,0.5789192212000001,0.03558138047619048,186,0,0.0,0.0,0.0,0.0,0.0,0.35955501,1.15
260.51364954,0.43418941590000004,0.03558138047619048,186,0,0.0,0.0,0.0,0.0,0.0,0.29829699,6.25
260.51364954,0.40079023006153847,0.03558138047619048,186,0,0.0,0.0,0.0,0.0,0.0,0.284087,9.5
260.51364954,0.37216235648571433,0.03558138047619048,186,0,0.0,0.0,0.0,0.0,0.0,0.26317,13.4
260.51364954,0.4736611809818182,0.032544423076923075,368,1,0.0,0.0,0.0,0.0,0.0,0.31223601,8.4000001
260.51364954,0.43418941590000004,0.032544423076923075,368,1,0.0,0.0,0.0,0.0,0.0,0.29821199,5.9000001
260.51364954,0.37216235648571433,0.032544423076923075,368,1,0.0,0.0,0.0,0.0,0.0,0.27831799,2.57500005
260.51364954,0.34735153272,0.032544423076923075,368,1,0.0,0.0,0.0,0.0,0.0,0.27228501,1.625
260.51364954,0.4736611809818182,0.032544423076923075,368,0,0.0,0.0,0.0,0.0,0.0,0.307502,5.45000005
260.51364954,0.28945961060000003,0.032544423076923075,368,0,0.0,0.0,0.0,0.0,0.0,-99.989998,32.849998
263.29867103000004,0.5265973420600001,0.04037803,31,1,0.0,0.0,0.0,0.0,0.0,0.37997201,8.0999999
263.29867103000004,0.4787248564181819,0.04037803,31,1,0.0,0.0,0.0,0.0,0.0,0.33346099,3.9
263.29867103000004,0.4388311183833334,0.04037803,31,1,0.0,0.0,0.0,0.0,0.0,0.29065099,1.1
263.29867103000004,0.40507487850769236,0.04037803,31,1,0.0,0.0,0.0,0.0,0.0,0.27068099,0.15000000000000002
263.29867103000004,0.37614095861428576,0.04037803,31,1,0.0,0.0,0.0,0.0,0.0,0.294074,0.0250000005
263.29867103000004,0.6582466775750001,0.03559119047619048,185,1,0.0,0.0,0.0,0.0,0.0,0.39758101,18.5500005
263.29867103000004,0.5265973420600001,0.03559119047619048,185,1,0.0,0.0,0.0,0.0,0.0,0.34225801,10.2
263.29867103000004,0.4787248564181819,0.03559119047619048,185,1,0.0,0.0,0.0,0.0,0.0,0.31943101,6.79999995
263.29867103000004,0.40507487850769236,0.03559119047619048,185,1,0.0,0.0,0.0,0.0,0.0,0.28521499,2.2749999499999998
263.29867103000004,0.37614095861428576,0.03559119047619048,185,1,0.0,0.0,0.0,0.0,0.0,0.27098101,1.1
263.29867103000004,0.35106489470666674,0.03559119047619048,185,1,0.0,0.0,0.0,0.0,0.0,0.26355299,0.5
263.29867103000004,0.5851081578444445,0.04037803,31,0,0.0,0.0,0.0,0.0,0.0,0.454799,0.0750000005
263.29867103000004,0.5265973420600001,0.04037803,31,0,0.0,0.0,0.0,0.0,0.0,0.38575599,0.275000005
263.29867103000004,0.4787248564181819,0.04037803,31,0,0.0,0.0,0.0,0.0,0.0,0.333994,1.05
263.29867103000004,0.4388311183833334,0.04037803,31,0,0.0,0.0,0.0,0.0,0.0,0.29017699,3.25
263.29867103000004,0.40507487850769236,0.04037803,31,0,0.0,0.0,0.0,0.0,0.0,0.25671101,7.3499999
263.29867103000004,0.5265973420600001,0.03559119047619048,185,0,0.0,0.0,0.0,0.0,0.0,0.34019899,2.07500005
263.29867103000004,0.4787248564181819,0.03559119047619048,185,0,0.0,0.0,0.0,0.0,0.0,0.31966001,3.6499999499999998
263.29867103000004,0.40507487850769236,0.03559119047619048,185,0,0.0,0.0,0.0,0.0,0.0,0.27944699,9.0
263.29867103000004,0.37614095861428576,0.03559119047619048,185,0,0.0,0.0,0.0,0.0,0.0,0.265488,12.9
263.29867103000004,0.35106489470666674,0.03559119047619048,185,0,0.0,0.0,0.0,0.0,0.0,0.238885,17.3500005
263.29867103000004,0.5851081578444445,0.03255855098901099,367,0,0.0,0.0,0.0,0.0,0.0,0.34620699,2.2250000500000002
255.58279182,0.4646959851272727,0.04018493176470589,30,1,0.0,0.0,0.0,0.0,0.0,0.33579001,2.75
255.58279182,0.4259713197,0.04018493176470589,30,1,0.0,0.0,0.0,0.0,0.0,0.29908299,0.625
255.58279182,0.39320429510769234,0.04018493176470589,30,1,0.0,0.0,0.0,0.0,0.0,0.28726199,0.0750000005
255.58279182,0.4646959851272727,0.03792071057142857,93,1,0.0,0.0,0.0,0.0,0.0,0.33604801,4.4000001
255.58279182,0.4259713197,0.03792071057142857,93,1,0.0,0.0,0.0,0.0,0.0,0.31481999,2.1000000500000002
255.58279182,0.39320429510769234,0.03792071057142857,93,1,0.0,0.0,0.0,0.0,0.0,0.296166,0.80000001
255.58279182,0.36511827402857144,0.03792071057142857,93,1,0.0,0.0,0.0,0.0,0.0,0.28430301,0.25000000499999997
255.58279182,0.4646959851272727,0.0350822780952381,184,1,0.0,0.0,0.0,0.0,0.0,0.32384199,5.79999995
255.58279182,0.4259713197,0.0350822780952381,184,1,0.0,0.0,0.0,0.0,0.0,0.30424601,3.4
255.58279182,0.39320429510769234,0.0350822780952381,184,1,0.0,0.0,0.0,0.0,0.0,0.287467,1.775
255.58279182,0.51116558364,0.04018493176470589,30,0,0.0,0.0,0.0,0.0,0.0,0.380391,0.42500000000000004
255.58279182,0.4646959851272727,0.04018493176470589,30,0,0.0,0.0,0.0,0.0,0.0,0.33021101,1.575
255.58279182,0.4259713197,0.04018493176470589,30,0,0.0,0.0,0.0,0.0,0.0,0.29917499,4.5
255.58279182,0.39320429510769234,0.04018493176470589,30,0,0.0,0.0,0.0,0.0,0.0,-99.989998,9.0
255.58279182,0.34077705576,0.04018493176470589,30,0,0.0,0.0,0.0,0.0,0.0,-99.989998,18.9499995
255.58279182,0.5679617596000001,0.03792071057142857,93,0,0.0,0.0,0.0,0.0,0.0,0.394319,0.650000005
255.58279182,0.51116558364,0.03792071057142857,93,0,0.0,0.0,0.0,0.0,0.0,0.36150301,1.5
255.58279182,0.4646959851272727,0.03792071057142857,93,0,0.0,0.0,0.0,0.0,0.0,0.33561599,3.1499999499999998
255.58279182,0.4259713197,0.03792071057142857,93,0,0.0,0.0,0.0,0.0,0.0,0.30961299,5.79999995
255.58279182,0.39320429510769234,0.03792071057142857,93,0,0.0,0.0,0.0,0.0,0.0,0.28383899,9.5
255.58279182,0.6389569795500001,0.0350822780952381,184,0,0.0,0.0,0.0,0.0,0.0,0.388634,0.650000005
255.58279182,0.51116558364,0.0350822780952381,184,0,0.0,0.0,0.0,0.0,0.0,0.34106201,2.5
255.58279182,0.4259713197,0.0350822780952381,184,0,0.0,0.0,0.0,0.0,0.0,0.30177,6.9000001
255.58279182,0.39320429510769234,0.0350822780952381,184,0,0.0,0.0,0.0,0.0,0.0,0.27765501,10.2
255.58279182,0.36511827402857144,0.0350822780952381,184,0,0.0,0.0,0.0,0.0,0.0,0.27022901,14.4
255.58279182,0.4646959851272727,0.03177454758241758,366,1,0.0,0.0,0.0,0.0,0.0,0.31259501,7.70000005
255.58279182,0.4259713197,0.03177454758241758,366,1,0.0,0.0,0.0,0.0,0.0,0.297389,5.29999995
255.58279182,0.31947848977500004,0.03177454758241758,366,1,0.0,0.0,0.0,0.0,0.0,0.26212499,0.775000005
255.58279182,0.51116558364,0.03177454758241758,366,0,0.0,0.0,0.0,0.0,0.0,0.32542899,3.94999995
255.58279182,0.4646959851272727,0.03177454758241758,366,0,0.0,0.0,0.0,0.0,0.0,0.308584,5.9000001
257.9569085,0.4690125609090909,0.040061478823529416,29,1,0.0,0.0,0.0,0.0,0.0,0.34526399,3.1
257.9569085,0.42992818083333334,0.040061478823529416,29,1,0.0,0.0,0.0,0.0,0.0,0.29334399,0.69999999
257.9569085,0.3968567823076923,0.040061478823529416,29,1,0.0,0.0,0.0,0.0,0.0,0.27660999,0.0750000005
257.9569085,0.8598563616666667,0.03745417342857143,92,1,0.0,0.0,0.0,0.0,0.0,0.58699101,26.6999995
257.9569085,0.64489227125,0.03745417342857143,92,1,0.0,0.0,0.0,0.0,0.0,0.447422,16.9499995
257.9569085,0.5159138169999999,0.03745417342857143,92,1,0.0,0.0,0.0,0.0,0.0,0.37309399,8.2000003
257.9569085,0.4690125609090909,0.03745417342857143,92,1,0.0,0.0,0.0,0.0,0.0,0.33742499,4.70000005
257.9569085,0.42992818083333334,0.03745417342857143,92,1,0.0,0.0,0.0,0.0,0.0,0.312309,2.25
257.9569085,0.3968567823076923,0.03745417342857143,92,1,0.0,0.0,0.0,0.0,0.0,0.291529,0.849999995
257.9569085,0.3685098692857143,0.03745417342857143,92,1,0.0,0.0,0.0,0.0,0.0,0.276279,0.25000000499999997
257.9569085,0.5159138169999999,0.03440316380952381,183,1,0.0,0.0,0.0,0.0,0.0,0.34908801,9.3499999
257.9569085,0.4690125609090909,0.03440316380952381,183,1,0.0,0.0,0.0,0.0,0.0,0.324682,6.0999999
257.9569085,0.42992818083333334,0.03440316380952381,183,1,0.0,0.0,0.0,0.0,0.0,0.303776,3.6
257.9569085,0.3968567823076923,0.03440316380952381,183,1,0.0,0.0,0.0,0.0,0.0,0.28692099,1.9
257.9569085,0.3685098692857143,0.03440316380952381,183,1,0.0,0.0,0.0,0.0,0.0,0.274396,0.900000005
257.9569085,0.5732375744444445,0.040061478823529416,29,0,0.0,0.0,0.0,0.0,0.0,0.461638,0.10000000549999999
257.9569085,0.5159138169999999,0.040061478823529416,29,0,0.0,0.0,0.0,0.0,0.0,0.38356599,0.35000001000000003
257.9569085,0.4690125609090909,0.040061478823529416,29,0,0.0,0.0,0.0,0.0,0.0,0.33145401,1.35
257.9569085,0.42992818083333334,0.040061478823529416,29,0,0.0,0.0,0.0,0.0,0.0,0.28397399,4.0
257.9569085,0.3968567823076923,0.040061478823529416,29,0,0.0,0.0,0.0,0.0,0.0,-99.989998,8.4500003
257.9569085,0.5732375744444445,0.03745417342857143,92,0,0.0,0.0,0.0,0.0,0.0,0.397315,0.599999995
257.9569085,0.5159138169999999,0.03745417342857143,92,0,0.0,0.0,0.0,0.0,0.0,0.36513299,1.4
257.9569085,0.4690125609090909,0.03745417342857143,92,0,0.0,0.0,0.0,0.0,0.0,0.33349299,2.8999999499999998
257.9569085,0.42992818083333334,0.03745417342857143,92,0,0.0,0.0,0.0,0.0,0.0,0.30851299,5.45000005
257.9569085,0.64489227125,0.03440316380952381,183,0,0.0,0.0,0.0,0.0,0.0,0.39646101,0.650000005
257.9569085,0.5732375744444445,0.03440316380952381,183,0,0.0,0.0,0.0,0.0,0.0,0.36918399,1.3
257.9569085,0.5159138169999999,0.03440316380952381,183,0,0.0,0.0,0.0,0.0,0.0,0.344356,2.3999999499999998
257.9569085,0.4690125609090909,0.03440316380952381,183,0,0.0,0.0,0.0,0.0,0.0,0.32055199,4.0999999
257.9569085,0.42992818083333334,0.03440316380952381,183,0,0.0,0.0,0.0,0.0,0.0,0.301615,6.5999999
257.9569085,0.5159138169999999,0.031038292637362637,365,1,0.0,0.0,0.0,0.0,0.0,0.34094799,11.2
257.9569085,0.4690125609090909,0.031038292637362637,365,1,0.0,0.0,0.0,0.0,0.0,0.32490101,8.25
257.9569085,0.3685098692857143,0.031038292637362637,365,1,0.0,0.0,0.0,0.0,0.0,0.28533301,2.5
257.9569085,0.8598563616666667,0.031038292637362637,365,0,0.0,0.0,0.0,0.0,0.0,0.44049001,0.55000001
257.9569085,0.5732375744444445,0.031038292637362637,365,0,0.0,0.0,0.0,0.0,0.0,0.35934299,2.65
257.9569085,0.5159138169999999,0.031038292637362637,365,0,0.0,0.0,0.0,0.0,0.0,0.335756,4.0
257.9569085,0.4690125609090909,0.031038292637362637,365,0,0.0,0.0,0.0,0.0,0.0,0.32020301,5.95000005
257.9569085,0.42992818083333334,0.031038292637362637,365,0,0.0,0.0,0.0,0.0,0.0,0.30616701,8.4500003
261.56373961,0.4755704356545455,0.03023858238095238,179,1,0.0,0.0,0.0,0.0,0.0,0.33331701,6.5999999
261.56373961,0.4359395660166667,0.03023858238095238,179,1,0.0,0.0,0.0,0.0,0.0,0.31268501,4.0
261.56373961,0.4024057532461539,0.03023858238095238,179,1,0.0,0.0,0.0,0.0,0.0,0.293336,2.1499999499999998
261.56373961,0.3736624851571429,0.03023858238095238,179,1,0.0,0.0,0.0,0.0,0.0,0.28044099,1.05
261.56373961,0.34875165281333337,0.03023858238095238,179,1,0.0,0.0,0.0,0.0,0.0,0.26866001,0.45000000500000004
261.56373961,0.5812527546888889,0.03023858238095238,179,0,0.0,0.0,0.0,0.0,0.0,0.37828901,1.25
261.56373961,0.52312747922,0.03023858238095238,179,0,0.0,0.0,0.0,0.0,0.0,0.35317701,2.29999995
261.56373961,0.4755704356545455,0.03023858238095238,179,0,0.0,0.0,0.0,0.0,0.0,0.327676,3.9
261.56373961,0.4359395660166667,0.03023858238095238,179,0,0.0,0.0,0.0,0.0,0.0,0.30907401,6.29999995
261.56373961,0.3736624851571429,0.03023858238095238,179,0,0.0,0.0,0.0,0.0,0.0,0.27188,13.35
261.56373961,0.34875165281333337,0.03023858238095238,179,0,0.0,0.0,0.0,0.0,0.0,0.25737,17.8500005
261.56373961,0.4359395660166667,0.02724912549450549,361,1,0.0,0.0,0.0,0.0,0.0,0.310756,6.0999999
261.56373961,0.3736624851571429,0.02724912549450549,361,1,0.0,0.0,0.0,0.0,0.0,0.28558701,2.65
261.56373961,0.34875165281333337,0.02724912549450549,361,1,0.0,0.0,0.0,0.0,0.0,0.275608,1.625
261.56373961,0.32695467451250004,0.02724912549450549,361,1,0.0,0.0,0.0,0.0,0.0,0.26900601,0.97499999
261.56373961,0.8718791320333334,0.02724912549450549,361,0,0.0,0.0,0.0,0.0,0.0,0.45207399,0.575000015
261.56373961,0.6539093490250001,0.02724912549450549,361,0,0.0,0.0,0.0,0.0,0.0,0.39241499,1.675
261.56373961,0.5812527546888889,0.02724912549450549,361,0,0.0,0.0,0.0,0.0,0.0,0.364858,2.6000000500000002
261.56373961,0.4359395660166667,0.02724912549450549,361,0,0.0,0.0,0.0,0.0,0.0,0.30467701,8.0999999
262.61382968000004,0.52522765936,0.02878695904761905,178,1,0.0,0.0,0.0,0.0,0.0,0.36187699,10.1
262.61382968000004,0.4774796903272728,0.02878695904761905,178,1,0.0,0.0,0.0,0.0,0.0,0.33066401,6.6500001
262.61382968000004,0.4376897161333334,0.02878695904761905,178,1,0.0,0.0,0.0,0.0,0.0,0.30872801,4.0
262.61382968000004,0.37516261382857147,0.02878695904761905,178,1,0.0,0.0,0.0,0.0,0.0,0.27614599,1.024999995
262.61382968000004,0.6565345742,0.02878695904761905,178,0,0.0,0.0,0.0,0.0,0.0,0.42127499,0.69999999
262.61382968000004,0.5835862881777779,0.02878695904761905,178,0,0.0,0.0,0.0,0.0,0.0,0.384527,1.275
262.61382968000004,0.4774796903272728,0.02878695904761905,178,0,0.0,0.0,0.0,0.0,0.0,0.33245501,3.9
262.61382968000004,0.4376897161333334,0.02878695904761905,178,0,0.0,0.0,0.0,0.0,0.0,0.308979,6.20000005
262.61382968000004,0.4040212764307693,0.02878695904761905,178,0,0.0,0.0,0.0,0.0,0.0,0.28432101,9.25
262.61382968000004,0.52522765936,0.026277929560439558,360,1,0.0,0.0,0.0,0.0,0.0,0.343595,11.8
262.61382968000004,0.4376897161333334,0.026277929560439558,360,1,0.0,0.0,0.0,0.0,0.0,0.30909699,6.1500001
262.61382968000004,0.4040212764307693,0.026277929560439558,360,1,0.0,0.0,0.0,0.0,0.0,0.29567,4.1500001
262.61382968000004,0.3282672871,0.026277929560439558,360,1,0.0,0.0,0.0,0.0,0.0,0.26132599,0.900000005
262.61382968000004,0.308957446682353,0.026277929560439558,360,1,0.0,0.0,0.0,0.0,0.0,0.25754899,0.525000005
262.61382968000004,0.8753794322666668,0.026277929560439558,360,0,0.0,0.0,0.0,0.0,0.0,0.45408899,0.57499999
262.61382968000004,0.5835862881777779,0.026277929560439558,360,0,0.0,0.0,0.0,0.0,0.0,0.367434,2.6
262.61382968000004,0.4774796903272728,0.026277929560439558,360,0,0.0,0.0,0.0,0.0,0.0,0.330578,5.85000015
262.61382968000004,0.4376897161333334,0.026277929560439558,360,0,0.0,0.0,0.0,0.0,0.0,0.30887401,8.0999999
262.61382968000004,0.37516261382857147,0.026277929560439558,360,0,0.0,0.0,0.0,0.0,0.0,0.27640799,14.399999999999999
262.61382968000004,0.7003035458133334,0.026277929560439558,360,0,0.0,0.0,0.0,0.0,0.0,0.40968001,1.325
262.11161269,0.47656656852727275,0.03043656190476191,177,1,0.0,0.0,0.0,0.0,0.0,0.31646299,6.3499999
262.11161269,0.4032486349076923,0.03043656190476191,177,1,0.0,0.0,0.0,0.0,0.0,0.274277,1.875
262.11161269,0.3744451609857143,0.03043656190476191,177,1,0.0,0.0,0.0,0.0,0.0,0.25674501,0.80000001
262.11161269,0.52422322538,0.03043656190476191,177,0,0.0,0.0,0.0,0.0,0.0,0.34395999,2.1499999499999998
262.11161269,0.47656656852727275,0.03043656190476191,177,0,0.0,0.0,0.0,0.0,0.0,0.317489,3.6999999499999996
279.05002208,0.507363676509091,0.03140278892857143,32,1,0.0,0.0,0.0,0.0,0.0,0.366786,6.5999999
279.05002208,0.46508337013333334,0.03140278892857143,32,1,0.0,0.0,0.0,0.0,0.0,0.33679301,2.92499995
279.05002208,0.4293077262769231,0.03140278892857143,32,1,0.0,0.0,0.0,0.0,0.0,0.305675,0.80000001
279.05002208,0.3986428886857143,0.03140278892857143,32,1,0.0,0.0,0.0,0.0,0.0,0.28918099,0.125000005
279.05002208,0.3720666961066667,0.03140278892857143,32,1,0.0,0.0,0.0,0.0,0.0,0.340969,0.05
279.05002208,0.507363676509091,0.03140278892857143,32,0,0.0,0.0,0.0,0.0,0.0,0.366238,0.575000015
279.05002208,0.46508337013333334,0.03140278892857143,32,0,0.0,0.0,0.0,0.0,0.0,0.332647,1.925
279.41527080000003,0.7983293451428572,0.0314145525,31,1,0.0,0.0,0.0,0.0,0.0,-99.989998,26.1999995
279.41527080000003,0.6985381770000001,0.0314145525,31,1,0.0,0.0,0.0,0.0,0.0,-99.989998,21.1999995
279.41527080000003,0.5080277650909092,0.0314145525,31,1,0.0,0.0,0.0,0.0,0.0,0.348492,6.5999999
279.41527080000003,0.46569211800000004,0.0314145525,31,1,0.0,0.0,0.0,0.0,0.0,0.32113901,2.8500000500000002
279.41527080000003,0.4298696473846154,0.0314145525,31,1,0.0,0.0,0.0,0.0,0.0,0.29628399,0.75
279.41527080000003,0.3991646725714286,0.0314145525,31,1,0.0,0.0,0.0,0.0,0.0,0.290308,0.125000005
279.41527080000003,0.3725536944,0.0314145525,31,1,0.0,0.0,0.0,0.0,0.0,0.311342,0.0250000005
279.41527080000003,0.5588305416,0.0314145525,31,0,0.0,0.0,0.0,0.0,0.0,0.39112201,0.10000000549999999
279.41527080000003,0.5080277650909092,0.0314145525,31,0,0.0,0.0,0.0,0.0,0.0,0.35853001,0.5
279.41527080000003,0.46569211800000004,0.0314145525,31,0,0.0,0.0,0.0,0.0,0.0,0.31245399,1.7
279.41527080000003,0.4298696473846154,0.0314145525,31,0,0.0,0.0,0.0,0.0,0.0,0.30044201,4.70000005
279.41527080000003,0.3725536944,0.0314145525,31,0,0.0,0.0,0.0,0.0,0.0,-99.989998,13.95
275.39753488,0.5007227906909091,0.031655831071428574,30,1,0.0,0.0,0.0,0.0,0.0,0.334892,5.70000005
275.39753488,0.4589958914666667,0.031655831071428574,30,1,0.0,0.0,0.0,0.0,0.0,0.31997299,2.25
275.39753488,0.42368851520000006,0.031655831071428574,30,1,0.0,0.0,0.0,0.0,0.0,0.30519101,0.55000001
275.39753488,0.5007227906909091,0.031655831071428574,30,0,0.0,0.0,0.0,0.0,0.0,0.35063699,0.599999995
275.39753488,0.4589958914666667,0.031655831071428574,30,0,0.0,0.0,0.0,0.0,0.0,0.320207,2.1499999499999998
276.63024931,0.4610504155166667,0.031544808214285715,29,1,0.0,0.0,0.0,0.0,0.0,0.30377001,2.32500005
276.63024931,0.4255849989384616,0.031544808214285715,29,1,0.0,0.0,0.0,0.0,0.0,0.282184,0.5
276.63024931,0.55326049862,0.031544808214285715,29,0,0.0,0.0,0.0,0.0,0.0,0.38917401,0.10000000549999999
276.63024931,0.5029640896545454,0.031544808214285715,29,0,0.0,0.0,0.0,0.0,0.0,0.336537,0.45000000500000004
276.63024931,0.4610504155166667,0.031544808214285715,29,0,0.0,0.0,0.0,0.0,0.0,0.29767701,1.775
276.63024931,0.4255849989384616,0.031544808214285715,29,0,0.0,0.0,0.0,0.0,0.0,0.27930999,5.0
282.64804078000003,0.8075658308000001,0.02570598942857143,32,1,0.0,0.0,0.0,0.0,0.0,-99.989998,26.6499995
282.64804078000003,0.5652960815600001,0.02570598942857143,32,1,0.0,0.0,0.0,0.0,0.0,0.41532001,11.8
282.64804078000003,0.5139055286909091,0.02570598942857143,32,1,0.0,0.0,0.0,0.0,0.0,0.364723,7.1500001
282.64804078000003,0.47108006796666674,0.02570598942857143,32,1,0.0,0.0,0.0,0.0,0.0,0.32819599,3.3000000500000004
282.64804078000003,0.43484313966153854,0.02570598942857143,32,1,0.0,0.0,0.0,0.0,0.0,0.30898401,1.024999995
282.64804078000003,0.37686405437333337,0.02570598942857143,32,1,0.0,0.0,0.0,0.0,0.0,0.323612,0.05
282.64804078000003,0.628106757288889,0.02570598942857143,32,0,0.0,0.0,0.0,0.0,0.0,0.50621402,0.05
282.64804078000003,0.5139055286909091,0.02570598942857143,32,0,0.0,0.0,0.0,0.0,0.0,0.374567,0.5
282.64804078000003,0.47108006796666674,0.02570598942857143,32,0,0.0,0.0,0.0,0.0,0.0,0.335311,1.65
282.64804078000003,0.43484313966153854,0.02570598942857143,32,0,0.0,0.0,0.0,0.0,0.0,0.305933,4.29999995
283.38135822,0.47230226369999995,0.026328057999999998,31,1,0.0,0.0,0.0,0.0,0.0,0.39738101,3.9
283.38135822,0.43597132033846153,0.026328057999999998,31,1,0.0,0.0,0.0,0.0,0.0,0.366431,1.45
283.38135822,0.4048305117428571,0.026328057999999998,31,1,0.0,0.0,0.0,0.0,0.0,0.36182699,0.42499999499999996
283.38135822,0.37784181095999997,0.026328057999999998,31,1,0.0,0.0,0.0,0.0,0.0,0.37722799,0.125000005
283.38135822,0.56676271644,0.026328057999999998,31,0,0.0,0.0,0.0,0.0,0.0,0.43103501,0.125000005
283.38135822,0.5152388331272727,0.026328057999999998,31,0,0.0,0.0,0.0,0.0,0.0,0.408252,0.57499999
283.38135822,0.47230226369999995,0.026328057999999998,31,0,0.0,0.0,0.0,0.0,0.0,0.38027301,1.825
283.38135822,0.43597132033846153,0.026328057999999998,31,0,0.0,0.0,0.0,0.0,0.0,0.35241801,4.4000001
283.38135822,0.4048305117428571,0.026328057999999998,31,0,0.0,0.0,0.0,0.0,0.0,0.32199499,8.3499999
308.31415118,0.61662830236,0.02658233257142857,30,1,0.0,0.0,0.0,0.0,0.0,0.50919598,17.3000005
308.31415118,0.5605711839636364,0.02658233257142857,30,1,0.0,0.0,0.0,0.0,0.0,0.40583199,12.35
308.31415118,0.5138569186333334,0.02658233257142857,30,1,0.0,0.0,0.0,0.0,0.0,0.368036,7.70000005
308.31415118,0.4743294633538462,0.02658233257142857,30,1,0.0,0.0,0.0,0.0,0.0,0.30768299,3.6
308.31415118,0.44044878740000004,0.02658233257142857,30,1,0.0,0.0,0.0,0.0,0.0,0.27939901,1.075
308.31415118,0.41108553490666666,0.02658233257142857,30,1,0.0,0.0,0.0,0.0,0.0,0.254089,0.15000000000000002
308.31415118,0.6851425581777778,0.02658233257142857,30,0,0.0,0.0,0.0,0.0,0.0,0.58357197,0.0250000005
308.31415118,0.61662830236,0.02658233257142857,30,0,0.0,0.0,0.0,0.0,0.0,0.51887,0.0750000005
308.31415118,0.5605711839636364,0.02658233257142857,30,0,0.0,0.0,0.0,0.0,0.0,0.39135,0.10000000549999999
308.31415118,0.5138569186333334,0.02658233257142857,30,0,0.0,0.0,0.0,0.0,0.0,0.34094799,0.375
308.31415118,0.4743294633538462,0.02658233257142857,30,0,0.0,0.0,0.0,0.0,0.0,0.307004,1.375
308.31415118,0.44044878740000004,0.02658233257142857,30,0,0.0,0.0,0.0,0.0,0.0,0.27225301,3.8000000500000004
302.76843804000004,0.4325263400571429,0.025257595714285715,187,1,0.0,0.0,0.0,0.0,0.0,0.30361301,4.20000005
302.76843804000004,0.5046140634,0.025257595714285715,187,0,0.0,0.0,0.0,0.0,0.0,0.33749101,3.4
302.76843804000004,0.4657975969846154,0.025257595714285715,187,0,0.0,0.0,0.0,0.0,0.0,0.31901401,5.29999995
302.76843804000004,0.4325263400571429,0.025257595714285715,187,0,0.0,0.0,0.0,0.0,0.0,0.304699,7.9000001
301.66846188,0.46410532596923076,0.027506399999999997,32,1,0.0,0.0,0.0,0.0,0.0,0.28546801,2.7250000500000002
301.66846188,0.4309549455428571,0.027506399999999997,32,1,0.0,0.0,0.0,0.0,0.0,0.26620501,0.69999999
301.66846188,0.40222461583999997,0.027506399999999997,32,1,0.0,0.0,0.0,0.0,0.0,0.25628099,0.10000000549999999
301.66846188,0.4309549455428571,0.02583192142857143,186,1,0.0,0.0,0.0,0.0,0.0,0.30171999,4.0999999
301.66846188,0.40222461583999997,0.02583192142857143,186,1,0.0,0.0,0.0,0.0,0.0,0.29020199,2.42499995
301.66846188,0.37708557735,0.02583192142857143,186,1,0.0,0.0,0.0,0.0,0.0,0.282031,1.35
301.66846188,0.35490407279999997,0.02583192142857143,186,1,0.0,0.0,0.0,0.0,0.0,0.27486199,0.69999999
301.66846188,0.5484881125090909,0.027506399999999997,32,0,0.0,0.0,0.0,0.0,0.0,0.37954599,0.15000000000000002
301.66846188,0.5027807698,0.027506399999999997,32,0,0.0,0.0,0.0,0.0,0.0,0.32130399,0.5
301.66846188,0.46410532596923076,0.027506399999999997,32,0,0.0,0.0,0.0,0.0,0.0,0.28466699,1.75
301.66846188,0.4309549455428571,0.027506399999999997,32,0,0.0,0.0,0.0,0.0,0.0,0.258555,4.70000005
301.66846188,0.5484881125090909,0.02583192142857143,186,0,0.0,0.0,0.0,0.0,0.0,0.35159901,2.0
301.66846188,0.46410532596923076,0.02583192142857143,186,0,0.0,0.0,0.0,0.0,0.0,0.317141,5.29999995
302.81427038,0.46586810827692304,0.02766848,31,1,0.0,0.0,0.0,0.0,0.0,0.28037801,2.79999995
302.81427038,0.4325918148285714,0.02766848,31,1,0.0,0.0,0.0,0.0,0.0,0.25639999,0.674999985
302.81427038,0.4325918148285714,0.027124033333333335,185,1,0.0,0.0,0.0,0.0,0.0,0.29844999,4.14999985
302.81427038,0.40375236050666663,0.027124033333333335,185,1,0.0,0.0,0.0,0.0,0.0,0.28714001,2.45000005
302.81427038,0.5046904506333333,0.02766848,31,0,0.0,0.0,0.0,0.0,0.0,0.31091699,0.39999998999999997
302.81427038,0.46586810827692304,0.02766848,31,0,0.0,0.0,0.0,0.0,0.0,0.27237901,1.525
302.81427038,0.40375236050666663,0.02766848,31,0,0.0,0.0,0.0,0.0,0.0,-99.989998,8.8499999
302.81427038,0.6729206008444444,0.027124033333333335,185,0,0.0,0.0,0.0,0.0,0.0,0.391817,0.55000001
302.81427038,0.60562854076,0.027124033333333335,185,0,0.0,0.0,0.0,0.0,0.0,0.36575401,1.024999995
302.81427038,0.5046904506333333,0.027124033333333335,185,0,0.0,0.0,0.0,0.0,0.0,0.330145,3.1999999499999996
302.81427038,0.46586810827692304,0.027124033333333335,185,0,0.0,0.0,0.0,0.0,0.0,0.31101099,5.04999995
302.81427038,0.4325918148285714,0.027124033333333335,185,0,0.0,0.0,0.0,0.0,0.0,0.29503,7.5999999
309.5974567,0.47630377953846154,0.02835521,30,1,0.0,0.0,0.0,0.0,0.0,0.28178799,3.75
309.5974567,0.442282081,0.02835521,30,1,0.0,0.0,0.0,0.0,0.0,0.25307301,1.05
309.5974567,0.38699682087500004,0.02835521,30,1,0.0,0.0,0.0,0.0,0.0,0.261498,0.0250000005
309.5974567,0.5159957611666667,0.02901287,93,1,0.0,0.0,0.0,0.0,0.0,0.336622,9.25
309.5974567,0.47630377953846154,0.02901287,93,1,0.0,0.0,0.0,0.0,0.0,0.31291601,5.70000005
309.5974567,0.442282081,0.02901287,93,1,0.0,0.0,0.0,0.0,0.0,0.29358,3.04999995
309.5974567,0.41279660893333336,0.02901287,93,1,0.0,0.0,0.0,0.0,0.0,0.27783701,1.375
309.5974567,0.364232302,0.02901287,93,1,0.0,0.0,0.0,0.0,0.0,0.260943,0.17500000500000001
309.5974567,0.442282081,0.028707592857142857,184,1,0.0,0.0,0.0,0.0,0.0,0.29650301,4.79999995
309.5974567,0.5629044667272728,0.02835521,30,0,0.0,0.0,0.0,0.0,0.0,0.38278401,0.0750000005
309.5974567,0.47630377953846154,0.02835521,30,0,0.0,0.0,0.0,0.0,0.0,0.273848,0.999999995
309.5974567,0.442282081,0.02835521,30,0,0.0,0.0,0.0,0.0,0.0,0.24461401,3.3000000500000004
309.5974567,0.5629044667272728,0.02901287,93,0,0.0,0.0,0.0,0.0,0.0,0.36294001,0.69999999
309.5974567,0.5159957611666667,0.02901287,93,0,0.0,0.0,0.0,0.0,0.0,0.332587,1.45
309.5974567,0.47630377953846154,0.02901287,93,0,0.0,0.0,0.0,0.0,0.0,0.30724201,2.8500000500000002
309.5974567,0.41279660893333336,0.02901287,93,0,0.0,0.0,0.0,0.0,0.0,0.27702299,8.5999999
309.5974567,0.6191949134,0.028707592857142857,184,0,0.0,0.0,0.0,0.0,0.0,0.37049001,0.900000005
309.5974567,0.5629044667272728,0.028707592857142857,184,0,0.0,0.0,0.0,0.0,0.0,0.34712899,1.6
311.15575626000003,0.5185929271,0.029071399375,29,1,0.0,0.0,0.0,0.0,0.0,0.32318401,8.25
311.15575626000003,0.47870116347692315,0.029071399375,29,1,0.0,0.0,0.0,0.0,0.0,0.27181101,3.9
311.15575626000003,0.4445082232285715,0.029071399375,29,1,0.0,0.0,0.0,0.0,0.0,0.247853,1.1
311.15575626000003,0.38894469532500003,0.029071399375,29,1,0.0,0.0,0.0,0.0,0.0,0.28657901,0.05
311.15575626000003,0.47870116347692315,0.02961375857142857,92,1,0.0,0.0,0.0,0.0,0.0,0.30674401,5.79999995
311.15575626000003,0.4445082232285715,0.02961375857142857,92,1,0.0,0.0,0.0,0.0,0.0,0.288519,3.1
311.15575626000003,0.41487434168000004,0.02961375857142857,92,1,0.0,0.0,0.0,0.0,0.0,0.27202499,1.375
311.15575626000003,0.5185929271,0.029275314285714282,183,1,0.0,0.0,0.0,0.0,0.0,0.32106799,10.8
311.15575626000003,0.41487434168000004,0.029275314285714282,183,1,0.0,0.0,0.0,0.0,0.0,0.28062701,2.92499995
311.15575626000003,0.62231151252,0.029071399375,29,0,0.0,0.0,0.0,0.0,0.0,0.51321399,0.05
311.15575626000003,0.5185929271,0.029071399375,29,0,0.0,0.0,0.0,0.0,0.0,0.31497499,0.20000000499999998
311.15575626000003,0.47870116347692315,0.029071399375,29,0,0.0,0.0,0.0,0.0,0.0,0.26965699,0.849999995
311.15575626000003,0.4445082232285715,0.029071399375,29,0,0.0,0.0,0.0,0.0,0.0,0.24166401,3.0249999499999998
311.15575626000003,0.6914572361333334,0.02961375857142857,92,0,0.0,0.0,0.0,0.0,0.0,0.415333,0.10000000549999999
311.15575626000003,0.5657377386545455,0.02961375857142857,92,0,0.0,0.0,0.0,0.0,0.0,0.35379699,0.599999995
311.15575626000003,0.5185929271,0.02961375857142857,92,0,0.0,0.0,0.0,0.0,0.0,0.32533699,1.3
311.15575626000003,0.47870116347692315,0.02961375857142857,92,0,0.0,0.0,0.0,0.0,0.0,0.30203801,2.6499999499999998
311.15575626000003,0.5185929271,0.029275314285714282,183,0,0.0,0.0,0.0,0.0,0.0,0.323787,2.57500005
311.15575626000003,0.47870116347692315,0.029275314285714282,183,0,0.0,0.0,0.0,0.0,0.0,0.305978,4.20000005
314.50151708000004,0.4838484878153847,0.029331458285714283,89,1,0.0,0.0,0.0,0.0,0.0,0.30432799,6.20000005
314.50151708000004,0.4492878815428572,0.029331458285714283,89,1,0.0,0.0,0.0,0.0,0.0,0.28601599,3.3500000500000002
314.50151708000004,0.4193353561066667,0.029331458285714283,89,1,0.0,0.0,0.0,0.0,0.0,0.26743901,1.475
314.50151708000004,0.39312689635000003,0.029331458285714283,89,1,0.0,0.0,0.0,0.0,0.0,0.257498,0.55000001
314.50151708000004,0.37000178480000007,0.029331458285714283,89,1,0.0,0.0,0.0,0.0,0.0,0.25150299,0.17500000500000001
314.50151708000004,0.4838484878153847,0.029074553333333336,180,1,0.0,0.0,0.0,0.0,0.0,0.304952,7.9000001
314.50151708000004,0.4492878815428572,0.029074553333333336,180,1,0.0,0.0,0.0,0.0,0.0,0.28808999,5.0999999
314.50151708000004,0.4193353561066667,0.029074553333333336,180,1,0.0,0.0,0.0,0.0,0.0,0.27821299,3.1
314.50151708000004,0.6988922601777778,0.029331458285714283,89,0,0.0,0.0,0.0,0.0,0.0,0.447041,0.125000005
314.50151708000004,0.5241691951333334,0.029331458285714283,89,0,0.0,0.0,0.0,0.0,0.0,0.32368001,1.1
314.50151708000004,0.4838484878153847,0.029331458285714283,89,0,0.0,0.0,0.0,0.0,0.0,0.30096799,2.3249999499999996
314.50151708000004,0.62900303416,0.029074553333333336,180,0,0.0,0.0,0.0,0.0,0.0,0.36729899,0.75
314.50151708000004,0.5718209401454546,0.029074553333333336,180,0,0.0,0.0,0.0,0.0,0.0,0.34292701,1.35
314.50151708000004,0.5241691951333334,0.029074553333333336,180,0,0.0,0.0,0.0,0.0,0.0,0.321073,2.32500005
314.50151708000004,0.4838484878153847,0.029074553333333336,180,0,0.0,0.0,0.0,0.0,0.0,0.30595401,3.9
311.79740902000003,0.44542487002857145,0.029147638571428568,179,1,0.0,0.0,0.0,0.0,0.0,0.29318601,4.9000001
311.79740902000003,0.4157298786933334,0.029147638571428568,179,1,0.0,0.0,0.0,0.0,0.0,0.28478,3.0
311.79740902000003,0.389746761275,0.029147638571428568,179,1,0.0,0.0,0.0,0.0,0.0,0.27478299,1.675
311.79740902000003,0.5669043800363637,0.029147638571428568,179,0,0.0,0.0,0.0,0.0,0.0,0.34548301,1.45
309.73495372,0.47651531341538467,0.02899751,178,1,0.0,0.0,0.0,0.0,0.0,0.30469701,7.20000005
309.73495372,0.41297993829333335,0.02899751,178,1,0.0,0.0,0.0,0.0,0.0,0.278272,2.70000005
309.73495372,0.563154461309091,0.02899751,178,0,0.0,0.0,0.0,0.0,0.0,0.33970001,1.45
311.93490604,0.4159132080533333,0.029189113809523812,177,1,0.0,0.0,0.0,0.0,0.0,0.275805,2.79999995
311.93490604,0.6238698120799999,0.029189113809523812,177,0,0.0,0.0,0.0,0.0,0.0,0.3669,0.775000005
311.93490604,0.5198915100666667,0.029189113809523812,177,0,0.0,0.0,0.0,0.0,0.0,0.317572,2.375
311.93490604,0.44562129434285713,0.029189113809523812,177,0,0.0,0.0,0.0,0.0,0.0,0.28805,6.29999995
307.26000736000003,0.5121000122666667,0.02465774928571428,32,1,0.0,0.0,0.0,0.0,0.0,0.29435799,7.29999995
307.26000736000003,0.4727077036307693,0.02465774928571428,32,1,0.0,0.0,0.0,0.0,0.0,0.23990899,3.0249999499999998
307.26000736000003,0.4389428676571429,0.02465774928571428,32,1,0.0,0.0,0.0,0.0,0.0,0.219155,0.650000005
307.26000736000003,0.4727077036307693,0.02465774928571428,32,0,0.0,0.0,0.0,0.0,0.0,0.239274,1.05
307.26000736000003,0.4389428676571429,0.02465774928571428,32,0,0.0,0.0,0.0,0.0,0.0,0.21703801,3.6999999499999996
298.50603042,0.4592400468,0.024384426785714286,31,1,0.0,0.0,0.0,0.0,0.0,0.24171101,1.85
298.50603042,0.42643718631428573,0.024384426785714286,31,1,0.0,0.0,0.0,0.0,0.0,0.238873,0.35000001000000003
298.50603042,0.4975100507,0.024384426785714286,31,0,0.0,0.0,0.0,0.0,0.0,0.260205,0.35000001000000003
298.50603042,0.4592400468,0.024384426785714286,31,0,0.0,0.0,0.0,0.0,0.0,0.23978899,1.8
297.95604234,0.4583939112923077,0.02426915857142857,30,1,0.0,0.0,0.0,0.0,0.0,0.240996,1.75
297.95604234,0.4256514890571429,0.02426915857142857,30,1,0.0,0.0,0.0,0.0,0.0,0.235376,0.29999999499999996
297.95604234,0.39727472312,0.02426915857142857,30,1,0.0,0.0,0.0,0.0,0.0,0.276948,0.0750000005
297.95604234,0.4965934039,0.02426915857142857,30,0,0.0,0.0,0.0,0.0,0.0,0.27222899,0.39999998999999997
296.85606617999997,0.456701640276923,0.024157423214285715,29,1,0.0,0.0,0.0,0.0,0.0,0.248409,1.65
296.85606617999997,0.4240800945428571,0.024157423214285715,29,1,0.0,0.0,0.0,0.0,0.0,0.260048,0.35000001000000003
296.85606617999997,0.49476011029999994,0.024157423214285715,29,0,0.0,0.0,0.0,0.0,0.0,0.26823899,0.39999998999999997
296.85606617999997,0.456701640276923,0.024157423214285715,29,0,0.0,0.0,0.0,0.0,0.0,0.246519,1.9749999999999999
296.85606617999997,0.4240800945428571,0.024157423214285715,29,0,0.0,0.0,0.0,0.0,0.0,0.244655,5.6500001
312.68290399999995,0.48105062153846145,0.025444236285714288,32,1,0.0,0.0,0.0,0.0,0.0,0.35013801,4.5999999
312.68290399999995,0.4466898628571428,0.025444236285714288,32,1,0.0,0.0,0.0,0.0,0.0,0.32507601,1.825
312.68290399999995,0.4169105386666666,0.025444236285714288,32,1,0.0,0.0,0.0,0.0,0.0,0.30963901,0.5
312.68290399999995,0.5211381733333332,0.025444236285714288,32,0,0.0,0.0,0.0,0.0,0.0,0.38316199,0.474999995
312.68290399999995,0.48105062153846145,0.025444236285714288,32,0,0.0,0.0,0.0,0.0,0.0,0.348822,1.45
312.68290399999995,0.4466898628571428,0.025444236285714288,32,0,0.0,0.0,0.0,0.0,0.0,0.32069799,3.6499999499999998
312.13111064,0.5675111102545454,0.025521913142857143,31,1,0.0,0.0,0.0,0.0,0.0,0.40391499,13.100000000000001
312.13111064,0.4459015866285714,0.025521913142857143,31,1,0.0,0.0,0.0,0.0,0.0,0.33357701,1.8
312.13111064,0.41617481418666663,0.025521913142857143,31,1,0.0,0.0,0.0,0.0,0.0,0.31341001,0.474999995
312.13111064,0.5202185177333333,0.025521913142857143,31,0,0.0,0.0,0.0,0.0,0.0,0.385528,0.474999995
312.13111064,0.480201708676923,0.025521913142857143,31,0,0.0,0.0,0.0,0.0,0.0,0.356062,1.5
312.13111064,0.4459015866285714,0.025521913142857143,31,0,0.0,0.0,0.0,0.0,0.0,0.32263699,3.6999999499999996
311.94717951999996,0.47991873772307686,0.025632075714285715,30,1,0.0,0.0,0.0,0.0,0.0,0.34631199,4.29999995
311.94717951999996,0.44563882788571424,0.025632075714285715,30,1,0.0,0.0,0.0,0.0,0.0,0.327452,1.65
311.94717951999996,0.4159295726933333,0.025632075714285715,30,1,0.0,0.0,0.0,0.0,0.0,0.312675,0.42500000000000004
311.94717951999996,0.5671766900363636,0.025632075714285715,30,0,0.0,0.0,0.0,0.0,0.0,0.438651,0.15000000000000002
311.94717951999996,0.5199119658666667,0.025632075714285715,30,0,0.0,0.0,0.0,0.0,0.0,0.38071799,0.45000000500000004
311.94717951999996,0.47991873772307686,0.025632075714285715,30,0,0.0,0.0,0.0,0.0,0.0,0.35153201,1.475
311.94717951999996,0.44563882788571424,0.025632075714285715,30,0,0.0,0.0,0.0,0.0,0.0,0.32998899,3.8000000500000004
311.94717951999996,0.4159295726933333,0.025632075714285715,30,0,0.0,0.0,0.0,0.0,0.0,0.31198701,7.54999995
306.84309093999997,0.4720662937538461,0.025698857714285716,29,1,0.0,0.0,0.0,0.0,0.0,0.349491,3.6
306.84309093999997,0.43834727277142854,0.025698857714285716,29,1,0.0,0.0,0.0,0.0,0.0,0.32866001,1.25
306.84309093999997,0.4091241212533333,0.025698857714285716,29,1,0.0,0.0,0.0,0.0,0.0,0.32604599,0.32499999999999996
306.84309093999997,0.38355386367499994,0.025698857714285716,29,1,0.0,0.0,0.0,0.0,0.0,0.313752,0.05
306.84309093999997,0.6818735354222222,0.025698857714285716,29,0,0.0,0.0,0.0,0.0,0.0,0.64151698,0.05
306.84309093999997,0.6136861818799999,0.025698857714285716,29,0,0.0,0.0,0.0,0.0,0.0,0.48806801,0.05
306.84309093999997,0.5578965289818181,0.025698857714285716,29,0,0.0,0.0,0.0,0.0,0.0,0.434026,0.17500000500000001
306.84309093999997,0.5114051515666667,0.025698857714285716,29,0,0.0,0.0,0.0,0.0,0.0,0.378333,0.55000001
306.84309093999997,0.4720662937538461,0.025698857714285716,29,0,0.0,0.0,0.0,0.0,0.0,0.34933701,1.775
306.84309093999997,0.4091241212533333,0.025698857714285716,29,0,0.0,0.0,0.0,0.0,0.0,0.321953,8.5
256.62989518,0.46659980941818185,0.029114536571428574,187,1,0.0,0.0,0.0,0.0,0.0,0.351383,6.0999999
256.62989518,0.42771649196666667,0.029114536571428574,187,1,0.0,0.0,0.0,0.0,0.0,0.33548999,3.8000000500000004
256.62989518,0.39481522335384617,0.029114536571428574,187,1,0.0,0.0,0.0,0.0,0.0,0.317303,2.125
256.62989518,0.36661413597142856,0.029114536571428574,187,1,0.0,0.0,0.0,0.0,0.0,0.30451301,1.1
256.62989518,0.34217319357333337,0.029114536571428574,187,1,0.0,0.0,0.0,0.0,0.0,0.297892,0.55000001
256.62989518,0.6843463871466667,0.029114536571428574,187,1,0.0,0.0,0.0,0.0,0.0,0.456862,19.25
256.62989518,0.5702886559555556,0.029114536571428574,187,0,0.0,0.0,0.0,0.0,0.0,0.39683801,1.75
256.62989518,0.51325979036,0.029114536571428574,187,0,0.0,0.0,0.0,0.0,0.0,0.37094501,3.0249999499999998
256.62989518,0.46659980941818185,0.029114536571428574,187,0,0.0,0.0,0.0,0.0,0.0,0.347058,4.9000001
256.62989518,0.42771649196666667,0.029114536571428574,187,0,0.0,0.0,0.0,0.0,0.0,0.32652801,7.5
256.62989518,0.6843463871466667,0.029114536571428574,187,0,0.0,0.0,0.0,0.0,0.0,0.436497,0.650000005
265.04474392,0.48189953439999994,0.028591879714285715,186,1,0.0,0.0,0.0,0.0,0.0,0.354182,7.20000005
265.04474392,0.44174123986666664,0.028591879714285715,186,1,0.0,0.0,0.0,0.0,0.0,0.33520901,4.5999999
265.04474392,0.3786353484571428,0.028591879714285715,186,1,0.0,0.0,0.0,0.0,0.0,0.30867699,1.5
265.04474392,0.48189953439999994,0.024961662000000003,32,1,0.0,0.0,0.0,0.0,0.0,0.38258401,4.0999999
265.04474392,0.44174123986666664,0.024961662000000003,32,1,0.0,0.0,0.0,0.0,0.0,0.35093099,1.45
265.04474392,0.40776114449230766,0.024961662000000003,32,1,0.0,0.0,0.0,0.0,0.0,0.338642,0.35000001000000003
265.04474392,0.5889883198222222,0.028591879714285715,186,0,0.0,0.0,0.0,0.0,0.0,0.404625,1.525
265.04474392,0.40776114449230766,0.028591879714285715,186,0,0.0,0.0,0.0,0.0,0.0,0.31884301,9.75
265.04474392,0.5889883198222222,0.024961662000000003,32,0,0.0,0.0,0.0,0.0,0.0,0.50324601,0.15000000000000002
265.04474392,0.53008948784,0.024961662000000003,32,0,0.0,0.0,0.0,0.0,0.0,0.43089101,0.45000000500000004
265.04474392,0.48189953439999994,0.024961662000000003,32,0,0.0,0.0,0.0,0.0,0.0,0.38708699,1.45
265.04474392,0.44174123986666664,0.024961662000000003,32,0,0.0,0.0,0.0,0.0,0.0,0.35624301,3.8000000500000004
267.43584847999995,0.5348716969599999,0.028782634285714287,185,1,0.0,0.0,0.0,0.0,0.0,0.37762499,10.899999999999999
267.43584847999995,0.48624699723636355,0.028782634285714287,185,1,0.0,0.0,0.0,0.0,0.0,0.354837,7.54999995
267.43584847999995,0.4114397668923076,0.028782634285714287,185,1,0.0,0.0,0.0,0.0,0.0,0.31952801,2.8999999499999998
267.43584847999995,0.38205121211428567,0.028782634285714287,185,1,0.0,0.0,0.0,0.0,0.0,0.30513901,1.575
267.43584847999995,0.33429481059999994,0.028782634285714287,185,1,0.0,0.0,0.0,0.0,0.0,0.290979,0.39999998999999997
267.43584847999995,0.44572641413333325,0.02487765,31,1,0.0,0.0,0.0,0.0,0.0,0.347673,1.625
267.43584847999995,0.4114397668923076,0.02487765,31,1,0.0,0.0,0.0,0.0,0.0,0.329099,0.375
267.43584847999995,0.594301885511111,0.028782634285714287,185,0,0.0,0.0,0.0,0.0,0.0,0.40134501,1.4
267.43584847999995,0.5348716969599999,0.028782634285714287,185,0,0.0,0.0,0.0,0.0,0.0,0.37711701,2.4750000500000002
267.43584847999995,0.48624699723636355,0.028782634285714287,185,0,0.0,0.0,0.0,0.0,0.0,0.35547701,4.0999999
267.43584847999995,0.44572641413333325,0.028782634285714287,185,0,0.0,0.0,0.0,0.0,0.0,0.334012,6.3499999
267.43584847999995,0.4114397668923076,0.028782634285714287,185,0,0.0,0.0,0.0,0.0,0.0,0.32028601,9.4000001
267.43584847999995,0.594301885511111,0.02487765,31,0,0.0,0.0,0.0,0.0,0.0,0.52766401,0.15000000000000002
267.43584847999995,0.5348716969599999,0.02487765,31,0,0.0,0.0,0.0,0.0,0.0,0.44283599,0.39999998999999997
267.43584847999995,0.48624699723636355,0.02487765,31,0,0.0,0.0,0.0,0.0,0.0,0.38528401,1.225
267.43584847999995,0.44572641413333325,0.02487765,31,0,0.0,0.0,0.0,0.0,0.0,0.33996099,3.3000000500000004
269.27515968,0.4895911994181818,0.029356816571428572,184,1,0.0,0.0,0.0,0.0,0.0,0.34737399,7.6500001
269.27515968,0.4142694764307692,0.029356816571428572,184,1,0.0,0.0,0.0,0.0,0.0,0.308934,2.8500000500000002
269.27515968,0.35903354624,0.029356816571428572,184,1,0.0,0.0,0.0,0.0,0.0,0.29070199,0.80000001
269.27515968,0.3365939496,0.029356816571428572,184,1,0.0,0.0,0.0,0.0,0.0,0.28309801,0.375
269.27515968,0.4895911994181818,0.02488450117647059,30,1,0.0,0.0,0.0,0.0,0.0,0.37884301,4.70000005
269.27515968,0.4487919328,0.02488450117647059,30,1,0.0,0.0,0.0,0.0,0.0,0.341005,1.7
269.27515968,0.4142694764307692,0.02488450117647059,30,1,0.0,0.0,0.0,0.0,0.0,0.32048199,0.375
269.27515968,0.4895911994181818,0.027605224571428572,93,1,0.0,0.0,0.0,0.0,0.0,0.36057201,6.20000005
269.27515968,0.4487919328,0.027605224571428572,93,1,0.0,0.0,0.0,0.0,0.0,0.33814201,3.4
269.27515968,0.4142694764307692,0.027605224571428572,93,1,0.0,0.0,0.0,0.0,0.0,0.32130501,1.6
269.27515968,0.38467879954285716,0.027605224571428572,93,1,0.0,0.0,0.0,0.0,0.0,0.31006399,0.650000005
269.27515968,0.35903354624,0.027605224571428572,93,1,0.0,0.0,0.0,0.0,0.0,0.293704,0.20000000499999998
269.27515968,0.5983892437333334,0.029356816571428572,184,0,0.0,0.0,0.0,0.0,0.0,0.38583499,1.2
269.27515968,0.53855031936,0.029356816571428572,184,0,0.0,0.0,0.0,0.0,0.0,0.364692,2.2250000500000002
269.27515968,0.4895911994181818,0.029356816571428572,184,0,0.0,0.0,0.0,0.0,0.0,0.34499699,3.8000000500000004
269.27515968,0.4487919328,0.029356816571428572,184,0,0.0,0.0,0.0,0.0,0.0,0.32742199,6.04999995
269.27515968,0.38467879954285716,0.029356816571428572,184,0,0.0,0.0,0.0,0.0,0.0,0.29912499,12.7
269.27515968,0.53855031936,0.02488450117647059,30,0,0.0,0.0,0.0,0.0,0.0,0.42763299,0.29999999499999996
269.27515968,0.4895911994181818,0.02488450117647059,30,0,0.0,0.0,0.0,0.0,0.0,0.37852001,1.05
269.27515968,0.4487919328,0.02488450117647059,30,0,0.0,0.0,0.0,0.0,0.0,0.34126401,3.04999995
269.27515968,0.4142694764307692,0.02488450117647059,30,0,0.0,0.0,0.0,0.0,0.0,0.31072301,6.70000005
267.6197796,0.44603296600000003,0.02965434885714286,183,1,0.0,0.0,0.0,0.0,0.0,0.330089,4.75
267.6197796,0.4117227378461539,0.02965434885714286,183,1,0.0,0.0,0.0,0.0,0.0,0.31144601,2.75
267.6197796,0.4865814174545455,0.024875137058823528,29,1,0.0,0.0,0.0,0.0,0.0,0.36522499,4.29999995
267.6197796,0.44603296600000003,0.024875137058823528,29,1,0.0,0.0,0.0,0.0,0.0,0.333287,1.45
267.6197796,0.4117227378461539,0.024875137058823528,29,1,0.0,0.0,0.0,0.0,0.0,0.319408,0.29999999499999996
267.6197796,0.38231397085714286,0.024875137058823528,29,1,0.0,0.0,0.0,0.0,0.0,0.32604,0.05
267.6197796,0.4865814174545455,0.02778238142857143,92,1,0.0,0.0,0.0,0.0,0.0,0.366777,5.95000005
267.6197796,0.44603296600000003,0.02778238142857143,92,1,0.0,0.0,0.0,0.0,0.0,0.341111,3.1999999499999996
267.6197796,0.5947106213333334,0.02965434885714286,183,0,0.0,0.0,0.0,0.0,0.0,0.392777,1.3
267.6197796,0.4865814174545455,0.02965434885714286,183,0,0.0,0.0,0.0,0.0,0.0,0.35105801,4.0
267.6197796,0.44603296600000003,0.02965434885714286,183,0,0.0,0.0,0.0,0.0,0.0,0.33001199,6.25
267.6197796,0.4117227378461539,0.02965434885714286,183,0,0.0,0.0,0.0,0.0,0.0,0.31265599,9.25
267.6197796,0.38231397085714286,0.02965434885714286,183,0,0.0,0.0,0.0,0.0,0.0,0.30632001,13.05
267.6197796,0.5352395592,0.024875137058823528,29,0,0.0,0.0,0.0,0.0,0.0,0.41205901,0.275000005
267.6197796,0.4865814174545455,0.024875137058823528,29,0,0.0,0.0,0.0,0.0,0.0,0.36557299,1.05
267.6197796,0.44603296600000003,0.024875137058823528,29,0,0.0,0.0,0.0,0.0,0.0,0.33439499,3.1999999499999996
267.6197796,0.5947106213333334,0.02778238142857143,92,0,0.0,0.0,0.0,0.0,0.0,0.420625,0.575000015
267.6197796,0.5352395592,0.02778238142857143,92,0,0.0,0.0,0.0,0.0,0.0,0.389063,1.3
267.6197796,0.4865814174545455,0.02778238142857143,92,0,0.0,0.0,0.0,0.0,0.0,0.364766,2.70000005
267.6197796,0.44603296600000003,0.02778238142857143,92,0,0.0,0.0,0.0,0.0,0.0,0.3443,5.0
267.6197796,0.4117227378461539,0.02778238142857143,92,0,0.0,0.0,0.0,0.0,0.0,0.32487401,8.25
264.44696777999997,0.48081266869090905,0.029737902285714286,180,1,0.0,0.0,0.0,0.0,0.0,0.34447601,6.8499999
264.44696777999997,0.44074494629999994,0.029737902285714286,180,1,0.0,0.0,0.0,0.0,0.0,0.33069,4.3499999
264.44696777999997,0.40684148889230765,0.029737902285714286,180,1,0.0,0.0,0.0,0.0,0.0,0.31452799,2.5
264.44696777999997,0.3777813825428571,0.029737902285714286,180,1,0.0,0.0,0.0,0.0,0.0,0.30248299,1.325
264.44696777999997,0.35259595703999996,0.029737902285714286,180,1,0.0,0.0,0.0,0.0,0.0,0.29324901,0.650000005
264.44696777999997,0.48081266869090905,0.027854606857142854,89,1,0.0,0.0,0.0,0.0,0.0,0.36436501,5.4000001
264.44696777999997,0.44074494629999994,0.027854606857142854,89,1,0.0,0.0,0.0,0.0,0.0,0.341901,2.82500005
264.44696777999997,0.40684148889230765,0.027854606857142854,89,1,0.0,0.0,0.0,0.0,0.0,0.324543,1.25
264.44696777999997,0.3777813825428571,0.027854606857142854,89,1,0.0,0.0,0.0,0.0,0.0,0.313416,0.474999995
264.44696777999997,0.52889393556,0.029737902285714286,180,0,0.0,0.0,0.0,0.0,0.0,0.368137,2.4750000500000002
264.44696777999997,0.5876599283999999,0.027854606857142854,89,0,0.0,0.0,0.0,0.0,0.0,0.41877201,0.599999995
264.44696777999997,0.48081266869090905,0.027854606857142854,89,0,0.0,0.0,0.0,0.0,0.0,0.36112499,2.8500000500000002
269.78097026,0.44963495043333335,0.029984438,179,1,0.0,0.0,0.0,0.0,0.0,0.328529,4.9000001
269.78097026,0.4150476465538462,0.029984438,179,1,0.0,0.0,0.0,0.0,0.0,0.30889001,2.82500005
269.78097026,0.3597079603466667,0.029984438,179,1,0.0,0.0,0.0,0.0,0.0,0.28182501,0.69999999
269.78097026,0.5395619405200001,0.029984438,179,0,0.0,0.0,0.0,0.0,0.0,0.36768001,2.17499995
269.78097026,0.44963495043333335,0.029984438,179,0,0.0,0.0,0.0,0.0,0.0,0.32608199,5.9000001
272.2180576,0.5444361152,0.03029519942857143,178,1,0.0,0.0,0.0,0.0,0.0,0.367964,11.5
272.2180576,0.49494192290909095,0.03029519942857143,178,1,0.0,0.0,0.0,0.0,0.0,0.34277201,7.950000300000001
272.2180576,0.4536967626666667,0.03029519942857143,178,1,0.0,0.0,0.0,0.0,0.0,0.32940301,5.20000005
272.2180576,0.4187970116923077,0.03029519942857143,178,1,0.0,0.0,0.0,0.0,0.0,0.307172,3.0
272.2180576,0.38888293942857144,0.03029519942857143,178,1,0.0,0.0,0.0,0.0,0.0,0.29526699,1.625
272.2180576,0.3629574101333333,0.03029519942857143,178,1,0.0,0.0,0.0,0.0,0.0,0.284877,0.80000001
272.2180576,0.6049290168888889,0.03029519942857143,178,0,0.0,0.0,0.0,0.0,0.0,0.39675,1.15
272.2180576,0.5444361152,0.03029519942857143,178,0,0.0,0.0,0.0,0.0,0.0,0.36862499,2.04999995
272.2180576,0.49494192290909095,0.03029519942857143,178,0,0.0,0.0,0.0,0.0,0.0,0.34613401,3.5
272.2180576,0.4536967626666667,0.03029519942857143,178,0,0.0,0.0,0.0,0.0,0.0,0.32539201,5.5999999
272.2180576,0.4187970116923077,0.03029519942857143,178,0,0.0,0.0,0.0,0.0,0.0,0.30745301,8.4500003
267.29790013999997,0.4859961820727272,0.029268434,177,1,0.0,0.0,0.0,0.0,0.0,0.35100299,7.3499999
267.29790013999997,0.44549650023333326,0.029268434,177,1,0.0,0.0,0.0,0.0,0.0,0.33380499,4.70000005
267.29790013999997,0.3563972001866666,0.029268434,177,1,0.0,0.0,0.0,0.0,0.0,0.29682001,0.75
267.29790013999997,0.53459580028,0.029268434,177,0,0.0,0.0,0.0,0.0,0.0,0.37256199,2.32500005
267.29790013999997,0.44549650023333326,0.029268434,177,0,0.0,0.0,0.0,0.0,0.0,0.33386999,6.25
267.29790013999997,0.411227538676923,0.029268434,177,0,0.0,0.0,0.0,0.0,0.0,0.315433,9.25
267.29790013999997,0.3818541430571428,0.029268434,177,0,0.0,0.0,0.0,0.0,0.0,0.30740699,13.05
280.63290634,0.4677215105666666,0.02520073285714286,32,1,0.0,0.0,0.0,0.0,0.0,0.308759,2.70000005
280.63290634,0.4317429328307692,0.02520073285714286,32,1,0.0,0.0,0.0,0.0,0.0,0.29006401,0.69999999
280.63290634,0.4009041519142857,0.02520073285714286,32,1,0.0,0.0,0.0,0.0,0.0,0.277711,0.10000000549999999
280.63290634,0.5102416478909091,0.02520073285714286,32,0,0.0,0.0,0.0,0.0,0.0,0.33454099,0.45000000500000004
280.63290634,0.4677215105666666,0.02520073285714286,32,0,0.0,0.0,0.0,0.0,0.0,0.304544,1.75
280.63290634,0.4317429328307692,0.02520073285714286,32,0,0.0,0.0,0.0,0.0,0.0,0.29018,4.79999995
278.93154347999996,0.5071482608727272,0.025174771071428573,31,1,0.0,0.0,0.0,0.0,0.0,0.33701399,6.0999999
278.93154347999996,0.46488590579999994,0.025174771071428573,31,1,0.0,0.0,0.0,0.0,0.0,0.299999,2.3999999499999998
278.93154347999996,0.42912545150769227,0.025174771071428573,31,1,0.0,0.0,0.0,0.0,0.0,0.28105101,0.55000001
278.93154347999996,0.3984736335428571,0.025174771071428573,31,1,0.0,0.0,0.0,0.0,0.0,0.27644199,0.0750000005
278.93154347999996,0.5578630869599999,0.025174771071428573,31,0,0.0,0.0,0.0,0.0,0.0,0.37764901,0.10000000549999999
278.93154347999996,0.5071482608727272,0.025174771071428573,31,0,0.0,0.0,0.0,0.0,0.0,0.33944899,0.5
278.93154347999996,0.46488590579999994,0.025174771071428573,31,0,0.0,0.0,0.0,0.0,0.0,0.30188701,1.85
278.60966401999997,0.506563025490909,0.025164718928571427,30,1,0.0,0.0,0.0,0.0,0.0,0.32273799,5.95000005
278.60966401999997,0.4643494400333333,0.025164718928571427,30,1,0.0,0.0,0.0,0.0,0.0,0.29075301,2.25
278.60966401999997,0.42863025233846147,0.025164718928571427,30,1,0.0,0.0,0.0,0.0,0.0,0.26858601,0.45000000500000004
278.60966401999997,0.506563025490909,0.025164718928571427,30,0,0.0,0.0,0.0,0.0,0.0,0.32922199,0.45000000500000004
278.60966401999997,0.4643494400333333,0.025164718928571427,30,0,0.0,0.0,0.0,0.0,0.0,0.29359201,1.8
281.00076858,0.4683346143,0.025144249285714286,29,1,0.0,0.0,0.0,0.0,0.0,0.28349,2.42499995
281.00076858,0.4323088747384615,0.025144249285714286,29,1,0.0,0.0,0.0,0.0,0.0,0.26071501,0.474999995
281.00076858,0.4014296694,0.025144249285714286,29,1,0.0,0.0,0.0,0.0,0.0,0.27660599,0.0750000005
281.00076858,0.5109104883272727,0.025144249285714286,29,0,0.0,0.0,0.0,0.0,0.0,0.30895701,0.29999999499999996
281.00076858,0.4683346143,0.025144249285714286,29,0,0.0,0.0,0.0,0.0,0.0,0.28223801,1.5
282.45193858,0.5135489792363637,0.028474518571428572,32,1,0.0,0.0,0.0,0.0,0.0,0.44336301,7.0
282.45193858,0.47075323096666666,0.028474518571428572,32,1,0.0,0.0,0.0,0.0,0.0,0.410034,3.5
282.45193858,0.4345414439692308,0.028474518571428572,32,1,0.0,0.0,0.0,0.0,0.0,0.374194,1.25
282.45193858,0.40350276939999996,0.028474518571428572,32,1,0.0,0.0,0.0,0.0,0.0,0.33477801,0.25000000499999997
282.45193858,0.5135489792363637,0.028474518571428572,32,0,0.0,0.0,0.0,0.0,0.0,0.43530399,0.875
282.45193858,0.47075323096666666,0.028474518571428572,32,0,0.0,0.0,0.0,0.0,0.0,0.396705,2.32500005
282.45193858,0.4345414439692308,0.028474518571428572,32,0,0.0,0.0,0.0,0.0,0.0,0.364032,5.0999999
282.45193858,0.40350276939999996,0.028474518571428572,32,0,0.0,0.0,0.0,0.0,0.0,0.34954199,9.2000003
274.92788792,0.49986888712727273,0.03206099485714286,31,1,0.0,0.0,0.0,0.0,0.0,0.47756699,6.04999995
274.92788792,0.45821314653333334,0.03206099485714286,31,1,0.0,0.0,0.0,0.0,0.0,0.43948099,2.9
274.92788792,0.4229659814153846,0.03206099485714286,31,1,0.0,0.0,0.0,0.0,0.0,0.407646,1.024999995
274.92788792,0.3927541256,0.03206099485714286,31,1,0.0,0.0,0.0,0.0,0.0,0.38346899,0.25000000499999997
274.92788792,0.54985577584,0.03206099485714286,31,0,0.0,0.0,0.0,0.0,0.0,0.51451099,0.47500001000000003
274.92788792,0.49986888712727273,0.03206099485714286,31,0,0.0,0.0,0.0,0.0,0.0,0.470074,1.325
274.92788792,0.45821314653333334,0.03206099485714286,31,0,0.0,0.0,0.0,0.0,0.0,0.438099,3.1999999499999996
298.37707647999997,0.5425037754181817,0.03438790257142857,30,1,0.0,0.0,0.0,0.0,0.0,0.52802199,10.399999900000001
298.37707647999997,0.4972951274666666,0.03438790257142857,30,1,0.0,0.0,0.0,0.0,0.0,0.46058199,6.1999998
298.37707647999997,0.4590416561230769,0.03438790257142857,30,1,0.0,0.0,0.0,0.0,0.0,0.41291499,2.9499999499999996
298.37707647999997,0.42625296639999993,0.03438790257142857,30,1,0.0,0.0,0.0,0.0,0.0,0.38394099,1.05000001
298.37707647999997,0.3978361019733333,0.03438790257142857,30,1,0.0,0.0,0.0,0.0,0.0,0.35915199,0.25
298.37707647999997,0.37297134559999995,0.03438790257142857,30,1,0.0,0.0,0.0,0.0,0.0,0.39577499,0.1
298.37707647999997,0.5425037754181817,0.03438790257142857,30,0,0.0,0.0,0.0,0.0,0.0,0.481823,0.47500001000000003
298.37707647999997,0.4972951274666666,0.03438790257142857,30,0,0.0,0.0,0.0,0.0,0.0,0.43475199,1.275
298.37707647999997,0.4590416561230769,0.03438790257142857,30,0,0.0,0.0,0.0,0.0,0.0,0.41345,3.1750000500000004
298.37707647999997,0.42625296639999993,0.03438790257142857,30,0,0.0,0.0,0.0,0.0,0.0,0.33546299,6.0
294.0380534,0.5880761068,0.033624538,29,1,0.0,0.0,0.0,0.0,0.0,0.49474201,13.95
294.0380534,0.5346146425454545,0.033624538,29,1,0.0,0.0,0.0,0.0,0.0,0.44157499,9.25
294.0380534,0.4900634223333334,0.033624538,29,1,0.0,0.0,0.0,0.0,0.0,0.40567401,5.1500001
294.0380534,0.45236623600000003,0.033624538,29,1,0.0,0.0,0.0,0.0,0.0,0.37801301,2.1999999499999996
294.0380534,0.420054362,0.033624538,29,1,0.0,0.0,0.0,0.0,0.0,0.36529499,0.69999999
294.0380534,0.3920507378666667,0.033624538,29,1,0.0,0.0,0.0,0.0,0.0,0.37353599,0.20000000499999998
294.0380534,0.5346146425454545,0.033624538,29,0,0.0,0.0,0.0,0.0,0.0,0.467484,0.5
294.0380534,0.4900634223333334,0.033624538,29,0,0.0,0.0,0.0,0.0,0.0,0.42188701,1.4
294.0380534,0.45236623600000003,0.033624538,29,0,0.0,0.0,0.0,0.0,0.0,0.37813401,3.35
257.8025947,0.368289421,0.032213028461538465,187,1,0.0,0.0,0.0,0.0,0.0,0.41189101,2.4250000500000004
257.8025947,0.46873199036363633,0.032213028461538465,187,0,0.0,0.0,0.0,0.0,0.0,0.45737299,6.54999995
263.66489184,0.43944148639999997,0.029535793333333334,186,1,0.0,0.0,0.0,0.0,0.0,0.41331199,5.5500002
263.66489184,0.40563829513846156,0.029535793333333334,186,1,0.0,0.0,0.0,0.0,0.0,0.40260801,3.75
263.66489184,0.5859219818666667,0.029535793333333334,186,0,0.0,0.0,0.0,0.0,0.0,0.48523301,2.4749999
263.66489184,0.40563829513846156,0.029535793333333334,186,0,0.0,0.0,0.0,0.0,0.0,0.39882699,11.35
263.66489184,0.3766641312,0.029535793333333334,186,0,0.0,0.0,0.0,0.0,0.0,0.39894199,15.15
232.46085352,0.46492170704,0.030219967142857143,185,1,0.0,0.0,0.0,0.0,0.0,0.481484,7.0999999
232.46085352,0.42265609730909093,0.030219967142857143,185,1,0.0,0.0,0.0,0.0,0.0,0.466717,4.95000005
232.46085352,0.35763208233846155,0.030219967142857143,185,1,0.0,0.0,0.0,0.0,0.0,0.44135001,2.1499999499999998
232.46085352,0.35763208233846155,0.030219967142857143,185,0,0.0,0.0,0.0,0.0,0.0,0.428817,16.2999995
258.35651254,0.4697391137090909,0.035943293714285715,93,1,0.0,0.0,0.0,0.0,0.0,0.545847,6.54999995
258.35651254,0.4305941875666666,0.035943293714285715,93,1,0.0,0.0,0.0,0.0,0.0,0.51257598,4.1500001
258.35651254,0.3974715577538461,0.035943293714285715,93,1,0.0,0.0,0.0,0.0,0.0,0.48718101,2.4499999499999996
258.35651254,0.3690807322,0.035943293714285715,93,1,0.0,0.0,0.0,0.0,0.0,0.46773201,1.35
258.35651254,0.3974715577538461,0.030189117619047617,184,1,0.0,0.0,0.0,0.0,0.0,0.43085599,3.70000005
258.35651254,0.322945640675,0.030189117619047617,184,1,0.0,0.0,0.0,0.0,0.0,0.40624699,1.00000001
258.35651254,0.8611883751333332,0.035943293714285715,93,0,0.0,0.0,0.0,0.0,0.0,0.75515997,0.32500000500000004
258.35651254,0.64589128135,0.035943293714285715,93,0,0.0,0.0,0.0,0.0,0.0,0.656905,1.25
258.35651254,0.5741255834222222,0.035943293714285715,93,0,0.0,0.0,0.0,0.0,0.0,0.604877,2.1
258.35651254,0.5167130250799999,0.035943293714285715,93,0,0.0,0.0,0.0,0.0,0.0,0.57012099,3.5
258.35651254,0.4697391137090909,0.035943293714285715,93,0,0.0,0.0,0.0,0.0,0.0,0.53584099,5.45000005
258.35651254,0.4305941875666666,0.035943293714285715,93,0,0.0,0.0,0.0,0.0,0.0,0.51383698,8.1500001
258.35651254,0.6889507001066666,0.035943293714285715,93,0,0.0,0.0,0.0,0.0,0.0,0.68012798,0.92500001
258.35651254,0.3690807322,0.030189117619047617,184,0,0.0,0.0,0.0,0.0,0.0,0.416558,16.2
265.32664536,0.5896147674666666,0.033599540857142854,92,1,0.0,0.0,0.0,0.0,0.0,0.593413,14.25
265.32664536,0.48241208247272727,0.033599540857142854,92,1,0.0,0.0,0.0,0.0,0.0,0.52951598,7.29999995
265.32664536,0.4422110756,0.033599540857142854,92,1,0.0,0.0,0.0,0.0,0.0,0.502424,4.75
265.32664536,0.4081948390153846,0.033599540857142854,92,1,0.0,0.0,0.0,0.0,0.0,0.47228301,2.8000000500000004
265.32664536,0.37903806479999996,0.033599540857142854,92,1,0.0,0.0,0.0,0.0,0.0,0.44978201,1.525
265.32664536,0.37903806479999996,0.028187437142857142,183,1,0.0,0.0,0.0,0.0,0.0,0.413697,2.7749999499999998
265.32664536,0.5896147674666666,0.033599540857142854,92,0,0.0,0.0,0.0,0.0,0.0,0.60261101,1.775
265.32664536,0.53065329072,0.033599540857142854,92,0,0.0,0.0,0.0,0.0,0.0,0.56696898,3.0
265.32664536,0.48241208247272727,0.033599540857142854,92,0,0.0,0.0,0.0,0.0,0.0,0.53263599,4.75
265.32664536,0.70753772096,0.033599540857142854,92,0,0.0,0.0,0.0,0.0,0.0,0.68560702,0.799999985
265.32664536,0.4081948390153846,0.028187437142857142,183,0,0.0,0.0,0.0,0.0,0.0,0.430814,11.600000000000001
275.80492449999997,0.6895123112499999,0.03093990428571429,89,1,0.0,0.0,0.0,0.0,0.0,0.61612803,20.3
275.80492449999997,0.45967487416666664,0.03093990428571429,89,1,0.0,0.0,0.0,0.0,0.0,0.48851901,5.54999995
275.80492449999997,0.42431526846153844,0.03093990428571429,89,1,0.0,0.0,0.0,0.0,0.0,0.460531,3.35
275.80492449999997,0.39400703499999995,0.03093990428571429,89,1,0.0,0.0,0.0,0.0,0.0,0.442954,1.9
275.80492449999997,0.3677398993333333,0.03093990428571429,89,1,0.0,0.0,0.0,0.0,0.0,0.42525399,0.97499999
275.80492449999997,0.45967487416666664,0.027211170476190472,180,1,0.0,0.0,0.0,0.0,0.0,0.44782001,7.29999995
275.80492449999997,0.42431526846153844,0.027211170476190472,180,1,0.0,0.0,0.0,0.0,0.0,0.42964101,5.10000015
275.80492449999997,0.39400703499999995,0.027211170476190472,180,1,0.0,0.0,0.0,0.0,0.0,0.409493,3.35
275.80492449999997,0.3677398993333333,0.027211170476190472,180,1,0.0,0.0,0.0,0.0,0.0,0.39871901,2.175
275.80492449999997,0.6128998322222221,0.03093990428571429,89,0,0.0,0.0,0.0,0.0,0.0,0.583179,1.275
275.80492449999997,0.551609849,0.03093990428571429,89,0,0.0,0.0,0.0,0.0,0.0,0.54705101,2.25
275.80492449999997,0.501463499090909,0.03093990428571429,89,0,0.0,0.0,0.0,0.0,0.0,0.51611698,3.75
275.80492449999997,0.45967487416666664,0.03093990428571429,89,0,0.0,0.0,0.0,0.0,0.0,0.49021,5.89999985
275.80492449999997,0.6895123112499999,0.027211170476190472,180,0,0.0,0.0,0.0,0.0,0.0,0.54672998,1.4
275.80492449999997,0.45967487416666664,0.027211170476190472,180,0,0.0,0.0,0.0,0.0,0.0,0.44886801,7.5500002
275.80492449999997,0.42431526846153844,0.027211170476190472,180,0,0.0,0.0,0.0,0.0,0.0,0.43288001,10.35
263.66489184,0.43944148639999997,0.02500007333333333,179,1,0.0,0.0,0.0,0.0,0.0,0.442202,5.89999985
263.66489184,0.40563829513846156,0.02500007333333333,179,1,0.0,0.0,0.0,0.0,0.0,0.42590001,3.9999998999999997
263.66489184,0.3766641312,0.02500007333333333,179,1,0.0,0.0,0.0,0.0,0.0,0.41002399,2.575
263.66489184,0.35155318912,0.02500007333333333,179,1,0.0,0.0,0.0,0.0,0.0,0.39567101,1.575
263.66489184,0.43944148639999997,0.03435885821428571,32,1,0.0,0.0,0.0,0.0,0.0,0.48574099,2.15
263.66489184,0.40563829513846156,0.03435885821428571,32,1,0.0,0.0,0.0,0.0,0.0,0.44246301,0.69999999
263.66489184,0.3766641312,0.03435885821428571,32,1,0.0,0.0,0.0,0.0,0.0,0.4075,0.15000000000000002
263.66489184,0.35155318912,0.03435885821428571,32,1,0.0,0.0,0.0,0.0,0.0,0.456678,0.0750000005
263.66489184,0.43944148639999997,0.02500007333333333,179,0,0.0,0.0,0.0,0.0,0.0,0.443203,8.5999999
263.66489184,0.5273297836799999,0.03435885821428571,32,0,0.0,0.0,0.0,0.0,0.0,0.585195,1.15
263.66489184,0.4793907124363636,0.03435885821428571,32,0,0.0,0.0,0.0,0.0,0.0,0.52970999,2.5
263.66489184,0.43944148639999997,0.03435885821428571,32,0,0.0,0.0,0.0,0.0,0.0,0.48260599,4.89999985
263.66489184,0.40563829513846156,0.03435885821428571,32,0,0.0,0.0,0.0,0.0,0.0,0.44814399,8.5
263.66489184,0.3766641312,0.03435885821428571,32,0,0.0,0.0,0.0,0.0,0.0,0.40622199,12.95
242.339055,0.403898425,0.025364963333333334,178,1,0.0,0.0,0.0,0.0,0.0,0.46623501,4.10000005
242.339055,0.3728293153846154,0.025364963333333334,178,1,0.0,0.0,0.0,0.0,0.0,0.44748899,2.6500001
242.339055,0.48467811,0.031592221428571425,31,1,0.0,0.0,0.0,0.0,0.0,0.625678,5.1500001
242.339055,0.44061646363636364,0.031592221428571425,31,1,0.0,0.0,0.0,0.0,0.0,0.56108999,2.425
242.339055,0.403898425,0.031592221428571425,31,1,0.0,0.0,0.0,0.0,0.0,0.520087,0.900000005
242.339055,0.3728293153846154,0.031592221428571425,31,1,0.0,0.0,0.0,0.0,0.0,0.49961701,0.275000005
242.339055,0.32311874,0.031592221428571425,31,1,0.0,0.0,0.0,0.0,0.0,0.55475903,0.05
242.339055,0.6923973,0.025364963333333334,178,0,0.0,0.0,0.0,0.0,0.0,0.58959597,1.475
242.339055,0.44061646363636364,0.025364963333333334,178,0,0.0,0.0,0.0,0.0,0.0,0.487526,8.5
242.339055,0.6923973,0.031592221428571425,31,0,0.0,0.0,0.0,0.0,0.0,0.88985598,0.274999995
242.339055,0.6058476375,0.031592221428571425,31,0,0.0,0.0,0.0,0.0,0.0,0.79858297,0.625
242.339055,0.5385312333333333,0.031592221428571425,31,0,0.0,0.0,0.0,0.0,0.0,0.69059801,1.225
242.339055,0.48467811,0.031592221428571425,31,0,0.0,0.0,0.0,0.0,0.0,0.609209,2.4749999
242.339055,0.44061646363636364,0.031592221428571425,31,0,0.0,0.0,0.0,0.0,0.0,0.55503702,4.79999995
242.339055,0.403898425,0.031592221428571425,31,0,0.0,0.0,0.0,0.0,0.0,0.52889699,8.3500004
242.339055,0.3728293153846154,0.031592221428571425,31,0,0.0,0.0,0.0,0.0,0.0,0.542072,12.8
242.339055,0.34619865,0.031592221428571425,31,0,0.0,0.0,0.0,0.0,0.0,-99.989998,17.450001
234.16876685999998,0.42576139429090903,0.026374470476190476,177,1,0.0,0.0,0.0,0.0,0.0,0.486402,5.20000005
234.16876685999998,0.39028127809999996,0.026374470476190476,177,1,0.0,0.0,0.0,0.0,0.0,0.46998,3.5
234.16876685999998,0.36025964132307686,0.026374470476190476,177,1,0.0,0.0,0.0,0.0,0.0,0.45636299,2.2750001
234.16876685999998,0.5203750374666666,0.031224492142857142,30,1,0.0,0.0,0.0,0.0,0.0,0.72441,7.5
234.16876685999998,0.46833753372,0.031224492142857142,30,1,0.0,0.0,0.0,0.0,0.0,0.63283902,4.04999995
234.16876685999998,0.42576139429090903,0.031224492142857142,30,1,0.0,0.0,0.0,0.0,0.0,0.58575201,1.825
234.16876685999998,0.39028127809999996,0.031224492142857142,30,1,0.0,0.0,0.0,0.0,0.0,0.550098,0.650000005
234.16876685999998,0.36025964132307686,0.031224492142857142,30,1,0.0,0.0,0.0,0.0,0.0,0.54800397,0.22500000999999997
234.16876685999998,0.46833753372,0.026374470476190476,177,0,0.0,0.0,0.0,0.0,0.0,0.51181698,6.6500001
234.16876685999998,0.42576139429090903,0.026374470476190476,177,0,0.0,0.0,0.0,0.0,0.0,0.48655,9.3000002
234.16876685999998,0.6690536196,0.031224492142857142,30,0,0.0,0.0,0.0,0.0,0.0,0.92390102,0.39999998999999997
234.16876685999998,0.5854219171499999,0.031224492142857142,30,0,0.0,0.0,0.0,0.0,0.0,0.79532403,0.775000005
234.16876685999998,0.5203750374666666,0.031224492142857142,30,0,0.0,0.0,0.0,0.0,0.0,0.70015699,1.6
234.16876685999998,0.46833753372,0.031224492142857142,30,0,0.0,0.0,0.0,0.0,0.0,0.62405199,3.1999999499999996
234.16876685999998,0.42576139429090903,0.031224492142857142,30,0,0.0,0.0,0.0,0.0,0.0,0.57290798,5.95000005
234.16876685999998,0.39028127809999996,0.031224492142857142,30,0,0.0,0.0,0.0,0.0,0.0,0.55161703,9.8499999
234.16876685999998,0.36025964132307686,0.031224492142857142,30,0,0.0,0.0,0.0,0.0,0.0,0.53138,14.399999999999999
220.59777978,0.44119555956,0.030535761071428573,29,1,0.0,0.0,0.0,0.0,0.0,0.61972302,2.4499999499999996
220.59777978,0.40108687232727275,0.030535761071428573,29,1,0.0,0.0,0.0,0.0,0.0,0.56748497,0.875
220.59777978,0.3676629663,0.030535761071428573,29,1,0.0,0.0,0.0,0.0,0.0,0.55279499,0.275000005
220.59777978,0.33938119966153846,0.030535761071428573,29,1,0.0,0.0,0.0,0.0,0.0,0.57162201,0.10000000549999999
220.59777978,0.6302793708,0.030535761071428573,29,0,0.0,0.0,0.0,0.0,0.0,0.90613198,0.55000001
220.59777978,0.55149444945,0.030535761071428573,29,0,0.0,0.0,0.0,0.0,0.0,0.78345102,1.125
220.59777978,0.4902172884,0.030535761071428573,29,0,0.0,0.0,0.0,0.0,0.0,0.69370198,2.35
220.59777978,0.44119555956,0.030535761071428573,29,0,0.0,0.0,0.0,0.0,0.0,0.61763,4.54999995
220.59777978,0.40108687232727275,0.030535761071428573,29,0,0.0,0.0,0.0,0.0,0.0,0.57049203,8.0
215.28940047999998,0.47842088995555554,0.014812558285714286,32,1,0.0,0.0,0.0,0.0,0.0,0.784953,5.0
215.28940047999998,0.43057880095999995,0.014812558285714286,32,1,0.0,0.0,0.0,0.0,0.0,0.73710901,2.6499999499999998
215.28940047999998,0.39143527359999997,0.014812558285714286,32,1,0.0,0.0,0.0,0.0,0.0,0.71270198,1.275
215.28940047999998,0.331214462276923,0.014812558285714286,32,1,0.0,0.0,0.0,0.0,0.0,0.66918701,0.20000000499999998
215.28940047999998,0.7176313349333333,0.014812558285714286,32,0,0.0,0.0,0.0,0.0,0.0,1.040086,0.39999998999999997
215.28940047999998,0.6151125728,0.014812558285714286,32,0,0.0,0.0,0.0,0.0,0.0,0.931373,0.875
215.28940047999998,0.5382235012,0.014812558285714286,32,0,0.0,0.0,0.0,0.0,0.0,0.85262603,1.85
215.28940047999998,0.47842088995555554,0.014812558285714286,32,0,0.0,0.0,0.0,0.0,0.0,0.79579002,3.6
215.28940047999998,0.43057880095999995,0.014812558285714286,32,0,0.0,0.0,0.0,0.0,0.0,0.73742503,6.20000005
215.28940047999998,0.39143527359999997,0.014812558285714286,32,0,0.0,0.0,0.0,0.0,0.0,0.70722699,9.7999997
202.36465088,0.4496992241777778,0.01426613114285714,31,1,0.0,0.0,0.0,0.0,0.0,0.83477402,3.65
202.36465088,0.40472930176,0.01426613114285714,31,1,0.0,0.0,0.0,0.0,0.0,0.79317302,1.85
202.36465088,0.3679357288727273,0.01426613114285714,31,1,0.0,0.0,0.0,0.0,0.0,0.77448797,0.875
202.36465088,0.3372744181333333,0.01426613114285714,31,1,0.0,0.0,0.0,0.0,0.0,0.768924,0.39999998999999997
202.36465088,0.28909235839999997,0.01426613114285714,31,1,0.0,0.0,0.0,0.0,0.0,0.76471698,0.075000005
202.36465088,0.6745488362666666,0.01426613114285714,31,0,0.0,0.0,0.0,0.0,0.0,1.005487,0.5
202.36465088,0.5781847167999999,0.01426613114285714,31,0,0.0,0.0,0.0,0.0,0.0,0.93517703,1.25
202.36465088,0.5059116272,0.01426613114285714,31,0,0.0,0.0,0.0,0.0,0.0,0.87781,2.67499995
202.36465088,0.4496992241777778,0.01426613114285714,31,0,0.0,0.0,0.0,0.0,0.0,0.83519399,5.0
202.36465088,0.40472930176,0.01426613114285714,31,0,0.0,0.0,0.0,0.0,0.0,0.79326802,8.2000003
201.30297502,0.50325743755,0.013970059142857143,30,1,0.0,0.0,0.0,0.0,0.0,0.94859701,6.4000001
201.30297502,0.44733994448888886,0.013970059142857143,30,1,0.0,0.0,0.0,0.0,0.0,0.88710499,3.6999999499999996
201.30297502,0.40260595004,0.013970059142857143,30,1,0.0,0.0,0.0,0.0,0.0,0.85492402,1.9749999999999999
201.30297502,0.3660054091272727,0.013970059142857143,30,1,0.0,0.0,0.0,0.0,0.0,0.82581598,0.95000001
201.30297502,0.33550495836666666,0.013970059142857143,30,1,0.0,0.0,0.0,0.0,0.0,0.806337,0.42499999499999996
201.30297502,0.30969688464615386,0.013970059142857143,30,1,0.0,0.0,0.0,0.0,0.0,0.808963,0.20000000499999998
201.30297502,0.80521190008,0.013970059142857143,30,0,0.0,0.0,0.0,0.0,0.0,1.190395,0.25000000499999997
201.30297502,0.5751513572,0.013970059142857143,30,0,0.0,0.0,0.0,0.0,0.0,1.026177,1.5499999999999998
201.30297502,0.50325743755,0.013970059142857143,30,0,0.0,0.0,0.0,0.0,0.0,0.94398499,3.0
201.30297502,0.44733994448888886,0.013970059142857143,30,0,0.0,0.0,0.0,0.0,0.0,0.890544,5.3499999
201.30297502,0.40260595004,0.013970059142857143,30,0,0.0,0.0,0.0,0.0,0.0,0.85299402,8.5999999
201.30297502,0.3660054091272727,0.013970059142857143,30,0,0.0,0.0,0.0,0.0,0.0,0.80133599,12.5
221.01321816,0.5525330454,0.013966193142857145,29,1,0.0,0.0,0.0,0.0,0.0,0.92133301,9.3499999
221.01321816,0.4911404848,0.013966193142857145,29,1,0.0,0.0,0.0,0.0,0.0,0.848032,5.8499999
221.01321816,0.44202643632,0.013966193142857145,29,1,0.0,0.0,0.0,0.0,0.0,0.80091399,3.3000000500000004
221.01321816,0.4018422148363637,0.013966193142857145,29,1,0.0,0.0,0.0,0.0,0.0,0.76332498,1.65
221.01321816,0.36835536360000004,0.013966193142857145,29,1,0.0,0.0,0.0,0.0,0.0,0.73998803,0.75
221.01321816,0.3400203356307692,0.013966193142857145,29,1,0.0,0.0,0.0,0.0,0.0,0.71719599,0.29999999499999996
221.01321816,0.88405287264,0.013966193142857145,29,0,0.0,0.0,0.0,0.0,0.0,1.198866,0.125000005
221.01321816,0.6314663376,0.013966193142857145,29,0,0.0,0.0,0.0,0.0,0.0,0.991831,0.775000005
221.01321816,0.5525330454,0.013966193142857145,29,0,0.0,0.0,0.0,0.0,0.0,0.91771501,1.675
221.01321816,0.4911404848,0.013966193142857145,29,0,0.0,0.0,0.0,0.0,0.0,0.845227,3.1999999499999996
221.01321816,0.44202643632,0.013966193142857145,29,0,0.0,0.0,0.0,0.0,0.0,0.79685497,5.6500001
221.01321816,0.4018422148363637,0.013966193142857145,29,0,0.0,0.0,0.0,0.0,0.0,0.76979399,9.0499997
221.01321816,0.3157331688,0.013966193142857145,29,0,0.0,0.0,0.0,0.0,0.0,0.72899199,22.5
230.23980124,0.5116440027555555,0.009180118,32,1,0.0,0.0,0.0,0.0,0.0,0.64298201,6.29999995
230.23980124,0.46047960247999997,0.009180118,32,1,0.0,0.0,0.0,0.0,0.0,0.58387899,3.1999999499999996
230.23980124,0.41861782043636364,0.009180118,32,1,0.0,0.0,0.0,0.0,0.0,0.54339498,1.3
230.23980124,0.38373300206666666,0.009180118,32,1,0.0,0.0,0.0,0.0,0.0,0.52752298,0.45000000500000004
230.23980124,0.3542150788307692,0.009180118,32,1,0.0,0.0,0.0,0.0,0.0,0.52999699,0.15000000000000002
230.23980124,0.6578280035428571,0.009180118,32,0,0.0,0.0,0.0,0.0,0.0,0.79355198,0.29999999499999996
230.23980124,0.5755995031,0.009180118,32,0,0.0,0.0,0.0,0.0,0.0,0.709117,0.75
230.23980124,0.5116440027555555,0.009180118,32,0,0.0,0.0,0.0,0.0,0.0,0.63516802,1.725
230.23980124,0.46047960247999997,0.009180118,32,0,0.0,0.0,0.0,0.0,0.0,0.58939499,3.6999999499999996
230.23980124,0.3542150788307692,0.009180118,32,0,0.0,0.0,0.0,0.0,0.0,0.48153999,15.55
230.23980124,0.6139728033066666,0.009180118,32,0,0.0,0.0,0.0,0.0,0.0,0.737167,0.45000000500000004
234.87799224,0.93951196896,0.00589221,31,1,0.0,0.0,0.0,0.0,0.0,-99.989998,25.5999995
234.87799224,0.6710799778285714,0.00589221,31,1,0.0,0.0,0.0,0.0,0.0,0.79793501,15.85
234.87799224,0.5871949806,0.00589221,31,1,0.0,0.0,0.0,0.0,0.0,0.68937898,11.15
234.87799224,0.5219510938666667,0.00589221,31,1,0.0,0.0,0.0,0.0,0.0,0.631549,7.0
234.87799224,0.46975598448,0.00589221,31,1,0.0,0.0,0.0,0.0,0.0,0.57950199,3.6999999499999996
234.87799224,0.4270508949818182,0.00589221,31,1,0.0,0.0,0.0,0.0,0.0,0.55066103,1.625
234.87799224,0.3914633204,0.00589221,31,1,0.0,0.0,0.0,0.0,0.0,0.52104801,0.55000001
234.87799224,0.3613507572923077,0.00589221,31,1,0.0,0.0,0.0,0.0,0.0,0.50243998,0.15000000000000002
234.87799224,0.5871949806,0.00589221,31,0,0.0,0.0,0.0,0.0,0.0,0.69479603,0.55000001
234.87799224,0.5219510938666667,0.00589221,31,0,0.0,0.0,0.0,0.0,0.0,0.62888598,1.375
234.87799224,0.46975598448,0.00589221,31,0,0.0,0.0,0.0,0.0,0.0,0.58178198,3.1
234.87799224,0.4270508949818182,0.00589221,31,0,0.0,0.0,0.0,0.0,0.0,0.54871601,6.0
234.87799224,0.62634131264,0.00589221,31,0,0.0,0.0,0.0,0.0,0.0,0.726578,0.32500000500000004
244.38628379,0.5430806306444445,0.005194456470588236,30,1,0.0,0.0,0.0,0.0,0.0,0.608603,8.5499997
244.38628379,0.48877256758,0.005194456470588236,30,1,0.0,0.0,0.0,0.0,0.0,0.55712998,4.79999995
244.38628379,0.44433869779999996,0.005194456470588236,30,1,0.0,0.0,0.0,0.0,0.0,0.51844299,2.175
244.38628379,0.40731047298333334,0.005194456470588236,30,1,0.0,0.0,0.0,0.0,0.0,0.48141399,0.724999995
244.38628379,0.610965709475,0.005194456470588236,30,0,0.0,0.0,0.0,0.0,0.0,0.65794998,0.274999995
244.38628379,0.5430806306444445,0.005194456470588236,30,0,0.0,0.0,0.0,0.0,0.0,0.60425103,0.82499999
244.38628379,0.48877256758,0.005194456470588236,30,0,0.0,0.0,0.0,0.0,0.0,0.54099298,1.9999999499999999
244.38628379,0.44433869779999996,0.005194456470588236,30,0,0.0,0.0,0.0,0.0,0.0,0.49921,4.3499999
244.38628379,0.3759788981384615,0.005194456470588236,30,0,0.0,0.0,0.0,0.0,0.0,0.41366199,12.399999999999999
237.75367065999998,0.5283414903555556,0.004863445882352942,29,1,0.0,0.0,0.0,0.0,0.0,0.55209702,7.04999995
237.75367065999998,0.47550734131999994,0.004863445882352942,29,1,0.0,0.0,0.0,0.0,0.0,0.48595399,3.4
237.75367065999998,0.43227940119999997,0.004863445882352942,29,1,0.0,0.0,0.0,0.0,0.0,0.45041201,1.2
237.75367065999998,0.39625611776666664,0.004863445882352942,29,1,0.0,0.0,0.0,0.0,0.0,0.42087299,0.275000005
237.75367065999998,0.33964810094285713,0.004863445882352942,29,1,0.0,0.0,0.0,0.0,0.0,0.47226799,0.0250000005
237.75367065999998,0.59438417665,0.004863445882352942,29,0,0.0,0.0,0.0,0.0,0.0,0.60234803,0.25000000499999997
237.75367065999998,0.5283414903555556,0.004863445882352942,29,0,0.0,0.0,0.0,0.0,0.0,0.53807402,0.80000001
237.75367065999998,0.47550734131999994,0.004863445882352942,29,0,0.0,0.0,0.0,0.0,0.0,0.48431501,2.1999999499999996
237.75367065999998,0.43227940119999997,0.004863445882352942,29,0,0.0,0.0,0.0,0.0,0.0,0.44819599,5.0
237.75367065999998,0.2797102007764706,0.004863445882352942,29,0,0.0,0.0,0.0,0.0,0.0,-99.989998,33.799999
237.75367065999998,0.2641707451777778,0.004863445882352942,29,0,0.0,0.0,0.0,0.0,0.0,0.57510501,38.799999
237.75367065999998,0.6340097884266667,0.004863445882352942,29,0,0.0,0.0,0.0,0.0,0.0,0.65261602,0.15000000000000002
232.46613291999998,0.46493226583999997,0.00813718978021978,187,1,0.0,0.0,0.0,0.0,0.0,0.49477699,6.9000001
232.46613291999998,0.4226656962181818,0.00813718978021978,187,1,0.0,0.0,0.0,0.0,0.0,0.47125199,4.70000005
232.46613291999998,0.3320944756,0.00813718978021978,187,1,0.0,0.0,0.0,0.0,0.0,0.41733301,1.1
232.46613291999998,0.46493226583999997,0.00813718978021978,187,0,0.0,0.0,0.0,0.0,0.0,0.493545,7.0999999
232.46613291999998,0.46493226583999997,0.008737362747252748,369,1,0.0,0.0,0.0,0.0,0.0,0.477483,9.0499997
232.46613291999998,0.35764020449230766,0.008737362747252748,369,1,0.0,0.0,0.0,0.0,0.0,0.43622401,3.89999995
232.46613291999998,0.3320944756,0.008737362747252748,369,1,0.0,0.0,0.0,0.0,0.0,0.423866,2.82500005
232.46613291999998,0.46493226583999997,0.008737362747252748,369,0,0.0,0.0,0.0,0.0,0.0,0.46974301,9.5999999
232.46613291999998,0.3320944756,0.008737362747252748,369,0,0.0,0.0,0.0,0.0,0.0,0.42004699,23.3999995
229.5904545,0.45918090899999997,0.008333744945054945,186,1,0.0,0.0,0.0,0.0,0.0,0.492329,6.45000005
229.5904545,0.41743719,0.008333744945054945,186,1,0.0,0.0,0.0,0.0,0.0,0.466306,4.29999995
229.5904545,0.3826507575,0.008333744945054945,186,1,0.0,0.0,0.0,0.0,0.0,0.44907799,2.7749999499999998
229.5904545,0.6559727271428571,0.008333744945054945,186,0,0.0,0.0,0.0,0.0,0.0,0.591483,2.07500005
229.5904545,0.41743719,0.008333744945054945,186,0,0.0,0.0,0.0,0.0,0.0,0.47130501,10.3
229.5904545,0.3826507575,0.008831769120879122,368,1,0.0,0.0,0.0,0.0,0.0,0.44793701,5.0999999
229.5904545,0.3279863635714286,0.008831769120879122,368,1,0.0,0.0,0.0,0.0,0.0,0.42500001,2.75
229.5904545,0.765301515,0.008831769120879122,368,0,0.0,0.0,0.0,0.0,0.0,0.57771999,2.4
229.5904545,0.51020101,0.008831769120879122,368,0,0.0,0.0,0.0,0.0,0.0,0.49546099,7.3499999
229.5904545,0.41743719,0.008831769120879122,368,0,0.0,0.0,0.0,0.0,0.0,0.46492901,12.85
229.5904545,0.3279863635714286,0.008831769120879122,368,0,0.0,0.0,0.0,0.0,0.0,0.42505699,23.7
229.5904545,0.306120606,0.008831769120879122,368,0,0.0,0.0,0.0,0.0,0.0,0.408602,27.8000005
216.37161014999998,0.4808258003333333,0.00915675945054945,185,1,0.0,0.0,0.0,0.0,0.0,0.54166102,7.6500001
216.37161014999998,0.39340292754545453,0.00915675945054945,185,1,0.0,0.0,0.0,0.0,0.0,0.491649,3.5
216.37161014999998,0.36061935024999997,0.00915675945054945,185,1,0.0,0.0,0.0,0.0,0.0,0.46858299,2.17499995
216.37161014999998,0.33287940023076923,0.00915675945054945,185,1,0.0,0.0,0.0,0.0,0.0,0.451204,1.3
216.37161014999998,0.3091023002142857,0.00915675945054945,185,1,0.0,0.0,0.0,0.0,0.0,0.437473,0.75
216.37161014999998,0.8654864405999999,0.00915675945054945,185,0,0.0,0.0,0.0,0.0,0.0,0.70856303,0.900000005
216.37161014999998,0.7212387004999999,0.00915675945054945,185,0,0.0,0.0,0.0,0.0,0.0,0.65952402,1.65
216.37161014999998,0.6182046004285714,0.00915675945054945,185,0,0.0,0.0,0.0,0.0,0.0,0.61520499,2.75
216.37161014999998,0.540929025375,0.00915675945054945,185,0,0.0,0.0,0.0,0.0,0.0,0.57708901,4.29999995
216.37161014999998,0.4808258003333333,0.00915675945054945,185,0,0.0,0.0,0.0,0.0,0.0,0.54252797,6.3499999
216.37161014999998,0.43274322029999995,0.00915675945054945,185,0,0.0,0.0,0.0,0.0,0.0,0.51182598,8.9500003
216.37161014999998,0.39340292754545453,0.00915675945054945,185,0,0.0,0.0,0.0,0.0,0.0,0.492392,12.2
216.37161014999998,0.36061935024999997,0.00915675945054945,185,0,0.0,0.0,0.0,0.0,0.0,0.47256699,15.9
216.37161014999998,0.3091023002142857,0.009444036373626374,367,1,0.0,0.0,0.0,0.0,0.0,0.441742,2.25
216.37161014999998,0.8654864405999999,0.009444036373626374,367,0,0.0,0.0,0.0,0.0,0.0,0.627877,1.825
216.37161014999998,0.7212387004999999,0.009444036373626374,367,0,0.0,0.0,0.0,0.0,0.0,0.59333199,2.9749999
216.37161014999998,0.43274322029999995,0.009444036373626374,367,0,0.0,0.0,0.0,0.0,0.0,0.492636,11.45
216.37161014999998,0.3091023002142857,0.009444036373626374,367,0,0.0,0.0,0.0,0.0,0.0,0.456141,26.3500005
216.37161014999998,0.2884954802,0.009444036373626374,367,0,0.0,0.0,0.0,0.0,0.0,0.44286901,30.6
217.80944936,0.6223127124571428,0.008458161428571427,93,1,0.0,0.0,0.0,0.0,0.0,0.66836703,13.25
217.80944936,0.5445236234,0.008458161428571427,93,1,0.0,0.0,0.0,0.0,0.0,0.616943,9.4000001
217.80944936,0.4840209985777778,0.008458161428571427,93,1,0.0,0.0,0.0,0.0,0.0,0.57460803,6.20000005
217.80944936,0.43561889872,0.008458161428571427,93,1,0.0,0.0,0.0,0.0,0.0,0.53329301,3.6999999499999996
217.80944936,0.39601718065454544,0.008458161428571427,93,1,0.0,0.0,0.0,0.0,0.0,0.50746602,2.04999995
217.80944936,0.3630157489333333,0.008458161428571427,93,1,0.0,0.0,0.0,0.0,0.0,0.48034599,0.999999995
217.80944936,0.6223127124571428,0.009406232637362637,184,1,0.0,0.0,0.0,0.0,0.0,0.61522102,14.3
217.80944936,0.5445236234,0.009406232637362637,184,1,0.0,0.0,0.0,0.0,0.0,0.57243598,10.75
217.80944936,0.4840209985777778,0.009406232637362637,184,1,0.0,0.0,0.0,0.0,0.0,0.54161203,7.79999995
217.80944936,0.43561889872,0.009406232637362637,184,1,0.0,0.0,0.0,0.0,0.0,0.51367003,5.4000001
217.80944936,0.39601718065454544,0.009406232637362637,184,1,0.0,0.0,0.0,0.0,0.0,0.488561,3.5500000500000004
217.80944936,0.3630157489333333,0.009406232637362637,184,1,0.0,0.0,0.0,0.0,0.0,0.47207999,2.2749999499999998
217.80944936,0.7260314978666667,0.008458161428571427,93,0,0.0,0.0,0.0,0.0,0.0,0.74094701,0.80000001
217.80944936,0.6223127124571428,0.008458161428571427,93,0,0.0,0.0,0.0,0.0,0.0,0.67848802,1.525
217.80944936,0.5445236234,0.008458161428571427,93,0,0.0,0.0,0.0,0.0,0.0,0.623945,2.70000005
217.80944936,0.4840209985777778,0.008458161428571427,93,0,0.0,0.0,0.0,0.0,0.0,0.57311201,4.45000005
217.80944936,0.43561889872,0.008458161428571427,93,0,0.0,0.0,0.0,0.0,0.0,0.53671801,7.0
217.80944936,0.39601718065454544,0.008458161428571427,93,0,0.0,0.0,0.0,0.0,0.0,0.50562298,10.3
217.80944936,0.87123779744,0.009406232637362637,184,0,0.0,0.0,0.0,0.0,0.0,0.709171,0.875
217.80944936,0.7260314978666667,0.009406232637362637,184,0,0.0,0.0,0.0,0.0,0.0,0.65887398,1.6
217.80944936,0.6223127124571428,0.009406232637362637,184,0,0.0,0.0,0.0,0.0,0.0,0.61452699,2.67499995
217.80944936,0.5445236234,0.009406232637362637,184,0,0.0,0.0,0.0,0.0,0.0,0.57678401,4.20000005
217.80944936,0.4840209985777778,0.009406232637362637,184,0,0.0,0.0,0.0,0.0,0.0,0.54078501,6.20000005
217.80944936,0.43561889872,0.009406232637362637,184,0,0.0,0.0,0.0,0.0,0.0,0.51262403,8.7999997
217.80944936,0.39601718065454544,0.009406232637362637,184,0,0.0,0.0,0.0,0.0,0.0,0.49165401,12.0
217.80944936,0.6223127124571428,0.010296996593406594,366,1,0.0,0.0,0.0,0.0,0.0,0.54846299,15.45
217.80944936,0.5445236234,0.010296996593406594,366,1,0.0,0.0,0.0,0.0,0.0,0.52943897,12.4
217.80944936,0.33509146055384614,0.010296996593406594,366,1,0.0,0.0,0.0,0.0,0.0,0.461979,3.29999995
217.80944936,0.3111563562285714,0.010296996593406594,366,1,0.0,0.0,0.0,0.0,0.0,0.45558801,2.4750000500000002
217.80944936,0.5445236234,0.010296996593406594,366,0,0.0,0.0,0.0,0.0,0.0,0.537705,6.3499999
217.80944936,0.4840209985777778,0.010296996593406594,366,0,0.0,0.0,0.0,0.0,0.0,0.51972097,8.75
217.0673388,0.482371864,0.008216020285714287,92,1,0.0,0.0,0.0,0.0,0.0,0.55597001,5.9000001
217.0673388,0.43413467759999996,0.008216020285714287,92,1,0.0,0.0,0.0,0.0,0.0,0.51754701,3.45000005
217.0673388,0.3946678887272727,0.008216020285714287,92,1,0.0,0.0,0.0,0.0,0.0,0.491932,1.85
217.0673388,0.36177889799999996,0.008216020285714287,92,1,0.0,0.0,0.0,0.0,0.0,0.46290201,0.849999995
217.0673388,0.482371864,0.008973917252747252,183,1,0.0,0.0,0.0,0.0,0.0,0.527601,7.5
217.0673388,0.3946678887272727,0.008973917252747252,183,1,0.0,0.0,0.0,0.0,0.0,0.478872,3.35
217.0673388,0.7235577959999999,0.008216020285714287,92,0,0.0,0.0,0.0,0.0,0.0,0.72699797,0.75
217.0673388,0.6201923965714286,0.008216020285714287,92,0,0.0,0.0,0.0,0.0,0.0,0.65925699,1.4249999999999998
217.0673388,0.542668347,0.008216020285714287,92,0,0.0,0.0,0.0,0.0,0.0,0.60810202,2.6000000500000002
217.0673388,0.482371864,0.008216020285714287,92,0,0.0,0.0,0.0,0.0,0.0,0.55743802,4.35000015
217.0673388,0.43413467759999996,0.008216020285714287,92,0,0.0,0.0,0.0,0.0,0.0,0.51840597,6.9000001
217.0673388,0.6201923965714286,0.008973917252747252,183,0,0.0,0.0,0.0,0.0,0.0,0.60122597,2.57500005
217.0673388,0.3946678887272727,0.008973917252747252,183,0,0.0,0.0,0.0,0.0,0.0,0.48009101,11.95
217.0673388,0.36177889799999996,0.009644860329670329,365,1,0.0,0.0,0.0,0.0,0.0,0.469347,4.29999995
217.0673388,0.333949752,0.009644860329670329,365,1,0.0,0.0,0.0,0.0,0.0,0.45590901,3.15
217.0673388,0.542668347,0.009644860329670329,365,0,0.0,0.0,0.0,0.0,0.0,0.52906197,6.25
217.0673388,0.482371864,0.009644860329670329,365,0,0.0,0.0,0.0,0.0,0.0,0.505346,8.5500002
217.0673388,0.3946678887272727,0.009644860329670329,365,0,0.0,0.0,0.0,0.0,0.0,0.47437701,14.55
204.72975074000001,0.51182437685,0.0038697421428571426,32,1,0.0,0.0,0.0,0.0,0.0,0.61140198,5.54999995
204.72975074000001,0.45495500164444447,0.0038697421428571426,32,1,0.0,0.0,0.0,0.0,0.0,0.53769398,2.42499995
204.72975074000001,0.40945950148000004,0.0038697421428571426,32,1,0.0,0.0,0.0,0.0,0.0,0.47972101,0.69999999
204.72975074000001,0.37223591043636367,0.0038697421428571426,32,1,0.0,0.0,0.0,0.0,0.0,0.42399099,0.10000000549999999
204.72975074000001,0.3412162512333334,0.0038697421428571426,32,1,0.0,0.0,0.0,0.0,0.0,0.450149,0.0250000005
204.72975074000001,0.40945950148000004,0.008764087142857143,179,1,0.0,0.0,0.0,0.0,0.0,0.51117802,4.0
204.72975074000001,0.37223591043636367,0.008764087142857143,179,1,0.0,0.0,0.0,0.0,0.0,0.49419799,2.57500005
204.72975074000001,0.3412162512333334,0.008764087142857143,179,1,0.0,0.0,0.0,0.0,0.0,0.47476801,1.55
204.72975074000001,0.6824325024666668,0.0038697421428571426,32,0,0.0,0.0,0.0,0.0,0.0,0.76731402,0.15000000000000002
204.72975074000001,0.5849421449714286,0.0038697421428571426,32,0,0.0,0.0,0.0,0.0,0.0,0.68594998,0.5
204.72975074000001,0.51182437685,0.0038697421428571426,32,0,0.0,0.0,0.0,0.0,0.0,0.60041201,1.35
204.72975074000001,0.45495500164444447,0.0038697421428571426,32,0,0.0,0.0,0.0,0.0,0.0,0.52415299,3.1999999499999996
204.72975074000001,0.40945950148000004,0.0038697421428571426,32,0,0.0,0.0,0.0,0.0,0.0,0.46755001,6.5
204.72975074000001,0.8189190029600001,0.008764087142857143,179,0,0.0,0.0,0.0,0.0,0.0,0.69488299,0.974999995
204.72975074000001,0.5849421449714286,0.008764087142857143,179,0,0.0,0.0,0.0,0.0,0.0,0.60562801,3.1
204.72975074000001,0.51182437685,0.008764087142857143,179,0,0.0,0.0,0.0,0.0,0.0,0.57073802,4.9000001
204.72975074000001,0.45495500164444447,0.008764087142857143,179,0,0.0,0.0,0.0,0.0,0.0,0.538517,7.25
204.72975074000001,0.45495500164444447,0.009473247912087913,361,1,0.0,0.0,0.0,0.0,0.0,0.52982903,8.5
204.72975074000001,0.3412162512333334,0.009473247912087913,361,1,0.0,0.0,0.0,0.0,0.0,0.492825,3.79999995
204.72975074000001,0.2924710724857143,0.009473247912087913,361,1,0.0,0.0,0.0,0.0,0.0,0.45825201,1.9
204.72975074000001,0.27297300098666666,0.009473247912087913,361,1,0.0,0.0,0.0,0.0,0.0,0.46017399,1.475
204.72975074000001,0.5849421449714286,0.009473247912087913,361,0,0.0,0.0,0.0,0.0,0.0,0.56809098,5.04999995
204.72975074000001,0.40945950148000004,0.009473247912087913,361,0,0.0,0.0,0.0,0.0,0.0,0.51088798,12.85
204.72975074000001,0.9099100032888889,0.009473247912087913,361,0,0.0,0.0,0.0,0.0,0.0,0.645971,1.525
211.77980105999998,0.4706217801333333,0.003965507857142857,31,1,0.0,0.0,0.0,0.0,0.0,0.477065,2.8500000500000002
211.77980105999998,0.42355960212,0.003965507857142857,31,1,0.0,0.0,0.0,0.0,0.0,0.426025,0.80000001
211.77980105999998,0.3850541837454545,0.003965507857142857,31,1,0.0,0.0,0.0,0.0,0.0,0.39300501,0.125000005
211.77980105999998,0.3529663351,0.003965507857142857,31,1,0.0,0.0,0.0,0.0,0.0,0.41290799,0.0250000005
211.77980105999998,0.4706217801333333,0.010045437142857144,178,1,0.0,0.0,0.0,0.0,0.0,0.51960701,6.6500001
211.77980105999998,0.3529663351,0.010045437142857144,178,1,0.0,0.0,0.0,0.0,0.0,0.455928,1.7
211.77980105999998,0.3258150785538461,0.010045437142857144,178,1,0.0,0.0,0.0,0.0,0.0,0.437278,0.94999999
211.77980105999998,0.6050851458857143,0.003965507857142857,31,0,0.0,0.0,0.0,0.0,0.0,0.63510501,0.25000000499999997
211.77980105999998,0.5294495026499999,0.003965507857142857,31,0,0.0,0.0,0.0,0.0,0.0,0.55368698,0.80000001
211.77980105999998,0.4706217801333333,0.003965507857142857,31,0,0.0,0.0,0.0,0.0,0.0,0.481938,2.2250000500000002
211.77980105999998,0.3529663351,0.010962972857142856,360,1,0.0,0.0,0.0,0.0,0.0,0.45756301,3.6
211.77980105999998,0.3258150785538461,0.010962972857142856,360,1,0.0,0.0,0.0,0.0,0.0,0.44817799,2.625
211.77980105999998,0.30254257294285714,0.010962972857142856,360,1,0.0,0.0,0.0,0.0,0.0,0.43875101,1.875
211.77980105999998,0.28237306807999996,0.010962972857142856,360,1,0.0,0.0,0.0,0.0,0.0,0.43037701,1.325
211.77980105999998,0.26472475132499995,0.010962972857142856,360,1,0.0,0.0,0.0,0.0,0.0,0.42298001,0.92500001
211.77980105999998,0.84711920424,0.010962972857142856,360,0,0.0,0.0,0.0,0.0,0.0,0.62423199,1.875
211.77980105999998,0.6050851458857143,0.010962972857142856,360,0,0.0,0.0,0.0,0.0,0.0,0.552167,4.54999995
211.77980105999998,0.4706217801333333,0.010962972857142856,360,0,0.0,0.0,0.0,0.0,0.0,0.50355101,8.9499998
211.77980105999998,0.42355960212,0.010962972857142856,360,0,0.0,0.0,0.0,0.0,0.0,0.48092401,11.75
211.77980105999998,0.3529663351,0.010962972857142856,360,0,0.0,0.0,0.0,0.0,0.0,0.47087201,19.0
211.77980105999998,0.30254257294285714,0.010962972857142856,360,0,0.0,0.0,0.0,0.0,0.0,0.41497299,26.7
211.64065533000002,0.47031256740000005,0.004239028571428572,30,1,0.0,0.0,0.0,0.0,0.0,0.48553899,2.8500000500000002
211.64065533000002,0.42328131066,0.004239028571428572,30,1,0.0,0.0,0.0,0.0,0.0,0.42125201,0.75
211.64065533000002,0.3848011915090909,0.004239028571428572,30,1,0.0,0.0,0.0,0.0,0.0,0.382258,0.10000000549999999
211.64065533000002,0.3848011915090909,0.010045464761904764,177,1,0.0,0.0,0.0,0.0,0.0,0.475182,2.82500005
211.64065533000002,0.32560100820000004,0.010045464761904764,177,1,0.0,0.0,0.0,0.0,0.0,0.43807,0.94999999
211.64065533000002,0.604687586657143,0.004239028571428572,30,0,0.0,0.0,0.0,0.0,0.0,0.64542198,0.25000000499999997
211.64065533000002,0.529101638325,0.004239028571428572,30,0,0.0,0.0,0.0,0.0,0.0,0.548105,0.75
211.64065533000002,0.47031256740000005,0.004239028571428572,30,0,0.0,0.0,0.0,0.0,0.0,0.47972199,2.17499995
211.64065533000002,0.42328131066,0.004239028571428572,30,0,0.0,0.0,0.0,0.0,0.0,0.42008799,5.0999999
211.64065533000002,0.529101638325,0.010045464761904764,177,0,0.0,0.0,0.0,0.0,0.0,0.55462903,4.20000005
211.64065533000002,0.3848011915090909,0.010045464761904764,177,0,0.0,0.0,0.0,0.0,0.0,0.475591,12.5
211.87256488,0.5296814122,0.004332831428571429,29,1,0.0,0.0,0.0,0.0,0.0,0.56404901,6.4000001
211.87256488,0.47082792195555556,0.004332831428571429,29,1,0.0,0.0,0.0,0.0,0.0,0.482007,2.7749999499999998
211.87256488,0.42374512976,0.004332831428571429,29,1,0.0,0.0,0.0,0.0,0.0,0.417779,0.69999999
211.87256488,0.38522284523636363,0.004332831428571429,29,1,0.0,0.0,0.0,0.0,0.0,0.36953199,0.0750000005
211.87256488,0.47082792195555556,0.004332831428571429,29,0,0.0,0.0,0.0,0.0,0.0,0.47515801,2.125
211.87256488,0.42374512976,0.004332831428571429,29,0,0.0,0.0,0.0,0.0,0.0,0.421168,5.0999999
194.52573053999998,0.48631432634999994,0.005320113214285715,32,1,0.0,0.0,0.0,0.0,0.0,0.59045303,3.8000000500000004
194.52573053999998,0.43227940119999997,0.005320113214285715,32,1,0.0,0.0,0.0,0.0,0.0,0.53540498,1.4
194.52573053999998,0.6484191018,0.005320113214285715,32,0,0.0,0.0,0.0,0.0,0.0,0.75834399,0.25000000499999997
194.52573053999998,0.5557878015428571,0.005320113214285715,32,0,0.0,0.0,0.0,0.0,0.0,0.66728097,0.775000005
194.52573053999998,0.48631432634999994,0.005320113214285715,32,0,0.0,0.0,0.0,0.0,0.0,0.58483601,2.04999995
194.52573053999998,0.43227940119999997,0.005320113214285715,32,0,0.0,0.0,0.0,0.0,0.0,0.535604,4.70000005
201.85407232,0.4485646051555556,0.005224411785714286,31,1,0.0,0.0,0.0,0.0,0.0,0.54272699,2.0
201.85407232,0.40370814464,0.005224411785714286,31,1,0.0,0.0,0.0,0.0,0.0,0.494286,0.55000001
201.85407232,0.5767259209142858,0.005224411785714286,31,0,0.0,0.0,0.0,0.0,0.0,0.67542499,0.55000001
201.85407232,0.5046351808,0.005224411785714286,31,0,0.0,0.0,0.0,0.0,0.0,0.59795803,1.55
201.85407232,0.4485646051555556,0.005224411785714286,31,0,0.0,0.0,0.0,0.0,0.0,0.53406602,3.6999999499999996
201.85407232,0.33642345386666667,0.005224411785714286,31,0,0.0,0.0,0.0,0.0,0.0,-99.989998,16.6499995
198.56095671,0.496402391775,0.0052003825000000005,30,1,0.0,0.0,0.0,0.0,0.0,0.60069102,4.29999995
198.56095671,0.44124657046666665,0.0052003825000000005,30,1,0.0,0.0,0.0,0.0,0.0,0.53686702,1.625
198.56095671,0.39712191342,0.0052003825000000005,30,1,0.0,0.0,0.0,0.0,0.0,0.49098799,0.39999998999999997
198.56095671,0.6618698557,0.0052003825000000005,30,0,0.0,0.0,0.0,0.0,0.0,0.777031,0.20000000499999998
198.56095671,0.5673170191714285,0.0052003825000000005,30,0,0.0,0.0,0.0,0.0,0.0,0.67882699,0.625
198.56095671,0.496402391775,0.0052003825000000005,30,0,0.0,0.0,0.0,0.0,0.0,0.60057002,1.75
198.56095671,0.44124657046666665,0.0052003825000000005,30,0,0.0,0.0,0.0,0.0,0.0,0.534697,4.0999999
199.11753963,0.497793849075,0.005141781071428572,29,1,0.0,0.0,0.0,0.0,0.0,0.61095202,4.4000001
199.11753963,0.4424834214,0.005141781071428572,29,1,0.0,0.0,0.0,0.0,0.0,0.54357898,1.6749999999999998
199.11753963,0.39823507926,0.005141781071428572,29,1,0.0,0.0,0.0,0.0,0.0,0.490913,0.39999998999999997
199.11753963,0.5689072560857144,0.005141781071428572,29,0,0.0,0.0,0.0,0.0,0.0,0.67949402,0.575000015
199.11753963,0.497793849075,0.005141781071428572,29,0,0.0,0.0,0.0,0.0,0.0,0.60003501,1.65
199.11753963,0.4424834214,0.005141781071428572,29,0,0.0,0.0,0.0,0.0,0.0,0.54390502,4.0
211.93859643,0.6055388469428571,0.005928006857142858,32,1,0.0,0.0,0.0,0.0,0.0,0.649795,10.65
211.93859643,0.5298464910749999,0.005928006857142858,32,1,0.0,0.0,0.0,0.0,0.0,0.57646197,6.29999995
211.93859643,0.47097465873333333,0.005928006857142858,32,1,0.0,0.0,0.0,0.0,0.0,0.51956499,2.92499995
211.93859643,0.42387719286,0.005928006857142858,32,1,0.0,0.0,0.0,0.0,0.0,0.46296099,0.900000005
211.93859643,0.3853429026,0.005928006857142858,32,1,0.0,0.0,0.0,0.0,0.0,0.41530901,0.15000000000000002
211.93859643,0.6055388469428571,0.005928006857142858,32,0,0.0,0.0,0.0,0.0,0.0,0.65307701,0.32499999999999996
211.93859643,0.5298464910749999,0.005928006857142858,32,0,0.0,0.0,0.0,0.0,0.0,0.58648598,1.025
211.93859643,0.47097465873333333,0.005928006857142858,32,0,0.0,0.0,0.0,0.0,0.0,0.520253,2.625
211.93859643,0.42387719286,0.005928006857142858,32,0,0.0,0.0,0.0,0.0,0.0,0.463081,5.5999999
214.31888016,0.5357972004,0.005728375142857143,31,1,0.0,0.0,0.0,0.0,0.0,0.58284801,6.75
214.31888016,0.4762641781333333,0.005728375142857143,31,1,0.0,0.0,0.0,0.0,0.0,0.51773399,3.1999999499999996
214.31888016,0.42863776032,0.005728375142857143,31,1,0.0,0.0,0.0,0.0,0.0,0.462704,1.024999995
214.31888016,0.3896706912,0.005728375142857143,31,1,0.0,0.0,0.0,0.0,0.0,0.42589399,0.20000000499999998
214.31888016,0.6123396576,0.005728375142857143,31,0,0.0,0.0,0.0,0.0,0.0,0.673352,0.29999999499999996
214.31888016,0.5357972004,0.005728375142857143,31,0,0.0,0.0,0.0,0.0,0.0,0.59402001,0.900000005
214.31888016,0.4762641781333333,0.005728375142857143,31,0,0.0,0.0,0.0,0.0,0.0,0.51565599,2.29999995
214.31888016,0.42863776032,0.005728375142857143,31,0,0.0,0.0,0.0,0.0,0.0,0.46599501,5.1500001
214.31888016,0.3896706912,0.005728375142857143,31,0,0.0,0.0,0.0,0.0,0.0,0.42181799,9.2999997
214.31888016,0.35719813359999997,0.005728375142857143,31,0,0.0,0.0,0.0,0.0,0.0,0.439623,14.15
217.0258695,0.868103478,0.005518224857142857,30,1,0.0,0.0,0.0,0.0,0.0,-99.989998,21.4499995
217.0258695,0.723419565,0.005518224857142857,30,1,0.0,0.0,0.0,0.0,0.0,-99.989998,16.4499995
217.0258695,0.54256467375,0.005518224857142857,30,1,0.0,0.0,0.0,0.0,0.0,0.55101001,7.0999999
217.0258695,0.48227971,0.005518224857142857,30,1,0.0,0.0,0.0,0.0,0.0,0.476877,3.3000000500000004
217.0258695,0.434051739,0.005518224857142857,30,1,0.0,0.0,0.0,0.0,0.0,0.41627899,0.94999999
217.0258695,0.39459249,0.005518224857142857,30,1,0.0,0.0,0.0,0.0,0.0,0.382781,0.15000000000000002
217.0258695,0.96455942,0.005518224857142857,30,1,0.0,0.0,0.0,0.0,0.0,-99.989998,23.9499995
217.0258695,0.6200739128571429,0.005518224857142857,30,0,0.0,0.0,0.0,0.0,0.0,0.64386398,0.20000000499999998
217.0258695,0.54256467375,0.005518224857142857,30,0,0.0,0.0,0.0,0.0,0.0,0.54386401,0.599999995
217.0258695,0.48227971,0.005518224857142857,30,0,0.0,0.0,0.0,0.0,0.0,0.472341,1.8
217.0258695,0.434051739,0.005518224857142857,30,0,0.0,0.0,0.0,0.0,0.0,0.42236,4.5
210.11837946,0.6003382270285714,0.005496568857142857,29,1,0.0,0.0,0.0,0.0,0.0,0.65369201,10.3
210.11837946,0.52529594865,0.005496568857142857,29,1,0.0,0.0,0.0,0.0,0.0,0.56224,5.9000001
210.11837946,0.46692973213333333,0.005496568857142857,29,1,0.0,0.0,0.0,0.0,0.0,0.483246,2.45000005
210.11837946,0.42023675892,0.005496568857142857,29,1,0.0,0.0,0.0,0.0,0.0,0.43338001,0.625
210.11837946,0.3820334172,0.005496568857142857,29,1,0.0,0.0,0.0,0.0,0.0,0.41269299,0.10000000549999999
210.11837946,0.3501972991,0.005496568857142857,29,1,0.0,0.0,0.0,0.0,0.0,0.44634399,0.0250000005
210.11837946,0.6003382270285714,0.005496568857142857,29,0,0.0,0.0,0.0,0.0,0.0,0.63111699,0.25000000499999997
210.11837946,0.52529594865,0.005496568857142857,29,0,0.0,0.0,0.0,0.0,0.0,0.551732,0.849999995
210.11837946,0.46692973213333333,0.005496568857142857,29,0,0.0,0.0,0.0,0.0,0.0,0.47604701,2.3999999499999998
210.11837946,0.42023675892,0.005496568857142857,29,0,0.0,0.0,0.0,0.0,0.0,0.43078801,5.5999999
210.11837946,0.3820334172,0.005496568857142857,29,0,0.0,0.0,0.0,0.0,0.0,0.42587101,10.1
210.11837946,0.3501972991,0.005496568857142857,29,0,0.0,0.0,0.0,0.0,0.0,0.51710999,15.05
247.92288575999999,0.49584577152,0.009986566857142857,187,1,0.0,0.0,0.0,0.0,0.0,0.46579599,8.2999997
247.92288575999999,0.45076888319999997,0.009986566857142857,187,1,0.0,0.0,0.0,0.0,0.0,0.440339,5.70000005
247.92288575999999,0.4132048096,0.009986566857142857,187,1,0.0,0.0,0.0,0.0,0.0,0.418116,3.6999999499999996
247.92288575999999,0.6198072144,0.009986566857142857,187,0,0.0,0.0,0.0,0.0,0.0,0.521707,2.25
247.92288575999999,0.5509397461333333,0.009986566857142857,187,0,0.0,0.0,0.0,0.0,0.0,0.49099499,3.6
247.92288575999999,0.49584577152,0.009986566857142857,187,0,0.0,0.0,0.0,0.0,0.0,0.46679699,5.5
247.92288575999999,0.45076888319999997,0.009986566857142857,187,0,0.0,0.0,0.0,0.0,0.0,0.44087601,7.9000001
247.92288575999999,0.4132048096,0.009986566857142857,187,0,0.0,0.0,0.0,0.0,0.0,0.41900501,10.9
239.8952622,0.5331005826666666,0.004872583333333333,32,1,0.0,0.0,0.0,0.0,0.0,0.530644,7.25
239.8952622,0.4797905244,0.004872583333333333,32,1,0.0,0.0,0.0,0.0,0.0,0.47351,3.6
239.8952622,0.436173204,0.004872583333333333,32,1,0.0,0.0,0.0,0.0,0.0,0.42464301,1.25
239.8952622,0.399825437,0.009742515428571429,186,1,0.0,0.0,0.0,0.0,0.0,0.42162201,3.1
239.8952622,0.5997381555,0.004872583333333333,32,0,0.0,0.0,0.0,0.0,0.0,0.58127803,0.25000000499999997
239.8952622,0.5331005826666666,0.004872583333333333,32,0,0.0,0.0,0.0,0.0,0.0,0.52276403,0.80000001
239.8952622,0.4797905244,0.004872583333333333,32,0,0.0,0.0,0.0,0.0,0.0,0.45995,2.1000000500000002
239.8952622,0.399825437,0.004872583333333333,32,0,0.0,0.0,0.0,0.0,0.0,0.37000301,8.7999997
239.8952622,0.36906963415384614,0.004872583333333333,32,0,0.0,0.0,0.0,0.0,0.0,0.29522201,13.6
239.8952622,0.4797905244,0.009742515428571429,186,0,0.0,0.0,0.0,0.0,0.0,0.47065201,6.20000005
239.8952622,0.436173204,0.009742515428571429,186,0,0.0,0.0,0.0,0.0,0.0,0.444296,8.7999997
239.8952622,0.399825437,0.009742515428571429,186,0,0.0,0.0,0.0,0.0,0.0,0.42218399,12.0
243.20899053,0.48641798106,0.004685783999999999,31,1,0.0,0.0,0.0,0.0,0.0,0.45279199,3.8500000500000002
243.20899053,0.4421981646,0.004685783999999999,31,1,0.0,0.0,0.0,0.0,0.0,0.405489,1.3250000000000002
243.20899053,0.40534831755,0.009546098285714287,185,1,0.0,0.0,0.0,0.0,0.0,0.41408801,3.1999999499999996
243.20899053,0.48641798106,0.004685783999999999,31,0,0.0,0.0,0.0,0.0,0.0,0.453154,1.775
243.20899053,0.4421981646,0.004685783999999999,31,0,0.0,0.0,0.0,0.0,0.0,0.40582499,4.25
243.20899053,0.5404644234,0.009546098285714287,185,0,0.0,0.0,0.0,0.0,0.0,0.493577,3.9
250.95658071,0.5576812904666667,0.004530139999999999,30,1,0.0,0.0,0.0,0.0,0.0,0.53088403,9.2000003
250.95658071,0.50191316142,0.004530139999999999,30,1,0.0,0.0,0.0,0.0,0.0,0.449651,4.95000005
250.95658071,0.4562846922,0.004530139999999999,30,1,0.0,0.0,0.0,0.0,0.0,0.38991499,1.85
250.95658071,0.41826096785,0.004530139999999999,30,1,0.0,0.0,0.0,0.0,0.0,0.35179299,0.39999998999999997
250.95658071,0.50191316142,0.008582270857142858,93,1,0.0,0.0,0.0,0.0,0.0,0.454476,6.70000005
250.95658071,0.4562846922,0.008582270857142858,93,1,0.0,0.0,0.0,0.0,0.0,0.41789201,3.8500000500000002
250.95658071,0.41826096785,0.008582270857142858,93,1,0.0,0.0,0.0,0.0,0.0,0.38695401,1.9
250.95658071,0.38608704724615384,0.009677393714285713,184,1,0.0,0.0,0.0,0.0,0.0,0.38807499,2.25
250.95658071,0.627391451775,0.004530139999999999,30,0,0.0,0.0,0.0,0.0,0.0,0.608733,0.15000000000000002
250.95658071,0.5576812904666667,0.004530139999999999,30,0,0.0,0.0,0.0,0.0,0.0,0.51367003,0.39999998999999997
250.95658071,0.50191316142,0.004530139999999999,30,0,0.0,0.0,0.0,0.0,0.0,0.44995299,1.2
250.95658071,0.4562846922,0.004530139999999999,30,0,0.0,0.0,0.0,0.0,0.0,0.39020899,3.1
250.95658071,0.41826096785,0.004530139999999999,30,0,0.0,0.0,0.0,0.0,0.0,0.338357,6.5999999
250.95658071,1.00382632284,0.008582270857142858,93,0,0.0,0.0,0.0,0.0,0.0,0.70544702,0.0750000005
250.95658071,0.7170188020285714,0.008582270857142858,93,0,0.0,0.0,0.0,0.0,0.0,0.59223801,0.45000000500000004
250.95658071,0.5576812904666667,0.008582270857142858,93,0,0.0,0.0,0.0,0.0,0.0,0.49328199,1.75
250.95658071,0.50191316142,0.008582270857142858,93,0,0.0,0.0,0.0,0.0,0.0,0.45212001,3.1499999499999998
250.95658071,0.4562846922,0.008582270857142858,93,0,0.0,0.0,0.0,0.0,0.0,0.41915101,5.35000015
254.87704803,0.5663934400666667,0.004503974375,29,1,0.0,0.0,0.0,0.0,0.0,0.52927399,9.9000001
254.87704803,0.50975409606,0.004503974375,29,1,0.0,0.0,0.0,0.0,0.0,0.44648099,5.5
254.87704803,0.4634128146,0.004503974375,29,1,0.0,0.0,0.0,0.0,0.0,0.38112,2.125
254.87704803,0.42479508005,0.004503974375,29,1,0.0,0.0,0.0,0.0,0.0,0.33735499,0.45000000500000004
254.87704803,0.637192620075,0.008729390857142858,92,1,0.0,0.0,0.0,0.0,0.0,0.526357,15.2
254.87704803,0.50975409606,0.008729390857142858,92,1,0.0,0.0,0.0,0.0,0.0,0.44903699,7.20000005
254.87704803,0.4634128146,0.008729390857142858,92,1,0.0,0.0,0.0,0.0,0.0,0.41725099,4.25
254.87704803,0.42479508005,0.008729390857142858,92,1,0.0,0.0,0.0,0.0,0.0,0.38621899,2.1499999499999998
254.87704803,0.39211853543076924,0.008729390857142858,92,1,0.0,0.0,0.0,0.0,0.0,0.36573699,0.94999999
254.87704803,0.4634128146,0.010042263142857142,183,1,0.0,0.0,0.0,0.0,0.0,0.428673,6.20000005
254.87704803,0.42479508005,0.010042263142857142,183,1,0.0,0.0,0.0,0.0,0.0,0.40432999,4.0
254.87704803,0.39211853543076924,0.010042263142857142,183,1,0.0,0.0,0.0,0.0,0.0,0.38283801,2.3999999499999998
254.87704803,0.637192620075,0.004503974375,29,0,0.0,0.0,0.0,0.0,0.0,0.59649199,0.10000000549999999
254.87704803,0.5663934400666667,0.004503974375,29,0,0.0,0.0,0.0,0.0,0.0,0.510535,0.29999999499999996
254.87704803,0.50975409606,0.004503974375,29,0,0.0,0.0,0.0,0.0,0.0,0.44577801,0.94999999
254.87704803,0.4634128146,0.004503974375,29,0,0.0,0.0,0.0,0.0,0.0,0.38374501,2.6000000500000002
254.87704803,0.42479508005,0.004503974375,29,0,0.0,0.0,0.0,0.0,0.0,0.334712,5.9000001
254.87704803,0.8495901601,0.008729390857142858,92,0,0.0,0.0,0.0,0.0,0.0,0.665061,0.20000000499999998
254.87704803,0.7282201372285714,0.008729390857142858,92,0,0.0,0.0,0.0,0.0,0.0,0.59442401,0.39999998999999997
254.87704803,0.637192620075,0.008729390857142858,92,0,0.0,0.0,0.0,0.0,0.0,0.54317898,0.825000015
254.87704803,0.5663934400666667,0.008729390857142858,92,0,0.0,0.0,0.0,0.0,0.0,0.49830899,1.6
254.87704803,0.5663934400666667,0.010042263142857142,183,0,0.0,0.0,0.0,0.0,0.0,0.484036,3.1
244.37579628,0.4443196296,0.008848846571428572,89,1,0.0,0.0,0.0,0.0,0.0,0.42947,3.25
244.37579628,0.4072929938,0.008848846571428572,89,1,0.0,0.0,0.0,0.0,0.0,0.39974701,1.55
244.37579628,0.4072929938,0.010171624285714286,180,1,0.0,0.0,0.0,0.0,0.0,0.410083,3.1999999499999996
244.37579628,0.3759627635076923,0.010171624285714286,180,1,0.0,0.0,0.0,0.0,0.0,0.38864699,1.85
244.37579628,0.8145859876,0.008848846571428572,89,0,0.0,0.0,0.0,0.0,0.0,0.66854298,0.25000000499999997
244.37579628,0.6982165608,0.008848846571428572,89,0,0.0,0.0,0.0,0.0,0.0,0.59527898,0.5
244.37579628,0.6109394907,0.008848846571428572,89,0,0.0,0.0,0.0,0.0,0.0,0.55106902,1.0750000000000002
244.37579628,0.5430573250666667,0.008848846571428572,89,0,0.0,0.0,0.0,0.0,0.0,0.50194699,2.025
244.37579628,0.48875159256,0.008848846571428572,89,0,0.0,0.0,0.0,0.0,0.0,0.46424699,3.6499999499999998
244.37579628,0.4443196296,0.008848846571428572,89,0,0.0,0.0,0.0,0.0,0.0,0.42747301,6.04999995
244.37579628,0.8145859876,0.010171624285714286,180,0,0.0,0.0,0.0,0.0,0.0,0.59307998,0.69999999
244.37579628,0.5430573250666667,0.010171624285714286,180,0,0.0,0.0,0.0,0.0,0.0,0.48434499,3.6
244.37579628,0.48875159256,0.010171624285714286,180,0,0.0,0.0,0.0,0.0,0.0,0.456094,5.5
244.37579628,0.4443196296,0.010171624285714286,180,0,0.0,0.0,0.0,0.0,0.0,0.43134299,8.00000025
248.62296921,0.45204176220000003,0.010601047428571429,179,1,0.0,0.0,0.0,0.0,0.0,0.429021,5.4000001
248.62296921,0.41437161535,0.010601047428571429,179,1,0.0,0.0,0.0,0.0,0.0,0.40589699,3.4
248.62296921,0.3824968757076923,0.010601047428571429,179,1,0.0,0.0,0.0,0.0,0.0,0.39049399,2.04999995
248.62296921,1.24311484605,0.010601047428571429,179,0,0.0,0.0,0.0,0.0,0.0,0.70879602,0.15000000000000002
248.62296921,0.8287432307,0.010601047428571429,179,0,0.0,0.0,0.0,0.0,0.0,0.593436,0.650000005
248.62296921,0.7103513406,0.010601047428571429,179,0,0.0,0.0,0.0,0.0,0.0,0.55095297,1.2
256.697265,0.46672230000000003,0.010314503714285715,178,1,0.0,0.0,0.0,0.0,0.0,0.433662,6.4000001
256.697265,0.42782877500000005,0.010314503714285715,178,1,0.0,0.0,0.0,0.0,0.0,0.41201901,4.20000005
256.697265,0.39491886923076924,0.010314503714285715,178,1,0.0,0.0,0.0,0.0,0.0,0.39053699,2.54999995
256.697265,0.6417431625000001,0.010314503714285715,178,0,0.0,0.0,0.0,0.0,0.0,0.52323002,1.85
256.697265,0.5704383666666667,0.010314503714285715,178,0,0.0,0.0,0.0,0.0,0.0,0.49243701,3.0249999499999998
256.697265,0.51339453,0.010314503714285715,178,0,0.0,0.0,0.0,0.0,0.0,0.45927301,4.5999999
253.85025897,0.4615459254,0.009932641428571427,177,1,0.0,0.0,0.0,0.0,0.0,0.43071401,6.0
253.85025897,0.42308376495,0.009932641428571427,177,1,0.0,0.0,0.0,0.0,0.0,0.41056299,3.9
253.85025897,0.39053885995384613,0.009932641428571427,177,1,0.0,0.0,0.0,0.0,0.0,0.39055699,2.3500000500000002
253.85025897,0.7252864542,0.009932641428571427,177,0,0.0,0.0,0.0,0.0,0.0,0.556539,1.1
253.85025897,0.634625647425,0.009932641428571427,177,0,0.0,0.0,0.0,0.0,0.0,0.51953501,1.9
242.88228492,0.5397384109333333,0.003321675357142857,32,1,0.0,0.0,0.0,0.0,0.0,0.45179501,7.4000001
242.88228492,0.48576456984,0.003321675357142857,32,1,0.0,0.0,0.0,0.0,0.0,0.39193401,3.4
242.88228492,0.4416041544,0.003321675357142857,32,1,0.0,0.0,0.0,0.0,0.0,0.34627101,0.94999999
242.88228492,0.3736650537230769,0.003321675357142857,32,1,0.0,0.0,0.0,0.0,0.0,0.34106401,0.0250000005
242.88228492,0.5397384109333333,0.003321675357142857,32,0,0.0,0.0,0.0,0.0,0.0,0.43286401,0.42500000000000004
242.88228492,0.48576456984,0.003321675357142857,32,0,0.0,0.0,0.0,0.0,0.0,0.381145,1.5
242.88228492,0.4416041544,0.003321675357142857,32,0,0.0,0.0,0.0,0.0,0.0,0.338231,4.0999999
242.88228492,0.3736650537230769,0.003321675357142857,32,0,0.0,0.0,0.0,0.0,0.0,-99.989998,13.2
236.58153387,0.591453834675,0.0032732610714285714,31,1,0.0,0.0,0.0,0.0,0.0,0.41511101,10.7
236.58153387,0.47316306774,0.0032732610714285714,31,1,0.0,0.0,0.0,0.0,0.0,0.36347401,2.3500000500000002
236.58153387,0.43014824339999996,0.0032732610714285714,31,1,0.0,0.0,0.0,0.0,0.0,0.33587399,0.525000005
236.58153387,0.5257367419333333,0.0032732610714285714,31,0,0.0,0.0,0.0,0.0,0.0,0.417723,0.55000001
236.58153387,0.47316306774,0.0032732610714285714,31,0,0.0,0.0,0.0,0.0,0.0,0.36722699,1.95
236.58153387,0.43014824339999996,0.0032732610714285714,31,0,0.0,0.0,0.0,0.0,0.0,0.32918799,5.0999999
239.66190105,0.47932380210000003,0.00329754,30,1,0.0,0.0,0.0,0.0,0.0,0.371434,2.7749999499999998
239.66190105,0.435748911,0.00329754,30,1,0.0,0.0,0.0,0.0,0.0,0.33417499,0.650000005
239.66190105,0.5325820023333333,0.00329754,30,0,0.0,0.0,0.0,0.0,0.0,0.426424,0.45000000500000004
239.66190105,0.47932380210000003,0.00329754,30,0,0.0,0.0,0.0,0.0,0.0,0.36956,1.625
239.66190105,0.435748911,0.00329754,30,0,0.0,0.0,0.0,0.0,0.0,0.32620201,4.5
244.60915742999998,0.5435759054,0.0033464949999999997,29,1,0.0,0.0,0.0,0.0,0.0,0.42323601,7.5999999
244.60915742999998,0.48921831485999995,0.0033464949999999997,29,1,0.0,0.0,0.0,0.0,0.0,0.37563801,3.45000005
244.60915742999998,0.44474392259999995,0.0033464949999999997,29,1,0.0,0.0,0.0,0.0,0.0,0.332407,0.900000005
244.60915742999998,0.40768192904999995,0.0033464949999999997,29,1,0.0,0.0,0.0,0.0,0.0,0.31632099,0.125000005
244.60915742999998,0.611522893575,0.0033464949999999997,29,0,0.0,0.0,0.0,0.0,0.0,0.50142097,0.0750000005
244.60915742999998,0.5435759054,0.0033464949999999997,29,0,0.0,0.0,0.0,0.0,0.0,0.42391899,0.29999999499999996
244.60915742999998,0.48921831485999995,0.0033464949999999997,29,0,0.0,0.0,0.0,0.0,0.0,0.37244999,1.225
244.60915742999998,0.44474392259999995,0.0033464949999999997,29,0,0.0,0.0,0.0,0.0,0.0,0.32758,3.6999999499999996
259.35943033,0.4715626006,0.003377279142857143,32,1,0.0,0.0,0.0,0.0,0.0,0.425937,2.95000005
259.35943033,0.4322657172166667,0.003377279142857143,32,1,0.0,0.0,0.0,0.0,0.0,0.389819,0.94999999
259.35943033,0.5763542896222222,0.003377279142857143,32,0,0.0,0.0,0.0,0.0,0.0,0.51253003,0.29999999499999996
259.35943033,0.5187188606600001,0.003377279142857143,32,0,0.0,0.0,0.0,0.0,0.0,0.471605,0.999999995
259.35943033,0.4715626006,0.003377279142857143,32,0,0.0,0.0,0.0,0.0,0.0,0.42526299,2.6000000500000002
259.35943033,0.4322657172166667,0.003377279142857143,32,0,0.0,0.0,0.0,0.0,0.0,0.389016,5.5999999
256.07817963,0.5690626214000001,0.003326549714285714,31,1,0.0,0.0,0.0,0.0,0.0,0.53361201,9.9999998
256.07817963,0.51215635926,0.003326549714285714,31,1,0.0,0.0,0.0,0.0,0.0,0.484736,5.79999995
256.07817963,0.4655966902363637,0.003326549714285714,31,1,0.0,0.0,0.0,0.0,0.0,0.42312899,2.5
256.07817963,0.42679696605000006,0.003326549714285714,31,1,0.0,0.0,0.0,0.0,0.0,0.39181501,0.75
256.07817963,0.39396643020000005,0.003326549714285714,31,1,0.0,0.0,0.0,0.0,0.0,0.386035,0.17500000500000001
256.07817963,0.3658259709,0.003326549714285714,31,1,0.0,0.0,0.0,0.0,0.0,0.40938801,0.05
256.07817963,0.5690626214000001,0.003326549714285714,31,0,0.0,0.0,0.0,0.0,0.0,0.53573698,0.39999998999999997
256.07817963,0.51215635926,0.003326549714285714,31,0,0.0,0.0,0.0,0.0,0.0,0.47529501,1.15
256.07817963,0.4655966902363637,0.003326549714285714,31,0,0.0,0.0,0.0,0.0,0.0,0.423471,2.8999999499999998
256.07817963,0.42679696605000006,0.003326549714285714,31,0,0.0,0.0,0.0,0.0,0.0,0.38168001,6.0999999
256.07817963,0.3658259709,0.003326549714285714,31,0,0.0,0.0,0.0,0.0,0.0,0.31011501,15.4
263.9063063,0.47982964781818177,0.0033603042857142857,30,1,0.0,0.0,0.0,0.0,0.0,0.43264699,3.45000005
263.9063063,0.4398438438333333,0.0033603042857142857,30,1,0.0,0.0,0.0,0.0,0.0,0.38986301,1.15
263.9063063,0.406009702,0.0033603042857142857,30,1,0.0,0.0,0.0,0.0,0.0,0.366523,0.25000000499999997
263.9063063,0.5864584584444444,0.0033603042857142857,30,0,0.0,0.0,0.0,0.0,0.0,0.53666598,0.25000000499999997
263.9063063,0.5278126126,0.0033603042857142857,30,0,0.0,0.0,0.0,0.0,0.0,0.49564499,0.849999995
263.9063063,0.47982964781818177,0.0033603042857142857,30,0,0.0,0.0,0.0,0.0,0.0,0.432652,2.1499999499999998
263.9063063,0.4398438438333333,0.0033603042857142857,30,0,0.0,0.0,0.0,0.0,0.0,0.39006701,4.85000015
265.7813067,0.4832387394545455,0.0033514874285714286,29,1,0.0,0.0,0.0,0.0,0.0,0.43738699,3.6499999499999998
265.7813067,0.4429688445,0.0033514874285714286,29,1,0.0,0.0,0.0,0.0,0.0,0.38593799,1.2
265.7813067,0.40889431800000003,0.0033514874285714286,29,1,0.0,0.0,0.0,0.0,0.0,0.360385,0.25000000499999997
265.7813067,0.5906251260000001,0.0033514874285714286,29,0,0.0,0.0,0.0,0.0,0.0,0.55697,0.25000000499999997
265.7813067,0.5315626134,0.0033514874285714286,29,0,0.0,0.0,0.0,0.0,0.0,0.507011,0.80000001
265.7813067,0.4832387394545455,0.0033514874285714286,29,0,0.0,0.0,0.0,0.0,0.0,0.43786901,2.0
241.59380154000002,0.40265633590000005,0.006029142285714286,187,1,0.0,0.0,0.0,0.0,0.0,0.326765,1.9
241.59380154000002,0.3716827716,0.006029142285714286,187,1,0.0,0.0,0.0,0.0,0.0,0.314641,0.94999999
241.59380154000002,0.3451340022,0.006029142285714286,187,1,0.0,0.0,0.0,0.0,0.0,0.30707601,0.45000000500000004
241.59380154000002,0.60398450385,0.006029142285714286,187,0,0.0,0.0,0.0,0.0,0.0,0.411865,1.5
241.59380154000002,0.48318760308,0.006029142285714286,187,0,0.0,0.0,0.0,0.0,0.0,0.36487001,4.70000005
241.59380154000002,0.4392614573454546,0.006029142285714286,187,0,0.0,0.0,0.0,0.0,0.0,0.340624,7.29999995
243.2813019,0.4423296398181818,0.006058183142857143,186,1,0.0,0.0,0.0,0.0,0.0,0.33525801,3.5
243.2813019,0.5406251153333334,0.006058183142857143,186,0,0.0,0.0,0.0,0.0,0.0,0.37837699,2.57500005
248.10942793,0.4511080507818182,0.006195902857142856,185,1,0.0,0.0,0.0,0.0,0.0,0.33096099,3.9
248.10942793,0.4135157132166667,0.006195902857142856,185,1,0.0,0.0,0.0,0.0,0.0,0.31629199,2.1499999499999998
248.10942793,0.620273569825,0.006195902857142856,185,0,0.0,0.0,0.0,0.0,0.0,0.40591201,1.225
248.10942793,0.49621885586000003,0.006195902857142856,185,0,0.0,0.0,0.0,0.0,0.0,0.34806401,3.9
249.32817819,0.4533239603454545,0.00593583,184,1,0.0,0.0,0.0,0.0,0.0,0.32947001,4.0
249.32817819,0.3561831117,0.00593583,184,1,0.0,0.0,0.0,0.0,0.0,0.29215199,0.500000015
249.32817819,0.5540626182,0.004510010857142857,93,1,0.0,0.0,0.0,0.0,0.0,0.38237101,9.0999999
249.32817819,0.49865635638,0.004510010857142857,93,1,0.0,0.0,0.0,0.0,0.0,0.350618,5.35000015
249.32817819,0.4533239603454545,0.004510010857142857,93,1,0.0,0.0,0.0,0.0,0.0,0.32763201,2.6499999499999998
249.32817819,0.41554696365,0.004510010857142857,93,1,0.0,0.0,0.0,0.0,0.0,0.30745,1.05
249.32817819,0.49865635638,0.00593583,184,0,0.0,0.0,0.0,0.0,0.0,0.34937501,3.8000000500000004
249.32817819,0.4533239603454545,0.00593583,184,0,0.0,0.0,0.0,0.0,0.0,0.32939801,6.20000005
249.32817819,0.41554696365,0.00593583,184,0,0.0,0.0,0.0,0.0,0.0,0.31705099,9.4500003
249.32817819,0.38358181259999996,0.00593583,184,0,0.0,0.0,0.0,0.0,0.0,0.30100301,13.3
249.32817819,0.7123662234,0.004510010857142857,93,0,0.0,0.0,0.0,0.0,0.0,0.46184599,0.15000000000000002
249.32817819,0.5540626182,0.004510010857142857,93,0,0.0,0.0,0.0,0.0,0.0,0.380422,1.025
249.32817819,0.49865635638,0.004510010857142857,93,0,0.0,0.0,0.0,0.0,0.0,0.34787199,2.29999995
249.32817819,0.4533239603454545,0.004510010857142857,93,0,0.0,0.0,0.0,0.0,0.0,0.327687,4.64999985
249.32817819,0.38358181259999996,0.004510010857142857,93,0,0.0,0.0,0.0,0.0,0.0,0.29512599,12.350000000000001
249.32817819,0.3561831117,0.004510010857142857,93,0,0.0,0.0,0.0,0.0,0.0,0.28460699,17.1000005
245.81255244,0.4469319135272727,0.005785308857142857,183,1,0.0,0.0,0.0,0.0,0.0,0.32757199,3.6
245.81255244,0.4096875874,0.005785308857142857,183,1,0.0,0.0,0.0,0.0,0.0,0.312125,1.925
245.81255244,0.3781731576,0.005785308857142857,183,1,0.0,0.0,0.0,0.0,0.0,0.30201599,0.94999999
245.81255244,0.5462501165333333,0.0044124771428571425,92,1,0.0,0.0,0.0,0.0,0.0,0.36950099,8.3499999
245.81255244,0.49162510488,0.0044124771428571425,92,1,0.0,0.0,0.0,0.0,0.0,0.34391999,4.75
245.81255244,0.4469319135272727,0.0044124771428571425,92,1,0.0,0.0,0.0,0.0,0.0,0.318499,2.20000005
245.81255244,0.4096875874,0.0044124771428571425,92,1,0.0,0.0,0.0,0.0,0.0,0.29900301,0.80000001
245.81255244,0.6145313810999999,0.005785308857142857,183,0,0.0,0.0,0.0,0.0,0.0,0.40279099,1.25
245.81255244,0.5462501165333333,0.005785308857142857,183,0,0.0,0.0,0.0,0.0,0.0,0.37456799,2.3500000500000002
245.81255244,0.4469319135272727,0.005785308857142857,183,0,0.0,0.0,0.0,0.0,0.0,0.32931399,6.5999999
245.81255244,0.5462501165333333,0.0044124771428571425,92,0,0.0,0.0,0.0,0.0,0.0,0.37975699,1.15
245.81255244,0.49162510488,0.0044124771428571425,92,0,0.0,0.0,0.0,0.0,0.0,0.346679,2.54999995
245.81255244,0.4469319135272727,0.0044124771428571425,92,0,0.0,0.0,0.0,0.0,0.0,0.31915399,5.0
245.81255244,0.4096875874,0.0044124771428571425,92,0,0.0,0.0,0.0,0.0,0.0,0.29953599,8.5999999
247.64067783,0.49528135566,0.005669926571428571,180,1,0.0,0.0,0.0,0.0,0.0,0.335143,6.0999999
247.64067783,0.45025577787272725,0.005669926571428571,180,1,0.0,0.0,0.0,0.0,0.0,0.31607699,3.54999995
247.64067783,0.41273446305,0.005669926571428571,180,1,0.0,0.0,0.0,0.0,0.0,0.30079401,1.85
247.64067783,0.38098565819999997,0.005669926571428571,180,1,0.0,0.0,0.0,0.0,0.0,0.28749099,0.849999995
247.64067783,0.5503126173999999,0.004387261142857143,89,1,0.0,0.0,0.0,0.0,0.0,0.36785501,8.5999999
247.64067783,0.49528135566,0.004387261142857143,89,1,0.0,0.0,0.0,0.0,0.0,0.33092901,4.79999995
247.64067783,0.45025577787272725,0.004387261142857143,89,1,0.0,0.0,0.0,0.0,0.0,0.304452,2.1499999499999998
247.64067783,0.41273446305,0.004387261142857143,89,1,0.0,0.0,0.0,0.0,0.0,0.28740799,0.75
247.64067783,0.38098565819999997,0.004387261142857143,89,1,0.0,0.0,0.0,0.0,0.0,0.282435,0.225
247.64067783,0.619101694575,0.005669926571428571,180,0,0.0,0.0,0.0,0.0,0.0,0.39019001,1.0750000000000002
247.64067783,0.5503126173999999,0.005669926571428571,180,0,0.0,0.0,0.0,0.0,0.0,0.362975,2.1000000500000002
247.64067783,0.49528135566,0.005669926571428571,180,0,0.0,0.0,0.0,0.0,0.0,0.338063,3.75
247.64067783,0.45025577787272725,0.005669926571428571,180,0,0.0,0.0,0.0,0.0,0.0,0.317269,6.20000005
247.64067783,0.41273446305,0.005669926571428571,180,0,0.0,0.0,0.0,0.0,0.0,0.301487,9.5
247.64067783,0.5503126173999999,0.004387261142857143,89,0,0.0,0.0,0.0,0.0,0.0,0.35841399,0.900000005
247.64067783,0.49528135566,0.004387261142857143,89,0,0.0,0.0,0.0,0.0,0.0,0.32925299,2.20000005
247.64067783,0.45025577787272725,0.004387261142857143,89,0,0.0,0.0,0.0,0.0,0.0,0.305338,4.5999999
247.64067783,0.41273446305,0.004387261142857143,89,0,0.0,0.0,0.0,0.0,0.0,0.28817499,8.2000003
244.07817707,0.48815635414,0.005599380571428571,179,1,0.0,0.0,0.0,0.0,0.0,0.330338,5.54999995
244.07817707,0.40679696178333336,0.005599380571428571,179,1,0.0,0.0,0.0,0.0,0.0,0.29248101,1.525
244.07817707,0.48815635414,0.002987865357142857,32,1,0.0,0.0,0.0,0.0,0.0,0.25577801,2.75
244.07817707,0.44377850376363637,0.002987865357142857,32,1,0.0,0.0,0.0,0.0,0.0,0.225455,0.39999998999999997
244.07817707,0.40679696178333336,0.002987865357142857,32,1,0.0,0.0,0.0,0.0,0.0,0.230674,0.0250000005
244.07817707,0.6973662202,0.005599380571428571,179,0,0.0,0.0,0.0,0.0,0.0,0.4215,0.55000001
244.07817707,0.610195442675,0.005599380571428571,179,0,0.0,0.0,0.0,0.0,0.0,0.38140801,1.1
244.07817707,0.44377850376363637,0.005599380571428571,179,0,0.0,0.0,0.0,0.0,0.0,0.309383,6.5
244.07817707,0.610195442675,0.002987865357142857,32,0,0.0,0.0,0.0,0.0,0.0,0.442047,0.05
244.07817707,0.48815635414,0.002987865357142857,32,0,0.0,0.0,0.0,0.0,0.0,0.25241199,0.724999995
244.07817707,0.44377850376363637,0.002987865357142857,32,0,0.0,0.0,0.0,0.0,0.0,0.225527,3.4
241.54692653,0.4391762300545455,0.005669483714285714,178,1,0.0,0.0,0.0,0.0,0.0,0.30886301,2.8500000500000002
241.54692653,0.40257821088333334,0.005669483714285714,178,1,0.0,0.0,0.0,0.0,0.0,0.29488701,1.4
241.54692653,0.3450670379,0.005669483714285714,178,1,0.0,0.0,0.0,0.0,0.0,0.28883299,0.29999999499999996
241.54692653,0.48309385306,0.002984551071428571,31,1,0.0,0.0,0.0,0.0,0.0,0.252471,2.375
241.54692653,0.4391762300545455,0.002984551071428571,31,1,0.0,0.0,0.0,0.0,0.0,0.23324201,0.32499999999999996
241.54692653,0.48309385306,0.002984551071428571,31,0,0.0,0.0,0.0,0.0,0.0,0.25260299,0.849999995
241.54692653,0.4391762300545455,0.002984551071428571,31,0,0.0,0.0,0.0,0.0,0.0,0.23365299,3.8000000500000004
239.71880114,0.39953133523333334,0.005901712,177,1,0.0,0.0,0.0,0.0,0.0,0.29591,1.3250000000000002
239.71880114,0.3424554302,0.005901712,177,1,0.0,0.0,0.0,0.0,0.0,0.28326601,0.25000000499999997
239.71880114,0.47943760228000004,0.002986949642857143,30,1,0.0,0.0,0.0,0.0,0.0,0.25575101,2.125
239.71880114,0.4358523657090909,0.002986949642857143,30,1,0.0,0.0,0.0,0.0,0.0,0.233071,0.25000000499999997
239.71880114,0.39953133523333334,0.002986949642857143,30,1,0.0,0.0,0.0,0.0,0.0,0.261783,0.0250000005
239.71880114,0.5327084469777777,0.005901712,177,0,0.0,0.0,0.0,0.0,0.0,0.351751,2.3500000500000002
239.71880114,0.47943760228000004,0.005901712,177,0,0.0,0.0,0.0,0.0,0.0,0.32573801,4.20000005
239.71880114,0.47943760228000004,0.002986949642857143,30,0,0.0,0.0,0.0,0.0,0.0,0.260454,0.999999995
239.71880114,0.4358523657090909,0.002986949642857143,30,0,0.0,0.0,0.0,0.0,0.0,0.23312099,4.0999999
244.54692717,0.48909385434,0.002976922142857143,29,1,0.0,0.0,0.0,0.0,0.0,0.264002,2.8500000500000002
244.54692717,0.44463077667272727,0.002976922142857143,29,1,0.0,0.0,0.0,0.0,0.0,0.227879,0.39999998999999997
244.54692717,0.5434376159333334,0.002976922142857143,29,0,0.0,0.0,0.0,0.0,0.0,0.30735999,0.0750000005
244.54692717,0.48909385434,0.002976922142857143,29,0,0.0,0.0,0.0,0.0,0.0,0.26536301,0.674999985
244.54692717,0.44463077667272727,0.002976922142857143,29,0,0.0,0.0,0.0,0.0,0.0,0.22348499,3.1999999499999996
260.67193061,0.52134386122,0.0028399988571428574,32,0,0.0,0.0,0.0,0.0,0.0,0.33106899,0.39999998999999997
260.67193061,0.47394896474545456,0.0028399988571428574,32,0,0.0,0.0,0.0,0.0,0.0,0.286933,1.7
266.10943177,0.53221886354,0.002799312857142857,31,1,0.0,0.0,0.0,0.0,0.0,0.34244299,6.95000005
266.10943177,0.4838353304909091,0.002799312857142857,31,1,0.0,0.0,0.0,0.0,0.0,0.29264301,2.79999995
266.10943177,0.4435157196166667,0.002799312857142857,31,1,0.0,0.0,0.0,0.0,0.0,0.26089001,0.55000001
266.10943177,0.53221886354,0.002799312857142857,31,0,0.0,0.0,0.0,0.0,0.0,0.33210501,0.25000000499999997
266.10943177,0.4838353304909091,0.002799312857142857,31,0,0.0,0.0,0.0,0.0,0.0,0.288109,1.2
266.10943177,0.4435157196166667,0.002799312857142857,31,0,0.0,0.0,0.0,0.0,0.0,0.25767699,4.0
267.187557,0.48579555818181824,0.0027755257142857144,30,1,0.0,0.0,0.0,0.0,0.0,0.28150299,2.8500000500000002
267.187557,0.44531259500000003,0.0027755257142857144,30,1,0.0,0.0,0.0,0.0,0.0,0.25512999,0.55000001
267.187557,0.534375114,0.0027755257142857144,30,0,0.0,0.0,0.0,0.0,0.0,0.32543799,0.20000000499999998
267.187557,0.48579555818181824,0.0027755257142857144,30,0,0.0,0.0,0.0,0.0,0.0,0.28022099,1.05
260.85943065,0.5217188613,0.002754773714285714,29,1,0.0,0.0,0.0,0.0,0.0,0.317669,5.79999995
260.85943065,0.4742898739090909,0.002754773714285714,29,1,0.0,0.0,0.0,0.0,0.0,0.27314699,1.9
260.85943065,0.43476571774999995,0.002754773714285714,29,1,0.0,0.0,0.0,0.0,0.0,0.248625,0.25000000499999997
260.85943065,0.5217188613,0.002754773714285714,29,0,0.0,0.0,0.0,0.0,0.0,0.31712401,0.29999999499999996
260.85943065,0.4742898739090909,0.002754773714285714,29,0,0.0,0.0,0.0,0.0,0.0,0.26874399,1.5
257.55221858999994,0.46827676107272714,0.0024659966666666666,32,1,0.0,0.0,0.0,0.0,0.0,0.331368,2.0
257.55221858999994,0.4292536976499999,0.0024659966666666666,32,1,0.0,0.0,0.0,0.0,0.0,0.31444499,0.45000000500000004
257.55221858999994,0.5151044371799999,0.0024659966666666666,32,0,0.0,0.0,0.0,0.0,0.0,0.361121,0.625
257.55221858999994,0.46827676107272714,0.0024659966666666666,32,0,0.0,0.0,0.0,0.0,0.0,0.32383499,2.25
257.55221858999994,0.4292536976499999,0.0024659966666666666,32,0,0.0,0.0,0.0,0.0,0.0,0.302302,5.70000005
269.27840297999995,0.5983964510666666,0.0024748500000000002,31,1,0.0,0.0,0.0,0.0,0.0,0.468813,12.3
269.27840297999995,0.5385568059599999,0.0024748500000000002,31,1,0.0,0.0,0.0,0.0,0.0,0.407776,7.5999999
269.27840297999995,0.48959709632727266,0.0024748500000000002,31,1,0.0,0.0,0.0,0.0,0.0,0.351262,3.54999995
269.27840297999995,0.4487973382999999,0.0024748500000000002,31,1,0.0,0.0,0.0,0.0,0.0,0.32729101,1.1
269.27840297999995,0.41427446612307683,0.0024748500000000002,31,1,0.0,0.0,0.0,0.0,0.0,0.32132101,0.225
269.27840297999995,0.5385568059599999,0.0024748500000000002,31,0,0.0,0.0,0.0,0.0,0.0,0.38900301,0.35000001000000003
269.27840297999995,0.48959709632727266,0.0024748500000000002,31,0,0.0,0.0,0.0,0.0,0.0,0.34982201,1.35
269.27840297999995,0.4487973382999999,0.0024748500000000002,31,0,0.0,0.0,0.0,0.0,0.0,0.317496,3.8500000500000002
269.27840297999995,0.41427446612307683,0.0024748500000000002,31,0,0.0,0.0,0.0,0.0,0.0,0.30835301,8.00000025
269.27840297999995,0.38468343282857137,0.0024748500000000002,31,0,0.0,0.0,0.0,0.0,0.0,-99.989998,12.8
273.56387599,0.4973888654363636,0.00249585,30,1,0.0,0.0,0.0,0.0,0.0,0.36337101,4.20000005
273.56387599,0.4559397933166666,0.00249585,30,1,0.0,0.0,0.0,0.0,0.0,0.33059001,1.4
273.56387599,0.4208675015230769,0.00249585,30,1,0.0,0.0,0.0,0.0,0.0,0.320474,0.29999999499999996
273.56387599,0.54712775198,0.00249585,30,0,0.0,0.0,0.0,0.0,0.0,0.39900401,0.275000005
273.56387599,0.4973888654363636,0.00249585,30,0,0.0,0.0,0.0,0.0,0.0,0.35919201,1.1
273.56387599,0.4559397933166666,0.00249585,30,0,0.0,0.0,0.0,0.0,0.0,0.33475101,3.3500000500000002
273.56387599,0.4208675015230769,0.00249585,30,0,0.0,0.0,0.0,0.0,0.0,0.313458,7.20000005
275.91853148999996,0.5016700572545454,0.00249427875,29,1,0.0,0.0,0.0,0.0,0.0,0.37609199,4.5999999
275.91853148999996,0.4598642191499999,0.00249427875,29,1,0.0,0.0,0.0,0.0,0.0,0.3362,1.6
275.91853148999996,0.4244900484461538,0.00249427875,29,1,0.0,0.0,0.0,0.0,0.0,0.32202801,0.35000001000000003
275.91853148999996,0.6131522921999999,0.00249427875,29,0,0.0,0.0,0.0,0.0,0.0,0.45783299,0.05
275.91853148999996,0.5518370629799999,0.00249427875,29,0,0.0,0.0,0.0,0.0,0.0,0.40153399,0.225
275.91853148999996,0.5016700572545454,0.00249427875,29,0,0.0,0.0,0.0,0.0,0.0,0.362196,0.94999999
275.91853148999996,0.4598642191499999,0.00249427875,29,0,0.0,0.0,0.0,0.0,0.0,0.336364,3.0249999499999998
297.86392075,0.541570765,0.004292643076923077,187,0,0.0,0.0,0.0,0.0,0.0,0.322211,2.3500000500000002
299.88892447999996,0.5452525899636362,0.004001585824175824,186,1,0.0,0.0,0.0,0.0,0.0,0.31895199,10.55
299.88892447999996,0.4284127492571428,0.004001585824175824,186,1,0.0,0.0,0.0,0.0,0.0,0.276582,2.54999995
299.88892447999996,0.4613675761230769,0.004001585824175824,186,0,0.0,0.0,0.0,0.0,0.0,0.290084,6.20000005
305.6342839,0.4702065906153846,0.004004675714285714,185,1,0.0,0.0,0.0,0.0,0.0,0.28898299,5.0
305.6342839,0.4366204055714286,0.004004675714285714,185,1,0.0,0.0,0.0,0.0,0.0,0.275502,2.8999999499999998
305.6342839,0.40751237853333333,0.004004675714285714,185,1,0.0,0.0,0.0,0.0,0.0,0.267773,1.575
305.6342839,0.382042854875,0.004004675714285714,185,1,0.0,0.0,0.0,0.0,0.0,0.262362,0.80000001
305.6342839,0.6791872975555556,0.004004675714285714,185,0,0.0,0.0,0.0,0.0,0.0,0.37099499,0.57499999
305.6342839,0.6112685678,0.004004675714285714,185,0,0.0,0.0,0.0,0.0,0.0,0.344906,1.1
305.6342839,0.4366204055714286,0.004004675714285714,185,0,0.0,0.0,0.0,0.0,0.0,0.27761599,8.5999999
305.91684255999996,0.5562124410181818,0.0030614477142857145,93,1,0.0,0.0,0.0,0.0,0.0,0.31184301,10.55
305.91684255999996,0.5098614042666666,0.0030614477142857145,93,1,0.0,0.0,0.0,0.0,0.0,0.292887,6.54999995
305.91684255999996,0.4706412962461538,0.0030614477142857145,93,1,0.0,0.0,0.0,0.0,0.0,0.27398601,3.45000005
305.91684255999996,0.43702406079999995,0.0030614477142857145,93,1,0.0,0.0,0.0,0.0,0.0,0.264797,1.55
305.91684255999996,0.4706412962461538,0.003994044505494505,184,1,0.0,0.0,0.0,0.0,0.0,0.28523999,5.0
305.91684255999996,0.43702406079999995,0.003994044505494505,184,1,0.0,0.0,0.0,0.0,0.0,0.272762,2.8999999499999998
305.91684255999996,0.5562124410181818,0.0030614477142857145,93,0,0.0,0.0,0.0,0.0,0.0,0.314468,0.75
305.91684255999996,0.5098614042666666,0.0030614477142857145,93,0,0.0,0.0,0.0,0.0,0.0,0.294301,1.8
305.91684255999996,0.4706412962461538,0.0030614477142857145,93,0,0.0,0.0,0.0,0.0,0.0,0.27659199,3.75
305.91684255999996,0.6118336851199999,0.003994044505494505,184,0,0.0,0.0,0.0,0.0,0.0,0.342783,1.05
305.91684255999996,0.5098614042666666,0.003994044505494505,184,0,0.0,0.0,0.0,0.0,0.0,0.304028,3.4
305.91684255999996,0.4706412962461538,0.003994044505494505,184,0,0.0,0.0,0.0,0.0,0.0,0.28629801,5.5
306.57614609999996,0.6131522921999999,0.0031149565714285714,92,1,0.0,0.0,0.0,0.0,0.0,0.33238399,15.25
306.57614609999996,0.5574111747272726,0.0031149565714285714,92,1,0.0,0.0,0.0,0.0,0.0,0.312722,10.649999999999999
306.57614609999996,0.5109602434999999,0.0031149565714285714,92,1,0.0,0.0,0.0,0.0,0.0,0.291363,6.5999999
306.57614609999996,0.4716556093846153,0.0031149565714285714,92,1,0.0,0.0,0.0,0.0,0.0,0.274979,3.5
306.57614609999996,0.4379659229999999,0.0031149565714285714,92,1,0.0,0.0,0.0,0.0,0.0,0.26334801,1.55
306.57614609999996,0.7664403652499999,0.004082094615384615,183,1,0.0,0.0,0.0,0.0,0.0,0.372504,25.15
306.57614609999996,0.6131522921999999,0.0031149565714285714,92,0,0.0,0.0,0.0,0.0,0.0,0.34807101,0.29999999499999996
306.57614609999996,0.5574111747272726,0.0031149565714285714,92,0,0.0,0.0,0.0,0.0,0.0,0.314596,0.724999995
306.57614609999996,0.4716556093846153,0.0031149565714285714,92,0,0.0,0.0,0.0,0.0,0.0,0.27430999,3.6499999499999998
306.57614609999996,0.6131522921999999,0.004082094615384615,183,0,0.0,0.0,0.0,0.0,0.0,0.34517899,1.05
306.57614609999996,0.4716556093846153,0.004082094615384615,183,0,0.0,0.0,0.0,0.0,0.0,0.284493,5.4000001
311.23836399,0.5187306066499999,0.003140748857142857,89,1,0.0,0.0,0.0,0.0,0.0,0.28226,7.20000005
311.23836399,0.4788282522923077,0.003140748857142857,89,1,0.0,0.0,0.0,0.0,0.0,0.26900801,3.9
311.23836399,0.44462623427142856,0.003140748857142857,89,1,0.0,0.0,0.0,0.0,0.0,0.25375801,1.7
311.23836399,0.41498448532,0.003140748857142857,89,1,0.0,0.0,0.0,0.0,0.0,0.24451301,0.599999995
311.23836399,0.3890479549875,0.003140748857142857,89,1,0.0,0.0,0.0,0.0,0.0,0.24592701,0.20000000499999998
311.23836399,0.4788282522923077,0.004145268571428572,180,1,0.0,0.0,0.0,0.0,0.0,0.277026,5.4000001
311.23836399,0.44462623427142856,0.004145268571428572,180,1,0.0,0.0,0.0,0.0,0.0,0.26827899,3.1999999499999996
311.23836399,0.41498448532,0.004145268571428572,180,1,0.0,0.0,0.0,0.0,0.0,0.25814399,1.7
311.23836399,0.3890479549875,0.004145268571428572,180,1,0.0,0.0,0.0,0.0,0.0,0.25055099,0.82499999
311.23836399,0.778095909975,0.003140748857142857,89,0,0.0,0.0,0.0,0.0,0.0,0.45072401,0.05
311.23836399,0.6916408088666667,0.003140748857142857,89,0,0.0,0.0,0.0,0.0,0.0,0.3757,0.0750000005
311.23836399,0.62247672798,0.003140748857142857,89,0,0.0,0.0,0.0,0.0,0.0,0.338256,0.20000000499999998
311.23836399,0.5658879345272727,0.003140748857142857,89,0,0.0,0.0,0.0,0.0,0.0,0.310568,0.55000001
311.23836399,0.5187306066499999,0.003140748857142857,89,0,0.0,0.0,0.0,0.0,0.0,0.286652,1.375
311.23836399,0.4788282522923077,0.003140748857142857,89,0,0.0,0.0,0.0,0.0,0.0,0.26694,3.04999995
311.23836399,0.44462623427142856,0.003140748857142857,89,0,0.0,0.0,0.0,0.0,0.0,0.25429901,5.9000001
311.23836399,0.4788282522923077,0.004145268571428572,180,0,0.0,0.0,0.0,0.0,0.0,0.28167099,4.85000015
311.23836399,0.44462623427142856,0.004145268571428572,180,0,0.0,0.0,0.0,0.0,0.0,0.26914999,7.5999999
306.52905298999997,0.4378986471285714,0.004061901428571428,179,1,0.0,0.0,0.0,0.0,0.0,0.267829,2.79999995
306.52905298999997,0.4087054039866666,0.004061901428571428,179,1,0.0,0.0,0.0,0.0,0.0,0.25816,1.45
306.52905298999997,0.38316131623749994,0.004061901428571428,179,1,0.0,0.0,0.0,0.0,0.0,0.252399,0.69999999
306.52905298999997,0.5108817549833333,0.0025154007142857144,32,1,0.0,0.0,0.0,0.0,0.0,0.269402,5.5
306.52905298999997,0.4715831584461538,0.0025154007142857144,32,1,0.0,0.0,0.0,0.0,0.0,0.230727,1.8250000000000002
306.52905298999997,0.4378986471285714,0.0025154007142857144,32,1,0.0,0.0,0.0,0.0,0.0,0.215546,0.275000005
306.52905298999997,0.4087054039866666,0.0025154007142857144,32,1,0.0,0.0,0.0,0.0,0.0,0.24578001,0.05
306.52905298999997,0.61305810598,0.004061901428571428,179,0,0.0,0.0,0.0,0.0,0.0,0.335282,0.92500001
306.52905298999997,0.4715831584461538,0.004061901428571428,179,0,0.0,0.0,0.0,0.0,0.0,0.27713999,5.20000005
306.52905298999997,0.5573255508909091,0.0025154007142857144,32,0,0.0,0.0,0.0,0.0,0.0,0.31283501,0.0750000005
306.52905298999997,0.5108817549833333,0.0025154007142857144,32,0,0.0,0.0,0.0,0.0,0.0,0.25844201,0.35000001000000003
306.52905298999997,0.4715831584461538,0.0025154007142857144,32,0,0.0,0.0,0.0,0.0,0.0,0.227955,1.7
306.52905298999997,0.4378986471285714,0.0025154007142857144,32,0,0.0,0.0,0.0,0.0,0.0,0.210026,5.14999985
304.92788724999997,0.4691198265384615,0.004058204857142857,178,1,0.0,0.0,0.0,0.0,0.0,0.278873,4.70000005
304.92788724999997,0.43561126749999995,0.004058204857142857,178,1,0.0,0.0,0.0,0.0,0.0,0.26522699,2.625
304.92788724999997,0.5544143404545454,0.0025005867857142857,31,1,0.0,0.0,0.0,0.0,0.0,0.32714099,9.8499999
304.92788724999997,0.5082131454166666,0.0025005867857142857,31,1,0.0,0.0,0.0,0.0,0.0,0.26256099,5.14999985
304.92788724999997,0.4691198265384615,0.0025005867857142857,31,1,0.0,0.0,0.0,0.0,0.0,0.22835501,1.6
304.92788724999997,0.43561126749999995,0.0025005867857142857,31,1,0.0,0.0,0.0,0.0,0.0,0.210513,0.20000000499999998
304.92788724999997,0.4691198265384615,0.004058204857142857,178,0,0.0,0.0,0.0,0.0,0.0,0.280444,5.4000001
304.92788724999997,0.43561126749999995,0.004058204857142857,178,0,0.0,0.0,0.0,0.0,0.0,0.26446301,8.2999997
304.92788724999997,0.4065705163333333,0.004058204857142857,178,0,0.0,0.0,0.0,0.0,0.0,0.25746,12.05
304.92788724999997,0.5544143404545454,0.0025005867857142857,31,0,0.0,0.0,0.0,0.0,0.0,0.30954,0.0750000005
304.92788724999997,0.5082131454166666,0.0025005867857142857,31,0,0.0,0.0,0.0,0.0,0.0,0.256767,0.375
304.92788724999997,0.4691198265384615,0.0025005867857142857,31,0,0.0,0.0,0.0,0.0,0.0,0.22843499,1.85
306.99998408999994,0.5116666401499999,0.003978077428571428,177,1,0.0,0.0,0.0,0.0,0.0,0.29048601,7.79999995
306.99998408999994,0.47230766783076916,0.003978077428571428,177,1,0.0,0.0,0.0,0.0,0.0,0.27803001,4.9000001
306.99998408999994,0.43857140584285703,0.003978077428571428,177,1,0.0,0.0,0.0,0.0,0.0,0.26394999,2.75
306.99998408999994,0.4093333121199999,0.003978077428571428,177,1,0.0,0.0,0.0,0.0,0.0,0.2559,1.425
306.99998408999994,0.47230766783076916,0.0024929617857142854,30,1,0.0,0.0,0.0,0.0,0.0,0.22296301,1.725
306.99998408999994,0.43857140584285703,0.0024929617857142854,30,1,0.0,0.0,0.0,0.0,0.0,0.20904399,0.225
306.99998408999994,0.5581817892545453,0.003978077428571428,177,0,0.0,0.0,0.0,0.0,0.0,0.31243801,1.7
306.99998408999994,0.5116666401499999,0.003978077428571428,177,0,0.0,0.0,0.0,0.0,0.0,0.293235,3.04999995
306.99998408999994,0.47230766783076916,0.003978077428571428,177,0,0.0,0.0,0.0,0.0,0.0,0.27882999,5.14999985
306.99998408999994,0.4093333121199999,0.003978077428571428,177,0,0.0,0.0,0.0,0.0,0.0,0.257164,11.7
306.99998408999994,0.5116666401499999,0.0024929617857142854,30,0,0.0,0.0,0.0,0.0,0.0,0.248143,0.275000005
306.99998408999994,0.47230766783076916,0.0024929617857142854,30,0,0.0,0.0,0.0,0.0,0.0,0.216552,1.55
302.19648687,0.50366081145,0.0024885678571428572,29,1,0.0,0.0,0.0,0.0,0.0,0.25094101,4.54999995
302.19648687,0.4649176721076923,0.0024885678571428572,29,1,0.0,0.0,0.0,0.0,0.0,0.219446,1.2
302.19648687,0.43170926695714285,0.0024885678571428572,29,1,0.0,0.0,0.0,0.0,0.0,0.20072199,0.10000000549999999
302.19648687,0.50366081145,0.0024885678571428572,29,0,0.0,0.0,0.0,0.0,0.0,0.2494,0.39999998999999997
302.19648687,0.4649176721076923,0.0024885678571428572,29,0,0.0,0.0,0.0,0.0,0.0,0.221466,2.0749999499999996
305.91684255999996,0.5098614042666666,0.0024143514285714287,32,1,0.0,0.0,0.0,0.0,0.0,0.34026599,5.5999999
305.91684255999996,0.4706412962461538,0.0024143514285714287,32,1,0.0,0.0,0.0,0.0,0.0,0.30509901,2.20000005
305.91684255999996,0.43702406079999995,0.0024143514285714287,32,1,0.0,0.0,0.0,0.0,0.0,0.29297099,0.575000015
305.91684255999996,0.6118336851199999,0.0024143514285714287,32,0,0.0,0.0,0.0,0.0,0.0,0.44812399,0.0750000005
305.91684255999996,0.5098614042666666,0.0024143514285714287,32,0,0.0,0.0,0.0,0.0,0.0,0.33491701,0.80000001
305.91684255999996,0.4706412962461538,0.0024143514285714287,32,0,0.0,0.0,0.0,0.0,0.0,0.305006,2.5
303.37381461999996,0.4667289455692307,0.0024031365714285717,31,1,0.0,0.0,0.0,0.0,0.0,0.30985701,1.95
303.37381461999996,0.4333911637428571,0.0024031365714285717,31,1,0.0,0.0,0.0,0.0,0.0,0.29588699,0.474999995
303.37381461999996,0.5056230243666666,0.0024031365714285717,31,0,0.0,0.0,0.0,0.0,0.0,0.32950601,0.849999995
303.37381461999996,0.4667289455692307,0.0024031365714285717,31,0,0.0,0.0,0.0,0.0,0.0,0.30156001,2.70000005
299.32380716,0.49887301193333333,0.0023935345714285712,30,1,0.0,0.0,0.0,0.0,0.0,0.33007199,4.4000001
299.32380716,0.46049816486153844,0.0023935345714285712,30,1,0.0,0.0,0.0,0.0,0.0,0.31258899,1.55
299.32380716,0.4276054388,0.0023935345714285712,30,1,0.0,0.0,0.0,0.0,0.0,0.302113,0.35000001000000003
299.32380716,0.5442251039272727,0.0023935345714285712,30,0,0.0,0.0,0.0,0.0,0.0,0.38058299,0.29999999499999996
299.32380716,0.49887301193333333,0.0023935345714285712,30,0,0.0,0.0,0.0,0.0,0.0,0.32786399,1.025
299.32380716,0.46049816486153844,0.0023935345714285712,30,0,0.0,0.0,0.0,0.0,0.0,0.30675599,3.1999999499999996
301.01915912,0.5016985985333333,0.002381598857142857,29,1,0.0,0.0,0.0,0.0,0.0,0.328603,4.5999999
301.01915912,0.4631063986461538,0.002381598857142857,29,1,0.0,0.0,0.0,0.0,0.0,0.30682001,1.6
301.01915912,0.43002737017142856,0.002381598857142857,29,1,0.0,0.0,0.0,0.0,0.0,0.296675,0.35000001000000003
301.01915912,0.5473075620363637,0.002381598857142857,29,0,0.0,0.0,0.0,0.0,0.0,0.37822101,0.25000000499999997
301.01915912,0.5016985985333333,0.002381598857142857,29,0,0.0,0.0,0.0,0.0,0.0,0.33423701,0.94999999
301.01915912,0.4631063986461538,0.002381598857142857,29,0,0.0,0.0,0.0,0.0,0.0,0.305657,2.975
304.30941255,0.50718235425,0.002359282,32,1,0.0,0.0,0.0,0.0,0.0,0.326785,5.14999985
304.30941255,0.468168327,0.002359282,32,1,0.0,0.0,0.0,0.0,0.0,0.29811099,1.95
304.30941255,0.4347277322142857,0.002359282,32,1,0.0,0.0,0.0,0.0,0.0,0.29163399,0.5
304.30941255,0.4057458834,0.002359282,32,1,0.0,0.0,0.0,0.0,0.0,0.310568,0.125000005
304.30941255,0.6086188251,0.002359282,32,0,0.0,0.0,0.0,0.0,0.0,0.374374,0.0250000005
304.30941255,0.553289841,0.002359282,32,0,0.0,0.0,0.0,0.0,0.0,0.34931001,0.17500000500000001
304.30941255,0.50718235425,0.002359282,32,0,0.0,0.0,0.0,0.0,0.0,0.32091501,0.80000001
304.30941255,0.468168327,0.002359282,32,0,0.0,0.0,0.0,0.0,0.0,0.296691,2.625
304.30941255,0.4057458834,0.002359282,32,0,0.0,0.0,0.0,0.0,0.0,0.305415,10.8
302.89072065,0.50481786775,0.0023564,31,1,0.0,0.0,0.0,0.0,0.0,0.322871,4.9000001
302.89072065,0.46598572407692307,0.0023564,31,1,0.0,0.0,0.0,0.0,0.0,0.30512401,1.85
302.89072065,0.4327010295,0.0023564,31,1,0.0,0.0,0.0,0.0,0.0,0.30005199,0.474999995
302.89072065,0.40385429419999996,0.0023564,31,1,0.0,0.0,0.0,0.0,0.0,0.308566,0.10000000549999999
302.89072065,0.6057814413,0.0023564,31,0,0.0,0.0,0.0,0.0,0.0,0.375341,0.0250000005
302.89072065,0.5507104011818181,0.0023564,31,0,0.0,0.0,0.0,0.0,0.0,0.34817699,0.17500000500000001
302.89072065,0.50481786775,0.0023564,31,0,0.0,0.0,0.0,0.0,0.0,0.32054099,0.825000015
302.89072065,0.46598572407692307,0.0023564,31,0,0.0,0.0,0.0,0.0,0.0,0.300026,2.75
299.10754225,0.5982150844999999,0.0023574735294117645,30,1,0.0,0.0,0.0,0.0,0.0,0.56221497,13.55
299.10754225,0.49851257041666663,0.0023574735294117645,30,1,0.0,0.0,0.0,0.0,0.0,0.33660901,4.35000015
299.10754225,0.4601654496153846,0.0023574735294117645,30,1,0.0,0.0,0.0,0.0,0.0,0.308759,1.5
299.10754225,0.4272964889285714,0.0023574735294117645,30,1,0.0,0.0,0.0,0.0,0.0,0.30353099,0.35000001000000003
299.10754225,0.39881005633333333,0.0023574735294117645,30,1,0.0,0.0,0.0,0.0,0.0,0.31762099,0.0750000005
299.10754225,0.5982150844999999,0.0023574735294117645,30,0,0.0,0.0,0.0,0.0,0.0,0.43016601,0.0750000005
299.10754225,0.543831895,0.0023574735294117645,30,0,0.0,0.0,0.0,0.0,0.0,0.37935501,0.29999999499999996
299.10754225,0.49851257041666663,0.0023574735294117645,30,0,0.0,0.0,0.0,0.0,0.0,0.33436599,1.0750000000000002
299.10754225,0.4601654496153846,0.0023574735294117645,30,0,0.0,0.0,0.0,0.0,0.0,0.30328301,3.1999999499999996
299.10754225,0.4272964889285714,0.0023574735294117645,30,0,0.0,0.0,0.0,0.0,0.0,0.293163,7.04999995
304.64044066,0.5538917102909091,0.002338930588235294,29,1,0.0,0.0,0.0,0.0,0.0,0.344183,9.5
304.64044066,0.5077340677666667,0.002338930588235294,29,1,0.0,0.0,0.0,0.0,0.0,0.288627,4.9000001
304.64044066,0.46867760101538464,0.002338930588235294,29,1,0.0,0.0,0.0,0.0,0.0,0.245286,1.475
304.64044066,0.43520062951428573,0.002338930588235294,29,1,0.0,0.0,0.0,0.0,0.0,0.245272,0.25000000499999997
304.64044066,0.40618725421333335,0.002338930588235294,29,1,0.0,0.0,0.0,0.0,0.0,0.29589099,0.0750000005
304.64044066,0.60928088132,0.002338930588235294,29,0,0.0,0.0,0.0,0.0,0.0,0.39376801,0.0250000005
304.64044066,0.5538917102909091,0.002338930588235294,29,0,0.0,0.0,0.0,0.0,0.0,0.34198099,0.125000005
304.64044066,0.5077340677666667,0.002338930588235294,29,0,0.0,0.0,0.0,0.0,0.0,0.28389201,0.525000005
304.64044066,0.46867760101538464,0.002338930588235294,29,0,0.0,0.0,0.0,0.0,0.0,0.24749801,2.1499999499999998
