S0,m,r,T,corp,alpha,beta,omega,gamma,lambda,sigma,V
161.04014184000002,0.26840023640000005,0.017158818857142856,29,1,0.0,0.0,0.0,0.0,0.0,0.51725799,7.1500001
161.04014184000002,0.25974216425806457,0.017158818857142856,29,1,0.0,0.0,0.0,0.0,0.0,0.574637,6.1999998
161.04014184000002,0.25561927276190477,0.017158818857142856,29,1,0.0,0.0,0.0,0.0,0.0,0.47540501,4.9250002
161.04014184000002,0.2477540643692308,0.017158818857142856,29,1,0.0,0.0,0.0,0.0,0.0,0.468229,3.7750001
161.04014184000002,0.24400021490909093,0.017158818857142856,29,1,0.0,0.0,0.0,0.0,0.0,0.46220201,3.25
161.04014184000002,0.23682373800000003,0.017158818857142856,29,1,0.0,0.0,0.0,0.0,0.0,0.444987,2.29999995
161.04014184000002,0.2333915099130435,0.017158818857142856,29,1,0.0,0.0,0.0,0.0,0.0,0.445575,1.96000005
161.04014184000002,0.2300573454857143,0.017158818857142856,29,1,0.0,0.0,0.0,0.0,0.0,0.42951101,1.5499999999999998
161.04014184000002,0.21472018912000002,0.017158818857142856,29,1,0.0,0.0,0.0,0.0,0.0,0.47988299,0.814999995
161.04014184000002,0.25974216425806457,0.017158818857142856,29,-1,0.0,0.0,0.0,0.0,0.0,0.472464,1.8649999999999998
161.04014184000002,0.24400021490909093,0.017158818857142856,29,-1,0.0,0.0,0.0,0.0,0.0,0.463902,3.6
161.04014184000002,0.2300573454857143,0.017158818857142856,29,-1,0.0,0.0,0.0,0.0,0.0,0.446803,6.0
158.56146852,0.27817801494736843,0.017064635142857144,28,1,0.0,0.0,0.0,0.0,0.0,0.41888201,8.1750002
158.56146852,0.2642691142,0.017064635142857144,28,1,0.0,0.0,0.0,0.0,0.0,0.51651597,6.375
158.56146852,0.2477522945625,0.017064635142857144,28,1,0.0,0.0,0.0,0.0,0.0,0.49217501,3.85
158.56146852,0.2439407208,0.017064635142857144,28,1,0.0,0.0,0.0,0.0,0.0,0.48249999,3.3000000500000004
158.56146852,0.2402446492727273,0.017064635142857144,28,1,0.0,0.0,0.0,0.0,0.0,0.48127699,2.855
158.56146852,0.23665890823880598,0.017064635142857144,28,1,0.0,0.0,0.0,0.0,0.0,0.47942001,2.4499999
158.56146852,0.2733818422758621,0.017064635142857144,28,-1,0.0,0.0,0.0,0.0,0.0,0.51239502,1.1
158.56146852,0.25574430406451615,0.017064635142857144,28,-1,0.0,0.0,0.0,0.0,0.0,0.526591,2.49
158.56146852,0.2265163836,0.017064635142857144,28,-1,0.0,0.0,0.0,0.0,0.0,0.44597399,6.625
155.51834484,0.23925899206153844,0.01728078057142857,32,1,0.0,0.0,0.0,0.0,0.0,0.465386,2.80499995
166.04657111999998,0.26781705019354834,0.01740261057142857,31,1,0.0,0.0,0.0,0.0,0.0,0.50911498,7.3499999
166.04657111999998,0.2515857138181818,0.01740261057142857,31,1,0.0,0.0,0.0,0.0,0.0,0.49307999,4.75
166.04657111999998,0.24783070316417907,0.01740261057142857,31,1,0.0,0.0,0.0,0.0,0.0,0.48940501,4.20000005
166.04657111999998,0.24599492017777774,0.01740261057142857,31,1,0.0,0.0,0.0,0.0,0.0,0.488794,3.95000005
166.04657111999998,0.23720938731428567,0.01740261057142857,31,1,0.0,0.0,0.0,0.0,0.0,0.48811701,2.87000005
166.04657111999998,0.22139542815999996,0.01740261057142857,31,1,0.0,0.0,0.0,0.0,0.0,0.466079,1.2650000000000001
166.04657111999998,0.26567451379199997,0.01740261057142857,31,-1,0.0,0.0,0.0,0.0,0.0,0.50766098,1.775
166.04657111999998,0.2614906631811023,0.01740261057142857,31,-1,0.0,0.0,0.0,0.0,0.0,0.50417602,2.0899999
168.45162048,0.255229728,0.016949128333333334,30,1,0.0,0.0,0.0,0.0,0.0,0.52250701,5.45000005
168.45162048,0.25142032907462686,0.016949128333333334,30,1,0.0,0.0,0.0,0.0,0.0,0.509745,4.79999995
168.45162048,0.24413278330434782,0.016949128333333334,30,1,0.0,0.0,0.0,0.0,0.0,0.50841397,3.8000000500000004
168.45162048,0.2406451721142857,0.016949128333333334,30,1,0.0,0.0,0.0,0.0,0.0,0.48421001,3.17499995
168.45162048,0.22460216064,0.016949128333333334,30,1,0.0,0.0,0.0,0.0,0.0,0.476798,1.5150000499999998
168.45162048,0.269522592768,0.016949128333333334,30,-1,0.0,0.0,0.0,0.0,0.0,0.51415902,1.54
168.40253784,0.24406164904347827,0.016955843333333335,29,1,0.0,0.0,0.0,0.0,0.0,0.485672,3.57500005
168.40253784,0.24057505405714286,0.016955843333333335,29,1,0.0,0.0,0.0,0.0,0.0,0.48065299,3.1000000500000002
168.40253784,0.23718667301408453,0.016955843333333335,29,1,0.0,0.0,0.0,0.0,0.0,0.482647,2.72000005
168.40253784,0.19812063275294117,0.016955843333333335,29,1,0.0,0.0,0.0,0.0,0.0,0.485578,0.265
166.73372808,0.2565134278153846,0.01684587875,28,-1,0.0,0.0,0.0,0.0,0.0,0.49540299,2.34500005
169.65414515999998,0.3991862239058823,0.01733742777777778,186,-1,0.0,0.0,0.0,0.0,0.0,0.46162999,0.564999995
169.65414515999998,0.28275690859999997,0.01733742777777778,186,-1,0.0,0.0,0.0,0.0,0.0,0.41521099,3.9750001500000005
169.65414515999998,0.2423630645142857,0.01733742777777778,186,-1,0.0,0.0,0.0,0.0,0.0,0.394501,8.375
169.65414515999998,0.16965414516,0.016871812197802198,368,1,0.0,0.0,0.0,0.0,0.0,0.35511899,2.14499995
169.65414515999998,0.4241353629,0.016871812197802198,368,1,0.0,0.0,0.0,0.0,0.0,0.43289101,29.924999
169.65414515999998,0.33930829032,0.016871812197802198,368,1,0.0,0.0,0.0,0.0,0.0,0.42039901,21.8000005
169.65414515999998,0.28275690859999997,0.016871812197802198,368,1,0.0,0.0,0.0,0.0,0.0,0.40555999,15.15
169.65414515999998,0.26100637716923075,0.016871812197802198,368,1,0.0,0.0,0.0,0.0,0.0,0.398987,12.425
169.65414515999998,0.2423630645142857,0.016871812197802198,368,1,0.0,0.0,0.0,0.0,0.0,0.393305,10.075
169.65414515999998,0.23400571746206894,0.016871812197802198,368,1,0.0,0.0,0.0,0.0,0.0,0.38983101,9.0250001
169.65414515999998,0.22620552687999998,0.016871812197802198,368,1,0.0,0.0,0.0,0.0,0.0,0.38443601,8.00000025
169.65414515999998,0.21206768145,0.016871812197802198,368,1,0.0,0.0,0.0,0.0,0.0,0.37802601,6.29999995
169.65414515999998,0.1885046057333333,0.016871812197802198,368,1,0.0,0.0,0.0,0.0,0.0,0.36613899,3.7749999499999998
169.65414515999998,0.17858331069473682,0.016871812197802198,368,1,0.0,0.0,0.0,0.0,0.0,0.360185,2.85500005
169.65414515999998,0.4241353629,0.016871812197802198,368,-1,0.0,0.0,0.0,0.0,0.0,0.452308,1.35
169.65414515999998,0.3770092114666666,0.016871812197802198,368,-1,0.0,0.0,0.0,0.0,0.0,0.43917501,2.19000005
169.65414515999998,0.32315075268571425,0.016871812197802198,368,-1,0.0,0.0,0.0,0.0,0.0,0.421772,4.02499995
169.65414515999998,0.3084620821090909,0.016871812197802198,368,-1,0.0,0.0,0.0,0.0,0.0,0.41851899,4.85000015
169.65414515999998,0.29505068723478256,0.016871812197802198,368,-1,0.0,0.0,0.0,0.0,0.0,0.41348201,5.72500015
169.65414515999998,0.28275690859999997,0.016871812197802198,368,-1,0.0,0.0,0.0,0.0,0.0,0.40584001,6.625
169.65414515999998,0.27144663225599996,0.016871812197802198,368,-1,0.0,0.0,0.0,0.0,0.0,0.405045,7.77499985
169.65414515999998,0.26100637716923075,0.016871812197802198,368,-1,0.0,0.0,0.0,0.0,0.0,0.40048301,8.9250002
169.65414515999998,0.2423630645142857,0.016871812197802198,368,-1,0.0,0.0,0.0,0.0,0.0,0.38743499,11.375
169.85047572,0.24264353674285713,0.01691604,31,1,0.0,0.0,0.0,0.0,0.0,0.470173,3.45000005
169.85047572,0.24264353674285713,0.017331445714285715,185,1,0.0,0.0,0.0,0.0,0.0,0.39770001,7.3499999
169.85047572,0.23427651823448276,0.017331445714285715,185,1,0.0,0.0,0.0,0.0,0.0,0.393305,6.25
169.85047572,0.21231309464999998,0.017331445714285715,185,1,0.0,0.0,0.0,0.0,0.0,0.38037801,3.67499995
169.85047572,0.271760761152,0.017331445714285715,185,-1,0.0,0.0,0.0,0.0,0.0,0.41359001,4.89999985
169.85047572,0.26130842418461536,0.017331445714285715,185,-1,0.0,0.0,0.0,0.0,0.0,0.40779299,5.92499995
169.85047572,0.23427651823448276,0.017331445714285715,185,-1,0.0,0.0,0.0,0.0,0.0,0.38900501,9.7000003
169.85047572,0.30881904676363636,0.016851285494505496,367,1,0.0,0.0,0.0,0.0,0.0,0.41347,18.3500005
169.85047572,0.2191619041548387,0.016851285494505496,367,1,0.0,0.0,0.0,0.0,0.0,0.38259301,7.17499995
169.85047572,0.21231309464999998,0.016851285494505496,367,1,0.0,0.0,0.0,0.0,0.0,0.37825,6.32500005
169.85047572,0.19982408908235294,0.016851285494505496,367,1,0.0,0.0,0.0,0.0,0.0,0.37202799,4.92499995
169.85047572,0.18872275079999998,0.016851285494505496,367,1,0.0,0.0,0.0,0.0,0.0,0.365675,3.7749999499999998
169.85047572,0.17878997444210526,0.016851285494505496,367,1,0.0,0.0,0.0,0.0,0.0,0.361011,2.88
169.85047572,0.33970095144,0.016851285494505496,367,-1,0.0,0.0,0.0,0.0,0.0,0.425414,3.2749999499999998
169.85047572,0.32352471565714286,0.016851285494505496,367,-1,0.0,0.0,0.0,0.0,0.0,0.42051101,3.9750001500000005
169.85047572,0.30881904676363636,0.016851285494505496,367,-1,0.0,0.0,0.0,0.0,0.0,0.41509199,4.75
169.85047572,0.2953921316869565,0.016851285494505496,367,-1,0.0,0.0,0.0,0.0,0.0,0.41155401,5.64999985
169.85047572,0.2830841262,0.016851285494505496,367,-1,0.0,0.0,0.0,0.0,0.0,0.40628099,6.60000015
163.61698044,0.24061320652941176,0.016863545833333334,30,1,0.0,0.0,0.0,0.0,0.0,0.50220001,3.2750001
163.61698044,0.23373854348571427,0.016863545833333334,30,1,0.0,0.0,0.0,0.0,0.0,0.490376,2.42500005
163.61698044,0.20452122555,0.016863545833333334,30,1,0.0,0.0,0.0,0.0,0.0,0.489081,0.474999995
163.61698044,0.1924905652235294,0.016863545833333334,30,1,0.0,0.0,0.0,0.0,0.0,0.49302,0.19
163.61698044,0.28455127033043476,0.016863545833333334,30,-1,0.0,0.0,0.0,0.0,0.0,0.54735601,0.88500002
163.61698044,0.25171843144615386,0.016863545833333334,30,-1,0.0,0.0,0.0,0.0,0.0,0.50840998,3.01
163.61698044,0.24239552657777777,0.016863545833333334,30,-1,0.0,0.0,0.0,0.0,0.0,0.48810801,4.125
163.61698044,0.2726949674,0.01747593142857143,93,1,0.0,0.0,0.0,0.0,0.0,0.42571899,9.4000001
163.61698044,0.25171843144615386,0.01747593142857143,93,1,0.0,0.0,0.0,0.0,0.0,0.41290101,6.32500005
163.61698044,0.23373854348571427,0.01747593142857143,93,1,0.0,0.0,0.0,0.0,0.0,0.403117,4.0000001
163.61698044,0.22567859371034482,0.01747593142857143,93,1,0.0,0.0,0.0,0.0,0.0,0.39832601,3.1000000500000002
163.61698044,0.21815597392,0.01747593142857143,93,1,0.0,0.0,0.0,0.0,0.0,0.393408,2.355
163.61698044,0.20452122555,0.01747593142857143,93,1,0.0,0.0,0.0,0.0,0.0,0.386538,1.31
163.61698044,0.1924905652235294,0.01747593142857143,93,1,0.0,0.0,0.0,0.0,0.0,0.38316101,0.705000015
163.61698044,0.32723396088,0.01747593142857143,93,-1,0.0,0.0,0.0,0.0,0.0,0.443872,0.624999985
163.61698044,0.2974854189818182,0.01747593142857143,93,-1,0.0,0.0,0.0,0.0,0.0,0.44203699,1.4849999999999999
163.61698044,0.32723396088,0.01733608253968254,184,1,0.0,0.0,0.0,0.0,0.0,0.45139399,18.424999
163.61698044,0.3116513913142857,0.01733608253968254,184,1,0.0,0.0,0.0,0.0,0.0,0.44486701,16.475
163.61698044,0.24239552657777777,0.01733608253968254,184,1,0.0,0.0,0.0,0.0,0.0,0.410193,7.25
163.61698044,0.23373854348571427,0.01733608253968254,184,1,0.0,0.0,0.0,0.0,0.0,0.40521699,6.1500001
163.61698044,0.21815597392,0.01733608253968254,184,1,0.0,0.0,0.0,0.0,0.0,0.39352101,4.29999995
163.61698044,0.18179664493333333,0.01733608253968254,184,1,0.0,0.0,0.0,0.0,0.0,0.37426999,1.28000005
163.61698044,0.36359328986666667,0.01733608253968254,184,-1,0.0,0.0,0.0,0.0,0.0,0.46364799,1.045
163.61698044,0.32723396088,0.01733608253968254,184,-1,0.0,0.0,0.0,0.0,0.0,0.46983901,2.10499995
163.61698044,0.2974854189818182,0.01733608253968254,184,-1,0.0,0.0,0.0,0.0,0.0,0.44091201,3.17499995
163.61698044,0.24239552657777777,0.016857384615384614,366,1,0.0,0.0,0.0,0.0,0.0,0.40744999,10.0249998
163.61698044,0.23373854348571427,0.016857384615384614,366,1,0.0,0.0,0.0,0.0,0.0,0.40165699,8.9250002
163.61698044,0.22567859371034482,0.016857384615384614,366,1,0.0,0.0,0.0,0.0,0.0,0.39774299,7.95000005
163.61698044,0.21815597392,0.016857384615384614,366,1,0.0,0.0,0.0,0.0,0.0,0.39441201,7.07500005
163.61698044,0.1924905652235294,0.016857384615384614,366,1,0.0,0.0,0.0,0.0,0.0,0.37889099,4.22500015
163.61698044,0.7271865797333333,0.016857384615384614,366,-1,0.0,0.0,0.0,0.0,0.0,0.52073902,0.1400000005
163.61698044,0.5453899348,0.016857384615384614,366,-1,0.0,0.0,0.0,0.0,0.0,0.49353799,0.504999995
163.61698044,0.5034368628923077,0.016857384615384614,366,-1,0.0,0.0,0.0,0.0,0.0,0.52292401,0.96
163.61698044,0.4090424511,0.016857384615384614,366,-1,0.0,0.0,0.0,0.0,0.0,0.46143901,1.6500000000000001
163.61698044,0.34445680092631575,0.016857384615384614,366,-1,0.0,0.0,0.0,0.0,0.0,0.45062801,3.375
163.61698044,0.32723396088,0.016857384615384614,366,-1,0.0,0.0,0.0,0.0,0.0,0.44298401,4.04999995
163.61698044,0.3116513913142857,0.016857384615384614,366,-1,0.0,0.0,0.0,0.0,0.0,0.438988,4.875
163.61698044,0.2974854189818182,0.016857384615384614,366,-1,0.0,0.0,0.0,0.0,0.0,0.433191,5.75
163.61698044,0.28455127033043476,0.016857384615384614,366,-1,0.0,0.0,0.0,0.0,0.0,0.426956,6.70000005
163.61698044,0.2726949674,0.016857384615384614,366,-1,0.0,0.0,0.0,0.0,0.0,0.42136899,7.75
163.61698044,0.261787168704,0.016857384615384614,366,-1,0.0,0.0,0.0,0.0,0.0,0.4163,8.9000001
163.61698044,0.25171843144615386,0.016857384615384614,366,-1,0.0,0.0,0.0,0.0,0.0,0.409863,10.1
168.52524444,0.3064095353454545,0.0167118575,29,-1,0.0,0.0,0.0,0.0,0.0,0.54372197,0.31
168.52524444,0.2930873816347826,0.0167118575,29,-1,0.0,0.0,0.0,0.0,0.0,0.52443802,0.52000001
168.52524444,0.3210004656,0.017448359142857143,92,1,0.0,0.0,0.0,0.0,0.0,0.43986401,16.9000005
168.52524444,0.3064095353454545,0.017448359142857143,92,1,0.0,0.0,0.0,0.0,0.0,0.42113301,14.65
168.52524444,0.2808754074,0.017448359142857143,92,1,0.0,0.0,0.0,0.0,0.0,0.40831301,10.65
168.52524444,0.269640391104,0.017448359142857143,92,1,0.0,0.0,0.0,0.0,0.0,0.403642,8.9000001
168.52524444,0.2592696068307692,0.017448359142857143,92,1,0.0,0.0,0.0,0.0,0.0,0.39983299,7.32500005
168.52524444,0.2496670288,0.017448359142857143,92,1,0.0,0.0,0.0,0.0,0.0,0.39447099,5.92499995
168.52524444,0.2407503492,0.017448359142857143,92,1,0.0,0.0,0.0,0.0,0.0,0.38931501,4.70000005
168.52524444,0.23244861302068964,0.017448359142857143,92,1,0.0,0.0,0.0,0.0,0.0,0.384958,3.67499995
168.52524444,0.2174519283096774,0.017448359142857143,92,1,0.0,0.0,0.0,0.0,0.0,0.37845099,2.1449999999999996
168.52524444,0.2592696068307692,0.017448359142857143,92,-1,0.0,0.0,0.0,0.0,0.0,0.403027,3.8500000500000002
168.52524444,0.23244861302068964,0.017448359142857143,92,-1,0.0,0.0,0.0,0.0,0.0,0.383205,7.70000005
168.52524444,0.2407503492,0.017330392063492062,183,1,0.0,0.0,0.0,0.0,0.0,0.39673501,6.95000005
168.52524444,0.21065655554999999,0.017330392063492062,183,1,0.0,0.0,0.0,0.0,0.0,0.37763801,3.375
168.52524444,0.2407503492,0.017330392063492062,183,-1,0.0,0.0,0.0,0.0,0.0,0.39743799,8.625
168.52524444,0.2592696068307692,0.016848126043956045,365,1,0.0,0.0,0.0,0.0,0.0,0.40436,12.2
168.52524444,0.2407503492,0.016848126043956045,365,1,0.0,0.0,0.0,0.0,0.0,0.39895001,9.9000001
168.52524444,0.21065655554999999,0.016848126043956045,365,1,0.0,0.0,0.0,0.0,0.0,0.386776,6.2750001
168.52524444,0.19826499345882354,0.016848126043956045,365,1,0.0,0.0,0.0,0.0,0.0,0.38029,4.9000001
168.52524444,0.1872502716,0.016848126043956045,365,1,0.0,0.0,0.0,0.0,0.0,0.37296599,3.75
168.52524444,0.17739499414736842,0.016848126043956045,365,1,0.0,0.0,0.0,0.0,0.0,0.36794001,2.865
168.52524444,0.33705048888,0.016848126043956045,365,-1,0.0,0.0,0.0,0.0,0.0,0.43785599,3.57500005
168.52524444,0.3210004656,0.016848126043956045,365,-1,0.0,0.0,0.0,0.0,0.0,0.43101701,4.27499985
168.52524444,0.3064095353454545,0.016848126043956045,365,-1,0.0,0.0,0.0,0.0,0.0,0.42756999,5.125
168.52524444,0.2930873816347826,0.016848126043956045,365,-1,0.0,0.0,0.0,0.0,0.0,0.42129499,6.0
168.52524444,0.2808754074,0.016848126043956045,365,-1,0.0,0.0,0.0,0.0,0.0,0.41677999,7.0
168.52524444,0.269640391104,0.016848126043956045,365,-1,0.0,0.0,0.0,0.0,0.0,0.41278699,8.0999999
168.52524444,0.2592696068307692,0.016848126043956045,365,-1,0.0,0.0,0.0,0.0,0.0,0.40823901,9.2750001
167.51905032000002,0.29133747881739136,0.01663783375,28,-1,0.0,0.0,0.0,0.0,0.0,0.50722098,0.465000005
167.51905032000002,0.27919841720000005,0.01663783375,28,-1,0.0,0.0,0.0,0.0,0.0,0.490592,0.784999995
167.51905032000002,0.2577216158769231,0.01663783375,28,-1,0.0,0.0,0.0,0.0,0.0,0.46698901,2.0249999499999998
167.51905032000002,0.268030480512,0.017423758857142858,91,1,0.0,0.0,0.0,0.0,0.0,0.39751199,8.5749998
167.51905032000002,0.24817637084444447,0.017423758857142858,91,1,0.0,0.0,0.0,0.0,0.0,0.389979,5.6500001
167.51905032000002,0.23931292902857146,0.017423758857142858,91,1,0.0,0.0,0.0,0.0,0.0,0.38850099,4.5
167.51905032000002,0.231060759062069,0.017423758857142858,91,1,0.0,0.0,0.0,0.0,0.0,0.38202301,3.4749999
167.51905032000002,0.22335873376000004,0.017423758857142858,91,1,0.0,0.0,0.0,0.0,0.0,0.378658,2.65499995
167.51905032000002,0.21615361331612906,0.017423758857142858,91,1,0.0,0.0,0.0,0.0,0.0,0.376982,2.0150000500000003
167.51905032000002,0.20939881290000004,0.017423758857142858,91,1,0.0,0.0,0.0,0.0,0.0,0.372309,1.475
167.51905032000002,0.27919841720000005,0.017423758857142858,91,-1,0.0,0.0,0.0,0.0,0.0,0.408243,2.125
167.51905032000002,0.2577216158769231,0.017423758857142858,91,-1,0.0,0.0,0.0,0.0,0.0,0.39812499,3.875
167.51905032000002,0.24817637084444447,0.017423758857142858,91,-1,0.0,0.0,0.0,0.0,0.0,0.3897,4.9749999
167.51905032000002,0.23931292902857146,0.017423758857142858,91,-1,0.0,0.0,0.0,0.0,0.0,0.38813099,6.3499999
167.51905032000002,0.231060759062069,0.017423758857142858,91,-1,0.0,0.0,0.0,0.0,0.0,0.38249999,7.8499999
167.51905032000002,0.2577216158769231,0.01735109777777778,182,1,0.0,0.0,0.0,0.0,0.0,0.40110299,9.125
167.51905032000002,0.3722645562666667,0.01735109777777778,182,-1,0.0,0.0,0.0,0.0,0.0,0.46733299,0.919999995
167.51905032000002,0.16751905032000003,0.01692361021978022,364,1,0.0,0.0,0.0,0.0,0.0,0.35657001,1.97499995
167.51905032000002,0.19708123567058825,0.01692361021978022,364,1,0.0,0.0,0.0,0.0,0.0,0.374861,4.625
167.51905032000002,0.18613227813333336,0.01692361021978022,364,1,0.0,0.0,0.0,0.0,0.0,0.36934099,3.5500000500000004
167.51905032000002,0.1763358424421053,0.01692361021978022,364,1,0.0,0.0,0.0,0.0,0.0,0.36300001,2.6699999500000002
167.51905032000002,0.33503810064000006,0.01692361021978022,364,-1,0.0,0.0,0.0,0.0,0.0,0.433231,3.5500000500000004
167.51905032000002,0.3190839053714286,0.01692361021978022,364,-1,0.0,0.0,0.0,0.0,0.0,0.42757499,4.27499985
167.51905032000002,0.29133747881739136,0.01692361021978022,364,-1,0.0,0.0,0.0,0.0,0.0,0.41619101,5.97500015
167.51905032000002,0.27919841720000005,0.01692361021978022,364,-1,0.0,0.0,0.0,0.0,0.0,0.411428,6.97500015
167.51905032000002,0.2577216158769231,0.01692361021978022,364,-1,0.0,0.0,0.0,0.0,0.0,0.40127799,9.2249999
168.81974028000002,0.2935995483130435,0.016758222857142856,31,1,0.0,0.0,0.0,0.0,0.0,0.51105499,11.875
168.81974028000002,0.28136623380000003,0.016758222857142856,31,1,0.0,0.0,0.0,0.0,0.0,0.49426699,9.6999998
168.81974028000002,0.27011158444800004,0.016758222857142856,31,1,0.0,0.0,0.0,0.0,0.0,0.48162699,7.70000005
168.81974028000002,0.2597226773538462,0.016758222857142856,31,1,0.0,0.0,0.0,0.0,0.0,0.468723,5.89999985
168.81974028000002,0.2557874852727273,0.016758222857142856,31,1,0.0,0.0,0.0,0.0,0.0,0.46768099,5.27499985
168.81974028000002,0.25196976161194035,0.016758222857142856,31,1,0.0,0.0,0.0,0.0,0.0,0.464358,4.67499995
168.81974028000002,0.2501033189333334,0.016758222857142856,31,1,0.0,0.0,0.0,0.0,0.0,0.46390101,4.39999985
168.81974028000002,0.2464521755912409,0.016758222857142856,31,1,0.0,0.0,0.0,0.0,0.0,0.45888001,3.8500000500000002
168.81974028000002,0.24466629026086958,0.016758222857142856,31,1,0.0,0.0,0.0,0.0,0.0,0.45751899,3.6000000500000002
168.81974028000002,0.24117105754285717,0.016758222857142856,31,1,0.0,0.0,0.0,0.0,0.0,0.45706999,3.1499999499999998
168.81974028000002,0.23777428208450707,0.016758222857142856,31,1,0.0,0.0,0.0,0.0,0.0,0.45506999,2.73
168.81974028000002,0.23447186150000002,0.016758222857142856,31,1,0.0,0.0,0.0,0.0,0.0,0.45358101,2.3549999
168.81974028000002,0.23285481417931037,0.016758222857142856,31,1,0.0,0.0,0.0,0.0,0.0,0.45251599,2.1800000500000003
168.81974028000002,0.22509298704000003,0.016758222857142856,31,1,0.0,0.0,0.0,0.0,0.0,0.448071,1.4500000499999999
168.81974028000002,0.22213123721052633,0.016758222857142856,31,1,0.0,0.0,0.0,0.0,0.0,0.447427,1.225
168.81974028000002,0.21924641594805197,0.016758222857142856,31,1,0.0,0.0,0.0,0.0,0.0,0.44521099,1.02
168.81974028000002,0.21102467535000002,0.016758222857142856,31,1,0.0,0.0,0.0,0.0,0.0,0.44354701,0.5850000049999999
168.81974028000002,0.1986114591529412,0.016758222857142856,31,1,0.0,0.0,0.0,0.0,0.0,0.44559601,0.219999995
168.81974028000002,0.33763948056000004,0.016758222857142856,31,-1,0.0,0.0,0.0,0.0,0.0,0.56553799,0.0949999995
168.81974028000002,0.3215614100571429,0.016758222857142856,31,-1,0.0,0.0,0.0,0.0,0.0,0.54499203,0.170000005
168.81974028000002,0.30694498232727274,0.016758222857142856,31,-1,0.0,0.0,0.0,0.0,0.0,0.52334797,0.290000005
168.81974028000002,0.2935995483130435,0.016758222857142856,31,-1,0.0,0.0,0.0,0.0,0.0,0.50490701,0.489999995
168.81974028000002,0.28136623380000003,0.016758222857142856,31,-1,0.0,0.0,0.0,0.0,0.0,0.49041501,0.814999995
168.81974028000002,0.276753672590164,0.016758222857142856,31,-1,0.0,0.0,0.0,0.0,0.0,0.48625699,0.99500001
168.81974028000002,0.27011158444800004,0.016758222857142856,31,-1,0.0,0.0,0.0,0.0,0.0,0.478266,1.31000005
168.81974028000002,0.2597226773538462,0.016758222857142856,31,-1,0.0,0.0,0.0,0.0,0.0,0.469776,2.035
168.81974028000002,0.2501033189333334,0.016758222857142856,31,-1,0.0,0.0,0.0,0.0,0.0,0.46319899,3.02
168.81974028000002,0.2464521755912409,0.016758222857142856,31,-1,0.0,0.0,0.0,0.0,0.0,0.45889199,3.475
168.81974028000002,0.24466629026086958,0.016758222857142856,31,-1,0.0,0.0,0.0,0.0,0.0,0.45756501,3.725
168.81974028000002,0.24117105754285717,0.016758222857142856,31,-1,0.0,0.0,0.0,0.0,0.0,0.454041,4.25
168.81974028000002,0.30694498232727274,0.017192596031746034,178,1,0.0,0.0,0.0,0.0,0.0,0.41717201,15.9499995
168.81974028000002,0.24117105754285717,0.017192596031746034,178,1,0.0,0.0,0.0,0.0,0.0,0.39175299,6.8499999
168.81974028000002,0.21102467535000002,0.017192596031746034,178,1,0.0,0.0,0.0,0.0,0.0,0.373368,3.2749999499999998
168.81974028000002,0.18757748920000003,0.017192596031746034,178,1,0.0,0.0,0.0,0.0,0.0,0.35902101,1.375
168.81974028000002,0.33763948056000004,0.017192596031746034,178,-1,0.0,0.0,0.0,0.0,0.0,0.43399301,1.37
168.81974028000002,0.28136623380000003,0.017192596031746034,178,-1,0.0,0.0,0.0,0.0,0.0,0.412047,3.875
168.81974028000002,0.2935995483130435,0.016673046593406595,360,1,0.0,0.0,0.0,0.0,0.0,0.410768,16.325
168.81974028000002,0.2597226773538462,0.016673046593406595,360,1,0.0,0.0,0.0,0.0,0.0,0.398904,12.075
168.81974028000002,0.24117105754285717,0.016673046593406595,360,1,0.0,0.0,0.0,0.0,0.0,0.39416301,9.7750001
168.81974028000002,0.22509298704000003,0.016673046593406595,360,1,0.0,0.0,0.0,0.0,0.0,0.38698101,7.77499985
168.81974028000002,0.21102467535000002,0.016673046593406595,360,1,0.0,0.0,0.0,0.0,0.0,0.37960699,6.07500005
168.81974028000002,0.18757748920000003,0.016673046593406595,360,1,0.0,0.0,0.0,0.0,0.0,0.367208,3.6000000500000002
168.81974028000002,0.3215614100571429,0.016673046593406595,360,-1,0.0,0.0,0.0,0.0,0.0,0.42223701,4.0250001
168.81974028000002,0.2935995483130435,0.016673046593406595,360,-1,0.0,0.0,0.0,0.0,0.0,0.41216299,5.70000005
168.81974028000002,0.28136623380000003,0.016673046593406595,360,-1,0.0,0.0,0.0,0.0,0.0,0.408472,6.70000005
168.81974028000002,0.2597226773538462,0.016673046593406595,360,-1,0.0,0.0,0.0,0.0,0.0,0.39910901,8.9250002
168.45162048,0.25915633920000003,0.016714724285714286,30,1,0.0,0.0,0.0,0.0,0.0,0.48355901,5.85000015
168.45162048,0.24955795626666666,0.016714724285714286,30,1,0.0,0.0,0.0,0.0,0.0,0.476087,4.35000015
168.45162048,0.24772297129411766,0.016714724285714286,30,1,0.0,0.0,0.0,0.0,0.0,0.476991,4.10000015
168.45162048,0.24591477442335766,0.016714724285714286,30,1,0.0,0.0,0.0,0.0,0.0,0.476504,3.8500000500000002
168.45162048,0.2406451721142857,0.016714724285714286,30,1,0.0,0.0,0.0,0.0,0.0,0.47025299,3.125
168.45162048,0.23893846876595745,0.016714724285714286,30,1,0.0,0.0,0.0,0.0,0.0,0.46824601,2.9050001
168.45162048,0.23725580349295775,0.016714724285714286,30,1,0.0,0.0,0.0,0.0,0.0,0.466203,2.69500005
168.45162048,0.23234706273103448,0.016714724285714286,30,1,0.0,0.0,0.0,0.0,0.0,0.46254301,2.1450001
168.45162048,0.22460216064,0.016714724285714286,30,1,0.0,0.0,0.0,0.0,0.0,0.45779401,1.42500005
168.45162048,0.19817837703529412,0.016714724285714286,30,1,0.0,0.0,0.0,0.0,0.0,0.456682,0.219999995
168.45162048,0.33690324096,0.016714724285714286,30,-1,0.0,0.0,0.0,0.0,0.0,0.585917,0.110000002
168.45162048,0.2855112211525424,0.016714724285714286,30,-1,0.0,0.0,0.0,0.0,0.0,0.50144798,0.674999985
168.45162048,0.2807527008,0.016714724285714286,30,-1,0.0,0.0,0.0,0.0,0.0,0.49482101,0.81999999
168.45162048,0.269522592768,0.016714724285714286,30,-1,0.0,0.0,0.0,0.0,0.0,0.48401099,1.32999995
168.45162048,0.25915633920000003,0.016714724285714286,30,-1,0.0,0.0,0.0,0.0,0.0,0.47453901,2.05999995
168.45162048,0.24955795626666666,0.016714724285714286,30,-1,0.0,0.0,0.0,0.0,0.0,0.46680501,3.04999995
168.45162048,0.2406451721142857,0.016714724285714286,30,-1,0.0,0.0,0.0,0.0,0.0,0.46126401,4.32500005
168.45162048,0.2929593399652174,0.01719374507936508,177,-1,0.0,0.0,0.0,0.0,0.0,0.419301,3.125
174.07158276,0.33156491954285716,0.016692569285714286,29,1,0.0,0.0,0.0,0.0,0.0,0.61640298,18.675
174.07158276,0.2901193046,0.016692569285714286,29,1,0.0,0.0,0.0,0.0,0.0,0.53282201,11.649999999999999
174.07158276,0.278514532416,0.016692569285714286,29,1,0.0,0.0,0.0,0.0,0.0,0.51676702,9.5250001
174.07158276,0.26780243501538464,0.016692569285714286,29,1,0.0,0.0,0.0,0.0,0.0,0.50356102,7.57500005
174.07158276,0.2578838263111111,0.016692569285714286,29,1,0.0,0.0,0.0,0.0,0.0,0.49367401,5.85000015
174.07158276,0.24867368965714287,0.016692569285714286,29,1,0.0,0.0,0.0,0.0,0.0,0.48238,4.35000015
174.07158276,0.24691004646808512,0.016692569285714286,29,1,0.0,0.0,0.0,0.0,0.0,0.482636,4.10000015
174.07158276,0.2451712433239437,0.016692569285714286,29,1,0.0,0.0,0.0,0.0,0.0,0.48159301,3.8500000500000002
174.07158276,0.24345675910489512,0.016692569285714286,29,1,0.0,0.0,0.0,0.0,0.0,0.47929299,3.6000000500000002
174.07158276,0.24176608716666667,0.016692569285714286,29,1,0.0,0.0,0.0,0.0,0.0,0.47571099,3.3500000500000002
174.07158276,0.24009873484137934,0.016692569285714286,29,1,0.0,0.0,0.0,0.0,0.0,0.47710899,3.1499999499999998
174.07158276,0.23845422295890412,0.016692569285714286,29,1,0.0,0.0,0.0,0.0,0.0,0.474727,2.9300000500000003
174.07158276,0.2352318685945946,0.016692569285714286,29,1,0.0,0.0,0.0,0.0,0.0,0.47188601,2.535
174.07158276,0.23209544368,0.016692569285714286,29,1,0.0,0.0,0.0,0.0,0.0,0.469172,2.1800001
174.07158276,0.22904155626315792,0.016692569285714286,29,1,0.0,0.0,0.0,0.0,0.0,0.46759099,1.87
174.07158276,0.22606699059740262,0.016692569285714286,29,1,0.0,0.0,0.0,0.0,0.0,0.46602899,1.59500005
174.07158276,0.224608493883871,0.016692569285714286,29,1,0.0,0.0,0.0,0.0,0.0,0.46454,1.4649999999999999
174.07158276,0.21758947845,0.016692569285714286,29,1,0.0,0.0,0.0,0.0,0.0,0.46316499,0.965000005
174.07158276,0.2047900973647059,0.016692569285714286,29,1,0.0,0.0,0.0,0.0,0.0,0.46434799,0.395
174.07158276,0.34814316552,0.016692569285714286,29,-1,0.0,0.0,0.0,0.0,0.0,0.606924,0.0750000005
174.07158276,0.33156491954285716,0.016692569285714286,29,-1,0.0,0.0,0.0,0.0,0.0,0.57125199,0.115
174.07158276,0.31649378683636364,0.016692569285714286,29,-1,0.0,0.0,0.0,0.0,0.0,0.552899,0.20500000000000002
174.07158276,0.30273318740869565,0.016692569285714286,29,-1,0.0,0.0,0.0,0.0,0.0,0.53801697,0.359999995
174.07158276,0.2901193046,0.016692569285714286,29,-1,0.0,0.0,0.0,0.0,0.0,0.52215099,0.59999999
174.07158276,0.278514532416,0.016692569285714286,29,-1,0.0,0.0,0.0,0.0,0.0,0.50823802,0.97
174.07158276,0.26780243501538464,0.016692569285714286,29,-1,0.0,0.0,0.0,0.0,0.0,0.49629599,1.5150000000000001
174.07158276,0.2578838263111111,0.016692569285714286,29,-1,0.0,0.0,0.0,0.0,0.0,0.48564801,2.275
174.07158276,0.2541190989197081,0.016692569285714286,29,-1,0.0,0.0,0.0,0.0,0.0,0.48214701,2.6500001
174.07158276,0.25227765617391307,0.016692569285714286,29,-1,0.0,0.0,0.0,0.0,0.0,0.480701,2.855
174.07158276,0.24867368965714287,0.016692569285714286,29,-1,0.0,0.0,0.0,0.0,0.0,0.47837299,3.29999995
174.07158276,0.24691004646808512,0.016692569285714286,29,-1,0.0,0.0,0.0,0.0,0.0,0.47552899,3.525
174.07158276,0.2451712433239437,0.016692569285714286,29,-1,0.0,0.0,0.0,0.0,0.0,0.47455299,3.775
174.07158276,0.24345675910489512,0.016692569285714286,29,-1,0.0,0.0,0.0,0.0,0.0,0.472298,4.0250001
174.07158276,0.24009873484137934,0.016692569285714286,29,-1,0.0,0.0,0.0,0.0,0.0,0.470121,4.57500005
174.07158276,0.23683208538775513,0.016692569285714286,29,-1,0.0,0.0,0.0,0.0,0.0,0.465902,5.14999985
174.07158276,0.23209544368,0.016692569285714286,29,-1,0.0,0.0,0.0,0.0,0.0,0.46109,6.10000015
174.07158276,0.21758947845,0.016692569285714286,29,-1,0.0,0.0,0.0,0.0,0.0,0.45879701,9.9250002
170.61125664,0.34122251328,0.016642117857142858,28,1,0.0,0.0,0.0,0.0,0.0,0.63168001,19.6999995
170.61125664,0.32497382217142856,0.016642117857142858,28,1,0.0,0.0,0.0,0.0,0.0,0.60243601,17.2750005
170.61125664,0.29671522893913044,0.016642117857142858,28,1,0.0,0.0,0.0,0.0,0.0,0.55786997,12.6
170.61125664,0.2843520944,0.016642117857142858,28,1,0.0,0.0,0.0,0.0,0.0,0.54347801,10.425
170.61125664,0.26247885636923074,0.016642117857142858,28,1,0.0,0.0,0.0,0.0,0.0,0.514256,6.54999995
170.61125664,0.25275741724444445,0.016642117857142858,28,1,0.0,0.0,0.0,0.0,0.0,0.50333202,4.95000005
170.61125664,0.24906752794160583,0.016642117857142858,28,1,0.0,0.0,0.0,0.0,0.0,0.50179899,4.39999985
170.61125664,0.24373036662857142,0.016642117857142858,28,1,0.0,0.0,0.0,0.0,0.0,0.49915299,3.6499999499999998
170.61125664,0.2420017824680851,0.016642117857142858,28,1,0.0,0.0,0.0,0.0,0.0,0.49562901,3.3999999499999998
170.61125664,0.24029754456338026,0.016642117857142858,28,1,0.0,0.0,0.0,0.0,0.0,0.49401301,3.1750000500000004
170.61125664,0.23696007866666666,0.016642117857142858,28,1,0.0,0.0,0.0,0.0,0.0,0.49141401,2.76
170.61125664,0.2353258712275862,0.016642117857142858,28,1,0.0,0.0,0.0,0.0,0.0,0.49046901,2.5699999499999997
170.61125664,0.23371405019178082,0.016642117857142858,28,1,0.0,0.0,0.0,0.0,0.0,0.48955399,2.3899999999999997
170.61125664,0.23055575221621621,0.016642117857142858,28,1,0.0,0.0,0.0,0.0,0.0,0.488049,2.05999995
170.61125664,0.22748167551999998,0.016642117857142858,28,1,0.0,0.0,0.0,0.0,0.0,0.486467,1.7650000000000001
170.61125664,0.22448849557894737,0.016642117857142858,28,1,0.0,0.0,0.0,0.0,0.0,0.48587501,1.51
170.61125664,0.2187323803076923,0.016642117857142858,28,1,0.0,0.0,0.0,0.0,0.0,0.48481899,1.09000005
170.61125664,0.21326407079999998,0.016642117857142858,28,1,0.0,0.0,0.0,0.0,0.0,0.48548901,0.78
170.61125664,0.20071912545882353,0.016642117857142858,28,1,0.0,0.0,0.0,0.0,0.0,0.49172199,0.329999995
170.61125664,0.34122251328,0.016642117857142858,28,-1,0.0,0.0,0.0,0.0,0.0,0.61599702,0.100000002
170.61125664,0.29671522893913044,0.016642117857142858,28,-1,0.0,0.0,0.0,0.0,0.0,0.54786003,0.47500001000000003
170.61125664,0.2751794461935484,0.016642117857142858,28,-1,0.0,0.0,0.0,0.0,0.0,0.52040398,1.13
170.61125664,0.272978010624,0.016642117857142858,28,-1,0.0,0.0,0.0,0.0,0.0,0.51852202,1.24
170.61125664,0.27081151847619045,0.016642117857142858,28,-1,0.0,0.0,0.0,0.0,0.0,0.51786703,1.365
170.61125664,0.26247885636923074,0.016642117857142858,28,-1,0.0,0.0,0.0,0.0,0.0,0.50909102,1.91499995
170.61125664,0.25275741724444445,0.016642117857142858,28,-1,0.0,0.0,0.0,0.0,0.0,0.50033098,2.8249999499999996
170.61125664,0.24373036662857142,0.016642117857142858,28,-1,0.0,0.0,0.0,0.0,0.0,0.49318901,4.0000001
170.61125664,0.2420017824680851,0.016642117857142858,28,-1,0.0,0.0,0.0,0.0,0.0,0.489687,4.25
163.59243912,0.23882107900729926,0.016598166785714286,32,1,0.0,0.0,0.0,0.0,0.0,0.52553302,3.375
163.59243912,0.21812325216,0.016598166785714286,32,1,0.0,0.0,0.0,0.0,0.0,0.50557399,1.32
163.59243912,0.25168067556923074,0.016598166785714286,32,-1,0.0,0.0,0.0,0.0,0.0,0.53326702,3.32500005
167.88717011999998,0.24872173351111107,0.016587966785714284,31,1,0.0,0.0,0.0,0.0,0.0,0.51698101,4.5999999
167.88717011999998,0.22384956015999996,0.016587966785714284,31,1,0.0,0.0,0.0,0.0,0.0,0.49836701,1.685
167.88717011999998,0.2209041712105263,0.016587966785714284,31,1,0.0,0.0,0.0,0.0,0.0,0.49742299,1.45
167.88717011999998,0.30524940021818175,0.016587966785714284,31,-1,0.0,0.0,0.0,0.0,0.0,0.57281798,0.44999999
167.88717011999998,0.2543745001818182,0.016587966785714284,31,-1,0.0,0.0,0.0,0.0,0.0,0.52196902,2.94500005
163.83785232000002,0.2391793464525548,0.016559847142857142,30,1,0.0,0.0,0.0,0.0,0.0,0.51068503,3.17499995
163.83785232000002,0.23744616278260874,0.016559847142857142,30,1,0.0,0.0,0.0,0.0,0.0,0.50573498,2.94000005
163.83785232000002,0.21557612147368424,0.016559847142857142,30,1,0.0,0.0,0.0,0.0,0.0,0.48927099,0.974999995
163.83785232000002,0.24453410794029853,0.016559847142857142,30,-1,0.0,0.0,0.0,0.0,0.0,0.509969,3.9750001500000005
164.32867871999997,0.27388113119999996,0.016598347857142856,29,1,0.0,0.0,0.0,0.0,0.0,0.48960599,8.0250001
164.32867871999997,0.21910490495999996,0.016598347857142856,29,1,0.0,0.0,0.0,0.0,0.0,0.48375499,1.09999995
164.32867871999997,0.20541084839999996,0.016598347857142856,29,1,0.0,0.0,0.0,0.0,0.0,0.458226,0.364999995
164.32867871999997,0.2987794158545454,0.016598347857142856,29,-1,0.0,0.0,0.0,0.0,0.0,0.55687797,0.474999995
164.32867871999997,0.24526668465671636,0.016598347857142856,29,-1,0.0,0.0,0.0,0.0,0.0,0.50398999,3.8000000500000004
164.32867871999997,0.24344989439999995,0.016598347857142856,29,-1,0.0,0.0,0.0,0.0,0.0,0.50140703,4.0500000499999995
160.745646,0.251165071875,0.016615400714285716,28,1,0.0,0.0,0.0,0.0,0.0,0.42242301,3.875
160.745646,0.24355400909090907,0.016615400714285716,28,1,0.0,0.0,0.0,0.0,0.0,0.42286101,2.865
160.745646,0.24172277593984962,0.016615400714285716,28,1,0.0,0.0,0.0,0.0,0.0,0.42300099,2.64499995
160.745646,0.23639065588235292,0.016615400714285716,28,1,0.0,0.0,0.0,0.0,0.0,0.42348099,2.06000005
160.745646,0.26790941,0.016615400714285716,28,-1,0.0,0.0,0.0,0.0,0.0,0.452887,1.10499995
160.745646,0.2454132,0.016615400714285716,28,-1,0.0,0.0,0.0,0.0,0.0,0.41940901,2.99500005
160.745646,0.24355400909090907,0.016615400714285716,28,-1,0.0,0.0,0.0,0.0,0.0,0.42135501,3.2750001
160.745646,0.22963663714285715,0.016615400714285716,28,-1,0.0,0.0,0.0,0.0,0.0,0.410326,5.7750001
165.01583567999998,0.24814411380451126,0.016695482857142854,32,1,0.0,0.0,0.0,0.0,0.0,0.41971701,3.7250000500000002
165.01583567999998,0.24267034658823528,0.016695482857142854,32,1,0.0,0.0,0.0,0.0,0.0,0.41726801,2.99000005
165.01583567999998,0.23743285709352516,0.016695482857142854,32,1,0.0,0.0,0.0,0.0,0.0,0.40769401,2.30499995
165.01583567999998,0.3000287921454545,0.016695482857142854,32,-1,0.0,0.0,0.0,0.0,0.0,0.480986,0.30499999
165.01583567999998,0.270517763409836,0.016695482857142854,32,-1,0.0,0.0,0.0,0.0,0.0,0.445389,1.11499995
165.01583567999998,0.25783724324999996,0.016695482857142854,32,-1,0.0,0.0,0.0,0.0,0.0,0.43038699,1.94
165.01583567999998,0.2519325735572519,0.016695482857142854,32,-1,0.0,0.0,0.0,0.0,0.0,0.424788,2.505
167.93625276,0.23990893251428572,0.016732907142857145,31,1,0.0,0.0,0.0,0.0,0.0,0.39838001,2.52
167.93625276,0.2433858735652174,0.016732907142857145,31,-1,0.0,0.0,0.0,0.0,0.0,0.39193699,3.375
167.93625276,0.23652993346478873,0.016732907142857145,31,-1,0.0,0.0,0.0,0.0,0.0,0.38636801,4.52499985
167.15093052,0.2513547827368421,0.01669823857142857,30,1,0.0,0.0,0.0,0.0,0.0,0.402834,4.0
167.15093052,0.2387870436,0.01669823857142857,30,1,0.0,0.0,0.0,0.0,0.0,0.391709,2.26
167.15093052,0.23215407016666667,0.01669823857142857,30,1,0.0,0.0,0.0,0.0,0.0,0.38685,1.55
167.15093052,0.2532589856363636,0.01669823857142857,30,-1,0.0,0.0,0.0,0.0,0.0,0.40497801,2.13999995
168.59886840000001,0.26761725142857146,0.016651697142857143,29,1,0.0,0.0,0.0,0.0,0.0,0.42289099,6.77499985
168.59886840000001,0.24434618608695655,0.016651697142857143,29,1,0.0,0.0,0.0,0.0,0.0,0.386655,2.85
168.59886840000001,0.24258829985611513,0.016651697142857143,29,1,0.0,0.0,0.0,0.0,0.0,0.38016099,2.57500005
168.59886840000001,0.23580261314685316,0.016651697142857143,29,1,0.0,0.0,0.0,0.0,0.0,0.37465701,1.7650000000000001
168.59886840000001,0.25545283090909093,0.016651697142857143,29,-1,0.0,0.0,0.0,0.0,0.0,0.39586699,1.83
168.59886840000001,0.24434618608695655,0.016651697142857143,29,-1,0.0,0.0,0.0,0.0,0.0,0.38561901,3.125
164.50046796,0.25114575261068706,0.016597098571428572,28,1,0.0,0.0,0.0,0.0,0.0,0.40714499,3.85
164.50046796,0.22381016048979593,0.016597098571428572,28,1,0.0,0.0,0.0,0.0,0.0,0.38174599,0.7999999799999999
164.50046796,0.25114575261068706,0.016597098571428572,28,-1,0.0,0.0,0.0,0.0,0.0,0.40428001,2.2250000500000002
164.50046796,0.2492431332727273,0.016597098571428572,28,-1,0.0,0.0,0.0,0.0,0.0,0.39947701,2.41499995
166.93005864,0.24548538035294118,0.016650322500000002,32,1,0.0,0.0,0.0,0.0,0.0,0.387301,3.125
166.93005864,0.23847151234285713,0.016650322500000002,32,1,0.0,0.0,0.0,0.0,0.0,0.37993199,2.21000005
169.13877744,0.26021350375384616,0.016744602142857144,31,1,0.0,0.0,0.0,0.0,0.0,0.410579,5.52499985
169.13877744,0.24873349623529414,0.016744602142857144,31,1,0.0,0.0,0.0,0.0,0.0,0.38913599,3.57500005
169.13877744,0.24162682491428572,0.016744602142857144,31,1,0.0,0.0,0.0,0.0,0.0,0.37487599,2.515
169.13877744,0.28189796240000004,0.016744602142857144,31,-1,0.0,0.0,0.0,0.0,0.0,0.426404,0.53
169.13877744,0.25627087490909095,0.016744602142857144,31,-1,0.0,0.0,0.0,0.0,0.0,0.39581501,1.855
169.13877744,0.24873349623529414,0.016744602142857144,31,-1,0.0,0.0,0.0,0.0,0.0,0.383113,2.60500005
169.13877744,0.246917923270073,0.016744602142857144,31,-1,0.0,0.0,0.0,0.0,0.0,0.382682,2.8450000500000003
172.6481862,0.246640266,0.016727833333333334,30,1,0.0,0.0,0.0,0.0,0.0,0.38002899,3.2749999499999998
172.6481862,0.24316645943661971,0.016727833333333334,30,-1,0.0,0.0,0.0,0.0,0.0,0.363428,3.2250000500000002
170.75850456,0.2627053916307692,0.01680412,29,-1,0.0,0.0,0.0,0.0,0.0,0.39814299,1.24
170.75850456,0.2587250069090909,0.01680412,29,-1,0.0,0.0,0.0,0.0,0.0,0.39271799,1.51499995
170.75850456,0.2439407208,0.01680412,29,-1,0.0,0.0,0.0,0.0,0.0,0.372253,3.1000000500000002
170.75850456,0.2307547358918919,0.01680412,29,-1,0.0,0.0,0.0,0.0,0.0,0.365753,5.625
169.948641,0.24278377285714287,0.016767423636363635,28,1,0.0,0.0,0.0,0.0,0.0,0.364039,2.48
169.948641,0.23603977916666669,0.016767423636363635,28,1,0.0,0.0,0.0,0.0,0.0,0.35649899,1.65
169.948641,0.27860432950819675,0.016767423636363635,28,-1,0.0,0.0,0.0,0.0,0.0,0.41176301,0.485
169.948641,0.2614594476923077,0.016767423636363635,28,-1,0.0,0.0,0.0,0.0,0.0,0.382581,1.18
169.948641,0.25749794090909095,0.016767423636363635,28,-1,0.0,0.0,0.0,0.0,0.0,0.38043699,1.48
169.948641,0.24810020583941608,0.016767423636363635,28,-1,0.0,0.0,0.0,0.0,0.0,0.363022,2.365
169.948641,0.2463023782608696,0.016767423636363635,28,-1,0.0,0.0,0.0,0.0,0.0,0.360594,2.59000005
169.948641,0.24453041870503597,0.016767423636363635,28,-1,0.0,0.0,0.0,0.0,0.0,0.35763699,2.82499995
167.64175692,0.2794029282,0.01668964785714286,31,1,0.0,0.0,0.0,0.0,0.0,0.43588901,9.0250001
167.64175692,0.25791039526153847,0.01668964785714286,31,1,0.0,0.0,0.0,0.0,0.0,0.40215799,5.10000015
167.64175692,0.2483581584,0.01668964785714286,31,1,0.0,0.0,0.0,0.0,0.0,0.38738799,3.525
167.64175692,0.2394882241714286,0.01668964785714286,31,1,0.0,0.0,0.0,0.0,0.0,0.37695301,2.2949999500000002
167.64175692,0.23123000954482759,0.01668964785714286,31,1,0.0,0.0,0.0,0.0,0.0,0.36961901,1.4049999999999998
167.64175692,0.22352234256,0.01668964785714286,31,1,0.0,0.0,0.0,0.0,0.0,0.36546999,0.814999995
167.64175692,0.21631194441290325,0.01668964785714286,31,1,0.0,0.0,0.0,0.0,0.0,0.36453801,0.45499999999999996
167.64175692,0.20955219615,0.01668964785714286,31,1,0.0,0.0,0.0,0.0,0.0,0.3651,0.24499999500000003
167.64175692,0.31931763222857146,0.01668964785714286,31,-1,0.0,0.0,0.0,0.0,0.0,0.50767499,0.13
167.64175692,0.30480319440000003,0.01668964785714286,31,-1,0.0,0.0,0.0,0.0,0.0,0.480441,0.219999995
167.64175692,0.29155088160000003,0.01668964785714286,31,-1,0.0,0.0,0.0,0.0,0.0,0.45482901,0.37000000499999997
167.64175692,0.2794029282,0.01668964785714286,31,-1,0.0,0.0,0.0,0.0,0.0,0.43308601,0.625
167.64175692,0.268226811072,0.01668964785714286,31,-1,0.0,0.0,0.0,0.0,0.0,0.41531101,1.04499995
167.64175692,0.25791039526153847,0.01668964785714286,31,-1,0.0,0.0,0.0,0.0,0.0,0.39834699,1.6800000499999999
167.64175692,0.2483581584,0.01668964785714286,31,-1,0.0,0.0,0.0,0.0,0.0,0.38546199,2.615
167.64175692,0.2394882241714286,0.01668964785714286,31,-1,0.0,0.0,0.0,0.0,0.0,0.377009,3.8999999499999998
167.64175692,0.23123000954482759,0.01668964785714286,31,-1,0.0,0.0,0.0,0.0,0.0,0.36810201,5.5
170.70942192,0.2845157032,0.016595747142857144,30,1,0.0,0.0,0.0,0.0,0.0,0.44289801,10.125
170.70942192,0.2626298798769231,0.016595747142857144,30,1,0.0,0.0,0.0,0.0,0.0,0.40146801,5.95000005
170.70942192,0.2529028472888889,0.016595747142857144,30,1,0.0,0.0,0.0,0.0,0.0,0.38682601,4.2249999
170.70942192,0.24387060274285716,0.016595747142857144,30,1,0.0,0.0,0.0,0.0,0.0,0.37746999,2.8399998999999996
170.70942192,0.23546127161379313,0.016595747142857144,30,1,0.0,0.0,0.0,0.0,0.0,0.36893699,1.7850000000000001
170.70942192,0.22761256256,0.016595747142857144,30,1,0.0,0.0,0.0,0.0,0.0,0.366339,1.07499995
170.70942192,0.22027022183225808,0.016595747142857144,30,1,0.0,0.0,0.0,0.0,0.0,0.36794701,0.6299999949999999
170.70942192,0.2133867774,0.016595747142857144,30,1,0.0,0.0,0.0,0.0,0.0,0.37123099,0.359999995
170.70942192,0.20083461402352942,0.016595747142857144,30,1,0.0,0.0,0.0,0.0,0.0,0.37920099,0.110000005
170.70942192,0.3251608036571429,0.016595747142857144,30,-1,0.0,0.0,0.0,0.0,0.0,0.53240597,0.115
170.70942192,0.31038076712727275,0.016595747142857144,30,-1,0.0,0.0,0.0,0.0,0.0,0.49802101,0.18
170.70942192,0.29688595116521743,0.016595747142857144,30,-1,0.0,0.0,0.0,0.0,0.0,0.46754599,0.290000005
170.70942192,0.2845157032,0.016595747142857144,30,-1,0.0,0.0,0.0,0.0,0.0,0.43916801,0.47
170.70942192,0.273135075072,0.016595747142857144,30,-1,0.0,0.0,0.0,0.0,0.0,0.41567701,0.775000005
170.70942192,0.2626298798769231,0.016595747142857144,30,-1,0.0,0.0,0.0,0.0,0.0,0.398637,1.2850000000000001
170.70942192,0.2529028472888889,0.016595747142857144,30,-1,0.0,0.0,0.0,0.0,0.0,0.38534099,2.06499995
170.70942192,0.24387060274285716,0.016595747142857144,30,-1,0.0,0.0,0.0,0.0,0.0,0.37554899,3.1750000500000004
170.70942192,0.22761256256,0.016595747142857144,30,-1,0.0,0.0,0.0,0.0,0.0,0.36187801,6.39999985
170.70942192,0.2133867774,0.016595747142857144,30,-1,0.0,0.0,0.0,0.0,0.0,0.35671699,10.675
169.48235592,0.2824705932,0.016471465,29,1,0.0,0.0,0.0,0.0,0.0,0.43629301,9.625
169.48235592,0.271171769472,0.016471465,29,1,0.0,0.0,0.0,0.0,0.0,0.42207101,7.5
169.48235592,0.26074208603076926,0.016471465,29,1,0.0,0.0,0.0,0.0,0.0,0.403687,5.54999995
169.48235592,0.25108497173333333,0.016471465,29,1,0.0,0.0,0.0,0.0,0.0,0.391727,3.8999999499999998
169.48235592,0.24211765131428573,0.016471465,29,1,0.0,0.0,0.0,0.0,0.0,0.38093299,2.5699999499999997
169.48235592,0.2337687667862069,0.016471465,29,1,0.0,0.0,0.0,0.0,0.0,0.37121901,1.57499995
169.48235592,0.22597647456,0.016471465,29,1,0.0,0.0,0.0,0.0,0.0,0.36401701,0.90000001
169.48235592,0.21868691086451614,0.016471465,29,1,0.0,0.0,0.0,0.0,0.0,0.35873201,0.480000005
169.48235592,0.2118529449,0.016471465,29,1,0.0,0.0,0.0,0.0,0.0,0.35838699,0.24999999
169.48235592,0.33896471184,0.016471465,29,-1,0.0,0.0,0.0,0.0,0.0,0.52754802,0.045000000000000005
169.48235592,0.30814973803636364,0.016471465,29,-1,0.0,0.0,0.0,0.0,0.0,0.479902,0.15500000000000003
169.48235592,0.2824705932,0.016471465,29,-1,0.0,0.0,0.0,0.0,0.0,0.43439901,0.48000000499999995
169.48235592,0.271171769472,0.016471465,29,-1,0.0,0.0,0.0,0.0,0.0,0.418318,0.84
169.48235592,0.26074208603076926,0.016471465,29,-1,0.0,0.0,0.0,0.0,0.0,0.40109199,1.3900000000000001
169.48235592,0.25108497173333333,0.016471465,29,-1,0.0,0.0,0.0,0.0,0.0,0.388367,2.23
169.48235592,0.24211765131428573,0.016471465,29,-1,0.0,0.0,0.0,0.0,0.0,0.377774,3.3999999499999998
169.48235592,0.2337687667862069,0.016471465,29,-1,0.0,0.0,0.0,0.0,0.0,0.36695901,4.89999985
164.37776136000002,0.16437776136,0.01642610214285714,28,1,0.0,0.0,0.0,0.0,0.0,0.58633697,0.0299999995
164.37776136000002,0.2739629356,0.01642610214285714,28,1,0.0,0.0,0.0,0.0,0.0,0.484642,8.0250001
164.37776136000002,0.263004418176,0.01642610214285714,28,1,0.0,0.0,0.0,0.0,0.0,0.459131,6.04999995
164.37776136000002,0.2528888636307693,0.01642610214285714,28,1,0.0,0.0,0.0,0.0,0.0,0.44141799,4.35000015
164.37776136000002,0.24352260942222226,0.01642610214285714,28,1,0.0,0.0,0.0,0.0,0.0,0.42551801,2.94500005
164.37776136000002,0.23482537337142861,0.01642610214285714,28,1,0.0,0.0,0.0,0.0,0.0,0.41197899,1.865
164.37776136000002,0.2267279467034483,0.01642610214285714,28,1,0.0,0.0,0.0,0.0,0.0,0.40333101,1.115
164.37776136000002,0.21917034848000003,0.01642610214285714,28,1,0.0,0.0,0.0,0.0,0.0,0.398615,0.6349999900000001
164.37776136000002,0.21210033723870972,0.01642610214285714,28,1,0.0,0.0,0.0,0.0,0.0,0.39744499,0.350000005
164.37776136000002,0.20547220170000002,0.01642610214285714,28,1,0.0,0.0,0.0,0.0,0.0,0.403595,0.19999999499999999
164.37776136000002,0.1826419570666667,0.01642610214285714,28,1,0.0,0.0,0.0,0.0,0.0,0.533867,0.10000000499999999
164.37776136000002,0.3460584449684211,0.01642610214285714,28,-1,0.0,0.0,0.0,0.0,0.0,0.58591002,0.0549999999
164.37776136000002,0.2988686570181819,0.01642610214285714,28,-1,0.0,0.0,0.0,0.0,0.0,0.52704102,0.355
164.37776136000002,0.28587436758260876,0.01642610214285714,28,-1,0.0,0.0,0.0,0.0,0.0,0.49971801,0.574999985
164.37776136000002,0.2739629356,0.01642610214285714,28,-1,0.0,0.0,0.0,0.0,0.0,0.47542799,0.925000015
164.37776136000002,0.263004418176,0.01642610214285714,28,-1,0.0,0.0,0.0,0.0,0.0,0.45373899,1.46
164.37776136000002,0.2528888636307693,0.01642610214285714,28,-1,0.0,0.0,0.0,0.0,0.0,0.436297,2.255
164.37776136000002,0.24352260942222226,0.01642610214285714,28,-1,0.0,0.0,0.0,0.0,0.0,0.42078599,3.3500000500000002
164.37776136000002,0.23482537337142861,0.01642610214285714,28,-1,0.0,0.0,0.0,0.0,0.0,0.404091,4.75
164.37776136000002,0.2267279467034483,0.01642610214285714,28,-1,0.0,0.0,0.0,0.0,0.0,0.39372101,6.5
155.98462992,0.24372598425,0.016314512142857143,32,1,0.0,0.0,0.0,0.0,0.0,0.47477001,3.4
155.98462992,0.23108834062222222,0.016314512142857143,32,1,0.0,0.0,0.0,0.0,0.0,0.43520901,1.7850000000000001
155.98462992,0.22443831643165468,0.016314512142857143,32,1,0.0,0.0,0.0,0.0,0.0,0.441064,1.295
155.98462992,0.21664531933333334,0.016314512142857143,32,1,0.0,0.0,0.0,0.0,0.0,0.424793,0.734999985
155.98462992,0.21515121368275864,0.016314512142857143,32,1,0.0,0.0,0.0,0.0,0.0,0.42926601,0.685000005
155.98462992,0.20257744145454545,0.016314512142857143,32,1,0.0,0.0,0.0,0.0,0.0,0.41725799,0.229999995
155.98462992,0.2599743832,0.016314512142857143,32,-1,0.0,0.0,0.0,0.0,0.0,0.48906201,2.03499995
155.98462992,0.24183663553488371,0.016314512142857143,32,-1,0.0,0.0,0.0,0.0,0.0,0.45730701,3.9
155.98462992,0.23281288047761195,0.016314512142857143,32,-1,0.0,0.0,0.0,0.0,0.0,0.43950599,5.32500005
146.09447796,0.2434907966,0.016189528571428573,31,1,0.0,0.0,0.0,0.0,0.0,0.51633298,3.3500000500000002
146.09447796,0.23949914419672133,0.016189528571428573,31,1,0.0,0.0,0.0,0.0,0.0,0.50939101,2.875
146.09447796,0.23563625477419356,0.016189528571428573,31,1,0.0,0.0,0.0,0.0,0.0,0.517389,2.545
146.09447796,0.22476073532307694,0.016189528571428573,31,1,0.0,0.0,0.0,0.0,0.0,0.44964299,1.220000015
146.09447796,0.21484482052941178,0.016189528571428573,31,1,0.0,0.0,0.0,0.0,0.0,0.488267,0.8500000249999999
146.09447796,0.20870639708571428,0.016189528571428573,31,1,0.0,0.0,0.0,0.0,0.0,0.430666,0.375000005
146.09447796,0.2029089971666667,0.016189528571428573,31,1,0.0,0.0,0.0,0.0,0.0,0.479785,0.364999995
146.09447796,0.26562632356363636,0.016189528571428573,31,-1,0.0,0.0,0.0,0.0,0.0,0.56584299,1.92
146.09447796,0.2434907966,0.016189528571428573,31,-1,0.0,0.0,0.0,0.0,0.0,0.517021,3.825
146.31534983999998,0.2379111379512195,0.016095623214285714,30,1,0.0,0.0,0.0,0.0,0.0,0.50341302,2.625
146.31534983999998,0.22168992399999998,0.016095623214285714,30,1,0.0,0.0,0.0,0.0,0.0,0.43490201,0.915
146.31534983999998,0.21676348124444442,0.016095623214285714,30,1,0.0,0.0,0.0,0.0,0.0,0.477305,0.860000015
146.31534983999998,0.21205123165217388,0.016095623214285714,30,1,0.0,0.0,0.0,0.0,0.0,0.47335699,0.625
146.31534983999998,0.29263069967999994,0.016095623214285714,30,-1,0.0,0.0,0.0,0.0,0.0,0.59044403,0.71000001
146.31534983999998,0.24385891639999996,0.016095623214285714,30,-1,0.0,0.0,0.0,0.0,0.0,0.49963501,3.6
135.39446244,0.2334387283448276,0.01591081142857143,29,1,0.0,0.0,0.0,0.0,0.0,0.60669398,2.63
135.39446244,0.22948213972881357,0.01591081142857143,29,1,0.0,0.0,0.0,0.0,0.0,0.58833802,2.1849999
135.39446244,0.22015359746341465,0.01591081142857143,29,1,0.0,0.0,0.0,0.0,0.0,0.54342002,1.27
135.39446244,0.2132196258897638,0.01591081142857143,29,1,0.0,0.0,0.0,0.0,0.0,0.46340799,0.5649999999
135.39446244,0.20514312490909092,0.01591081142857143,29,1,0.0,0.0,0.0,0.0,0.0,0.57723701,0.680000005
135.39446244,0.27078892488,0.01591081142857143,29,-1,0.0,0.0,0.0,0.0,0.0,0.635665,1.7000000000000002
136.35157392,0.2371331720347826,0.015251668571428572,28,1,0.0,0.0,0.0,0.0,0.0,0.64984298,2.84000005
136.35157392,0.22725262319999998,0.015251668571428572,28,1,0.0,0.0,0.0,0.0,0.0,0.65967,2.09
136.35157392,0.21992189341935484,0.015251668571428572,28,1,0.0,0.0,0.0,0.0,0.0,0.62481701,1.4100000000000001
136.35157392,0.21472688806299212,0.015251668571428572,28,1,0.0,0.0,0.0,0.0,0.0,0.64587897,1.2149999999999999
136.35157392,0.2065932938181818,0.015251668571428572,28,1,0.0,0.0,0.0,0.0,0.0,0.65153402,0.849999995
136.35157392,0.27270314784,0.015251668571428572,28,-1,0.0,0.0,0.0,0.0,0.0,0.79980803,2.625
136.35157392,0.25726712060377355,0.015251668571428572,28,-1,0.0,0.0,0.0,0.0,0.0,0.72669703,3.5
136.35157392,0.24791195258181817,0.015251668571428572,28,-1,0.0,0.0,0.0,0.0,0.0,0.69348502,4.32500005
136.35157392,0.21992189341935484,0.015251668571428572,28,-1,0.0,0.0,0.0,0.0,0.0,0.59076703,8.4749999
136.35157392,0.2035098118208955,0.015251668571428572,28,-1,0.0,0.0,0.0,0.0,0.0,0.52463698,12.575
136.35157392,0.20051702047058823,0.015251668571428572,28,-1,0.0,0.0,0.0,0.0,0.0,0.60848498,13.725000000000001
147.34608527999998,0.22668628504615382,0.01410582,32,1,0.0,0.0,0.0,0.0,0.0,0.499143,1.49000005
147.34608527999998,0.1733483356235294,0.01410582,32,1,0.0,0.0,0.0,0.0,0.0,0.53130001,0.0399999999
147.34608527999998,0.29469217055999997,0.01410582,32,-1,0.0,0.0,0.0,0.0,0.0,0.74795097,1.6099999999999999
147.34608527999998,0.2679019732363636,0.01410582,32,-1,0.0,0.0,0.0,0.0,0.0,0.72961801,3.2099998999999997
139.71373476,0.3104749661333333,0.013293409999999999,31,1,0.0,0.0,0.0,0.0,0.0,0.72658902,12.625
139.71373476,0.23882689702564103,0.013293409999999999,31,-1,0.0,0.0,0.0,0.0,0.0,0.57196599,4.92499995
145.13736648,0.24599553640677965,0.010749752857142856,30,1,0.0,0.0,0.0,0.0,0.0,0.53435802,3.6499998499999995
145.13736648,0.3225274810666667,0.010749752857142856,30,-1,0.0,0.0,0.0,0.0,0.0,0.91259903,1.084999995
145.13736648,0.2638861208727273,0.010749752857142856,30,-1,0.0,0.0,0.0,0.0,0.0,0.58050501,2.215
145.13736648,0.2568802946548672,0.010749752857142856,30,-1,0.0,0.0,0.0,0.0,0.0,0.56293499,2.72000005
145.13736648,0.232219786368,0.010749752857142856,30,-1,0.0,0.0,0.0,0.0,0.0,0.51851398,5.8249998
145.13736648,0.21990510072727273,0.010749752857142856,30,-1,0.0,0.0,0.0,0.0,0.0,0.49778301,8.34999995
141.62795772,0.18883727696000002,0.010433762857142856,29,1,0.0,0.0,0.0,0.0,0.0,0.52988702,0.1399999945
141.62795772,0.2575053776727273,0.010433762857142856,29,-1,0.0,0.0,0.0,0.0,0.0,0.626073,3.0050001
141.62795772,0.2484701012631579,0.010433762857142856,29,-1,0.0,0.0,0.0,0.0,0.0,0.59983599,3.82499995
141.62795772,0.24630949168695654,0.010433762857142856,29,-1,0.0,0.0,0.0,0.0,0.0,0.61214298,4.1750001
134.31464436,0.20986663181249998,0.010058848571428572,28,1,0.0,0.0,0.0,0.0,0.0,0.62726599,0.9749999500000001
134.31464436,0.19187806337142854,0.010058848571428572,28,1,0.0,0.0,0.0,0.0,0.0,0.63568801,0.375
116.3258568,0.387752856,0.008808412857142857,31,-1,0.0,0.0,0.0,0.0,0.0,1.68578,1.78
122.58389340000001,0.19457760857142858,0.009058515714285714,30,1,0.0,0.0,0.0,0.0,0.0,0.82370299,0.88
122.58389340000001,0.18859060523076923,0.009058515714285714,30,1,0.0,0.0,0.0,0.0,0.0,0.81017399,0.6399999500000001
122.58389340000001,0.17511984771428574,0.009058515714285714,30,1,0.0,0.0,0.0,0.0,0.0,1.0783319,1.025
95.98110252,0.2742317214857143,0.00736728375,28,-1,0.0,0.0,0.0,0.0,0.0,1.182328,3.18500015
95.98110252,0.2399527563,0.00736728375,28,-1,0.0,0.0,0.0,0.0,0.0,1.024207,5.1500001
81.64897164000001,0.27216323880000004,0.006210575142857143,32,1,0.0,0.0,0.0,0.0,0.0,1.249511,6.07500005
81.64897164000001,0.23328277611428574,0.006210575142857143,32,1,0.0,0.0,0.0,0.0,0.0,1.299817,4.04999995
81.64897164000001,0.21773059104000003,0.006210575142857143,32,1,0.0,0.0,0.0,0.0,0.0,1.0752079,2.395
81.64897164000001,0.20412242910000003,0.006210575142857143,32,1,0.0,0.0,0.0,0.0,0.0,1.015422,1.580000045
81.64897164000001,0.19211522738823533,0.006210575142857143,32,1,0.0,0.0,0.0,0.0,0.0,1.01041,1.125
81.64897164000001,0.18144215920000004,0.006210575142857143,32,1,0.0,0.0,0.0,0.0,0.0,1.017134,0.82
81.64897164000001,0.17189257187368423,0.006210575142857143,32,1,0.0,0.0,0.0,0.0,0.0,1.100885,0.77
81.64897164000001,0.16329794328000002,0.006210575142857143,32,1,0.0,0.0,0.0,0.0,0.0,1.171571,0.715000005
81.64897164000001,0.15552185074285718,0.006210575142857143,32,1,0.0,0.0,0.0,0.0,0.0,1.098843,0.41499999
81.64897164000001,0.14845267570909093,0.006210575142857143,32,1,0.0,0.0,0.0,0.0,0.0,1.087528,0.289999995
81.64897164000001,0.1419982115478261,0.006210575142857143,32,1,0.0,0.0,0.0,0.0,0.0,1.126637,0.25500001
81.64897164000001,0.13608161940000002,0.006210575142857143,32,1,0.0,0.0,0.0,0.0,0.0,1.162236,0.225
81.64897164000001,0.12096143946666668,0.006210575142857143,32,1,0.0,0.0,0.0,0.0,0.0,1.344869,0.239999995
81.64897164000001,0.11664138805714287,0.006210575142857143,32,1,0.0,0.0,0.0,0.0,0.0,1.3854721,0.23
81.64897164000001,0.10886529552000002,0.006210575142857143,32,1,0.0,0.0,0.0,0.0,0.0,1.344458,0.1249999949
81.64897164000001,0.36288431840000007,0.006210575142857143,32,-1,0.0,0.0,0.0,0.0,0.0,1.5275019,1.415000005
81.64897164000001,0.29690535141818186,0.006210575142857143,32,-1,0.0,0.0,0.0,0.0,0.0,1.4443361,2.955
81.64897164000001,0.27216323880000004,0.006210575142857143,32,-1,0.0,0.0,0.0,0.0,0.0,1.343769,3.7750001
81.64897164000001,0.2512276050461539,0.006210575142857143,32,-1,0.0,0.0,0.0,0.0,0.0,1.277676,4.875
81.64897164000001,0.23328277611428574,0.006210575142857143,32,-1,0.0,0.0,0.0,0.0,0.0,1.158424,5.95000005
81.64897164000001,0.21773059104000003,0.006210575142857143,32,-1,0.0,0.0,0.0,0.0,0.0,1.079296,7.375
81.64897164000001,0.20412242910000003,0.006210575142857143,32,-1,0.0,0.0,0.0,0.0,0.0,0.96631497,8.89999985
81.64897164000001,0.19211522738823533,0.006210575142857143,32,-1,0.0,0.0,0.0,0.0,0.0,0.92569101,10.875
83.56319459999999,0.27854398199999997,0.007541757714285715,31,1,0.0,0.0,0.0,0.0,0.0,1.50947,7.57500005
83.56319459999999,0.25711752184615383,0.007541757714285715,31,1,0.0,0.0,0.0,0.0,0.0,1.220216,5.2750001
83.56319459999999,0.23875198457142854,0.007541757714285715,31,1,0.0,0.0,0.0,0.0,0.0,1.183725,4.0500001
83.56319459999999,0.22283518559999996,0.007541757714285715,31,1,0.0,0.0,0.0,0.0,0.0,1.196004,3.21500005
83.56319459999999,0.20890798649999998,0.007541757714285715,31,1,0.0,0.0,0.0,0.0,0.0,1.145071,2.32000005
83.56319459999999,0.19661928141176468,0.007541757714285715,31,1,0.0,0.0,0.0,0.0,0.0,1.113155,1.665
83.56319459999999,0.18569598799999998,0.007541757714285715,31,1,0.0,0.0,0.0,0.0,0.0,1.105814,1.23
83.56319459999999,0.16712638919999998,0.007541757714285715,31,1,0.0,0.0,0.0,0.0,0.0,0.93229198,0.349999995
83.56319459999999,0.14532729495652172,0.007541757714285715,31,1,0.0,0.0,0.0,0.0,0.0,1.251164,0.48999998499999997
83.56319459999999,0.13370111135999999,0.007541757714285715,31,1,0.0,0.0,0.0,0.0,0.0,1.256622,0.30499998949999996
83.56319459999999,0.12855876092307691,0.007541757714285715,31,1,0.0,0.0,0.0,0.0,0.0,1.218055,0.1999999995
83.56319459999999,0.12379732533333332,0.007541757714285715,31,1,0.0,0.0,0.0,0.0,0.0,1.249157,0.180000005
83.56319459999999,0.11937599228571427,0.007541757714285715,31,1,0.0,0.0,0.0,0.0,0.0,1.316944,0.194999995
83.56319459999999,0.11141759279999998,0.007541757714285715,31,1,0.0,0.0,0.0,0.0,0.0,1.301542,0.115
83.56319459999999,0.27854398199999997,0.007541757714285715,31,-1,0.0,0.0,0.0,0.0,0.0,1.277011,3.115
83.56319459999999,0.25711752184615383,0.007541757714285715,31,-1,0.0,0.0,0.0,0.0,0.0,1.1554379,3.8999998499999995
83.56319459999999,0.22283518559999996,0.007541757714285715,31,-1,0.0,0.0,0.0,0.0,0.0,1.079985,6.6750002
71.63611308,0.2604949566545455,0.007875340571428571,30,1,0.0,0.0,0.0,0.0,0.0,1.433874,5.0999999
71.63611308,0.2387870436,0.007875340571428571,30,1,0.0,0.0,0.0,0.0,0.0,1.403316,3.94999995
71.63611308,0.22041880947692308,0.007875340571428571,30,1,0.0,0.0,0.0,0.0,0.0,1.329764,2.8599999
71.63611308,0.2046746088,0.007875340571428571,30,1,0.0,0.0,0.0,0.0,0.0,1.363412,2.3
71.63611308,0.19102963488,0.007875340571428571,30,1,0.0,0.0,0.0,0.0,0.0,1.307058,1.6150000500000001
71.63611308,0.1790902827,0.007875340571428571,30,1,0.0,0.0,0.0,0.0,0.0,1.578378,1.95000005
71.63611308,0.1685555601882353,0.007875340571428571,30,1,0.0,0.0,0.0,0.0,0.0,1.2604409,0.825
71.63611308,0.1591913624,0.007875340571428571,30,1,0.0,0.0,0.0,0.0,0.0,1.255929,0.605
71.63611308,0.1364497392,0.007875340571428571,30,1,0.0,0.0,0.0,0.0,0.0,1.512877,0.5800000005
71.63611308,0.12458454448695652,0.007875340571428571,30,1,0.0,0.0,0.0,0.0,0.0,1.5419379,0.41000001199999997
71.63611308,0.09551481744,0.007875340571428571,30,1,0.0,0.0,0.0,0.0,0.0,1.6638499,0.165000005
71.63611308,0.3581805654,0.007875340571428571,30,-1,0.0,0.0,0.0,0.0,0.0,1.4961981,1.1800000050000001
71.63611308,0.3183827248,0.007875340571428571,30,-1,0.0,0.0,0.0,0.0,0.0,1.669333,2.415
71.63611308,0.28654445232000003,0.007875340571428571,30,-1,0.0,0.0,0.0,0.0,0.0,1.52127,3.1099999
71.63611308,0.2604949566545455,0.007875340571428571,30,-1,0.0,0.0,0.0,0.0,0.0,1.49763,4.3249999
71.63611308,0.2387870436,0.007875340571428571,30,-1,0.0,0.0,0.0,0.0,0.0,1.1684639,4.7499999
71.63611308,0.22041880947692308,0.007875340571428571,30,-1,0.0,0.0,0.0,0.0,0.0,1.337675,6.97500015
71.63611308,0.2046746088,0.007875340571428571,30,-1,0.0,0.0,0.0,0.0,0.0,1.255178,8.5749999
71.63611308,0.1790902827,0.007875340571428571,30,-1,0.0,0.0,0.0,0.0,0.0,1.195647,12.575
71.63611308,0.1193935218,0.007875340571428571,30,-1,0.0,0.0,0.0,0.0,0.0,1.09168,31.6500005
71.63611308,0.2387870436,0.007645117857142858,93,1,0.0,0.0,0.0,0.0,0.0,1.0717829,5.5500002
71.63611308,0.2046746088,0.007645117857142858,93,1,0.0,0.0,0.0,0.0,0.0,1.0031,3.6250001000000003
71.63611308,0.19102963488,0.007645117857142858,93,1,0.0,0.0,0.0,0.0,0.0,0.96537501,2.8300000499999998
71.63611308,0.1591913624,0.007645117857142858,93,1,0.0,0.0,0.0,0.0,0.0,0.93846601,1.5
71.63611308,0.13024747832727274,0.007645117857142858,93,1,0.0,0.0,0.0,0.0,0.0,0.96945602,0.795
71.63611308,0.1193935218,0.007645117857142858,93,1,0.0,0.0,0.0,0.0,0.0,0.98536801,0.6000000050000001
71.63611308,0.09880843183448276,0.007645117857142858,93,1,0.0,0.0,0.0,0.0,0.0,0.95308602,0.215000005
71.63611308,0.09551481744,0.007645117857142858,93,1,0.0,0.0,0.0,0.0,0.0,1.1608731,0.545000005
71.63611308,0.28654445232000003,0.007645117857142858,93,-1,0.0,0.0,0.0,0.0,0.0,1.163649,4.54999995
71.63611308,0.2604949566545455,0.007645117857142858,93,-1,0.0,0.0,0.0,0.0,0.0,1.136647,5.79999995
71.63611308,0.2387870436,0.007645117857142858,93,-1,0.0,0.0,0.0,0.0,0.0,1.076463,7.0
71.63611308,0.22041880947692308,0.007645117857142858,93,-1,0.0,0.0,0.0,0.0,0.0,1.047123,8.5
71.63611308,0.2046746088,0.007645117857142858,93,-1,0.0,0.0,0.0,0.0,0.0,1.017506,10.1250001
76.91249687999999,0.2796818068363636,0.008888102051282052,29,1,0.0,0.0,0.0,0.0,0.0,1.47549,6.5
76.91249687999999,0.2563749896,0.008888102051282052,29,1,0.0,0.0,0.0,0.0,0.0,1.159431,4.225
76.91249687999999,0.23665383655384614,0.008888102051282052,29,1,0.0,0.0,0.0,0.0,0.0,1.276983,3.57500005
76.91249687999999,0.21974999108571427,0.008888102051282052,29,1,0.0,0.0,0.0,0.0,0.0,1.081521,2.1
76.91249687999999,0.20509999167999998,0.008888102051282052,29,1,0.0,0.0,0.0,0.0,0.0,1.197275,1.855
76.91249687999999,0.19228124219999998,0.008888102051282052,29,1,0.0,0.0,0.0,0.0,0.0,1.058486,1.005000005
76.91249687999999,0.18097058089411763,0.008888102051282052,29,1,0.0,0.0,0.0,0.0,0.0,1.054281,0.69
76.91249687999999,0.1709166597333333,0.008888102051282052,29,1,0.0,0.0,0.0,0.0,0.0,1.039241,0.450000002
76.91249687999999,0.16192104606315788,0.008888102051282052,29,1,0.0,0.0,0.0,0.0,0.0,1.0193,0.280000005
76.91249687999999,0.15382499375999997,0.008888102051282052,29,1,0.0,0.0,0.0,0.0,0.0,1.272256,0.52
76.91249687999999,0.14649999405714284,0.008888102051282052,29,1,0.0,0.0,0.0,0.0,0.0,1.229458,0.334999995
76.91249687999999,0.1398409034181818,0.008888102051282052,29,1,0.0,0.0,0.0,0.0,0.0,1.115045,0.144999995
76.91249687999999,0.1337608641391304,0.008888102051282052,29,1,0.0,0.0,0.0,0.0,0.0,1.401191,0.365
76.91249687999999,0.11832691827692307,0.008888102051282052,29,1,0.0,0.0,0.0,0.0,0.0,1.228568,0.0750000015
76.91249687999999,0.10987499554285714,0.008888102051282052,29,1,0.0,0.0,0.0,0.0,0.0,1.299937,0.0649999999
76.91249687999999,0.43949998217142855,0.008888102051282052,29,-1,0.0,0.0,0.0,0.0,0.0,2.1561501,1.35
76.91249687999999,0.38456248439999996,0.008888102051282052,29,-1,0.0,0.0,0.0,0.0,0.0,2.0935359,2.000000005
76.91249687999999,0.30764998751999995,0.008888102051282052,29,-1,0.0,0.0,0.0,0.0,0.0,1.369246,2.07000005
76.91249687999999,0.2796818068363636,0.008888102051282052,29,-1,0.0,0.0,0.0,0.0,0.0,1.4045939,3.245
76.91249687999999,0.2563749896,0.008888102051282052,29,-1,0.0,0.0,0.0,0.0,0.0,1.163779,3.75
76.91249687999999,0.23665383655384614,0.008888102051282052,29,-1,0.0,0.0,0.0,0.0,0.0,1.274931,5.625
76.91249687999999,0.2563749896,0.008987177142857142,92,1,0.0,0.0,0.0,0.0,0.0,1.0616831,6.85000015
76.91249687999999,0.23665383655384614,0.008987177142857142,92,1,0.0,0.0,0.0,0.0,0.0,1.015166,5.5999999
76.91249687999999,0.21974999108571427,0.008987177142857142,92,1,0.0,0.0,0.0,0.0,0.0,0.988509,4.5999999
76.91249687999999,0.15382499375999997,0.008987177142857142,92,1,0.0,0.0,0.0,0.0,0.0,0.95076501,1.51
76.91249687999999,0.1281874948,0.008987177142857142,92,1,0.0,0.0,0.0,0.0,0.0,0.89268899,0.58
76.91249687999999,0.10254999583999999,0.008987177142857142,92,1,0.0,0.0,0.0,0.0,0.0,0.917633,0.225000005
76.91249687999999,0.30764998751999995,0.008987177142857142,92,-1,0.0,0.0,0.0,0.0,0.0,1.260205,4.3499999
76.91249687999999,0.2796818068363636,0.008987177142857142,92,-1,0.0,0.0,0.0,0.0,0.0,1.026449,4.375
76.91249687999999,0.2563749896,0.008987177142857142,92,-1,0.0,0.0,0.0,0.0,0.0,1.019807,5.70000005
76.91249687999999,0.21974999108571427,0.008987177142857142,92,-1,0.0,0.0,0.0,0.0,0.0,0.95405298,8.4749999
76.91249687999999,0.1281874948,0.008987177142857142,92,-1,0.0,0.0,0.0,0.0,0.0,0.77235001,29.375
76.2007986,0.254002662,0.008539517692307692,28,1,0.0,0.0,0.0,0.0,0.0,1.37365,4.70000005
76.2007986,0.2344639956923077,0.008539517692307692,28,1,0.0,0.0,0.0,0.0,0.0,1.280053,3.38
76.2007986,0.21771656742857143,0.008539517692307692,28,1,0.0,0.0,0.0,0.0,0.0,1.001624,1.6949999999999998
76.2007986,0.2032021296,0.008539517692307692,28,1,0.0,0.0,0.0,0.0,0.0,0.99913597,1.145
76.2007986,0.1905019965,0.008539517692307692,28,1,0.0,0.0,0.0,0.0,0.0,0.97144502,0.7050000000000001
76.2007986,0.17929599670588234,0.008539517692307692,28,1,0.0,0.0,0.0,0.0,0.0,0.90487999,0.34999999989999997
76.2007986,0.16933510799999998,0.008539517692307692,28,1,0.0,0.0,0.0,0.0,0.0,0.95138502,0.27
76.2007986,0.16042273389473685,0.008539517692307692,28,1,0.0,0.0,0.0,0.0,0.0,1.09179,0.330000015
76.2007986,0.1524015972,0.008539517692307692,28,1,0.0,0.0,0.0,0.0,0.0,1.168492,0.315
76.2007986,0.132523128,0.008539517692307692,28,1,0.0,0.0,0.0,0.0,0.0,1.0740401,0.0649999999
76.2007986,0.112890072,0.008539517692307692,28,1,0.0,0.0,0.0,0.0,0.0,1.3947459,0.115
76.2007986,0.10885828371428571,0.008539517692307692,28,1,0.0,0.0,0.0,0.0,0.0,1.360247,0.0749999999
76.2007986,0.381003993,0.008539517692307692,28,-1,0.0,0.0,0.0,0.0,0.0,1.481482,0.8300000000000001
76.2007986,0.2770938130909091,0.008539517692307692,28,-1,0.0,0.0,0.0,0.0,0.0,1.24338,2.7600001
76.2007986,0.254002662,0.008539517692307692,28,-1,0.0,0.0,0.0,0.0,0.0,1.170181,3.80499995
76.2007986,0.2344639956923077,0.008539517692307692,28,-1,0.0,0.0,0.0,0.0,0.0,0.88268101,4.375
76.2007986,0.2032021296,0.008539517692307692,28,-1,0.0,0.0,0.0,0.0,0.0,0.87391198,8.17499995
76.2007986,0.254002662,0.007898578571428571,91,1,0.0,0.0,0.0,0.0,0.0,0.98755997,6.20000005
76.2007986,0.16933510799999998,0.007898578571428571,91,1,0.0,0.0,0.0,0.0,0.0,0.76249897,1.1350000100000002
76.2007986,0.1524015972,0.007898578571428571,91,1,0.0,0.0,0.0,0.0,0.0,0.74741101,0.6349999900000001
76.2007986,0.127001331,0.007898578571428571,91,1,0.0,0.0,0.0,0.0,0.0,0.805206,0.32999999999999996
76.2007986,0.112890072,0.007898578571428571,91,1,0.0,0.0,0.0,0.0,0.0,0.77446097,0.129999995
76.2007986,0.254002662,0.007898578571428571,91,-1,0.0,0.0,0.0,0.0,0.0,0.89462399,5.0500002
76.2007986,0.2344639956923077,0.007898578571428571,91,-1,0.0,0.0,0.0,0.0,0.0,0.77721798,5.8499999
76.2007986,0.16933510799999998,0.007898578571428571,91,-1,0.0,0.0,0.0,0.0,0.0,0.78188902,15.5999995
99.31872204,0.28376777725714286,0.008499203846153847,31,-1,0.0,0.0,0.0,0.0,0.0,0.83435202,1.6800000050000001
102.16551516000001,0.34055171720000005,0.00855053153846154,30,1,0.0,0.0,0.0,0.0,0.0,1.274485,12.6
102.16551516000001,0.2106505467216495,0.00855053153846154,30,1,0.0,0.0,0.0,0.0,0.0,1.140632,2.86000011
102.16551516000001,0.2919014718857143,0.00855053153846154,30,-1,0.0,0.0,0.0,0.0,0.0,1.0205719,2.005
108.69350628,0.27870129815384614,0.008477265384615384,29,-1,0.0,0.0,0.0,0.0,0.0,0.93252301,2.385
106.77928331999999,0.21355856663999997,0.008820185897435898,32,1,0.0,0.0,0.0,0.0,0.0,0.83582997,1.7449999649999999
102.14097383999999,0.22448565679120877,0.008352168461538462,31,1,0.0,0.0,0.0,0.0,0.0,0.71461099,1.8249999950000002
102.14097383999999,0.20428194767999996,0.008352168461538462,31,1,0.0,0.0,0.0,0.0,0.0,0.71165502,0.875
94.90128444,0.18980256888,0.008211636923076922,30,1,0.0,0.0,0.0,0.0,0.0,1.3735321,2.34000005
94.99338426999999,0.24357278017948716,0.009380232608695652,28,-1,0.0,0.0,0.0,0.0,0.0,0.69095701,3.3400001500000003
106.55368881999999,0.23944649173033705,0.008828612727272728,31,-1,0.0,0.0,0.0,0.0,0.0,0.58770698,3.93499995
106.55368881999999,0.2291477178924731,0.008828612727272728,31,-1,0.0,0.0,0.0,0.0,0.0,0.66735202,5.64999985
112.71918458,0.2561799649545455,0.008401020000000002,30,1,0.0,0.0,0.0,0.0,0.0,0.85351199,4.97500015
112.71918458,0.24504170560869565,0.008401020000000002,30,1,0.0,0.0,0.0,0.0,0.0,0.704243,3.2849999
112.71918458,0.2424068485591398,0.008401020000000002,30,1,0.0,0.0,0.0,0.0,0.0,0.69128603,3.00999995
108.79116712,0.27197791779999997,0.008413833333333334,32,1,0.0,0.0,0.0,0.0,0.0,0.83270699,6.27499985
108.79116712,0.25597921675294116,0.008413833333333334,32,1,0.0,0.0,0.0,0.0,0.0,0.80144203,4.75
108.79116712,0.24175814915555555,0.008413833333333334,32,1,0.0,0.0,0.0,0.0,0.0,0.76971,3.4499999499999996
108.79116712,0.22903403604210526,0.008413833333333334,32,1,0.0,0.0,0.0,0.0,0.0,0.73575401,2.375
108.79116712,0.21758233424,0.008413833333333334,32,1,0.0,0.0,0.0,0.0,0.0,0.70725203,1.56
108.79116712,0.19780212203636363,0.008413833333333334,32,1,0.0,0.0,0.0,0.0,0.0,0.66364002,0.58500001
108.79116712,0.39560424407272726,0.008413833333333334,32,-1,0.0,0.0,0.0,0.0,0.0,1.005731,0.2599999945
108.79116712,0.36263722373333335,0.008413833333333334,32,-1,0.0,0.0,0.0,0.0,0.0,0.93904901,0.39999999199999997
108.79116712,0.27197791779999997,0.008413833333333334,32,-1,0.0,0.0,0.0,0.0,0.0,0.83459997,2.495
108.79116712,0.25597921675294116,0.008413833333333334,32,-1,0.0,0.0,0.0,0.0,0.0,0.79946399,3.4499999499999996
108.79116712,0.24175814915555555,0.008413833333333334,32,-1,0.0,0.0,0.0,0.0,0.0,0.76801801,4.6500001
108.79116712,0.25597921675294116,0.005961459999999999,186,1,0.0,0.0,0.0,0.0,0.0,0.66173398,8.32500005
108.79116712,0.24175814915555555,0.005961459999999999,186,1,0.0,0.0,0.0,0.0,0.0,0.59763002,6.5500002
108.79116712,0.22903403604210526,0.005961459999999999,186,1,0.0,0.0,0.0,0.0,0.0,0.591712,5.5749998
108.79116712,0.15541595302857142,0.005961459999999999,186,1,0.0,0.0,0.0,0.0,0.0,0.53185898,0.96999999
108.79116712,0.2901097789866667,0.005961459999999999,186,-1,0.0,0.0,0.0,0.0,0.0,0.65956903,5.0999999
108.79116712,0.27197791779999997,0.005961459999999999,186,-1,0.0,0.0,0.0,0.0,0.0,0.63782001,6.125
108.79116712,0.25597921675294116,0.005961459999999999,186,-1,0.0,0.0,0.0,0.0,0.0,0.62361097,7.35000015
108.79116712,0.22903403604210526,0.005961459999999999,186,-1,0.0,0.0,0.0,0.0,0.0,0.584925,10.024999900000001
111.30211499,0.278255287475,0.0081298675,31,1,0.0,0.0,0.0,0.0,0.0,0.723535,6.42499995
111.30211499,0.26188732938823533,0.0081298675,31,1,0.0,0.0,0.0,0.0,0.0,0.77996898,5.1750002
111.30211499,0.24733803331111112,0.0081298675,31,1,0.0,0.0,0.0,0.0,0.0,0.73875099,3.7250000500000002
111.30211499,0.23432024208421054,0.0081298675,31,1,0.0,0.0,0.0,0.0,0.0,0.71034402,2.5850000499999997
111.30211499,0.22260422998,0.0081298675,31,1,0.0,0.0,0.0,0.0,0.0,0.67809999,1.675
111.30211499,0.21200402855238096,0.0081298675,31,1,0.0,0.0,0.0,0.0,0.0,0.612248,0.875000005
111.30211499,0.2023674818,0.0081298675,31,1,0.0,0.0,0.0,0.0,0.0,0.644319,0.639999985
111.30211499,0.3180060428285714,0.0081298675,31,-1,0.0,0.0,0.0,0.0,0.0,0.91785699,1.02000001
111.30211499,0.29680563997333337,0.0081298675,31,-1,0.0,0.0,0.0,0.0,0.0,0.86669701,1.47
111.30211499,0.278255287475,0.0081298675,31,-1,0.0,0.0,0.0,0.0,0.0,0.81748402,2.07500005
111.30211499,0.26188732938823533,0.0081298675,31,-1,0.0,0.0,0.0,0.0,0.0,0.78319597,2.93499995
111.30211499,0.24733803331111112,0.0081298675,31,-1,0.0,0.0,0.0,0.0,0.0,0.74011302,3.9749999000000003
111.30211499,0.23432024208421054,0.005229358571428572,185,1,0.0,0.0,0.0,0.0,0.0,0.57264698,5.875
111.30211499,0.2023674818,0.005229358571428572,185,1,0.0,0.0,0.0,0.0,0.0,0.53082198,3.21
111.30211499,0.18550352498333333,0.005229358571428572,185,1,0.0,0.0,0.0,0.0,0.0,0.53746998,2.3300000499999998
111.30211499,0.16489202220740742,0.005229358571428572,185,1,0.0,0.0,0.0,0.0,0.0,0.461209,0.814999995
111.30211499,0.278255287475,0.005229358571428572,185,-1,0.0,0.0,0.0,0.0,0.0,0.61958998,5.5250001
111.30211499,0.23432024208421054,0.005229358571428572,185,-1,0.0,0.0,0.0,0.0,0.0,0.54416698,8.9500001
106.03161055,0.24948614247058823,0.007609390000000001,30,1,0.0,0.0,0.0,0.0,0.0,0.79044098,3.92499995
106.03161055,0.2356258012222222,0.007609390000000001,30,1,0.0,0.0,0.0,0.0,0.0,0.75209898,2.7099999
106.03161055,0.2120632211,0.007609390000000001,30,1,0.0,0.0,0.0,0.0,0.0,0.69604099,1.11500005
106.03161055,0.20196497247619047,0.007609390000000001,30,1,0.0,0.0,0.0,0.0,0.0,0.68725097,0.7000000150000001
106.03161055,0.3534387018333333,0.007609390000000001,30,-1,0.0,0.0,0.0,0.0,0.0,1.0190279,0.57499999
106.03161055,0.3029474587142857,0.007609390000000001,30,-1,0.0,0.0,0.0,0.0,0.0,0.90573901,1.28000005
106.03161055,0.2827509614666667,0.007609390000000001,30,-1,0.0,0.0,0.0,0.0,0.0,0.85845399,1.86500005
106.03161055,0.26507902637499997,0.007609390000000001,30,-1,0.0,0.0,0.0,0.0,0.0,0.814197,2.65
106.03161055,0.24948614247058823,0.007609390000000001,30,-1,0.0,0.0,0.0,0.0,0.0,0.778804,3.6999999499999996
106.03161055,0.2356258012222222,0.007609390000000001,30,-1,0.0,0.0,0.0,0.0,0.0,0.74376398,5.0
106.03161055,0.26507902637499997,0.006145117142857144,93,1,0.0,0.0,0.0,0.0,0.0,0.68900198,7.0250001
106.03161055,0.24948614247058823,0.006145117142857144,93,1,0.0,0.0,0.0,0.0,0.0,0.67116499,5.70000005
106.03161055,0.2356258012222222,0.006145117142857144,93,1,0.0,0.0,0.0,0.0,0.0,0.64941502,4.5
106.03161055,0.2120632211,0.006145117142857144,93,1,0.0,0.0,0.0,0.0,0.0,0.60917199,2.63
106.03161055,0.19278474645454544,0.006145117142857144,93,1,0.0,0.0,0.0,0.0,0.0,0.58345801,1.45500005
106.03161055,0.17671935091666666,0.006145117142857144,93,1,0.0,0.0,0.0,0.0,0.0,0.57364601,0.805000005
106.03161055,0.1631255546923077,0.006145117142857144,93,1,0.0,0.0,0.0,0.0,0.0,0.562186,0.42000000000000004
106.03161055,0.15708386748148148,0.006145117142857144,93,1,0.0,0.0,0.0,0.0,0.0,0.57194,0.339999995
106.03161055,0.15147372935714284,0.006145117142857144,93,1,0.0,0.0,0.0,0.0,0.0,0.55451798,0.215000005
106.03161055,0.26507902637499997,0.006145117142857144,93,-1,0.0,0.0,0.0,0.0,0.0,0.68223202,4.57500005
106.03161055,0.24948614247058823,0.006145117142857144,93,-1,0.0,0.0,0.0,0.0,0.0,0.65805799,5.72500015
106.03161055,0.2356258012222222,0.004835562285714285,184,1,0.0,0.0,0.0,0.0,0.0,0.60617101,6.04999995
106.03161055,0.17671935091666666,0.004835562285714285,184,1,0.0,0.0,0.0,0.0,0.0,0.54238302,1.83
106.03161055,0.15147372935714284,0.004835562285714285,184,1,0.0,0.0,0.0,0.0,0.0,0.52649599,0.784999995
106.03161055,0.3534387018333333,0.004835562285714285,184,-1,0.0,0.0,0.0,0.0,0.0,0.70069599,2.62000005
106.03161055,0.24948614247058823,0.004835562285714285,184,-1,0.0,0.0,0.0,0.0,0.0,0.59385997,7.4000001
106.03161055,0.2356258012222222,0.004835562285714285,184,-1,0.0,0.0,0.0,0.0,0.0,0.58018303,8.7999997
102.12845395999999,0.2917955827428571,0.007055300869565217,29,1,0.0,0.0,0.0,0.0,0.0,1.012292,8.0250001
102.12845395999999,0.25532113489999997,0.007055300869565217,29,1,0.0,0.0,0.0,0.0,0.0,0.82984102,4.3499999
102.12845395999999,0.24030224461176466,0.007055300869565217,29,1,0.0,0.0,0.0,0.0,0.0,0.79494601,3.07000005
102.12845395999999,0.22695211991111108,0.007055300869565217,29,1,0.0,0.0,0.0,0.0,0.0,0.761177,2.04999995
102.12845395999999,0.2150072714947368,0.007055300869565217,29,1,0.0,0.0,0.0,0.0,0.0,0.74087399,1.33
102.12845395999999,0.20425690791999998,0.007055300869565217,29,1,0.0,0.0,0.0,0.0,0.0,0.71045297,0.784999995
102.12845395999999,0.19453038849523807,0.007055300869565217,29,1,0.0,0.0,0.0,0.0,0.0,0.68466598,0.435
102.12845395999999,0.40851381583999996,0.007055300869565217,29,-1,0.0,0.0,0.0,0.0,0.0,1.1600159,0.2899999895
102.12845395999999,0.3713761962181818,0.007055300869565217,29,-1,0.0,0.0,0.0,0.0,0.0,1.06868,0.42499999
102.12845395999999,0.31424139679999996,0.007055300869565217,29,-1,0.0,0.0,0.0,0.0,0.0,0.93580198,0.9800000050000001
102.12845395999999,0.2917955827428571,0.007055300869565217,29,-1,0.0,0.0,0.0,0.0,0.0,0.90754402,1.5550000000000002
102.12845395999999,0.2723425438933333,0.007055300869565217,29,-1,0.0,0.0,0.0,0.0,0.0,0.86092401,2.26
102.12845395999999,0.25532113489999997,0.007055300869565217,29,-1,0.0,0.0,0.0,0.0,0.0,0.81906199,3.1999999499999996
102.12845395999999,0.24030224461176466,0.007055300869565217,29,-1,0.0,0.0,0.0,0.0,0.0,0.78572202,4.4250002
102.12845395999999,0.22695211991111108,0.00622035,92,1,0.0,0.0,0.0,0.0,0.0,0.66340899,3.7749999499999998
102.12845395999999,0.2150072714947368,0.00622035,92,1,0.0,0.0,0.0,0.0,0.0,0.64709902,2.9100001000000004
102.12845395999999,0.20425690791999998,0.00622035,92,1,0.0,0.0,0.0,0.0,0.0,0.62299299,2.13500005
102.12845395999999,0.19453038849523807,0.00622035,92,1,0.0,0.0,0.0,0.0,0.0,0.62259102,1.6649999949999998
102.12845395999999,0.1856880981090909,0.00622035,92,1,0.0,0.0,0.0,0.0,0.0,0.63287097,1.35500001
102.12845395999999,0.17761470253913042,0.00622035,92,1,0.0,0.0,0.0,0.0,0.0,0.63277799,1.0550000000000002
102.12845395999999,0.1702140899333333,0.00622035,92,1,0.0,0.0,0.0,0.0,0.0,0.59275597,0.64500001
102.12845395999999,0.15712069839999998,0.00622035,92,1,0.0,0.0,0.0,0.0,0.0,0.59933102,0.385000005
102.12845395999999,0.14589779137142855,0.00622035,92,1,0.0,0.0,0.0,0.0,0.0,0.63767201,0.30500001
102.12845395999999,0.24030224461176466,0.00622035,92,-1,0.0,0.0,0.0,0.0,0.0,0.62919199,6.2750001
102.12845395999999,0.22695211991111108,0.00622035,92,-1,0.0,0.0,0.0,0.0,0.0,0.66494602,8.200000300000001
102.12845395999999,0.1702140899333333,0.004984108857142857,183,1,0.0,0.0,0.0,0.0,0.0,0.57291001,1.7
102.12845395999999,0.14589779137142855,0.004984108857142857,183,1,0.0,0.0,0.0,0.0,0.0,0.56454402,0.795000055
102.12845395999999,0.12766056744999998,0.004984108857142857,183,1,0.0,0.0,0.0,0.0,0.0,0.59833002,0.519999995
102.12845395999999,0.3404281798666666,0.004984108857142857,183,-1,0.0,0.0,0.0,0.0,0.0,0.715105,3.0450001
102.12845395999999,0.2723425438933333,0.004984108857142857,183,-1,0.0,0.0,0.0,0.0,0.0,0.622563,5.54999995
102.12845395999999,0.25532113489999997,0.004984108857142857,183,-1,0.0,0.0,0.0,0.0,0.0,0.63925999,7.125
102.12845395999999,0.24030224461176466,0.004984108857142857,183,-1,0.0,0.0,0.0,0.0,0.0,0.61639702,8.4000001
102.12845395999999,0.22695211991111108,0.004984108857142857,183,-1,0.0,0.0,0.0,0.0,0.0,0.618348,10.0749998
105.21120184,0.3006034338285714,0.006385204782608695,28,1,0.0,0.0,0.0,0.0,0.0,0.98578501,8.7999997
105.21120184,0.2805632049066667,0.006385204782608695,28,1,0.0,0.0,0.0,0.0,0.0,0.79560202,6.39999985
105.21120184,0.2630280046,0.006385204782608695,28,1,0.0,0.0,0.0,0.0,0.0,0.80293697,4.9000001
105.21120184,0.2475557690352941,0.006385204782608695,28,1,0.0,0.0,0.0,0.0,0.0,0.76560998,3.4749999
105.21120184,0.23380267075555555,0.006385204782608695,28,1,0.0,0.0,0.0,0.0,0.0,0.73600799,2.35000005
105.21120184,0.22149726703157896,0.006385204782608695,28,1,0.0,0.0,0.0,0.0,0.0,0.69680399,1.45
105.21120184,0.21042240368,0.006385204782608695,28,1,0.0,0.0,0.0,0.0,0.0,0.66988701,0.849999995
105.21120184,0.19129309425454546,0.006385204782608695,28,1,0.0,0.0,0.0,0.0,0.0,0.656636,0.28999999
105.21120184,0.16186338744615386,0.006385204782608695,28,1,0.0,0.0,0.0,0.0,0.0,0.85086,0.165000005
105.21120184,0.42084480736,0.006385204782608695,28,-1,0.0,0.0,0.0,0.0,0.0,1.25642,0.32000001
105.21120184,0.38258618850909093,0.006385204782608695,28,-1,0.0,0.0,0.0,0.0,0.0,1.198982,0.51499999
105.21120184,0.3006034338285714,0.006385204782608695,28,-1,0.0,0.0,0.0,0.0,0.0,0.888017,1.195
105.21120184,0.2805632049066667,0.006385204782608695,28,-1,0.0,0.0,0.0,0.0,0.0,0.84423298,1.795
105.21120184,0.2630280046,0.006385204782608695,28,-1,0.0,0.0,0.0,0.0,0.0,0.80284202,2.61
105.21120184,0.2475557690352941,0.006385204782608695,28,-1,0.0,0.0,0.0,0.0,0.0,0.763439,3.675
105.21120184,0.22149726703157896,0.0059630311428571425,91,1,0.0,0.0,0.0,0.0,0.0,0.64013201,3.2749998499999995
105.21120184,0.17535200306666668,0.0059630311428571425,91,1,0.0,0.0,0.0,0.0,0.0,0.58758301,0.754999995
105.21120184,0.1503017169142857,0.0059630311428571425,91,1,0.0,0.0,0.0,0.0,0.0,0.59278703,0.254999995
105.21120184,0.14028160245333335,0.0059630311428571425,91,1,0.0,0.0,0.0,0.0,0.0,0.60578501,0.165
105.21120184,0.11690133537777778,0.0059630311428571425,91,1,0.0,0.0,0.0,0.0,0.0,0.63908798,0.05
105.21120184,0.2475557690352941,0.004798512857142857,182,1,0.0,0.0,0.0,0.0,0.0,0.61809403,6.9250002
105.21120184,0.22149726703157896,0.004798512857142857,182,1,0.0,0.0,0.0,0.0,0.0,0.61132503,5.0749999500000005
105.21120184,0.21042240368,0.004798512857142857,182,1,0.0,0.0,0.0,0.0,0.0,0.64518601,4.7500001
105.21120184,0.2805632049066667,0.004798512857142857,182,-1,0.0,0.0,0.0,0.0,0.0,0.65173101,5.375
105.21120184,0.2630280046,0.004798512857142857,182,-1,0.0,0.0,0.0,0.0,0.0,0.651097,6.6999998
105.21120184,0.2475557690352941,0.004798512857142857,182,-1,0.0,0.0,0.0,0.0,0.0,0.58234698,7.37500025
105.21120184,0.22149726703157896,0.004798512857142857,182,-1,0.0,0.0,0.0,0.0,0.0,0.59929001,10.8500002
105.21120184,0.21042240368,0.004798512857142857,182,-1,0.0,0.0,0.0,0.0,0.0,0.58533502,12.5
98.32474084999998,0.23981644109756092,0.006393125714285714,32,1,0.0,0.0,0.0,0.0,0.0,0.73899299,2.84000005
98.32474084999998,0.22095447382022468,0.006393125714285714,32,1,0.0,0.0,0.0,0.0,0.0,0.821311,2.06500005
98.32474084999998,0.21849942411111106,0.006393125714285714,32,1,0.0,0.0,0.0,0.0,0.0,0.75487101,1.650000045
98.32474084999998,0.17877225609090905,0.006393125714285714,32,-1,0.0,0.0,0.0,0.0,0.0,0.79309398,15.825
98.32474084999998,0.24581185212499995,0.005038771428571429,179,1,0.0,0.0,0.0,0.0,0.0,0.69455802,7.0999999
98.32474084999998,0.23135233141176467,0.005038771428571429,179,1,0.0,0.0,0.0,0.0,0.0,0.64332801,5.625
98.32474084999998,0.19664948169999996,0.005038771428571429,179,1,0.0,0.0,0.0,0.0,0.0,0.66455603,3.7750001
98.32474084999998,0.1638745680833333,0.005038771428571429,179,1,0.0,0.0,0.0,0.0,0.0,0.59705001,1.54
98.32474084999998,0.14046391549999998,0.005038771428571429,179,1,0.0,0.0,0.0,0.0,0.0,0.56908602,0.6299999949999999
98.32474084999998,0.3277491361666666,0.005038771428571429,179,-1,0.0,0.0,0.0,0.0,0.0,0.69489402,3.12
98.32474084999998,0.24581185212499995,0.005038771428571429,179,-1,0.0,0.0,0.0,0.0,0.0,0.64190799,7.6750001999999995
98.32474084999998,0.21849942411111106,0.005038771428571429,179,-1,0.0,0.0,0.0,0.0,0.0,0.610825,10.6749999
94.04867121,0.23809790179746834,0.005796794285714285,31,1,0.0,0.0,0.0,0.0,0.0,0.79855502,2.7049999
94.04867121,0.23512167802499997,0.005796794285714285,31,1,0.0,0.0,0.0,0.0,0.0,0.89684403,2.95000005
94.04867121,0.1709975840181818,0.005796794285714285,31,1,0.0,0.0,0.0,0.0,0.0,0.79107201,0.215
94.04867121,0.241150439,0.005796794285714285,31,-1,0.0,0.0,0.0,0.0,0.0,0.80491698,4.32500005
94.04867121,0.3134955707,0.004782974857142857,178,-1,0.0,0.0,0.0,0.0,0.0,0.66819501,3.2949999500000002
94.04867121,0.26871048917142853,0.004782974857142857,178,-1,0.0,0.0,0.0,0.0,0.0,0.71671498,6.17499995
94.04867121,0.25079645656,0.004782974857142857,178,-1,0.0,0.0,0.0,0.0,0.0,0.66107601,7.07500005
94.04867121,0.22129099108235292,0.004782974857142857,178,-1,0.0,0.0,0.0,0.0,0.0,0.66118997,10.349999799999999
99.26945391,0.2513150731898734,0.00509888,30,-1,0.0,0.0,0.0,0.0,0.0,0.766177,3.3199999499999997
99.26945391,0.24817363477499998,0.00509888,30,-1,0.0,0.0,0.0,0.0,0.0,0.79027498,3.70000005
99.26945391,0.24212061929268291,0.00509888,30,-1,0.0,0.0,0.0,0.0,0.0,0.75179499,4.1
99.26945391,0.14706585764444444,0.00446706,177,1,0.0,0.0,0.0,0.0,0.0,0.577218,0.8299999849999999
99.26945391,0.1418135055857143,0.00446706,177,1,0.0,0.0,0.0,0.0,0.0,0.65943301,1.165
99.26945391,0.2836270111714286,0.00446706,177,-1,0.0,0.0,0.0,0.0,0.0,0.68896699,5.17499995
99.26945391,0.26471854376,0.00446706,177,-1,0.0,0.0,0.0,0.0,0.0,0.64196002,6.0250001
99.26945391,0.24817363477499998,0.00446706,177,-1,0.0,0.0,0.0,0.0,0.0,0.68154103,7.8999998499999995
97.92696692999999,0.24481741732499998,0.004322725714285714,29,1,0.0,0.0,0.0,0.0,0.0,0.81521499,3.34
97.92696692999999,0.2200605998426966,0.004322725714285714,29,1,0.0,0.0,0.0,0.0,0.0,0.69284302,1.3250000000000002
97.92696692999999,0.20191127202061854,0.004322725714285714,29,1,0.0,0.0,0.0,0.0,0.0,0.805233,0.9650000000000001
101.15888002999999,0.24977501241975306,0.0038410028571428567,28,1,0.0,0.0,0.0,0.0,0.0,0.72314602,3.34
101.15888002999999,0.23525320937209301,0.0038410028571428567,28,1,0.0,0.0,0.0,0.0,0.0,0.70776302,2.245
101.15888002999999,0.22732332591011234,0.0038410028571428567,28,1,0.0,0.0,0.0,0.0,0.0,0.63000798,1.44
101.15888002999999,0.25938174366666666,0.0038410028571428567,28,-1,0.0,0.0,0.0,0.0,0.0,0.76295298,2.57000005
107.12548883000001,0.23805664184444447,0.0037400121428571432,32,1,0.0,0.0,0.0,0.0,0.0,0.58063799,2.15500005
111.12808890000001,0.24423755802197805,0.00323384,31,1,0.0,0.0,0.0,0.0,0.0,0.64486498,2.865
111.12808890000001,0.24972604247191013,0.00323384,31,-1,0.0,0.0,0.0,0.0,0.0,0.63359898,3.31499995
111.12808890000001,0.24695130866666667,0.00323384,31,-1,0.0,0.0,0.0,0.0,0.0,0.67400497,3.80000005
118.66093251,0.2421651683877551,0.002985870357142857,30,1,0.0,0.0,0.0,0.0,0.0,0.61558503,2.7049999
118.66093251,0.23732186502,0.002985870357142857,30,1,0.0,0.0,0.0,0.0,0.0,0.64852297,2.505
118.66093251,0.22819410098076923,0.002985870357142857,30,1,0.0,0.0,0.0,0.0,0.0,0.58480799,1.5499999999999998
118.66093251,0.21574715001818182,0.002985870357142857,30,1,0.0,0.0,0.0,0.0,0.0,0.57158703,0.8499999949999999
118.66093251,0.27595565699999997,0.002985870357142857,30,-1,0.0,0.0,0.0,0.0,0.0,0.64191502,1.54
118.66093251,0.24981248949473683,0.002985870357142857,30,-1,0.0,0.0,0.0,0.0,0.0,0.59873801,3.25
114.55888895999999,0.25457530879999996,0.002734625,29,1,0.0,0.0,0.0,0.0,0.0,0.66919398,3.9749999000000003
114.55888895999999,0.2517777779340659,0.002734625,29,1,0.0,0.0,0.0,0.0,0.0,0.65938002,3.6750000500000004
114.55888895999999,0.24636320206451612,0.002734625,29,1,0.0,0.0,0.0,0.0,0.0,0.63728797,3.0949999
114.55888895999999,0.34714814836363633,0.002734625,29,-1,0.0,0.0,0.0,0.0,0.0,0.83002299,0.31499999
100.63680175999998,0.2580430814358974,0.0025267985714285714,28,1,0.0,0.0,0.0,0.0,0.0,0.63651699,3.54999995
100.63680175999998,0.2547767133164556,0.0025267985714285714,28,1,0.0,0.0,0.0,0.0,0.0,0.640136,3.3000000500000004
100.63680175999998,0.25159200439999996,0.0025267985714285714,28,1,0.0,0.0,0.0,0.0,0.0,0.63471502,3.0249999499999998
100.63680175999998,0.24545561404878044,0.0025267985714285714,28,1,0.0,0.0,0.0,0.0,0.0,0.62248099,2.50999995
100.63680175999998,0.23961143276190472,0.0025267985714285714,28,1,0.0,0.0,0.0,0.0,0.0,0.59992701,2.005
100.63680175999998,0.23403907386046507,0.0025267985714285714,28,1,0.0,0.0,0.0,0.0,0.0,0.59636098,1.6400000499999998
100.63680175999998,0.2875337193142857,0.0025267985714285714,28,-1,0.0,0.0,0.0,0.0,0.0,0.71583903,1.01999999
100.63680175999998,0.2795466715555555,0.0025267985714285714,28,-1,0.0,0.0,0.0,0.0,0.0,0.73826998,1.3900000000000001
98.62307129,0.24967866149367088,0.002522822142857143,32,1,0.0,0.0,0.0,0.0,0.0,0.64305001,3.05499995
98.62307129,0.246557678225,0.002522822142857143,32,1,0.0,0.0,0.0,0.0,0.0,0.628618,2.76
98.62307129,0.21675400283516483,0.002522822142857143,32,1,0.0,0.0,0.0,0.0,0.0,0.617414,1.000000005
98.62307129,0.19724614258,0.002522822142857143,32,1,0.0,0.0,0.0,0.0,0.0,0.58621502,0.319999995
100.276319145,0.23594428034117648,0.002498859285714286,31,1,0.0,0.0,0.0,0.0,0.0,0.61005098,1.9800000500000001
100.276319145,0.24759584974074075,0.002498859285714286,31,-1,0.0,0.0,0.0,0.0,0.0,0.589311,2.84500005
104.04274095,0.253762782804878,0.0023332892857142857,29,1,0.0,0.0,0.0,0.0,0.0,0.57800603,3.075
109.88504540000001,0.2441889897777778,0.0022742332142857142,28,1,0.0,0.0,0.0,0.0,0.0,0.51517898,2.16
109.88504540000001,0.2415055942857143,0.0022742332142857142,28,1,0.0,0.0,0.0,0.0,0.0,0.50868499,1.9249999500000001
109.88504540000001,0.23888053347826088,0.0022742332142857142,28,1,0.0,0.0,0.0,0.0,0.0,0.50522101,1.7200000000000002
105.38522793,0.24508192541860466,0.0019852249999999998,32,1,0.0,0.0,0.0,0.0,0.0,0.55206198,2.49
105.38522793,0.24226489179310345,0.0019852249999999998,32,1,0.0,0.0,0.0,0.0,0.0,0.54999202,2.27
105.38522793,0.22186363774736842,0.0019852249999999998,32,1,0.0,0.0,0.0,0.0,0.0,0.51542503,0.905000005
105.38522793,0.2887266518630137,0.0019852249999999998,32,-1,0.0,0.0,0.0,0.0,0.0,0.551925,0.625
101.87984526,0.29108527217142854,0.00186419,31,1,0.0,0.0,0.0,0.0,0.0,0.65932298,6.82500005
101.87984526,0.25469961315,0.00186419,31,1,0.0,0.0,0.0,0.0,0.0,0.58036703,3.25
101.87984526,0.24257106014285712,0.00186419,31,1,0.0,0.0,0.0,0.0,0.0,0.55230802,2.18499995
101.87984526,0.2369298726976744,0.00186419,31,1,0.0,0.0,0.0,0.0,0.0,0.557684,1.83
101.87984526,0.21448388475789473,0.00186419,31,1,0.0,0.0,0.0,0.0,0.0,0.52315599,0.595
101.87984526,0.23971728296470587,0.00186419,31,-1,0.0,0.0,0.0,0.0,0.0,0.52540302,3.375
101.87984526,0.20375969051999998,0.00186419,31,-1,0.0,0.0,0.0,0.0,0.0,0.460825,9.1999998
97.57891475,0.2054292942105263,0.0018266525,30,1,0.0,0.0,0.0,0.0,0.0,0.60514402,0.510000005
100.28874958,0.27857985994444445,0.0017820366666666668,29,1,0.0,0.0,0.0,0.0,0.0,0.67021,5.54999995
100.28874958,0.24460670629268294,0.0017820366666666668,29,1,0.0,0.0,0.0,0.0,0.0,0.590994,2.385
100.28874958,0.21338031825531914,0.0017820366666666668,29,1,0.0,0.0,0.0,0.0,0.0,0.568726,0.635000005
100.28874958,0.21113420964210527,0.0017820366666666668,29,1,0.0,0.0,0.0,0.0,0.0,0.65250897,0.825000005
100.28874958,0.26049025864935066,0.0017820366666666668,29,-1,0.0,0.0,0.0,0.0,0.0,0.60008001,1.835
100.28874958,0.25715063994871795,0.0017820366666666668,29,-1,0.0,0.0,0.0,0.0,0.0,0.60135299,2.05999995
100.28874958,0.25072187395,0.0017820366666666668,29,-1,0.0,0.0,0.0,0.0,0.0,0.58823901,2.48500005
100.28874958,0.21113420964210527,0.0017820366666666668,29,-1,0.0,0.0,0.0,0.0,0.0,0.571257,7.7249999
97.47947127,0.3249315709,0.00165384,28,1,0.0,0.0,0.0,0.0,0.0,0.73813403,9.5249998
97.47947127,0.24994736223076924,0.00165384,28,1,0.0,0.0,0.0,0.0,0.0,0.58293498,2.625
97.47947127,0.20521993951578948,0.00165384,28,1,0.0,0.0,0.0,0.0,0.0,0.54238498,0.309999995
97.47947127,0.24369867817500002,0.00165384,28,-1,0.0,0.0,0.0,0.0,0.0,0.57255298,2.915
97.47947127,0.20521993951578948,0.00165384,28,-1,0.0,0.0,0.0,0.0,0.0,0.54469502,8.5999999
105.36036706,0.28096097882666665,0.0017631514285714287,32,1,0.0,0.0,0.0,0.0,0.0,0.61653602,5.97500015
105.36036706,0.26340091765,0.0017631514285714287,32,1,0.0,0.0,0.0,0.0,0.0,0.58109301,4.17499995
105.36036706,0.26014905446913583,0.0017631514285714287,32,1,0.0,0.0,0.0,0.0,0.0,0.58480501,3.9
105.36036706,0.25697650502439023,0.0017631514285714287,32,1,0.0,0.0,0.0,0.0,0.0,0.56462997,3.5249999499999998
105.36036706,0.25388040255421684,0.0017631514285714287,32,1,0.0,0.0,0.0,0.0,0.0,0.55763501,3.2250000500000002
105.36036706,0.2508580168095238,0.0017631514285714287,32,1,0.0,0.0,0.0,0.0,0.0,0.55394,2.9550000499999998
105.36036706,0.2479067460235294,0.0017631514285714287,32,1,0.0,0.0,0.0,0.0,0.0,0.54042298,2.6499999499999998
105.36036706,0.24502410944186045,0.0017631514285714287,32,1,0.0,0.0,0.0,0.0,0.0,0.52416497,2.345
105.36036706,0.23945537968181818,0.0017631514285714287,32,1,0.0,0.0,0.0,0.0,0.0,0.52384901,1.94
105.36036706,0.23676486979775282,0.0017631514285714287,32,1,0.0,0.0,0.0,0.0,0.0,0.51576197,1.71999995
105.36036706,0.23413414902222224,0.0017631514285714287,32,1,0.0,0.0,0.0,0.0,0.0,0.50974202,1.52499995
105.36036706,0.22904427621739132,0.0017631514285714287,32,1,0.0,0.0,0.0,0.0,0.0,0.50040001,1.19
105.36036706,0.22417099374468086,0.0017631514285714287,32,1,0.0,0.0,0.0,0.0,0.0,0.49491701,0.9249999849999999
105.36036706,0.22181129907368421,0.0017631514285714287,32,1,0.0,0.0,0.0,0.0,0.0,0.489456,0.7999999799999999
105.36036706,0.21950076470833332,0.0017631514285714287,32,1,0.0,0.0,0.0,0.0,0.0,0.48749399,0.7000000200000001
105.36036706,0.21072073412,0.0017631514285714287,32,1,0.0,0.0,0.0,0.0,0.0,0.47977,0.395
105.36036706,0.20068641344761906,0.0017631514285714287,32,1,0.0,0.0,0.0,0.0,0.0,0.48080599,0.195
105.36036706,0.19156430374545455,0.0017631514285714287,32,1,0.0,0.0,0.0,0.0,0.0,0.493563,0.105000002
105.36036706,0.17560061176666666,0.0017631514285714287,32,1,0.0,0.0,0.0,0.0,0.0,0.55292499,0.049999999
105.36036706,0.168576587296,0.0017631514285714287,32,1,0.0,0.0,0.0,0.0,0.0,0.57764202,0.034999999399999995
105.36036706,0.14048048941333333,0.0017631514285714287,32,1,0.0,0.0,0.0,0.0,0.0,0.65415901,0.0049999999
105.36036706,0.3831286074909091,0.0017631514285714287,32,-1,0.0,0.0,0.0,0.0,0.0,0.932459,0.2349999955
105.36036706,0.35120122353333333,0.0017631514285714287,32,-1,0.0,0.0,0.0,0.0,0.0,0.79293698,0.259999995
105.36036706,0.3241857448,0.0017631514285714287,32,-1,0.0,0.0,0.0,0.0,0.0,0.68788302,0.33999999999999997
105.36036706,0.3010296201714286,0.0017631514285714287,32,-1,0.0,0.0,0.0,0.0,0.0,0.693313,0.745000005
105.36036706,0.2926676862777778,0.0017631514285714287,32,-1,0.0,0.0,0.0,0.0,0.0,0.68473798,0.939999995
105.36036706,0.28096097882666665,0.0017631514285714287,32,-1,0.0,0.0,0.0,0.0,0.0,0.61672801,1.08999999
105.36036706,0.2667351064810127,0.0017631514285714287,32,-1,0.0,0.0,0.0,0.0,0.0,0.57191098,1.5550000000000002
105.36036706,0.26340091765,0.0017631514285714287,32,-1,0.0,0.0,0.0,0.0,0.0,0.56490803,1.71500005
105.36036706,0.26014905446913583,0.0017631514285714287,32,-1,0.0,0.0,0.0,0.0,0.0,0.555264,1.875
105.36036706,0.25697650502439023,0.0017631514285714287,32,-1,0.0,0.0,0.0,0.0,0.0,0.541987,2.0300000000000002
105.36036706,0.2508580168095238,0.0017631514285714287,32,-1,0.0,0.0,0.0,0.0,0.0,0.53503799,2.4750000500000002
105.36036706,0.23413414902222224,0.0017631514285714287,32,-1,0.0,0.0,0.0,0.0,0.0,0.496351,4.07500005
105.36036706,0.21950076470833332,0.0017631514285714287,32,-1,0.0,0.0,0.0,0.0,0.0,0.46993199,6.25
105.36036706,0.17560061176666666,0.0017631514285714287,32,-1,0.0,0.0,0.0,0.0,0.0,0.445144,17.625
103.76927138,0.2964836325142857,0.0017111128571428572,31,1,0.0,0.0,0.0,0.0,0.0,0.77033001,7.79999995
103.76927138,0.25942317845,0.0017111128571428572,31,1,0.0,0.0,0.0,0.0,0.0,0.60446799,3.82500005
103.76927138,0.250046437060241,0.0017111128571428572,31,1,0.0,0.0,0.0,0.0,0.0,0.586658,2.95999995
103.76927138,0.24706969376190477,0.0017111128571428572,31,1,0.0,0.0,0.0,0.0,0.0,0.57899201,2.69000005
103.76927138,0.24416299148235296,0.0017111128571428572,31,1,0.0,0.0,0.0,0.0,0.0,0.57265198,2.44000005
103.76927138,0.24132388693023257,0.0017111128571428572,31,1,0.0,0.0,0.0,0.0,0.0,0.56753498,2.21000005
103.76927138,0.2385500491494253,0.0017111128571428572,31,1,0.0,0.0,0.0,0.0,0.0,0.56057698,1.9849999999999999
103.76927138,0.23318937388764047,0.0017111128571428572,31,1,0.0,0.0,0.0,0.0,0.0,0.55045301,1.595
103.76927138,0.23059838084444445,0.0017111128571428572,31,1,0.0,0.0,0.0,0.0,0.0,0.54312003,1.4100000499999998
103.76927138,0.2280643327032967,0.0017111128571428572,31,1,0.0,0.0,0.0,0.0,0.0,0.53947401,1.255
103.76927138,0.2255853725652174,0.0017111128571428572,31,1,0.0,0.0,0.0,0.0,0.0,0.53521001,1.1099999999999999
103.76927138,0.22078568378723407,0.0017111128571428572,31,1,0.0,0.0,0.0,0.0,0.0,0.54323798,0.92
103.76927138,0.21846162395789476,0.0017111128571428572,31,1,0.0,0.0,0.0,0.0,0.0,0.52608299,0.7599999900000001
103.76927138,0.20753854276,0.0017111128571428572,31,1,0.0,0.0,0.0,0.0,0.0,0.51990902,0.395
103.76927138,0.18867140250909092,0.0017111128571428572,31,1,0.0,0.0,0.0,0.0,0.0,0.56640702,0.155
103.76927138,0.2964836325142857,0.0017111128571428572,31,-1,0.0,0.0,0.0,0.0,0.0,0.66535002,0.72999999
103.76927138,0.27671805701333335,0.0017111128571428572,31,-1,0.0,0.0,0.0,0.0,0.0,0.61070001,1.18
103.76927138,0.27307702994736843,0.0017111128571428572,31,-1,0.0,0.0,0.0,0.0,0.0,0.60109901,1.3
103.76927138,0.25942317845,0.0017111128571428572,31,-1,0.0,0.0,0.0,0.0,0.0,0.57628602,1.94999995
103.76927138,0.250046437060241,0.0017111128571428572,31,-1,0.0,0.0,0.0,0.0,0.0,0.55673599,2.5699999499999997
103.76927138,0.24706969376190477,0.0017111128571428572,31,-1,0.0,0.0,0.0,0.0,0.0,0.54822701,2.79499995
103.76927138,0.24416299148235296,0.0017111128571428572,31,-1,0.0,0.0,0.0,0.0,0.0,0.542943,3.04999995
103.76927138,0.24132388693023257,0.0017111128571428572,31,-1,0.0,0.0,0.0,0.0,0.0,0.53872299,3.32500005
103.76927138,0.2385500491494253,0.0017111128571428572,31,-1,0.0,0.0,0.0,0.0,0.0,0.53146398,3.6000000500000002
106.85201925999999,0.30529148359999997,0.0016877557142857143,30,1,0.0,0.0,0.0,0.0,0.0,0.66982597,8.5249996
106.85201925999999,0.28493871802666665,0.0016877557142857143,30,1,0.0,0.0,0.0,0.0,0.0,0.61553502,6.375
106.85201925999999,0.2514165159058823,0.0016877557142857143,30,1,0.0,0.0,0.0,0.0,0.0,0.55090702,2.94000005
106.85201925999999,0.2484930680465116,0.0016877557142857143,30,1,0.0,0.0,0.0,0.0,0.0,0.546022,2.67499995
106.85201925999999,0.24563682588505745,0.0016877557142857143,30,1,0.0,0.0,0.0,0.0,0.0,0.54231101,2.42999995
106.85201925999999,0.2428454983181818,0.0016877557142857143,30,1,0.0,0.0,0.0,0.0,0.0,0.53356701,2.1750000500000004
106.85201925999999,0.24011689721348312,0.0016877557142857143,30,1,0.0,0.0,0.0,0.0,0.0,0.51144302,1.87
106.85201925999999,0.23744893168888886,0.0016877557142857143,30,1,0.0,0.0,0.0,0.0,0.0,0.52546299,1.755
106.85201925999999,0.23483960276923074,0.0016877557142857143,30,1,0.0,0.0,0.0,0.0,0.0,0.52103102,1.565
106.85201925999999,0.23228699839130432,0.0016877557142857143,30,1,0.0,0.0,0.0,0.0,0.0,0.51682198,1.38999995
106.85201925999999,0.2273447218297872,0.0016877557142857143,30,1,0.0,0.0,0.0,0.0,0.0,0.50932503,1.085
106.85201925999999,0.22495161949473683,0.0016877557142857143,30,1,0.0,0.0,0.0,0.0,0.0,0.50634301,0.955000015
106.85201925999999,0.21370403851999997,0.0016877557142857143,30,1,0.0,0.0,0.0,0.0,0.0,0.49746099,0.48999999499999997
106.85201925999999,0.2035276557333333,0.0016877557142857143,30,1,0.0,0.0,0.0,0.0,0.0,0.49653,0.24500000700000002
106.85201925999999,0.19427639865454543,0.0016877557142857143,30,1,0.0,0.0,0.0,0.0,0.0,0.51778001,0.14500000000000002
106.85201925999999,0.17808669876666666,0.0016877557142857143,30,1,0.0,0.0,0.0,0.0,0.0,0.55069798,0.05
106.85201925999999,0.17096323081599998,0.0016877557142857143,30,1,0.0,0.0,0.0,0.0,0.0,0.61453497,0.055
106.85201925999999,0.14246935901333332,0.0016877557142857143,30,1,0.0,0.0,0.0,0.0,0.0,0.66002202,0.0049999999
106.85201925999999,0.32877544387692303,0.0016877557142857143,30,-1,0.0,0.0,0.0,0.0,0.0,0.72808701,0.32499999
106.85201925999999,0.30529148359999997,0.0016877557142857143,30,-1,0.0,0.0,0.0,0.0,0.0,0.68755299,0.584999995
106.85201925999999,0.28493871802666665,0.0016877557142857143,30,-1,0.0,0.0,0.0,0.0,0.0,0.621463,0.9099999999999999
106.85201925999999,0.27753771236363634,0.0016877557142857143,30,-1,0.0,0.0,0.0,0.0,0.0,0.60746098,1.13
106.85201925999999,0.27397953656410257,0.0016877557142857143,30,-1,0.0,0.0,0.0,0.0,0.0,0.59671301,1.24
106.85201925999999,0.26713004814999997,0.0016877557142857143,30,-1,0.0,0.0,0.0,0.0,0.0,0.584777,1.53
106.85201925999999,0.2574747452048193,0.0016877557142857143,30,-1,0.0,0.0,0.0,0.0,0.0,0.56124401,2.02999995
106.85201925999999,0.25440956966666667,0.0016877557142857143,30,-1,0.0,0.0,0.0,0.0,0.0,0.55396801,2.2250000500000002
106.85201925999999,0.2514165159058823,0.0016877557142857143,30,-1,0.0,0.0,0.0,0.0,0.0,0.54796302,2.44000005
106.85201925999999,0.2484930680465116,0.0016877557142857143,30,-1,0.0,0.0,0.0,0.0,0.0,0.54412901,2.67999995
106.85201925999999,0.24563682588505745,0.0016877557142857143,30,-1,0.0,0.0,0.0,0.0,0.0,0.53534597,2.90999995
106.85201925999999,0.2428454983181818,0.0016877557142857143,30,-1,0.0,0.0,0.0,0.0,0.0,0.53577101,3.1999999499999996
106.85201925999999,0.24011689721348312,0.0016877557142857143,30,-1,0.0,0.0,0.0,0.0,0.0,0.525002,3.4499999499999996
106.85201925999999,0.23744893168888886,0.0016877557142857143,30,-1,0.0,0.0,0.0,0.0,0.0,0.51623702,3.7250000500000002
106.85201925999999,0.23483960276923074,0.0016877557142857143,30,-1,0.0,0.0,0.0,0.0,0.0,0.514817,4.0500000499999995
106.13105402999999,0.28301614408,0.0016333085714285713,29,1,0.0,0.0,0.0,0.0,0.0,0.57823598,5.9749999
106.13105402999999,0.24972012712941175,0.0016333085714285713,29,1,0.0,0.0,0.0,0.0,0.0,0.541556,2.68500005
106.13105402999999,0.2468164047209302,0.0016333085714285713,29,1,0.0,0.0,0.0,0.0,0.0,0.53798503,2.43500005
106.13105402999999,0.2439794345517241,0.0016333085714285713,29,1,0.0,0.0,0.0,0.0,0.0,0.53023499,2.1800000500000003
106.13105402999999,0.2412069409772727,0.0016333085714285713,29,1,0.0,0.0,0.0,0.0,0.0,0.526586,1.96
106.13105402999999,0.2358467867333333,0.0016333085714285713,29,1,0.0,0.0,0.0,0.0,0.0,0.51606101,1.55
106.13105402999999,0.23071968267391302,0.0016333085714285713,29,1,0.0,0.0,0.0,0.0,0.0,0.50563699,1.2
106.13105402999999,0.22581075325531913,0.0016333085714285713,29,1,0.0,0.0,0.0,0.0,0.0,0.49838799,0.91999999
106.13105402999999,0.2234337979578947,0.0016333085714285713,29,1,0.0,0.0,0.0,0.0,0.0,0.48015201,0.745000005
106.13105402999999,0.21226210805999998,0.0016333085714285713,29,1,0.0,0.0,0.0,0.0,0.0,0.49021301,0.399999995
106.13105402999999,0.19296555278181815,0.0016333085714285713,29,1,0.0,0.0,0.0,0.0,0.0,0.52358198,0.125
106.13105402999999,0.3859311055636363,0.0016333085714285713,29,-1,0.0,0.0,0.0,0.0,0.0,0.95822001,0.2000000045
106.13105402999999,0.3121501589117647,0.0016333085714285713,29,-1,0.0,0.0,0.0,0.0,0.0,0.660878,0.379999995
106.13105402999999,0.3032315829428571,0.0016333085714285713,29,-1,0.0,0.0,0.0,0.0,0.0,0.63714498,0.47000000000000003
106.13105402999999,0.29480848341666666,0.0016333085714285713,29,-1,0.0,0.0,0.0,0.0,0.0,0.71215802,0.864999985
106.13105402999999,0.28301614408,0.0016333085714285713,29,-1,0.0,0.0,0.0,0.0,0.0,0.60842597,0.8900000050000001
106.13105402999999,0.26532763507499996,0.0016333085714285713,29,-1,0.0,0.0,0.0,0.0,0.0,0.57644802,1.54500005
106.13105402999999,0.2620519852592592,0.0016333085714285713,29,-1,0.0,0.0,0.0,0.0,0.0,0.566338,1.6949999999999998
106.13105402999999,0.2588562293414634,0.0016333085714285713,29,-1,0.0,0.0,0.0,0.0,0.0,0.56012601,1.875
106.13105402999999,0.2557374795903614,0.0016333085714285713,29,-1,0.0,0.0,0.0,0.0,0.0,0.55524999,2.0749999499999996
106.13105402999999,0.25269298578571425,0.0016333085714285713,29,-1,0.0,0.0,0.0,0.0,0.0,0.54522699,2.2649999999999997
106.13105402999999,0.24972012712941175,0.0016333085714285713,29,-1,0.0,0.0,0.0,0.0,0.0,0.541637,2.5
106.13105402999999,0.2468164047209302,0.0016333085714285713,29,-1,0.0,0.0,0.0,0.0,0.0,0.53181899,2.7200000500000003
106.13105402999999,0.2412069409772727,0.0016333085714285713,29,-1,0.0,0.0,0.0,0.0,0.0,0.52143699,3.25
105.45981054,0.25109478700000004,0.0016504757142857143,28,1,0.0,0.0,0.0,0.0,0.0,0.54010999,2.73500005
105.45981054,0.24814073068235296,0.0016504757142857143,28,1,0.0,0.0,0.0,0.0,0.0,0.53487003,2.4700000500000003
105.45981054,0.2396813875909091,0.0016504757142857143,28,1,0.0,0.0,0.0,0.0,0.0,0.51412898,1.745
105.45981054,0.23435513453333334,0.0016504757142857143,28,1,0.0,0.0,0.0,0.0,0.0,0.50330198,1.35500005
105.45981054,0.2317798033846154,0.0016504757142857143,28,1,0.0,0.0,0.0,0.0,0.0,0.49363199,1.16499995
105.45981054,0.22926045769565218,0.0016504757142857143,28,1,0.0,0.0,0.0,0.0,0.0,0.493334,1.030000055
105.45981054,0.2243825756170213,0.0016504757142857143,28,1,0.0,0.0,0.0,0.0,0.0,0.48387599,0.764999985
105.45981054,0.21091962108,0.0016504757142857143,28,1,0.0,0.0,0.0,0.0,0.0,0.46984801,0.29500000000000004
105.45981054,0.1917451100727273,0.0016504757142857143,28,1,0.0,0.0,0.0,0.0,0.0,0.501284,0.080000002
105.45981054,0.4687102690666667,0.0016504757142857143,28,-1,0.0,0.0,0.0,0.0,0.0,1.171489,0.095
105.45981054,0.3834902201454546,0.0016504757142857143,28,-1,0.0,0.0,0.0,0.0,0.0,0.78742999,0.065
105.45981054,0.3515327018,0.0016504757142857143,28,-1,0.0,0.0,0.0,0.0,0.0,0.871373,0.2899999855
105.45981054,0.3295619079375,0.0016504757142857143,28,-1,0.0,0.0,0.0,0.0,0.0,0.81795198,0.42499999
105.45981054,0.3013137444,0.0016504757142857143,28,-1,0.0,0.0,0.0,0.0,0.0,0.65007299,0.50500001
105.45981054,0.29706988884507046,0.0016504757142857143,28,-1,0.0,0.0,0.0,0.0,0.0,0.64547098,0.5799999849999999
105.45981054,0.2929439181666667,0.0016504757142857143,28,-1,0.0,0.0,0.0,0.0,0.0,0.71148098,0.8700000000000001
105.45981054,0.28122616144,0.0016504757142857143,28,-1,0.0,0.0,0.0,0.0,0.0,0.60932201,0.9099999999999999
105.45981054,0.2775258172105263,0.0016504757142857143,28,-1,0.0,0.0,0.0,0.0,0.0,0.60065103,1.015000005
105.45981054,0.2739215858181818,0.0016504757142857143,28,-1,0.0,0.0,0.0,0.0,0.0,0.58393598,1.1
105.45981054,0.2704097706153846,0.0016504757142857143,28,-1,0.0,0.0,0.0,0.0,0.0,0.57551199,1.225
105.45981054,0.26364952635,0.0016504757142857143,28,-1,0.0,0.0,0.0,0.0,0.0,0.56098801,1.52
105.45981054,0.25109478700000004,0.0016504757142857143,28,-1,0.0,0.0,0.0,0.0,0.0,0.53044099,2.2649999999999997
105.45981054,0.24814073068235296,0.0016504757142857143,28,-1,0.0,0.0,0.0,0.0,0.0,0.52635401,2.505
105.45981054,0.24525537334883724,0.0016504757142857143,28,-1,0.0,0.0,0.0,0.0,0.0,0.51787502,2.74
105.45981054,0.2317798033846154,0.0016504757142857143,28,-1,0.0,0.0,0.0,0.0,0.0,0.53101498,4.4000001
112.04794109,0.2546544115681818,0.0018124014285714285,31,1,0.0,0.0,0.0,0.0,0.0,0.53827697,3.3000000500000004
112.04794109,0.24899542464444444,0.0018124014285714285,31,1,0.0,0.0,0.0,0.0,0.0,0.52229798,2.7199999
112.04794109,0.24625921118681318,0.0018124014285714285,31,1,0.0,0.0,0.0,0.0,0.0,0.50842702,2.4199999500000002
112.04794109,0.23839987465957446,0.0018124014285714285,31,1,0.0,0.0,0.0,0.0,0.0,0.495933,1.7599999999999998
112.04794109,0.3028322732162162,0.0018124014285714285,31,-1,0.0,0.0,0.0,0.0,0.0,0.67949802,0.689999995
112.04794109,0.2667808121190476,0.0018124014285714285,31,-1,0.0,0.0,0.0,0.0,0.0,0.55533397,1.565
112.04794109,0.2605766071860465,0.0018124014285714285,31,-1,0.0,0.0,0.0,0.0,0.0,0.54122901,1.8900000000000001
112.04794109,0.240963314172043,0.0018124014285714285,31,-1,0.0,0.0,0.0,0.0,0.0,0.50189197,3.5
114.38486286999999,0.28596215717499995,0.0017582760714285716,30,1,0.0,0.0,0.0,0.0,0.0,0.739838,7.3000002
114.38486286999999,0.2629537077471264,0.0017582760714285716,30,1,0.0,0.0,0.0,0.0,0.0,0.57459199,4.2750001
114.38486286999999,0.2599655974318182,0.0017582760714285716,30,1,0.0,0.0,0.0,0.0,0.0,0.58304399,4.0249998499999995
114.38486286999999,0.25418858415555556,0.0017582760714285716,30,1,0.0,0.0,0.0,0.0,0.0,0.56666303,3.4000001
114.38486286999999,0.251395303010989,0.0017582760714285716,30,1,0.0,0.0,0.0,0.0,0.0,0.54766899,3.0500000500000004
114.38486286999999,0.2486627453695652,0.0017582760714285716,30,1,0.0,0.0,0.0,0.0,0.0,0.54732603,2.81000005
114.38486286999999,0.24598895240860214,0.0017582760714285716,30,1,0.0,0.0,0.0,0.0,0.0,0.547252,2.5850000499999997
114.38486286999999,0.24337204865957446,0.0017582760714285716,30,1,0.0,0.0,0.0,0.0,0.0,0.54363698,2.35500005
114.38486286999999,0.22876972573999999,0.0017582760714285716,30,1,0.0,0.0,0.0,0.0,0.0,0.48173499,1.0699999999999998
114.38486286999999,0.28596215717499995,0.0017582760714285716,30,-1,0.0,0.0,0.0,0.0,0.0,0.60625398,0.91500002
114.38486286999999,0.2789874704146341,0.0017582760714285716,30,-1,0.0,0.0,0.0,0.0,0.0,0.60623801,1.180000015
114.38486286999999,0.2756261755903614,0.0017582760714285716,30,-1,0.0,0.0,0.0,0.0,0.0,0.56896597,1.175
114.38486286999999,0.2723449115952381,0.0017582760714285716,30,-1,0.0,0.0,0.0,0.0,0.0,0.59414202,1.44
114.38486286999999,0.26914085381176467,0.0017582760714285716,30,-1,0.0,0.0,0.0,0.0,0.0,0.54583901,1.395
114.38486286999999,0.266011309,0.0017582760714285716,30,-1,0.0,0.0,0.0,0.0,0.0,0.54949099,1.5899999999999999
114.38486286999999,0.25704463566292135,0.0017582760714285716,30,-1,0.0,0.0,0.0,0.0,0.0,0.52683401,2.09499995
114.38486286999999,0.24337204865957446,0.0017582760714285716,30,-1,0.0,0.0,0.0,0.0,0.0,0.487802,3.1999999499999996
108.44311493999999,0.24098469986666662,0.0017260010714285714,29,1,0.0,0.0,0.0,0.0,0.0,0.55407399,2.12499995
108.44311493999999,0.23833651635164832,0.0017260010714285714,29,1,0.0,0.0,0.0,0.0,0.0,0.53927702,1.8650000500000001
108.44311493999999,0.22592315612499997,0.0017260010714285714,29,1,0.0,0.0,0.0,0.0,0.0,0.52548403,1.0599999900000001
108.44311493999999,0.21688622987999998,0.0017260010714285714,29,1,0.0,0.0,0.0,0.0,0.0,0.49322,0.56000002
108.44311493999999,0.30983747125714284,0.0017260010714285714,29,-1,0.0,0.0,0.0,0.0,0.0,0.77039701,0.685
108.44311493999999,0.27110778734999996,0.0017260010714285714,29,-1,0.0,0.0,0.0,0.0,0.0,0.61783803,1.44
108.44311493999999,0.24369239312359547,0.0017260010714285714,29,-1,0.0,0.0,0.0,0.0,0.0,0.48941699,2.885
108.44311493999999,0.23833651635164832,0.0017260010714285714,29,-1,0.0,0.0,0.0,0.0,0.0,0.53633702,3.7250000500000002
110.30768018999999,0.24512817819999996,0.0017415492857142858,28,1,0.0,0.0,0.0,0.0,0.0,0.51792902,2.255
107.088197525,0.2490423198255814,0.0019582875,31,1,0.0,0.0,0.0,0.0,0.0,0.55524302,2.785
107.088197525,0.24338226710227273,0.0019582875,31,1,0.0,0.0,0.0,0.0,0.0,0.56613201,2.385
107.088197525,0.24064763488764043,0.0019582875,31,1,0.0,0.0,0.0,0.0,0.0,0.54077601,2.06500005
107.088197525,0.23535867587912088,0.0019582875,31,1,0.0,0.0,0.0,0.0,0.0,0.52148801,1.615
107.088197525,0.2519722294705882,0.0019582875,31,-1,0.0,0.0,0.0,0.0,0.0,0.504085,2.4499999
109.387828,0.24308406222222223,0.0019297300000000002,30,1,0.0,0.0,0.0,0.0,0.0,0.52427799,2.15999995
109.387828,0.2404128087912088,0.0019297300000000002,30,1,0.0,0.0,0.0,0.0,0.0,0.49948099,1.845
109.387828,0.2302901642105263,0.0019297300000000002,30,1,0.0,0.0,0.0,0.0,0.0,0.51385999,1.25499995
109.387828,0.2486087,0.0019297300000000002,30,-1,0.0,0.0,0.0,0.0,0.0,0.51226801,2.81500005
112.96779328,0.2538602096179775,0.0019600417857142853,29,1,0.0,0.0,0.0,0.0,0.0,0.53601199,3.175
112.96779328,0.24558215930434782,0.0019600417857142853,29,1,0.0,0.0,0.0,0.0,0.0,0.53557301,2.4449999499999997
112.96779328,0.24294149092473116,0.0019600417857142853,29,1,0.0,0.0,0.0,0.0,0.0,0.52415597,2.17499995
112.96779328,0.2378269332210526,0.0019600417857142853,29,1,0.0,0.0,0.0,0.0,0.0,0.51040697,1.73
112.96779328,0.3227651236571428,0.0019600417857142853,29,-1,0.0,0.0,0.0,0.0,0.0,0.69486398,0.36999999
112.96779328,0.2824194832,0.0019600417857142853,29,-1,0.0,0.0,0.0,0.0,0.0,0.62099099,1.120000005
112.96779328,0.2567449847272727,0.0019600417857142853,29,-1,0.0,0.0,0.0,0.0,0.0,0.50340998,2.07000005
112.96779328,0.2538602096179775,0.0019600417857142853,29,-1,0.0,0.0,0.0,0.0,0.0,0.46499899,2.1199999000000003
112.96779328,0.24828086435164834,0.0019600417857142853,29,-1,0.0,0.0,0.0,0.0,0.0,0.47301301,2.6899999
114.31028025999998,0.25402284502222217,0.0019930292857142855,28,1,0.0,0.0,0.0,0.0,0.0,0.534724,3.175
114.31028025999998,0.25123138518681315,0.0019930292857142855,28,1,0.0,0.0,0.0,0.0,0.0,0.50536901,2.76999995
114.31028025999998,0.24850060926086953,0.0019930292857142855,28,1,0.0,0.0,0.0,0.0,0.0,0.504556,2.5249999499999998
114.31028025999998,0.2458285596989247,0.0019930292857142855,28,1,0.0,0.0,0.0,0.0,0.0,0.50630403,2.29999995
114.31028025999998,0.24321336225531912,0.0019930292857142855,28,1,0.0,0.0,0.0,0.0,0.0,0.50712198,2.09000005
114.31028025999998,0.2381464172083333,0.0019930292857142855,28,1,0.0,0.0,0.0,0.0,0.0,0.489223,1.625
114.31028025999998,0.23328628624489792,0.0019930292857142855,28,1,0.0,0.0,0.0,0.0,0.0,0.50741202,1.38999995
114.31028025999998,0.30081652699999994,0.0019930292857142855,28,-1,0.0,0.0,0.0,0.0,0.0,0.61932498,0.53999999
114.31028025999998,0.2597960915,0.0019930292857142855,28,-1,0.0,0.0,0.0,0.0,0.0,0.483913,1.71999995
114.31028025999998,0.2568770342921348,0.0019930292857142855,28,-1,0.0,0.0,0.0,0.0,0.0,0.49567699,2.0
114.31028025999998,0.25402284502222217,0.0019930292857142855,28,-1,0.0,0.0,0.0,0.0,0.0,0.49367499,2.23000005
114.31028025999998,0.25123138518681315,0.0019930292857142855,28,-1,0.0,0.0,0.0,0.0,0.0,0.466537,2.35
114.31028025999998,0.24850060926086953,0.0019930292857142855,28,-1,0.0,0.0,0.0,0.0,0.0,0.454283,2.55999995
114.31028025999998,0.2458285596989247,0.0019930292857142855,28,-1,0.0,0.0,0.0,0.0,0.0,0.46256599,2.8899999999999997
120.64980211,0.24129960422,0.001846024,32,1,0.0,0.0,0.0,0.0,0.0,0.58262002,2.56
120.64980211,0.23656823943137253,0.001846024,32,1,0.0,0.0,0.0,0.0,0.0,0.61931199,2.39499995
120.64980211,0.3447137203142857,0.001846024,32,-1,0.0,0.0,0.0,0.0,0.0,0.79658502,0.400000005
120.64980211,0.3174994792368421,0.001846024,32,-1,0.0,0.0,0.0,0.0,0.0,0.73329401,0.659999995
120.64980211,0.25135375439583335,0.001846024,32,-1,0.0,0.0,0.0,0.0,0.0,0.46911401,2.6399999999999997
118.90954120999999,0.2642434249111111,0.0019309375000000001,31,1,0.0,0.0,0.0,0.0,0.0,0.701446,5.20000005
118.90954120999999,0.261339651010989,0.0019309375000000001,31,1,0.0,0.0,0.0,0.0,0.0,0.683846,4.82500005
118.90954120999999,0.297273853025,0.0019309375000000001,31,-1,0.0,0.0,0.0,0.0,0.0,0.68123001,0.950000005
118.90954120999999,0.2900232712439024,0.0019309375000000001,31,-1,0.0,0.0,0.0,0.0,0.0,0.60858202,0.91999999
118.90954120999999,0.25033587623157894,0.0019309375000000001,31,-1,0.0,0.0,0.0,0.0,0.0,0.52073699,2.9499999499999996
118.90954120999999,0.24517431177319585,0.0019309375000000001,31,-1,0.0,0.0,0.0,0.0,0.0,0.515957,3.49
105.28578445,0.22888214010869565,0.0018378699999999997,29,1,0.0,0.0,0.0,0.0,0.0,0.65526497,1.6150000000000002
105.28578445,0.21057156889999998,0.0018378699999999997,29,1,0.0,0.0,0.0,0.0,0.0,0.75385201,1.109999995
105.28578445,0.300816527,0.0018378699999999997,29,-1,0.0,0.0,0.0,0.0,0.0,0.80929703,1.0750000000000002
105.28578445,0.27706785381578947,0.0018378699999999997,29,-1,0.0,0.0,0.0,0.0,0.0,0.62643301,1.28999995
105.28578445,0.2699635498717949,0.0018378699999999997,29,-1,0.0,0.0,0.0,0.0,0.0,0.60836101,1.565
106.72771491,0.266819287275,0.0019750974285714287,32,1,0.0,0.0,0.0,0.0,0.0,0.69394898,4.82500005
106.72771491,0.2511240350823529,0.0019750974285714287,32,1,0.0,0.0,0.0,0.0,0.0,0.67080498,3.375
106.72771491,0.2371726998,0.0019750974285714287,32,1,0.0,0.0,0.0,0.0,0.0,0.64552802,2.2250000500000002
106.72771491,0.2246899261263158,0.0019750974285714287,32,1,0.0,0.0,0.0,0.0,0.0,0.63020402,1.4100000000000001
106.72771491,0.21345542982000001,0.0019750974285714287,32,1,0.0,0.0,0.0,0.0,0.0,0.62250102,0.869999975
106.72771491,0.20329088554285715,0.0019750974285714287,32,1,0.0,0.0,0.0,0.0,0.0,0.62423301,0.5399999900000001
106.72771491,0.19405039074545455,0.0019750974285714287,32,1,0.0,0.0,0.0,0.0,0.0,0.66002101,0.40499999
106.72771491,0.17787952485,0.0019750974285714287,32,1,0.0,0.0,0.0,0.0,0.0,0.68637103,0.184999995
106.72771491,0.170764343856,0.0019750974285714287,32,1,0.0,0.0,0.0,0.0,0.0,0.68255901,0.1099999995
106.72771491,0.1641964844769231,0.0019750974285714287,32,1,0.0,0.0,0.0,0.0,0.0,0.69471902,0.075
106.72771491,0.15246816415714287,0.0019750974285714287,32,1,0.0,0.0,0.0,0.0,0.0,0.72771603,0.0399999999
106.72771491,0.3557590497,0.0019750974285714287,32,-1,0.0,0.0,0.0,0.0,0.0,0.82222599,0.299999995
106.72771491,0.30493632831428574,0.0019750974285714287,32,-1,0.0,0.0,0.0,0.0,0.0,0.73924202,0.8750000099999999
106.72771491,0.28460723976,0.0019750974285714287,32,-1,0.0,0.0,0.0,0.0,0.0,0.66842401,1.275
106.72771491,0.266819287275,0.0019750974285714287,32,-1,0.0,0.0,0.0,0.0,0.0,0.62427503,1.97000005
106.72771491,0.2511240350823529,0.0019750974285714287,32,-1,0.0,0.0,0.0,0.0,0.0,0.59451097,3.01
106.72771491,0.2371726998,0.0019750974285714287,32,-1,0.0,0.0,0.0,0.0,0.0,0.56555903,4.375
110.55628888999999,0.276390722225,0.001949581142857143,31,1,0.0,0.0,0.0,0.0,0.0,0.70504898,5.9000001
110.55628888999999,0.2601324444470588,0.001949581142857143,31,1,0.0,0.0,0.0,0.0,0.0,0.67584097,4.25
110.55628888999999,0.24568064197777775,0.001949581142857143,31,1,0.0,0.0,0.0,0.0,0.0,0.65196699,2.91499995
110.55628888999999,0.23275008187368418,0.001949581142857143,31,1,0.0,0.0,0.0,0.0,0.0,0.62720102,1.875
110.55628888999999,0.22111257777999999,0.001949581142857143,31,1,0.0,0.0,0.0,0.0,0.0,0.61370701,1.165
110.55628888999999,0.2105834074095238,0.001949581142857143,31,1,0.0,0.0,0.0,0.0,0.0,0.58853,0.644999995
110.55628888999999,0.20101143434545451,0.001949581142857143,31,1,0.0,0.0,0.0,0.0,0.0,0.64547402,0.52999999
110.55628888999999,0.18426048148333332,0.001949581142857143,31,1,0.0,0.0,0.0,0.0,0.0,0.629798,0.17500000500000001
110.55628888999999,0.14740838518666666,0.001949581142857143,31,1,0.0,0.0,0.0,0.0,0.0,0.809605,0.0549999999
110.55628888999999,0.34017319658461537,0.001949581142857143,31,-1,0.0,0.0,0.0,0.0,0.0,0.78283101,0.37000000499999997
110.55628888999999,0.2948167703733333,0.001949581142857143,31,-1,0.0,0.0,0.0,0.0,0.0,0.67917001,0.955000015
110.55628888999999,0.276390722225,0.001949581142857143,31,-1,0.0,0.0,0.0,0.0,0.0,0.64257503,1.5350000000000001
110.55628888999999,0.2601324444470588,0.001949581142857143,31,-1,0.0,0.0,0.0,0.0,0.0,0.60898799,2.375
110.55628888999999,0.24568064197777775,0.001949581142857143,31,-1,0.0,0.0,0.0,0.0,0.0,0.57800102,3.5249999499999998
110.55628888999999,0.23275008187368418,0.001949581142857143,31,-1,0.0,0.0,0.0,0.0,0.0,0.54189402,4.97500015
110.55628888999999,0.22111257777999999,0.001949581142857143,31,-1,0.0,0.0,0.0,0.0,0.0,0.53121001,6.85000015
108.66686277,0.24148191726666665,0.0019124234285714287,30,1,0.0,0.0,0.0,0.0,0.0,0.65715802,2.51999995
108.66686277,0.2287723426736842,0.0019124234285714287,30,1,0.0,0.0,0.0,0.0,0.0,0.634139,1.585
108.66686277,0.21733372554,0.0019124234285714287,30,1,0.0,0.0,0.0,0.0,0.0,0.62274802,0.97
108.66686277,0.2069845005142857,0.0019124234285714287,30,1,0.0,0.0,0.0,0.0,0.0,0.621185,0.5900000000000001
108.66686277,0.19757611412727272,0.0019124234285714287,30,1,0.0,0.0,0.0,0.0,0.0,0.62281603,0.355000005
108.66686277,0.18898584829565215,0.0019124234285714287,30,1,0.0,0.0,0.0,0.0,0.0,0.63716298,0.229999995
108.66686277,0.18111143794999998,0.0019124234285714287,30,1,0.0,0.0,0.0,0.0,0.0,0.69145,0.20500000000000002
108.66686277,0.31047675077142856,0.0019124234285714287,30,-1,0.0,0.0,0.0,0.0,0.0,0.735255,0.6799999800000001
108.66686277,0.28977830072,0.0019124234285714287,30,-1,0.0,0.0,0.0,0.0,0.0,0.68668997,1.0899999500000002
108.66686277,0.271667156925,0.0019124234285714287,30,-1,0.0,0.0,0.0,0.0,0.0,0.63919598,1.6949999999999998
108.66686277,0.25568673592941177,0.0019124234285714287,30,-1,0.0,0.0,0.0,0.0,0.0,0.60251302,2.605
108.66686277,0.24148191726666665,0.0019124234285714287,30,-1,0.0,0.0,0.0,0.0,0.0,0.56465602,3.82500005
108.66686277,0.2287723426736842,0.0019124234285714287,30,-1,0.0,0.0,0.0,0.0,0.0,0.53547198,5.42499995
108.66686277,0.21733372554,0.0019124234285714287,30,-1,0.0,0.0,0.0,0.0,0.0,0.56141597,7.52499985
106.45424534,0.26613561335,0.0018445471428571428,29,1,0.0,0.0,0.0,0.0,0.0,0.699103,4.60000015
106.45424534,0.25048057727058826,0.0018445471428571428,29,1,0.0,0.0,0.0,0.0,0.0,0.66116399,3.1000000500000002
106.45424534,0.23656498964444445,0.0018445471428571428,29,1,0.0,0.0,0.0,0.0,0.0,0.62914401,1.9449999999999998
106.45424534,0.22411420071578947,0.0018445471428571428,29,1,0.0,0.0,0.0,0.0,0.0,0.61010301,1.15999995
106.45424534,0.21290849068,0.0018445471428571428,29,1,0.0,0.0,0.0,0.0,0.0,0.60113603,0.66999999
106.45424534,0.20276999112380953,0.0018445471428571428,29,1,0.0,0.0,0.0,0.0,0.0,0.59867001,0.38000001
106.45424534,0.19355317334545455,0.0018445471428571428,29,1,0.0,0.0,0.0,0.0,0.0,0.60107797,0.214999995
106.45424534,0.3275515241230769,0.0018445471428571428,29,-1,0.0,0.0,0.0,0.0,0.0,0.71420598,0.32999999
106.45424534,0.3041549866857143,0.0018445471428571428,29,-1,0.0,0.0,0.0,0.0,0.0,0.70510602,0.69
106.45424534,0.2838779875733333,0.0018445471428571428,29,-1,0.0,0.0,0.0,0.0,0.0,0.64685398,1.1
106.45424534,0.26613561335,0.0018445471428571428,29,-1,0.0,0.0,0.0,0.0,0.0,0.59909999,1.76
106.45424534,0.25048057727058826,0.0018445471428571428,29,-1,0.0,0.0,0.0,0.0,0.0,0.55875403,2.75
110.35740193,0.27589350482499997,0.001815126,28,1,0.0,0.0,0.0,0.0,0.0,0.69165999,5.625
110.35740193,0.25966447512941176,0.001815126,28,1,0.0,0.0,0.0,0.0,0.0,0.66048002,3.95000005
110.35740193,0.24523867095555554,0.001815126,28,1,0.0,0.0,0.0,0.0,0.0,0.63114703,2.6
110.35740193,0.2323313724842105,0.001815126,28,1,0.0,0.0,0.0,0.0,0.0,0.609568,1.6099999999999999
110.35740193,0.22071480386,0.001815126,28,1,0.0,0.0,0.0,0.0,0.0,0.59893799,0.9600000099999999
110.35740193,0.2102045751047619,0.001815126,28,1,0.0,0.0,0.0,0.0,0.0,0.59257197,0.549999995
110.35740193,0.20064982169090909,0.001815126,28,1,0.0,0.0,0.0,0.0,0.0,0.62321502,0.37999999500000003
110.35740193,0.18392900321666666,0.001815126,28,1,0.0,0.0,0.0,0.0,0.0,0.611202,0.110000005
110.35740193,0.36785800643333333,0.001815126,28,-1,0.0,0.0,0.0,0.0,0.0,0.86820698,0.21000000000000002
110.35740193,0.31530686265714286,0.001815126,28,-1,0.0,0.0,0.0,0.0,0.0,0.72535199,0.5099999900000001
110.35740193,0.29428640514666665,0.001815126,28,-1,0.0,0.0,0.0,0.0,0.0,0.65939802,0.794999985
110.35740193,0.27589350482499997,0.001815126,28,-1,0.0,0.0,0.0,0.0,0.0,0.612167,1.3
110.35740193,0.25966447512941176,0.001815126,28,-1,0.0,0.0,0.0,0.0,0.0,0.57506299,2.1
110.35740193,0.24523867095555554,0.001815126,28,-1,0.0,0.0,0.0,0.0,0.0,0.55286402,3.29999995
110.35740193,0.2323313724842105,0.001815126,28,-1,0.0,0.0,0.0,0.0,0.0,0.51224601,4.77499985
110.35740193,0.22071480386,0.001815126,28,-1,0.0,0.0,0.0,0.0,0.0,0.54839998,6.875
112.14738457,0.25488041947727275,0.001860243142857143,32,1,0.0,0.0,0.0,0.0,0.0,0.674137,3.8499999000000003
112.14738457,0.23364038452083333,0.001860243142857143,32,1,0.0,0.0,0.0,0.0,0.0,0.61291498,1.92500005
108.16964537,0.21633929074,0.0018417217142857143,31,1,0.0,0.0,0.0,0.0,0.0,0.65149099,1.070000005
105.83272359,0.2519826752142857,0.001778488857142857,29,1,0.0,0.0,0.0,0.0,0.0,0.67243302,3.2149998999999996
105.83272359,0.24901817315294117,0.001778488857142857,29,1,0.0,0.0,0.0,0.0,0.0,0.63490701,2.80999995
105.83272359,0.246122613,0.001778488857142857,29,1,0.0,0.0,0.0,0.0,0.0,0.65827399,2.70499995
105.83272359,0.23007113823913045,0.001778488857142857,29,1,0.0,0.0,0.0,0.0,0.0,0.65246999,1.6349999499999999
101.60637569,0.2605291684358974,0.0017206237142857142,28,-1,0.0,0.0,0.0,0.0,0.0,0.65786397,2.245
104.39079313,0.2319795402888889,0.0018357348571428572,32,1,0.0,0.0,0.0,0.0,0.0,0.59749299,1.61
104.39079313,0.22449632931182797,0.0018357348571428572,32,1,0.0,0.0,0.0,0.0,0.0,0.73881298,1.83499995
104.39079313,0.2197700908,0.0018357348571428572,32,1,0.0,0.0,0.0,0.0,0.0,0.81272399,1.9100000000000001
104.39079313,0.2515440798313253,0.0018357348571428572,32,-1,0.0,0.0,0.0,0.0,0.0,0.62273997,3.04999995
104.39079313,0.22693650680434785,0.0018357348571428572,32,-1,0.0,0.0,0.0,0.0,0.0,0.57034999,5.72500015
109.76074105,0.23861030663043475,0.0017662117142857143,31,1,0.0,0.0,0.0,0.0,0.0,0.64133602,2.2949999500000002
109.76074105,0.23353349159574466,0.0017662117142857143,31,1,0.0,0.0,0.0,0.0,0.0,0.598445,1.755
109.76074105,0.23107524431578946,0.0017662117142857143,31,1,0.0,0.0,0.0,0.0,0.0,0.603194,1.63000005
109.76074105,0.2217388708080808,0.0017662117142857143,31,1,0.0,0.0,0.0,0.0,0.0,0.63603503,1.27499995
109.76074105,0.2195214821,0.0017662117142857143,31,1,0.0,0.0,0.0,0.0,0.0,0.56770802,0.8949999900000001
109.76074105,0.274401852625,0.0017662117142857143,31,-1,0.0,0.0,0.0,0.0,0.0,0.62172103,1.5350000000000001
109.76074105,0.22400151234693877,0.0017662117142857143,31,-1,0.0,0.0,0.0,0.0,0.0,0.59984797,6.57500005
105.53439315,0.2483162191764706,0.0018060342857142858,30,1,0.0,0.0,0.0,0.0,0.0,0.58152699,2.79999995
105.53439315,0.24542882127906976,0.0018060342857142858,30,1,0.0,0.0,0.0,0.0,0.0,0.59497797,2.64
105.53439315,0.23985089352272726,0.0018060342857142858,30,1,0.0,0.0,0.0,0.0,0.0,0.56901801,2.10500005
105.53439315,0.23715593966292134,0.0018060342857142858,30,1,0.0,0.0,0.0,0.0,0.0,0.59410298,2.04
105.53439315,0.23452087366666666,0.0018060342857142858,30,1,0.0,0.0,0.0,0.0,0.0,0.595869,1.875
105.53439315,0.30152683757142856,0.0018060342857142858,30,-1,0.0,0.0,0.0,0.0,0.0,0.63358998,0.515000015
105.53439315,0.263835982875,0.0018060342857142858,30,-1,0.0,0.0,0.0,0.0,0.0,0.61468399,1.83
105.50953227999999,0.2637738307,0.001811054857142857,29,1,0.0,0.0,0.0,0.0,0.0,0.45273599,3.5100000000000002
105.50953227999999,0.23446562728888887,0.001811054857142857,29,1,0.0,0.0,0.0,0.0,0.0,0.54237098,1.56
105.50953227999999,0.2705372622564102,0.001811054857142857,29,-1,0.0,0.0,0.0,0.0,0.0,0.56455201,1.230000005
106.77743665,0.24831962011627906,0.0017044781818181818,32,1,0.0,0.0,0.0,0.0,0.0,0.57399303,2.865
106.77743665,0.2399492958426966,0.0017044781818181818,32,1,0.0,0.0,0.0,0.0,0.0,0.580468,2.2650000500000003
106.77743665,0.22245299302083332,0.0017044781818181818,32,1,0.0,0.0,0.0,0.0,0.0,0.56885701,1.154999985
103.71954964,0.23843574629885056,0.0018502,31,1,0.0,0.0,0.0,0.0,0.0,0.58608001,2.015
103.71954964,0.17286591606666665,0.0018502,31,1,0.0,0.0,0.0,0.0,0.0,0.67374998,0.115
103.71954964,0.21167255028571427,0.0018502,31,-1,0.0,0.0,0.0,0.0,0.0,0.748285,8.75
106.40452359999999,0.19346277018181818,0.0018759670833333332,30,1,0.0,0.0,0.0,0.0,0.0,0.66002798,0.359999995
106.40452359999999,0.17734087266666665,0.0018759670833333332,30,1,0.0,0.0,0.0,0.0,0.0,0.696262,0.17
106.40452359999999,0.3546817453333333,0.0018759670833333332,30,-1,0.0,0.0,0.0,0.0,0.0,0.806804,0.239999995
106.40452359999999,0.21715208897959182,0.0018759670833333332,30,-1,0.0,0.0,0.0,0.0,0.0,0.396323,6.799999699999999
105.21120184,0.25661268741463417,0.001748941666666667,29,1,0.0,0.0,0.0,0.0,0.0,0.871701,4.70000005
105.21120184,0.2475557690352941,0.001748941666666667,29,1,0.0,0.0,0.0,0.0,0.0,0.62949598,2.8500000500000002
105.21120184,0.24467721358139535,0.001748941666666667,29,1,0.0,0.0,0.0,0.0,0.0,0.64501202,2.7050000499999998
105.21120184,0.19129309425454546,0.001748941666666667,29,1,0.0,0.0,0.0,0.0,0.0,0.74601501,0.5
105.21120184,0.17535200306666668,0.001748941666666667,29,1,0.0,0.0,0.0,0.0,0.0,0.71520197,0.164999997
105.21120184,0.35070400613333336,0.001748941666666667,29,-1,0.0,0.0,0.0,0.0,0.0,1.34286,1.33499995
105.18634097,0.35062113656666666,0.0016880537499999997,28,-1,0.0,0.0,0.0,0.0,0.0,0.84438801,0.3050000045
105.18634097,0.25044366897619047,0.0016880537499999997,28,-1,0.0,0.0,0.0,0.0,0.0,0.43808401,2.244999945
104.04274095,0.2419598626744186,0.0017941949999999997,32,1,0.0,0.0,0.0,0.0,0.0,0.97651899,3.7100000499999997
104.04274095,0.21903734936842104,0.0017941949999999997,32,1,0.0,0.0,0.0,0.0,0.0,0.602561,0.8
104.04274095,0.20808548189999998,0.0017941949999999997,32,1,0.0,0.0,0.0,0.0,0.0,0.61326897,0.495000005
104.04274095,0.17340456825,0.0017941949999999997,32,1,0.0,0.0,0.0,0.0,0.0,0.723625,0.1349999995
104.04274095,0.29726497414285713,0.0017941949999999997,32,-1,0.0,0.0,0.0,0.0,0.0,0.64331198,0.939999985
104.04274095,0.260106852375,0.0017941949999999997,32,-1,0.0,0.0,0.0,0.0,0.0,0.55907798,2.475
104.04274095,0.3468091365,0.0025961422222222225,186,1,0.0,0.0,0.0,0.0,0.0,0.615816,13.525
104.04274095,0.18094389730434782,0.0025961422222222225,186,1,0.0,0.0,0.0,0.0,0.0,0.54264802,2.005
104.04274095,0.17340456825,0.0025961422222222225,186,1,0.0,0.0,0.0,0.0,0.0,0.54058498,1.65
104.04274095,0.14863248707142857,0.0025961422222222225,186,1,0.0,0.0,0.0,0.0,0.0,0.518664,0.660000025
104.04274095,0.3468091365,0.0025961422222222225,186,-1,0.0,0.0,0.0,0.0,0.0,0.60870898,2.0950000500000003
104.04274095,0.3201315106153846,0.0025961422222222225,186,-1,0.0,0.0,0.0,0.0,0.0,0.57515198,2.6600001000000004
104.04274095,0.260106852375,0.0025961422222222225,186,-1,0.0,0.0,0.0,0.0,0.0,0.54354799,5.7750001
104.52752791500001,0.24887506646428573,0.0017907,31,1,0.0,0.0,0.0,0.0,0.0,0.71724302,3.28499995
104.52752791500001,0.24308727422093024,0.0017907,31,1,0.0,0.0,0.0,0.0,0.0,0.69898802,2.7749999499999998
104.52752791500001,0.23756256344318183,0.0017907,31,1,0.0,0.0,0.0,0.0,0.0,0.71932203,2.49500005
104.52752791500001,0.20905505583,0.0017907,31,1,0.0,0.0,0.0,0.0,0.0,0.62323499,0.6649999950000001
104.52752791500001,0.29865007975714286,0.0017907,31,-1,0.0,0.0,0.0,0.0,0.0,0.72030199,0.935000015
104.52752791500001,0.24887506646428573,0.0017907,31,-1,0.0,0.0,0.0,0.0,0.0,0.60130203,3.15999995
104.52752791500001,0.24308727422093024,0.0017907,31,-1,0.0,0.0,0.0,0.0,0.0,0.707012,4.2550001
104.52752791500001,0.23228339536666667,0.0025826566666666668,185,1,0.0,0.0,0.0,0.0,0.0,0.57767302,5.4000001
104.52752791500001,0.22005795350526317,0.0025826566666666668,185,1,0.0,0.0,0.0,0.0,0.0,0.57772398,4.5999999
104.52752791500001,0.20905505583,0.0025826566666666668,185,1,0.0,0.0,0.0,0.0,0.0,0.56810999,3.8000000500000004
104.52752791500001,0.1991000531714286,0.0025826566666666668,185,1,0.0,0.0,0.0,0.0,0.0,0.55835599,3.1
104.52752791500001,0.19005005075454548,0.0025826566666666668,185,1,0.0,0.0,0.0,0.0,0.0,0.53551698,2.3749999
104.52752791500001,0.167244044664,0.0025826566666666668,185,1,0.0,0.0,0.0,0.0,0.0,0.51675397,1.209999985
104.52752791500001,0.14932503987857143,0.0025826566666666668,185,1,0.0,0.0,0.0,0.0,0.0,0.51147699,0.6349999900000001
104.52752791500001,0.34842509305,0.0025826566666666668,185,-1,0.0,0.0,0.0,0.0,0.0,0.58862299,1.9
104.52752791500001,0.3216231628153846,0.0025826566666666668,185,-1,0.0,0.0,0.0,0.0,0.0,0.60182202,2.835
104.52752791500001,0.29865007975714286,0.0025826566666666668,185,-1,0.0,0.0,0.0,0.0,0.0,0.57455701,3.57500005
104.52752791500001,0.26131881978750005,0.0025826566666666668,185,-1,0.0,0.0,0.0,0.0,0.0,0.54301399,5.6750002
109.56185409,0.24347078686666665,0.0018074325000000003,30,1,0.0,0.0,0.0,0.0,0.0,0.62928599,2.66
109.56185409,0.23311032785106384,0.0018074325000000003,30,1,0.0,0.0,0.0,0.0,0.0,0.792732,2.72999995
109.56185409,0.18260309015,0.0018074325000000003,30,1,0.0,0.0,0.0,0.0,0.0,0.63784301,0.165
109.56185409,0.3652061803,0.0018074325000000003,30,-1,0.0,0.0,0.0,0.0,0.0,0.83677697,0.2100000005
109.56185409,0.43824741636,0.0023666237142857143,93,1,0.0,0.0,0.0,0.0,0.0,0.79527301,19.5
109.56185409,0.27390463522499997,0.0023666237142857143,93,1,0.0,0.0,0.0,0.0,0.0,0.58533901,7.125
109.56185409,0.2577925978588235,0.0023666237142857143,93,1,0.0,0.0,0.0,0.0,0.0,0.57711899,5.72500015
109.56185409,0.24347078686666665,0.0023666237142857143,93,1,0.0,0.0,0.0,0.0,0.0,0.56650001,4.5
109.56185409,0.23065653492631577,0.0023666237142857143,93,1,0.0,0.0,0.0,0.0,0.0,0.55682999,3.4750000500000002
109.56185409,0.21912370818,0.0023666237142857143,93,1,0.0,0.0,0.0,0.0,0.0,0.52912402,2.48000005
109.56185409,0.19920337107272726,0.0023666237142857143,93,1,0.0,0.0,0.0,0.0,0.0,0.51678503,1.335
109.56185409,0.18260309015,0.0023666237142857143,93,1,0.0,0.0,0.0,0.0,0.0,0.52072102,0.7450000050000001
109.56185409,0.29216494424,0.00263322,184,1,0.0,0.0,0.0,0.0,0.0,0.68966198,11.225000000000001
109.56185409,0.27390463522499997,0.00263322,184,1,0.0,0.0,0.0,0.0,0.0,0.61333102,9.1000004
109.56185409,0.2577925978588235,0.00263322,184,1,0.0,0.0,0.0,0.0,0.0,0.60458499,7.8249998
109.56185409,0.24347078686666665,0.00263322,184,1,0.0,0.0,0.0,0.0,0.0,0.58488399,6.54999995
109.56185409,0.21912370818,0.00263322,184,1,0.0,0.0,0.0,0.0,0.0,0.55303597,4.45000005
109.56185409,0.19920337107272726,0.00263322,184,1,0.0,0.0,0.0,0.0,0.0,0.53032202,2.9300000500000003
109.56185409,0.18260309015,0.00263322,184,1,0.0,0.0,0.0,0.0,0.0,0.51991099,1.95
109.56185409,0.1565169344142857,0.00263322,184,1,0.0,0.0,0.0,0.0,0.0,0.50141501,0.800000015
109.56185409,0.5478092704499999,0.00263322,184,-1,0.0,0.0,0.0,0.0,0.0,0.80205101,0.665000045
109.56185409,0.3652061803,0.00263322,184,-1,0.0,0.0,0.0,0.0,0.0,0.65139002,2.02
109.56185409,0.3130338688285714,0.00263322,184,-1,0.0,0.0,0.0,0.0,0.0,0.58022302,3.0950000500000003
109.56185409,0.2577925978588235,0.00263322,184,-1,0.0,0.0,0.0,0.0,0.0,0.54053998,6.1999998
108.89061059999999,0.26238701349397586,0.0018298316666666664,29,1,0.0,0.0,0.0,0.0,0.0,0.68309999,4.5250001
108.89061059999999,0.3111160302857143,0.0018298316666666664,29,-1,0.0,0.0,0.0,0.0,0.0,1.010699,1.369999955
108.89061059999999,0.3111160302857143,0.0023851768571428573,92,1,0.0,0.0,0.0,0.0,0.0,0.61009598,10.325
108.89061059999999,0.2562132014117647,0.0023851768571428573,92,1,0.0,0.0,0.0,0.0,0.0,0.56392097,5.42499995
108.89061059999999,0.24197913466666665,0.0023851768571428573,92,1,0.0,0.0,0.0,0.0,0.0,0.551332,4.20000005
108.89061059999999,0.21778122119999999,0.0023851768571428573,92,1,0.0,0.0,0.0,0.0,0.0,0.53837597,2.43499995
108.89061059999999,0.19798292836363635,0.0023851768571428573,92,1,0.0,0.0,0.0,0.0,0.0,0.51433003,1.23999995
108.89061059999999,0.181484351,0.0023851768571428573,92,1,0.0,0.0,0.0,0.0,0.0,0.51146603,0.650000005
108.89061059999999,0.15019394565517238,0.0023851768571428573,92,1,0.0,0.0,0.0,0.0,0.0,0.54012102,0.170000005
108.89061059999999,0.362968702,0.0023851768571428573,92,-1,0.0,0.0,0.0,0.0,0.0,0.63683099,0.7100000049999999
108.89061059999999,0.3111160302857143,0.0023851768571428573,92,-1,0.0,0.0,0.0,0.0,0.0,0.56428999,1.4300000000000002
108.89061059999999,0.2562132014117647,0.0023851768571428573,92,-1,0.0,0.0,0.0,0.0,0.0,0.52242702,4.07500005
108.89061059999999,0.3959658567272727,0.002619671111111111,183,-1,0.0,0.0,0.0,0.0,0.0,0.59749198,1.084999955
107.908606235,0.2452468323522727,0.0017401625,28,1,0.0,0.0,0.0,0.0,0.0,0.61839801,2.655
107.908606235,0.23716177194505494,0.0017401625,28,1,0.0,0.0,0.0,0.0,0.0,0.62667501,2.105
107.908606235,0.23458392659782606,0.0017401625,28,1,0.0,0.0,0.0,0.0,0.0,0.620682,1.90499995
107.908606235,0.2320615187849462,0.0017401625,28,1,0.0,0.0,0.0,0.0,0.0,0.65145898,1.88500005
107.908606235,0.22959277922340424,0.0017401625,28,1,0.0,0.0,0.0,0.0,0.0,0.56603301,1.35499995
107.908606235,0.22717601312631577,0.0017401625,28,1,0.0,0.0,0.0,0.0,0.0,0.54135698,1.12
107.908606235,0.22480959632291667,0.0017401625,28,1,0.0,0.0,0.0,0.0,0.0,0.62480801,1.3450000100000001
107.908606235,0.2697715155875,0.0017401625,28,-1,0.0,0.0,0.0,0.0,0.0,0.612234,1.45999995
107.908606235,0.24249124996629212,0.0017401625,28,-1,0.0,0.0,0.0,0.0,0.0,0.56092101,3.3500000500000002
107.908606235,0.2697715155875,0.0023622765714285715,91,1,0.0,0.0,0.0,0.0,0.0,0.55657202,6.4000001
107.908606235,0.23979690274444443,0.0023622765714285715,91,1,0.0,0.0,0.0,0.0,0.0,0.52543801,3.75
107.908606235,0.22717601312631577,0.0023622765714285715,91,1,0.0,0.0,0.0,0.0,0.0,0.512555,2.7649999999999997
107.908606235,0.21581721247,0.0023622765714285715,91,1,0.0,0.0,0.0,0.0,0.0,0.517124,2.10499995
107.908606235,0.17984767705833332,0.0023622765714285715,91,1,0.0,0.0,0.0,0.0,0.0,0.50494599,0.56
107.908606235,0.3083103035285714,0.0023622765714285715,91,-1,0.0,0.0,0.0,0.0,0.0,0.53636998,1.3250000499999999
107.908606235,0.2877562832933333,0.0023622765714285715,91,-1,0.0,0.0,0.0,0.0,0.0,0.52722001,2.03499995
107.908606235,0.25390260290588235,0.0023622765714285715,91,-1,0.0,0.0,0.0,0.0,0.0,0.49638399,4.0
107.908606235,0.21581721247,0.0023622765714285715,91,-1,0.0,0.0,0.0,0.0,0.0,0.52918702,9.1999998
107.908606235,0.25390260290588235,0.0026018477777777775,182,1,0.0,0.0,0.0,0.0,0.0,0.56548703,6.92499995
107.908606235,0.21581721247,0.0026018477777777775,182,1,0.0,0.0,0.0,0.0,0.0,0.53824002,3.94999995
107.908606235,0.17984767705833332,0.0026018477777777775,182,1,0.0,0.0,0.0,0.0,0.0,0.537157,1.9249999999999998
107.908606235,0.43163442494,0.0026018477777777775,182,-1,0.0,0.0,0.0,0.0,0.0,0.63578898,0.8400000000000001
107.908606235,0.21581721247,0.0026018477777777775,182,-1,0.0,0.0,0.0,0.0,0.0,0.45288801,10.375
108.34367146,0.3095533470285714,0.001767662857142857,32,1,0.0,0.0,0.0,0.0,0.0,0.72406501,9.25
108.34367146,0.27085917865,0.001767662857142857,32,1,0.0,0.0,0.0,0.0,0.0,0.58538902,5.0250001
108.34367146,0.2549262857882353,0.001767662857142857,32,1,0.0,0.0,0.0,0.0,0.0,0.56603998,3.4499999499999996
108.34367146,0.2519620266511628,0.001767662857142857,32,1,0.0,0.0,0.0,0.0,0.0,0.562356,3.17499995
108.34367146,0.24906591140229883,0.001767662857142857,32,1,0.0,0.0,0.0,0.0,0.0,0.56089401,2.92499995
108.34367146,0.24623561695454543,0.001767662857142857,32,1,0.0,0.0,0.0,0.0,0.0,0.55002397,2.63999995
108.34367146,0.24076371435555555,0.001767662857142857,32,1,0.0,0.0,0.0,0.0,0.0,0.549519,2.22000005
108.34367146,0.23552972056521737,0.001767662857142857,32,1,0.0,0.0,0.0,0.0,0.0,0.54450601,1.83
108.34367146,0.23051844991489362,0.001767662857142857,32,1,0.0,0.0,0.0,0.0,0.0,0.52560598,1.42500005
108.34367146,0.22809193991578947,0.001767662857142857,32,1,0.0,0.0,0.0,0.0,0.0,0.52620798,1.29
108.34367146,0.22571598220833333,0.001767662857142857,32,1,0.0,0.0,0.0,0.0,0.0,0.52997202,1.1800000000000002
108.34367146,0.22110953359183672,0.001767662857142857,32,1,0.0,0.0,0.0,0.0,0.0,0.51874602,0.909999995
108.34367146,0.21668734292,0.001767662857142857,32,1,0.0,0.0,0.0,0.0,0.0,0.51954001,0.72999999
108.34367146,0.20636889801904762,0.001767662857142857,32,1,0.0,0.0,0.0,0.0,0.0,0.51989502,0.405
108.34367146,0.19698849356363635,0.001767662857142857,32,1,0.0,0.0,0.0,0.0,0.0,0.538212,0.24999999
108.34367146,0.1884237764521739,0.001767662857142857,32,1,0.0,0.0,0.0,0.0,0.0,0.54762298,0.145000005
108.34367146,0.1547766735142857,0.001767662857142857,32,1,0.0,0.0,0.0,0.0,0.0,0.71302199,0.05
108.34367146,0.3611455715333333,0.001767662857142857,32,-1,0.0,0.0,0.0,0.0,0.0,0.69281602,0.10000000549999999
108.34367146,0.3095533470285714,0.001767662857142857,32,-1,0.0,0.0,0.0,0.0,0.0,0.59710199,0.355000005
108.34367146,0.28891645722666665,0.001767662857142857,32,-1,0.0,0.0,0.0,0.0,0.0,0.57161701,0.7000000200000001
108.34367146,0.28141213366233764,0.001767662857142857,32,-1,0.0,0.0,0.0,0.0,0.0,0.471421,0.584999995
108.34367146,0.27085917865,0.001767662857142857,32,-1,0.0,0.0,0.0,0.0,0.0,0.55670702,1.315
108.34367146,0.26106908785542166,0.001767662857142857,32,-1,0.0,0.0,0.0,0.0,0.0,0.56848198,1.9300000499999999
108.34367146,0.25796112252380954,0.001767662857142857,32,-1,0.0,0.0,0.0,0.0,0.0,0.54894,2.04999995
108.34367146,0.2549262857882353,0.001767662857142857,32,-1,0.0,0.0,0.0,0.0,0.0,0.54434401,2.255
108.34367146,0.2519620266511628,0.001767662857142857,32,-1,0.0,0.0,0.0,0.0,0.0,0.54787099,2.515
108.34367146,0.24906591140229883,0.001767662857142857,32,-1,0.0,0.0,0.0,0.0,0.0,0.54752398,2.77
108.34367146,0.24623561695454543,0.001767662857142857,32,-1,0.0,0.0,0.0,0.0,0.0,0.53283203,2.96500005
108.34367146,0.24076371435555555,0.001767662857142857,32,-1,0.0,0.0,0.0,0.0,0.0,0.53809601,3.57500005
108.34367146,0.24076371435555555,0.002591631111111111,179,1,0.0,0.0,0.0,0.0,0.0,0.54667401,5.7249999
108.34367146,0.21668734292,0.002591631111111111,179,1,0.0,0.0,0.0,0.0,0.0,0.523772,3.8000000500000004
108.34367146,0.19698849356363635,0.002591631111111111,179,1,0.0,0.0,0.0,0.0,0.0,0.502496,2.39999995
108.34367146,0.1884237764521739,0.002591631111111111,179,1,0.0,0.0,0.0,0.0,0.0,0.514355,2.08000005
108.34367146,0.18057278576666666,0.002591631111111111,179,1,0.0,0.0,0.0,0.0,0.0,0.48800701,1.4799999499999998
108.34367146,0.1547766735142857,0.002591631111111111,179,1,0.0,0.0,0.0,0.0,0.0,0.51158297,0.75999999
108.34367146,0.135429589325,0.002591631111111111,179,1,0.0,0.0,0.0,0.0,0.0,0.492376,0.274999995
108.34367146,0.12746314289411764,0.002591631111111111,179,1,0.0,0.0,0.0,0.0,0.0,0.53064001,0.2799999995
108.34367146,0.2549262857882353,0.002591631111111111,179,-1,0.0,0.0,0.0,0.0,0.0,0.48131901,5.625
109.81046279,0.274526156975,0.0017374242857142858,31,1,0.0,0.0,0.0,0.0,0.0,0.58020103,5.375
109.81046279,0.25837755950588237,0.0017374242857142858,31,1,0.0,0.0,0.0,0.0,0.0,0.57723498,3.8000000500000004
109.81046279,0.24956923361363637,0.0017374242857142858,31,1,0.0,0.0,0.0,0.0,0.0,0.57874203,3.03499995
109.81046279,0.24676508492134833,0.0017374242857142858,31,1,0.0,0.0,0.0,0.0,0.0,0.57591701,2.78999995
109.81046279,0.24402325064444444,0.0017374242857142858,31,1,0.0,0.0,0.0,0.0,0.0,0.57054198,2.5449999500000002
109.81046279,0.23615153288172044,0.0017374242857142858,31,1,0.0,0.0,0.0,0.0,0.0,0.56850398,1.95999995
109.81046279,0.2311799216631579,0.0017374242857142858,31,1,0.0,0.0,0.0,0.0,0.0,0.55546498,1.575
109.81046279,0.22877179747916668,0.0017374242857142858,31,1,0.0,0.0,0.0,0.0,0.0,0.55825299,1.4449999999999998
109.81046279,0.2241029852857143,0.0017374242857142858,31,1,0.0,0.0,0.0,0.0,0.0,0.55023301,1.155
109.81046279,0.21962092558000001,0.0017374242857142858,31,1,0.0,0.0,0.0,0.0,0.0,0.556081,0.965000015
109.81046279,0.20916278626666668,0.0017374242857142858,31,1,0.0,0.0,0.0,0.0,0.0,0.54586798,0.534999995
109.81046279,0.1996553868909091,0.0017374242857142858,31,1,0.0,0.0,0.0,0.0,0.0,0.55343902,0.314999995
109.81046279,0.19097471789565218,0.0017374242857142858,31,1,0.0,0.0,0.0,0.0,0.0,0.57718599,0.21
109.81046279,0.18301743798333334,0.0017374242857142858,31,1,0.0,0.0,0.0,0.0,0.0,0.59743798,0.14
109.81046279,0.30502906330555557,0.0017374242857142858,31,-1,0.0,0.0,0.0,0.0,0.0,0.590096,0.394999995
109.81046279,0.29678503456756755,0.0017374242857142858,31,-1,0.0,0.0,0.0,0.0,0.0,0.57761699,0.515
109.81046279,0.2928279007733333,0.0017374242857142858,31,-1,0.0,0.0,0.0,0.0,0.0,0.58306903,0.619999975
109.81046279,0.2889749020789474,0.0017374242857142858,31,-1,0.0,0.0,0.0,0.0,0.0,0.58124399,0.715000005
109.81046279,0.2852219812727273,0.0017374242857142858,31,-1,0.0,0.0,0.0,0.0,0.0,0.496492,0.550000002
109.81046279,0.274526156975,0.0017374242857142858,31,-1,0.0,0.0,0.0,0.0,0.0,0.58269298,1.24
109.81046279,0.27113694516049386,0.0017374242857142858,31,-1,0.0,0.0,0.0,0.0,0.0,0.58464801,1.4100000000000001
109.81046279,0.25837755950588237,0.0017374242857142858,31,-1,0.0,0.0,0.0,0.0,0.0,0.58017898,2.1699999500000002
109.81046279,0.24956923361363637,0.0017374242857142858,31,-1,0.0,0.0,0.0,0.0,0.0,0.574655,2.87
109.81046279,0.24676508492134833,0.0017374242857142858,31,-1,0.0,0.0,0.0,0.0,0.0,0.57670897,3.15
109.81046279,0.24402325064444444,0.0017374242857142858,31,-1,0.0,0.0,0.0,0.0,0.0,0.570346,3.4
109.81046279,0.21962092558000001,0.0017374242857142858,31,-1,0.0,0.0,0.0,0.0,0.0,0.55086899,6.79999995
109.81046279,0.1996553868909091,0.0017374242857142858,31,-1,0.0,0.0,0.0,0.0,0.0,0.544164,11.15
109.81046279,0.10458139313333334,0.0025227977777777777,178,1,0.0,0.0,0.0,0.0,0.0,0.52137297,0.06
109.81046279,0.2928279007733333,0.0025227977777777777,178,1,0.0,0.0,0.0,0.0,0.0,0.58912498,10.149999900000001
109.81046279,0.25837755950588237,0.0025227977777777777,178,1,0.0,0.0,0.0,0.0,0.0,0.55403697,7.1750002
109.81046279,0.24402325064444444,0.0025227977777777777,178,1,0.0,0.0,0.0,0.0,0.0,0.54448599,6.0
109.81046279,0.2311799216631579,0.0025227977777777777,178,1,0.0,0.0,0.0,0.0,0.0,0.53077799,4.9000001
109.81046279,0.1996553868909091,0.0025227977777777777,178,1,0.0,0.0,0.0,0.0,0.0,0.49932799,2.53
109.81046279,0.18301743798333334,0.0025227977777777777,178,1,0.0,0.0,0.0,0.0,0.0,0.49395999,1.65
109.81046279,0.1689391735230769,0.0025227977777777777,178,1,0.0,0.0,0.0,0.0,0.0,0.48596001,1.029999995
109.81046279,0.12918877975294119,0.0025227977777777777,178,1,0.0,0.0,0.0,0.0,0.0,0.52435499,0.28500000000000003
109.81046279,0.3993107737818182,0.0025227977777777777,178,-1,0.0,0.0,0.0,0.0,0.0,0.58708,0.95000001
109.81046279,0.3660348759666667,0.0025227977777777777,178,-1,0.0,0.0,0.0,0.0,0.0,0.56441998,1.3399999999999999
109.81046279,0.24402325064444444,0.0025227977777777777,178,-1,0.0,0.0,0.0,0.0,0.0,0.47623599,6.75
109.81046279,0.175696740464,0.0025227977777777777,178,-1,0.0,0.0,0.0,0.0,0.0,0.464883,20.3249995
109.28838452,0.2732209613,0.0017556971428571426,30,1,0.0,0.0,0.0,0.0,0.0,0.592071,5.25
109.28838452,0.2571491400470588,0.0017556971428571426,30,1,0.0,0.0,0.0,0.0,0.0,0.58381402,3.67499995
109.28838452,0.25415903376744187,0.0017556971428571426,30,1,0.0,0.0,0.0,0.0,0.0,0.57704002,3.375
109.28838452,0.25123766556321836,0.0017556971428571426,30,1,0.0,0.0,0.0,0.0,0.0,0.57768202,3.125
109.28838452,0.24838269209090907,0.0017556971428571426,30,1,0.0,0.0,0.0,0.0,0.0,0.57554501,2.875
109.28838452,0.2428630767111111,0.0017556971428571426,30,1,0.0,0.0,0.0,0.0,0.0,0.56526202,2.385
109.28838452,0.23758344460869563,0.0017556971428571426,30,1,0.0,0.0,0.0,0.0,0.0,0.567294,2.01
109.28838452,0.2350287839139785,0.0017556971428571426,30,1,0.0,0.0,0.0,0.0,0.0,0.565965,1.83
109.28838452,0.23008080951578946,0.0017556971428571426,30,1,0.0,0.0,0.0,0.0,0.0,0.56303501,1.505
109.28838452,0.21857676903999998,0.0017556971428571426,30,1,0.0,0.0,0.0,0.0,0.0,0.56859601,0.935000005
109.28838452,0.20816835146666665,0.0017556971428571426,30,1,0.0,0.0,0.0,0.0,0.0,0.58042401,0.5850000049999999
109.28838452,0.18214730753333333,0.0017556971428571426,30,1,0.0,0.0,0.0,0.0,0.0,0.63706899,0.170000005
109.28838452,0.2914356920533333,0.0017556971428571426,30,-1,0.0,0.0,0.0,0.0,0.0,0.58879799,0.63500002
109.28838452,0.2876010118947368,0.0017556971428571426,30,-1,0.0,0.0,0.0,0.0,0.0,0.59706599,0.764999985
109.28838452,0.2732209613,0.0017556971428571426,30,-1,0.0,0.0,0.0,0.0,0.0,0.583664,1.25
109.28838452,0.2571491400470588,0.0017556971428571426,30,-1,0.0,0.0,0.0,0.0,0.0,0.57364798,2.15999995
109.28838452,0.25415903376744187,0.0017556971428571426,30,-1,0.0,0.0,0.0,0.0,0.0,0.56808001,2.365
109.28838452,0.25123766556321836,0.0017556971428571426,30,-1,0.0,0.0,0.0,0.0,0.0,0.568847,2.615
109.28838452,0.24838269209090907,0.0017556971428571426,30,-1,0.0,0.0,0.0,0.0,0.0,0.55581701,2.81000005
109.28838452,0.24559187532584267,0.0017556971428571426,30,-1,0.0,0.0,0.0,0.0,0.0,0.56899703,3.15
109.28838452,0.2428630767111111,0.0017556971428571426,30,-1,0.0,0.0,0.0,0.0,0.0,0.57147402,3.45000005
109.28838452,0.23008080951578946,0.0025568155555555556,177,1,0.0,0.0,0.0,0.0,0.0,0.53436202,4.8249998
109.28838452,0.19870615367272726,0.0025568155555555556,177,1,0.0,0.0,0.0,0.0,0.0,0.50254899,2.48500005
109.28838452,0.18214730753333333,0.0025568155555555556,177,1,0.0,0.0,0.0,0.0,0.0,0.49165899,1.5699999999999998
109.28838452,0.16813597618461537,0.0025568155555555556,177,1,0.0,0.0,0.0,0.0,0.0,0.46276399,0.82999999
109.28838452,0.2914356920533333,0.0025568155555555556,177,-1,0.0,0.0,0.0,0.0,0.0,0.51714897,3.4
109.28838452,0.2571491400470588,0.0025568155555555556,177,-1,0.0,0.0,0.0,0.0,0.0,0.49563801,5.60000015
109.28838452,0.2428630767111111,0.0025568155555555556,177,-1,0.0,0.0,0.0,0.0,0.0,0.47115901,6.7750001
109.28838452,0.23008080951578946,0.0025568155555555556,177,-1,0.0,0.0,0.0,0.0,0.0,0.454431,8.2000003
114.75777591999999,0.28689443979999996,0.00166244,29,1,0.0,0.0,0.0,0.0,0.0,0.58610302,6.8499999
114.75777591999999,0.2700182962823529,0.00166244,29,1,0.0,0.0,0.0,0.0,0.0,0.570521,4.9749999
114.75777591999999,0.26381097912643675,0.00166244,29,1,0.0,0.0,0.0,0.0,0.0,0.57851398,4.375
114.75777591999999,0.26081312709090904,0.00166244,29,1,0.0,0.0,0.0,0.0,0.0,0.57795203,4.07500005
114.75777591999999,0.2578826425168539,0.00166244,29,1,0.0,0.0,0.0,0.0,0.0,0.57461399,3.7749999499999998
114.75777591999999,0.25501727982222216,0.00166244,29,1,0.0,0.0,0.0,0.0,0.0,0.56869,3.4750000500000002
114.75777591999999,0.2522148921318681,0.00166244,29,1,0.0,0.0,0.0,0.0,0.0,0.54948598,3.12000005
114.75777591999999,0.24947342591304345,0.00166244,29,1,0.0,0.0,0.0,0.0,0.0,0.56861597,2.9750000500000002
114.75777591999999,0.2467909159569892,0.00166244,29,1,0.0,0.0,0.0,0.0,0.0,0.56176299,2.71000005
114.75777591999999,0.24416548068085103,0.00166244,29,1,0.0,0.0,0.0,0.0,0.0,0.55911303,2.48000005
114.75777591999999,0.24159531772631576,0.00166244,29,1,0.0,0.0,0.0,0.0,0.0,0.555785,2.25999995
114.75777591999999,0.2390786998333333,0.00166244,29,1,0.0,0.0,0.0,0.0,0.0,0.55773503,2.07999995
114.75777591999999,0.23419954269387752,0.00166244,29,1,0.0,0.0,0.0,0.0,0.0,0.55116999,1.705
114.75777591999999,0.22951555183999997,0.00166244,29,1,0.0,0.0,0.0,0.0,0.0,0.550102,1.40500005
114.75777591999999,0.21858623984761902,0.00166244,29,1,0.0,0.0,0.0,0.0,0.0,0.54959702,0.844999995
114.75777591999999,0.20865050167272725,0.00166244,29,1,0.0,0.0,0.0,0.0,0.0,0.556925,0.50999999
114.75777591999999,0.19126295986666664,0.00166244,29,1,0.0,0.0,0.0,0.0,0.0,0.59732699,0.219999995
114.75777591999999,0.17655042449230768,0.00166244,29,1,0.0,0.0,0.0,0.0,0.0,0.60511601,0.075000005
114.75777591999999,0.3825259197333333,0.00166244,29,-1,0.0,0.0,0.0,0.0,0.0,0.80453098,0.09500000050000001
114.75777591999999,0.3278793597714285,0.00166244,29,-1,0.0,0.0,0.0,0.0,0.0,0.71722502,0.32500000500000004
114.75777591999999,0.3101561511351351,0.00166244,29,-1,0.0,0.0,0.0,0.0,0.0,0.63549101,0.394999995
114.75777591999999,0.3060207357866666,0.00166244,29,-1,0.0,0.0,0.0,0.0,0.0,0.63826603,0.47
114.75777591999999,0.2980721452467532,0.00166244,29,-1,0.0,0.0,0.0,0.0,0.0,0.62454998,0.594999985
114.75777591999999,0.29425070748717946,0.00166244,29,-1,0.0,0.0,0.0,0.0,0.0,0.62687498,0.694999995
114.75777591999999,0.29052601498734176,0.00166244,29,-1,0.0,0.0,0.0,0.0,0.0,0.61347198,0.7549999949999999
114.75777591999999,0.28689443979999996,0.00166244,29,-1,0.0,0.0,0.0,0.0,0.0,0.605865,0.8400000000000001
114.75777591999999,0.27989701443902437,0.00166244,29,-1,0.0,0.0,0.0,0.0,0.0,0.60660201,1.095
114.75777591999999,0.276524761253012,0.00166244,29,-1,0.0,0.0,0.0,0.0,0.0,0.58829802,1.165
114.75777591999999,0.27323279980952375,0.00166244,29,-1,0.0,0.0,0.0,0.0,0.0,0.58529699,1.3050000000000002
114.75777591999999,0.2700182962823529,0.00166244,29,-1,0.0,0.0,0.0,0.0,0.0,0.58191901,1.455
114.75777591999999,0.2668785486511628,0.00166244,29,-1,0.0,0.0,0.0,0.0,0.0,0.58136302,1.6299999500000002
114.75777591999999,0.26081312709090904,0.00166244,29,-1,0.0,0.0,0.0,0.0,0.0,0.584526,2.0400001
114.75777591999999,0.25501727982222216,0.00166244,29,-1,0.0,0.0,0.0,0.0,0.0,0.57271302,2.42999995
114.75777591999999,0.2522148921318681,0.00166244,29,-1,0.0,0.0,0.0,0.0,0.0,0.56407303,2.63
114.75777591999999,0.24947342591304345,0.00166244,29,-1,0.0,0.0,0.0,0.0,0.0,0.55970001,2.865
114.75777591999999,0.2467909159569892,0.00166244,29,-1,0.0,0.0,0.0,0.0,0.0,0.55760199,3.125
114.75777591999999,0.24416548068085103,0.00166244,29,-1,0.0,0.0,0.0,0.0,0.0,0.56547898,3.4499999499999996
114.75777591999999,0.24159531772631576,0.00166244,29,-1,0.0,0.0,0.0,0.0,0.0,0.55140001,3.67499995
106.52882795000001,0.266322069875,0.0016357485714285714,28,1,0.0,0.0,0.0,0.0,0.0,0.611256,4.45000005
106.52882795000001,0.2598264096341464,0.0016357485714285714,28,1,0.0,0.0,0.0,0.0,0.0,0.60530901,3.82500005
106.52882795000001,0.25364006654761906,0.0016357485714285714,28,1,0.0,0.0,0.0,0.0,0.0,0.59838402,3.25
106.52882795000001,0.2506560657647059,0.0016357485714285714,28,1,0.0,0.0,0.0,0.0,0.0,0.60167599,3.0149999999999997
106.52882795000001,0.24489385735632185,0.0016357485714285714,28,1,0.0,0.0,0.0,0.0,0.0,0.59510601,2.5249999499999998
106.52882795000001,0.24211097261363637,0.0016357485714285714,28,1,0.0,0.0,0.0,0.0,0.0,0.59486002,2.31499995
106.52882795000001,0.2393906246067416,0.0016357485714285714,28,1,0.0,0.0,0.0,0.0,0.0,0.59496301,2.12
106.52882795000001,0.2367307287777778,0.0016357485714285714,28,1,0.0,0.0,0.0,0.0,0.0,0.594441,1.935
106.52882795000001,0.2341292921978022,0.0016357485714285714,28,1,0.0,0.0,0.0,0.0,0.0,0.59110898,1.75
106.52882795000001,0.23158440858695653,0.0016357485714285714,28,1,0.0,0.0,0.0,0.0,0.0,0.58607399,1.57
106.52882795000001,0.229094253655914,0.0016357485714285714,28,1,0.0,0.0,0.0,0.0,0.0,0.58505499,1.42
106.52882795000001,0.22665708074468086,0.0016357485714285714,28,1,0.0,0.0,0.0,0.0,0.0,0.58128399,1.27
106.52882795000001,0.2242712167368421,0.0016357485714285714,28,1,0.0,0.0,0.0,0.0,0.0,0.58327597,1.1549999999999998
106.52882795000001,0.22193505822916668,0.0016357485714285714,28,1,0.0,0.0,0.0,0.0,0.0,0.58285099,1.03999995
106.52882795000001,0.2130576559,0.0016357485714285714,28,1,0.0,0.0,0.0,0.0,0.0,0.58559102,0.685000005
106.52882795000001,0.20291205323809525,0.0016357485714285714,28,1,0.0,0.0,0.0,0.0,0.0,0.59302402,0.40499999
106.52882795000001,0.1936887780909091,0.0016357485714285714,28,1,0.0,0.0,0.0,0.0,0.0,0.58816898,0.214999995
106.52882795000001,0.18526752686956524,0.0016357485714285714,28,1,0.0,0.0,0.0,0.0,0.0,0.63453501,0.16999999500000001
106.52882795000001,0.17754804658333334,0.0016357485714285714,28,1,0.0,0.0,0.0,0.0,0.0,0.66587001,0.125000005
106.52882795000001,0.16389050453846155,0.0016357485714285714,28,1,0.0,0.0,0.0,0.0,0.0,0.704126,0.0599999999
106.52882795000001,0.3550960931666667,0.0016357485714285714,28,-1,0.0,0.0,0.0,0.0,0.0,0.760665,0.1400000005
106.52882795000001,0.3277810090769231,0.0016357485714285714,28,-1,0.0,0.0,0.0,0.0,0.0,0.65739101,0.19
106.52882795000001,0.30436807985714287,0.0016357485714285714,28,-1,0.0,0.0,0.0,0.0,0.0,0.64590901,0.444999995
106.52882795000001,0.29591341097222223,0.0016357485714285714,28,-1,0.0,0.0,0.0,0.0,0.0,0.62012798,0.545000005
106.52882795000001,0.2879157512162162,0.0016357485714285714,28,-1,0.0,0.0,0.0,0.0,0.0,0.63049102,0.7749999750000001
106.52882795000001,0.28407687453333336,0.0016357485714285714,28,-1,0.0,0.0,0.0,0.0,0.0,0.62940699,0.890000015
106.52882795000001,0.2803390209210527,0.0016357485714285714,28,-1,0.0,0.0,0.0,0.0,0.0,0.62070203,0.989999995
106.52882795000001,0.2731508408974359,0.0016357485714285714,28,-1,0.0,0.0,0.0,0.0,0.0,0.612773,1.255
106.52882795000001,0.2696932353164557,0.0016357485714285714,28,-1,0.0,0.0,0.0,0.0,0.0,0.61244899,1.42
106.52882795000001,0.266322069875,0.0016357485714285714,28,-1,0.0,0.0,0.0,0.0,0.0,0.60527301,1.57
106.52882795000001,0.2598264096341464,0.0016357485714285714,28,-1,0.0,0.0,0.0,0.0,0.0,0.58959198,1.9
106.52882795000001,0.25364006654761906,0.0016357485714285714,28,-1,0.0,0.0,0.0,0.0,0.0,0.59193498,2.365
106.52882795000001,0.2506560657647059,0.0016357485714285714,28,-1,0.0,0.0,0.0,0.0,0.0,0.59531301,2.63
106.52882795000001,0.24774146034883723,0.0016357485714285714,28,-1,0.0,0.0,0.0,0.0,0.0,0.58822399,2.86000005
106.52882795000001,0.24489385735632185,0.0016357485714285714,28,-1,0.0,0.0,0.0,0.0,0.0,0.59092498,3.1499999499999998
106.52882795000001,0.24211097261363637,0.0016357485714285714,28,-1,0.0,0.0,0.0,0.0,0.0,0.59279299,3.45000005
106.52882795000001,0.2393906246067416,0.0016357485714285714,28,-1,0.0,0.0,0.0,0.0,0.0,0.59181899,3.75
106.52882795000001,0.2367307287777778,0.0016357485714285714,28,-1,0.0,0.0,0.0,0.0,0.0,0.59342599,4.07500005
108.71658450999999,0.2313118819361702,0.0016755239285714285,32,1,0.0,0.0,0.0,0.0,0.0,0.61821699,1.90999995
108.71658450999999,0.22887702002105262,0.0016755239285714285,32,1,0.0,0.0,0.0,0.0,0.0,0.54068297,1.3900000000000001
108.71658450999999,0.22649288439583332,0.0016755239285714285,32,1,0.0,0.0,0.0,0.0,0.0,0.53876901,1.25
108.71658450999999,0.31061881288571425,0.0016755239285714285,32,-1,0.0,0.0,0.0,0.0,0.0,0.66078001,0.49000000499999996
106.52882795000001,0.2367307287777778,0.0016893085714285716,31,1,0.0,0.0,0.0,0.0,0.0,0.58828598,1.98999995
105.45981054,0.21091962108,0.0016163685714285713,30,1,0.0,0.0,0.0,0.0,0.0,0.59793299,0.709999995
106.30508011999999,0.23623351137777773,0.0015580650000000002,29,1,0.0,0.0,0.0,0.0,0.0,0.57300001,1.84000005
106.30508011999999,0.21918573220618554,0.0015580650000000002,29,1,0.0,0.0,0.0,0.0,0.0,0.59876299,1.0099999849999999
107.1503497,0.23811188822222223,0.0015351271428571428,28,1,0.0,0.0,0.0,0.0,0.0,0.58516401,1.9849999500000002
107.1503497,0.26787587425000003,0.0015351271428571428,28,-1,0.0,0.0,0.0,0.0,0.0,0.61060899,1.525
107.1503497,0.23811188822222223,0.0015351271428571428,28,-1,0.0,0.0,0.0,0.0,0.0,0.58328301,3.9
107.1503497,0.21430069940000002,0.0015351271428571428,28,-1,0.0,0.0,0.0,0.0,0.0,0.57742,7.625
109.1392193,0.24804368022727272,0.0017149235714285715,32,1,0.0,0.0,0.0,0.0,0.0,0.56305897,2.87
109.1392193,0.23725917239130434,0.0017149235714285715,32,-1,0.0,0.0,0.0,0.0,0.0,0.58235598,4.25
111.27725412,0.25290285027272724,0.001669615,31,1,0.0,0.0,0.0,0.0,0.0,0.606655,3.4749999
111.27725412,0.24190707417391302,0.001669615,31,1,0.0,0.0,0.0,0.0,0.0,0.60935998,2.5899999
111.27725412,0.3179350117714286,0.001669615,31,-1,0.0,0.0,0.0,0.0,0.0,0.65804499,0.365
110.55628888999999,0.2601324444470588,0.0016719999999999999,30,1,0.0,0.0,0.0,0.0,0.0,0.619533,4.1000001500000005
110.55628888999999,0.24844109862921346,0.0016719999999999999,30,1,0.0,0.0,0.0,0.0,0.0,0.62349403,3.1
110.55628888999999,0.23522614657446805,0.0016719999999999999,30,1,0.0,0.0,0.0,0.0,0.0,0.57588798,1.8700001
110.55628888999999,0.22111257777999999,0.0016719999999999999,30,1,0.0,0.0,0.0,0.0,0.0,0.57494497,1.060000055
110.55628888999999,0.20101143434545451,0.0016719999999999999,30,1,0.0,0.0,0.0,0.0,0.0,0.66497803,0.610000015
110.55628888999999,0.18426048148333332,0.0016719999999999999,30,1,0.0,0.0,0.0,0.0,0.0,0.63885802,0.195
110.55628888999999,0.17008659829230768,0.0016719999999999999,30,1,0.0,0.0,0.0,0.0,0.0,0.75083798,0.17500000400000001
110.55628888999999,0.3158751111142857,0.0016719999999999999,30,-1,0.0,0.0,0.0,0.0,0.0,0.717668,0.499999985
110.55628888999999,0.24844109862921346,0.0016719999999999999,30,-1,0.0,0.0,0.0,0.0,0.0,0.60167801,3.125
92.73104509999999,0.25758623638888883,0.00170029,29,1,0.0,0.0,0.0,0.0,0.0,0.49745899,2.7100000499999997
92.73104509999999,0.2506244462162162,0.00170029,29,1,0.0,0.0,0.0,0.0,0.0,0.489838,2.15
92.73104509999999,0.24402906605263155,0.00170029,29,1,0.0,0.0,0.0,0.0,0.0,0.48296201,1.66999995
92.73104509999999,0.24085985740259738,0.00170029,29,1,0.0,0.0,0.0,0.0,0.0,0.46765101,1.41
92.73104509999999,0.23182761274999997,0.00170029,29,1,0.0,0.0,0.0,0.0,0.0,0.47702199,0.964999985
92.73104509999999,0.22617328073170728,0.00170029,29,1,0.0,0.0,0.0,0.0,0.0,0.46759,0.690000015
92.73104509999999,0.21565359325581393,0.00170029,29,1,0.0,0.0,0.0,0.0,0.0,0.45628399,0.334999985
92.73104509999999,0.2107523752272727,0.00170029,29,1,0.0,0.0,0.0,0.0,0.0,0.55198401,0.450000002
92.73104509999999,0.20606898911111107,0.00170029,29,1,0.0,0.0,0.0,0.0,0.0,0.51296902,0.25999999500000004
92.73104509999999,0.18924703081632652,0.00170029,29,1,0.0,0.0,0.0,0.0,0.0,0.62859797,0.194999995
92.73104509999999,0.18546209019999998,0.00170029,29,1,0.0,0.0,0.0,0.0,0.0,0.63643199,0.159999995
92.73104509999999,0.1545517418333333,0.00170029,29,1,0.0,0.0,0.0,0.0,0.0,0.73522198,0.035
92.73104509999999,0.26494584314285713,0.00170029,29,-1,0.0,0.0,0.0,0.0,0.0,0.45776999,0.95999999
92.73104509999999,0.25758623638888883,0.00170029,29,-1,0.0,0.0,0.0,0.0,0.0,0.45704001,1.3399999999999999
92.73104509999999,0.2506244462162162,0.00170029,29,-1,0.0,0.0,0.0,0.0,0.0,0.44216499,1.745
92.73104509999999,0.24402906605263155,0.00170029,29,-1,0.0,0.0,0.0,0.0,0.0,0.45054999,2.3299999
91.97278856499999,0.2554799682361111,0.0017604371428571431,28,1,0.0,0.0,0.0,0.0,0.0,0.453307,2.37
91.97278856499999,0.2485751042297297,0.0017604371428571431,28,1,0.0,0.0,0.0,0.0,0.0,0.463864,1.895
91.97278856499999,0.242033654118421,0.0017604371428571431,28,1,0.0,0.0,0.0,0.0,0.0,0.46467,1.4649999999999999
91.97278856499999,0.23582766298717944,0.0017604371428571431,28,1,0.0,0.0,0.0,0.0,0.0,0.48786899,1.19999999
91.97278856499999,0.22993197141249996,0.0017604371428571431,28,1,0.0,0.0,0.0,0.0,0.0,0.45005399,0.775000005
91.97278856499999,0.21898282991666665,0.0017604371428571431,28,1,0.0,0.0,0.0,0.0,0.0,0.45546699,0.40999999499999995
91.97278856499999,0.206680423741573,0.0017604371428571431,28,1,0.0,0.0,0.0,0.0,0.0,0.54392898,0.32500000500000004
91.97278856499999,0.2627793959,0.0017604371428571431,28,-1,0.0,0.0,0.0,0.0,0.0,0.450407,0.964999995
91.97278856499999,0.2485751042297297,0.0017604371428571431,28,-1,0.0,0.0,0.0,0.0,0.0,0.45768601,1.8699999
91.97278856499999,0.242033654118421,0.0017604371428571431,28,-1,0.0,0.0,0.0,0.0,0.0,0.42377901,2.29999995
91.97278856499999,0.1999408447065217,0.0017604371428571431,28,-1,0.0,0.0,0.0,0.0,0.0,0.55565602,9.2249999
91.97278856499999,0.1977909431505376,0.0017604371428571431,28,-1,0.0,0.0,0.0,0.0,0.0,0.52514201,9.6500001
91.97278856499999,0.19568678418085103,0.0017604371428571431,28,-1,0.0,0.0,0.0,0.0,0.0,0.52355897,10.125
92.88021031999999,0.2510275954594594,0.00172318,32,1,0.0,0.0,0.0,0.0,0.0,0.463056,2.22000005
92.88021031999999,0.24442160610526312,0.00172318,32,1,0.0,0.0,0.0,0.0,0.0,0.44771001,1.69
92.88021031999999,0.2412472995324675,0.00172318,32,1,0.0,0.0,0.0,0.0,0.0,0.44243699,1.4649999999999999
92.88021031999999,0.23220052579999997,0.00172318,32,1,0.0,0.0,0.0,0.0,0.0,0.45505899,1.020000015
92.88021031999999,0.22653709834146338,0.00172318,32,1,0.0,0.0,0.0,0.0,0.0,0.44214001,0.72
91.93549725999999,0.24847431691891889,0.0016639799999999998,31,1,0.0,0.0,0.0,0.0,0.0,0.45461801,1.9449999500000001
91.93549725999999,0.23879349937662336,0.0016639799999999998,31,1,0.0,0.0,0.0,0.0,0.0,0.44252199,1.275
91.93549725999999,0.2043011050222222,0.0016639799999999998,31,1,0.0,0.0,0.0,0.0,0.0,0.497673,0.24
91.93549725999999,0.2626728493142857,0.0016639799999999998,31,-1,0.0,0.0,0.0,0.0,0.0,0.45555401,1.0750000000000002
91.93549725999999,0.25537638127777773,0.0016639799999999998,31,-1,0.0,0.0,0.0,0.0,0.0,0.45086601,1.46
91.93549725999999,0.23573204425641023,0.0016639799999999998,31,-1,0.0,0.0,0.0,0.0,0.0,0.45487201,3.17499995
91.93549725999999,0.22983874314999997,0.0016639799999999998,31,-1,0.0,0.0,0.0,0.0,0.0,0.45144999,3.875
91.93549725999999,0.22700122780246912,0.0016639799999999998,31,-1,0.0,0.0,0.0,0.0,0.0,0.484732,4.375
88.85274938,0.25386499822857145,0.0016031575,29,1,0.0,0.0,0.0,0.0,0.0,0.47545201,2.28499995
88.85274938,0.24681319272222224,0.0016031575,29,1,0.0,0.0,0.0,0.0,0.0,0.43904999,1.6450000500000002
88.85274938,0.2401425658918919,0.0016031575,29,1,0.0,0.0,0.0,0.0,0.0,0.43624899,1.22499995
88.85274938,0.23694066501333336,0.0016031575,29,1,0.0,0.0,0.0,0.0,0.0,0.43171799,1.0350000050000001
88.85274938,0.23382302468421054,0.0016031575,29,1,0.0,0.0,0.0,0.0,0.0,0.425603,0.860000015
88.85274938,0.23078636202597405,0.0016031575,29,1,0.0,0.0,0.0,0.0,0.0,0.442375,0.784999995
88.85274938,0.22782756251282052,0.0016031575,29,1,0.0,0.0,0.0,0.0,0.0,0.44071299,0.659999995
88.85274938,0.21410301055421688,0.0016031575,29,1,0.0,0.0,0.0,0.0,0.0,0.45603901,0.3
88.85274938,0.2961758312666667,0.0016031575,29,-1,0.0,0.0,0.0,0.0,0.0,0.44394201,0.15000000000000002
88.85274938,0.2776648418125,0.0016031575,29,-1,0.0,0.0,0.0,0.0,0.0,0.46990901,0.5049999949999999
88.85274938,0.2733930750153846,0.0016031575,29,-1,0.0,0.0,0.0,0.0,0.0,0.44086599,0.5399999950000001
88.85274938,0.24681319272222224,0.0016031575,29,-1,0.0,0.0,0.0,0.0,0.0,0.427701,1.855
88.85274938,0.2401425658918919,0.0016031575,29,-1,0.0,0.0,0.0,0.0,0.0,0.43355599,2.4700000500000003
88.85274938,0.23694066501333336,0.0016031575,29,-1,0.0,0.0,0.0,0.0,0.0,0.42366901,2.75999995
88.85274938,0.25386499822857145,0.00148288625,28,1,0.0,0.0,0.0,0.0,0.0,0.43927401,2.09
88.85274938,0.24681319272222224,0.00148288625,28,1,0.0,0.0,0.0,0.0,0.0,0.42660001,1.54499995
88.85274938,0.23694066501333336,0.00148288625,28,1,0.0,0.0,0.0,0.0,0.0,0.40968099,0.910000025
88.85274938,0.2249436693164557,0.00148288625,28,1,0.0,0.0,0.0,0.0,0.0,0.404387,0.420000015
88.5046972,0.2950156573333333,0.0016272842857142859,32,1,0.0,0.0,0.0,0.0,0.0,0.48709899,5.875
88.5046972,0.2723221452307692,0.0016272842857142859,32,1,0.0,0.0,0.0,0.0,0.0,0.44428,3.75
88.5046972,0.2528705634285714,0.0016272842857142859,32,1,0.0,0.0,0.0,0.0,0.0,0.42748699,2.0999999
88.5046972,0.23601252586666666,0.0016272842857142859,32,1,0.0,0.0,0.0,0.0,0.0,0.42383701,1.0350000000000001
88.5046972,0.22126174299999998,0.0016272842857142859,32,1,0.0,0.0,0.0,0.0,0.0,0.43863201,0.49500000499999997
88.5046972,0.20824634635294118,0.0016272842857142859,32,1,0.0,0.0,0.0,0.0,0.0,0.456954,0.23499999500000002
88.5046972,0.19667710488888887,0.0016272842857142859,32,1,0.0,0.0,0.0,0.0,0.0,0.48581201,0.125
88.5046972,0.1361610726153846,0.0016272842857142859,32,1,0.0,0.0,0.0,0.0,0.0,0.82074797,0.0250000005
88.5046972,0.2950156573333333,0.0016272842857142859,32,-1,0.0,0.0,0.0,0.0,0.0,0.46212301,0.225
88.5046972,0.2723221452307692,0.0016272842857142859,32,-1,0.0,0.0,0.0,0.0,0.0,0.43136099,0.6049999850000001
88.5046972,0.2528705634285714,0.0016272842857142859,32,-1,0.0,0.0,0.0,0.0,0.0,0.41774201,1.45500005
88.5046972,0.23601252586666666,0.0016272842857142859,32,-1,0.0,0.0,0.0,0.0,0.0,0.41876501,2.9100001
86.29207977,0.2876402659,0.0015914414285714286,31,1,0.0,0.0,0.0,0.0,0.0,0.439114,4.97500015
86.29207977,0.2655140916,0.0015914414285714286,31,1,0.0,0.0,0.0,0.0,0.0,0.415878,2.96500005
86.29207977,0.24654879934285714,0.0015914414285714286,31,1,0.0,0.0,0.0,0.0,0.0,0.40586799,1.505
86.29207977,0.23011221272000001,0.0015914414285714286,31,1,0.0,0.0,0.0,0.0,0.0,0.41480601,0.69
86.29207977,0.215730199425,0.0015914414285714286,31,1,0.0,0.0,0.0,0.0,0.0,0.436138,0.314999995
86.29207977,0.20304018769411764,0.0015914414285714286,31,1,0.0,0.0,0.0,0.0,0.0,0.46524999,0.155000005
86.29207977,0.19176017726666666,0.0015914414285714286,31,1,0.0,0.0,0.0,0.0,0.0,0.50414199,0.089999999
86.29207977,0.17258415954,0.0015914414285714286,31,1,0.0,0.0,0.0,0.0,0.0,0.56022203,0.0299999995
86.29207977,0.3137893809818182,0.0015914414285714286,31,-1,0.0,0.0,0.0,0.0,0.0,0.50028998,0.104999995
86.29207977,0.2876402659,0.0015914414285714286,31,-1,0.0,0.0,0.0,0.0,0.0,0.441174,0.265
86.29207977,0.2655140916,0.0015914414285714286,31,-1,0.0,0.0,0.0,0.0,0.0,0.41269699,0.7400000099999999
86.29207977,0.24654879934285714,0.0015914414285714286,31,-1,0.0,0.0,0.0,0.0,0.0,0.40450901,1.7850000000000001
86.29207977,0.23011221272000001,0.0015914414285714286,31,-1,0.0,0.0,0.0,0.0,0.0,0.407336,3.45000005
86.29207977,0.215730199425,0.0015914414285714286,31,-1,0.0,0.0,0.0,0.0,0.0,0.43593201,5.5999999
85.64569715,0.2854856571666667,0.0016545457142857142,30,1,0.0,0.0,0.0,0.0,0.0,0.46020901,4.77499985
85.64569715,0.24470199185714286,0.0016545457142857142,30,1,0.0,0.0,0.0,0.0,0.0,0.41657001,1.395
85.64569715,0.22838852573333335,0.0016545457142857142,30,1,0.0,0.0,0.0,0.0,0.0,0.41243699,0.59
85.64569715,0.214114242875,0.0016545457142857142,30,1,0.0,0.0,0.0,0.0,0.0,0.427082,0.244999995
85.64569715,0.19032377144444446,0.0016545457142857142,30,1,0.0,0.0,0.0,0.0,0.0,0.50793803,0.07499999900000001
85.64569715,0.16313466123809525,0.0016545457142857142,30,1,0.0,0.0,0.0,0.0,0.0,0.656564,0.0350000005
85.64569715,0.2854856571666667,0.0016545457142857142,30,-1,0.0,0.0,0.0,0.0,0.0,0.44776499,0.29500000000000004
85.64569715,0.263525222,0.0016545457142857142,30,-1,0.0,0.0,0.0,0.0,0.0,0.41853601,0.81
85.64569715,0.24470199185714286,0.0016545457142857142,30,-1,0.0,0.0,0.0,0.0,0.0,0.40627,1.8999999500000002
85.64569715,0.22838852573333335,0.0016545457142857142,30,-1,0.0,0.0,0.0,0.0,0.0,0.409141,3.625
85.64569715,0.214114242875,0.0016545457142857142,30,-1,0.0,0.0,0.0,0.0,0.0,0.45529601,5.85000015
85.64569715,0.24470199185714286,0.0020805442857142857,93,1,0.0,0.0,0.0,0.0,0.0,0.53536397,3.24
85.64569715,0.22838852573333335,0.0020805442857142857,93,1,0.0,0.0,0.0,0.0,0.0,0.50458997,2.13499995
85.64569715,0.214114242875,0.0020805442857142857,93,1,0.0,0.0,0.0,0.0,0.0,0.50170302,1.46000005
85.64569715,0.18030673084210527,0.0020805442857142857,93,1,0.0,0.0,0.0,0.0,0.0,0.52403498,0.515
85.64569715,0.3425827886,0.0020805442857142857,93,-1,0.0,0.0,0.0,0.0,0.0,0.49885401,0.39500000999999996
85.64569715,0.22838852573333335,0.0020805442857142857,93,-1,0.0,0.0,0.0,0.0,0.0,0.423457,5.125
84.7755667,0.28258522233333333,0.0017183862857142857,29,1,0.0,0.0,0.0,0.0,0.0,0.50086403,4.54999995
84.7755667,0.26084789753846155,0.0017183862857142857,29,1,0.0,0.0,0.0,0.0,0.0,0.419328,2.5
84.7755667,0.24221590485714287,0.0017183862857142857,29,1,0.0,0.0,0.0,0.0,0.0,0.406259,1.17000005
84.7755667,0.22606817786666666,0.0017183862857142857,29,1,0.0,0.0,0.0,0.0,0.0,0.41762701,0.5
84.7755667,0.21193891674999998,0.0017183862857142857,29,1,0.0,0.0,0.0,0.0,0.0,0.44016299,0.214999995
84.7755667,0.19947192164705882,0.0017183862857142857,29,1,0.0,0.0,0.0,0.0,0.0,0.48671299,0.12
84.7755667,0.18839014822222222,0.0017183862857142857,29,1,0.0,0.0,0.0,0.0,0.0,0.53334397,0.07499999900000001
84.7755667,0.1784748772631579,0.0017183862857142857,29,1,0.0,0.0,0.0,0.0,0.0,0.58528602,0.055
84.7755667,0.1695511334,0.0017183862857142857,29,1,0.0,0.0,0.0,0.0,0.0,0.61702299,0.034999999000000004
84.7755667,0.308274788,0.0017183862857142857,29,-1,0.0,0.0,0.0,0.0,0.0,0.486891,0.10500000000000001
84.7755667,0.28258522233333333,0.0017183862857142857,29,-1,0.0,0.0,0.0,0.0,0.0,0.44506401,0.32000000500000003
84.7755667,0.26084789753846155,0.0017183862857142857,29,-1,0.0,0.0,0.0,0.0,0.0,0.41622701,0.8849999900000001
84.7755667,0.24221590485714287,0.0017183862857142857,29,-1,0.0,0.0,0.0,0.0,0.0,0.40348399,2.05499995
84.7755667,0.22606817786666666,0.0017183862857142857,29,-1,0.0,0.0,0.0,0.0,0.0,0.41052201,3.875
84.7755667,0.21193891674999998,0.0017183862857142857,29,-1,0.0,0.0,0.0,0.0,0.0,0.447983,6.125
84.7755667,0.19947192164705882,0.0017183862857142857,29,-1,0.0,0.0,0.0,0.0,0.0,0.51397097,8.5500002
84.7755667,0.24221590485714287,0.00213998,92,1,0.0,0.0,0.0,0.0,0.0,0.53075999,3.01
84.7755667,0.22606817786666666,0.00213998,92,1,0.0,0.0,0.0,0.0,0.0,0.53495097,2.175
84.7755667,0.21193891674999998,0.00213998,92,1,0.0,0.0,0.0,0.0,0.0,0.51562703,1.41999995
84.7755667,0.1695511334,0.00213998,92,1,0.0,0.0,0.0,0.0,0.0,0.513143,0.280000005
84.7755667,0.3391022668,0.00213998,92,-1,0.0,0.0,0.0,0.0,0.0,0.51436502,0.465000005
84.7755667,0.308274788,0.00213998,92,-1,0.0,0.0,0.0,0.0,0.0,0.49481499,0.8899999949999999
84.7755667,0.26084789753846155,0.00213998,92,-1,0.0,0.0,0.0,0.0,0.0,0.48433301,2.6699999500000002
84.7755667,0.24221590485714287,0.00213998,92,-1,0.0,0.0,0.0,0.0,0.0,0.453796,3.85
84.7755667,0.22606817786666666,0.00213998,92,-1,0.0,0.0,0.0,0.0,0.0,0.44154799,5.45000005
83.80599277,0.27935330923333335,0.0016226811428571427,28,1,0.0,0.0,0.0,0.0,0.0,0.42253399,4.02499995
83.80599277,0.25786459313846155,0.0016226811428571427,28,1,0.0,0.0,0.0,0.0,0.0,0.40182099,2.155
83.80599277,0.23944569362857143,0.0016226811428571427,28,1,0.0,0.0,0.0,0.0,0.0,0.395679,0.945000025
83.80599277,0.22348264738666668,0.0016226811428571427,28,1,0.0,0.0,0.0,0.0,0.0,0.41071501,0.37999999500000003
83.80599277,0.209514981925,0.0016226811428571427,28,1,0.0,0.0,0.0,0.0,0.0,0.44468701,0.170000005
83.80599277,0.19719057122352943,0.0016226811428571427,28,1,0.0,0.0,0.0,0.0,0.0,0.49274001,0.095000002
83.80599277,0.1862355394888889,0.0016226811428571427,28,1,0.0,0.0,0.0,0.0,0.0,0.53338897,0.055
83.80599277,0.16761198554,0.0016226811428571427,28,1,0.0,0.0,0.0,0.0,0.0,0.59947598,0.0199999995
83.80599277,0.27935330923333335,0.0016226811428571427,28,-1,0.0,0.0,0.0,0.0,0.0,0.42427,0.314999995
83.80599277,0.25786459313846155,0.0016226811428571427,28,-1,0.0,0.0,0.0,0.0,0.0,0.39427799,0.914999995
83.80599277,0.23944569362857143,0.0016226811428571427,28,-1,0.0,0.0,0.0,0.0,0.0,0.387014,2.20000005
83.80599277,0.22348264738666668,0.0016226811428571427,28,-1,0.0,0.0,0.0,0.0,0.0,0.40436301,4.14999985
83.80599277,0.23944569362857143,0.0021426314285714287,91,1,0.0,0.0,0.0,0.0,0.0,0.51279998,2.6800001
83.80599277,0.209514981925,0.0021426314285714287,91,1,0.0,0.0,0.0,0.0,0.0,0.52694303,1.355
83.80599277,0.19719057122352943,0.0021426314285714287,91,1,0.0,0.0,0.0,0.0,0.0,0.51411098,0.865
83.80599277,0.30474906461818185,0.0021426314285714287,91,-1,0.0,0.0,0.0,0.0,0.0,0.488341,0.91999999
83.80599277,0.23944569362857143,0.0021426314285714287,91,-1,0.0,0.0,0.0,0.0,0.0,0.44731399,4.0
85.86944498,0.2525571911176471,0.0016321642857142857,32,1,0.0,0.0,0.0,0.0,0.0,0.417256,1.945
85.86944498,0.24534127137142855,0.0016321642857142857,32,1,0.0,0.0,0.0,0.0,0.0,0.40383101,1.415
85.86944498,0.22597222363157893,0.0016321642857142857,32,1,0.0,0.0,0.0,0.0,0.0,0.411798,0.534999995
85.86944498,0.22017806405128204,0.0016321642857142857,32,1,0.0,0.0,0.0,0.0,0.0,0.38533401,0.3
85.29764497000001,0.24370755705714287,0.001627436857142857,31,1,0.0,0.0,0.0,0.0,0.0,0.417357,1.3599999999999999
85.29764497000001,0.23693790269444445,0.001627436857142857,31,1,0.0,0.0,0.0,0.0,0.0,0.42190799,1.00999999
85.29764497000001,0.22746038658666667,0.001627436857142857,31,1,0.0,0.0,0.0,0.0,0.0,0.41835299,0.595
85.29764497000001,0.22446748676315792,0.001627436857142857,31,1,0.0,0.0,0.0,0.0,0.0,0.397578,0.435000005
85.29764497000001,0.29412981024137935,0.001627436857142857,31,-1,0.0,0.0,0.0,0.0,0.0,0.45006901,0.195000005
85.29764497000001,0.25087542638235294,0.001627436857142857,31,-1,0.0,0.0,0.0,0.0,0.0,0.40880901,1.47000005
85.260353665,0.22436935175,0.0015648951428571427,30,1,0.0,0.0,0.0,0.0,0.0,0.39531001,0.400000005
87.60970588,0.2503134453714286,0.0015710654285714287,29,1,0.0,0.0,0.0,0.0,0.0,0.44498801,1.875
87.60970588,0.24336029411111113,0.0015710654285714287,29,1,0.0,0.0,0.0,0.0,0.0,0.432634,1.375
87.60970588,0.2305518575789474,0.0015710654285714287,29,1,0.0,0.0,0.0,0.0,0.0,0.43331599,0.72999999
87.60970588,0.22755767761038964,0.0015710654285714287,29,1,0.0,0.0,0.0,0.0,0.0,0.42726299,0.595
87.60970588,0.21902426470000003,0.0015710654285714287,29,1,0.0,0.0,0.0,0.0,0.0,0.457443,0.415000005
87.60970588,0.25767560552941177,0.0015710654285714287,29,-1,0.0,0.0,0.0,0.0,0.0,0.45201001,1.21
87.60970588,0.24002659145205482,0.0015710654285714287,29,-1,0.0,0.0,0.0,0.0,0.0,0.44432801,2.495
94.07353208,0.27668685905882356,0.0015201102857142856,28,1,0.0,0.0,0.0,0.0,0.0,0.465031,4.3499999
94.07353208,0.26878152022857144,0.0015201102857142856,28,1,0.0,0.0,0.0,0.0,0.0,0.477568,3.65
94.07353208,0.25773570432876713,0.0015201102857142856,28,1,0.0,0.0,0.0,0.0,0.0,0.46122801,2.625
94.07353208,0.2508627522133334,0.0015201102857142856,28,1,0.0,0.0,0.0,0.0,0.0,0.471616,2.125
94.07353208,0.2475619265263158,0.0015201102857142856,28,1,0.0,0.0,0.0,0.0,0.0,0.457205,1.8250000499999999
94.07353208,0.24434683657142858,0.0015201102857142856,28,1,0.0,0.0,0.0,0.0,0.0,0.467971,1.65
94.07353208,0.23518383020000003,0.0015201102857142856,28,1,0.0,0.0,0.0,0.0,0.0,0.45899501,1.070000005
94.07353208,0.2322803261234568,0.0015201102857142856,28,1,0.0,0.0,0.0,0.0,0.0,0.45903301,0.9249999600000001
94.07353208,0.22944763921951222,0.0015201102857142856,28,1,0.0,0.0,0.0,0.0,0.0,0.46152899,0.80500001
94.07353208,0.21380348200000002,0.0015201102857142856,28,1,0.0,0.0,0.0,0.0,0.0,0.52467602,0.45499999
94.07353208,0.27668685905882356,0.0015201102857142856,28,-1,0.0,0.0,0.0,0.0,0.0,0.51519102,0.67500001
94.07353208,0.26878152022857144,0.0015201102857142856,28,-1,0.0,0.0,0.0,0.0,0.0,0.48932099,0.8700000050000001
94.07353208,0.2613153668888889,0.0015201102857142856,28,-1,0.0,0.0,0.0,0.0,0.0,0.46951199,1.14000005
94.07353208,0.2508627522133334,0.0015201102857142856,28,-1,0.0,0.0,0.0,0.0,0.0,0.46892601,1.795
94.07353208,0.2475619265263158,0.0015201102857142856,28,-1,0.0,0.0,0.0,0.0,0.0,0.46288899,2.03000005
95.51546254,0.25470790010666666,0.0015992885714285715,32,1,0.0,0.0,0.0,0.0,0.0,0.50794399,2.72
95.51546254,0.25135648036842106,0.0015992885714285715,32,1,0.0,0.0,0.0,0.0,0.0,0.49419799,2.3999999499999998
95.51546254,0.2480921104935065,0.0015992885714285715,32,1,0.0,0.0,0.0,0.0,0.0,0.49089,2.14500005
95.51546254,0.24181129756962025,0.0015992885714285715,32,1,0.0,0.0,0.0,0.0,0.0,0.508865,1.79
95.51546254,0.23878865635000002,0.0015992885714285715,32,1,0.0,0.0,0.0,0.0,0.0,0.48062199,1.48
95.51546254,0.2329645427804878,0.0015992885714285715,32,1,0.0,0.0,0.0,0.0,0.0,0.50428402,1.2549999500000002
95.51546254,0.2247422648,0.0015992885714285715,32,1,0.0,0.0,0.0,0.0,0.0,0.49355099,0.820000045
95.51546254,0.2894407955757576,0.0015992885714285715,32,-1,0.0,0.0,0.0,0.0,0.0,0.498887,0.485
95.51546254,0.2768564131594203,0.0015992885714285715,32,-1,0.0,0.0,0.0,0.0,0.0,0.482474,0.784999995
95.51546254,0.2729013215428571,0.0015992885714285715,32,-1,0.0,0.0,0.0,0.0,0.0,0.46263099,0.86000001
95.51546254,0.26168619873972604,0.0015992885714285715,32,-1,0.0,0.0,0.0,0.0,0.0,0.46546999,1.4100000000000001
95.51546254,0.25814989875675676,0.0015992885714285715,32,-1,0.0,0.0,0.0,0.0,0.0,0.390825,1.30499995
95.51546254,0.25470790010666666,0.0015992885714285715,32,-1,0.0,0.0,0.0,0.0,0.0,0.41667801,1.65
95.51546254,0.25135648036842106,0.0015992885714285715,32,-1,0.0,0.0,0.0,0.0,0.0,0.412233,1.8849999499999999
92.83048858000001,0.2508932123783784,0.0016411217142857143,31,1,0.0,0.0,0.0,0.0,0.0,0.49093801,2.25
92.83048858000001,0.2475479695466667,0.0016411217142857143,31,1,0.0,0.0,0.0,0.0,0.0,0.478439,1.96000005
92.83048858000001,0.24429075942105266,0.0016411217142857143,31,1,0.0,0.0,0.0,0.0,0.0,0.48771101,1.77999995
92.83048858000001,0.22921108291358028,0.0016411217142857143,31,1,0.0,0.0,0.0,0.0,0.0,0.49677399,0.9700000099999999
92.83048858000001,0.21097838313636366,0.0016411217142857143,31,1,0.0,0.0,0.0,0.0,0.0,0.52616602,0.42500000000000004
92.83048858000001,0.30943496193333336,0.0016411217142857143,31,-1,0.0,0.0,0.0,0.0,0.0,0.455033,0.115
92.83048858000001,0.28563227255384616,0.0016411217142857143,31,-1,0.0,0.0,0.0,0.0,0.0,0.47887099,0.48499999000000005
92.83048858000001,0.269073879942029,0.0016411217142857143,31,-1,0.0,0.0,0.0,0.0,0.0,0.435785,0.86999999
92.83048858000001,0.2652299673714286,0.0016411217142857143,31,-1,0.0,0.0,0.0,0.0,0.0,0.448033,1.09000001
92.83048858000001,0.261494334028169,0.0016411217142857143,31,-1,0.0,0.0,0.0,0.0,0.0,0.45523599,1.315000005
92.83048858000001,0.2543301056986302,0.0016411217142857143,31,-1,0.0,0.0,0.0,0.0,0.0,0.47484899,1.855
92.83048858000001,0.2508932123783784,0.0016411217142857143,31,-1,0.0,0.0,0.0,0.0,0.0,0.421101,1.88499995
92.83048858000001,0.24429075942105266,0.0016411217142857143,31,-1,0.0,0.0,0.0,0.0,0.0,0.43990701,2.545
92.83048858000001,0.24111815215584417,0.0016411217142857143,31,-1,0.0,0.0,0.0,0.0,0.0,0.41567099,2.7649999999999997
96.60934082,0.27602668805714287,0.001637455142857143,30,1,0.0,0.0,0.0,0.0,0.0,0.52410698,4.6250001
96.60934082,0.26835928005555554,0.001637455142857143,30,1,0.0,0.0,0.0,0.0,0.0,0.50592798,3.8500001500000005
96.60934082,0.25762490885333333,0.001637455142857143,30,1,0.0,0.0,0.0,0.0,0.0,0.54749602,3.0800000499999998
96.60934082,0.25423510742105265,0.001637455142857143,30,1,0.0,0.0,0.0,0.0,0.0,0.52478999,2.71500005
96.60934082,0.2509333527792208,0.001637455142857143,30,1,0.0,0.0,0.0,0.0,0.0,0.527794,2.4700000500000003
96.60934082,0.2477162585128205,0.001637455142857143,30,1,0.0,0.0,0.0,0.0,0.0,0.552463,2.3449999
96.60934082,0.24152335205,0.001637455142857143,30,1,0.0,0.0,0.0,0.0,0.0,0.55247003,1.9100001
96.60934082,0.23563253858536584,0.001637455142857143,30,1,0.0,0.0,0.0,0.0,0.0,0.525231,1.4300000000000002
96.60934082,0.22731609604705882,0.001637455142857143,30,1,0.0,0.0,0.0,0.0,0.0,0.53240401,1.025
96.60934082,0.22467288562790697,0.001637455142857143,30,1,0.0,0.0,0.0,0.0,0.0,0.50649899,0.815
96.60934082,0.21468742404444444,0.001637455142857143,30,1,0.0,0.0,0.0,0.0,0.0,0.46392199,0.3549999949
96.60934082,0.26835928005555554,0.001637455142857143,30,-1,0.0,0.0,0.0,0.0,0.0,0.47976401,1.070000005
96.60934082,0.26468312553424655,0.001637455142857143,30,-1,0.0,0.0,0.0,0.0,0.0,0.460242,1.175
96.60934082,0.25423510742105265,0.001637455142857143,30,-1,0.0,0.0,0.0,0.0,0.0,0.451949,1.79500005
93.75034077,0.2533792993783784,0.0016250337142857145,29,1,0.0,0.0,0.0,0.0,0.0,0.46727699,2.29499995
93.75034077,0.25000090871999997,0.0016250337142857145,29,1,0.0,0.0,0.0,0.0,0.0,0.56435698,2.44000005
93.75034077,0.24671142307894736,0.0016250337142857145,29,1,0.0,0.0,0.0,0.0,0.0,0.56014001,2.2
93.75034077,0.2435073786233766,0.0016250337142857145,29,1,0.0,0.0,0.0,0.0,0.0,0.50698,1.755
93.75034077,0.234375851925,0.0016250337142857145,29,1,0.0,0.0,0.0,0.0,0.0,0.54227,1.3500000499999998
93.75034077,0.22590443559036144,0.0016250337142857145,29,1,0.0,0.0,0.0,0.0,0.0,0.55331397,0.97500001
93.75034077,0.22321509707142856,0.0016250337142857145,29,1,0.0,0.0,0.0,0.0,0.0,0.551238,0.8550000200000001
93.75034077,0.24671142307894736,0.0016250337142857145,29,-1,0.0,0.0,0.0,0.0,0.0,0.50760698,2.56000005
93.75034077,0.234375851925,0.0016250337142857145,29,-1,0.0,0.0,0.0,0.0,0.0,0.442682,3.6250001000000003
94.86907991999999,0.25298421311999997,0.0016748408571428573,28,1,0.0,0.0,0.0,0.0,0.0,0.61137199,2.84000005
94.86907991999999,0.2496554734736842,0.0016748408571428573,28,1,0.0,0.0,0.0,0.0,0.0,0.59268099,2.5200001
94.86907991999999,0.23424464177777776,0.0016748408571428573,28,1,0.0,0.0,0.0,0.0,0.0,0.56883502,1.4249999500000001
94.86907991999999,0.23138799980487804,0.0016748408571428573,28,1,0.0,0.0,0.0,0.0,0.0,0.56636202,1.26
94.86907991999999,0.27498284034782605,0.0016748408571428573,28,-1,0.0,0.0,0.0,0.0,0.0,0.55115199,0.9649999850000001
94.86907991999999,0.2599152874520548,0.0016748408571428573,28,-1,0.0,0.0,0.0,0.0,0.0,0.52584398,1.62
94.86907991999999,0.25640291870270265,0.0016748408571428573,28,-1,0.0,0.0,0.0,0.0,0.0,0.56237102,2.0
94.86907991999999,0.25298421311999997,0.0016748408571428573,28,-1,0.0,0.0,0.0,0.0,0.0,0.51490599,2.055
94.86907991999999,0.24641319459740257,0.0016748408571428573,28,-1,0.0,0.0,0.0,0.0,0.0,0.537139,2.70000005
90.61787115,0.24491316527027027,0.0015923963636363637,31,1,0.0,0.0,0.0,0.0,0.0,0.54707301,1.935
90.61787115,0.2416476564,0.0015923963636363637,31,1,0.0,0.0,0.0,0.0,0.0,0.58847803,1.9
90.61787115,0.23846808197368422,0.0015923963636363637,31,1,0.0,0.0,0.0,0.0,0.0,0.60863,1.795
90.61787115,0.2353710938961039,0.0015923963636363637,31,1,0.0,0.0,0.0,0.0,0.0,0.57188398,1.47
90.61787115,0.23235351576923077,0.0015923963636363637,31,1,0.0,0.0,0.0,0.0,0.0,0.59052098,1.385
90.61787115,0.22941233202531644,0.0015923963636363637,31,1,0.0,0.0,0.0,0.0,0.0,0.58357799,1.2149999500000002
90.61787115,0.22101919792682925,0.0015923963636363637,31,1,0.0,0.0,0.0,0.0,0.0,0.59419,0.8900000100000001
90.61787115,0.2589082032857143,0.0015923963636363637,31,-1,0.0,0.0,0.0,0.0,0.0,0.51778197,1.69
90.61787115,0.25171630875,0.0015923963636363637,31,-1,0.0,0.0,0.0,0.0,0.0,0.51863003,2.19000005
90.61787115,0.2482681401369863,0.0015923963636363637,31,-1,0.0,0.0,0.0,0.0,0.0,0.50651503,2.415
90.61787115,0.23846808197368422,0.0015923963636363637,31,-1,0.0,0.0,0.0,0.0,0.0,0.47536299,3.2249999
90.86647984999999,0.2423106129333333,0.00153341,30,1,0.0,0.0,0.0,0.0,0.0,0.536632,1.6949999999999998
90.86647984999999,0.23912231539473683,0.00153341,30,1,0.0,0.0,0.0,0.0,0.0,0.54870403,1.55000005
90.86647984999999,0.211317395,0.00153341,30,1,0.0,0.0,0.0,0.0,0.0,0.55258501,0.43000001
90.86647984999999,0.28846501539682534,0.00153341,30,-1,0.0,0.0,0.0,0.0,0.0,0.484328,0.410000015
90.86647984999999,0.28395774953124997,0.00153341,30,-1,0.0,0.0,0.0,0.0,0.0,0.47135001,0.47499999
90.86647984999999,0.25961851385714285,0.00153341,30,-1,0.0,0.0,0.0,0.0,0.0,0.51110399,1.59000005
90.86647984999999,0.2524068884722222,0.00153341,30,-1,0.0,0.0,0.0,0.0,0.0,0.48505399,1.97000005
90.12065375,0.2469059006849315,0.001513291304347826,29,1,0.0,0.0,0.0,0.0,0.0,0.51352,1.83499995
90.12065375,0.24356933445945947,0.001513291304347826,29,1,0.0,0.0,0.0,0.0,0.0,0.54427898,1.745
90.12065375,0.24032174333333334,0.001513291304347826,29,1,0.0,0.0,0.0,0.0,0.0,0.518812,1.4500000499999999
90.12065375,0.23715961513157896,0.001513291304347826,29,1,0.0,0.0,0.0,0.0,0.0,0.51156503,1.245
90.12065375,0.23407962012987013,0.001513291304347826,29,1,0.0,0.0,0.0,0.0,0.0,0.53815299,1.185000005
90.12065375,0.23107859935897437,0.001513291304347826,29,1,0.0,0.0,0.0,0.0,0.0,0.54578203,1.07000001
90.12065375,0.22815355379746835,0.001513291304347826,29,1,0.0,0.0,0.0,0.0,0.0,0.46128201,0.65500002
90.12065375,0.225301634375,0.001513291304347826,29,1,0.0,0.0,0.0,0.0,0.0,0.57948798,0.935
90.12065375,0.2198064725609756,0.001513291304347826,29,1,0.0,0.0,0.0,0.0,0.0,0.52426499,0.56000002
90.12065375,0.20717391666666668,0.001513291304347826,29,1,0.0,0.0,0.0,0.0,0.0,0.54938298,0.305000005
90.12065375,0.28162704296875,0.001513291304347826,29,-1,0.0,0.0,0.0,0.0,0.0,0.494468,0.569999995
90.12065375,0.27309289015151517,0.001513291304347826,29,-1,0.0,0.0,0.0,0.0,0.0,0.477671,0.784999995
90.12065375,0.26901687686567166,0.001513291304347826,29,-1,0.0,0.0,0.0,0.0,0.0,0.43988401,0.815
90.12065375,0.26506074632352944,0.001513291304347826,29,-1,0.0,0.0,0.0,0.0,0.0,0.46975201,1.094999995
90.12065375,0.26121928623188406,0.001513291304347826,29,-1,0.0,0.0,0.0,0.0,0.0,0.444987,1.2000000000000002
90.12065375,0.25033514930555556,0.001513291304347826,29,-1,0.0,0.0,0.0,0.0,0.0,0.41647401,1.805
90.12065375,0.2469059006849315,0.001513291304347826,29,-1,0.0,0.0,0.0,0.0,0.0,0.41525799,2.085
90.12065375,0.24356933445945947,0.001513291304347826,29,-1,0.0,0.0,0.0,0.0,0.0,0.39794701,2.32500005
92.90507118999999,0.25453444161643834,0.0015015621739130436,28,1,0.0,0.0,0.0,0.0,0.0,0.528548,2.47
92.90507118999999,0.251094787,0.0015015621739130436,28,1,0.0,0.0,0.0,0.0,0.0,0.53156698,2.2300000000000004
92.90507118999999,0.24774685650666664,0.0015015621739130436,28,1,0.0,0.0,0.0,0.0,0.0,0.53954899,2.01999995
92.90507118999999,0.24131187322077918,0.0015015621739130436,28,1,0.0,0.0,0.0,0.0,0.0,0.50274199,1.455
92.90507118999999,0.23821813125641023,0.0015015621739130436,28,1,0.0,0.0,0.0,0.0,0.0,0.49206099,1.23499995
92.90507118999999,0.23520271187341768,0.0015015621739130436,28,1,0.0,0.0,0.0,0.0,0.0,0.496068,1.09
92.90507118999999,0.22659773460975607,0.0015015621739130436,28,1,0.0,0.0,0.0,0.0,0.0,0.51214498,0.754999995
92.90507118999999,0.21605830509302323,0.0015015621739130436,28,1,0.0,0.0,0.0,0.0,0.0,0.48630399,0.34999999
92.90507118999999,0.28153051875757573,0.0015015621739130436,28,-1,0.0,0.0,0.0,0.0,0.0,0.49701399,0.569999995
92.90507118999999,0.2732502093823529,0.0015015621739130436,28,-1,0.0,0.0,0.0,0.0,0.0,0.475463,0.765000015
92.90507118999999,0.2580696421944444,0.0015015621739130436,28,-1,0.0,0.0,0.0,0.0,0.0,0.45840099,1.44
92.90507118999999,0.25453444161643834,0.0015015621739130436,28,-1,0.0,0.0,0.0,0.0,0.0,0.43587199,1.585
92.90507118999999,0.251094787,0.0015015621739130436,28,-1,0.0,0.0,0.0,0.0,0.0,0.435496,1.8399999999999999
92.90507118999999,0.24774685650666664,0.0015015621739130436,28,-1,0.0,0.0,0.0,0.0,0.0,0.43215501,2.10500005
92.90507118999999,0.2444870294473684,0.0015015621739130436,28,-1,0.0,0.0,0.0,0.0,0.0,0.49182099,2.64499995
96.80822778,0.2765949365142857,0.0015737899999999998,32,1,0.0,0.0,0.0,0.0,0.0,0.54407603,4.64999985
96.80822778,0.25815527408,0.0015737899999999998,32,1,0.0,0.0,0.0,0.0,0.0,0.51612997,2.9100001
96.80822778,0.24202056945,0.0015737899999999998,32,1,0.0,0.0,0.0,0.0,0.0,0.49866199,1.65
96.80822778,0.22778406536470588,0.0015737899999999998,32,1,0.0,0.0,0.0,0.0,0.0,0.48466799,0.8400000000000001
96.80822778,0.21512939506666665,0.0015737899999999998,32,1,0.0,0.0,0.0,0.0,0.0,0.477662,0.395
96.80822778,0.2038067953263158,0.0015737899999999998,32,1,0.0,0.0,0.0,0.0,0.0,0.47518101,0.17500000500000001
96.80822778,0.19361645555999998,0.0015737899999999998,32,1,0.0,0.0,0.0,0.0,0.0,0.49669099,0.095000002
96.80822778,0.1760149596,0.0015737899999999998,32,1,0.0,0.0,0.0,0.0,0.0,0.61180502,0.075000005
96.80822778,0.1613470463,0.0015737899999999998,32,1,0.0,0.0,0.0,0.0,0.0,0.59260702,0.0149999999
96.80822778,0.3520299192,0.0015737899999999998,32,-1,0.0,0.0,0.0,0.0,0.0,0.606089,0.0699999985
96.80822778,0.3226940926,0.0015737899999999998,32,-1,0.0,0.0,0.0,0.0,0.0,0.55915099,0.165
96.80822778,0.2978714700923077,0.0015737899999999998,32,-1,0.0,0.0,0.0,0.0,0.0,0.50480503,0.344999995
96.80822778,0.2765949365142857,0.0015737899999999998,32,-1,0.0,0.0,0.0,0.0,0.0,0.46268699,0.735000015
96.80822778,0.25815527408,0.0015737899999999998,32,-1,0.0,0.0,0.0,0.0,0.0,0.42852601,1.4849999999999999
96.80822778,0.24202056945,0.0015737899999999998,32,-1,0.0,0.0,0.0,0.0,0.0,0.39720801,2.72
96.80822778,0.22778406536470588,0.0015737899999999998,32,-1,0.0,0.0,0.0,0.0,0.0,0.34975901,4.42499995
93.93679729499999,0.28903629936923075,0.0015407650000000001,31,1,0.0,0.0,0.0,0.0,0.0,0.50709301,5.54999995
93.93679729499999,0.2683908494142857,0.0015407650000000001,31,1,0.0,0.0,0.0,0.0,0.0,0.54712301,3.75
93.93679729499999,0.25049812612,0.0015407650000000001,31,1,0.0,0.0,0.0,0.0,0.0,0.52119601,2.21500005
93.93679729499999,0.2348419932375,0.0015407650000000001,31,1,0.0,0.0,0.0,0.0,0.0,0.50720501,1.19
93.93679729499999,0.22102775834117644,0.0015407650000000001,31,1,0.0,0.0,0.0,0.0,0.0,0.50051397,0.59
93.93679729499999,0.20874843843333332,0.0015407650000000001,31,1,0.0,0.0,0.0,0.0,0.0,0.50097197,0.28
93.93679729499999,0.19776167851578946,0.0015407650000000001,31,1,0.0,0.0,0.0,0.0,0.0,0.524225,0.155
93.93679729499999,0.18787359458999997,0.0015407650000000001,31,1,0.0,0.0,0.0,0.0,0.0,0.50517303,0.055
93.93679729499999,0.17892723294285712,0.0015407650000000001,31,1,0.0,0.0,0.0,0.0,0.0,0.54692501,0.039999999
93.93679729499999,0.15656132882499998,0.0015407650000000001,31,1,0.0,0.0,0.0,0.0,0.0,0.69422001,0.0299999995
93.93679729499999,0.34158835379999997,0.0015407650000000001,31,-1,0.0,0.0,0.0,0.0,0.0,0.58442497,0.0799999995
93.93679729499999,0.31312265764999997,0.0015407650000000001,31,-1,0.0,0.0,0.0,0.0,0.0,0.51529402,0.165
93.93679729499999,0.28903629936923075,0.0015407650000000001,31,-1,0.0,0.0,0.0,0.0,0.0,0.48259899,0.425
93.93679729499999,0.2683908494142857,0.0015407650000000001,31,-1,0.0,0.0,0.0,0.0,0.0,0.44710401,0.94999999
93.93679729499999,0.25049812612,0.0015407650000000001,31,-1,0.0,0.0,0.0,0.0,0.0,0.41494399,1.90999995
93.93679729499999,0.2348419932375,0.0015407650000000001,31,-1,0.0,0.0,0.0,0.0,0.0,0.38204199,3.3999999499999998
96.42288429499999,0.32140961431666665,0.0015207399999999998,30,1,0.0,0.0,0.0,0.0,0.0,0.65705401,8.9250002
96.42288429499999,0.2966857978307692,0.0015207399999999998,30,1,0.0,0.0,0.0,0.0,0.0,0.657565,6.72500015
96.42288429499999,0.2754939551285714,0.0015207399999999998,30,1,0.0,0.0,0.0,0.0,0.0,0.57291502,4.54999995
96.42288429499999,0.2571276914533333,0.0015207399999999998,30,1,0.0,0.0,0.0,0.0,0.0,0.54117,2.8349999
96.42288429499999,0.24105721073749997,0.0015207399999999998,30,1,0.0,0.0,0.0,0.0,0.0,0.526519,1.625
96.42288429499999,0.22687737481176468,0.0015207399999999998,30,1,0.0,0.0,0.0,0.0,0.0,0.51981598,0.865000005
96.42288429499999,0.21427307621111108,0.0015207399999999998,30,1,0.0,0.0,0.0,0.0,0.0,0.52576202,0.45499999999999996
96.42288429499999,0.2029955458842105,0.0015207399999999998,30,1,0.0,0.0,0.0,0.0,0.0,0.52839899,0.225
96.42288429499999,0.19284576858999997,0.0015207399999999998,30,1,0.0,0.0,0.0,0.0,0.0,0.53397799,0.11
96.42288429499999,0.18366263675238093,0.0015207399999999998,30,1,0.0,0.0,0.0,0.0,0.0,0.52691901,0.045000002
96.42288429499999,0.32140961431666665,0.0015207399999999998,30,-1,0.0,0.0,0.0,0.0,0.0,0.55832899,0.15000000000000002
96.42288429499999,0.2966857978307692,0.0015207399999999998,30,-1,0.0,0.0,0.0,0.0,0.0,0.51063502,0.33999999999999997
96.42288429499999,0.2754939551285714,0.0015207399999999998,30,-1,0.0,0.0,0.0,0.0,0.0,0.46719101,0.735000015
96.42288429499999,0.2571276914533333,0.0015207399999999998,30,-1,0.0,0.0,0.0,0.0,0.0,0.44075701,1.53999995
96.42288429499999,0.24105721073749997,0.0015207399999999998,30,-1,0.0,0.0,0.0,0.0,0.0,0.41242099,2.8249999499999996
96.42288429499999,0.22687737481176468,0.0015207399999999998,30,-1,0.0,0.0,0.0,0.0,0.0,0.36895999,4.57500005
95.16741036,0.2928228011076923,0.0015608504347826085,29,1,0.0,0.0,0.0,0.0,0.0,0.586959,6.10000015
95.16741036,0.25377976096,0.0015608504347826085,29,1,0.0,0.0,0.0,0.0,0.0,0.54180199,2.495
95.16741036,0.2379185259,0.0015608504347826085,29,1,0.0,0.0,0.0,0.0,0.0,0.53186101,1.4
95.16741036,0.22392331849411765,0.0015608504347826085,29,1,0.0,0.0,0.0,0.0,0.0,0.52722198,0.72999999
95.16741036,0.21148313413333333,0.0015608504347826085,29,1,0.0,0.0,0.0,0.0,0.0,0.53098899,0.36999999
95.16741036,0.19033482072000002,0.0015608504347826085,29,1,0.0,0.0,0.0,0.0,0.0,0.54539901,0.089999999
95.16741036,0.1586123506,0.0015608504347826085,29,1,0.0,0.0,0.0,0.0,0.0,0.61711401,0.01
95.16741036,0.3172247012,0.0015608504347826085,29,-1,0.0,0.0,0.0,0.0,0.0,0.55258298,0.160000005
95.16741036,0.2928228011076923,0.0015608504347826085,29,-1,0.0,0.0,0.0,0.0,0.0,0.50911897,0.37999999500000003
95.16741036,0.2719068867428572,0.0015608504347826085,29,-1,0.0,0.0,0.0,0.0,0.0,0.47686201,0.8650000099999999
95.16741036,0.25377976096,0.0015608504347826085,29,-1,0.0,0.0,0.0,0.0,0.0,0.45128301,1.77
95.16741036,0.2379185259,0.0015608504347826085,29,-1,0.0,0.0,0.0,0.0,0.0,0.41955,3.1499999499999998
92.50729727,0.30835765756666667,0.0015301065217391302,28,1,0.0,0.0,0.0,0.0,0.0,0.63026798,7.375
92.50729727,0.28463783775384616,0.0015301065217391302,28,1,0.0,0.0,0.0,0.0,0.0,0.60693198,5.20000005
92.50729727,0.2643065636285714,0.0015301065217391302,28,1,0.0,0.0,0.0,0.0,0.0,0.559439,3.2749999499999998
92.50729727,0.24668612605333332,0.0015301065217391302,28,1,0.0,0.0,0.0,0.0,0.0,0.52465898,1.815
92.50729727,0.231268243175,0.0015301065217391302,28,1,0.0,0.0,0.0,0.0,0.0,0.515571,0.93000001
92.50729727,0.21766422887058823,0.0015301065217391302,28,1,0.0,0.0,0.0,0.0,0.0,0.51987302,0.459999995
92.50729727,0.2055717717111111,0.0015301065217391302,28,1,0.0,0.0,0.0,0.0,0.0,0.54127902,0.24499999500000003
92.50729727,0.18501459454,0.0015301065217391302,28,1,0.0,0.0,0.0,0.0,0.0,0.584629,0.0750000005
92.50729727,0.17620437575238093,0.0015301065217391302,28,1,0.0,0.0,0.0,0.0,0.0,0.59854901,0.039999999
92.50729727,0.3363901718909091,0.0015301065217391302,28,-1,0.0,0.0,0.0,0.0,0.0,0.58303499,0.07499999900000001
92.50729727,0.30835765756666667,0.0015301065217391302,28,-1,0.0,0.0,0.0,0.0,0.0,0.53142899,0.189999995
92.50729727,0.28463783775384616,0.0015301065217391302,28,-1,0.0,0.0,0.0,0.0,0.0,0.49332601,0.48000000499999995
92.50729727,0.2643065636285714,0.0015301065217391302,28,-1,0.0,0.0,0.0,0.0,0.0,0.44890299,1.0499999500000001
92.50729727,0.24668612605333332,0.0015301065217391302,28,-1,0.0,0.0,0.0,0.0,0.0,0.41071799,2.105
92.50729727,0.231268243175,0.0015301065217391302,28,-1,0.0,0.0,0.0,0.0,0.0,0.35187799,3.67499995
89.72287983000001,0.24923022175000004,0.0015591871428571426,32,1,0.0,0.0,0.0,0.0,0.0,0.520603,2.015
89.72287983000001,0.23926101288000004,0.0015591871428571426,32,1,0.0,0.0,0.0,0.0,0.0,0.48001501,1.2600000500000001
89.72287983000001,0.23005866623076926,0.0015591871428571426,32,1,0.0,0.0,0.0,0.0,0.0,0.46808201,0.79
89.72287983000001,0.20865786006976747,0.0015591871428571426,32,1,0.0,0.0,0.0,0.0,0.0,0.55151898,0.39
89.72287983000001,0.2600663183478261,0.0015591871428571426,32,-1,0.0,0.0,0.0,0.0,0.0,0.41008499,1.2050000650000001
89.72287983000001,0.2527405065633803,0.0015591871428571426,32,-1,0.0,0.0,0.0,0.0,0.0,0.40794799,1.664999965
89.72287983000001,0.24923022175000004,0.0015591871428571426,32,-1,0.0,0.0,0.0,0.0,0.0,0.29617399,1.464999945
89.72287983000001,0.2458161091232877,0.0015591871428571426,32,-1,0.0,0.0,0.0,0.0,0.0,0.50595897,2.635
90.66759289,0.2518544246944444,0.001523514285714286,31,1,0.0,0.0,0.0,0.0,0.0,0.586254,2.45000005
90.66759289,0.24840436408219177,0.001523514285714286,31,1,0.0,0.0,0.0,0.0,0.0,0.58718097,2.2249999999999996
90.66759289,0.24504754835135134,0.001523514285714286,31,1,0.0,0.0,0.0,0.0,0.0,0.55386102,1.8749999499999999
90.66759289,0.24178024770666665,0.001523514285714286,31,1,0.0,0.0,0.0,0.0,0.0,0.51447099,1.52
90.66759289,0.2518544246944444,0.001523514285714286,31,-1,0.0,0.0,0.0,0.0,0.0,0.46096101,1.93999995
90.66759289,0.24840436408219177,0.001523514285714286,31,-1,0.0,0.0,0.0,0.0,0.0,0.47304499,2.2649999999999997
96.75850604,0.23037739533333335,0.0014848271428571428,30,1,0.0,0.0,0.0,0.0,0.0,0.50844598,0.97
96.75850604,0.21501890231111112,0.0014848271428571428,30,1,0.0,0.0,0.0,0.0,0.0,0.52016002,0.4600000149
96.75850604,0.19351701208,0.0014848271428571428,30,1,0.0,0.0,0.0,0.0,0.0,0.68114698,0.35
96.75850604,0.27255917194366197,0.0014848271428571428,30,-1,0.0,0.0,0.0,0.0,0.0,0.58971298,1.295000005
93.30284511,0.24880758696000002,0.0014492142857142857,29,1,0.0,0.0,0.0,0.0,0.0,0.60877299,2.325
93.30284511,0.24553380292105265,0.0014492142857142857,29,1,0.0,0.0,0.0,0.0,0.0,0.61289501,2.13000005
93.30284511,0.24234505223376626,0.0014492142857142857,29,1,0.0,0.0,0.0,0.0,0.0,0.60239798,1.88999995
93.30284511,0.2362097344556962,0.0014492142857142857,29,1,0.0,0.0,0.0,0.0,0.0,0.62232298,1.62000005
93.30284511,0.22756791490243905,0.0014492142857142857,29,1,0.0,0.0,0.0,0.0,0.0,0.609119,1.13999996
93.30284511,0.24880758696000002,0.0014492142857142857,29,-1,0.0,0.0,0.0,0.0,0.0,0.59253502,2.72000005
93.30284511,0.24553380292105265,0.0014492142857142857,29,-1,0.0,0.0,0.0,0.0,0.0,0.48537099,2.56500005
93.30284511,0.24234505223376626,0.0014492142857142857,29,-1,0.0,0.0,0.0,0.0,0.0,0.48666701,2.88
93.30284511,0.23037739533333335,0.0014492142857142857,29,-1,0.0,0.0,0.0,0.0,0.0,0.43193701,4.10000005
95.63976688999999,0.2550393783733333,0.0014310157142857145,28,1,0.0,0.0,0.0,0.0,0.0,0.58231801,2.67499995
95.63976688999999,0.25168359707894733,0.0014310157142857145,28,1,0.0,0.0,0.0,0.0,0.0,0.58902001,2.4599998999999997
95.63976688999999,0.24841497893506492,0.0014310157142857145,28,1,0.0,0.0,0.0,0.0,0.0,0.58825499,2.22999995
95.63976688999999,0.24523017151282048,0.0014310157142857145,28,1,0.0,0.0,0.0,0.0,0.0,0.531914,1.7850000499999998
95.63976688999999,0.24212599212658226,0.0014310157142857145,28,1,0.0,0.0,0.0,0.0,0.0,0.60746503,1.90499995
95.63976688999999,0.23909941722499997,0.0014310157142857145,28,1,0.0,0.0,0.0,0.0,0.0,0.60028601,1.6949999999999998
95.63976688999999,0.19127953377999998,0.0014310157142857145,28,1,0.0,0.0,0.0,0.0,0.0,0.669554,0.24500000500000002
95.63976688999999,0.2732564768285714,0.0014310157142857145,28,-1,0.0,0.0,0.0,0.0,0.0,0.50859499,0.89499996
95.63976688999999,0.25848585645945943,0.0014310157142857145,28,-1,0.0,0.0,0.0,0.0,0.0,0.50650603,1.64500005
95.63976688999999,0.2550393783733333,0.0014310157142857145,28,-1,0.0,0.0,0.0,0.0,0.0,0.520603,1.94
95.63976688999999,0.25168359707894733,0.0014310157142857145,28,-1,0.0,0.0,0.0,0.0,0.0,0.46178401,1.9500000499999999
95.63976688999999,0.24841497893506492,0.0014310157142857145,28,-1,0.0,0.0,0.0,0.0,0.0,0.454905,2.1949999
96.01267994,0.24938358425974025,0.001522875714285714,32,1,0.0,0.0,0.0,0.0,0.0,0.63594598,2.68999995
96.01267994,0.24618635882051282,0.001522875714285714,32,1,0.0,0.0,0.0,0.0,0.0,0.64578599,2.51999995
96.01267994,0.24307007579746834,0.001522875714285714,32,1,0.0,0.0,0.0,0.0,0.0,0.59467602,2.09
96.01267994,0.24003169985,0.001522875714285714,32,1,0.0,0.0,0.0,0.0,0.0,0.609649,1.9699999999999998
96.01267994,0.2370683455308642,0.001522875714285714,32,1,0.0,0.0,0.0,0.0,0.0,0.61283898,1.81
96.01267994,0.23417726814634146,0.001522875714285714,32,1,0.0,0.0,0.0,0.0,0.0,0.61672199,1.665
96.01267994,0.23135585527710842,0.001522875714285714,32,1,0.0,0.0,0.0,0.0,0.0,0.59531498,1.425
96.01267994,0.21336151097777778,0.001522875714285714,32,1,0.0,0.0,0.0,0.0,0.0,0.57632899,0.620000005
96.01267994,0.29094751496969695,0.001522875714285714,32,-1,0.0,0.0,0.0,0.0,0.0,0.550565,0.595
96.01267994,0.28239023511764705,0.001522875714285714,32,-1,0.0,0.0,0.0,0.0,0.0,0.57936198,0.929999955
96.01267994,0.27045825335211265,0.001522875714285714,32,-1,0.0,0.0,0.0,0.0,0.0,0.58247697,1.4300000499999999
96.01267994,0.2630484381917808,0.001522875714285714,32,-1,0.0,0.0,0.0,0.0,0.0,0.56892502,1.775
96.01267994,0.25949372956756755,0.001522875714285714,32,-1,0.0,0.0,0.0,0.0,0.0,0.54054201,1.875
96.01267994,0.25603381317333335,0.001522875714285714,32,-1,0.0,0.0,0.0,0.0,0.0,0.55703002,2.18500005
96.01267994,0.2526649472105263,0.001522875714285714,32,-1,0.0,0.0,0.0,0.0,0.0,0.51694101,2.26
96.01267994,0.24938358425974025,0.001522875714285714,32,-1,0.0,0.0,0.0,0.0,0.0,0.54705697,2.66500005
96.01267994,0.24307007579746834,0.001522875714285714,32,-1,0.0,0.0,0.0,0.0,0.0,0.49937701,3.0400001000000003
96.01267994,0.24003169985,0.001522875714285714,32,-1,0.0,0.0,0.0,0.0,0.0,0.66139901,4.07500005
97.75294084,0.2641971374054054,0.0015106435714285714,31,1,0.0,0.0,0.0,0.0,0.0,0.68187302,3.9999998999999997
97.75294084,0.25390374244155844,0.0015106435714285714,31,1,0.0,0.0,0.0,0.0,0.0,0.64495999,3.05999995
97.75294084,0.25064856625641024,0.0015106435714285714,31,1,0.0,0.0,0.0,0.0,0.0,0.63902199,2.79999995
97.75294084,0.24747579959493668,0.0015106435714285714,31,1,0.0,0.0,0.0,0.0,0.0,0.63681102,2.5699999
97.75294084,0.24438235209999998,0.0015106435714285714,31,1,0.0,0.0,0.0,0.0,0.0,0.60715401,2.23
97.75294084,0.23274509723809522,0.0015106435714285714,31,1,0.0,0.0,0.0,0.0,0.0,0.61136901,1.555
97.75294084,0.19550588168,0.0015106435714285714,31,1,0.0,0.0,0.0,0.0,0.0,0.73367703,0.545000005
97.75294084,0.2572445811578947,0.0015106435714285714,31,-1,0.0,0.0,0.0,0.0,0.0,0.557248,2.09499995
97.75294084,0.25390374244155844,0.0015106435714285714,31,-1,0.0,0.0,0.0,0.0,0.0,0.52753401,2.2099999500000003
97.75294084,0.24438235209999998,0.0015106435714285714,31,-1,0.0,0.0,0.0,0.0,0.0,0.53477597,3.0799999
97.75294084,0.24136528602469134,0.0015106435714285714,31,-1,0.0,0.0,0.0,0.0,0.0,0.50296402,3.25
97.75294084,0.23554925503614457,0.0015106435714285714,31,-1,0.0,0.0,0.0,0.0,0.0,0.47980499,3.82500005
90.86647984999999,0.2559619150704225,0.0014751249999999999,30,1,0.0,0.0,0.0,0.0,0.0,0.60204101,3.04000005
90.86647984999999,0.24894925986301367,0.0014751249999999999,30,1,0.0,0.0,0.0,0.0,0.0,0.58901,2.4849999
90.86647984999999,0.24558508067567564,0.0014751249999999999,30,1,0.0,0.0,0.0,0.0,0.0,0.57633501,2.2050000499999998
90.86647984999999,0.23912231539473683,0.0014751249999999999,30,1,0.0,0.0,0.0,0.0,0.0,0.574256,1.79
90.86647984999999,0.23299097397435894,0.0014751249999999999,30,1,0.0,0.0,0.0,0.0,0.0,0.57315803,1.44
90.86647984999999,0.23004172113924048,0.0014751249999999999,30,1,0.0,0.0,0.0,0.0,0.0,0.56585097,1.26
90.86647984999999,0.22716619962499998,0.0014751249999999999,30,1,0.0,0.0,0.0,0.0,0.0,0.56385797,1.115
90.86647984999999,0.22162556060975608,0.0014751249999999999,30,1,0.0,0.0,0.0,0.0,0.0,0.58627599,0.9549999949999999
90.86647984999999,0.2189553731325301,0.0014751249999999999,30,1,0.0,0.0,0.0,0.0,0.0,0.52607501,0.6549999500000001
90.86647984999999,0.36346591939999995,0.0014751249999999999,30,-1,0.0,0.0,0.0,0.0,0.0,0.74953598,0.1
90.86647984999999,0.27958916876923073,0.0014751249999999999,30,-1,0.0,0.0,0.0,0.0,0.0,0.53234899,0.665
90.86647984999999,0.2753529692424242,0.0014751249999999999,30,-1,0.0,0.0,0.0,0.0,0.0,0.57894301,0.944999985
90.86647984999999,0.26725435249999996,0.0014751249999999999,30,-1,0.0,0.0,0.0,0.0,0.0,0.565449,1.22499995
90.86647984999999,0.25961851385714285,0.0014751249999999999,30,-1,0.0,0.0,0.0,0.0,0.0,0.57781899,1.66500005
90.86647984999999,0.2524068884722222,0.0014751249999999999,30,-1,0.0,0.0,0.0,0.0,0.0,0.56261802,2.06500005
90.86647984999999,0.24558508067567564,0.0014751249999999999,30,-1,0.0,0.0,0.0,0.0,0.0,0.55463499,2.56000005
90.86647984999999,0.23299097397435894,0.0014751249999999999,30,-1,0.0,0.0,0.0,0.0,0.0,0.54527497,3.7750001
90.31954071,0.24410686678378377,0.0014216375,29,1,0.0,0.0,0.0,0.0,0.0,0.58055902,2.02000005
90.31954071,0.23768300186842103,0.0014216375,29,1,0.0,0.0,0.0,0.0,0.0,0.57693797,1.62
90.31954071,0.23459620963636363,0.0014216375,29,1,0.0,0.0,0.0,0.0,0.0,0.58706099,1.49
90.31954071,0.23158856592307692,0.0014216375,29,1,0.0,0.0,0.0,0.0,0.0,0.57816303,1.2999999999999998
90.31954071,0.225798851775,0.0014216375,29,1,0.0,0.0,0.0,0.0,0.0,0.57975101,1.035
90.31954071,0.3010651357,0.0014216375,29,-1,0.0,0.0,0.0,0.0,0.0,0.57042301,0.315
89.39968852,0.23839916938666667,0.0014003003571428571,28,1,0.0,0.0,0.0,0.0,0.0,0.56532103,1.605
89.39968852,0.2234992213,0.0014003003571428571,28,1,0.0,0.0,0.0,0.0,0.0,0.58119601,0.93000006
89.39968852,0.26686474185074627,0.0014003003571428571,28,-1,0.0,0.0,0.0,0.0,0.0,0.58876902,1.23500005
90.91620159,0.23925316207894737,0.0015610428571428572,32,1,0.0,0.0,0.0,0.0,0.0,0.57618499,1.84999995
90.91620159,0.22174683314634147,0.0015610428571428572,32,1,0.0,0.0,0.0,0.0,0.0,0.55835003,0.905
90.91620159,0.3030540053,0.0015610428571428572,32,-1,0.0,0.0,0.0,0.0,0.0,0.65355599,0.52
90.14551461999999,0.24697401265753421,0.001590515,31,1,0.0,0.0,0.0,0.0,0.0,0.59788698,2.4050001
90.14551461999999,0.22536378654999997,0.001590515,31,1,0.0,0.0,0.0,0.0,0.0,0.58361799,1.13
90.14551461999999,0.22258151758024688,0.001590515,31,1,0.0,0.0,0.0,0.0,0.0,0.589481,1.029999985
93.35256684999999,0.236335612278481,0.0016011750000000003,30,1,0.0,0.0,0.0,0.0,0.0,0.59868199,1.77499995
93.35256684999999,0.22768918743902436,0.0016011750000000003,30,1,0.0,0.0,0.0,0.0,0.0,0.60604101,1.335
93.35256684999999,0.22226801630952378,0.0016011750000000003,30,1,0.0,0.0,0.0,0.0,0.0,0.607198,1.084999995
93.35256684999999,0.3111752228333333,0.0016011750000000003,30,-1,0.0,0.0,0.0,0.0,0.0,0.64394999,0.335
93.35256684999999,0.28288656621212116,0.0016011750000000003,30,-1,0.0,0.0,0.0,0.0,0.0,0.62930202,0.880000015
96.21156690000001,0.23466235829268295,0.0015752585714285715,29,1,0.0,0.0,0.0,0.0,0.0,0.57869899,1.59499995
94.76963643999999,0.23692409109999996,0.0015843785714285713,28,1,0.0,0.0,0.0,0.0,0.0,0.58373201,1.685
94.76963643999999,0.21538553736363633,0.0015843785714285713,28,1,0.0,0.0,0.0,0.0,0.0,0.57604998,0.654999985
94.76963643999999,0.2129654751460674,0.0015843785714285713,28,1,0.0,0.0,0.0,0.0,0.0,0.59434098,0.629999995
94.76963643999999,0.3158987881333333,0.0015843785714285713,28,-1,0.0,0.0,0.0,0.0,0.0,0.60912299,0.200000002
95.26685384,0.23235818009756096,0.0014762500000000001,32,1,0.0,0.0,0.0,0.0,0.0,0.56633502,1.51499995
95.26685384,0.31755617946666664,0.0014762500000000001,32,-1,0.0,0.0,0.0,0.0,0.0,0.62026203,0.265
95.26685384,0.31755617946666664,0.0020862613186813186,186,1,0.0,0.0,0.0,0.0,0.0,0.59025002,10.675
95.26685384,0.2381671346,0.0020862613186813186,186,1,0.0,0.0,0.0,0.0,0.0,0.52311999,4.92499995
95.26685384,0.21170411964444444,0.0020862613186813186,186,1,0.0,0.0,0.0,0.0,0.0,0.496537,3.04999995
95.26685384,0.19053370768,0.0020862613186813186,186,1,0.0,0.0,0.0,0.0,0.0,0.489474,1.9100000000000001
95.26685384,0.15877808973333332,0.0020862613186813186,186,1,0.0,0.0,0.0,0.0,0.0,0.51379102,0.909999945
95.26685384,0.27219101097142856,0.0020862613186813186,186,-1,0.0,0.0,0.0,0.0,0.0,0.49577701,3.6999999499999996
95.26685384,0.25404494357333335,0.0020862613186813186,186,-1,0.0,0.0,0.0,0.0,0.0,0.495406,4.9749999
94.09839295,0.1881967859,0.00150431,31,1,0.0,0.0,0.0,0.0,0.0,0.606278,0.18500000500000002
94.09839295,0.31366130983333335,0.00150431,31,-1,0.0,0.0,0.0,0.0,0.0,0.61170799,0.274999995
94.09839295,0.1881967859,0.0021275052747252747,185,1,0.0,0.0,0.0,0.0,0.0,0.49411601,1.85999995
93.80006250999999,0.22602424701204818,0.0014582754166666666,30,1,0.0,0.0,0.0,0.0,0.0,0.56716102,1.11
93.80006250999999,0.3126668750333333,0.0014582754166666666,30,-1,0.0,0.0,0.0,0.0,0.0,0.63060099,0.29499999
93.80006250999999,0.2605557291944444,0.0014582754166666666,30,-1,0.0,0.0,0.0,0.0,0.0,0.58188403,1.6799999
93.80006250999999,0.26800017859999997,0.0020978644444444444,93,1,0.0,0.0,0.0,0.0,0.0,0.51626498,5.29999995
93.80006250999999,0.23450015627499998,0.0020978644444444444,93,1,0.0,0.0,0.0,0.0,0.0,0.50275898,2.8999999499999998
93.80006250999999,0.20844458335555552,0.0020978644444444444,93,1,0.0,0.0,0.0,0.0,0.0,0.500202,1.48999995
93.80006250999999,0.1786667857333333,0.0020978644444444444,93,1,0.0,0.0,0.0,0.0,0.0,0.55325401,0.72
93.80006250999999,0.17054556819999997,0.0020978644444444444,93,1,0.0,0.0,0.0,0.0,0.0,0.51871097,0.400000005
93.80006250999999,0.3126668750333333,0.0020978644444444444,93,-1,0.0,0.0,0.0,0.0,0.0,0.517241,0.910000025
93.80006250999999,0.26800017859999997,0.0020978644444444444,93,-1,0.0,0.0,0.0,0.0,0.0,0.50664598,2.4850000000000003
93.80006250999999,0.23450015627499998,0.0020978644444444444,93,-1,0.0,0.0,0.0,0.0,0.0,0.48952001,5.04999995
93.80006250999999,0.26800017859999997,0.0021262846153846156,184,1,0.0,0.0,0.0,0.0,0.0,0.55093098,7.125
93.80006250999999,0.3126668750333333,0.0021262846153846156,184,-1,0.0,0.0,0.0,0.0,0.0,0.50683701,1.8949999499999999
93.80006250999999,0.26800017859999997,0.0021262846153846156,184,-1,0.0,0.0,0.0,0.0,0.0,0.491954,3.7749999499999998
94.471306,0.31490435333333333,0.0014542125,29,-1,0.0,0.0,0.0,0.0,0.0,0.73181301,0.439999995
94.471306,0.25192348266666664,0.0014542125,29,-1,0.0,0.0,0.0,0.0,0.0,0.57998598,2.24
94.471306,0.2699180171428571,0.0020718333333333335,92,1,0.0,0.0,0.0,0.0,0.0,0.51104897,5.4250002
94.471306,0.25192348266666664,0.0020718333333333335,92,1,0.0,0.0,0.0,0.0,0.0,0.50531697,4.07500005
94.471306,0.236178265,0.0020718333333333335,92,1,0.0,0.0,0.0,0.0,0.0,0.50081098,2.99000005
94.471306,0.20993623555555554,0.0020718333333333335,92,1,0.0,0.0,0.0,0.0,0.0,0.488677,1.4750000499999998
94.471306,0.188942612,0.0020718333333333335,92,1,0.0,0.0,0.0,0.0,0.0,0.49583399,0.74000001
94.471306,0.1717660109090909,0.0020718333333333335,92,1,0.0,0.0,0.0,0.0,0.0,0.513529,0.400000005
94.471306,0.15745217666666667,0.0020718333333333335,92,1,0.0,0.0,0.0,0.0,0.0,0.53334701,0.229999995
94.471306,0.5398360342857143,0.0020718333333333335,92,-1,0.0,0.0,0.0,0.0,0.0,0.76729298,0.08
94.471306,0.31490435333333333,0.0020718333333333335,92,-1,0.0,0.0,0.0,0.0,0.0,0.52144802,0.875
94.471306,0.31490435333333333,0.0021019945054945055,183,1,0.0,0.0,0.0,0.0,0.0,0.55694503,10.2000001
94.471306,0.25192348266666664,0.0021019945054945055,183,1,0.0,0.0,0.0,0.0,0.0,0.50569898,5.5999999
94.471306,0.236178265,0.0021019945054945055,183,1,0.0,0.0,0.0,0.0,0.0,0.50270498,4.54999995
94.471306,0.20993623555555554,0.0021019945054945055,183,1,0.0,0.0,0.0,0.0,0.0,0.50404203,3.005
94.471306,0.188942612,0.0021019945054945055,183,1,0.0,0.0,0.0,0.0,0.0,0.497536,1.88999995
94.471306,0.377885224,0.0021019945054945055,183,-1,0.0,0.0,0.0,0.0,0.0,0.51402801,0.69
94.471306,0.31490435333333333,0.0021019945054945055,183,-1,0.0,0.0,0.0,0.0,0.0,0.51117498,1.875
94.471306,0.2699180171428571,0.0021019945054945055,183,-1,0.0,0.0,0.0,0.0,0.0,0.498052,3.75
94.32214078,0.3144071359333333,0.0014705737499999998,28,-1,0.0,0.0,0.0,0.0,0.0,0.63758701,0.255
94.32214078,0.2694918308,0.002088152222222222,91,1,0.0,0.0,0.0,0.0,0.0,0.53070199,5.4000001
94.32214078,0.2515257087466667,0.002088152222222222,91,1,0.0,0.0,0.0,0.0,0.0,0.51778603,4.02499995
94.32214078,0.23580535195,0.002088152222222222,91,1,0.0,0.0,0.0,0.0,0.0,0.50979698,2.93499995
94.32214078,0.22193444889411765,0.002088152222222222,91,1,0.0,0.0,0.0,0.0,0.0,0.47083801,1.85999995
94.32214078,0.2096047572888889,0.002088152222222222,91,1,0.0,0.0,0.0,0.0,0.0,0.49028301,1.405
94.32214078,0.17966122053333333,0.002088152222222222,91,1,0.0,0.0,0.0,0.0,0.0,0.52319998,0.5750000200000001
94.32214078,0.17149480141818182,0.002088152222222222,91,1,0.0,0.0,0.0,0.0,0.0,0.51683199,0.379999995
94.32214078,0.3144071359333333,0.002088152222222222,91,-1,0.0,0.0,0.0,0.0,0.0,0.52635401,0.9200000100000001
94.32214078,0.29022197163076924,0.002088152222222222,91,-1,0.0,0.0,0.0,0.0,0.0,0.46036401,1.235000005
94.32214078,0.2694918308,0.002088152222222222,91,-1,0.0,0.0,0.0,0.0,0.0,0.52196097,2.5400001000000003
94.32214078,0.2515257087466667,0.002088152222222222,91,-1,0.0,0.0,0.0,0.0,0.0,0.48695999,3.5
94.32214078,0.22193444889411765,0.002088152222222222,91,-1,0.0,0.0,0.0,0.0,0.0,0.47183999,6.57500005
94.32214078,0.2694918308,0.00210275,182,1,0.0,0.0,0.0,0.0,0.0,0.50956202,6.82500005
94.32214078,0.2515257087466667,0.00210275,182,1,0.0,0.0,0.0,0.0,0.0,0.50467098,5.5749998
94.32214078,0.2096047572888889,0.00210275,182,1,0.0,0.0,0.0,0.0,0.0,0.49409601,2.88999995
94.32214078,0.15720356796666665,0.00210275,182,1,0.0,0.0,0.0,0.0,0.0,0.447896,0.495000005
94.32214078,0.2096047572888889,0.00210275,182,-1,0.0,0.0,0.0,0.0,0.0,0.4736,9.6999999
101.73068004,0.3391022668,0.001469487142857143,32,1,0.0,0.0,0.0,0.0,0.0,0.79065299,11.274999999999999
101.73068004,0.31301747704615385,0.001469487142857143,32,1,0.0,0.0,0.0,0.0,0.0,0.66478503,8.8499999
101.73068004,0.2906590858285714,0.001469487142857143,32,1,0.0,0.0,0.0,0.0,0.0,0.600761,6.625
101.73068004,0.27128181343999996,0.001469487142857143,32,1,0.0,0.0,0.0,0.0,0.0,0.620543,4.89999985
101.73068004,0.2677123158947368,0.001469487142857143,32,1,0.0,0.0,0.0,0.0,0.0,0.65381902,4.7249999
101.73068004,0.26423553257142857,0.001469487142857143,32,1,0.0,0.0,0.0,0.0,0.0,0.614263,4.2500001
101.73068004,0.26084789753846155,0.001469487142857143,32,1,0.0,0.0,0.0,0.0,0.0,0.62890202,4.0250001
101.73068004,0.25754602541772154,0.001469487142857143,32,1,0.0,0.0,0.0,0.0,0.0,0.629125,3.75
101.73068004,0.25432670009999997,0.001469487142857143,32,1,0.0,0.0,0.0,0.0,0.0,0.61591703,3.4250000500000004
101.73068004,0.24812360985365853,0.001469487142857143,32,1,0.0,0.0,0.0,0.0,0.0,0.62033302,2.95999995
101.73068004,0.24513416877108432,0.001469487142857143,32,1,0.0,0.0,0.0,0.0,0.0,0.63446701,2.8050000500000003
101.73068004,0.24221590485714284,0.001469487142857143,32,1,0.0,0.0,0.0,0.0,0.0,0.63454598,2.595
101.73068004,0.23936630597647057,0.001469487142857143,32,1,0.0,0.0,0.0,0.0,0.0,0.60184902,2.24
101.73068004,0.2365829768372093,0.001469487142857143,32,1,0.0,0.0,0.0,0.0,0.0,0.620713,2.145
101.73068004,0.23386363227586207,0.001469487142857143,32,1,0.0,0.0,0.0,0.0,0.0,0.62361097,1.98500005
101.73068004,0.231206091,0.001469487142857143,32,1,0.0,0.0,0.0,0.0,0.0,0.60568702,1.74
101.73068004,0.22606817786666666,0.001469487142857143,32,1,0.0,0.0,0.0,0.0,0.0,0.59179002,1.3900000000000001
101.73068004,0.22115365226086955,0.001469487142857143,32,1,0.0,0.0,0.0,0.0,0.0,0.59290302,1.15
101.73068004,0.21416985271578948,0.001469487142857143,32,1,0.0,0.0,0.0,0.0,0.0,0.61571997,0.9350000549999999
101.73068004,0.20346136008,0.001469487142857143,32,1,0.0,0.0,0.0,0.0,0.0,0.585271,0.480000005
101.73068004,0.18496487279999999,0.001469487142857143,32,1,0.0,0.0,0.0,0.0,0.0,0.59438902,0.160000005
101.73068004,0.5086534001999999,0.001469487142857143,32,-1,0.0,0.0,0.0,0.0,0.0,1.081636,0.039999999
101.73068004,0.45213635573333333,0.001469487142857143,32,-1,0.0,0.0,0.0,0.0,0.0,0.96095198,0.055
101.73068004,0.40692272016,0.001469487142857143,32,-1,0.0,0.0,0.0,0.0,0.0,0.85739303,0.0799999995
101.73068004,0.3391022668,0.001469487142857143,32,-1,0.0,0.0,0.0,0.0,0.0,0.70536298,0.219999995
101.73068004,0.31301747704615385,0.001469487142857143,32,-1,0.0,0.0,0.0,0.0,0.0,0.66671199,0.430000005
101.73068004,0.2906590858285714,0.001469487142857143,32,-1,0.0,0.0,0.0,0.0,0.0,0.62499702,0.775000005
101.73068004,0.28258522233333333,0.001469487142857143,32,-1,0.0,0.0,0.0,0.0,0.0,0.65023601,1.1150000150000001
101.73068004,0.2749477838918919,0.001469487142857143,32,-1,0.0,0.0,0.0,0.0,0.0,0.61885798,1.3
101.73068004,0.27128181343999996,0.001469487142857143,32,-1,0.0,0.0,0.0,0.0,0.0,0.61440003,1.45
101.73068004,0.2677123158947368,0.001469487142857143,32,-1,0.0,0.0,0.0,0.0,0.0,0.63981998,1.74
101.73068004,0.26423553257142857,0.001469487142857143,32,-1,0.0,0.0,0.0,0.0,0.0,0.64362299,1.9550000500000002
101.73068004,0.26084789753846155,0.001469487142857143,32,-1,0.0,0.0,0.0,0.0,0.0,0.60684597,2.0
101.73068004,0.25754602541772154,0.001469487142857143,32,-1,0.0,0.0,0.0,0.0,0.0,0.61726302,2.2699999999999996
101.73068004,0.25432670009999997,0.001469487142857143,32,-1,0.0,0.0,0.0,0.0,0.0,0.60638303,2.45500005
101.73068004,0.24513416877108432,0.001469487142857143,32,-1,0.0,0.0,0.0,0.0,0.0,0.59724802,3.1999999499999996
101.73068004,0.23936630597647057,0.001469487142857143,32,-1,0.0,0.0,0.0,0.0,0.0,0.59354597,3.7749999499999998
101.73068004,0.22606817786666666,0.001469487142857143,32,-1,0.0,0.0,0.0,0.0,0.0,0.58266598,5.42499995
101.73068004,0.20346136008,0.001469487142857143,32,-1,0.0,0.0,0.0,0.0,0.0,0.63581598,9.6999998
101.73068004,0.2906590858285714,0.002074076857142857,179,1,0.0,0.0,0.0,0.0,0.0,0.51665699,8.9249997
101.73068004,0.27128181343999996,0.002074076857142857,179,1,0.0,0.0,0.0,0.0,0.0,0.512339,7.4749999
101.73068004,0.25432670009999997,0.002074076857142857,179,1,0.0,0.0,0.0,0.0,0.0,0.51003897,6.2249999
101.73068004,0.23936630597647057,0.002074076857142857,179,1,0.0,0.0,0.0,0.0,0.0,0.508138,5.1500001
101.73068004,0.22606817786666666,0.002074076857142857,179,1,0.0,0.0,0.0,0.0,0.0,0.501167,4.1750002
101.73068004,0.20346136008,0.002074076857142857,179,1,0.0,0.0,0.0,0.0,0.0,0.474971,2.52
101.73068004,0.18496487279999999,0.002074076857142857,179,1,0.0,0.0,0.0,0.0,0.0,0.48936701,1.74
101.73068004,0.1695511334,0.002074076857142857,179,1,0.0,0.0,0.0,0.0,0.0,0.50051898,1.204999995
101.73068004,0.36992974559999997,0.002074076857142857,179,-1,0.0,0.0,0.0,0.0,0.0,0.520302,0.8399999950000001
101.73068004,0.3391022668,0.002074076857142857,179,-1,0.0,0.0,0.0,0.0,0.0,0.552136,1.595
101.73068004,0.31301747704615385,0.002074076857142857,179,-1,0.0,0.0,0.0,0.0,0.0,0.54793203,2.3249999499999996
101.73068004,0.27128181343999996,0.002074076857142857,179,-1,0.0,0.0,0.0,0.0,0.0,0.52733898,4.17499995
101.73068004,0.22606817786666666,0.002074076857142857,179,-1,0.0,0.0,0.0,0.0,0.0,0.493453,8.125
102.94886266999998,0.34316287556666664,0.0014698900000000002,31,1,0.0,0.0,0.0,0.0,0.0,0.766729,11.675
102.94886266999998,0.2941396076285714,0.0014698900000000002,31,1,0.0,0.0,0.0,0.0,0.0,0.64084601,7.125
102.94886266999998,0.2782401693783783,0.0014698900000000002,31,1,0.0,0.0,0.0,0.0,0.0,0.61750698,5.54999995
102.94886266999998,0.27453030045333326,0.0014698900000000002,31,1,0.0,0.0,0.0,0.0,0.0,0.62273401,5.22500015
102.94886266999998,0.27091805965789467,0.0014698900000000002,31,1,0.0,0.0,0.0,0.0,0.0,0.605937,4.82500005
102.94886266999998,0.25737215667499996,0.0014698900000000002,31,1,0.0,0.0,0.0,0.0,0.0,0.60021502,3.6000000500000002
102.94886266999998,0.25109478699999993,0.0014698900000000002,31,1,0.0,0.0,0.0,0.0,0.0,0.60357201,3.1
102.94886266999998,0.2480695486024096,0.0014698900000000002,31,1,0.0,0.0,0.0,0.0,0.0,0.59979802,2.84500005
102.94886266999998,0.24511633969047614,0.0014698900000000002,31,1,0.0,0.0,0.0,0.0,0.0,0.59327501,2.5899999
102.94886266999998,0.24223261804705878,0.0014698900000000002,31,1,0.0,0.0,0.0,0.0,0.0,0.59223801,2.375
102.94886266999998,0.23941595969767437,0.0014698900000000002,31,1,0.0,0.0,0.0,0.0,0.0,0.59260303,2.1800000500000003
102.94886266999998,0.23666405211494249,0.0014698900000000002,31,1,0.0,0.0,0.0,0.0,0.0,0.53924102,1.745
102.94886266999998,0.2339746878863636,0.0014698900000000002,31,1,0.0,0.0,0.0,0.0,0.0,0.58732498,1.80000005
102.94886266999998,0.22877525037777774,0.0014698900000000002,31,1,0.0,0.0,0.0,0.0,0.0,0.58549398,1.4849999999999999
102.94886266999998,0.22380187536956517,0.0014698900000000002,31,1,0.0,0.0,0.0,0.0,0.0,0.58247101,1.20999995
102.94886266999998,0.21673444772631575,0.0014698900000000002,31,1,0.0,0.0,0.0,0.0,0.0,0.58485699,0.9000000100000001
102.94886266999998,0.20589772533999998,0.0014698900000000002,31,1,0.0,0.0,0.0,0.0,0.0,0.58993798,0.5399999900000001
102.94886266999998,0.18717975030909087,0.0014698900000000002,31,1,0.0,0.0,0.0,0.0,0.0,0.60439402,0.190000005
102.94886266999998,0.34316287556666664,0.0014698900000000002,31,-1,0.0,0.0,0.0,0.0,0.0,0.72524703,0.204999995
102.94886266999998,0.3167657312923076,0.0014698900000000002,31,-1,0.0,0.0,0.0,0.0,0.0,0.66606498,0.359999995
102.94886266999998,0.2941396076285714,0.0014698900000000002,31,-1,0.0,0.0,0.0,0.0,0.0,0.62687701,0.66999999
102.94886266999998,0.2859690629722222,0.0014698900000000002,31,-1,0.0,0.0,0.0,0.0,0.0,0.62351298,0.88499999
102.94886266999998,0.28205167854794516,0.0014698900000000002,31,-1,0.0,0.0,0.0,0.0,0.0,0.607831,0.960000015
102.94886266999998,0.27453030045333326,0.0014698900000000002,31,-1,0.0,0.0,0.0,0.0,0.0,0.60986501,1.26
102.94886266999998,0.27091805965789467,0.0014698900000000002,31,-1,0.0,0.0,0.0,0.0,0.0,0.60094798,1.38999995
102.94886266999998,0.2639714427435897,0.0014698900000000002,31,-1,0.0,0.0,0.0,0.0,0.0,0.59728098,1.745
102.94886266999998,0.25737215667499996,0.0014698900000000002,31,-1,0.0,0.0,0.0,0.0,0.0,0.59585398,2.1650001
102.94886266999998,0.25109478699999993,0.0014698900000000002,31,-1,0.0,0.0,0.0,0.0,0.0,0.59306401,2.635
102.94886266999998,0.2480695486024096,0.0014698900000000002,31,-1,0.0,0.0,0.0,0.0,0.0,0.59354401,2.8999999499999998
102.94886266999998,0.24511633969047614,0.0014698900000000002,31,-1,0.0,0.0,0.0,0.0,0.0,0.58808398,3.1499999499999998
102.94886266999998,0.24223261804705878,0.0014698900000000002,31,-1,0.0,0.0,0.0,0.0,0.0,0.58496201,3.42499995
102.94886266999998,0.22877525037777774,0.0014698900000000002,31,-1,0.0,0.0,0.0,0.0,0.0,0.581029,5.04999995
102.94886266999998,0.22380187536956517,0.0014698900000000002,31,-1,0.0,0.0,0.0,0.0,0.0,0.57772702,5.77499985
102.94886266999998,0.34316287556666664,0.0020777188571428572,178,1,0.0,0.0,0.0,0.0,0.0,0.54497099,12.9
102.94886266999998,0.27453030045333326,0.0020777188571428572,178,1,0.0,0.0,0.0,0.0,0.0,0.52065402,7.87500025
102.94886266999998,0.25737215667499996,0.0020777188571428572,178,1,0.0,0.0,0.0,0.0,0.0,0.51864398,6.5999999
102.94886266999998,0.22877525037777774,0.0020777188571428572,178,1,0.0,0.0,0.0,0.0,0.0,0.50211298,4.4000001
102.94886266999998,0.20589772533999998,0.0020777188571428572,178,1,0.0,0.0,0.0,0.0,0.0,0.49068499,2.84000005
102.94886266999998,0.18717975030909087,0.0020777188571428572,178,1,0.0,0.0,0.0,0.0,0.0,0.485562,1.815
102.94886266999998,0.17158143778333332,0.0020777188571428572,178,1,0.0,0.0,0.0,0.0,0.0,0.45240799,0.930000005
102.94886266999998,0.41179545067999995,0.0020777188571428572,178,-1,0.0,0.0,0.0,0.0,0.0,0.56166399,0.579999995
102.94886266999998,0.2941396076285714,0.0020777188571428572,178,-1,0.0,0.0,0.0,0.0,0.0,0.50996703,2.7650001
104.56481922,0.3217379052923077,0.0014817971428571428,30,1,0.0,0.0,0.0,0.0,0.0,0.70748299,9.9250002
104.56481922,0.27883951792,0.0014817971428571428,30,1,0.0,0.0,0.0,0.0,0.0,0.62932199,5.70000005
104.56481922,0.26141204805,0.0014817971428571428,30,1,0.0,0.0,0.0,0.0,0.0,0.61368501,4.02499995
104.56481922,0.2550361444390244,0.0014817971428571428,30,1,0.0,0.0,0.0,0.0,0.0,0.60848498,3.45000005
104.56481922,0.2519634198072289,0.0014817971428571428,30,1,0.0,0.0,0.0,0.0,0.0,0.60425103,3.17499995
104.56481922,0.2489638552857143,0.0014817971428571428,30,1,0.0,0.0,0.0,0.0,0.0,0.597197,2.8999999499999998
104.56481922,0.2460348687529412,0.0014817971428571428,30,1,0.0,0.0,0.0,0.0,0.0,0.59988898,2.68500005
104.56481922,0.2431739981860465,0.0014817971428571428,30,1,0.0,0.0,0.0,0.0,0.0,0.58935797,2.4199999500000002
104.56481922,0.23764731640909093,0.0014817971428571428,30,1,0.0,0.0,0.0,0.0,0.0,0.56898302,1.93499995
104.56481922,0.23236626493333334,0.0014817971428571428,30,1,0.0,0.0,0.0,0.0,0.0,0.58537602,1.6749999999999998
104.56481922,0.22731482439130435,0.0014817971428571428,30,1,0.0,0.0,0.0,0.0,0.0,0.58558798,1.385
104.56481922,0.22013646151578947,0.0014817971428571428,30,1,0.0,0.0,0.0,0.0,0.0,0.58240002,1.014999965
104.56481922,0.20912963844000002,0.0014817971428571428,30,1,0.0,0.0,0.0,0.0,0.0,0.58396202,0.59999999
104.56481922,0.19011785312727272,0.0014817971428571428,30,1,0.0,0.0,0.0,0.0,0.0,0.61423898,0.235
104.56481922,0.3485493974,0.0014817971428571428,30,-1,0.0,0.0,0.0,0.0,0.0,0.71496099,0.15000000000000002
104.56481922,0.3217379052923077,0.0014817971428571428,30,-1,0.0,0.0,0.0,0.0,0.0,0.64649397,0.25499999500000003
104.56481922,0.3075435859411765,0.0014817971428571428,30,-1,0.0,0.0,0.0,0.0,0.0,0.62093103,0.37999999500000003
104.56481922,0.29875662634285716,0.0014817971428571428,30,-1,0.0,0.0,0.0,0.0,0.0,0.61193001,0.5099999900000001
104.56481922,0.2864789567671233,0.0014817971428571428,30,-1,0.0,0.0,0.0,0.0,0.0,0.64504898,0.92
104.56481922,0.28260761951351354,0.0014817971428571428,30,-1,0.0,0.0,0.0,0.0,0.0,0.633452,1.01000004
104.56481922,0.27883951792,0.0014817971428571428,30,-1,0.0,0.0,0.0,0.0,0.0,0.59635103,1.0150000000000001
104.56481922,0.27517057689473684,0.0014817971428571428,30,-1,0.0,0.0,0.0,0.0,0.0,0.586878,1.125
104.56481922,0.27159693303896104,0.0014817971428571428,30,-1,0.0,0.0,0.0,0.0,0.0,0.58872598,1.28999995
104.56481922,0.2681149210769231,0.0014817971428571428,30,-1,0.0,0.0,0.0,0.0,0.0,0.58823502,1.46
104.56481922,0.26141204805,0.0014817971428571428,30,-1,0.0,0.0,0.0,0.0,0.0,0.58123398,1.815
104.56481922,0.2550361444390244,0.0014817971428571428,30,-1,0.0,0.0,0.0,0.0,0.0,0.577456,2.24
104.56481922,0.2489638552857143,0.0014817971428571428,30,-1,0.0,0.0,0.0,0.0,0.0,0.57421499,2.725
104.56481922,0.2460348687529412,0.0014817971428571428,30,-1,0.0,0.0,0.0,0.0,0.0,0.57077098,2.98
104.56481922,0.27883951792,0.002097305714285714,177,1,0.0,0.0,0.0,0.0,0.0,0.52990901,8.39999985
104.56481922,0.26141204805,0.002097305714285714,177,1,0.0,0.0,0.0,0.0,0.0,0.528947,7.10000015
104.56481922,0.2460348687529412,0.002097305714285714,177,1,0.0,0.0,0.0,0.0,0.0,0.52211398,5.89999985
104.56481922,0.23236626493333334,0.002097305714285714,177,1,0.0,0.0,0.0,0.0,0.0,0.51288998,4.8249998
104.56481922,0.22013646151578947,0.002097305714285714,177,1,0.0,0.0,0.0,0.0,0.0,0.50406599,3.9000001
104.56481922,0.19011785312727272,0.002097305714285714,177,1,0.0,0.0,0.0,0.0,0.0,0.46545401,1.78000005
104.56481922,0.1742746987,0.002097305714285714,177,1,0.0,0.0,0.0,0.0,0.0,0.465749,1.124999985
104.56481922,0.3485493974,0.002097305714285714,177,-1,0.0,0.0,0.0,0.0,0.0,0.53865999,1.315
104.56481922,0.29875662634285716,0.002097305714285714,177,-1,0.0,0.0,0.0,0.0,0.0,0.498016,2.4799999
106.75257577999999,0.30500735937142853,0.0014659657142857142,29,1,0.0,0.0,0.0,0.0,0.0,0.65456498,8.4250002
106.75257577999999,0.2846735354133333,0.0014659657142857142,29,1,0.0,0.0,0.0,0.0,0.0,0.62091202,6.32500005
106.75257577999999,0.26688143945,0.0014659657142857142,29,1,0.0,0.0,0.0,0.0,0.0,0.60369402,4.52499985
106.75257577999999,0.25723512236144574,0.0014659657142857142,29,1,0.0,0.0,0.0,0.0,0.0,0.58911002,3.57500005
106.75257577999999,0.2541727994761904,0.0014659657142857142,29,1,0.0,0.0,0.0,0.0,0.0,0.60338497,3.375
106.75257577999999,0.2511825312470588,0.0014659657142857142,29,1,0.0,0.0,0.0,0.0,0.0,0.58602601,3.03999995
106.75257577999999,0.24826180413953486,0.0014659657142857142,29,1,0.0,0.0,0.0,0.0,0.0,0.58891201,2.81499995
106.75257577999999,0.24261949040909087,0.0014659657142857142,29,1,0.0,0.0,0.0,0.0,0.0,0.58508098,2.36
106.75257577999999,0.23722794617777776,0.0014659657142857142,29,1,0.0,0.0,0.0,0.0,0.0,0.58147198,1.95999995
106.75257577999999,0.23207081691304346,0.0014659657142857142,29,1,0.0,0.0,0.0,0.0,0.0,0.57969302,1.62
106.75257577999999,0.22474226479999998,0.0014659657142857142,29,1,0.0,0.0,0.0,0.0,0.0,0.58004397,1.20999995
106.75257577999999,0.21350515155999997,0.0014659657142857142,29,1,0.0,0.0,0.0,0.0,0.0,0.58508301,0.734999985
106.75257577999999,0.1940955923272727,0.0014659657142857142,29,1,0.0,0.0,0.0,0.0,0.0,0.61751902,0.29500000000000004
106.75257577999999,0.3284694639384615,0.0014659657142857142,29,-1,0.0,0.0,0.0,0.0,0.0,0.72381598,0.29999999
106.75257577999999,0.30500735937142853,0.0014659657142857142,29,-1,0.0,0.0,0.0,0.0,0.0,0.63681298,0.44
106.75257577999999,0.2846735354133333,0.0014659657142857142,29,-1,0.0,0.0,0.0,0.0,0.0,0.61013502,0.844999995
106.75257577999999,0.26688143945,0.0014659657142857142,29,-1,0.0,0.0,0.0,0.0,0.0,0.58238602,1.49
106.75257577999999,0.26037213604878046,0.0014659657142857142,29,-1,0.0,0.0,0.0,0.0,0.0,0.59089601,1.92
106.75257577999999,0.25723512236144574,0.0014659657142857142,29,-1,0.0,0.0,0.0,0.0,0.0,0.59120297,2.1399999999999997
106.75257577999999,0.2541727994761904,0.0014659657142857142,29,-1,0.0,0.0,0.0,0.0,0.0,0.56940198,2.2700001
106.75257577999999,0.2511825312470588,0.0014659657142857142,29,-1,0.0,0.0,0.0,0.0,0.0,0.58283901,2.57999995
106.75257577999999,0.24826180413953486,0.0014659657142857142,29,-1,0.0,0.0,0.0,0.0,0.0,0.57745099,2.81499995
103.71954964,0.27658546570666664,0.0014975385714285714,28,1,0.0,0.0,0.0,0.0,0.0,0.58110499,5.17499995
103.71954964,0.25929887409999997,0.0014975385714285714,28,1,0.0,0.0,0.0,0.0,0.0,0.57316101,3.5249999499999998
103.71954964,0.24992662563855422,0.0014975385714285714,28,1,0.0,0.0,0.0,0.0,0.0,0.57966697,2.7649999999999997
103.71954964,0.24695130866666665,0.0014975385714285714,28,1,0.0,0.0,0.0,0.0,0.0,0.56614,2.47000005
103.71954964,0.24120825497674417,0.0014975385714285714,28,1,0.0,0.0,0.0,0.0,0.0,0.56098199,2.02499995
103.71954964,0.23048788808888887,0.0014975385714285714,28,1,0.0,0.0,0.0,0.0,0.0,0.54893303,1.3
103.71954964,0.22067989285106382,0.0014975385714285714,28,1,0.0,0.0,0.0,0.0,0.0,0.54829103,0.824999985
103.71954964,0.21608239508333332,0.0014975385714285714,28,1,0.0,0.0,0.0,0.0,0.0,0.55008,0.655000005
103.71954964,0.20743909927999998,0.0014975385714285714,28,1,0.0,0.0,0.0,0.0,0.0,0.56909698,0.44500001
103.71954964,0.2053852468118812,0.0014975385714285714,28,1,0.0,0.0,0.0,0.0,0.0,0.57391798,0.40499999
103.71954964,0.18858099934545455,0.0014975385714285714,28,1,0.0,0.0,0.0,0.0,0.0,0.65538901,0.24
103.71954964,0.5926831408,0.0014975385714285714,28,-1,0.0,0.0,0.0,0.0,0.0,1.2988141,0.0249999994
103.71954964,0.41487819855999997,0.0014975385714285714,28,-1,0.0,0.0,0.0,0.0,0.0,0.89076,0.055000002
103.71954964,0.2963415704,0.0014975385714285714,28,-1,0.0,0.0,0.0,0.0,0.0,0.59363502,0.459999995
103.71954964,0.2881098601111111,0.0014975385714285714,28,-1,0.0,0.0,0.0,0.0,0.0,0.60917401,0.689999995
103.71954964,0.28032310713513514,0.0014975385714285714,28,-1,0.0,0.0,0.0,0.0,0.0,0.63117802,1.005000045
103.71954964,0.27658546570666664,0.0014975385714285714,28,-1,0.0,0.0,0.0,0.0,0.0,0.58089298,0.97
103.71954964,0.2729461832631579,0.0014975385714285714,28,-1,0.0,0.0,0.0,0.0,0.0,0.57748902,1.105
103.71954964,0.2625811383291139,0.0014975385714285714,28,-1,0.0,0.0,0.0,0.0,0.0,0.570678,1.60500005
103.71954964,0.25929887409999997,0.0014975385714285714,28,-1,0.0,0.0,0.0,0.0,0.0,0.56710398,1.795
103.71954964,0.25297451131707316,0.0014975385714285714,28,-1,0.0,0.0,0.0,0.0,0.0,0.56223798,2.23000005
103.71954964,0.24992662563855422,0.0014975385714285714,28,-1,0.0,0.0,0.0,0.0,0.0,0.56187701,2.48000005
103.71954964,0.24695130866666665,0.0014975385714285714,28,-1,0.0,0.0,0.0,0.0,0.0,0.564722,2.75999995
103.71954964,0.24404599915294117,0.0014975385714285714,28,-1,0.0,0.0,0.0,0.0,0.0,0.55670202,3.005
103.71954964,0.2053852468118812,0.0014975385714285714,28,-1,0.0,0.0,0.0,0.0,0.0,0.56304502,9.1750002
103.71954964,0.20337166596078432,0.0014975385714285714,28,-1,0.0,0.0,0.0,0.0,0.0,0.56096703,9.625
103.71954964,0.18858099934545455,0.0014975385714285714,28,-1,0.0,0.0,0.0,0.0,0.0,0.64876801,13.524999999999999
100.674093065,0.18304380557272726,0.0015597757142857144,32,1,0.0,0.0,0.0,0.0,0.0,0.67309898,0.25000000499999997
100.23902783999999,0.24750377244444444,0.0014882114285714285,31,1,0.0,0.0,0.0,0.0,0.0,0.58850801,2.6750001
100.23902783999999,0.18225277789090907,0.0014882114285714285,31,1,0.0,0.0,0.0,0.0,0.0,0.57661498,0.1
96.48503647,0.2473975294102564,0.0014998210714285715,30,-1,0.0,0.0,0.0,0.0,0.0,0.59428,2.7350000000000003
94.74477557,0.23686193892500002,0.0015059557142857144,29,1,0.0,0.0,0.0,0.0,0.0,0.53411502,1.52
94.74477557,0.2668866917464789,0.0015059557142857144,29,-1,0.0,0.0,0.0,0.0,0.0,0.53889799,1.1599999950000002
94.74477557,0.2631799321388889,0.0015059557142857144,29,-1,0.0,0.0,0.0,0.0,0.0,0.53567702,1.33
92.05980161,0.2191900038333333,0.0015554714285714285,32,1,0.0,0.0,0.0,0.0,0.0,0.52794403,0.71500002
93.17854075999999,0.2272647335609756,0.0016629892857142855,31,1,0.0,0.0,0.0,0.0,0.0,0.48967499,0.900000015
93.17854075999999,0.2740545316470588,0.0016629892857142855,31,-1,0.0,0.0,0.0,0.0,0.0,0.53399998,0.895000065
93.25312337,0.233132808425,0.0016599978571428572,30,1,0.0,0.0,0.0,0.0,0.0,0.44009599,0.94999999
93.25312337,0.22203124611904762,0.0016599978571428572,30,1,0.0,0.0,0.0,0.0,0.0,0.45797601,0.560000005
97.33030604999999,0.2528059897402597,0.0016337314285714286,29,1,0.0,0.0,0.0,0.0,0.0,0.45923001,2.29999995
97.33030604999999,0.24332576512499998,0.0016337314285714286,29,1,0.0,0.0,0.0,0.0,0.0,0.433263,1.495
97.33030604999999,0.2317388239285714,0.0016337314285714286,29,1,0.0,0.0,0.0,0.0,0.0,0.442862,0.879999995
97.33030604999999,0.2290124848235294,0.0016337314285714286,29,1,0.0,0.0,0.0,0.0,0.0,0.451812,0.79000002
97.33030604999999,0.22634954895348836,0.0016337314285714286,29,1,0.0,0.0,0.0,0.0,0.0,0.42393801,0.58500001
98.97112347000001,0.24742780867500003,0.0016090164285714288,28,1,0.0,0.0,0.0,0.0,0.0,0.427753,1.78
98.97112347000001,0.2356455320714286,0.0016090164285714288,28,1,0.0,0.0,0.0,0.0,0.0,0.413434,0.9650000000000001
98.97112347000001,0.23287323169411767,0.0016090164285714288,28,1,0.0,0.0,0.0,0.0,0.0,0.421294,0.855000015
98.97112347000001,0.27491978741666667,0.0016090164285714288,28,-1,0.0,0.0,0.0,0.0,0.0,0.428435,0.499999985
103.12288876,0.2578072219,0.0013430019999999998,32,1,0.0,0.0,0.0,0.0,0.0,0.42909101,2.8899999999999997
103.12288876,0.23437020172727271,0.0013430019999999998,32,1,0.0,0.0,0.0,0.0,0.0,0.43455499,1.16
103.12288876,0.22916197502222221,0.0013430019999999998,32,1,0.0,0.0,0.0,0.0,0.0,0.44443801,0.9300000099999999
103.12288876,0.22418019295652172,0.0013430019999999998,32,1,0.0,0.0,0.0,0.0,0.0,0.436869,0.68000001
103.12288876,0.2713760230526316,0.0013430019999999998,32,-1,0.0,0.0,0.0,0.0,0.0,0.44884601,0.805
102.60081049,0.23318366020454545,0.0014310975,31,1,0.0,0.0,0.0,0.0,0.0,0.45436299,1.145
102.60081049,0.2772994878108108,0.0014310975,31,-1,0.0,0.0,0.0,0.0,0.0,0.43912399,0.5450000150000001
102.60081049,0.27000213286842106,0.0014310975,31,-1,0.0,0.0,0.0,0.0,0.0,0.45197701,0.83999999
102.60081049,0.26649561166233765,0.0014310975,31,-1,0.0,0.0,0.0,0.0,0.0,0.445205,0.96500001
100.9351322,0.2432171860240964,0.00143335,30,1,0.0,0.0,0.0,0.0,0.0,0.43620199,1.63
100.9351322,0.24032174333333334,0.00143335,30,1,0.0,0.0,0.0,0.0,0.0,0.44147399,1.46000005
97.72807997,0.24130390116049383,0.0014108708695652174,29,1,0.0,0.0,0.0,0.0,0.0,0.38890699,1.200000005
97.72807997,0.2246622528045977,0.0014108708695652174,29,1,0.0,0.0,0.0,0.0,0.0,0.419853,0.52500001
97.72807997,0.27146688880555553,0.0014108708695652174,29,-1,0.0,0.0,0.0,0.0,0.0,0.425264,0.614999995
103.09802789,0.2713105997105263,0.001354673913043478,28,1,0.0,0.0,0.0,0.0,0.0,0.41943201,4.07500005
103.09802789,0.26435391766666666,0.001354673913043478,28,1,0.0,0.0,0.0,0.0,0.0,0.41800401,3.35
103.09802789,0.24258359503529411,0.001354673913043478,28,1,0.0,0.0,0.0,0.0,0.0,0.415095,1.455
103.09802789,0.23976285555813953,0.001354673913043478,28,1,0.0,0.0,0.0,0.0,0.0,0.41556799,1.27
103.09802789,0.23431369975,0.001354673913043478,28,1,0.0,0.0,0.0,0.0,0.0,0.41770601,0.9600000599999999
103.09802789,0.22910672864444445,0.001354673913043478,28,1,0.0,0.0,0.0,0.0,0.0,0.39945,0.640000015
108.34367146,0.28891645722666665,0.00148382,32,1,0.0,0.0,0.0,0.0,0.0,0.420073,6.27499985
108.34367146,0.27085917865,0.00148382,32,1,0.0,0.0,0.0,0.0,0.0,0.413802,4.22500015
108.34367146,0.2549262857882353,0.00148382,32,1,0.0,0.0,0.0,0.0,0.0,0.40616199,2.5749999499999996
108.34367146,0.24076371435555555,0.00148382,32,1,0.0,0.0,0.0,0.0,0.0,0.40412501,1.42500005
108.34367146,0.22809193991578947,0.00148382,32,1,0.0,0.0,0.0,0.0,0.0,0.40094799,0.7049999849999999
108.34367146,0.21668734292,0.00148382,32,1,0.0,0.0,0.0,0.0,0.0,0.40805501,0.33999999999999997
108.34367146,0.3611455715333333,0.00148382,32,-1,0.0,0.0,0.0,0.0,0.0,0.675116,0.09000000050000001
108.34367146,0.3333651429538461,0.00148382,32,-1,0.0,0.0,0.0,0.0,0.0,0.54854399,0.09
108.34367146,0.3095533470285714,0.00148382,32,-1,0.0,0.0,0.0,0.0,0.0,0.532327,0.239999995
108.34367146,0.28891645722666665,0.00148382,32,-1,0.0,0.0,0.0,0.0,0.0,0.431683,0.32000000500000003
108.34367146,0.27085917865,0.00148382,32,-1,0.0,0.0,0.0,0.0,0.0,0.414314,0.764999985
108.34367146,0.2549262857882353,0.00148382,32,-1,0.0,0.0,0.0,0.0,0.0,0.40509099,1.62
108.34367146,0.24076371435555555,0.00148382,32,-1,0.0,0.0,0.0,0.0,0.0,0.398718,2.9550000499999998
106.20563664,0.2655140916,0.001519921111111111,31,1,0.0,0.0,0.0,0.0,0.0,0.43801901,3.7250000500000002
106.20563664,0.2498956156235294,0.001519921111111111,31,1,0.0,0.0,0.0,0.0,0.0,0.42683199,2.21500005
106.20563664,0.23601252586666666,0.001519921111111111,31,1,0.0,0.0,0.0,0.0,0.0,0.420293,1.185
106.20563664,0.22359081397894737,0.001519921111111111,31,1,0.0,0.0,0.0,0.0,0.0,0.42449301,0.5999999899999999
106.20563664,0.21241127327999998,0.001519921111111111,31,1,0.0,0.0,0.0,0.0,0.0,0.43128499,0.290000005
106.20563664,0.20229645074285713,0.001519921111111111,31,1,0.0,0.0,0.0,0.0,0.0,0.44512299,0.14500000000000002
106.20563664,0.3034446761142857,0.001519921111111111,31,-1,0.0,0.0,0.0,0.0,0.0,0.48977199,0.204999995
106.20563664,0.28321503104,0.001519921111111111,31,-1,0.0,0.0,0.0,0.0,0.0,0.42660299,0.38000001
106.20563664,0.2655140916,0.001519921111111111,31,-1,0.0,0.0,0.0,0.0,0.0,0.41806999,0.94
106.20563664,0.2498956156235294,0.001519921111111111,31,-1,0.0,0.0,0.0,0.0,0.0,0.41285199,1.9449999999999998
106.20563664,0.23601252586666666,0.001519921111111111,31,-1,0.0,0.0,0.0,0.0,0.0,0.40748399,3.42499995
105.63383663,0.3841230422909091,0.0014826433333333332,30,1,0.0,0.0,0.0,0.0,0.0,0.890338,15.15
105.63383663,0.264084591575,0.0014826433333333332,30,1,0.0,0.0,0.0,0.0,0.0,0.46242899,3.6499999499999998
105.63383663,0.24855020383529414,0.0014826433333333332,30,1,0.0,0.0,0.0,0.0,0.0,0.44108701,2.14
105.63383663,0.2347418591777778,0.0014826433333333332,30,1,0.0,0.0,0.0,0.0,0.0,0.42659101,1.11
105.63383663,0.22238702448421055,0.0014826433333333332,30,1,0.0,0.0,0.0,0.0,0.0,0.432248,0.56
105.63383663,0.21126767326,0.0014826433333333332,30,1,0.0,0.0,0.0,0.0,0.0,0.439816,0.27
105.63383663,0.28169023101333335,0.0014826433333333332,30,-1,0.0,0.0,0.0,0.0,0.0,0.434237,0.41000000000000003
105.63383663,0.264084591575,0.0014826433333333332,30,-1,0.0,0.0,0.0,0.0,0.0,0.413452,0.9500000200000001
105.63383663,0.24855020383529414,0.0014826433333333332,30,-1,0.0,0.0,0.0,0.0,0.0,0.39985701,1.9449999999999998
105.63383663,0.2347418591777778,0.0014826433333333332,30,-1,0.0,0.0,0.0,0.0,0.0,0.38934401,3.45000005
105.93216706999999,0.264830417675,0.0014551577777777776,29,1,0.0,0.0,0.0,0.0,0.0,0.419889,3.5249999499999998
105.93216706999999,0.24925215781176469,0.0014551577777777776,29,1,0.0,0.0,0.0,0.0,0.0,0.411807,2.02499995
105.93216706999999,0.2354048157111111,0.0014551577777777776,29,1,0.0,0.0,0.0,0.0,0.0,0.402226,1.010000005
105.93216706999999,0.22301508856842103,0.0014551577777777776,29,1,0.0,0.0,0.0,0.0,0.0,0.396117,0.44
105.93216706999999,0.21186433413999997,0.0014551577777777776,29,1,0.0,0.0,0.0,0.0,0.0,0.41131601,0.204999995
105.93216706999999,0.2017755563238095,0.0014551577777777776,29,1,0.0,0.0,0.0,0.0,0.0,0.45364299,0.129999995
105.93216706999999,0.30266333448571425,0.0014551577777777776,29,-1,0.0,0.0,0.0,0.0,0.0,0.48684201,0.18
105.93216706999999,0.264830417675,0.0014551577777777776,29,-1,0.0,0.0,0.0,0.0,0.0,0.42482099,0.935000005
105.93216706999999,0.24925215781176469,0.0014551577777777776,29,-1,0.0,0.0,0.0,0.0,0.0,0.410779,1.9100000499999998
105.93216706999999,0.2354048157111111,0.0014551577777777776,29,-1,0.0,0.0,0.0,0.0,0.0,0.40230101,3.3999999499999998
105.45981054,0.26364952635,0.0014558122222222223,28,1,0.0,0.0,0.0,0.0,0.0,0.429306,3.3999999499999998
105.45981054,0.24814073068235296,0.0014558122222222223,28,1,0.0,0.0,0.0,0.0,0.0,0.406762,1.87
105.45981054,0.23435513453333334,0.0014558122222222223,28,1,0.0,0.0,0.0,0.0,0.0,0.396451,0.8950000149999999
105.45981054,0.22202065376842106,0.0014558122222222223,28,1,0.0,0.0,0.0,0.0,0.0,0.395419,0.385000005
105.45981054,0.3834902201454546,0.0014558122222222223,28,-1,0.0,0.0,0.0,0.0,0.0,0.71808302,0.035
105.45981054,0.3013137444,0.0014558122222222223,28,-1,0.0,0.0,0.0,0.0,0.0,0.49999201,0.199999995
105.45981054,0.28122616144,0.0014558122222222223,28,-1,0.0,0.0,0.0,0.0,0.0,0.402224,0.3
105.45981054,0.26364952635,0.0014558122222222223,28,-1,0.0,0.0,0.0,0.0,0.0,0.411652,0.905000005
105.45981054,0.24814073068235296,0.0014558122222222223,28,-1,0.0,0.0,0.0,0.0,0.0,0.39278901,1.88
105.45981054,0.23435513453333334,0.0014558122222222223,28,-1,0.0,0.0,0.0,0.0,0.0,0.37947199,3.3999999499999998
110.58114975999999,0.24573588835555554,0.0015308905555555556,31,1,0.0,0.0,0.0,0.0,0.0,0.415847,1.895
110.58114975999999,0.24039380382608694,0.0015308905555555556,31,1,0.0,0.0,0.0,0.0,0.0,0.40296099,1.4300000000000002
110.58114975999999,0.23527904204255318,0.0015308905555555556,31,1,0.0,0.0,0.0,0.0,0.0,0.40485701,1.1099999999999999
110.58114975999999,0.23037739533333332,0.0015308905555555556,31,1,0.0,0.0,0.0,0.0,0.0,0.39960799,0.819999995
113.96222808,0.24774397408695653,0.0014701483333333333,30,1,0.0,0.0,0.0,0.0,0.0,0.412949,2.0700000000000003
113.96222808,0.2374213085,0.0014701483333333333,30,1,0.0,0.0,0.0,0.0,0.0,0.39037201,1.175
113.96222808,0.23257597567346938,0.0014701483333333333,30,1,0.0,0.0,0.0,0.0,0.0,0.41902,1.019999995
113.96222808,0.22792445616,0.0014701483333333333,30,1,0.0,0.0,0.0,0.0,0.0,0.39357901,0.67500001
113.96222808,0.20720405105454545,0.0014701483333333333,30,1,0.0,0.0,0.0,0.0,0.0,0.46277699,0.25500000500000003
111.57558456000001,0.259478103627907,0.0016197686111111109,31,1,0.0,0.0,0.0,0.0,0.0,0.41492999,3.15
111.57558456000001,0.2564955966896552,0.0016197686111111109,31,1,0.0,0.0,0.0,0.0,0.0,0.418331,2.87
111.57558456000001,0.22315116912000002,0.0016197686111111109,31,1,0.0,0.0,0.0,0.0,0.0,0.401492,0.519999995
117.51733249,0.2554724619347826,0.0016246088888888888,30,1,0.0,0.0,0.0,0.0,0.0,0.444197,3.06000005
117.51733249,0.24482777602083333,0.0016246088888888888,30,1,0.0,0.0,0.0,0.0,0.0,0.43611199,2.0300000000000002
117.51733249,0.23503466498,0.0016246088888888888,30,1,0.0,0.0,0.0,0.0,0.0,0.42683601,1.255
117.51733249,0.21366787725454545,0.0016246088888888888,30,1,0.0,0.0,0.0,0.0,0.0,0.44152901,0.36500001
117.51733249,0.2798031725952381,0.0016246088888888888,30,-1,0.0,0.0,0.0,0.0,0.0,0.47243699,0.635000005
117.51733249,0.27651137056470587,0.0016246088888888888,30,-1,0.0,0.0,0.0,0.0,0.0,0.46801299,0.72999999
117.51733249,0.2701547873333333,0.0016246088888888888,30,-1,0.0,0.0,0.0,0.0,0.0,0.45592001,0.939999985
117.51733249,0.2670848465681818,0.0016246088888888888,30,-1,0.0,0.0,0.0,0.0,0.0,0.441448,1.0250000149999998
117.51733249,0.26114962775555556,0.0016246088888888888,30,-1,0.0,0.0,0.0,0.0,0.0,0.44567701,1.38499995
117.51733249,0.24482777602083333,0.0016246088888888888,30,-1,0.0,0.0,0.0,0.0,0.0,0.43353701,2.74000005
117.51733249,0.23503466498,0.0016246088888888888,30,-1,0.0,0.0,0.0,0.0,0.0,0.41603801,3.92499995
118.63607164,0.26962743554545454,0.001613423333333333,29,1,0.0,0.0,0.0,0.0,0.0,0.435574,4.54999995
118.63607164,0.26659791379775283,0.001613423333333333,29,1,0.0,0.0,0.0,0.0,0.0,0.44221401,4.2249999
118.63607164,0.26363571475555553,0.001613423333333333,29,1,0.0,0.0,0.0,0.0,0.0,0.433956,3.85
120.52549776,0.25643722927659574,0.0015931430555555556,28,1,0.0,0.0,0.0,0.0,0.0,0.52981001,3.5449999500000002
120.52549776,0.251094787,0.0015931430555555556,28,1,0.0,0.0,0.0,0.0,0.0,0.43123901,2.5
120.52549776,0.2739215858181818,0.0015931430555555556,28,-1,0.0,0.0,0.0,0.0,0.0,0.462511,0.784999995
120.52549776,0.25643722927659574,0.0015931430555555556,28,-1,0.0,0.0,0.0,0.0,0.0,0.44706199,1.725
127.13848918,0.27341610576344083,0.0014894175000000002,32,1,0.0,0.0,0.0,0.0,0.0,0.45300299,5.52499985
127.13848918,0.270507423787234,0.0014894175000000002,32,1,0.0,0.0,0.0,0.0,0.0,0.42906401,5.04999995
127.13848918,0.25946630444897956,0.0014894175000000002,32,1,0.0,0.0,0.0,0.0,0.0,0.43927699,3.7750001
127.13848918,0.21189748196666666,0.0014894175000000002,32,1,0.0,0.0,0.0,0.0,0.0,0.47660801,0.495
127.13848918,0.2676599772210526,0.0014894175000000002,32,-1,0.0,0.0,0.0,0.0,0.0,0.439953,1.155
130.32068054,0.2687024341030928,0.0015080599999999999,31,1,0.0,0.0,0.0,0.0,0.0,0.463485,5.07500005
130.32068054,0.2659605725306123,0.0015080599999999999,31,1,0.0,0.0,0.0,0.0,0.0,0.480625,4.8249998
130.32068054,0.2632741021010101,0.0015080599999999999,31,1,0.0,0.0,0.0,0.0,0.0,0.470864,4.45000005
130.32068054,0.26064136108,0.0015080599999999999,31,1,0.0,0.0,0.0,0.0,0.0,0.46823999,4.1250001
130.32068054,0.2580607535445545,0.0015080599999999999,31,1,0.0,0.0,0.0,0.0,0.0,0.485019,3.9250001
130.32068054,0.2555307461568628,0.0015080599999999999,31,1,0.0,0.0,0.0,0.0,0.0,0.48165399,3.625
130.32068054,0.2369466918909091,0.0015080599999999999,31,1,0.0,0.0,0.0,0.0,0.0,0.45221201,1.6949999999999998
127.0390457,0.2619361767010309,0.0014812345833333336,30,1,0.0,0.0,0.0,0.0,0.0,0.45059401,4.0749999500000005
127.0390457,0.25926335857142857,0.0014812345833333336,30,1,0.0,0.0,0.0,0.0,0.0,0.47071701,3.875
127.0390457,0.24430585711538463,0.0014812345833333336,30,1,0.0,0.0,0.0,0.0,0.0,0.46059501,2.28999995
127.0390457,0.2309800830909091,0.0014812345833333336,30,1,0.0,0.0,0.0,0.0,0.0,0.45945701,1.26000005
127.0390457,0.2854810015730337,0.0014812345833333336,30,-1,0.0,0.0,0.0,0.0,0.0,0.45980299,0.474999985
127.0390457,0.2646646785416667,0.0014812345833333336,30,-1,0.0,0.0,0.0,0.0,0.0,0.43697301,1.2250000499999998
128.30695007,0.25920595973737376,0.0015176208333333335,29,1,0.0,0.0,0.0,0.0,0.0,0.44027701,3.70000005
127.01418483,0.23093488150909092,0.0015331412499999999,28,1,0.0,0.0,0.0,0.0,0.0,0.455369,1.1400000000000001
127.01418483,0.27611779310869566,0.0015331412499999999,28,-1,0.0,0.0,0.0,0.0,0.0,0.434488,0.625
127.01418483,0.2731487845806452,0.0015331412499999999,28,-1,0.0,0.0,0.0,0.0,0.0,0.47559401,0.90500001
127.13848918,0.31784622295,0.0015590860000000001,32,1,0.0,0.0,0.0,0.0,0.0,0.61203998,11.475
127.13848918,0.29914938630588234,0.0015590860000000001,32,1,0.0,0.0,0.0,0.0,0.0,0.58241302,9.2250004
127.13848918,0.28252997595555557,0.0015590860000000001,32,1,0.0,0.0,0.0,0.0,0.0,0.56641501,7.17499995
127.13848918,0.2676599772210526,0.0015590860000000001,32,1,0.0,0.0,0.0,0.0,0.0,0.48758999,5.0250001
127.13848918,0.25427697835999996,0.0015590860000000001,32,1,0.0,0.0,0.0,0.0,0.0,0.467334,3.3999999499999998
127.13848918,0.24216855081904762,0.0015590860000000001,32,1,0.0,0.0,0.0,0.0,0.0,0.46025401,2.19000005
127.13848918,0.2311608894181818,0.0015590860000000001,32,1,0.0,0.0,0.0,0.0,0.0,0.46380201,1.375
127.13848918,0.22111041596521738,0.0015590860000000001,32,1,0.0,0.0,0.0,0.0,0.0,0.47184101,0.8499999899999999
127.13848918,0.21189748196666666,0.0015590860000000001,32,1,0.0,0.0,0.0,0.0,0.0,0.48574799,0.534999995
127.13848918,0.19559767566153846,0.0015590860000000001,32,1,0.0,0.0,0.0,0.0,0.0,0.50840002,0.204999995
127.13848918,0.1883533173037037,0.0015590860000000001,32,1,0.0,0.0,0.0,0.0,0.0,0.58501703,0.2349999995
127.13848918,0.3632528262285714,0.0015590860000000001,32,-1,0.0,0.0,0.0,0.0,0.0,0.58115,0.034999999000000004
127.13848918,0.33903597114666667,0.0015590860000000001,32,-1,0.0,0.0,0.0,0.0,0.0,0.540878,0.07000000249999999
127.13848918,0.31784622295,0.0015590860000000001,32,-1,0.0,0.0,0.0,0.0,0.0,0.56937301,0.24499999500000003
127.13848918,0.29914938630588234,0.0015590860000000001,32,-1,0.0,0.0,0.0,0.0,0.0,0.52574098,0.41499999
127.13848918,0.28252997595555557,0.0015590860000000001,32,-1,0.0,0.0,0.0,0.0,0.0,0.47129899,0.650000005
127.13848918,0.2676599772210526,0.0015590860000000001,32,-1,0.0,0.0,0.0,0.0,0.0,0.452158,1.19999995
127.13848918,0.25427697835999996,0.0015590860000000001,32,-1,0.0,0.0,0.0,0.0,0.0,0.44207799,2.105
127.13848918,0.24216855081904762,0.0015590860000000001,32,-1,0.0,0.0,0.0,0.0,0.0,0.43216699,3.375
127.13848918,0.21189748196666666,0.0015590860000000001,32,-1,0.0,0.0,0.0,0.0,0.0,0.410166,9.1500001
127.13848918,0.20342158268799998,0.0015590860000000001,32,-1,0.0,0.0,0.0,0.0,0.0,0.49358499,11.675
133.20454146,0.33301135365,0.00154608,31,1,0.0,0.0,0.0,0.0,0.0,0.667835,13.775
133.20454146,0.31342245049411765,0.00154608,31,1,0.0,0.0,0.0,0.0,0.0,0.63444602,11.45
133.20454146,0.29601009213333335,0.00154608,31,1,0.0,0.0,0.0,0.0,0.0,0.531111,9.0
133.20454146,0.2804306136,0.00154608,31,1,0.0,0.0,0.0,0.0,0.0,0.48822999,6.79999995
133.20454146,0.26640908292,0.00154608,31,1,0.0,0.0,0.0,0.0,0.0,0.46503499,4.875
133.20454146,0.2537229361142857,0.00154608,31,1,0.0,0.0,0.0,0.0,0.0,0.468546,3.3999999499999998
133.20454146,0.2421900753818182,0.00154608,31,1,0.0,0.0,0.0,0.0,0.0,0.47143701,2.27
133.20454146,0.23166007210434783,0.00154608,31,1,0.0,0.0,0.0,0.0,0.0,0.47158399,1.44
133.20454146,0.2220075691,0.00154608,31,1,0.0,0.0,0.0,0.0,0.0,0.476284,0.894999985
133.20454146,0.21312726633600002,0.00154608,31,1,0.0,0.0,0.0,0.0,0.0,0.48493999,0.555000005
133.20454146,0.2049300637846154,0.00154608,31,1,0.0,0.0,0.0,0.0,0.0,0.49705401,0.350000005
133.20454146,0.1973400614222222,0.00154608,31,1,0.0,0.0,0.0,0.0,0.0,0.508394,0.219999995
133.20454146,0.1902922020857143,0.00154608,31,1,0.0,0.0,0.0,0.0,0.0,0.52365398,0.145000005
133.20454146,0.17760605528,0.00154608,31,1,0.0,0.0,0.0,0.0,0.0,0.56938201,0.080000002
133.20454146,0.1718768276903226,0.00154608,31,1,0.0,0.0,0.0,0.0,0.0,0.60852599,0.075000005
133.20454146,0.33301135365,0.00154608,31,-1,0.0,0.0,0.0,0.0,0.0,0.57845497,0.13500000499999998
133.20454146,0.31342245049411765,0.00154608,31,-1,0.0,0.0,0.0,0.0,0.0,0.53951901,0.24000000000000002
133.20454146,0.29601009213333335,0.00154608,31,-1,0.0,0.0,0.0,0.0,0.0,0.49120399,0.39
133.20454146,0.2804306136,0.00154608,31,-1,0.0,0.0,0.0,0.0,0.0,0.482402,0.78999999
133.20454146,0.26640908292,0.00154608,31,-1,0.0,0.0,0.0,0.0,0.0,0.46476999,1.39499995
133.20454146,0.2537229361142857,0.00154608,31,-1,0.0,0.0,0.0,0.0,0.0,0.455917,2.35
133.20454146,0.2421900753818182,0.00154608,31,-1,0.0,0.0,0.0,0.0,0.0,0.451092,3.67499995
133.20454146,0.2220075691,0.00154608,31,-1,0.0,0.0,0.0,0.0,0.0,0.442563,7.2750001
131.81233274000002,0.37660666497142864,0.0015764891666666667,30,1,0.0,0.0,0.0,0.0,0.0,0.42721999,18.0249995
131.81233274000002,0.32953083185000004,0.0015764891666666667,30,1,0.0,0.0,0.0,0.0,0.0,0.51695299,13.1
131.81233274000002,0.2929162949777778,0.0015764891666666667,30,1,0.0,0.0,0.0,0.0,0.0,0.495047,8.4500003
131.81233274000002,0.27749964787368425,0.0015764891666666667,30,1,0.0,0.0,0.0,0.0,0.0,0.46655601,6.29999995
131.81233274000002,0.26362466548,0.0015764891666666667,30,1,0.0,0.0,0.0,0.0,0.0,0.45805401,4.47500015
131.81233274000002,0.2510711099809524,0.0015764891666666667,30,1,0.0,0.0,0.0,0.0,0.0,0.45250401,3.0
131.81233274000002,0.23965878680000002,0.0015764891666666667,30,1,0.0,0.0,0.0,0.0,0.0,0.45140201,1.9100000499999998
131.81233274000002,0.22923883954782612,0.0015764891666666667,30,1,0.0,0.0,0.0,0.0,0.0,0.459268,1.1949999500000001
131.81233274000002,0.21968722123333337,0.0015764891666666667,30,1,0.0,0.0,0.0,0.0,0.0,0.466719,0.724999995
131.81233274000002,0.21089973238400003,0.0015764891666666667,30,1,0.0,0.0,0.0,0.0,0.0,0.47881201,0.44500001
131.81233274000002,0.20278820421538465,0.0015764891666666667,30,1,0.0,0.0,0.0,0.0,0.0,0.48763201,0.265
131.81233274000002,0.1700804293419355,0.0015764891666666667,30,1,0.0,0.0,0.0,0.0,0.0,0.557486,0.0299999995
131.81233274000002,0.3514995539733334,0.0015764891666666667,30,-1,0.0,0.0,0.0,0.0,0.0,0.59618801,0.0600000015
131.81233274000002,0.32953083185000004,0.0015764891666666667,30,-1,0.0,0.0,0.0,0.0,0.0,0.522847,0.0800000005
131.81233274000002,0.31014666527058826,0.0015764891666666667,30,-1,0.0,0.0,0.0,0.0,0.0,0.47405601,0.13999999500000002
131.81233274000002,0.27749964787368425,0.0015764891666666667,30,-1,0.0,0.0,0.0,0.0,0.0,0.45696199,0.735000015
131.81233274000002,0.26362466548,0.0015764891666666667,30,-1,0.0,0.0,0.0,0.0,0.0,0.44321799,1.37
131.81233274000002,0.2510711099809524,0.0015764891666666667,30,-1,0.0,0.0,0.0,0.0,0.0,0.437774,2.385
131.81233274000002,0.23965878680000002,0.0015764891666666667,30,-1,0.0,0.0,0.0,0.0,0.0,0.43308499,3.7749999499999998
131.81233274000002,0.22923883954782612,0.0015764891666666667,30,-1,0.0,0.0,0.0,0.0,0.0,0.44611201,5.5999999
131.81233274000002,0.21968722123333337,0.0015764891666666667,30,-1,0.0,0.0,0.0,0.0,0.0,0.410409,7.4749999
131.81233274000002,0.20278820421538465,0.0015764891666666667,30,-1,0.0,0.0,0.0,0.0,0.0,0.492549,12.25
132.90621102,0.35441656272,0.0014948108333333334,29,1,0.0,0.0,0.0,0.0,0.0,0.716205,16.025
132.90621102,0.2953471356,0.0014948108333333334,29,1,0.0,0.0,0.0,0.0,0.0,0.52662599,8.7999997
132.90621102,0.2798025495157895,0.0014948108333333334,29,1,0.0,0.0,0.0,0.0,0.0,0.48050499,6.57500005
132.90621102,0.26581242204,0.0014948108333333334,29,1,0.0,0.0,0.0,0.0,0.0,0.47420099,4.72500015
132.90621102,0.2531546876571429,0.0014948108333333334,29,1,0.0,0.0,0.0,0.0,0.0,0.46253899,3.17499995
132.90621102,0.2416476564,0.0014948108333333334,29,1,0.0,0.0,0.0,0.0,0.0,0.45857799,2.025
132.90621102,0.23114123655652175,0.0014948108333333334,29,1,0.0,0.0,0.0,0.0,0.0,0.460024,1.24
132.90621102,0.2215103517,0.0014948108333333334,29,1,0.0,0.0,0.0,0.0,0.0,0.46173701,0.724999995
132.90621102,0.20447109387692308,0.0014948108333333334,29,1,0.0,0.0,0.0,0.0,0.0,0.47960401,0.24999999
132.90621102,0.1968980904,0.0014948108333333334,29,1,0.0,0.0,0.0,0.0,0.0,0.49485901,0.155000005
132.90621102,0.18986601574285714,0.0014948108333333334,29,1,0.0,0.0,0.0,0.0,0.0,0.52846801,0.12000000050000001
132.90621102,0.33226552755,0.0014948108333333334,29,-1,0.0,0.0,0.0,0.0,0.0,0.60104001,0.14500000500000002
132.90621102,0.31272049651764705,0.0014948108333333334,29,-1,0.0,0.0,0.0,0.0,0.0,0.51079398,0.17
132.90621102,0.2798025495157895,0.0014948108333333334,29,-1,0.0,0.0,0.0,0.0,0.0,0.483179,0.7599999900000001
132.90621102,0.26581242204,0.0014948108333333334,29,-1,0.0,0.0,0.0,0.0,0.0,0.437437,1.225
132.90621102,0.2531546876571429,0.0014948108333333334,29,-1,0.0,0.0,0.0,0.0,0.0,0.42822,2.17000005
132.90621102,0.23114123655652175,0.0014948108333333334,29,-1,0.0,0.0,0.0,0.0,0.0,0.46077099,5.45000005
132.23496752999998,0.3305874188249999,0.0014033750000000001,28,1,0.0,0.0,0.0,0.0,0.0,0.51964802,13.225
132.23496752999998,0.29385548339999995,0.0014033750000000001,28,1,0.0,0.0,0.0,0.0,0.0,0.50746298,8.5499997
132.23496752999998,0.27838940532631573,0.0014033750000000001,28,1,0.0,0.0,0.0,0.0,0.0,0.50183302,6.4749999
132.23496752999998,0.26446993505999994,0.0014033750000000001,28,1,0.0,0.0,0.0,0.0,0.0,0.452584,4.45000005
132.23496752999998,0.2518761286285714,0.0014033750000000001,28,1,0.0,0.0,0.0,0.0,0.0,0.45779899,3.005
132.23496752999998,0.24042721369090905,0.0014033750000000001,28,1,0.0,0.0,0.0,0.0,0.0,0.450905,1.86500005
132.23496752999998,0.229973856573913,0.0014033750000000001,28,1,0.0,0.0,0.0,0.0,0.0,0.450771,1.1049999499999998
132.23496752999998,0.22039161254999995,0.0014033750000000001,28,1,0.0,0.0,0.0,0.0,0.0,0.45630601,0.640000015
132.23496752999998,0.21157594804799995,0.0014033750000000001,28,1,0.0,0.0,0.0,0.0,0.0,0.46233299,0.36
132.23496752999998,0.20343841158461534,0.0014033750000000001,28,1,0.0,0.0,0.0,0.0,0.0,0.47716799,0.21500000000000002
132.23496752999998,0.18890709647142853,0.0014033750000000001,28,1,0.0,0.0,0.0,0.0,0.0,0.51662701,0.09
132.23496752999998,0.17631329003999996,0.0014033750000000001,28,1,0.0,0.0,0.0,0.0,0.0,0.66234398,0.135000005
132.23496752999998,0.4407832250999999,0.0014033750000000001,28,-1,0.0,0.0,0.0,0.0,0.0,0.77370501,0.01
132.23496752999998,0.3305874188249999,0.0014033750000000001,28,-1,0.0,0.0,0.0,0.0,0.0,0.63035202,0.174999995
132.23496752999998,0.3111411000705882,0.0014033750000000001,28,-1,0.0,0.0,0.0,0.0,0.0,0.49434999,0.1400000005
132.23496752999998,0.29385548339999995,0.0014033750000000001,28,-1,0.0,0.0,0.0,0.0,0.0,0.46208099,0.28500000999999997
132.23496752999998,0.27838940532631573,0.0014033750000000001,28,-1,0.0,0.0,0.0,0.0,0.0,0.45194599,0.63500002
132.23496752999998,0.26446993505999994,0.0014033750000000001,28,-1,0.0,0.0,0.0,0.0,0.0,0.44067499,1.245
132.23496752999998,0.2518761286285714,0.0014033750000000001,28,-1,0.0,0.0,0.0,0.0,0.0,0.43589199,2.2350000000000003
132.23496752999998,0.24042721369090905,0.0014033750000000001,28,-1,0.0,0.0,0.0,0.0,0.0,0.45123699,3.7250000500000002
129.79860227,0.25450706327450984,0.0014653532142857141,32,1,0.0,0.0,0.0,0.0,0.0,0.431775,3.245
129.79860227,0.25203612091262134,0.0014653532142857141,32,1,0.0,0.0,0.0,0.0,0.0,0.435031,3.0
129.79860227,0.2472354328952381,0.0014653532142857141,32,1,0.0,0.0,0.0,0.0,0.0,0.42344201,2.44500005
129.79860227,0.24036778198148148,0.0014653532142857141,32,1,0.0,0.0,0.0,0.0,0.0,0.42679799,1.84999995
129.79860227,0.21633100378333334,0.0014653532142857141,32,1,0.0,0.0,0.0,0.0,0.0,0.49026901,0.71999995
129.79860227,0.26762598406185567,0.0014653532142857141,32,-1,0.0,0.0,0.0,0.0,0.0,0.435197,1.1600000000000001
123.60824563999999,0.24236910909803921,0.0014365314285714288,31,1,0.0,0.0,0.0,0.0,0.0,0.42306799,1.88999995
123.60824563999999,0.22890415859259258,0.0014365314285714288,31,1,0.0,0.0,0.0,0.0,0.0,0.43223,1.0050000099999998
123.60824563999999,0.22680412044036696,0.0014365314285714288,31,1,0.0,0.0,0.0,0.0,0.0,0.43172699,0.890000015
124.13032391,0.24339279198039215,0.0014568935714285712,30,1,0.0,0.0,0.0,0.0,0.0,0.42570001,1.9599999499999998
124.13032391,0.23420815832075473,0.0014568935714285712,30,1,0.0,0.0,0.0,0.0,0.0,0.427789,1.275
124.13032391,0.2298709702037037,0.0014568935714285712,30,1,0.0,0.0,0.0,0.0,0.0,0.42711499,1.005
124.10546304,0.24821092608,0.0014066189285714286,29,1,0.0,0.0,0.0,0.0,0.0,0.40732899,2.24500005
124.45351522,0.31113378805,0.0014416578571428574,32,-1,0.0,0.0,0.0,0.0,0.0,0.49900001,0.1849999995
123.13588911,0.24627177822,0.0013860300000000001,30,1,0.0,0.0,0.0,0.0,0.0,0.51902097,2.7250000500000002
123.13588911,0.22802942427777775,0.0013860300000000001,30,1,0.0,0.0,0.0,0.0,0.0,0.53123802,1.39999994
123.13588911,0.22388343474545452,0.0013860300000000001,30,1,0.0,0.0,0.0,0.0,0.0,0.47120401,0.885000005
123.13588911,0.24627177822,0.0013860300000000001,30,-1,0.0,0.0,0.0,0.0,0.0,0.50144798,3.09000005
123.13588911,0.23016054039252334,0.0013860300000000001,30,-1,0.0,0.0,0.0,0.0,0.0,0.593413,5.82500005
137.70435892999998,0.27540871786,0.0013769078571428573,29,1,0.0,0.0,0.0,0.0,0.0,0.73663199,7.1499998499999995
137.70435892999998,0.2550080720925926,0.0013769078571428573,29,1,0.0,0.0,0.0,0.0,0.0,0.73156601,4.8500001500000005
137.70435892999998,0.2503715616909091,0.0013769078571428573,29,1,0.0,0.0,0.0,0.0,0.0,0.79677999,4.7750001
137.70435892999998,0.248115962036036,0.0013769078571428573,29,1,0.0,0.0,0.0,0.0,0.0,0.57695502,3.2050000499999998
137.70435892999998,0.23742130849999998,0.0013769078571428573,29,1,0.0,0.0,0.0,0.0,0.0,0.505301,1.8200000550000002
137.70435892999998,0.2295072648833333,0.0013769078571428573,29,1,0.0,0.0,0.0,0.0,0.0,0.55041897,1.505
137.70435892999998,0.21185285989230768,0.0013769078571428573,29,1,0.0,0.0,0.0,0.0,0.0,0.63635099,0.95000001
129.84832401,0.24970831540384616,0.0014746189285714283,32,1,0.0,0.0,0.0,0.0,0.0,0.74151403,4.6750000499999995
129.84832401,0.24733014097142858,0.0014746189285714283,32,1,0.0,0.0,0.0,0.0,0.0,0.59572297,3.54999995
129.84832401,0.24499683775471698,0.0014746189285714283,32,1,0.0,0.0,0.0,0.0,0.0,0.735412,4.18999995
129.84832401,0.242707147682243,0.0014746189285714283,32,1,0.0,0.0,0.0,0.0,0.0,0.74206197,4.02
129.84832401,0.23608786183636363,0.0014746189285714283,32,1,0.0,0.0,0.0,0.0,0.0,0.58155102,2.46000005
129.84832401,0.23396094416216215,0.0014746189285714283,32,-1,0.0,0.0,0.0,0.0,0.0,0.60195202,5.67499995
131.91177622,0.25126052613333333,0.0014806014285714286,31,1,0.0,0.0,0.0,0.0,0.0,0.591304,3.79999995
131.91177622,0.24656406770093459,0.0014806014285714286,31,1,0.0,0.0,0.0,0.0,0.0,0.60119599,3.3999999499999998
131.91177622,0.21624881347540983,0.0014806014285714286,31,1,0.0,0.0,0.0,0.0,0.0,0.62147999,1.2500000549999999
132.78190666999998,0.25291791746666664,0.0015155139285714285,30,1,0.0,0.0,0.0,0.0,0.0,0.558263,3.79999995
132.78190666999998,0.24589241975925924,0.0015155139285714285,30,1,0.0,0.0,0.0,0.0,0.0,0.576765,3.2050000499999998
132.78190666999998,0.24363652599999996,0.0015155139285714285,30,1,0.0,0.0,0.0,0.0,0.0,0.56825101,2.93999995
132.78190666999998,0.24142164849090905,0.0015155139285714285,30,1,0.0,0.0,0.0,0.0,0.0,0.54380399,2.5899998999999996
132.78190666999998,0.27377712715463914,0.0015155139285714285,30,-1,0.0,0.0,0.0,0.0,0.0,0.597606,1.585
132.78190666999998,0.2682462761010101,0.0015155139285714285,30,-1,0.0,0.0,0.0,0.0,0.0,0.61398298,2.0150000500000003
136.08840238,0.27217680476,0.0014935739285714287,29,1,0.0,0.0,0.0,0.0,0.0,0.50679398,5.9000001
136.08840238,0.24743345887272725,0.0014935739285714287,29,1,0.0,0.0,0.0,0.0,0.0,0.545201,3.21000005
136.08840238,0.22681400396666665,0.0014935739285714287,29,1,0.0,0.0,0.0,0.0,0.0,0.59451699,1.74500005
128.82902834,0.24774813142307694,0.0015021017857142858,28,1,0.0,0.0,0.0,0.0,0.0,0.56479102,3.15
128.82902834,0.2342345969818182,0.0015021017857142858,28,1,0.0,0.0,0.0,0.0,0.0,0.51235402,1.69500005
128.82902834,0.21471504723333334,0.0015021017857142858,28,1,0.0,0.0,0.0,0.0,0.0,0.58645397,0.9050000149999999
128.82902834,0.2741043156170213,0.0015021017857142858,28,-1,0.0,0.0,0.0,0.0,0.0,0.59286302,1.37500001
128.82902834,0.2683938090416667,0.0015021017857142858,28,-1,0.0,0.0,0.0,0.0,0.0,0.58433801,1.65999995
128.82902834,0.26291638436734693,0.0015021017857142858,28,-1,0.0,0.0,0.0,0.0,0.0,0.53601998,1.77999995
128.18264572,0.23737526985185187,0.0017404257142857144,32,1,0.0,0.0,0.0,0.0,0.0,0.529333,2.1699999500000002
128.18264572,0.25636529144000003,0.0018494454945054944,186,1,0.0,0.0,0.0,0.0,0.0,0.50943297,8.1500001
128.18264572,0.24415742041904764,0.0018494454945054944,186,1,0.0,0.0,0.0,0.0,0.0,0.51542902,7.1500001
128.18264572,0.23305935585454549,0.0018494454945054944,186,1,0.0,0.0,0.0,0.0,0.0,0.51439798,6.17499995
128.18264572,0.21363774286666667,0.0018494454945054944,186,1,0.0,0.0,0.0,0.0,0.0,0.51318401,4.57500005
128.18264572,0.2698582015157895,0.0018494454945054944,186,-1,0.0,0.0,0.0,0.0,0.0,0.51847398,5.4000001
128.18264572,0.25636529144000003,0.0018494454945054944,186,-1,0.0,0.0,0.0,0.0,0.0,0.50397497,6.4749999
124.0557413,0.2481114826,0.0012901000000000002,31,1,0.0,0.0,0.0,0.0,0.0,0.587147,3.325
124.0557413,0.2318798902803738,0.0012901000000000002,31,1,0.0,0.0,0.0,0.0,0.0,0.57256502,1.9100000000000001
124.0557413,0.22973285425925924,0.0012901000000000002,31,1,0.0,0.0,0.0,0.0,0.0,0.57875198,1.795
124.0557413,0.31013935324999997,0.0012901000000000002,31,-1,0.0,0.0,0.0,0.0,0.0,0.61547798,0.42499998
124.0557413,0.2756794251111111,0.0012901000000000002,31,-1,0.0,0.0,0.0,0.0,0.0,0.57032001,1.29500005
124.0557413,0.2481114826,0.001785446043956044,185,1,0.0,0.0,0.0,0.0,0.0,0.51604402,7.25
124.0557413,0.2362966500952381,0.001785446043956044,185,1,0.0,0.0,0.0,0.0,0.0,0.528373,6.42499995
124.0557413,0.22555589327272726,0.001785446043956044,185,1,0.0,0.0,0.0,0.0,0.0,0.51964402,5.42499995
124.0557413,0.20675956883333332,0.001785446043956044,185,1,0.0,0.0,0.0,0.0,0.0,0.51640397,3.95000005
124.0557413,0.1908549866153846,0.001785446043956044,185,1,0.0,0.0,0.0,0.0,0.0,0.51402998,2.8500000500000002
124.0557413,0.16540765506666666,0.001785446043956044,185,1,0.0,0.0,0.0,0.0,0.0,0.51338398,1.48000005
124.0557413,0.4962229652,0.001785446043956044,185,-1,0.0,0.0,0.0,0.0,0.0,0.60424399,0.3399999995
124.0557413,0.29189586188235295,0.001785446043956044,185,-1,0.0,0.0,0.0,0.0,0.0,0.51660502,3.6499999499999998
124.0557413,0.2756794251111111,0.001785446043956044,185,-1,0.0,0.0,0.0,0.0,0.0,0.51865,4.75
124.0557413,0.2611699816842105,0.001785446043956044,185,-1,0.0,0.0,0.0,0.0,0.0,0.51860398,5.9749999
124.0557413,0.2481114826,0.001785446043956044,185,-1,0.0,0.0,0.0,0.0,0.0,0.50477701,7.1500001
124.0557413,0.2362966500952381,0.001785446043956044,185,-1,0.0,0.0,0.0,0.0,0.0,0.51385301,8.7749996
122.98672389,0.30746680972499996,0.0012704116666666667,30,-1,0.0,0.0,0.0,0.0,0.0,0.64892501,0.52000001
122.98672389,0.28601563695348836,0.0012704116666666667,30,-1,0.0,0.0,0.0,0.0,0.0,0.65271699,1.130000045
122.98672389,0.2795152815681818,0.0012704116666666667,30,-1,0.0,0.0,0.0,0.0,0.0,0.63863301,1.345
122.98672389,0.27330383086666665,0.0012704116666666667,30,-1,0.0,0.0,0.0,0.0,0.0,0.57646197,1.37
122.98672389,0.2509933140612245,0.0012704116666666667,30,-1,0.0,0.0,0.0,0.0,0.0,0.562976,2.93500005
122.98672389,0.23426042645714285,0.0012704116666666667,30,-1,0.0,0.0,0.0,0.0,0.0,0.52400398,4.79999995
122.98672389,0.27330383086666665,0.0017069797142857143,93,1,0.0,0.0,0.0,0.0,0.0,0.55579698,7.79999995
122.98672389,0.25891941871578944,0.0017069797142857143,93,1,0.0,0.0,0.0,0.0,0.0,0.53742701,6.27499985
122.98672389,0.24597344778,0.0017069797142857143,93,1,0.0,0.0,0.0,0.0,0.0,0.52672499,5.0
122.98672389,0.23426042645714285,0.0017069797142857143,93,1,0.0,0.0,0.0,0.0,0.0,0.52811497,4.02499995
122.98672389,0.22361222525454544,0.0017069797142857143,93,1,0.0,0.0,0.0,0.0,0.0,0.52513701,3.17499995
122.98672389,0.21388995459130433,0.0017069797142857143,93,1,0.0,0.0,0.0,0.0,0.0,0.51879901,2.44500005
122.98672389,0.20497787315,0.0017069797142857143,93,1,0.0,0.0,0.0,0.0,0.0,0.52478302,1.955
122.98672389,0.19677875822399998,0.0017069797142857143,93,1,0.0,0.0,0.0,0.0,0.0,0.55734998,1.76999995
122.98672389,0.18921034444615384,0.0017069797142857143,93,1,0.0,0.0,0.0,0.0,0.0,0.55131602,1.35500005
122.98672389,0.17569531984285713,0.0017069797142857143,93,1,0.0,0.0,0.0,0.0,0.0,0.54984498,0.819999995
122.98672389,0.16398229851999999,0.0017069797142857143,93,1,0.0,0.0,0.0,0.0,0.0,0.56148601,0.5399999950000001
122.98672389,0.30746680972499996,0.0017069797142857143,93,-1,0.0,0.0,0.0,0.0,0.0,0.54056799,1.505
122.98672389,0.2893805268,0.0017069797142857143,93,-1,0.0,0.0,0.0,0.0,0.0,0.52964097,2.16499995
122.98672389,0.27330383086666665,0.0017069797142857143,93,-1,0.0,0.0,0.0,0.0,0.0,0.54431099,3.225
122.98672389,0.25891941871578944,0.0017069797142857143,93,-1,0.0,0.0,0.0,0.0,0.0,0.52686602,4.20000005
122.98672389,0.24597344778,0.0017069797142857143,93,-1,0.0,0.0,0.0,0.0,0.0,0.52167797,5.47500015
122.98672389,0.21388995459130433,0.0017069797142857143,93,-1,0.0,0.0,0.0,0.0,0.0,0.51407999,10.425
122.98672389,0.20497787315,0.0017069797142857143,93,-1,0.0,0.0,0.0,0.0,0.0,0.527565,12.5
122.98672389,0.25891941871578944,0.001741624945054945,184,1,0.0,0.0,0.0,0.0,0.0,0.53318602,8.3249998
122.98672389,0.24597344778,0.001741624945054945,184,1,0.0,0.0,0.0,0.0,0.0,0.51704597,7.0
122.98672389,0.23426042645714285,0.001741624945054945,184,1,0.0,0.0,0.0,0.0,0.0,0.52430898,6.125
122.98672389,0.20497787315,0.001741624945054945,184,1,0.0,0.0,0.0,0.0,0.0,0.51858699,3.79999995
122.98672389,0.17569531984285713,0.001741624945054945,184,1,0.0,0.0,0.0,0.0,0.0,0.51404899,1.94999995
122.98672389,0.32796459703999997,0.001741624945054945,184,-1,0.0,0.0,0.0,0.0,0.0,0.52216899,2.07499995
122.98672389,0.27330383086666665,0.001741624945054945,184,-1,0.0,0.0,0.0,0.0,0.0,0.52870399,5.0
122.98672389,0.24597344778,0.001741624945054945,184,-1,0.0,0.0,0.0,0.0,0.0,0.50343299,7.29999995
122.98672389,0.19677875822399998,0.001741624945054945,184,-1,0.0,0.0,0.0,0.0,0.0,0.49677101,15.950000000000001
125.22420218999999,0.2318966707222222,0.0012807558333333333,29,1,0.0,0.0,0.0,0.0,0.0,0.598261,1.9200001000000002
125.22420218999999,0.313060505475,0.0016772514285714286,92,1,0.0,0.0,0.0,0.0,0.0,0.592664,12.05
125.22420218999999,0.2636298993473684,0.0016772514285714286,92,1,0.0,0.0,0.0,0.0,0.0,0.50889701,6.5500002
125.22420218999999,0.25044840438,0.0016772514285714286,92,1,0.0,0.0,0.0,0.0,0.0,0.52661502,5.47500015
125.22420218999999,0.23852228988571425,0.0016772514285714286,92,1,0.0,0.0,0.0,0.0,0.0,0.52722299,4.4250002
125.22420218999999,0.22768036761818178,0.0016772514285714286,92,1,0.0,0.0,0.0,0.0,0.0,0.52053499,3.4750000500000002
125.22420218999999,0.21778122119999999,0.0016772514285714286,92,1,0.0,0.0,0.0,0.0,0.0,0.50208598,2.575
125.22420218999999,0.20870700364999997,0.0016772514285714286,92,1,0.0,0.0,0.0,0.0,0.0,0.51639402,2.12
125.22420218999999,0.20035872350399997,0.0016772514285714286,92,1,0.0,0.0,0.0,0.0,0.0,0.53298402,1.78000005
125.22420218999999,0.16696560291999998,0.0016772514285714286,92,1,0.0,0.0,0.0,0.0,0.0,0.54291397,0.53500001
125.22420218999999,0.2946451816235294,0.0016772514285714286,92,-1,0.0,0.0,0.0,0.0,0.0,0.53333402,1.96
125.22420218999999,0.27827600486666665,0.0016772514285714286,92,-1,0.0,0.0,0.0,0.0,0.0,0.53653097,2.8550000000000004
125.22420218999999,0.2636298993473684,0.0016772514285714286,92,-1,0.0,0.0,0.0,0.0,0.0,0.528907,3.85
125.22420218999999,0.25044840438,0.0016772514285714286,92,-1,0.0,0.0,0.0,0.0,0.0,0.52563101,5.07500005
125.22420218999999,0.23852228988571425,0.0016772514285714286,92,-1,0.0,0.0,0.0,0.0,0.0,0.52632302,6.5250001
125.22420218999999,0.41741400729999995,0.0017250643956043957,183,1,0.0,0.0,0.0,0.0,0.0,0.58894902,21.125
125.22420218999999,0.25044840438,0.0017250643956043957,183,1,0.0,0.0,0.0,0.0,0.0,0.51683402,7.4250002
125.22420218999999,0.22768036761818178,0.0017250643956043957,183,1,0.0,0.0,0.0,0.0,0.0,0.51250798,5.45000005
125.22420218999999,0.20870700364999997,0.0017250643956043957,183,1,0.0,0.0,0.0,0.0,0.0,0.50757498,3.92499995
125.22420218999999,0.19265261875384612,0.0017250643956043957,183,1,0.0,0.0,0.0,0.0,0.0,0.51811397,2.97000005
125.22420218999999,0.33393120583999997,0.0017250643956043957,183,-1,0.0,0.0,0.0,0.0,0.0,0.54008299,2.09
125.22420218999999,0.2946451816235294,0.0017250643956043957,183,-1,0.0,0.0,0.0,0.0,0.0,0.52514601,3.625
125.22420218999999,0.27827600486666665,0.0017250643956043957,183,-1,0.0,0.0,0.0,0.0,0.0,0.52224201,4.6500001
127.31251527,0.25462503054,0.00127633,28,1,0.0,0.0,0.0,0.0,0.0,0.57955003,3.875
127.31251527,0.2829167006,0.0016770280000000001,91,1,0.0,0.0,0.0,0.0,0.0,0.54342997,8.8000002
127.31251527,0.2680263479368421,0.0016770280000000001,91,1,0.0,0.0,0.0,0.0,0.0,0.52279598,7.125
127.31251527,0.25462503054,0.0016770280000000001,91,1,0.0,0.0,0.0,0.0,0.0,0.520486,5.79999995
127.31251527,0.2425000290857143,0.0016770280000000001,91,1,0.0,0.0,0.0,0.0,0.0,0.52654499,4.75
127.31251527,0.2314773004909091,0.0016770280000000001,91,1,0.0,0.0,0.0,0.0,0.0,0.51507598,3.6999999499999996
127.31251527,0.2214130700347826,0.0016770280000000001,91,1,0.0,0.0,0.0,0.0,0.0,0.53634602,3.135
127.31251527,0.21218752545,0.0016770280000000001,91,1,0.0,0.0,0.0,0.0,0.0,0.50955403,2.25
127.31251527,0.19586540810769232,0.0016770280000000001,91,1,0.0,0.0,0.0,0.0,0.0,0.532803,1.52
127.31251527,0.16975002036,0.0016770280000000001,91,1,0.0,0.0,0.0,0.0,0.0,0.531295,0.54000001
127.31251527,0.25462503054,0.0016770280000000001,91,-1,0.0,0.0,0.0,0.0,0.0,0.531299,4.8000002
127.31251527,0.318281288175,0.0017187674285714285,182,1,0.0,0.0,0.0,0.0,0.0,0.500727,13.225000000000001
127.31251527,0.25462503054,0.0017187674285714285,182,1,0.0,0.0,0.0,0.0,0.0,0.514377,7.70000005
127.31251527,0.2314773004909091,0.0017187674285714285,182,1,0.0,0.0,0.0,0.0,0.0,0.542485,6.125
127.31251527,0.2214130700347826,0.0017187674285714285,182,1,0.0,0.0,0.0,0.0,0.0,0.51521498,4.92499995
127.31251527,0.21218752545,0.0017187674285714285,182,1,0.0,0.0,0.0,0.0,0.0,0.50823802,4.1250001
127.31251527,0.25462503054,0.0017187674285714285,182,-1,0.0,0.0,0.0,0.0,0.0,0.488352,6.5
127.31251527,0.2214130700347826,0.0017187674285714285,182,-1,0.0,0.0,0.0,0.0,0.0,0.51006103,11.524999999999999
127.31251527,0.18187502181428572,0.0017187674285714285,182,-1,0.0,0.0,0.0,0.0,0.0,0.44806299,20.7
129.25166313,0.28722591806666664,0.0013149177777777776,31,1,0.0,0.0,0.0,0.0,0.0,0.53786099,7.72500015
129.25166313,0.25850332626,0.0013149177777777776,31,1,0.0,0.0,0.0,0.0,0.0,0.541026,4.29999995
129.25166313,0.2534346335882353,0.0013149177777777776,31,1,0.0,0.0,0.0,0.0,0.0,0.54394501,3.7749999499999998
129.25166313,0.25097410316504853,0.0013149177777777776,31,1,0.0,0.0,0.0,0.0,0.0,0.54431802,3.5249999499999998
129.25166313,0.24856089063461537,0.0013149177777777776,31,1,0.0,0.0,0.0,0.0,0.0,0.54265898,3.2749999499999998
129.25166313,0.24619364405714286,0.0013149177777777776,31,1,0.0,0.0,0.0,0.0,0.0,0.54732901,3.07500005
129.25166313,0.23500302387272726,0.0013149177777777776,31,1,0.0,0.0,0.0,0.0,0.0,0.54016399,2.06499995
129.25166313,0.2267573037368421,0.0013149177777777776,31,1,0.0,0.0,0.0,0.0,0.0,0.53798199,1.47
129.25166313,0.22478550109565218,0.0013149177777777776,31,1,0.0,0.0,0.0,0.0,0.0,0.53938001,1.355
129.25166313,0.22284769505172414,0.0013149177777777776,31,1,0.0,0.0,0.0,0.0,0.0,0.54316097,1.26
129.25166313,0.21541943855,0.0013149177777777776,31,1,0.0,0.0,0.0,0.0,0.0,0.54460001,0.88500002
129.25166313,0.206802661008,0.0013149177777777776,31,1,0.0,0.0,0.0,0.0,0.0,0.55190599,0.574999985
129.25166313,0.19884871250769232,0.0013149177777777776,31,1,0.0,0.0,0.0,0.0,0.0,0.560987,0.375
129.25166313,0.18464523304285713,0.0013149177777777776,31,1,0.0,0.0,0.0,0.0,0.0,0.56906003,0.145000005
129.25166313,0.323129157825,0.0013149177777777776,31,-1,0.0,0.0,0.0,0.0,0.0,0.579992,0.19999999499999999
129.25166313,0.29375377984090906,0.0013149177777777776,31,-1,0.0,0.0,0.0,0.0,0.0,0.56428599,0.6349999900000001
129.25166313,0.28722591806666664,0.0013149177777777776,31,-1,0.0,0.0,0.0,0.0,0.0,0.54464102,0.754999995
129.25166313,0.2750035385744681,0.0013149177777777776,31,-1,0.0,0.0,0.0,0.0,0.0,0.55005097,1.27
129.25166313,0.2721087644842105,0.0013149177777777776,31,-1,0.0,0.0,0.0,0.0,0.0,0.54366302,1.3900000000000001
129.25166313,0.2692742981875,0.0013149177777777776,31,-1,0.0,0.0,0.0,0.0,0.0,0.54529899,1.56
129.25166313,0.25850332626,0.0013149177777777776,31,-1,0.0,0.0,0.0,0.0,0.0,0.54284698,2.31499995
129.25166313,0.2559438873861386,0.0013149177777777776,31,-1,0.0,0.0,0.0,0.0,0.0,0.54664397,2.55999995
129.25166313,0.2534346335882353,0.0013149177777777776,31,-1,0.0,0.0,0.0,0.0,0.0,0.54318798,2.775
129.25166313,0.25097410316504853,0.0013149177777777776,31,-1,0.0,0.0,0.0,0.0,0.0,0.54273999,3.02
129.25166313,0.24856089063461537,0.0013149177777777776,31,-1,0.0,0.0,0.0,0.0,0.0,0.54192603,3.2749999499999998
129.25166313,0.24619364405714286,0.0013149177777777776,31,-1,0.0,0.0,0.0,0.0,0.0,0.54660302,3.57500005
129.25166313,0.23935493172222222,0.0013149177777777776,31,-1,0.0,0.0,0.0,0.0,0.0,0.54063702,4.42499995
129.25166313,0.23500302387272726,0.0013149177777777776,31,-1,0.0,0.0,0.0,0.0,0.0,0.54115301,5.07500005
129.25166313,0.23080654130357142,0.0013149177777777776,31,-1,0.0,0.0,0.0,0.0,0.0,0.53872001,5.75
129.25166313,0.228764005539823,0.0013149177777777776,31,-1,0.0,0.0,0.0,0.0,0.0,0.54158902,6.125
129.25166313,0.21541943855,0.0013149177777777776,31,-1,0.0,0.0,0.0,0.0,0.0,0.54711503,8.9000001
129.25166313,0.25850332626,0.0017537594285714283,178,1,0.0,0.0,0.0,0.0,0.0,0.50348198,8.1750002
129.25166313,0.24619364405714286,0.0017537594285714283,178,1,0.0,0.0,0.0,0.0,0.0,0.52214402,7.32500005
129.25166313,0.23500302387272726,0.0017537594285714283,178,1,0.0,0.0,0.0,0.0,0.0,0.51404297,6.2249999
129.25166313,0.21541943855,0.0017537594285714283,178,1,0.0,0.0,0.0,0.0,0.0,0.49417901,4.3249998
129.25166313,0.206802661008,0.0017537594285714283,178,1,0.0,0.0,0.0,0.0,0.0,0.49042001,3.625
129.25166313,0.19884871250769232,0.0017537594285714283,178,1,0.0,0.0,0.0,0.0,0.0,0.49667299,3.15
129.25166313,0.34467110168,0.0017537594285714283,178,-1,0.0,0.0,0.0,0.0,0.0,0.53560102,1.715
129.25166313,0.323129157825,0.0017537594285714283,178,-1,0.0,0.0,0.0,0.0,0.0,0.53258401,2.37
129.25166313,0.34467110168,0.0018223857142857145,367,1,0.0,0.0,0.0,0.0,0.0,0.47922701,17.4
129.25166313,0.21541943855,0.0018223857142857145,367,1,0.0,0.0,0.0,0.0,0.0,0.48658201,7.125
129.25166313,0.19884871250769232,0.0018223857142857145,367,1,0.0,0.0,0.0,0.0,0.0,0.479029,5.6500001
129.25166313,0.18464523304285713,0.0018223857142857145,367,1,0.0,0.0,0.0,0.0,0.0,0.490529,4.79999995
129.25166313,0.323129157825,0.0018223857142857145,367,-1,0.0,0.0,0.0,0.0,0.0,0.47933701,4.02
128.82902834,0.28628672964444446,0.001301391111111111,30,1,0.0,0.0,0.0,0.0,0.0,0.610156,7.82500005
128.82902834,0.271219007031579,0.001301391111111111,30,1,0.0,0.0,0.0,0.0,0.0,0.58134502,5.9000001
128.82902834,0.2602606633131313,0.001301391111111111,30,1,0.0,0.0,0.0,0.0,0.0,0.59420198,4.72500015
128.82902834,0.25765805668,0.001301391111111111,30,1,0.0,0.0,0.0,0.0,0.0,0.57315099,4.32500005
128.82902834,0.24774813142307694,0.001301391111111111,30,1,0.0,0.0,0.0,0.0,0.0,0.60906398,3.525
128.82902834,0.24538862540952383,0.001301391111111111,30,1,0.0,0.0,0.0,0.0,0.0,0.56663001,3.04999995
128.82902834,0.24080192213084115,0.001301391111111111,30,1,0.0,0.0,0.0,0.0,0.0,0.56549197,2.63
128.82902834,0.2385722747037037,0.001301391111111111,30,1,0.0,0.0,0.0,0.0,0.0,0.57917398,2.52
128.82902834,0.23638353823853211,0.001301391111111111,30,1,0.0,0.0,0.0,0.0,0.0,0.56793302,2.2749999499999998
128.82902834,0.2342345969818182,0.001301391111111111,30,1,0.0,0.0,0.0,0.0,0.0,0.56858897,2.11
128.82902834,0.2321243753873874,0.001301391111111111,30,1,0.0,0.0,0.0,0.0,0.0,0.56748402,1.9449999999999998
128.82902834,0.22601583919298246,0.001301391111111111,30,1,0.0,0.0,0.0,0.0,0.0,0.56355602,1.505
128.82902834,0.22405048406956524,0.001301391111111111,30,1,0.0,0.0,0.0,0.0,0.0,0.55493701,1.3399999999999999
128.82902834,0.2183542853220339,0.001301391111111111,30,1,0.0,0.0,0.0,0.0,0.0,0.57396197,1.115
128.82902834,0.21471504723333334,0.001301391111111111,30,1,0.0,0.0,0.0,0.0,0.0,0.57713401,0.9500000200000001
128.82902834,0.20612644534400001,0.001301391111111111,30,1,0.0,0.0,0.0,0.0,0.0,0.587282,0.640000015
128.82902834,0.19819850513846154,0.001301391111111111,30,1,0.0,0.0,0.0,0.0,0.0,0.62856102,0.52
128.82902834,0.18404146905714286,0.001301391111111111,30,1,0.0,0.0,0.0,0.0,0.0,0.646191,0.245000005
128.82902834,0.17177203778666666,0.001301391111111111,30,1,0.0,0.0,0.0,0.0,0.0,0.65227002,0.10500000000000001
128.82902834,0.34354407557333333,0.001301391111111111,30,-1,0.0,0.0,0.0,0.0,0.0,0.72850198,0.24000000500000002
128.82902834,0.3031271255058824,0.001301391111111111,30,-1,0.0,0.0,0.0,0.0,0.0,0.56719297,0.41000000000000003
128.82902834,0.28628672964444446,0.001301391111111111,30,-1,0.0,0.0,0.0,0.0,0.0,0.53230101,0.70500001
128.82902834,0.2770516738494624,0.001301391111111111,30,-1,0.0,0.0,0.0,0.0,0.0,0.551768,1.135
128.82902834,0.271219007031579,0.001301391111111111,30,-1,0.0,0.0,0.0,0.0,0.0,0.54967302,1.42
128.82902834,0.25765805668,0.001301391111111111,30,-1,0.0,0.0,0.0,0.0,0.0,0.53872502,2.30499995
128.82902834,0.24774813142307694,0.001301391111111111,30,-1,0.0,0.0,0.0,0.0,0.0,0.54150599,3.29999995
128.82902834,0.24538862540952383,0.001301391111111111,30,-1,0.0,0.0,0.0,0.0,0.0,0.54138499,3.57500005
128.82902834,0.22211901437931036,0.001301391111111111,30,-1,0.0,0.0,0.0,0.0,0.0,0.58986402,7.57500005
128.82902834,0.21471504723333334,0.001301391111111111,30,-1,0.0,0.0,0.0,0.0,0.0,0.62251902,9.3250003
128.82902834,0.20612644534400001,0.001301391111111111,30,-1,0.0,0.0,0.0,0.0,0.0,0.485062,11.0
128.82902834,0.25765805668,0.0017966382857142857,177,1,0.0,0.0,0.0,0.0,0.0,0.494333,7.92499995
128.82902834,0.24538862540952383,0.0017966382857142857,177,1,0.0,0.0,0.0,0.0,0.0,0.52502602,7.25
128.82902834,0.2342345969818182,0.0017966382857142857,177,1,0.0,0.0,0.0,0.0,0.0,0.50584,6.0
128.82902834,0.21471504723333334,0.0017966382857142857,177,1,0.0,0.0,0.0,0.0,0.0,0.495094,4.2500001
128.82902834,0.20612644534400001,0.0017966382857142857,177,1,0.0,0.0,0.0,0.0,0.0,0.48884499,3.525
128.82902834,0.19819850513846154,0.0017966382857142857,177,1,0.0,0.0,0.0,0.0,0.0,0.50845301,3.23
128.82902834,0.18404146905714286,0.0017966382857142857,177,1,0.0,0.0,0.0,0.0,0.0,0.49569601,2.18999995
128.82902834,0.34354407557333333,0.0017966382857142857,177,-1,0.0,0.0,0.0,0.0,0.0,0.52312499,1.625000035
128.82902834,0.3680829381142857,0.00186469,366,1,0.0,0.0,0.0,0.0,0.0,0.489099,19.275
128.82902834,0.25765805668,0.00186469,366,1,0.0,0.0,0.0,0.0,0.0,0.493559,10.875
128.82902834,0.24538862540952383,0.00186469,366,1,0.0,0.0,0.0,0.0,0.0,0.49738401,9.924999799999998
128.82902834,0.21471504723333334,0.00186469,366,1,0.0,0.0,0.0,0.0,0.0,0.48062399,7.0250001
128.82902834,0.4294300944666667,0.00186469,366,-1,0.0,0.0,0.0,0.0,0.0,0.486835,1.2350000049999998
128.82902834,0.32207257085,0.00186469,366,-1,0.0,0.0,0.0,0.0,0.0,0.49641001,4.25
128.82902834,0.28628672964444446,0.00186469,366,-1,0.0,0.0,0.0,0.0,0.0,0.49954599,6.5
128.82902834,0.1515635627529412,0.00186469,366,-1,0.0,0.0,0.0,0.0,0.0,0.464872,35.3500005
133.03051537,0.2800642428842105,0.0012909688888888887,29,1,0.0,0.0,0.0,0.0,0.0,0.57819003,7.125
133.03051537,0.2742897224123711,0.0012909688888888887,29,1,0.0,0.0,0.0,0.0,0.0,0.587789,6.45000005
133.03051537,0.26606103074,0.0012909688888888887,29,1,0.0,0.0,0.0,0.0,0.0,0.61449999,5.60000015
133.03051537,0.2558279141730769,0.0012909688888888887,29,1,0.0,0.0,0.0,0.0,0.0,0.57617098,4.2249999
133.03051537,0.253391457847619,0.0012909688888888887,29,1,0.0,0.0,0.0,0.0,0.0,0.57841003,3.9749999000000003
133.03051537,0.2510009723962264,0.0012909688888888887,29,1,0.0,0.0,0.0,0.0,0.0,0.57022399,3.67499995
133.03051537,0.24865516891588782,0.0012909688888888887,29,1,0.0,0.0,0.0,0.0,0.0,0.56855702,3.42499995
133.03051537,0.2463528062407407,0.0012909688888888887,29,1,0.0,0.0,0.0,0.0,0.0,0.57332999,3.2250000500000002
133.03051537,0.24409268875229356,0.0012909688888888887,29,1,0.0,0.0,0.0,0.0,0.0,0.57122099,2.99500005
133.03051537,0.24187366430909088,0.0012909688888888887,29,1,0.0,0.0,0.0,0.0,0.0,0.56888503,2.775
133.03051537,0.23969462228828828,0.0012909688888888887,29,1,0.0,0.0,0.0,0.0,0.0,0.569731,2.58500005
133.03051537,0.2313574180347826,0.0012909688888888887,29,1,0.0,0.0,0.0,0.0,0.0,0.57265502,1.9249999999999998
133.03051537,0.22171752561666666,0.0012909688888888887,29,1,0.0,0.0,0.0,0.0,0.0,0.583646,1.3399999999999999
133.03051537,0.21284882459199997,0.0012909688888888887,29,1,0.0,0.0,0.0,0.0,0.0,0.58844697,0.9000000100000001
133.03051537,0.2046623313384615,0.0012909688888888887,29,1,0.0,0.0,0.0,0.0,0.0,0.60772198,0.64500001
133.03051537,0.19004359338571428,0.0012909688888888887,29,1,0.0,0.0,0.0,0.0,0.0,0.63730901,0.325
133.03051537,0.31301297734117645,0.0012909688888888887,29,-1,0.0,0.0,0.0,0.0,0.0,0.57534498,0.269999995
133.03051537,0.29562336748888884,0.0012909688888888887,29,-1,0.0,0.0,0.0,0.0,0.0,0.56412899,0.544999985
133.03051537,0.28304364972340423,0.0012909688888888887,29,-1,0.0,0.0,0.0,0.0,0.0,0.555525,0.89500001
133.03051537,0.2800642428842105,0.0012909688888888887,29,-1,0.0,0.0,0.0,0.0,0.0,0.55237103,0.9999999900000001
133.03051537,0.26606103074,0.0012909688888888887,29,-1,0.0,0.0,0.0,0.0,0.0,0.55249798,1.755
133.03051537,0.253391457847619,0.0012909688888888887,29,-1,0.0,0.0,0.0,0.0,0.0,0.55301499,2.80999995
133.03051537,0.2510009723962264,0.0012909688888888887,29,-1,0.0,0.0,0.0,0.0,0.0,0.55180597,3.04999995
133.03051537,0.24865516891588782,0.0012909688888888887,29,-1,0.0,0.0,0.0,0.0,0.0,0.550264,3.3000000500000004
133.03051537,0.332576288425,0.0018108042857142856,365,1,0.0,0.0,0.0,0.0,0.0,0.46428701,16.9750005
133.03051537,0.26606103074,0.0018108042857142856,365,1,0.0,0.0,0.0,0.0,0.0,0.49341199,11.975000000000001
133.03051537,0.19004359338571428,0.0018108042857142856,365,1,0.0,0.0,0.0,0.0,0.0,0.47206101,5.07500005
133.03051537,0.4434350512333333,0.0018108042857142856,365,-1,0.0,0.0,0.0,0.0,0.0,0.52206701,1.37
133.03051537,0.332576288425,0.0018108042857142856,365,-1,0.0,0.0,0.0,0.0,0.0,0.50157702,3.94999995
126.06947176999999,0.28652152675,0.0012422788888888888,28,1,0.0,0.0,0.0,0.0,0.0,0.62900299,7.6750001999999995
126.06947176999999,0.2599370551958763,0.0012422788888888888,28,1,0.0,0.0,0.0,0.0,0.0,0.55533803,4.27499985
126.06947176999999,0.25468580155555554,0.0012422788888888888,28,1,0.0,0.0,0.0,0.0,0.0,0.55684698,3.7250000500000002
126.06947176999999,0.25213894354,0.0012422788888888888,28,1,0.0,0.0,0.0,0.0,0.0,0.56308001,3.5
126.06947176999999,0.24719504268627449,0.0012422788888888888,28,1,0.0,0.0,0.0,0.0,0.0,0.55765498,2.99000005
126.06947176999999,0.24479509081553397,0.0012422788888888888,28,1,0.0,0.0,0.0,0.0,0.0,0.55788499,2.76999995
126.06947176999999,0.2424412918653846,0.0012422788888888888,28,1,0.0,0.0,0.0,0.0,0.0,0.55766499,2.55999995
126.06947176999999,0.24013232718095237,0.0012422788888888888,28,1,0.0,0.0,0.0,0.0,0.0,0.56158203,2.385
126.06947176999999,0.23786692786792452,0.0012422788888888888,28,1,0.0,0.0,0.0,0.0,0.0,0.56254399,2.2050000499999998
126.06947176999999,0.22921722139999998,0.0012422788888888888,28,1,0.0,0.0,0.0,0.0,0.0,0.565826,1.59000005
126.06947176999999,0.2192512552521739,0.0012422788888888888,28,1,0.0,0.0,0.0,0.0,0.0,0.56390601,1.005000015
126.06947176999999,0.21367707079661016,0.0012422788888888888,28,1,0.0,0.0,0.0,0.0,0.0,0.57089603,0.78
126.06947176999999,0.21011578628333333,0.0012422788888888888,28,1,0.0,0.0,0.0,0.0,0.0,0.57180601,0.6450000149999999
126.06947176999999,0.201711154832,0.0012422788888888888,28,1,0.0,0.0,0.0,0.0,0.0,0.57615697,0.399999995
126.06947176999999,0.1939530334923077,0.0012422788888888888,28,1,0.0,0.0,0.0,0.0,0.0,0.58353001,0.24999999
126.06947176999999,0.31517367942499996,0.0012422788888888888,28,-1,0.0,0.0,0.0,0.0,0.0,0.581429,0.22500000000000003
126.06947176999999,0.29663405122352937,0.0012422788888888888,28,-1,0.0,0.0,0.0,0.0,0.0,0.54825902,0.42500000000000004
126.06947176999999,0.29318481806976743,0.0012422788888888888,28,-1,0.0,0.0,0.0,0.0,0.0,0.53635699,0.46499999000000003
126.06947176999999,0.2801543817111111,0.0012422788888888888,28,-1,0.0,0.0,0.0,0.0,0.0,0.54300803,0.870000005
126.06947176999999,0.26540941425263154,0.0012422788888888888,28,-1,0.0,0.0,0.0,0.0,0.0,0.537835,1.58499995
126.06947176999999,0.25213894354,0.0012422788888888888,28,-1,0.0,0.0,0.0,0.0,0.0,0.54128498,2.66499995
126.06947176999999,0.24964251835643564,0.0012422788888888888,28,-1,0.0,0.0,0.0,0.0,0.0,0.54167098,2.92000005
126.06947176999999,0.24719504268627449,0.0012422788888888888,28,-1,0.0,0.0,0.0,0.0,0.0,0.5442,3.20000005
126.06947176999999,0.24479509081553397,0.0012422788888888888,28,-1,0.0,0.0,0.0,0.0,0.0,0.54354697,3.4750000500000002
126.06947176999999,0.22921722139999998,0.0012422788888888888,28,-1,0.0,0.0,0.0,0.0,0.0,0.58048302,5.9499998
126.06947176999999,0.31517367942499996,0.001779394285714286,364,1,0.0,0.0,0.0,0.0,0.0,0.51971102,15.525
126.06947176999999,0.2801543817111111,0.001779394285714286,364,1,0.0,0.0,0.0,0.0,0.0,0.49922699,12.5
126.06947176999999,0.25213894354,0.001779394285714286,364,1,0.0,0.0,0.0,0.0,0.0,0.49983501,10.25
126.06947176999999,0.22921722139999998,0.001779394285714286,364,1,0.0,0.0,0.0,0.0,0.0,0.49473301,8.2750001
126.06947176999999,0.21011578628333333,0.001779394285714286,364,1,0.0,0.0,0.0,0.0,0.0,0.48541799,6.5500002
126.06947176999999,0.15758683971249998,0.001779394285714286,364,1,0.0,0.0,0.0,0.0,0.0,0.46555001,2.505
126.06947176999999,0.36019849077142857,0.001779394285714286,364,-1,0.0,0.0,0.0,0.0,0.0,0.50275701,2.7799999499999997
126.06947176999999,0.31517367942499996,0.001779394285714286,364,-1,0.0,0.0,0.0,0.0,0.0,0.50149,4.5749998
126.06947176999999,0.29663405122352937,0.001779394285714286,364,-1,0.0,0.0,0.0,0.0,0.0,0.51256299,5.8499999
126.06947176999999,0.2801543817111111,0.001779394285714286,364,-1,0.0,0.0,0.0,0.0,0.0,0.48649901,6.5999999
126.06947176999999,0.26540941425263154,0.001779394285714286,364,-1,0.0,0.0,0.0,0.0,0.0,0.48371699,7.8499999
126.06947176999999,0.25213894354,0.001779394285714286,364,-1,0.0,0.0,0.0,0.0,0.0,0.509049,9.7500002
127.48654136,0.21247756893333333,0.0013396474074074075,32,1,0.0,0.0,0.0,0.0,0.0,0.63304102,1.15
127.48654136,0.2628588481649485,0.0013396474074074075,32,-1,0.0,0.0,0.0,0.0,0.0,0.56454098,2.1399999999999997
127.48654136,0.28330342524444446,0.001782962857142857,361,1,0.0,0.0,0.0,0.0,0.0,0.50062102,12.825
127.48654136,0.24283150735238096,0.001782962857142857,361,1,0.0,0.0,0.0,0.0,0.0,0.49827,9.475
127.48654136,0.23179371156363637,0.001782962857142857,361,1,0.0,0.0,0.0,0.0,0.0,0.495076,8.5
127.48654136,0.21247756893333333,0.001782962857142857,361,1,0.0,0.0,0.0,0.0,0.0,0.470204,6.42499995
127.48654136,0.18212363051428573,0.001782962857142857,361,1,0.0,0.0,0.0,0.0,0.0,0.48467901,4.4000001
127.48654136,0.42495513786666667,0.001782962857142857,361,-1,0.0,0.0,0.0,0.0,0.0,0.52600801,1.605
127.48654136,0.3187163534,0.001782962857142857,361,-1,0.0,0.0,0.0,0.0,0.0,0.53171402,4.9000001
127.48654136,0.2999683326117647,0.001782962857142857,361,-1,0.0,0.0,0.0,0.0,0.0,0.51939601,5.79999995
127.48654136,0.28330342524444446,0.001782962857142857,361,-1,0.0,0.0,0.0,0.0,0.0,0.50238901,6.70000005
129.42568922,0.24889555619230772,0.001291848888888889,31,1,0.0,0.0,0.0,0.0,0.0,0.626872,3.6500001
129.42568922,0.23531943494545457,0.001291848888888889,31,1,0.0,0.0,0.0,0.0,0.0,0.60084701,2.3149999
129.42568922,0.2270626126666667,0.001291848888888889,31,1,0.0,0.0,0.0,0.0,0.0,0.61961299,1.8250000499999999
129.42568922,0.2231477400344828,0.001291848888888889,31,1,0.0,0.0,0.0,0.0,0.0,0.62159801,1.585
129.42568922,0.21936557494915257,0.001291848888888889,31,1,0.0,0.0,0.0,0.0,0.0,0.61374998,1.325000015
129.42568922,0.12326256116190477,0.00178083,360,1,0.0,0.0,0.0,0.0,0.0,0.47979,1.085
129.42568922,0.39823288990769234,0.00178083,360,1,0.0,0.0,0.0,0.0,0.0,0.45946401,21.05
129.42568922,0.36978768348571434,0.00178083,360,1,0.0,0.0,0.0,0.0,0.0,0.51397598,19.7749995
129.42568922,0.23531943494545457,0.00178083,360,1,0.0,0.0,0.0,0.0,0.0,0.51228702,9.3750002
129.42568922,0.19911644495384617,0.00178083,360,1,0.0,0.0,0.0,0.0,0.0,0.487147,5.875
129.42568922,0.51770275688,0.00178083,360,-1,0.0,0.0,0.0,0.0,0.0,0.56037802,0.849999995
129.42568922,0.36978768348571434,0.00178083,360,-1,0.0,0.0,0.0,0.0,0.0,0.52144599,2.74500005
129.42568922,0.28761264271111114,0.00178083,360,-1,0.0,0.0,0.0,0.0,0.0,0.50709897,6.4749999
129.42568922,0.25885137844,0.00178083,360,-1,0.0,0.0,0.0,0.0,0.0,0.50185001,9.0
129.42568922,0.23531943494545457,0.00178083,360,-1,0.0,0.0,0.0,0.0,0.0,0.50002998,11.975
132.23496752999998,0.24487956949999995,0.0013021685185185185,30,1,0.0,0.0,0.0,0.0,0.0,0.71152598,3.92499995
132.23496752999998,0.2426329679449541,0.0013021685185185185,30,1,0.0,0.0,0.0,0.0,0.0,0.69499201,3.615
132.23496752999998,0.24042721369090905,0.0013021685185185185,30,1,0.0,0.0,0.0,0.0,0.0,0.70249301,3.4599998999999997
130.89248055,0.2617849611,0.0012647348148148146,29,1,0.0,0.0,0.0,0.0,0.0,0.70264798,5.42499995
130.89248055,0.24465884214953268,0.0012647348148148146,29,1,0.0,0.0,0.0,0.0,0.0,0.68647301,3.61
130.89248055,0.22963593078947367,0.0012647348148148146,29,1,0.0,0.0,0.0,0.0,0.0,0.67449403,2.2800000000000002
130.89248055,0.22567669060344825,0.0012647348148148146,29,1,0.0,0.0,0.0,0.0,0.0,0.678949,2.01999995
130.89248055,0.2218516619491525,0.0012647348148148146,29,1,0.0,0.0,0.0,0.0,0.0,0.691423,1.8299999999999998
130.89248055,0.21815413425,0.0012647348148148146,29,1,0.0,0.0,0.0,0.0,0.0,0.71147197,1.7000000499999999
130.89248055,0.27269266781249996,0.0012647348148148146,29,-1,0.0,0.0,0.0,0.0,0.0,0.61925501,1.6949999999999998
140.28988941,0.2550725262,0.0012403862962962963,28,1,0.0,0.0,0.0,0.0,0.0,0.65978497,4.79999995
140.28988941,0.2527745755135135,0.0012403862962962963,28,1,0.0,0.0,0.0,0.0,0.0,0.56673902,3.9750001500000005
140.28988941,0.23381648235,0.0012403862962962963,28,1,0.0,0.0,0.0,0.0,0.0,0.547508,2.01
140.28988941,0.2158305990923077,0.0012403862962962963,28,1,0.0,0.0,0.0,0.0,0.0,0.54667801,0.86000001
140.28988941,0.20041412772857142,0.0012403862962962963,28,1,0.0,0.0,0.0,0.0,0.0,0.63354701,0.57999998
140.28988941,0.3117553098,0.0012403862962962963,28,-1,0.0,0.0,0.0,0.0,0.0,0.58401197,0.3
140.28988941,0.3049780204565217,0.0012403862962962963,28,-1,0.0,0.0,0.0,0.0,0.0,0.67082,0.65000002
140.28988941,0.28630589675510204,0.0012403862962962963,28,-1,0.0,0.0,0.0,0.0,0.0,0.57661802,0.8699999549999999
140.28988941,0.28057977882,0.0012403862962962963,28,-1,0.0,0.0,0.0,0.0,0.0,0.61126798,1.254999995
140.28988941,0.2622240923551402,0.0012403862962962963,28,-1,0.0,0.0,0.0,0.0,0.0,0.57529598,2.225
143.17375033000002,0.27533413525000006,0.0012884748148148148,32,1,0.0,0.0,0.0,0.0,0.0,0.47601801,6.6500001
143.17375033000002,0.2489978266608696,0.0012884748148148148,32,1,0.0,0.0,0.0,0.0,0.0,0.53775197,3.70000005
143.96929817,0.24822292787931036,0.0012999462962962963,31,1,0.0,0.0,0.0,0.0,0.0,0.471807,3.13499995
143.4472199,0.23515937688524588,0.0013813385185185185,30,1,0.0,0.0,0.0,0.0,0.0,0.46002299,1.74
147.32551562,0.24554252603333335,0.001380340740740741,29,1,0.0,0.0,0.0,0.0,0.0,0.443874,2.58500005
147.32551562,0.2338500247936508,0.001380340740740741,29,1,0.0,0.0,0.0,0.0,0.0,0.46158001,1.62000005
148.51883738,0.2121697676857143,0.001324863333333333,28,1,0.0,0.0,0.0,0.0,0.0,0.45007101,0.389999995
148.51883738,0.28561314880769234,0.001324863333333333,28,-1,0.0,0.0,0.0,0.0,0.0,0.51359898,0.69
153.36670703,0.26216531116239317,0.00121468,31,-1,0.0,0.0,0.0,0.0,0.0,0.437738,1.7200000000000002
153.36670703,0.2556111783833333,0.00121468,31,-1,0.0,0.0,0.0,0.0,0.0,0.443544,2.3599999
150.13479393,0.25022465655,0.001139016,30,1,0.0,0.0,0.0,0.0,0.0,0.46615899,3.3000000500000004
150.13479393,0.28597103605714286,0.001139016,30,-1,0.0,0.0,0.0,0.0,0.0,0.60097599,1.18
158.99769408499998,0.2271395629785714,0.0011509975,29,1,0.0,0.0,0.0,0.0,0.0,0.49711499,1.43
163.01272458999998,0.23287532084285711,0.0010886700000000001,28,1,0.0,0.0,0.0,0.0,0.0,0.49768299,1.87999995
163.01272458999998,0.27168787431666663,0.0010886700000000001,28,-1,0.0,0.0,0.0,0.0,0.0,0.51950002,1.51000006
165.72255941999998,0.27620426569999995,0.00113121,31,1,0.0,0.0,0.0,0.0,0.0,0.55120498,8.2249999
165.72255941999998,0.265156095072,0.00113121,31,1,0.0,0.0,0.0,0.0,0.0,0.51189601,6.27499985
165.72255941999998,0.25495778372307687,0.00113121,31,1,0.0,0.0,0.0,0.0,0.0,0.51155502,4.79999995
165.72255941999998,0.2455149028444444,0.00113121,31,1,0.0,0.0,0.0,0.0,0.0,0.50417602,3.5250001
165.72255941999998,0.23674651345714284,0.00113121,31,1,0.0,0.0,0.0,0.0,0.0,0.505826,2.56499995
165.72255941999998,0.22858284057931033,0.00113121,31,1,0.0,0.0,0.0,0.0,0.0,0.525536,1.94999995
165.72255941999998,0.22096341256,0.00113121,31,1,0.0,0.0,0.0,0.0,0.0,0.51370502,1.2999999500000001
165.72255941999998,0.20715319927499998,0.00113121,31,1,0.0,0.0,0.0,0.0,0.0,0.54693002,0.730000015
165.72255941999998,0.33144511883999994,0.00113121,31,-1,0.0,0.0,0.0,0.0,0.0,0.64709198,0.3
165.72255941999998,0.3156620179428571,0.00113121,31,-1,0.0,0.0,0.0,0.0,0.0,0.60463601,0.42000000499999995
165.72255941999998,0.30131374439999997,0.00113121,31,-1,0.0,0.0,0.0,0.0,0.0,0.57186401,0.61999999
165.72255941999998,0.2882131468173913,0.00113121,31,-1,0.0,0.0,0.0,0.0,0.0,0.535128,0.88500004
165.72255941999998,0.27620426569999995,0.00113121,31,-1,0.0,0.0,0.0,0.0,0.0,0.537498,1.4799999499999998
165.72255941999998,0.265156095072,0.00113121,31,-1,0.0,0.0,0.0,0.0,0.0,0.51110297,2.10499995
165.72255941999998,0.25495778372307687,0.00113121,31,-1,0.0,0.0,0.0,0.0,0.0,0.51152599,3.135
165.72255941999998,0.2455149028444444,0.00113121,31,-1,0.0,0.0,0.0,0.0,0.0,0.486747,4.2249999
167.31365509999998,0.30420664563636357,0.0011341717142857144,30,1,0.0,0.0,0.0,0.0,0.0,0.738267,13.2
167.31365509999998,0.2909802697391304,0.0011341717142857144,30,1,0.0,0.0,0.0,0.0,0.0,0.609505,10.625
167.31365509999998,0.2788560918333333,0.0011341717142857144,30,1,0.0,0.0,0.0,0.0,0.0,0.620031,8.8000002
167.31365509999998,0.26770184816,0.0011341717142857144,30,1,0.0,0.0,0.0,0.0,0.0,0.50948203,6.4000001
167.31365509999998,0.2574056232307692,0.0011341717142857144,30,1,0.0,0.0,0.0,0.0,0.0,0.51915598,4.95000005
167.31365509999998,0.2478720816296296,0.0011341717142857144,30,1,0.0,0.0,0.0,0.0,0.0,0.52594101,3.75
167.31365509999998,0.23901950728571425,0.0011341717142857144,30,1,0.0,0.0,0.0,0.0,0.0,0.51908201,2.69500005
167.31365509999998,0.2307774553103448,0.0011341717142857144,30,1,0.0,0.0,0.0,0.0,0.0,0.51793802,1.90999995
167.31365509999998,0.22308487346666664,0.0011341717142857144,30,1,0.0,0.0,0.0,0.0,0.0,0.53666502,1.4400001
167.31365509999998,0.20914206887499998,0.0011341717142857144,30,1,0.0,0.0,0.0,0.0,0.0,0.581119,0.8749999450000001
167.31365509999998,0.3718081224444444,0.0011341717142857144,30,-1,0.0,0.0,0.0,0.0,0.0,0.69394797,0.0949999995
167.31365509999998,0.33462731019999997,0.0011341717142857144,30,-1,0.0,0.0,0.0,0.0,0.0,0.592507,0.174999995
167.31365509999998,0.31869267638095233,0.0011341717142857144,30,-1,0.0,0.0,0.0,0.0,0.0,0.54578,0.24500000500000002
167.31365509999998,0.30420664563636357,0.0011341717142857144,30,-1,0.0,0.0,0.0,0.0,0.0,0.51884902,0.400000005
167.31365509999998,0.2909802697391304,0.0011341717142857144,30,-1,0.0,0.0,0.0,0.0,0.0,0.49866301,0.6649999950000001
167.31365509999998,0.2788560918333333,0.0011341717142857144,30,-1,0.0,0.0,0.0,0.0,0.0,0.488653,1.12
167.31365509999998,0.26770184816,0.0011341717142857144,30,-1,0.0,0.0,0.0,0.0,0.0,0.475602,1.7599999999999998
167.31365509999998,0.2574056232307692,0.0011341717142857144,30,-1,0.0,0.0,0.0,0.0,0.0,0.467439,2.67499995
167.31365509999998,0.2478720816296296,0.0011341717142857144,30,-1,0.0,0.0,0.0,0.0,0.0,0.44783801,3.7749999499999998
167.31365509999998,0.22308487346666664,0.0014296500000000002,93,1,0.0,0.0,0.0,0.0,0.0,0.58865601,5.0999999
167.31365509999998,0.20914206887499998,0.0014296500000000002,93,1,0.0,0.0,0.0,0.0,0.0,0.58177698,3.67999995
170.81903777,0.31058006867272725,0.0011203397142857145,29,1,0.0,0.0,0.0,0.0,0.0,0.56515998,14.075
170.81903777,0.29707658742608695,0.0011203397142857145,29,1,0.0,0.0,0.0,0.0,0.0,0.55825698,11.85
170.81903777,0.2846983962833333,0.0011203397142857145,29,1,0.0,0.0,0.0,0.0,0.0,0.54285699,9.7249999
170.81903777,0.27331046043199997,0.0011203397142857145,29,1,0.0,0.0,0.0,0.0,0.0,0.53444701,7.79999995
170.81903777,0.26279851964615386,0.0011203397142857145,29,1,0.0,0.0,0.0,0.0,0.0,0.52131897,6.04999995
170.81903777,0.25306524114074075,0.0011203397142857145,29,1,0.0,0.0,0.0,0.0,0.0,0.517874,4.5999999
170.81903777,0.2440271968142857,0.0011203397142857145,29,1,0.0,0.0,0.0,0.0,0.0,0.52103299,3.45000005
170.81903777,0.23561246588965518,0.0011203397142857145,29,1,0.0,0.0,0.0,0.0,0.0,0.53007603,2.5800000499999998
170.81903777,0.22775871702666667,0.0011203397142857145,29,1,0.0,0.0,0.0,0.0,0.0,0.53538603,1.885
170.81903777,0.2135237972125,0.0011203397142857145,29,1,0.0,0.0,0.0,0.0,0.0,0.55265099,1.005000005
170.81903777,0.3795978617111111,0.0011203397142857145,29,-1,0.0,0.0,0.0,0.0,0.0,0.821257,0.1699999995
170.81903777,0.34163807554,0.0011203397142857145,29,-1,0.0,0.0,0.0,0.0,0.0,0.62094402,0.14000000499999998
170.81903777,0.32536959575238095,0.0011203397142857145,29,-1,0.0,0.0,0.0,0.0,0.0,0.66294199,0.375
170.81903777,0.31058006867272725,0.0011203397142857145,29,-1,0.0,0.0,0.0,0.0,0.0,0.60144401,0.46000000500000005
170.81903777,0.29707658742608695,0.0011203397142857145,29,-1,0.0,0.0,0.0,0.0,0.0,0.58701199,0.745000005
170.81903777,0.2846983962833333,0.0011203397142857145,29,-1,0.0,0.0,0.0,0.0,0.0,0.544972,1.02
170.81903777,0.27331046043199997,0.0011203397142857145,29,-1,0.0,0.0,0.0,0.0,0.0,0.52537602,1.5299999999999998
170.81903777,0.26279851964615386,0.0011203397142857145,29,-1,0.0,0.0,0.0,0.0,0.0,0.51998001,2.32500005
170.81903777,0.25306524114074075,0.0011203397142857145,29,-1,0.0,0.0,0.0,0.0,0.0,0.51336402,3.35
170.81903777,0.2440271968142857,0.0011203397142857145,29,-1,0.0,0.0,0.0,0.0,0.0,0.51661903,4.70000005
170.81903777,0.23561246588965518,0.0011203397142857145,29,-1,0.0,0.0,0.0,0.0,0.0,0.52144599,6.29999995
170.81903777,0.25306524114074075,0.0014134514285714284,92,1,0.0,0.0,0.0,0.0,0.0,0.59374899,8.7000003
170.81903777,0.2440271968142857,0.0014134514285714284,92,1,0.0,0.0,0.0,0.0,0.0,0.59382498,7.60000015
170.81903777,0.23561246588965518,0.0014134514285714284,92,1,0.0,0.0,0.0,0.0,0.0,0.59087402,6.5749998
170.81903777,0.22775871702666667,0.0014134514285714284,92,1,0.0,0.0,0.0,0.0,0.0,0.59453201,5.75
170.81903777,0.2135237972125,0.0014134514285714284,92,1,0.0,0.0,0.0,0.0,0.0,0.60078001,4.375
170.81903777,0.20096357384705882,0.0014134514285714284,92,1,0.0,0.0,0.0,0.0,0.0,0.60091102,3.25
170.81903777,0.17980951344210525,0.0014134514285714284,92,1,0.0,0.0,0.0,0.0,0.0,0.61610597,1.8900000499999998
170.81903777,0.25306524114074075,0.0014134514285714284,92,-1,0.0,0.0,0.0,0.0,0.0,0.58506399,7.3499999
171.24167255999998,0.34248334511999995,0.0011512500000000001,28,1,0.0,0.0,0.0,0.0,0.0,0.73318797,19.175
171.24167255999998,0.2854027876,0.0011512500000000001,28,1,0.0,0.0,0.0,0.0,0.0,0.48714301,9.5750003
171.24167255999998,0.27398667609599997,0.0011512500000000001,28,1,0.0,0.0,0.0,0.0,0.0,0.45903599,7.45000005
171.24167255999998,0.2634487270153846,0.0011512500000000001,28,1,0.0,0.0,0.0,0.0,0.0,0.48772201,5.875
171.24167255999998,0.25369136675555554,0.0011512500000000001,28,1,0.0,0.0,0.0,0.0,0.0,0.490237,4.42499995
171.24167255999998,0.24463096079999996,0.0011512500000000001,28,1,0.0,0.0,0.0,0.0,0.0,0.48988399,3.2250000500000002
171.24167255999998,0.23619541042758618,0.0011512500000000001,28,1,0.0,0.0,0.0,0.0,0.0,0.50713497,2.4100001
171.24167255999998,0.22832223007999997,0.0011512500000000001,28,1,0.0,0.0,0.0,0.0,0.0,0.50399399,1.665
171.24167255999998,0.21405209069999998,0.0011512500000000001,28,1,0.0,0.0,0.0,0.0,0.0,0.52399701,0.845
171.24167255999998,0.20146079124705882,0.0011512500000000001,28,1,0.0,0.0,0.0,0.0,0.0,0.621301,0.704999945
171.24167255999998,0.34248334511999995,0.0011512500000000001,28,-1,0.0,0.0,0.0,0.0,0.0,0.64376903,0.15000000000000002
171.24167255999998,0.32617461439999995,0.0011512500000000001,28,-1,0.0,0.0,0.0,0.0,0.0,0.654715,0.31999998550000003
171.24167255999998,0.3113484955636363,0.0011512500000000001,28,-1,0.0,0.0,0.0,0.0,0.0,0.51788902,0.220000005
171.24167255999998,0.29781160445217386,0.0011512500000000001,28,-1,0.0,0.0,0.0,0.0,0.0,0.55365598,0.56500001
171.24167255999998,0.2854027876,0.0011512500000000001,28,-1,0.0,0.0,0.0,0.0,0.0,0.50818598,0.780000005
171.24167255999998,0.2634487270153846,0.0011512500000000001,28,-1,0.0,0.0,0.0,0.0,0.0,0.490044,2.005
171.24167255999998,0.25369136675555554,0.0011512500000000001,28,-1,0.0,0.0,0.0,0.0,0.0,0.49101499,3.0449999500000002
171.24167255999998,0.24463096079999996,0.0011512500000000001,28,-1,0.0,0.0,0.0,0.0,0.0,0.48802799,4.32500005
171.24167255999998,0.21405209069999998,0.0011512500000000001,28,-1,0.0,0.0,0.0,0.0,0.0,0.61813498,12.45
171.24167255999998,0.2854027876,0.001425737142857143,91,1,0.0,0.0,0.0,0.0,0.0,0.594015,12.8
171.24167255999998,0.25369136675555554,0.001425737142857143,91,1,0.0,0.0,0.0,0.0,0.0,0.57783598,8.5
171.24167255999998,0.24463096079999996,0.001425737142857143,91,1,0.0,0.0,0.0,0.0,0.0,0.58045602,7.4250002
171.24167255999998,0.23619541042758618,0.001425737142857143,91,1,0.0,0.0,0.0,0.0,0.0,0.57790601,6.39999985
171.24167255999998,0.22832223007999997,0.001425737142857143,91,1,0.0,0.0,0.0,0.0,0.0,0.57990599,5.54999995
171.24167255999998,0.21405209069999998,0.001425737142857143,91,1,0.0,0.0,0.0,0.0,0.0,0.57801199,4.0749999
171.24167255999998,0.20146079124705882,0.001425737142857143,91,1,0.0,0.0,0.0,0.0,0.0,0.58388901,3.0400001000000003
171.24167255999998,0.18025439216842104,0.001425737142857143,91,1,0.0,0.0,0.0,0.0,0.0,0.63783598,2.0800000499999998
171.24167255999998,0.2854027876,0.001425737142857143,91,-1,0.0,0.0,0.0,0.0,0.0,0.57230401,3.7250000500000002
168.70586382,0.22494115175999999,0.0011767125714285715,32,1,0.0,0.0,0.0,0.0,0.0,0.52818602,1.705
166.94074205,0.25882285589147286,0.0011938988571428572,31,1,0.0,0.0,0.0,0.0,0.0,0.59529799,5.89999985
166.94074205,0.2529405182575758,0.0011938988571428572,31,1,0.0,0.0,0.0,0.0,0.0,0.52235198,4.5500002
166.94074205,0.25103870984962406,0.0011938988571428572,31,1,0.0,0.0,0.0,0.0,0.0,0.387696,3.25999985
166.94074205,0.24731961785185186,0.0011938988571428572,31,1,0.0,0.0,0.0,0.0,0.0,0.43562299,3.15499995
166.94074205,0.2225876560666667,0.0011938988571428572,31,1,0.0,0.0,0.0,0.0,0.0,0.49704599,1.275
166.94074205,0.2981084679464286,0.0011938988571428572,31,-1,0.0,0.0,0.0,0.0,0.0,0.56401598,0.705
175.34371611,0.2718507226511628,0.0011898899999999999,30,1,0.0,0.0,0.0,0.0,0.0,0.51152098,7.67499995
175.34371611,0.2597684683111111,0.0011898899999999999,30,1,0.0,0.0,0.0,0.0,0.0,0.54703498,6.0
175.34371611,0.25412132769565215,0.0011898899999999999,30,1,0.0,0.0,0.0,0.0,0.0,0.54747802,5.17499995
175.34371611,0.2504910230142857,0.0011898899999999999,30,1,0.0,0.0,0.0,0.0,0.0,0.54199499,4.625
175.34371611,0.2487144909361702,0.0011898899999999999,30,1,0.0,0.0,0.0,0.0,0.0,0.54692101,4.42499995
175.34371611,0.23379162148000002,0.0011898899999999999,30,1,0.0,0.0,0.0,0.0,0.0,0.55035901,2.68500005
168.53183773,0.25154005631343285,0.001177961142857143,29,1,0.0,0.0,0.0,0.0,0.0,0.54347301,4.52499995
168.53183773,0.2407597681857143,0.001177961142857143,29,1,0.0,0.0,0.0,0.0,0.0,0.53345603,3.12
168.53183773,0.22470911697333334,0.001177961142857143,29,1,0.0,0.0,0.0,0.0,0.0,0.59328997,1.9950000499999998
170.37154211,0.22716205614666668,0.0012097757142857143,28,1,0.0,0.0,0.0,0.0,0.0,0.613074,2.2900000499999997
170.37154211,0.3097664402,0.0012097757142857143,28,-1,0.0,0.0,0.0,0.0,0.0,0.856668,1.384999955
170.37154211,0.2988974422982456,0.0012097757142857143,28,-1,0.0,0.0,0.0,0.0,0.0,0.615017,0.755
170.37154211,0.272594467376,0.0012097757142857143,28,-1,0.0,0.0,0.0,0.0,0.0,0.54920799,1.6600000000000001
179.52034227,0.29920057045,0.001222222,31,1,0.0,0.0,0.0,0.0,0.0,0.56589597,12.925
179.52034227,0.23621097667105262,0.001222222,31,1,0.0,0.0,0.0,0.0,0.0,0.54389203,3.02999995
179.52034227,0.22440042783749997,0.001222222,31,1,0.0,0.0,0.0,0.0,0.0,0.539424,1.85
179.52034227,0.280500534796875,0.001222222,31,-1,0.0,0.0,0.0,0.0,0.0,0.54870301,1.41
172.88248998,0.216103112475,0.0012213742857142857,30,1,0.0,0.0,0.0,0.0,0.0,0.50485998,0.95499999
172.88248998,0.2980732585862069,0.0012213742857142857,30,-1,0.0,0.0,0.0,0.0,0.0,0.54628599,0.60500001
172.88248998,0.2659730615076923,0.0012213742857142857,30,-1,0.0,0.0,0.0,0.0,0.0,0.50737,2.0400000499999997
173.20568129,0.23094090838666667,0.0012619585714285714,29,1,0.0,0.0,0.0,0.0,0.0,0.54223901,2.205
173.20568129,0.2165071016125,0.0012619585714285714,29,1,0.0,0.0,0.0,0.0,0.0,0.554591,1.1800000000000002
173.20568129,0.270633877015625,0.0012619585714285714,29,-1,0.0,0.0,0.0,0.0,0.0,0.50485802,1.6400000499999998
157.84166363,0.21045555150666667,0.001235394,28,1,0.0,0.0,0.0,0.0,0.0,0.59653902,0.8849999949999999
171.19195082,0.23612682871724136,0.0010864545454545454,32,1,0.0,0.0,0.0,0.0,0.0,0.54857099,2.98500005
171.19195082,0.22825593442666664,0.0010864545454545454,32,1,0.0,0.0,0.0,0.0,0.0,0.56273001,2.32
171.19195082,0.22674430572185428,0.0010864545454545454,32,1,0.0,0.0,0.0,0.0,0.0,0.56541401,2.20500005
171.19195082,0.22525256686842104,0.0010864545454545454,32,1,0.0,0.0,0.0,0.0,0.0,0.57007802,2.1100000000000003
171.19195082,0.22232720885714286,0.0010864545454545454,32,1,0.0,0.0,0.0,0.0,0.0,0.562051,1.815
172.36041171,0.24622915958571429,0.00108613,31,1,0.0,0.0,0.0,0.0,0.0,0.499616,3.67499995
172.36041171,0.21545051463749998,0.00108613,31,1,0.0,0.0,0.0,0.0,0.0,0.51633501,1.004999995
165.52367246,0.21923665226490066,0.0010653291666666666,30,1,0.0,0.0,0.0,0.0,0.0,0.552706,1.36500001
165.52367246,0.2546518037846154,0.0010653291666666666,30,-1,0.0,0.0,0.0,0.0,0.0,0.53386801,3.26999995
170.5455682,0.28424261366666664,0.001100185,32,1,0.0,0.0,0.0,0.0,0.0,0.49836299,9.4999998
170.5455682,0.2623777972307692,0.001100185,32,1,0.0,0.0,0.0,0.0,0.0,0.49406299,5.9250002
170.5455682,0.252660101037037,0.001100185,32,1,0.0,0.0,0.0,0.0,0.0,0.49221101,4.5
170.5455682,0.243636526,0.001100185,32,1,0.0,0.0,0.0,0.0,0.0,0.493296,3.35
170.5455682,0.2352352664827586,0.001100185,32,1,0.0,0.0,0.0,0.0,0.0,0.488875,2.39499995
170.5455682,0.22739409093333332,0.001100185,32,1,0.0,0.0,0.0,0.0,0.0,0.491218,1.705
170.5455682,0.22005879767741934,0.001100185,32,1,0.0,0.0,0.0,0.0,0.0,0.498281,1.22
170.5455682,0.20064184494117646,0.001100185,32,1,0.0,0.0,0.0,0.0,0.0,0.520643,0.435000005
170.5455682,0.3410911364,0.001100185,32,-1,0.0,0.0,0.0,0.0,0.0,0.65674502,0.24999999950000001
170.5455682,0.296600988173913,0.001100185,32,-1,0.0,0.0,0.0,0.0,0.0,0.51622701,0.595
170.5455682,0.28424261366666664,0.001100185,32,-1,0.0,0.0,0.0,0.0,0.0,0.50246799,0.965000015
170.5455682,0.27287290912,0.001100185,32,-1,0.0,0.0,0.0,0.0,0.0,0.50871599,1.625
170.5455682,0.2623777972307692,0.001100185,32,-1,0.0,0.0,0.0,0.0,0.0,0.51733601,2.5449999500000002
170.5455682,0.252660101037037,0.001100185,32,-1,0.0,0.0,0.0,0.0,0.0,0.49227899,3.4499999499999996
173.45428998999998,0.40812774115294115,0.00109627,31,1,0.0,0.0,0.0,0.0,0.0,0.81579697,27.299999
173.45428998999998,0.3854539777555555,0.00109627,31,1,0.0,0.0,0.0,0.0,0.0,0.88318902,24.9499995
173.45428998999998,0.34690857997999996,0.00109627,31,1,0.0,0.0,0.0,0.0,0.0,0.65178102,19.875
173.45428998999998,0.30165963476521734,0.00109627,31,1,0.0,0.0,0.0,0.0,0.0,0.60638398,12.95
173.45428998999998,0.28909048331666665,0.00109627,31,1,0.0,0.0,0.0,0.0,0.0,0.55233401,10.65
173.45428998999998,0.2668527538307692,0.00109627,31,1,0.0,0.0,0.0,0.0,0.0,0.49805999,6.6500001
173.45428998999998,0.2569693185037037,0.00109627,31,1,0.0,0.0,0.0,0.0,0.0,0.49103299,5.07500005
173.45428998999998,0.2477918428428571,0.00109627,31,1,0.0,0.0,0.0,0.0,0.0,0.49356401,3.82500005
173.45428998999998,0.239247296537931,0.00109627,31,1,0.0,0.0,0.0,0.0,0.0,0.486505,2.745
173.45428998999998,0.2312723866533333,0.00109627,31,1,0.0,0.0,0.0,0.0,0.0,0.498054,2.03499995
173.45428998999998,0.22381198708387093,0.00109627,31,1,0.0,0.0,0.0,0.0,0.0,0.50472403,1.47000005
173.45428998999998,0.21681786248749998,0.00109627,31,1,0.0,0.0,0.0,0.0,0.0,0.51188302,1.054999955
173.45428998999998,0.20406387057647057,0.00109627,31,1,0.0,0.0,0.0,0.0,0.0,0.508699,0.47
173.45428998999998,0.3153714363454545,0.00109627,31,-1,0.0,0.0,0.0,0.0,0.0,0.571796,0.36499999499999997
173.45428998999998,0.30165963476521734,0.00109627,31,-1,0.0,0.0,0.0,0.0,0.0,0.52697599,0.49499999000000006
173.45428998999998,0.28909048331666665,0.00109627,31,-1,0.0,0.0,0.0,0.0,0.0,0.51270902,0.8100000549999999
173.45428998999998,0.27752686398399995,0.00109627,31,-1,0.0,0.0,0.0,0.0,0.0,0.49495301,1.25
173.45428998999998,0.2668527538307692,0.00109627,31,-1,0.0,0.0,0.0,0.0,0.0,0.50090402,2.0300000000000002
173.45428998999998,0.2569693185037037,0.00109627,31,-1,0.0,0.0,0.0,0.0,0.0,0.494867,2.97000005
173.45428998999998,0.2477918428428571,0.00109627,31,-1,0.0,0.0,0.0,0.0,0.0,0.491227,4.17499995
173.45428998999998,0.239247296537931,0.00109627,31,-1,0.0,0.0,0.0,0.0,0.0,0.490729,5.6500001
173.45428998999998,0.2312723866533333,0.00109627,31,-1,0.0,0.0,0.0,0.0,0.0,0.49013099,7.3499999
177.2580031,0.27270462015384617,0.0011086791666666666,30,1,0.0,0.0,0.0,0.0,0.0,0.47280601,7.57500005
177.2580031,0.25322571871428573,0.0011086791666666666,30,1,0.0,0.0,0.0,0.0,0.0,0.47765401,4.4749999
177.2580031,0.24449379737931035,0.0011086791666666666,30,1,0.0,0.0,0.0,0.0,0.0,0.480988,3.32500005
177.2580031,0.23634400413333334,0.0011086791666666666,30,1,0.0,0.0,0.0,0.0,0.0,0.48709199,2.44000005
177.2580031,0.228720004,0.0011086791666666666,30,1,0.0,0.0,0.0,0.0,0.0,0.48484099,1.705
177.2580031,0.221572503875,0.0011086791666666666,30,1,0.0,0.0,0.0,0.0,0.0,0.49119601,1.21
177.2580031,0.32228727836363635,0.0011086791666666666,30,-1,0.0,0.0,0.0,0.0,0.0,0.59756601,0.309999995
177.2580031,0.30827478799999997,0.0011086791666666666,30,-1,0.0,0.0,0.0,0.0,0.0,0.52340901,0.33500001
177.2580031,0.2954300051666667,0.0011086791666666666,30,-1,0.0,0.0,0.0,0.0,0.0,0.57242203,0.8250000100000001
177.2580031,0.27270462015384617,0.0011086791666666666,30,-1,0.0,0.0,0.0,0.0,0.0,0.502891,1.575
177.2580031,0.26260444903703706,0.0011086791666666666,30,-1,0.0,0.0,0.0,0.0,0.0,0.496849,2.37
177.2580031,0.25322571871428573,0.0011086791666666666,30,-1,0.0,0.0,0.0,0.0,0.0,0.48129001,3.32500005
177.2580031,0.25322571871428573,0.0014805865714285712,93,1,0.0,0.0,0.0,0.0,0.0,0.52101302,7.9000001
177.2580031,0.221572503875,0.0014805865714285712,93,1,0.0,0.0,0.0,0.0,0.0,0.51016498,4.0500001
177.2580031,0.19695333677777777,0.0014805865714285712,93,1,0.0,0.0,0.0,0.0,0.0,0.52710903,2.16000005
171.96263779,0.2866043963166667,0.0010996516666666666,29,1,0.0,0.0,0.0,0.0,0.0,0.51887703,10.0000002
171.96263779,0.2645579042923077,0.0010996516666666666,29,1,0.0,0.0,0.0,0.0,0.0,0.49738699,6.20000005
171.96263779,0.24566091112857144,0.0010996516666666666,29,1,0.0,0.0,0.0,0.0,0.0,0.495381,3.4750000500000002
171.96263779,0.2371898452275862,0.0010996516666666666,29,1,0.0,0.0,0.0,0.0,0.0,0.491247,2.47000005
171.96263779,0.22928351705333333,0.0010996516666666666,29,1,0.0,0.0,0.0,0.0,0.0,0.49859199,1.775
171.96263779,0.22188727456774193,0.0010996516666666666,29,1,0.0,0.0,0.0,0.0,0.0,0.51747698,1.32999995
171.96263779,0.2149532972375,0.0010996516666666666,29,1,0.0,0.0,0.0,0.0,0.0,0.50989097,0.870000005
171.96263779,0.2866043963166667,0.0010996516666666666,29,-1,0.0,0.0,0.0,0.0,0.0,0.50996,0.7849999999999999
171.96263779,0.275140220464,0.0010996516666666666,29,-1,0.0,0.0,0.0,0.0,0.0,0.49423799,1.2449999
171.96263779,0.2645579042923077,0.0010996516666666666,29,-1,0.0,0.0,0.0,0.0,0.0,0.49893701,2.035
171.96263779,0.2547594633925926,0.0010996516666666666,29,-1,0.0,0.0,0.0,0.0,0.0,0.491521,2.99500005
171.96263779,0.24566091112857144,0.0010996516666666666,29,-1,0.0,0.0,0.0,0.0,0.0,0.489061,4.25
171.96263779,0.2371898452275862,0.0010996516666666666,29,-1,0.0,0.0,0.0,0.0,0.0,0.48870501,5.7750001
171.96263779,0.22188727456774193,0.0010996516666666666,29,-1,0.0,0.0,0.0,0.0,0.0,0.53319401,9.75
171.96263779,0.20230898563529412,0.0010996516666666666,29,-1,0.0,0.0,0.0,0.0,0.0,0.52602601,16.25
171.96263779,0.19106959754444444,0.0015074665714285712,92,1,0.0,0.0,0.0,0.0,0.0,0.54520398,1.88499995
171.96263779,0.31265934143636365,0.0015074665714285712,92,-1,0.0,0.0,0.0,0.0,0.0,0.56851298,2.125
171.96263779,0.2866043963166667,0.0015074665714285712,92,-1,0.0,0.0,0.0,0.0,0.0,0.52460003,3.18500005
171.96263779,0.24566091112857144,0.0015074665714285712,92,-1,0.0,0.0,0.0,0.0,0.0,0.51908702,7.7249999
175.46802046,0.38992893435555553,0.0010644225,28,1,0.0,0.0,0.0,0.0,0.0,0.82335502,25.7
175.46802046,0.35093604091999997,0.0010644225,28,1,0.0,0.0,0.0,0.0,0.0,0.87143803,21.075001
175.46802046,0.31903276447272727,0.0010644225,28,1,0.0,0.0,0.0,0.0,0.0,0.77744001,16.4
175.46802046,0.30516177471304345,0.0010644225,28,1,0.0,0.0,0.0,0.0,0.0,0.66720802,13.875
175.46802046,0.2924467007666667,0.0010644225,28,1,0.0,0.0,0.0,0.0,0.0,0.55980903,11.350000000000001
175.46802046,0.2699508007076923,0.0010644225,28,1,0.0,0.0,0.0,0.0,0.0,0.50359702,7.20000005
175.46802046,0.2599526229037037,0.0010644225,28,1,0.0,0.0,0.0,0.0,0.0,0.49302,5.5
175.46802046,0.25066860065714286,0.0010644225,28,1,0.0,0.0,0.0,0.0,0.0,0.50903702,4.25
175.46802046,0.24202485580689653,0.0010644225,28,1,0.0,0.0,0.0,0.0,0.0,0.50510299,3.10500005
175.46802046,0.23395736061333333,0.0010644225,28,1,0.0,0.0,0.0,0.0,0.0,0.503425,2.2149999
175.46802046,0.22641034898064516,0.0010644225,28,1,0.0,0.0,0.0,0.0,0.0,0.50848198,1.58
175.46802046,0.21933502557499998,0.0010644225,28,1,0.0,0.0,0.0,0.0,0.0,0.523045,1.165
175.46802046,0.20643296524705881,0.0010644225,28,1,0.0,0.0,0.0,0.0,0.0,0.52860498,0.55
175.46802046,0.19496446717777777,0.0010644225,28,1,0.0,0.0,0.0,0.0,0.0,0.56576598,0.32499999
175.46802046,0.18470317943157893,0.0010644225,28,1,0.0,0.0,0.0,0.0,0.0,0.613289,0.224999995
175.46802046,0.5399016014153846,0.0010644225,28,-1,0.0,0.0,0.0,0.0,0.0,1.645685,0.389999985
175.46802046,0.31903276447272727,0.0010644225,28,-1,0.0,0.0,0.0,0.0,0.0,0.610291,0.325000005
175.46802046,0.30516177471304345,0.0010644225,28,-1,0.0,0.0,0.0,0.0,0.0,0.51856101,0.314999995
175.46802046,0.2924467007666667,0.0010644225,28,-1,0.0,0.0,0.0,0.0,0.0,0.50876701,0.564999995
175.46802046,0.280748832736,0.0010644225,28,-1,0.0,0.0,0.0,0.0,0.0,0.490022,0.91000005
175.46802046,0.2699508007076923,0.0010644225,28,-1,0.0,0.0,0.0,0.0,0.0,0.465628,1.38
175.46802046,0.2599526229037037,0.0010644225,28,-1,0.0,0.0,0.0,0.0,0.0,0.47987899,2.3199999499999997
175.46802046,0.25066860065714286,0.0010644225,28,-1,0.0,0.0,0.0,0.0,0.0,0.478075,3.4250000500000004
175.46802046,0.24202485580689653,0.0010644225,28,-1,0.0,0.0,0.0,0.0,0.0,0.47350299,4.7750001
175.46802046,0.21933502557499998,0.0010644225,28,-1,0.0,0.0,0.0,0.0,0.0,0.40522701,9.974999799999999
175.46802046,0.2924467007666667,0.001498652857142857,91,1,0.0,0.0,0.0,0.0,0.0,0.57427198,13.9
175.46802046,0.280748832736,0.001498652857142857,91,1,0.0,0.0,0.0,0.0,0.0,0.53799099,11.875
175.46802046,0.2599526229037037,0.001498652857142857,91,1,0.0,0.0,0.0,0.0,0.0,0.52082402,8.7999997
175.46802046,0.25066860065714286,0.001498652857142857,91,1,0.0,0.0,0.0,0.0,0.0,0.52060401,7.5749998
175.46802046,0.24202485580689653,0.001498652857142857,91,1,0.0,0.0,0.0,0.0,0.0,0.51253599,6.375
175.46802046,0.23395736061333333,0.001498652857142857,91,1,0.0,0.0,0.0,0.0,0.0,0.52018499,5.52499985
175.46802046,0.22641034898064516,0.001498652857142857,91,1,0.0,0.0,0.0,0.0,0.0,0.50830901,4.52499985
175.46802046,0.21933502557499998,0.001498652857142857,91,1,0.0,0.0,0.0,0.0,0.0,0.50240099,3.7250000500000002
174.84649871,0.23312866494666665,0.001106202857142857,32,1,0.0,0.0,0.0,0.0,0.0,0.38830701,1.5050000049999999
174.84649871,0.2185581233875,0.001106202857142857,32,1,0.0,0.0,0.0,0.0,0.0,0.48632401,1.09500001
174.84649871,0.2866336044426229,0.001106202857142857,32,-1,0.0,0.0,0.0,0.0,0.0,0.49554101,0.84499995
174.84649871,0.28201048179032256,0.001106202857142857,32,-1,0.0,0.0,0.0,0.0,0.0,0.486148,0.99499999
162.73925501999997,0.2465746288181818,0.0011104814285714285,31,1,0.0,0.0,0.0,0.0,0.0,0.42140299,2.82499995
162.73925501999997,0.2428944104776119,0.0011104814285714285,31,1,0.0,0.0,0.0,0.0,0.0,0.45725,2.680000005
162.73925501999997,0.23248465002857138,0.0011104814285714285,31,1,0.0,0.0,0.0,0.0,0.0,0.49683699,1.95499995
158.26429842,0.2182955840275862,0.0011318542857142856,30,1,0.0,0.0,0.0,0.0,0.0,0.61977798,1.625
159.23387234999998,0.23590203311111108,0.0011018985714285714,29,1,0.0,0.0,0.0,0.0,0.0,0.49818099,2.14
159.23387234999998,0.2123118298,0.0011018985714285714,29,1,0.0,0.0,0.0,0.0,0.0,0.52741402,0.730000005
167.26393336,0.25343020206060607,0.0010823471428571428,28,1,0.0,0.0,0.0,0.0,0.0,0.48617801,4.17499995
167.26393336,0.2496476617313433,0.0010823471428571428,28,1,0.0,0.0,0.0,0.0,0.0,0.41955301,3.1800000500000003
167.26393336,0.2593239276899225,0.0010823471428571428,28,-1,0.0,0.0,0.0,0.0,0.0,0.504363,2.5
167.26393336,0.24597637258823532,0.0010823471428571428,28,-1,0.0,0.0,0.0,0.0,0.0,0.390279,3.37000015
162.46578544999997,0.23717632912408754,0.0011869235714285714,32,1,0.0,0.0,0.0,0.0,0.0,0.60937202,3.3800001
162.46578544999997,0.23545766007246371,0.0011869235714285714,32,1,0.0,0.0,0.0,0.0,0.0,0.49980301,2.38500005
162.46578544999997,0.22255587047945202,0.0011869235714285714,32,1,0.0,0.0,0.0,0.0,0.0,0.55341798,1.67000005
162.73925501999997,0.2465746288181818,0.0012319339285714285,31,1,0.0,0.0,0.0,0.0,0.0,0.53625399,3.7949999500000002
162.73925501999997,0.24472068424060148,0.0012319339285714285,31,1,0.0,0.0,0.0,0.0,0.0,0.522856,3.47500005
162.73925501999997,0.23248465002857138,0.0012319339285714285,31,-1,0.0,0.0,0.0,0.0,0.0,0.48425901,6.54999995
165.94630725,0.27204312663934427,0.0012082696428571428,30,-1,0.0,0.0,0.0,0.0,0.0,0.527587,1.6750000000000003
177.43202919,0.24305757423287672,0.0011912967857142856,29,1,0.0,0.0,0.0,0.0,0.0,0.47065601,3.0
177.43202919,0.2217900364875,0.0011912967857142856,29,1,0.0,0.0,0.0,0.0,0.0,0.47794199,1.094999995
177.43202919,0.29572004865,0.0011912967857142856,29,-1,0.0,0.0,0.0,0.0,0.0,0.490457,0.465000005
179.09770748,0.2540393013900709,0.0012477749999999998,32,1,0.0,0.0,0.0,0.0,0.0,0.56918299,5.45000005
179.09770748,0.24874681594444445,0.0012477749999999998,32,1,0.0,0.0,0.0,0.0,0.0,0.57252401,4.75
179.09770748,0.2453393253150685,0.0012477749999999998,32,1,0.0,0.0,0.0,0.0,0.0,0.54826099,4.0999999
179.09770748,0.22387213435,0.0012477749999999998,32,1,0.0,0.0,0.0,0.0,0.0,0.57604998,2.04999995
179.09770748,0.19899745275555555,0.0012477749999999998,32,1,0.0,0.0,0.0,0.0,0.0,0.55169803,0.49500002
179.09770748,0.18852390261052632,0.0012477749999999998,32,1,0.0,0.0,0.0,0.0,0.0,0.59928,0.355000005
181.03685534,0.19056511088421052,0.0013377664285714286,31,1,0.0,0.0,0.0,0.0,0.0,0.54903197,0.250000005
179.54520313999998,0.24936833769444441,0.0013437592857142857,30,1,0.0,0.0,0.0,0.0,0.0,0.52659601,4.375
181.33518578,0.2747502814848485,0.001343325,29,1,0.0,0.0,0.0,0.0,0.0,0.458352,7.950000300000001
181.33518578,0.2726844898947368,0.001343325,29,1,0.0,0.0,0.0,0.0,0.0,0.490868,7.7750001
181.33518578,0.2518544246944444,0.001343325,29,1,0.0,0.0,0.0,0.0,0.0,0.538315,4.77499985
181.33518578,0.21333551268235293,0.001343325,29,1,0.0,0.0,0.0,0.0,0.0,0.55685699,1.045
181.31032491000002,0.23244913450000002,0.0013558271428571428,28,1,0.0,0.0,0.0,0.0,0.0,0.52181798,2.2199999999999998
181.31032491000002,0.36262064982000003,0.0013558271428571428,28,-1,0.0,0.0,0.0,0.0,0.0,0.64578903,0.06999999999999999
177.58119441000002,0.27965542426771656,0.001158068,32,-1,0.0,0.0,0.0,0.0,0.0,0.51400799,1.3050000000000002
177.58119441000002,0.27531968125581396,0.001158068,32,-1,0.0,0.0,0.0,0.0,0.0,0.505943,1.5150000000000001
177.58119441000002,0.2732018375538462,0.001158068,32,-1,0.0,0.0,0.0,0.0,0.0,0.51021302,1.685
177.58119441000002,0.2690624157727273,0.001158068,32,-1,0.0,0.0,0.0,0.0,0.0,0.519126,2.06000005
177.58119441000002,0.2466405477916667,0.001158068,32,-1,0.0,0.0,0.0,0.0,0.0,0.49859101,4.54999995
177.58119441000002,0.19731243823333336,0.0017202593406593406,186,1,0.0,0.0,0.0,0.0,0.0,0.45265901,3.5500000500000004
173.5288726,0.2496818310791367,0.00117124,31,1,0.0,0.0,0.0,0.0,0.0,0.53746498,4.4749999
173.5288726,0.24614024482269503,0.00117124,31,1,0.0,0.0,0.0,0.0,0.0,0.53255898,3.975
173.5288726,0.2444068628169014,0.00117124,31,1,0.0,0.0,0.0,0.0,0.0,0.52227402,3.675
173.5288726,0.2329246612080537,0.00117124,31,1,0.0,0.0,0.0,0.0,0.0,0.52630699,2.43499995
173.5288726,0.21691109075,0.00117124,31,1,0.0,0.0,0.0,0.0,0.0,0.64667201,1.915
173.5288726,0.24789838942857143,0.00117124,31,-1,0.0,0.0,0.0,0.0,0.0,0.51119399,4.2750001
173.5288726,0.24614024482269503,0.00117124,31,-1,0.0,0.0,0.0,0.0,0.0,0.53287703,4.7249999
173.5288726,0.2444068628169014,0.00117124,31,-1,0.0,0.0,0.0,0.0,0.0,0.50714803,4.79999995
173.5288726,0.2426977239160839,0.00117124,31,-1,0.0,0.0,0.0,0.0,0.0,0.52657402,5.25
173.5288726,0.24101232305555556,0.00117124,31,-1,0.0,0.0,0.0,0.0,0.0,0.50772399,5.4000001
173.5288726,0.28921478766666664,0.0017171712087912087,185,1,0.0,0.0,0.0,0.0,0.0,0.44619599,14.024999999999999
173.5288726,0.25707981125925927,0.0017171712087912087,185,1,0.0,0.0,0.0,0.0,0.0,0.45066699,9.9750002
173.5288726,0.24789838942857143,0.0017171712087912087,185,1,0.0,0.0,0.0,0.0,0.0,0.44371101,8.6999998
173.5288726,0.23935016910344828,0.0017171712087912087,185,1,0.0,0.0,0.0,0.0,0.0,0.45037699,7.79999995
170.76931603,0.24571124608633094,0.0011723,30,1,0.0,0.0,0.0,0.0,0.0,0.52065003,3.6999999499999996
170.76931603,0.24222598018439717,0.0011723,30,1,0.0,0.0,0.0,0.0,0.0,0.52948803,3.3500000500000002
170.76931603,0.2405201634225352,0.0011723,30,1,0.0,0.0,0.0,0.0,0.0,0.528979,3.15
170.76931603,0.23717960559722223,0.0011723,30,1,0.0,0.0,0.0,0.0,0.0,0.50345701,2.59000005
170.76931603,0.2339305699041096,0.0011723,30,1,0.0,0.0,0.0,0.0,0.0,0.52524,2.42499995
170.76931603,0.24929827157664233,0.0011723,30,-1,0.0,0.0,0.0,0.0,0.0,0.50403398,3.875
170.76931603,0.24571124608633094,0.0011723,30,-1,0.0,0.0,0.0,0.0,0.0,0.50499201,4.4250002
170.76931603,0.2405201634225352,0.0011723,30,-1,0.0,0.0,0.0,0.0,0.0,0.52599901,5.47500015
170.76931603,0.37948736895555557,0.001568866857142857,93,1,0.0,0.0,0.0,0.0,0.0,0.62354702,24.425
170.76931603,0.273230905648,0.001568866857142857,93,1,0.0,0.0,0.0,0.0,0.0,0.446257,9.5
170.76931603,0.2529915793037037,0.001568866857142857,93,1,0.0,0.0,0.0,0.0,0.0,0.44198599,6.6750002
170.76931603,0.24395616575714285,0.001568866857142857,93,1,0.0,0.0,0.0,0.0,0.0,0.43922499,5.5
170.76931603,0.23554388417931035,0.001568866857142857,93,1,0.0,0.0,0.0,0.0,0.0,0.44324601,4.57500005
170.76931603,0.22769242137333334,0.001568866857142857,93,1,0.0,0.0,0.0,0.0,0.0,0.44218901,3.7250000500000002
170.76931603,0.34153863206,0.0016882769230769231,184,1,0.0,0.0,0.0,0.0,0.0,0.40625799,19.875
170.76931603,0.23554388417931035,0.0016882769230769231,184,1,0.0,0.0,0.0,0.0,0.0,0.44590199,7.125
170.86875951000002,0.24944344454014603,0.0011522034782608696,29,1,0.0,0.0,0.0,0.0,0.0,0.499194,3.95000005
170.86875951000002,0.2309037290675676,0.0011522034782608696,29,1,0.0,0.0,0.0,0.0,0.0,0.52393597,2.0699999499999997
170.86875951000002,0.28478126585,0.0011522034782608696,29,-1,0.0,0.0,0.0,0.0,0.0,0.530981,0.9550000000000001
170.86875951000002,0.2512775875147059,0.0011522034782608696,29,-1,0.0,0.0,0.0,0.0,0.0,0.50985903,3.575
170.86875951000002,0.24944344454014603,0.0011522034782608696,29,-1,0.0,0.0,0.0,0.0,0.0,0.49616501,3.725
170.86875951000002,0.26287501463076923,0.0016326545714285714,92,1,0.0,0.0,0.0,0.0,0.0,0.43601301,7.875
170.86875951000002,0.2440982278714286,0.0016326545714285714,92,1,0.0,0.0,0.0,0.0,0.0,0.43399501,5.4000001
170.86875951000002,0.23568104760000003,0.0016326545714285714,92,1,0.0,0.0,0.0,0.0,0.0,0.43801999,4.4749999
170.86875951000002,0.22782501268000002,0.0016326545714285714,92,1,0.0,0.0,0.0,0.0,0.0,0.436753,3.625
170.86875951000002,0.21358594938750003,0.0016326545714285714,92,1,0.0,0.0,0.0,0.0,0.0,0.44508401,2.43999995
170.86875951000002,0.20102207001176473,0.0016326545714285714,92,1,0.0,0.0,0.0,0.0,0.0,0.44365099,1.54000005
170.86875951000002,0.18985417723333337,0.0016326545714285714,92,1,0.0,0.0,0.0,0.0,0.0,0.45192701,1.02
170.86875951000002,0.31067047183636365,0.0016326545714285714,92,-1,0.0,0.0,0.0,0.0,0.0,0.445613,1.15
170.86875951000002,0.2531389029777778,0.0016326545714285714,92,-1,0.0,0.0,0.0,0.0,0.0,0.434798,5.32500005
170.86875951000002,0.2440982278714286,0.0016326545714285714,92,-1,0.0,0.0,0.0,0.0,0.0,0.434118,6.67499995
170.86875951000002,0.22782501268000002,0.0017559159340659338,183,1,0.0,0.0,0.0,0.0,0.0,0.4497,6.2750001
171.26653343,0.16311098421904763,0.0011501582608695652,28,1,0.0,0.0,0.0,0.0,0.0,0.97194201,0.57
171.26653343,0.2140831667875,0.0011501582608695652,28,1,0.0,0.0,0.0,0.0,0.0,0.525195,0.845
171.26653343,0.19029614825555558,0.0011501582608695652,28,1,0.0,0.0,0.0,0.0,0.0,0.577842,0.244999995
171.26653343,0.24821236728985507,0.0011501582608695652,28,-1,0.0,0.0,0.0,0.0,0.0,0.50590003,3.92500005
171.26653343,0.24642666680575542,0.0011501582608695652,28,-1,0.0,0.0,0.0,0.0,0.0,0.49972299,4.1499998499999995
171.26653343,0.24122046961971833,0.0011501582608695652,28,-1,0.0,0.0,0.0,0.0,0.0,0.49279001,4.9749999
171.26653343,0.34253306686,0.0016698662857142857,91,1,0.0,0.0,0.0,0.0,0.0,0.500965,19.6
171.26653343,0.2634869745076923,0.0016698662857142857,91,1,0.0,0.0,0.0,0.0,0.0,0.446347,8.0999999
171.26653343,0.25372819767407406,0.0016698662857142857,91,1,0.0,0.0,0.0,0.0,0.0,0.43259001,6.5999999
171.26653343,0.24466647632857144,0.0016698662857142857,91,1,0.0,0.0,0.0,0.0,0.0,0.43284899,5.45000005
171.26653343,0.23622970128275864,0.0016698662857142857,91,1,0.0,0.0,0.0,0.0,0.0,0.43408501,4.47500015
171.26653343,0.22835537790666668,0.0016698662857142857,91,1,0.0,0.0,0.0,0.0,0.0,0.43538699,3.6499999499999998
171.26653343,0.31139369714545456,0.0016698662857142857,91,-1,0.0,0.0,0.0,0.0,0.0,0.44123599,1.07500004
171.26653343,0.2978548407478261,0.0016698662857142857,91,-1,0.0,0.0,0.0,0.0,0.0,0.46481299,1.81
171.26653343,0.27402645348800003,0.0016698662857142857,91,-1,0.0,0.0,0.0,0.0,0.0,0.43149701,2.99500005
171.26653343,0.2634869745076923,0.0016698662857142857,91,-1,0.0,0.0,0.0,0.0,0.0,0.426099,3.92499995
171.26653343,0.25372819767407406,0.0016698662857142857,91,-1,0.0,0.0,0.0,0.0,0.0,0.426415,5.10000015
171.26653343,0.24466647632857144,0.0016698662857142857,91,-1,0.0,0.0,0.0,0.0,0.0,0.42502201,6.42499995
171.26653343,0.23622970128275864,0.0016698662857142857,91,-1,0.0,0.0,0.0,0.0,0.0,0.42624301,7.95000005
171.26653343,0.16311098421904763,0.0018173271428571427,182,1,0.0,0.0,0.0,0.0,0.0,0.454577,1.20499996
171.26653343,0.428166333575,0.0018173271428571427,182,1,0.0,0.0,0.0,0.0,0.0,0.52893001,29.5500005
171.26653343,0.25372819767407406,0.0018173271428571427,182,1,0.0,0.0,0.0,0.0,0.0,0.444718,9.25
171.26653343,0.22835537790666668,0.0018173271428571427,182,1,0.0,0.0,0.0,0.0,0.0,0.43989801,6.1750002
169.82460297,0.16982460297,0.0011817585714285713,32,1,0.0,0.0,0.0,0.0,0.0,0.623227,0.1050000045
169.82460297,0.2515920044,0.0011817585714285713,32,1,0.0,0.0,0.0,0.0,0.0,0.49584901,4.32500005
169.82460297,0.24974206319117648,0.0011817585714285713,32,1,0.0,0.0,0.0,0.0,0.0,0.49202001,4.0500000499999995
169.82460297,0.24260657567142857,0.0011817585714285713,32,1,0.0,0.0,0.0,0.0,0.0,0.492551,3.17499995
169.82460297,0.2391895816478873,0.0011817585714285713,32,1,0.0,0.0,0.0,0.0,0.0,0.48964,2.77
169.82460297,0.2342408316827586,0.0011817585714285713,32,1,0.0,0.0,0.0,0.0,0.0,0.49480301,2.30499995
169.82460297,0.22949270671621622,0.0011817585714285713,32,1,0.0,0.0,0.0,0.0,0.0,0.49079499,1.84500005
169.82460297,0.22643280396,0.0011817585714285713,32,1,0.0,0.0,0.0,0.0,0.0,0.50000101,1.6600000499999998
169.82460297,0.21912851996129032,0.0011817585714285713,32,1,0.0,0.0,0.0,0.0,0.0,0.50258601,1.165
169.82460297,0.21772384996153846,0.0011817585714285713,32,1,0.0,0.0,0.0,0.0,0.0,0.50430501,1.0899999999999999
169.82460297,0.2122807537125,0.0011817585714285713,32,1,0.0,0.0,0.0,0.0,0.0,0.51230901,0.840000005
169.82460297,0.19979365055294118,0.0011817585714285713,32,1,0.0,0.0,0.0,0.0,0.0,0.54958701,0.5
169.82460297,0.1886940033,0.0011817585714285713,32,1,0.0,0.0,0.0,0.0,0.0,0.56988102,0.274999995
169.82460297,0.17876273996842104,0.0011817585714285713,32,1,0.0,0.0,0.0,0.0,0.0,0.57289797,0.130000005
169.82460297,0.2953471356,0.0011817585714285713,32,-1,0.0,0.0,0.0,0.0,0.0,0.52813298,0.685000005
169.82460297,0.28304100495,0.0011817585714285713,32,-1,0.0,0.0,0.0,0.0,0.0,0.51978803,1.12
169.82460297,0.271719364752,0.0011817585714285713,32,-1,0.0,0.0,0.0,0.0,0.0,0.50433099,1.69
169.82460297,0.26329395809302325,0.0011817585714285713,32,-1,0.0,0.0,0.0,0.0,0.0,0.50997698,2.41999995
169.82460297,0.26126861995384615,0.0011817585714285713,32,-1,0.0,0.0,0.0,0.0,0.0,0.49219099,2.48500005
169.82460297,0.24260657567142857,0.0011817585714285713,32,-1,0.0,0.0,0.0,0.0,0.0,0.49024001,4.97500015
169.82460297,0.2122807537125,0.0018181920000000002,179,1,0.0,0.0,0.0,0.0,0.0,0.44758001,4.4000001
169.82460297,0.33964920594,0.0018181920000000002,179,-1,0.0,0.0,0.0,0.0,0.0,0.45180899,1.61500005
169.82460297,0.24260657567142857,0.0018181920000000002,179,-1,0.0,0.0,0.0,0.0,0.0,0.441008,9.5250001
169.00419426,0.25037658408888885,0.0011217414285714287,31,1,0.0,0.0,0.0,0.0,0.0,0.50862098,4.25
169.00419426,0.24672145147445254,0.0011217414285714287,31,1,0.0,0.0,0.0,0.0,0.0,0.51114303,3.79999995
169.00419426,0.2431715025323741,0.0011217414285714287,31,1,0.0,0.0,0.0,0.0,0.0,0.50558102,3.32500005
169.00419426,0.2414345632285714,0.0011217414285714287,31,1,0.0,0.0,0.0,0.0,0.0,0.50890499,3.1499999499999998
169.00419426,0.2397222613617021,0.0011217414285714287,31,1,0.0,0.0,0.0,0.0,0.0,0.51301801,2.99000005
169.00419426,0.23472804758333332,0.0011217414285714287,31,1,0.0,0.0,0.0,0.0,0.0,0.51213002,2.4600000499999997
169.00419426,0.23310923346206897,0.0011217414285714287,31,1,0.0,0.0,0.0,0.0,0.0,0.51245701,2.30499995
169.00419426,0.22993767926530612,0.0011217414285714287,31,1,0.0,0.0,0.0,0.0,0.0,0.51470298,2.02999995
169.00419426,0.22838404629729728,0.0011217414285714287,31,1,0.0,0.0,0.0,0.0,0.0,0.51387602,1.88999995
169.00419426,0.22533892568,0.0011217414285714287,31,1,0.0,0.0,0.0,0.0,0.0,0.51933497,1.68
169.00419426,0.22237393981578946,0.0011217414285714287,31,1,0.0,0.0,0.0,0.0,0.0,0.54976898,1.6549999999999998
169.00419426,0.21806992807741934,0.0011217414285714287,31,1,0.0,0.0,0.0,0.0,0.0,0.51965702,1.1749999500000001
169.00419426,0.211255242825,0.0011217414285714287,31,1,0.0,0.0,0.0,0.0,0.0,0.542171,0.9149999950000001
169.00419426,0.18778243806666667,0.0011217414285714287,31,1,0.0,0.0,0.0,0.0,0.0,0.57514,0.255
169.00419426,0.2600064527076923,0.0011217414285714287,31,-1,0.0,0.0,0.0,0.0,0.0,0.508111,2.6100000000000003
169.00419426,0.256066961,0.0011217414285714287,31,-1,0.0,0.0,0.0,0.0,0.0,0.50881898,3.0449999500000002
169.00419426,0.2414345632285714,0.0011217414285714287,31,-1,0.0,0.0,0.0,0.0,0.0,0.50397497,5.125
169.00419426,0.16900419426,0.0018083765714285713,178,1,0.0,0.0,0.0,0.0,0.0,0.50893801,2.05499995
169.00419426,0.25037658408888885,0.0018083765714285713,178,1,0.0,0.0,0.0,0.0,0.0,0.45123699,8.75
172.68360302,0.25582756002962964,0.0011285185714285714,30,1,0.0,0.0,0.0,0.0,0.0,0.50963402,5.02499985
172.68360302,0.25026609133333333,0.0011285185714285714,30,1,0.0,0.0,0.0,0.0,0.0,0.50665402,4.22500015
172.68360302,0.2484656158561151,0.0011285185714285714,30,1,0.0,0.0,0.0,0.0,0.0,0.51157701,4.02499995
172.68360302,0.24669086145714283,0.0011285185714285714,30,1,0.0,0.0,0.0,0.0,0.0,0.50897002,3.7749999499999998
172.68360302,0.24494128087943262,0.0011285185714285714,30,1,0.0,0.0,0.0,0.0,0.0,0.51144999,3.57500005
172.68360302,0.24321634228169012,0.0011285185714285714,30,1,0.0,0.0,0.0,0.0,0.0,0.512716,3.375
172.68360302,0.24151552869930068,0.0011285185714285714,30,1,0.0,0.0,0.0,0.0,0.0,0.50962901,3.15
172.68360302,0.23983833752777778,0.0011285185714285714,30,1,0.0,0.0,0.0,0.0,0.0,0.51365298,2.99000005
172.68360302,0.2381842800275862,0.0011285185714285714,30,1,0.0,0.0,0.0,0.0,0.0,0.51271802,2.79999995
172.68360302,0.23655288084931506,0.0011285185714285714,30,1,0.0,0.0,0.0,0.0,0.0,0.510598,2.61000005
172.68360302,0.23494367757823129,0.0011285185714285714,30,1,0.0,0.0,0.0,0.0,0.0,0.51191902,2.4550000499999998
172.68360302,0.2333562202972973,0.0011285185714285714,30,1,0.0,0.0,0.0,0.0,0.0,0.51218498,2.29999995
172.68360302,0.23179007116778522,0.0011285185714285714,30,1,0.0,0.0,0.0,0.0,0.0,0.514108,2.1649999500000003
172.68360302,0.23024480402666667,0.0011285185714285714,30,1,0.0,0.0,0.0,0.0,0.0,0.517097,2.04499995
172.68360302,0.22281755228387096,0.0011285185714285714,30,1,0.0,0.0,0.0,0.0,0.0,0.52592099,1.5
172.68360302,0.21858683926582279,0.0011285185714285714,30,1,0.0,0.0,0.0,0.0,0.0,0.53842801,1.285
172.68360302,0.21585450377499998,0.0011285185714285714,30,1,0.0,0.0,0.0,0.0,0.0,0.54023403,1.125
172.68360302,0.2031571800235294,0.0011285185714285714,30,1,0.0,0.0,0.0,0.0,0.0,0.56529498,0.630000025
172.68360302,0.19187067002222222,0.0011285185714285714,30,1,0.0,0.0,0.0,0.0,0.0,0.59849399,0.385000005
172.68360302,0.34536720604,0.0011285185714285714,30,-1,0.0,0.0,0.0,0.0,0.0,0.66882098,0.20000000499999998
172.68360302,0.3003193096,0.0011285185714285714,30,-1,0.0,0.0,0.0,0.0,0.0,0.554735,0.58000001
172.68360302,0.2878060050333333,0.0011285185714285714,30,-1,0.0,0.0,0.0,0.0,0.0,0.53661799,0.909999995
172.68360302,0.27629376483199997,0.0011285185714285714,30,-1,0.0,0.0,0.0,0.0,0.0,0.53033799,1.4500000000000002
172.68360302,0.2677265163100775,0.0011285185714285714,30,-1,0.0,0.0,0.0,0.0,0.0,0.519256,1.98499995
172.68360302,0.26566708156923075,0.0011285185714285714,30,-1,0.0,0.0,0.0,0.0,0.0,0.51226002,2.11000005
172.68360302,0.25394647502941176,0.0011285185714285714,30,-1,0.0,0.0,0.0,0.0,0.0,0.50913399,3.32500005
172.68360302,0.2520928511240876,0.0011285185714285714,30,-1,0.0,0.0,0.0,0.0,0.0,0.51025498,3.57500005
172.68360302,0.25026609133333333,0.0011285185714285714,30,-1,0.0,0.0,0.0,0.0,0.0,0.50690901,3.8000000500000004
172.68360302,0.2484656158561151,0.0011285185714285714,30,-1,0.0,0.0,0.0,0.0,0.0,0.50550902,4.0500000499999995
172.68360302,0.24669086145714283,0.0011285185714285714,30,-1,0.0,0.0,0.0,0.0,0.0,0.50920099,4.3499999
172.68360302,0.15698509365454544,0.0017671685714285715,177,1,0.0,0.0,0.0,0.0,0.0,0.47397801,1.07000001
172.68360302,0.25582756002962964,0.0017671685714285715,177,1,0.0,0.0,0.0,0.0,0.0,0.45299599,9.625
172.68360302,0.24669086145714283,0.0017671685714285715,177,1,0.0,0.0,0.0,0.0,0.0,0.45702299,8.5749998
172.68360302,0.19187067002222222,0.0017671685714285715,177,1,0.0,0.0,0.0,0.0,0.0,0.43937001,2.67000005
172.68360302,0.18177221370526314,0.0017671685714285715,177,1,0.0,0.0,0.0,0.0,0.0,0.450546,2.124999995
172.68360302,0.27629376483199997,0.0017671685714285715,177,-1,0.0,0.0,0.0,0.0,0.0,0.458996,5.32500005
164.72812462000002,0.263564999392,0.0010923957142857143,29,1,0.0,0.0,0.0,0.0,0.0,0.54033798,6.0749998
164.72812462000002,0.25342788403076927,0.0010923957142857143,29,1,0.0,0.0,0.0,0.0,0.0,0.53712898,4.625
164.72812462000002,0.24958806760606064,0.0010923957142857143,29,1,0.0,0.0,0.0,0.0,0.0,0.53715098,4.125
164.72812462000002,0.247711465593985,0.0010923957142857143,29,1,0.0,0.0,0.0,0.0,0.0,0.53516197,3.875
164.72812462000002,0.24586287256716421,0.0010923957142857143,29,1,0.0,0.0,0.0,0.0,0.0,0.53859001,3.675
164.72812462000002,0.24404166610370373,0.0010923957142857143,29,1,0.0,0.0,0.0,0.0,0.0,0.54070401,3.4750000500000002
164.72812462000002,0.2422472420882353,0.0010923957142857143,29,1,0.0,0.0,0.0,0.0,0.0,0.53815699,3.25
164.72812462000002,0.23873641249275365,0.0010923957142857143,29,1,0.0,0.0,0.0,0.0,0.0,0.536695,2.85500005
164.72812462000002,0.23532589231428575,0.0010923957142857143,29,1,0.0,0.0,0.0,0.0,0.0,0.53989702,2.5299999499999997
164.72812462000002,0.23201144312676059,0.0010923957142857143,29,1,0.0,0.0,0.0,0.0,0.0,0.54127598,2.2250000500000002
164.72812462000002,0.22721120637241382,0.0010923957142857143,29,1,0.0,0.0,0.0,0.0,0.0,0.54632598,1.84500005
164.72812462000002,0.22565496523287673,0.0010923957142857143,29,1,0.0,0.0,0.0,0.0,0.0,0.54455,1.71
164.72812462000002,0.22111157667114095,0.0010923957142857143,29,1,0.0,0.0,0.0,0.0,0.0,0.55123401,1.42
164.72812462000002,0.21963749949333336,0.0010923957142857143,29,1,0.0,0.0,0.0,0.0,0.0,0.55440998,1.34000005
164.72812462000002,0.21255241886451615,0.0010923957142857143,29,1,0.0,0.0,0.0,0.0,0.0,0.56310499,0.97000001
164.72812462000002,0.20591015577500002,0.0010923957142857143,29,1,0.0,0.0,0.0,0.0,0.0,0.57776099,0.724999995
164.72812462000002,0.19379779367058825,0.0010923957142857143,29,1,0.0,0.0,0.0,0.0,0.0,0.61199898,0.42999999499999997
164.72812462000002,0.29950568112727277,0.0010923957142857143,29,-1,0.0,0.0,0.0,0.0,0.0,0.57165402,0.594999995
164.72812462000002,0.2864836949913044,0.0010923957142857143,29,-1,0.0,0.0,0.0,0.0,0.0,0.55704302,0.965000005
164.72812462000002,0.2745468743666667,0.0010923957142857143,29,-1,0.0,0.0,0.0,0.0,0.0,0.54132801,1.49
164.72812462000002,0.27004610593442624,0.0010923957142857143,29,-1,0.0,0.0,0.0,0.0,0.0,0.54919398,1.8399999500000002
164.72812462000002,0.2656905235806452,0.0010923957142857143,29,-1,0.0,0.0,0.0,0.0,0.0,0.54031903,2.125
164.72812462000002,0.263564999392,0.0010923957142857143,29,-1,0.0,0.0,0.0,0.0,0.0,0.54262298,2.32500005
164.72812462000002,0.26147321368253973,0.0010923957142857143,29,-1,0.0,0.0,0.0,0.0,0.0,0.533907,2.46000005
164.72812462000002,0.25342788403076927,0.0010923957142857143,29,-1,0.0,0.0,0.0,0.0,0.0,0.53239697,3.32500005
164.72812462000002,0.24958806760606064,0.0010923957142857143,29,-1,0.0,0.0,0.0,0.0,0.0,0.53250003,3.82500005
164.72812462000002,0.247711465593985,0.0010923957142857143,29,-1,0.0,0.0,0.0,0.0,0.0,0.53389198,4.10000015
164.72812462000002,0.2422472420882353,0.0010923957142857143,29,-1,0.0,0.0,0.0,0.0,0.0,0.533521,4.95000005
164.72812462000002,0.24047901404379565,0.0010923957142857143,29,-1,0.0,0.0,0.0,0.0,0.0,0.53644103,5.27499985
164.72812462000002,0.22721120637241382,0.0010923957142857143,29,-1,0.0,0.0,0.0,0.0,0.0,0.541857,8.049999699999999
164.72812462000002,0.20591015577500002,0.0010923957142857143,29,-1,0.0,0.0,0.0,0.0,0.0,0.56334102,14.4
169.22794208999997,0.2603506801384615,0.0011182657142857144,28,1,0.0,0.0,0.0,0.0,0.0,0.52688497,5.5999999
169.22794208999997,0.25070806235555554,0.0011182657142857144,28,1,0.0,0.0,0.0,0.0,0.0,0.51852202,4.17499995
169.22794208999997,0.24886462072058818,0.0011182657142857144,28,1,0.0,0.0,0.0,0.0,0.0,0.520814,3.95000005
169.22794208999997,0.2470480906423357,0.0011182657142857144,28,1,0.0,0.0,0.0,0.0,0.0,0.52176797,3.7250000500000002
169.22794208999997,0.24525788708695648,0.0011182657142857144,28,1,0.0,0.0,0.0,0.0,0.0,0.52139902,3.5
169.22794208999997,0.24175420298571423,0.0011182657142857144,28,1,0.0,0.0,0.0,0.0,0.0,0.52336001,3.1000000500000002
169.22794208999997,0.23834921421126756,0.0011182657142857144,28,1,0.0,0.0,0.0,0.0,0.0,0.52022099,2.6999999499999996
169.22794208999997,0.2350388084583333,0.0011182657142857144,28,1,0.0,0.0,0.0,0.0,0.0,0.52577198,2.3999999499999998
169.22794208999997,0.23341785115862065,0.0011182657142857144,28,1,0.0,0.0,0.0,0.0,0.0,0.52825999,2.26
169.22794208999997,0.23181909875342463,0.0011182657142857144,28,1,0.0,0.0,0.0,0.0,0.0,0.52677202,2.1000000500000002
169.22794208999997,0.22563725611999996,0.0011182657142857144,28,1,0.0,0.0,0.0,0.0,0.0,0.53698999,1.645
169.22794208999997,0.22266834485526313,0.0011182657142857144,28,1,0.0,0.0,0.0,0.0,0.0,0.54288399,1.46
169.22794208999997,0.21835863495483868,0.0011182657142857144,28,1,0.0,0.0,0.0,0.0,0.0,0.54780298,1.2
169.22794208999997,0.2142125849240506,0.0011182657142857144,28,1,0.0,0.0,0.0,0.0,0.0,0.54791802,0.9600000599999999
169.22794208999997,0.21153492761249995,0.0011182657142857144,28,1,0.0,0.0,0.0,0.0,0.0,0.55781901,0.869999975
169.22794208999997,0.3076871674363636,0.0011182657142857144,28,-1,0.0,0.0,0.0,0.0,0.0,0.58328599,0.43000001
169.22794208999997,0.29430946450434775,0.0011182657142857144,28,-1,0.0,0.0,0.0,0.0,0.0,0.557464,0.66999999
169.22794208999997,0.28204657014999995,0.0011182657142857144,28,-1,0.0,0.0,0.0,0.0,0.0,0.540959,1.065
169.22794208999997,0.27294829369354834,0.0011182657142857144,28,-1,0.0,0.0,0.0,0.0,0.0,0.52708501,1.495
169.22794208999997,0.27076470734399993,0.0011182657142857144,28,-1,0.0,0.0,0.0,0.0,0.0,0.52999401,1.6600000000000001
169.22794208999997,0.26441865951562493,0.0011182657142857144,28,-1,0.0,0.0,0.0,0.0,0.0,0.51914603,2.09000005
169.22794208999997,0.26236890246511624,0.0011182657142857144,28,-1,0.0,0.0,0.0,0.0,0.0,0.51690203,2.25999995
169.22794208999997,0.2603506801384615,0.0011182657142857144,28,-1,0.0,0.0,0.0,0.0,0.0,0.51617801,2.45000005
169.22794208999997,0.2564059728636363,0.0011182657142857144,28,-1,0.0,0.0,0.0,0.0,0.0,0.512514,2.84500005
169.22794208999997,0.254478108406015,0.0011182657142857144,28,-1,0.0,0.0,0.0,0.0,0.0,0.513062,3.07500005
169.22794208999997,0.25070806235555554,0.0011182657142857144,28,-1,0.0,0.0,0.0,0.0,0.0,0.51189703,3.54999995
169.22794208999997,0.24886462072058818,0.0011182657142857144,28,-1,0.0,0.0,0.0,0.0,0.0,0.51422799,3.82500005
169.22794208999997,0.2470480906423357,0.0011182657142857144,28,-1,0.0,0.0,0.0,0.0,0.0,0.51187801,4.07500005
177.53147267,0.24829576597202796,0.0012057942857142856,32,1,0.0,0.0,0.0,0.0,0.0,0.51879901,4.32500005
177.53147267,0.24657148981944443,0.0012057942857142856,32,1,0.0,0.0,0.0,0.0,0.0,0.51328802,4.04999995
177.53147267,0.2431937981780822,0.0012057942857142856,32,1,0.0,0.0,0.0,0.0,0.0,0.51686901,3.65
177.53147267,0.2399073955,0.0012057942857142856,32,1,0.0,0.0,0.0,0.0,0.0,0.498871,3.105
177.53147267,0.23670863022666666,0.0012057942857142856,32,1,0.0,0.0,0.0,0.0,0.0,0.51587498,2.885
177.53147267,0.2219143408375,0.0012057942857142856,32,1,0.0,0.0,0.0,0.0,0.0,0.54279101,1.70999995
177.53147267,0.20886055608235293,0.0012057942857142856,32,1,0.0,0.0,0.0,0.0,0.0,0.54215503,0.8799999949999999
177.53147267,0.27312534256923077,0.0012057942857142856,32,-1,0.0,0.0,0.0,0.0,0.0,0.51882702,1.73
177.53147267,0.2689870798030303,0.0012057942857142856,32,-1,0.0,0.0,0.0,0.0,0.0,0.50198197,1.92500005
177.53147267,0.2649723472686567,0.0012057942857142856,32,-1,0.0,0.0,0.0,0.0,0.0,0.54561102,2.5949999999999998
177.53147267,0.2536163895285714,0.0012057942857142856,32,-1,0.0,0.0,0.0,0.0,0.0,0.51410198,3.625
177.53147267,0.25004432770422536,0.0012057942857142856,32,-1,0.0,0.0,0.0,0.0,0.0,0.49354801,3.95000005
177.53147267,0.24153941859863945,0.0012057942857142856,32,-1,0.0,0.0,0.0,0.0,0.0,0.508237,5.4749999
180.11700315000002,0.23391818590909094,0.0012049299999999999,31,1,0.0,0.0,0.0,0.0,0.0,0.52569002,2.6
180.11700315000002,0.2591611556115108,0.0012049299999999999,31,-1,0.0,0.0,0.0,0.0,0.0,0.50083399,2.86500005
175.5177422,0.26002628474074074,0.001187355,30,1,0.0,0.0,0.0,0.0,0.0,0.54771203,6.04999995
175.5177422,0.2507396317142857,0.001187355,30,1,0.0,0.0,0.0,0.0,0.0,0.52780402,4.54999995
175.5177422,0.2489613364539007,0.001187355,30,1,0.0,0.0,0.0,0.0,0.0,0.52984703,4.32500005
175.5177422,0.2064914614117647,0.001187355,30,1,0.0,0.0,0.0,0.0,0.0,0.60475802,0.97499994
175.5177422,0.24209343751724136,0.001187355,30,-1,0.0,0.0,0.0,0.0,0.0,0.53994,5.4250002
176.83536830999998,0.2526219547285714,0.0011712389285714287,29,1,0.0,0.0,0.0,0.0,0.0,0.50459999,4.54999995
176.83536830999998,0.2389667139324324,0.0011712389285714287,29,1,0.0,0.0,0.0,0.0,0.0,0.4878,2.6750000500000004
176.83536830999998,0.22104421038749997,0.0011712389285714287,29,1,0.0,0.0,0.0,0.0,0.0,0.49998701,1.185000005
176.83536830999998,0.32151885147272724,0.0011712389285714287,29,-1,0.0,0.0,0.0,0.0,0.0,0.61135101,0.32500000500000004
176.83536830999998,0.29472561384999996,0.0011712389285714287,29,-1,0.0,0.0,0.0,0.0,0.0,0.56550598,0.76999998
176.83536830999998,0.25628314247826084,0.0011712389285714287,29,-1,0.0,0.0,0.0,0.0,0.0,0.499605,2.99
175.59232480999998,0.24387822890277774,0.0011399228571428572,28,1,0.0,0.0,0.0,0.0,0.0,0.421893,2.68500005
175.59232480999998,0.2405374312465753,0.0011399228571428572,28,1,0.0,0.0,0.0,0.0,0.0,0.40865499,2.19500005
175.59232480999998,0.23728692541891888,0.0011399228571428572,28,1,0.0,0.0,0.0,0.0,0.0,0.41908601,1.9300000000000002
175.59232480999998,0.2295324507320261,0.0011399228571428572,28,1,0.0,0.0,0.0,0.0,0.0,0.414428,1.21499995
175.59232480999998,0.21949040601249997,0.0011399228571428572,28,1,0.0,0.0,0.0,0.0,0.0,0.41123,0.59499998
175.59232480999998,0.2926538746833333,0.0011399228571428572,28,-1,0.0,0.0,0.0,0.0,0.0,0.468523,0.42000000000000004
175.59232480999998,0.2832134271129032,0.0011399228571428572,28,-1,0.0,0.0,0.0,0.0,0.0,0.45986199,0.670000005
175.59232480999998,0.274363007515625,0.0011399228571428572,28,-1,0.0,0.0,0.0,0.0,0.0,0.42438099,0.8850000100000001
175.59232480999998,0.25084617829999994,0.0011399228571428572,28,-1,0.0,0.0,0.0,0.0,0.0,0.41181999,2.8899999999999997
175.59232480999998,0.24558367106293705,0.0011399228571428572,28,-1,0.0,0.0,0.0,0.0,0.0,0.38842201,3.5
174.32442044,0.24211725061111114,0.0012205057142857143,32,1,0.0,0.0,0.0,0.0,0.0,0.40696299,2.495
174.32442044,0.24044747646896553,0.0012205057142857143,32,1,0.0,0.0,0.0,0.0,0.0,0.408409,2.3199999
174.32442044,0.23880057594520548,0.0012205057142857143,32,1,0.0,0.0,0.0,0.0,0.0,0.40599501,2.12499995
174.32442044,0.23399251065771814,0.0012205057142857143,32,1,0.0,0.0,0.0,0.0,0.0,0.40739399,1.66999995
167.26393336,0.2515247118195489,0.0012885935714285715,31,1,0.0,0.0,0.0,0.0,0.0,0.417905,3.625
167.26393336,0.2496476617313433,0.0012885935714285715,31,1,0.0,0.0,0.0,0.0,0.0,0.414635,3.3499999
167.26393336,0.24597637258823532,0.0012885935714285715,31,1,0.0,0.0,0.0,0.0,0.0,0.40927801,2.8450000500000003
167.26393336,0.2441809246131387,0.0012885935714285715,31,1,0.0,0.0,0.0,0.0,0.0,0.411625,2.6500000999999997
167.26393336,0.23894847622857143,0.0012885935714285715,31,1,0.0,0.0,0.0,0.0,0.0,0.41226,2.08499995
167.26393336,0.23725380618439718,0.0012885935714285715,31,1,0.0,0.0,0.0,0.0,0.0,0.403779,1.8550000500000001
167.26393336,0.22912867583561644,0.0012885935714285715,31,1,0.0,0.0,0.0,0.0,0.0,0.41367701,1.23999995
167.26393336,0.22603234237837838,0.0012885935714285715,31,1,0.0,0.0,0.0,0.0,0.0,0.44996801,1.25000001
167.26393336,0.2787732222666667,0.0012885935714285715,31,-1,0.0,0.0,0.0,0.0,0.0,0.443638,0.85499999
167.26393336,0.2697805376774194,0.0012885935714285715,31,-1,0.0,0.0,0.0,0.0,0.0,0.432547,1.2799999999999998
170.49584646,0.2470954296521739,0.0012610192857142857,30,1,0.0,0.0,0.0,0.0,0.0,0.40090799,2.93999995
170.49584646,0.24531776469064748,0.0012610192857142857,30,1,0.0,0.0,0.0,0.0,0.0,0.389608,2.63
170.49584646,0.24356549494285715,0.0012610192857142857,30,1,0.0,0.0,0.0,0.0,0.0,0.39970699,2.5
170.49584646,0.2335559540547945,0.0012610192857142857,30,1,0.0,0.0,0.0,0.0,0.0,0.40141001,1.5
170.49584646,0.24356549494285715,0.0012610192857142857,30,-1,0.0,0.0,0.0,0.0,0.0,0.38889599,3.85
173.05651607,0.25449487657352937,0.0011918721428571429,29,1,0.0,0.0,0.0,0.0,0.0,0.40837601,4.025
173.05651607,0.24722359438571426,0.0011918721428571429,29,1,0.0,0.0,0.0,0.0,0.0,0.39492601,2.9049999499999997
173.05651607,0.2370637206438356,0.0011918721428571429,29,1,0.0,0.0,0.0,0.0,0.0,0.39252701,1.7349999999999999
178.12813355,0.2544687622142857,0.0011719492857142858,28,1,0.0,0.0,0.0,0.0,0.0,0.39695299,3.97500005
178.12813355,0.24740018548611112,0.0011719492857142858,28,1,0.0,0.0,0.0,0.0,0.0,0.38857499,2.89
178.12813355,0.24401114184931508,0.0011719492857142858,28,1,0.0,0.0,0.0,0.0,0.0,0.386455,2.43999995
178.12813355,0.23437912309210526,0.0011719492857142858,28,1,0.0,0.0,0.0,0.0,0.0,0.396707,1.5
178.12813355,0.29688022258333335,0.0011719492857142858,28,-1,0.0,0.0,0.0,0.0,0.0,0.439551,0.259999995
178.12813355,0.28730344120967743,0.0011719492857142858,28,-1,0.0,0.0,0.0,0.0,0.0,0.413661,0.38000001
170.59528994000001,0.21324411242500002,0.0010065025,32,1,0.0,0.0,0.0,0.0,0.0,0.47126299,0.699999985
170.59528994000001,0.25847771203030306,0.0010065025,32,-1,0.0,0.0,0.0,0.0,0.0,0.40076301,2.06499995
170.59528994000001,0.25653427058646616,0.0010065025,32,-1,0.0,0.0,0.0,0.0,0.0,0.402118,2.2800000000000002
170.59528994000001,0.24370755705714287,0.0010065025,32,-1,0.0,0.0,0.0,0.0,0.0,0.39486599,3.9999998999999997
169.42682905,0.21178353631250002,0.00095048,31,1,0.0,0.0,0.0,0.0,0.0,0.49255601,0.685000005
169.42682905,0.1882520322777778,0.00095048,31,1,0.0,0.0,0.0,0.0,0.0,0.60904098,0.339999995
160.05428106,0.24250648645454545,0.00098406375,30,1,0.0,0.0,0.0,0.0,0.0,0.489178,2.86000005
160.05428106,0.200067851325,0.00098406375,30,1,0.0,0.0,0.0,0.0,0.0,0.59369701,0.57499999
160.05428106,0.32010856212,0.00098406375,30,-1,0.0,0.0,0.0,0.0,0.0,0.636024,0.39499998000000003
160.05428106,0.29100778374545455,0.00098406375,30,-1,0.0,0.0,0.0,0.0,0.0,0.55415702,0.810000005
160.05428106,0.2667571351,0.00098406375,30,-1,0.0,0.0,0.0,0.0,0.0,0.51111698,1.875
178.67507269,0.25165503195774647,0.0009489,28,1,0.0,0.0,0.0,0.0,0.0,0.51891398,4.375
178.67507269,0.24476037354794522,0.0009489,28,1,0.0,0.0,0.0,0.0,0.0,0.51110399,3.4
178.67507269,0.24145280093243243,0.0009489,28,1,0.0,0.0,0.0,0.0,0.0,0.49493101,2.875
178.67507269,0.21020596787058823,0.0009489,28,1,0.0,0.0,0.0,0.0,0.0,0.58322299,0.9200000049999999
178.67507269,0.18807902388421052,0.0009489,28,1,0.0,0.0,0.0,0.0,0.0,0.73734301,0.629999995
178.67507269,0.25894938071014495,0.0009489,28,-1,0.0,0.0,0.0,0.0,0.0,0.45684201,2.42499995
189.98676853999999,0.18998676854,0.0009882948571428571,32,1,0.0,0.0,0.0,0.0,0.0,0.74468201,1.0350000050000001
189.98676853999999,0.18093977956190474,0.0009882948571428571,32,1,0.0,0.0,0.0,0.0,0.0,0.79044503,0.840000005
189.98676853999999,0.1727152441272727,0.0009882948571428571,32,1,0.0,0.0,0.0,0.0,0.0,0.81744599,0.640000015
189.98676853999999,0.2922873362153846,0.0009882948571428571,32,1,0.0,0.0,0.0,0.0,0.0,0.58570802,12.575
189.98676853999999,0.2814618793185185,0.0009882948571428571,32,1,0.0,0.0,0.0,0.0,0.0,0.57768399,10.6
189.98676853999999,0.2714096693428571,0.0009882948571428571,32,1,0.0,0.0,0.0,0.0,0.0,0.58190101,8.875
189.98676853999999,0.26205071522758616,0.0009882948571428571,32,1,0.0,0.0,0.0,0.0,0.0,0.57462198,7.25
189.98676853999999,0.25331569138666665,0.0009882948571428571,32,1,0.0,0.0,0.0,0.0,0.0,0.582937,5.95000005
189.98676853999999,0.24514421747096773,0.0009882948571428571,32,1,0.0,0.0,0.0,0.0,0.0,0.591515,4.8499999
189.98676853999999,0.23748346067499998,0.0009882948571428571,32,1,0.0,0.0,0.0,0.0,0.0,0.60505098,3.9750001500000005
189.98676853999999,0.22351384534117646,0.0009882948571428571,32,1,0.0,0.0,0.0,0.0,0.0,0.63677299,2.71000005
189.98676853999999,0.2110964094888889,0.0009882948571428571,32,1,0.0,0.0,0.0,0.0,0.0,0.67151302,1.90000005
189.98676853999999,0.1999860721473684,0.0009882948571428571,32,1,0.0,0.0,0.0,0.0,0.0,0.71582299,1.4249999999999998
189.98676853999999,0.5845746724307692,0.0009882948571428571,32,-1,0.0,0.0,0.0,0.0,0.0,1.5810961,0.305000005
189.98676853999999,0.37997353708,0.0009882948571428571,32,-1,0.0,0.0,0.0,0.0,0.0,0.73505503,0.12999999950000002
189.98676853999999,0.3454304882545454,0.0009882948571428571,32,-1,0.0,0.0,0.0,0.0,0.0,0.69031698,0.29999999499999996
189.98676853999999,0.33041177137391303,0.0009882948571428571,32,-1,0.0,0.0,0.0,0.0,0.0,0.63776898,0.36
189.98676853999999,0.3166446142333333,0.0009882948571428571,32,-1,0.0,0.0,0.0,0.0,0.0,0.62062401,0.544999985
189.98676853999999,0.30397882966399997,0.0009882948571428571,32,-1,0.0,0.0,0.0,0.0,0.0,0.59340101,0.7599999900000001
189.98676853999999,0.2922873362153846,0.0009882948571428571,32,-1,0.0,0.0,0.0,0.0,0.0,0.58368701,1.14000005
189.98676853999999,0.2814618793185185,0.0009882948571428571,32,-1,0.0,0.0,0.0,0.0,0.0,0.57218099,1.6400000000000001
189.98676853999999,0.2714096693428571,0.0009882948571428571,32,-1,0.0,0.0,0.0,0.0,0.0,0.57322901,2.385
189.98676853999999,0.26205071522758616,0.0009882948571428571,32,-1,0.0,0.0,0.0,0.0,0.0,0.57159501,3.3000000500000004
189.98676853999999,0.25331569138666665,0.0009882948571428571,32,-1,0.0,0.0,0.0,0.0,0.0,0.574458,4.45000005
189.98676853999999,0.24514421747096773,0.0009882948571428571,32,-1,0.0,0.0,0.0,0.0,0.0,0.59152102,5.9250002
189.98676853999999,0.23748346067499998,0.0009882948571428571,32,-1,0.0,0.0,0.0,0.0,0.0,0.59945703,7.5
189.98676853999999,0.22351384534117646,0.0009882948571428571,32,-1,0.0,0.0,0.0,0.0,0.0,0.62317199,11.175
182.00642926999998,0.18200642927,0.0009943882857142857,31,1,0.0,0.0,0.0,0.0,0.0,0.704005,0.49000001000000004
182.00642926999998,0.17333945644761903,0.0009943882857142857,31,1,0.0,0.0,0.0,0.0,0.0,0.77779597,0.47000001
182.00642926999998,0.16546039024545453,0.0009943882857142857,31,1,0.0,0.0,0.0,0.0,0.0,0.79328102,0.325
182.00642926999998,0.28000989118461533,0.0009943882857142857,31,1,0.0,0.0,0.0,0.0,0.0,0.54061002,9.625
182.00642926999998,0.26963915447407405,0.0009943882857142857,31,1,0.0,0.0,0.0,0.0,0.0,0.51963198,7.70000005
182.00642926999998,0.26000918467142853,0.0009943882857142857,31,1,0.0,0.0,0.0,0.0,0.0,0.52366501,6.1500001
182.00642926999998,0.2510433507172414,0.0009943882857142857,31,1,0.0,0.0,0.0,0.0,0.0,0.52087098,4.77499985
182.00642926999998,0.24267523902666666,0.0009943882857142857,31,1,0.0,0.0,0.0,0.0,0.0,0.52999997,3.7250000500000002
182.00642926999998,0.2348470055096774,0.0009943882857142857,31,1,0.0,0.0,0.0,0.0,0.0,0.53402698,2.84000005
182.00642926999998,0.2275080365875,0.0009943882857142857,31,1,0.0,0.0,0.0,0.0,0.0,0.545591,2.19500005
182.00642926999998,0.21412521090588232,0.0009943882857142857,31,1,0.0,0.0,0.0,0.0,0.0,0.577797,1.365
182.00642926999998,0.20222936585555554,0.0009943882857142857,31,1,0.0,0.0,0.0,0.0,0.0,0.61948699,0.91999999
182.00642926999998,0.19158571502105262,0.0009943882857142857,31,1,0.0,0.0,0.0,0.0,0.0,0.66693503,0.675000015
182.00642926999998,0.33092078049090906,0.0009943882857142857,31,-1,0.0,0.0,0.0,0.0,0.0,0.63107198,0.300000005
182.00642926999998,0.3033440487833333,0.0009943882857142857,31,-1,0.0,0.0,0.0,0.0,0.0,0.54708397,0.534999995
182.00642926999998,0.29121028683199995,0.0009943882857142857,31,-1,0.0,0.0,0.0,0.0,0.0,0.51713598,0.77000001
182.00642926999998,0.28000989118461533,0.0009943882857142857,31,-1,0.0,0.0,0.0,0.0,0.0,0.50415802,1.195
182.00642926999998,0.26963915447407405,0.0009943882857142857,31,-1,0.0,0.0,0.0,0.0,0.0,0.49617499,1.8199999999999998
182.00642926999998,0.26000918467142853,0.0009943882857142857,31,-1,0.0,0.0,0.0,0.0,0.0,0.49980399,2.745
182.00642926999998,0.2510433507172414,0.0009943882857142857,31,-1,0.0,0.0,0.0,0.0,0.0,0.50199699,3.8999999499999998
182.00642926999998,0.24267523902666666,0.0009943882857142857,31,-1,0.0,0.0,0.0,0.0,0.0,0.50830901,5.32500005
182.00642926999998,0.2348470055096774,0.0009943882857142857,31,-1,0.0,0.0,0.0,0.0,0.0,0.51575297,6.9749999
182.00642926999998,0.2275080365875,0.0009943882857142857,31,-1,0.0,0.0,0.0,0.0,0.0,0.525213,8.8249998
177.15855962,0.17715855962000002,0.000957448,30,1,0.0,0.0,0.0,0.0,0.0,0.72947001,0.38000001
177.15855962,0.16872243773333334,0.000957448,30,1,0.0,0.0,0.0,0.0,0.0,0.746939,0.250000005
177.15855962,0.16105323601818183,0.000957448,30,1,0.0,0.0,0.0,0.0,0.0,0.77298999,0.18
177.15855962,0.29526426603333333,0.000957448,30,1,0.0,0.0,0.0,0.0,0.0,0.51648998,11.75
177.15855962,0.27255163018461537,0.000957448,30,1,0.0,0.0,0.0,0.0,0.0,0.48413,7.60000015
177.15855962,0.26245712536296295,0.000957448,30,1,0.0,0.0,0.0,0.0,0.0,0.52558798,6.22500015
177.15855962,0.2530836566,0.000957448,30,1,0.0,0.0,0.0,0.0,0.0,0.52584398,4.82500005
177.15855962,0.2443566339586207,0.000957448,30,1,0.0,0.0,0.0,0.0,0.0,0.512321,3.54999995
177.15855962,0.23621141282666666,0.000957448,30,1,0.0,0.0,0.0,0.0,0.0,0.52480698,2.71000005
177.15855962,0.22859168983225808,0.000957448,30,1,0.0,0.0,0.0,0.0,0.0,0.54274601,2.1
177.15855962,0.221448199525,0.000957448,30,1,0.0,0.0,0.0,0.0,0.0,0.55672902,1.6099999999999999
177.15855962,0.20842183484705884,0.000957448,30,1,0.0,0.0,0.0,0.0,0.0,0.587246,0.97
177.15855962,0.19684284402222224,0.000957448,30,1,0.0,0.0,0.0,0.0,0.0,0.62480903,0.630000025
177.15855962,0.18648269433684211,0.000957448,30,1,0.0,0.0,0.0,0.0,0.0,0.67731702,0.474999995
177.15855962,0.35431711924000003,0.000957448,30,-1,0.0,0.0,0.0,0.0,0.0,0.68542099,0.1699999995
177.15855962,0.30810184281739134,0.000957448,30,-1,0.0,0.0,0.0,0.0,0.0,0.603495,0.58500001
177.15855962,0.29526426603333333,0.000957448,30,-1,0.0,0.0,0.0,0.0,0.0,0.56930602,0.81999999
177.15855962,0.283453695392,0.000957448,30,-1,0.0,0.0,0.0,0.0,0.0,0.55337298,1.24
177.15855962,0.27255163018461537,0.000957448,30,-1,0.0,0.0,0.0,0.0,0.0,0.537552,1.8150001
177.15855962,0.26245712536296295,0.000957448,30,-1,0.0,0.0,0.0,0.0,0.0,0.51352799,2.5149999999999997
177.15855962,0.2530836566,0.000957448,30,-1,0.0,0.0,0.0,0.0,0.0,0.51845002,3.65
177.15855962,0.2443566339586207,0.000957448,30,-1,0.0,0.0,0.0,0.0,0.0,0.51696998,4.9749999
177.15855962,0.23621141282666666,0.000957448,30,-1,0.0,0.0,0.0,0.0,0.0,0.521671,6.5749998
181.36004665000002,0.18136004665000002,0.0009017331428571429,29,1,0.0,0.0,0.0,0.0,0.0,0.68174601,0.345
181.36004665000002,0.17272385395238096,0.0009017331428571429,29,1,0.0,0.0,0.0,0.0,0.0,0.719338,0.25499999500000003
181.36004665000002,0.1648727696818182,0.0009017331428571429,29,1,0.0,0.0,0.0,0.0,0.0,0.77972102,0.235
181.36004665000002,0.26868155059259263,0.0009017331428571429,29,1,0.0,0.0,0.0,0.0,0.0,0.48794499,7.1750002
181.36004665000002,0.25908578092857143,0.0009017331428571429,29,1,0.0,0.0,0.0,0.0,0.0,0.48513001,5.54999995
181.36004665000002,0.25015178848275865,0.0009017331428571429,29,1,0.0,0.0,0.0,0.0,0.0,0.48254099,4.17499995
181.36004665000002,0.24181339553333336,0.0009017331428571429,29,1,0.0,0.0,0.0,0.0,0.0,0.48611,3.1000000500000002
181.36004665000002,0.23401296341935485,0.0009017331428571429,29,1,0.0,0.0,0.0,0.0,0.0,0.49599701,2.30499995
181.36004665000002,0.2267000583125,0.0009017331428571429,29,1,0.0,0.0,0.0,0.0,0.0,0.51089901,1.7349999999999999
181.36004665000002,0.2133647607647059,0.0009017331428571429,29,1,0.0,0.0,0.0,0.0,0.0,0.54941601,1.04000005
181.36004665000002,0.20151116294444446,0.0009017331428571429,29,1,0.0,0.0,0.0,0.0,0.0,0.593045,0.674999985
181.36004665000002,0.1909053122631579,0.0009017331428571429,29,1,0.0,0.0,0.0,0.0,0.0,0.62999201,0.44499999
181.36004665000002,0.36272009330000005,0.0009017331428571429,29,-1,0.0,0.0,0.0,0.0,0.0,0.668531,0.095
181.36004665000002,0.3154087767826087,0.0009017331428571429,29,-1,0.0,0.0,0.0,0.0,0.0,0.58324099,0.349999995
181.36004665000002,0.3022667444166667,0.0009017331428571429,29,-1,0.0,0.0,0.0,0.0,0.0,0.55709797,0.53
181.36004665000002,0.29017607464,0.0009017331428571429,29,-1,0.0,0.0,0.0,0.0,0.0,0.53250402,0.794999985
181.36004665000002,0.2790154563846154,0.0009017331428571429,29,-1,0.0,0.0,0.0,0.0,0.0,0.50880998,1.17500005
181.36004665000002,0.26868155059259263,0.0009017331428571429,29,-1,0.0,0.0,0.0,0.0,0.0,0.492374,1.75
181.36004665000002,0.25908578092857143,0.0009017331428571429,29,-1,0.0,0.0,0.0,0.0,0.0,0.47988999,2.55499995
181.36004665000002,0.25015178848275865,0.0009017331428571429,29,-1,0.0,0.0,0.0,0.0,0.0,0.47395501,3.65
181.36004665000002,0.24181339553333336,0.0009017331428571429,29,-1,0.0,0.0,0.0,0.0,0.0,0.48058701,5.0999999
181.36004665000002,0.2267000583125,0.0009017331428571429,29,-1,0.0,0.0,0.0,0.0,0.0,0.50662702,8.75
179.84353358,0.17984353358000002,0.0008853834285714285,28,1,0.0,0.0,0.0,0.0,0.0,0.66674399,0.25
179.84353358,0.16349412143636366,0.0008853834285714285,28,1,0.0,0.0,0.0,0.0,0.0,0.76950097,0.175
179.84353358,0.27668235935384616,0.0008853834285714285,28,1,0.0,0.0,0.0,0.0,0.0,0.48731399,8.4499998
179.84353358,0.266434864562963,0.0008853834285714285,28,1,0.0,0.0,0.0,0.0,0.0,0.461043,6.47500015
179.84353358,0.2569193336857143,0.0008853834285714285,28,1,0.0,0.0,0.0,0.0,0.0,0.46109501,4.89999985
179.84353358,0.2480600463172414,0.0008853834285714285,28,1,0.0,0.0,0.0,0.0,0.0,0.45831701,3.57500005
179.84353358,0.23979137810666667,0.0008853834285714285,28,1,0.0,0.0,0.0,0.0,0.0,0.46419799,2.5849998999999997
179.84353358,0.23205617236129034,0.0008853834285714285,28,1,0.0,0.0,0.0,0.0,0.0,0.47940701,1.9
179.84353358,0.224804416975,0.0008853834285714285,28,1,0.0,0.0,0.0,0.0,0.0,0.49600399,1.405
179.84353358,0.21158062774117647,0.0008853834285714285,28,1,0.0,0.0,0.0,0.0,0.0,0.53481799,0.81
179.84353358,0.19982614842222224,0.0008853834285714285,28,1,0.0,0.0,0.0,0.0,0.0,0.58546501,0.534999995
179.84353358,0.1893089827157895,0.0008853834285714285,28,1,0.0,0.0,0.0,0.0,0.0,0.64794898,0.415000005
179.84353358,0.35968706716000004,0.0008853834285714285,28,-1,0.0,0.0,0.0,0.0,0.0,0.688371,0.1150000055
179.84353358,0.3269882428727273,0.0008853834285714285,28,-1,0.0,0.0,0.0,0.0,0.0,0.62023401,0.254999995
179.84353358,0.29973922263333336,0.0008853834285714285,28,-1,0.0,0.0,0.0,0.0,0.0,0.54475701,0.514999985
179.84353358,0.28774965372800004,0.0008853834285714285,28,-1,0.0,0.0,0.0,0.0,0.0,0.51077998,0.7450000050000001
179.84353358,0.27668235935384616,0.0008853834285714285,28,-1,0.0,0.0,0.0,0.0,0.0,0.484622,1.11499995
179.84353358,0.266434864562963,0.0008853834285714285,28,-1,0.0,0.0,0.0,0.0,0.0,0.46621501,1.69
179.84353358,0.2569193336857143,0.0008853834285714285,28,-1,0.0,0.0,0.0,0.0,0.0,0.46622401,2.62
179.84353358,0.2480600463172414,0.0008853834285714285,28,-1,0.0,0.0,0.0,0.0,0.0,0.46065301,3.7749999499999998
179.84353358,0.23205617236129034,0.0008853834285714285,28,-1,0.0,0.0,0.0,0.0,0.0,0.46804699,7.0
179.84353358,0.224804416975,0.0008853834285714285,28,-1,0.0,0.0,0.0,0.0,0.0,0.49419799,9.0749998
183.74669017,0.27424879129850743,0.0009176122857142857,32,1,0.0,0.0,0.0,0.0,0.0,0.50442898,8.5250001
183.74669017,0.27221731877037036,0.0009176122857142857,32,1,0.0,0.0,0.0,0.0,0.0,0.483403,8.0250001
183.74669017,0.24830633806756755,0.0009176122857142857,32,1,0.0,0.0,0.0,0.0,0.0,0.48884299,4.2249999
183.74669017,0.2466398525771812,0.0009176122857142857,32,1,0.0,0.0,0.0,0.0,0.0,0.480768,3.92499995
183.74669017,0.2449955868933333,0.0009176122857142857,32,1,0.0,0.0,0.0,0.0,0.0,0.46877199,3.5999999
183.74669017,0.2296833627125,0.0009176122857142857,32,1,0.0,0.0,0.0,0.0,0.0,0.469082,1.8900000000000001
183.74669017,0.20416298907777777,0.0009176122857142857,32,1,0.0,0.0,0.0,0.0,0.0,0.52191299,0.60499999
183.74669017,0.28052929796946563,0.0009176122857142857,32,-1,0.0,0.0,0.0,0.0,0.0,0.57647699,1.67000006
181.60865535,0.2454171018243243,0.0008986925714285713,31,1,0.0,0.0,0.0,0.0,0.0,0.42419001,3.125
181.60865535,0.23895875703947367,0.0008986925714285713,31,1,0.0,0.0,0.0,0.0,0.0,0.42686701,2.37
181.60865535,0.2270108191875,0.0008986925714285713,31,1,0.0,0.0,0.0,0.0,0.0,0.458933,1.4849999999999999
181.60865535,0.26320094978260866,0.0008986925714285713,31,-1,0.0,0.0,0.0,0.0,0.0,0.42200699,1.855
181.60865535,0.2539981193706294,0.0008986925714285713,31,-1,0.0,0.0,0.0,0.0,0.0,0.41376099,2.7950001
181.60865535,0.2522342435416667,0.0008986925714285713,31,-1,0.0,0.0,0.0,0.0,0.0,0.410229,3.0
181.60865535,0.25049469703448274,0.0008986925714285713,31,-1,0.0,0.0,0.0,0.0,0.0,0.437408,3.4750000500000002
181.60865535,0.24877897993150683,0.0008986925714285713,31,-1,0.0,0.0,0.0,0.0,0.0,0.41278401,3.5249999499999998
181.60865535,0.24708660591836734,0.0008986925714285713,31,-1,0.0,0.0,0.0,0.0,0.0,0.42532301,3.9000000999999997
185.85986412,0.25116197854054056,0.0008713585714285714,30,1,0.0,0.0,0.0,0.0,0.0,0.474489,4.3000001
185.85986412,0.24947632767785236,0.0008713585714285714,30,1,0.0,0.0,0.0,0.0,0.0,0.488318,4.17499995
185.85986412,0.24781315216,0.0008713585714285714,30,1,0.0,0.0,0.0,0.0,0.0,0.43930799,3.525
185.85986412,0.23232483015,0.0008713585714285714,30,1,0.0,0.0,0.0,0.0,0.0,0.441488,1.755
185.85986412,0.2794885174736842,0.0008713585714285714,30,-1,0.0,0.0,0.0,0.0,0.0,0.43066901,0.8399999499999999
185.85986412,0.2655140916,0.0008713585714285714,30,-1,0.0,0.0,0.0,0.0,0.0,0.46832201,2.025
188.59455982,0.25145941309333336,0.0008536274285714286,29,1,0.0,0.0,0.0,0.0,0.0,0.449918,4.1500001
188.59455982,0.235743199775,0.0008536274285714286,29,1,0.0,0.0,0.0,0.0,0.0,0.43698299,2.035
188.59455982,0.23283278990123457,0.0008536274285714286,29,1,0.0,0.0,0.0,0.0,0.0,0.445133,1.81
188.59455982,0.27532052528467155,0.0008536274285714286,29,-1,0.0,0.0,0.0,0.0,0.0,0.438483,1.065
187.02832501,0.24937110001333335,0.00081923,28,1,0.0,0.0,0.0,0.0,0.0,0.389496,3.35
187.02832501,0.23977990385897435,0.00081923,28,1,0.0,0.0,0.0,0.0,0.0,0.38878301,2.09
187.02832501,0.2337854062625,0.00081923,28,1,0.0,0.0,0.0,0.0,0.0,0.39944699,1.5550000000000002
187.02832501,0.3117138750166667,0.00081923,28,-1,0.0,0.0,0.0,0.0,0.0,0.556279,0.32499999
187.02832501,0.26718332144285717,0.00081923,28,-1,0.0,0.0,0.0,0.0,0.0,0.39828399,1.234999995
187.02832501,0.26342017607042256,0.00081923,28,-1,0.0,0.0,0.0,0.0,0.0,0.38659599,1.4500000000000002
187.82387285,0.23188132450617283,0.0008791319999999999,31,1,0.0,0.0,0.0,0.0,0.0,0.433817,1.805
187.82387285,0.41738638411111106,0.0008791319999999999,31,-1,0.0,0.0,0.0,0.0,0.0,0.98957199,0.239999995
187.82387285,0.24552140241830064,0.0008791319999999999,31,-1,0.0,0.0,0.0,0.0,0.0,0.39989901,4.0250001
190.43426419999997,0.24414649256410254,0.0008960062857142858,30,1,0.0,0.0,0.0,0.0,0.0,0.43145299,3.0749999499999996
190.43426419999997,0.24105603063291137,0.0008960062857142858,30,1,0.0,0.0,0.0,0.0,0.0,0.43161201,2.68500005
190.43426419999997,0.21159362688888886,0.0008960062857142858,30,1,0.0,0.0,0.0,0.0,0.0,0.48330101,0.670000005
190.43426419999997,0.2800503885294117,0.0008960062857142858,30,-1,0.0,0.0,0.0,0.0,0.0,0.41583899,0.744999995
190.43426419999997,0.24414649256410254,0.0008960062857142858,30,-1,0.0,0.0,0.0,0.0,0.0,0.416713,4.5250001
190.88175986,0.1735288726,0.0008904711428571428,29,1,0.0,0.0,0.0,0.0,0.0,0.67925203,0.2049999995
190.88175986,0.24789838942857143,0.0008904711428571428,29,1,0.0,0.0,0.0,0.0,0.0,0.41210499,3.4499999499999996
190.88175986,0.24629904498064514,0.0008904711428571428,29,1,0.0,0.0,0.0,0.0,0.0,0.38638699,3.0
190.88175986,0.23565649365432098,0.0008904711428571428,29,1,0.0,0.0,0.0,0.0,0.0,0.409264,1.90000005
190.88175986,0.21209084428888889,0.0008904711428571428,29,1,0.0,0.0,0.0,0.0,0.0,0.48246101,0.67500001
190.88175986,0.25450901314666663,0.0008904711428571428,29,-1,0.0,0.0,0.0,0.0,0.0,0.40155599,2.6100000000000003
190.88175986,0.24789838942857143,0.0008904711428571428,29,-1,0.0,0.0,0.0,0.0,0.0,0.40635699,3.625
191.85133379,0.24755010811612904,0.0008806457142857142,28,1,0.0,0.0,0.0,0.0,0.0,0.429115,3.47000005
191.85133379,0.38370266758000005,0.0008806457142857142,28,-1,0.0,0.0,0.0,0.0,0.0,0.75433701,0.090000005
191.85133379,0.24915757635064936,0.0008806457142857142,28,-1,0.0,0.0,0.0,0.0,0.0,0.38248801,3.205
191.85133379,0.24755010811612904,0.0008806457142857142,28,-1,0.0,0.0,0.0,0.0,0.0,0.39784801,3.6
191.85133379,0.24596324844871797,0.0008806457142857142,28,-1,0.0,0.0,0.0,0.0,0.0,0.409491,3.9749999
189.26580331,0.25235440441333334,0.0008458300000000001,32,1,0.0,0.0,0.0,0.0,0.0,0.403999,4.1999999500000005
189.26580331,0.2442139397548387,0.0008458300000000001,32,1,0.0,0.0,0.0,0.0,0.0,0.409401,3.07000005
189.26580331,0.2280310883253012,0.0008458300000000001,32,1,0.0,0.0,0.0,0.0,0.0,0.39451101,1.24
189.26580331,0.2703797190142857,0.0008458300000000001,32,-1,0.0,0.0,0.0,0.0,0.0,0.377312,1.0650000149999999
189.26580331,0.25068318319205296,0.0008458300000000001,32,-1,0.0,0.0,0.0,0.0,0.0,0.376288,3.06000005
189.26580331,0.2490339517236842,0.0008458300000000001,32,-1,0.0,0.0,0.0,0.0,0.0,0.386078,3.4
188.1967859,0.2295082754878049,0.00079232,31,1,0.0,0.0,0.0,0.0,0.0,0.477981,1.93000005
186.10847282,0.24814463042666668,0.0007566399999999999,30,1,0.0,0.0,0.0,0.0,0.0,0.422892,3.2250000500000002
182.87655972,0.25224353064827587,0.0007298686956521738,29,1,0.0,0.0,0.0,0.0,0.0,0.36399299,3.54999995
182.87655972,0.24383541296,0.0007298686956521738,29,1,0.0,0.0,0.0,0.0,0.0,0.38595,2.5550000500000003
182.87655972,0.25399522183333334,0.0007298686956521738,29,-1,0.0,0.0,0.0,0.0,0.0,0.34073499,2.07500005
182.87655972,0.24547189224161073,0.0007298686956521738,29,-1,0.0,0.0,0.0,0.0,0.0,0.346448,3.375
185.90958586,0.18590958586,0.00072722,28,1,0.0,0.0,0.0,0.0,0.0,0.64086002,0.32499999
185.90958586,0.24787944781333332,0.00072722,28,1,0.0,0.0,0.0,0.0,0.0,0.34916899,2.7749999499999998
185.90958586,0.24301906648366012,0.00072722,28,1,0.0,0.0,0.0,0.0,0.0,0.343207,2.08499995
185.90958586,0.26749580699280573,0.00072722,28,-1,0.0,0.0,0.0,0.0,0.0,0.35172701,0.92
185.90958586,0.24787944781333332,0.00072722,28,-1,0.0,0.0,0.0,0.0,0.0,0.34923699,3.005
185.90958586,0.24623786206622517,0.00072722,28,-1,0.0,0.0,0.0,0.0,0.0,0.35194999,3.29999995
185.90958586,0.24144102059740258,0.00072722,28,-1,0.0,0.0,0.0,0.0,0.0,0.35226101,4.20000005
185.73555976999998,0.1768910093047619,0.000774952,32,1,0.0,0.0,0.0,0.0,0.0,0.59934002,0.160000005
185.73555976999998,0.16885050888181816,0.000774952,32,1,0.0,0.0,0.0,0.0,0.0,0.65051103,0.13999999500000002
185.73555976999998,0.3095592662833333,0.000774952,32,1,0.0,0.0,0.0,0.0,0.0,0.40696499,14.75
185.73555976999998,0.25618697899310344,0.000774952,32,1,0.0,0.0,0.0,0.0,0.0,0.36065,4.27499985
185.73555976999998,0.24764741302666665,0.000774952,32,1,0.0,0.0,0.0,0.0,0.0,0.364959,3.01
185.73555976999998,0.23965878679999997,0.000774952,32,1,0.0,0.0,0.0,0.0,0.0,0.35852,1.95999995
185.73555976999998,0.23216944971249998,0.000774952,32,1,0.0,0.0,0.0,0.0,0.0,0.37886599,1.395
185.73555976999998,0.2185124232588235,0.000774952,32,1,0.0,0.0,0.0,0.0,0.0,0.41399801,0.71000001
185.73555976999998,0.20637284418888888,0.000774952,32,1,0.0,0.0,0.0,0.0,0.0,0.453309,0.400000005
185.73555976999998,0.2857470150307692,0.000774952,32,-1,0.0,0.0,0.0,0.0,0.0,0.39299601,0.47499998
185.73555976999998,0.27516379225185184,0.000774952,32,-1,0.0,0.0,0.0,0.0,0.0,0.38324299,0.845
185.73555976999998,0.2653365139571428,0.000774952,32,-1,0.0,0.0,0.0,0.0,0.0,0.37071401,1.395
185.73555976999998,0.25618697899310344,0.000774952,32,-1,0.0,0.0,0.0,0.0,0.0,0.36034599,2.21000005
185.73555976999998,0.24764741302666665,0.000774952,32,-1,0.0,0.0,0.0,0.0,0.0,0.35892099,3.3999999499999998
185.73555976999998,0.23965878679999997,0.000774952,32,-1,0.0,0.0,0.0,0.0,0.0,0.36663899,4.97500015
185.73555976999998,0.23216944971249998,0.000774952,32,-1,0.0,0.0,0.0,0.0,0.0,0.376353,6.82500005
186.25763804,0.2660823400571428,0.00083774,31,1,0.0,0.0,0.0,0.0,0.0,0.35955799,6.04999995
186.25763804,0.24834351738666666,0.00083774,31,1,0.0,0.0,0.0,0.0,0.0,0.359065,3.04999995
186.25763804,0.24033243618064515,0.00083774,31,1,0.0,0.0,0.0,0.0,0.0,0.36204401,2.04999995
186.25763804,0.23282204755,0.00083774,31,1,0.0,0.0,0.0,0.0,0.0,0.37463301,1.4
186.25763804,0.2191266329882353,0.00083774,31,1,0.0,0.0,0.0,0.0,0.0,0.407276,0.685000005
186.25763804,0.28655021236923073,0.00083774,31,-1,0.0,0.0,0.0,0.0,0.0,0.40450701,0.465000005
186.25763804,0.27593724154074073,0.00083774,31,-1,0.0,0.0,0.0,0.0,0.0,0.378189,0.735000015
186.25763804,0.2660823400571428,0.00083774,31,-1,0.0,0.0,0.0,0.0,0.0,0.371645,1.2850000499999998
186.25763804,0.25690708695172415,0.00083774,31,-1,0.0,0.0,0.0,0.0,0.0,0.355367,2.01499995
186.25763804,0.24834351738666666,0.00083774,31,-1,0.0,0.0,0.0,0.0,0.0,0.35814399,3.20000005
182.15559449,0.36431118898,0.00083643,30,1,0.0,0.0,0.0,0.0,0.0,0.85467201,23.6499995
182.15559449,0.2602222778428571,0.00083643,30,1,0.0,0.0,0.0,0.0,0.0,0.37075099,4.95000005
182.15559449,0.25124909584827587,0.00083643,30,1,0.0,0.0,0.0,0.0,0.0,0.36568001,3.4499999499999996
182.15559449,0.24287412598666666,0.00083643,30,1,0.0,0.0,0.0,0.0,0.0,0.36232999,2.28499995
182.15559449,0.23503947676129033,0.00083643,30,1,0.0,0.0,0.0,0.0,0.0,0.36989,1.51
182.15559449,0.2276944931125,0.00083643,30,1,0.0,0.0,0.0,0.0,0.0,0.380586,0.99500001
182.15559449,0.2143006994,0.00083643,30,1,0.0,0.0,0.0,0.0,0.0,0.42406601,0.515
182.15559449,0.20239510498888888,0.00083643,30,1,0.0,0.0,0.0,0.0,0.0,0.458709,0.27
182.15559449,0.291448951184,0.00083643,30,-1,0.0,0.0,0.0,0.0,0.0,0.41866601,0.350000005
182.15559449,0.28023937613846156,0.00083643,30,-1,0.0,0.0,0.0,0.0,0.0,0.39244801,0.5700000199999999
182.15559449,0.2698601399851852,0.00083643,30,-1,0.0,0.0,0.0,0.0,0.0,0.37284699,0.955000015
182.15559449,0.2602222778428571,0.00083643,30,-1,0.0,0.0,0.0,0.0,0.0,0.359285,1.5899999999999999
182.15559449,0.25124909584827587,0.00083643,30,-1,0.0,0.0,0.0,0.0,0.0,0.36022499,2.63
182.15559449,0.24287412598666666,0.00083643,30,-1,0.0,0.0,0.0,0.0,0.0,0.361105,4.0000001
182.15559449,0.2143006994,0.00083643,30,-1,0.0,0.0,0.0,0.0,0.0,0.464616,12.425
175.94037698999998,0.28150460318399995,0.0009396208695652174,29,1,0.0,0.0,0.0,0.0,0.0,0.48242,9.125
175.94037698999998,0.2706775030615384,0.0009396208695652174,29,1,0.0,0.0,0.0,0.0,0.0,0.43218201,6.92499995
175.94037698999998,0.26065241035555553,0.0009396208695652174,29,1,0.0,0.0,0.0,0.0,0.0,0.362847,4.72500015
175.94037698999998,0.25134339569999997,0.0009396208695652174,29,1,0.0,0.0,0.0,0.0,0.0,0.365978,3.2749999499999998
175.94037698999998,0.2426763820551724,0.0009396208695652174,29,1,0.0,0.0,0.0,0.0,0.0,0.371696,2.19000005
175.94037698999998,0.23458716931999996,0.0009396208695652174,29,1,0.0,0.0,0.0,0.0,0.0,0.38124499,1.44
175.94037698999998,0.22701984127741934,0.0009396208695652174,29,1,0.0,0.0,0.0,0.0,0.0,0.39518601,0.955000015
175.94037698999998,0.21992547123749998,0.0009396208695652174,29,1,0.0,0.0,0.0,0.0,0.0,0.40638,0.6200000050000001
175.94037698999998,0.20698867881176466,0.0009396208695652174,29,1,0.0,0.0,0.0,0.0,0.0,0.45393401,0.335000005
175.94037698999998,0.19548930776666665,0.0009396208695652174,29,1,0.0,0.0,0.0,0.0,0.0,0.49737099,0.194999995
175.94037698999998,0.18520039683157893,0.0009396208695652174,29,1,0.0,0.0,0.0,0.0,0.0,0.54390401,0.13
175.94037698999998,0.29323396165,0.0009396208695652174,29,-1,0.0,0.0,0.0,0.0,0.0,0.43425301,0.329999995
175.94037698999998,0.28150460318399995,0.0009396208695652174,29,-1,0.0,0.0,0.0,0.0,0.0,0.403175,0.53
175.94037698999998,0.2706775030615384,0.0009396208695652174,29,-1,0.0,0.0,0.0,0.0,0.0,0.37995401,0.889999985
175.94037698999998,0.26065241035555553,0.0009396208695652174,29,-1,0.0,0.0,0.0,0.0,0.0,0.36661699,1.52
175.94037698999998,0.25134339569999997,0.0009396208695652174,29,-1,0.0,0.0,0.0,0.0,0.0,0.369784,2.5749999499999996
175.94037698999998,0.2426763820551724,0.0009396208695652174,29,-1,0.0,0.0,0.0,0.0,0.0,0.37349799,3.9750001500000005
175.94037698999998,0.23458716931999996,0.0009396208695652174,29,-1,0.0,0.0,0.0,0.0,0.0,0.37963799,5.70000005
175.94037698999998,0.22701984127741934,0.0009396208695652174,29,-1,0.0,0.0,0.0,0.0,0.0,0.41566801,7.8499999
175.94037698999998,0.21992547123749998,0.0009396208695652174,29,-1,0.0,0.0,0.0,0.0,0.0,0.41338301,9.9250002
175.94037698999998,0.20698867881176466,0.0009396208695652174,29,-1,0.0,0.0,0.0,0.0,0.0,0.55246103,14.975000000000001
172.70846389,0.17270846389,0.0009183095652173913,28,1,0.0,0.0,0.0,0.0,0.0,0.76641703,0.3099999995
172.70846389,0.1644842513238095,0.0009183095652173913,28,1,0.0,0.0,0.0,0.0,0.0,0.80686301,0.2399999945
172.70846389,0.26570532906153843,0.0009183095652173913,28,1,0.0,0.0,0.0,0.0,0.0,0.53102797,6.57500005
172.70846389,0.2558643909481481,0.0009183095652173913,28,1,0.0,0.0,0.0,0.0,0.0,0.40828699,4.17499995
172.70846389,0.24672637698571429,0.0009183095652173913,28,1,0.0,0.0,0.0,0.0,0.0,0.40845099,2.8899999999999997
172.70846389,0.2382185708827586,0.0009183095652173913,28,1,0.0,0.0,0.0,0.0,0.0,0.412716,1.9449999999999998
172.70846389,0.23027795185333333,0.0009183095652173913,28,1,0.0,0.0,0.0,0.0,0.0,0.41351101,1.245
172.70846389,0.22284963082580644,0.0009183095652173913,28,1,0.0,0.0,0.0,0.0,0.0,0.431254,0.85500002
172.70846389,0.21588557986249998,0.0009183095652173913,28,1,0.0,0.0,0.0,0.0,0.0,0.44354701,0.569999995
172.70846389,0.20318642810588233,0.0009183095652173913,28,1,0.0,0.0,0.0,0.0,0.0,0.49533099,0.33000001
172.70846389,0.1918982932111111,0.0009183095652173913,28,1,0.0,0.0,0.0,0.0,0.0,0.55470097,0.229999995
172.70846389,0.34541692778,0.0009183095652173913,28,-1,0.0,0.0,0.0,0.0,0.0,0.58553302,0.0750000005
172.70846389,0.328968502647619,0.0009183095652173913,28,-1,0.0,0.0,0.0,0.0,0.0,0.660353,0.2999999995
172.70846389,0.28784743981666666,0.0009183095652173913,28,-1,0.0,0.0,0.0,0.0,0.0,0.42725301,0.39500001
172.70846389,0.276333542224,0.0009183095652173913,28,-1,0.0,0.0,0.0,0.0,0.0,0.41984901,0.754999995
172.70846389,0.26570532906153843,0.0009183095652173913,28,-1,0.0,0.0,0.0,0.0,0.0,0.38735899,1.1749999999999998
172.70846389,0.2558643909481481,0.0009183095652173913,28,-1,0.0,0.0,0.0,0.0,0.0,0.379455,1.99
172.70846389,0.24672637698571429,0.0009183095652173913,28,-1,0.0,0.0,0.0,0.0,0.0,0.37714899,3.17499995
172.70846389,0.2382185708827586,0.0009183095652173913,28,-1,0.0,0.0,0.0,0.0,0.0,0.37892899,4.72500015
172.70846389,0.23027795185333333,0.0009183095652173913,28,-1,0.0,0.0,0.0,0.0,0.0,0.38636699,6.5999999
172.0372204,0.2457674577142857,0.0009983928571428572,32,1,0.0,0.0,0.0,0.0,0.0,0.35833099,2.53999995
172.0372204,0.2278638680794702,0.0009983928571428572,32,1,0.0,0.0,0.0,0.0,0.0,0.430619,1.3399999949999999
172.0372204,0.25299591235294117,0.0009983928571428572,32,-1,0.0,0.0,0.0,0.0,0.0,0.35555699,2.34000005
172.0372204,0.24932930492753622,0.0009983928571428572,32,-1,0.0,0.0,0.0,0.0,0.0,0.35490799,2.82000005
172.0372204,0.2457674577142857,0.0009983928571428572,32,-1,0.0,0.0,0.0,0.0,0.0,0.350642,3.3249999499999996
172.0372204,0.2440244260992908,0.0009983928571428572,32,-1,0.0,0.0,0.0,0.0,0.0,0.36109,3.6999999499999996
170.19751601999997,0.2836625266999999,0.0009441057142857142,31,1,0.0,0.0,0.0,0.0,0.0,0.42576399,9.0499999
170.19751601999997,0.25402614331343276,0.0009441057142857142,31,1,0.0,0.0,0.0,0.0,0.0,0.36634299,3.67499995
170.19751601999997,0.2502904647352941,0.0009441057142857142,31,1,0.0,0.0,0.0,0.0,0.0,0.36402401,3.125
170.19751601999997,0.24666306669565213,0.0009441057142857142,31,1,0.0,0.0,0.0,0.0,0.0,0.366788,2.6700001
170.19751601999997,0.2397148112957746,0.0009441057142857142,31,1,0.0,0.0,0.0,0.0,0.0,0.37071699,1.9049999499999999
170.19751601999997,0.23803848394405588,0.0009441057142857142,31,1,0.0,0.0,0.0,0.0,0.0,0.39236999,1.9
170.19751601999997,0.2363854389166666,0.0009441057142857142,31,1,0.0,0.0,0.0,0.0,0.0,0.38290799,1.67
170.19751601999997,0.2347551945103448,0.0009441057142857142,31,1,0.0,0.0,0.0,0.0,0.0,0.401315,1.65500005
170.19751601999997,0.22999664327027022,0.0009441057142857142,31,1,0.0,0.0,0.0,0.0,0.0,0.41391999,1.3450000050000002
170.19751601999997,0.21960969809032255,0.0009441057142857142,31,1,0.0,0.0,0.0,0.0,0.0,0.385014,0.555000005
170.19751601999997,0.2618423323384615,0.0009441057142857142,31,-1,0.0,0.0,0.0,0.0,0.0,0.365242,1.43
170.19751601999997,0.25402614331343276,0.0009441057142857142,31,-1,0.0,0.0,0.0,0.0,0.0,0.36312601,2.18500005
170.19751601999997,0.2502904647352941,0.0009441057142857142,31,-1,0.0,0.0,0.0,0.0,0.0,0.37417701,2.7399999
170.19751601999997,0.24666306669565213,0.0009441057142857142,31,-1,0.0,0.0,0.0,0.0,0.0,0.35174599,3.085
172.13666388,0.2459095198285714,0.0009638185714285714,30,1,0.0,0.0,0.0,0.0,0.0,0.355102,2.46500005
172.13666388,0.24416548068085103,0.0009638185714285714,30,1,0.0,0.0,0.0,0.0,0.0,0.35788,2.2749999499999998
172.13666388,0.2424460054647887,0.0009638185714285714,30,1,0.0,0.0,0.0,0.0,0.0,0.36284101,2.11500005
172.13666388,0.23742988121379308,0.0009638185714285714,30,1,0.0,0.0,0.0,0.0,0.0,0.37448099,1.6800000000000002
172.13666388,0.24947342591304345,0.0009638185714285714,30,-1,0.0,0.0,0.0,0.0,0.0,0.34492999,2.60500005
172.13666388,0.2459095198285714,0.0009638185714285714,30,-1,0.0,0.0,0.0,0.0,0.0,0.34375599,3.13
172.13666388,0.2424460054647887,0.0009638185714285714,30,-1,0.0,0.0,0.0,0.0,0.0,0.353879,3.8000000500000004
173.50401173,0.2478628739,0.0009894457142857144,29,1,0.0,0.0,0.0,0.0,0.0,0.35652199,2.6999999
173.50401173,0.24437184750704224,0.0009894457142857144,29,1,0.0,0.0,0.0,0.0,0.0,0.35337499,2.2350000000000003
173.50401173,0.24266295346853148,0.0009894457142857144,29,1,0.0,0.0,0.0,0.0,0.0,0.362369,2.105
173.50401173,0.23767672839726028,0.0009894457142857144,29,1,0.0,0.0,0.0,0.0,0.0,0.372374,1.6549999999999998
173.50401173,0.23133868230666668,0.0009894457142857144,29,1,0.0,0.0,0.0,0.0,0.0,0.37213799,1.109999995
173.50401173,0.2268026297124183,0.0009894457142857144,29,1,0.0,0.0,0.0,0.0,0.0,0.42805699,1.1350000150000001
175.89065525,0.23452087366666668,0.0010026085714285714,28,1,0.0,0.0,0.0,0.0,0.0,0.33218899,1.07
175.89065525,0.22842942240259742,0.0010026085714285714,28,1,0.0,0.0,0.0,0.0,0.0,0.36151901,0.819999985
175.89065525,0.22550084006410256,0.0010026085714285714,28,1,0.0,0.0,0.0,0.0,0.0,0.33167601,0.505
175.89065525,0.20693018264705884,0.0010026085714285714,28,1,0.0,0.0,0.0,0.0,0.0,0.436961,0.265
175.89065525,0.29315109208333334,0.0010026085714285714,28,-1,0.0,0.0,0.0,0.0,0.0,0.51109701,0.5549999995
175.89065525,0.2706010080769231,0.0010026085714285714,28,-1,0.0,0.0,0.0,0.0,0.0,0.35286799,0.7049999849999999
175.89065525,0.25491399311594204,0.0010026085714285714,28,-1,0.0,0.0,0.0,0.0,0.0,0.32934001,1.76
174.00122912999998,0.2503614807625899,0.001102250357142857,32,1,0.0,0.0,0.0,0.0,0.0,0.455769,3.8749998999999997
174.00122912999998,0.24857318447142854,0.001102250357142857,32,1,0.0,0.0,0.0,0.0,0.0,0.381291,3.025
174.00122912999998,0.24681025408510637,0.001102250357142857,32,1,0.0,0.0,0.0,0.0,0.0,0.38278401,2.80999995
174.00122912999998,0.24507215370422533,0.001102250357142857,32,1,0.0,0.0,0.0,0.0,0.0,0.44125101,3.0749999499999996
174.00122912999998,0.24166837379166664,0.001102250357142857,32,1,0.0,0.0,0.0,0.0,0.0,0.397421,2.32000005
174.00122912999998,0.2351367961216216,0.001102250357142857,32,1,0.0,0.0,0.0,0.0,0.0,0.449294,2.055
174.00122912999998,0.23200163883999997,0.001102250357142857,32,1,0.0,0.0,0.0,0.0,0.0,0.47130001,1.9300000000000002
174.00122912999998,0.22307849888461537,0.001102250357142857,32,1,0.0,0.0,0.0,0.0,0.0,0.37103999,0.64999999
174.00122912999998,0.26363822595454545,0.001102250357142857,32,-1,0.0,0.0,0.0,0.0,0.0,0.37109199,1.475
174.00122912999998,0.25217569439130433,0.001102250357142857,32,-1,0.0,0.0,0.0,0.0,0.0,0.408315,2.995
174.00122912999998,0.2433583624195804,0.001102250357142857,32,-1,0.0,0.0,0.0,0.0,0.0,0.36630201,4.0250001
175.64204655,0.24913765468085106,0.001066542857142857,31,1,0.0,0.0,0.0,0.0,0.0,0.38110799,3.07000005
175.64204655,0.243947286875,0.001066542857142857,31,1,0.0,0.0,0.0,0.0,0.0,0.449527,2.9699999
175.64204655,0.25091720935714285,0.001066542857142857,31,-1,0.0,0.0,0.0,0.0,0.0,0.379179,2.915
176.93481179,0.25276401684285715,0.0010665542857142857,30,1,0.0,0.0,0.0,0.0,0.0,0.45231199,4.1750000499999995
176.93481179,0.24746127523076922,0.0010665542857142857,30,1,0.0,0.0,0.0,0.0,0.0,0.430112,3.26499995
176.93481179,0.24404801626206896,0.0010665542857142857,30,1,0.0,0.0,0.0,0.0,0.0,0.40248799,2.6099999499999997
176.93481179,0.24072763508843537,0.0010665542857142857,30,1,0.0,0.0,0.0,0.0,0.0,0.48665801,2.895
176.93481179,0.2391010970135135,0.0010665542857142857,30,1,0.0,0.0,0.0,0.0,0.0,0.44018301,2.3449999999999998
176.93481179,0.19659423532222223,0.0010665542857142857,30,1,0.0,0.0,0.0,0.0,0.0,0.80551302,1.454999995
176.93481179,0.25097136424113475,0.0010665542857142857,30,-1,0.0,0.0,0.0,0.0,0.0,0.38646799,2.885
176.93481179,0.24746127523076922,0.0010665542857142857,30,-1,0.0,0.0,0.0,0.0,0.0,0.431732,3.77499995
176.93481179,0.24574279415277778,0.0010665542857142857,30,-1,0.0,0.0,0.0,0.0,0.0,0.42813799,4.0250001
176.93481179,0.24404801626206896,0.0010665542857142857,30,-1,0.0,0.0,0.0,0.0,0.0,0.410725,4.17499995
176.16412481999998,0.25166303545714286,0.0010798857142857144,29,1,0.0,0.0,0.0,0.0,0.0,0.42074099,3.465
176.16412481999998,0.2481184856619718,0.0010798857142857144,29,1,0.0,0.0,0.0,0.0,0.0,0.39311999,2.775
176.16412481999998,0.23805962813513512,0.0010798857142857144,29,1,0.0,0.0,0.0,0.0,0.0,0.49407399,2.40500005
176.16412481999998,0.25166303545714286,0.0010798857142857144,29,-1,0.0,0.0,0.0,0.0,0.0,0.33432001,2.54999995
176.16412481999998,0.2446723955833333,0.0010798857142857144,29,-1,0.0,0.0,0.0,0.0,0.0,0.300271,3.42499995
174.54816827,0.24412331226573425,0.0010650732142857143,28,1,0.0,0.0,0.0,0.0,0.0,0.405056,2.445
174.54816827,0.2424280114861111,0.0010650732142857143,28,1,0.0,0.0,0.0,0.0,0.0,0.40042299,2.215
174.54816827,0.23748050104761903,0.0010650732142857143,28,1,0.0,0.0,0.0,0.0,0.0,0.39943299,1.6950000100000002
174.54816827,0.23587590306756756,0.0010650732142857143,28,1,0.0,0.0,0.0,0.0,0.0,0.407819,1.60499995
174.54816827,0.23429284331543623,0.0010650732142857143,28,1,0.0,0.0,0.0,0.0,0.0,0.36594999,1.185000005
174.54816827,0.2909136137833333,0.0010650732142857143,28,-1,0.0,0.0,0.0,0.0,0.0,0.51884401,0.684999995
174.54816827,0.2685356434923077,0.0010650732142857143,28,-1,0.0,0.0,0.0,0.0,0.0,0.39309901,1.10500001
174.54816827,0.2511484435539568,0.0010650732142857143,28,-1,0.0,0.0,0.0,0.0,0.0,0.366763,2.62499995
174.54816827,0.24935452609999997,0.0010650732142857143,28,-1,0.0,0.0,0.0,0.0,0.0,0.34527501,2.71500005
174.54816827,0.24584249052112675,0.0010650732142857143,28,-1,0.0,0.0,0.0,0.0,0.0,0.331072,3.15999995
171.91291605,0.2491491536956522,0.0010998278571428572,31,1,0.0,0.0,0.0,0.0,0.0,0.445934,3.5999999000000003
171.91291605,0.2473567137410072,0.0010998278571428572,31,1,0.0,0.0,0.0,0.0,0.0,0.44255501,3.34000005
171.91291605,0.24558988007142857,0.0010998278571428572,31,1,0.0,0.0,0.0,0.0,0.0,0.43531999,3.05999995
171.91291605,0.24384810787234043,0.0010998278571428572,31,1,0.0,0.0,0.0,0.0,0.0,0.405954,2.61499995
171.91291605,0.24043764482517482,0.0010998278571428572,31,1,0.0,0.0,0.0,0.0,0.0,0.44100299,2.505
171.91291605,0.2292172214,0.0010998278571428572,31,1,0.0,0.0,0.0,0.0,0.0,0.468705,1.6400000000000001
171.91291605,0.22326352733766236,0.0010998278571428572,31,1,0.0,0.0,0.0,0.0,0.0,0.45582899,1.1199999950000001
171.91291605,0.18096096426315791,0.0010998278571428572,31,1,0.0,0.0,0.0,0.0,0.0,0.61415702,0.215000005
171.91291605,0.28652152675000003,0.0010998278571428572,31,-1,0.0,0.0,0.0,0.0,0.0,0.41148701,0.4600000045
171.91291605,0.26047411522727276,0.0010998278571428572,31,-1,0.0,0.0,0.0,0.0,0.0,0.39506999,1.815
171.91291605,0.2491491536956522,0.0010998278571428572,31,-1,0.0,0.0,0.0,0.0,0.0,0.41058701,3.275
171.91291605,0.24558988007142857,0.0010998278571428572,31,-1,0.0,0.0,0.0,0.0,0.0,0.43606001,4.025
172.36041171,0.2480005923884892,0.0010880542857142858,30,1,0.0,0.0,0.0,0.0,0.0,0.445081,3.45000005
172.36041171,0.24622915958571429,0.0010880542857142858,30,1,0.0,0.0,0.0,0.0,0.0,0.399445,2.8599999
172.36041171,0.22384469053246753,0.0010880542857142858,30,1,0.0,0.0,0.0,0.0,0.0,0.454689,1.135000005
172.36041171,0.2651698641692308,0.0010880542857142858,30,-1,0.0,0.0,0.0,0.0,0.0,0.42095301,1.5150000449999999
172.36041171,0.2480005923884892,0.0010880542857142858,30,-1,0.0,0.0,0.0,0.0,0.0,0.39409,3.21
168.60642033999997,0.24259916595683448,0.001056877142857143,29,1,0.0,0.0,0.0,0.0,0.0,0.42063701,2.36999995
168.60642033999997,0.2810107005666666,0.001056877142857143,29,-1,0.0,0.0,0.0,0.0,0.0,0.45539701,0.785000005
174.44872479,0.23259829972,0.0010759121428571428,28,1,0.0,0.0,0.0,0.0,0.0,0.48704699,1.85
174.44872479,0.18363023662105263,0.0010759121428571428,28,1,0.0,0.0,0.0,0.0,0.0,0.57395798,0.129999995
176.23870743,0.23498494324,0.0009772175,32,1,0.0,0.0,0.0,0.0,0.0,0.461716,2.19000005
174.22497696,0.24538729149295774,0.0009442000000000001,31,1,0.0,0.0,0.0,0.0,0.0,0.47413501,3.375
174.22497696,0.24367129644755245,0.0009442000000000001,31,1,0.0,0.0,0.0,0.0,0.0,0.46981999,3.13
174.22497696,0.21778122119999999,0.0009442000000000001,31,1,0.0,0.0,0.0,0.0,0.0,0.58100599,1.53500001
174.05095087,0.24864421552857144,0.00092428875,30,1,0.0,0.0,0.0,0.0,0.0,0.471398,3.7249999
174.05095087,0.24688078137588654,0.00092428875,30,1,0.0,0.0,0.0,0.0,0.0,0.456359,3.375
174.05095087,0.24514218432394366,0.00092428875,30,1,0.0,0.0,0.0,0.0,0.0,0.46816999,3.25
174.05095087,0.24342790331468533,0.00092428875,30,1,0.0,0.0,0.0,0.0,0.0,0.46048701,2.9800000000000004
174.05095087,0.2417374317638889,0.00092428875,30,1,0.0,0.0,0.0,0.0,0.0,0.468503,2.8449999999999998
174.05095087,0.240070277062069,0.00092428875,30,1,0.0,0.0,0.0,0.0,0.0,0.47156301,2.6800001
174.05095087,0.23842596009589043,0.00092428875,30,1,0.0,0.0,0.0,0.0,0.0,0.48374701,2.5950000500000003
174.05095087,0.23680401478911567,0.00092428875,30,1,0.0,0.0,0.0,0.0,0.0,0.476713,2.37
174.05095087,0.23362543740939598,0.00092428875,30,1,0.0,0.0,0.0,0.0,0.0,0.47863999,2.06999995
174.05095087,0.23680401478911567,0.00092428875,30,-1,0.0,0.0,0.0,0.0,0.0,0.464773,5.875
174.05095087,0.2900849181166667,0.001166300857142857,93,1,0.0,0.0,0.0,0.0,0.0,0.448677,12.175
174.05095087,0.24864421552857144,0.001166300857142857,93,1,0.0,0.0,0.0,0.0,0.0,0.40597299,5.72500015
174.05095087,0.240070277062069,0.001166300857142857,93,1,0.0,0.0,0.0,0.0,0.0,0.407038,4.67499995
174.05095087,0.23206793449333335,0.001166300857142857,93,1,0.0,0.0,0.0,0.0,0.0,0.40547499,3.75
174.05095087,0.2245818720903226,0.001166300857142857,93,1,0.0,0.0,0.0,0.0,0.0,0.40553001,2.995
174.05095087,0.2175636885875,0.001166300857142857,93,1,0.0,0.0,0.0,0.0,0.0,0.40877199,2.40999995
174.05095087,0.30269730586086957,0.001166300857142857,93,-1,0.0,0.0,0.0,0.0,0.0,0.430237,1.3599999500000002
174.05095087,0.2900849181166667,0.001166300857142857,93,-1,0.0,0.0,0.0,0.0,0.0,0.420701,1.87
174.05095087,0.278481521392,0.001166300857142857,93,-1,0.0,0.0,0.0,0.0,0.0,0.41499099,2.55499995
174.05095087,0.26777069364615386,0.001166300857142857,93,-1,0.0,0.0,0.0,0.0,0.0,0.40952,3.4
174.05095087,0.24864421552857144,0.001166300857142857,93,-1,0.0,0.0,0.0,0.0,0.0,0.40592799,5.70000005
174.05095087,0.240070277062069,0.001166300857142857,93,-1,0.0,0.0,0.0,0.0,0.0,0.40525201,7.125
166.34408116999998,0.24827474801492536,0.0009045891666666667,29,1,0.0,0.0,0.0,0.0,0.0,0.485816,3.57500005
166.34408116999998,0.24643567580740738,0.0009045891666666667,29,1,0.0,0.0,0.0,0.0,0.0,0.46557301,3.19500005
166.34408116999998,0.24462364877941173,0.0009045891666666667,29,1,0.0,0.0,0.0,0.0,0.0,0.47848001,3.07500005
166.34408116999998,0.2428380747007299,0.0009045891666666667,29,1,0.0,0.0,0.0,0.0,0.0,0.48332101,2.90499995
166.34408116999998,0.23763440167142855,0.0009045891666666667,29,1,0.0,0.0,0.0,0.0,0.0,0.478872,2.31500005
166.34408116999998,0.23594905130496452,0.0009045891666666667,29,1,0.0,0.0,0.0,0.0,0.0,0.49645901,2.275
166.34408116999998,0.23264906457342654,0.0009045891666666667,29,1,0.0,0.0,0.0,0.0,0.0,0.47146901,1.79499995
166.34408116999998,0.23103344606944443,0.0009045891666666667,29,1,0.0,0.0,0.0,0.0,0.0,0.46578601,1.62
166.34408116999998,0.2772401352833333,0.0009045891666666667,29,-1,0.0,0.0,0.0,0.0,0.0,0.501324,1.14500005
166.34408116999998,0.2559139710307692,0.0009045891666666667,29,-1,0.0,0.0,0.0,0.0,0.0,0.47966301,2.7099998999999997
166.34408116999998,0.2520364866212121,0.0009045891666666667,29,-1,0.0,0.0,0.0,0.0,0.0,0.46923399,3.1
166.34408116999998,0.24643567580740738,0.0009045891666666667,29,-1,0.0,0.0,0.0,0.0,0.0,0.471405,3.9
166.34408116999998,0.24462364877941173,0.0009045891666666667,29,-1,0.0,0.0,0.0,0.0,0.0,0.47362199,4.20000005
166.34408116999998,0.2428380747007299,0.0009045891666666667,29,-1,0.0,0.0,0.0,0.0,0.0,0.517883,4.82500005
166.34408116999998,0.16634408117,0.0011259188571428572,92,1,0.0,0.0,0.0,0.0,0.0,0.46878901,0.345
166.34408116999998,0.2772401352833333,0.0011259188571428572,92,1,0.0,0.0,0.0,0.0,0.0,0.425668,9.5499997
166.34408116999998,0.266150529872,0.0011259188571428572,92,1,0.0,0.0,0.0,0.0,0.0,0.41968301,7.92499995
166.34408116999998,0.2559139710307692,0.0011259188571428572,92,1,0.0,0.0,0.0,0.0,0.0,0.41389301,6.47500015
166.34408116999998,0.24643567580740738,0.0011259188571428572,92,1,0.0,0.0,0.0,0.0,0.0,0.41352701,5.27499985
166.34408116999998,0.23763440167142855,0.0011259188571428572,92,1,0.0,0.0,0.0,0.0,0.0,0.41315499,4.25
166.34408116999998,0.22944011195862066,0.0011259188571428572,92,1,0.0,0.0,0.0,0.0,0.0,0.41173699,3.375
166.34408116999998,0.22179210822666665,0.0011259188571428572,92,1,0.0,0.0,0.0,0.0,0.0,0.41374001,2.68999995
166.34408116999998,0.21463752409032255,0.0011259188571428572,92,1,0.0,0.0,0.0,0.0,0.0,0.41653001,2.13999995
166.34408116999998,0.2079301014625,0.0011259188571428572,92,1,0.0,0.0,0.0,0.0,0.0,0.41626599,1.665
166.34408116999998,0.33268816234,0.0011259188571428572,92,-1,0.0,0.0,0.0,0.0,0.0,0.47594899,0.73999998
166.34408116999998,0.3024437839454545,0.0011259188571428572,92,-1,0.0,0.0,0.0,0.0,0.0,0.44379401,1.3999999500000002
166.34408116999998,0.28929405420869564,0.0011259188571428572,92,-1,0.0,0.0,0.0,0.0,0.0,0.43301299,1.9249999999999998
166.34408116999998,0.2772401352833333,0.0011259188571428572,92,-1,0.0,0.0,0.0,0.0,0.0,0.42356399,2.6
166.34408116999998,0.266150529872,0.0011259188571428572,92,-1,0.0,0.0,0.0,0.0,0.0,0.415773,3.45000005
166.34408116999998,0.24643567580740738,0.0011259188571428572,92,-1,0.0,0.0,0.0,0.0,0.0,0.40816399,5.77499985
166.34408116999998,0.23763440167142855,0.0011259188571428572,92,-1,0.0,0.0,0.0,0.0,0.0,0.40779901,7.25
159.6067854,0.24182846272727274,0.00085595625,28,1,0.0,0.0,0.0,0.0,0.0,0.48754999,2.6449999999999996
159.6067854,0.22800969342857144,0.00085595625,28,1,0.0,0.0,0.0,0.0,0.0,0.48741999,1.405
159.6067854,0.21280904720000002,0.00085595625,28,1,0.0,0.0,0.0,0.0,0.0,0.65655899,1.3550000400000002
159.6067854,0.26601130900000003,0.00085595625,28,-1,0.0,0.0,0.0,0.0,0.0,0.498097,1.74000005
159.6067854,0.22800969342857144,0.00085595625,28,-1,0.0,0.0,0.0,0.0,0.0,0.47343299,7.20000005
159.6067854,0.26601130900000003,0.0011219471428571429,91,1,0.0,0.0,0.0,0.0,0.0,0.42750999,7.6500001
159.6067854,0.24554890061538462,0.0011219471428571429,91,1,0.0,0.0,0.0,0.0,0.0,0.40730199,4.8499999
159.6067854,0.2364544968888889,0.0011219471428571429,91,1,0.0,0.0,0.0,0.0,0.0,0.409201,3.875
159.6067854,0.22800969342857144,0.0011219471428571429,91,1,0.0,0.0,0.0,0.0,0.0,0.40581501,3.005
159.6067854,0.22014729020689655,0.0011219471428571429,91,1,0.0,0.0,0.0,0.0,0.0,0.406241,2.3350000499999997
159.6067854,0.21280904720000002,0.0011219471428571429,91,1,0.0,0.0,0.0,0.0,0.0,0.41565499,1.8900000000000001
159.6067854,0.20594423922580646,0.0011219471428571429,91,1,0.0,0.0,0.0,0.0,0.0,0.437868,1.6600000000000001
159.6067854,0.19950848175000002,0.0011219471428571429,91,1,0.0,0.0,0.0,0.0,0.0,0.427495,1.19999995
159.6067854,0.18777268870588237,0.0011219471428571429,91,1,0.0,0.0,0.0,0.0,0.0,0.42916101,0.7049999849999999
159.6067854,0.17734087266666668,0.0011219471428571429,91,1,0.0,0.0,0.0,0.0,0.0,0.44884801,0.489999995
159.6067854,0.35468174533333335,0.0011219471428571429,91,-1,0.0,0.0,0.0,0.0,0.0,0.50423902,0.47999999000000004
159.6067854,0.2901941552727273,0.0011219471428571429,91,-1,0.0,0.0,0.0,0.0,0.0,0.43921301,1.835
159.6067854,0.2775770180869565,0.0011219471428571429,91,-1,0.0,0.0,0.0,0.0,0.0,0.434331,2.55999995
159.6067854,0.26601130900000003,0.0011219471428571429,91,-1,0.0,0.0,0.0,0.0,0.0,0.41176099,3.25
159.6067854,0.25537085664000003,0.0011219471428571429,91,-1,0.0,0.0,0.0,0.0,0.0,0.40790099,4.32500005
159.6067854,0.24554890061538462,0.0011219471428571429,91,-1,0.0,0.0,0.0,0.0,0.0,0.40669999,5.625
159.6067854,0.2364544968888889,0.0011219471428571429,91,-1,0.0,0.0,0.0,0.0,0.0,0.40269899,7.07500005
159.6067854,0.22800969342857144,0.0011219471428571429,91,-1,0.0,0.0,0.0,0.0,0.0,0.40276599,8.75
159.6067854,0.21280904720000002,0.0011219471428571429,91,-1,0.0,0.0,0.0,0.0,0.0,0.420793,12.725
156.59862013,0.1491415429809524,0.0009017200000000001,32,1,0.0,0.0,0.0,0.0,0.0,0.74313402,0.060000000500000004
156.59862013,0.28472476387272727,0.0009017200000000001,32,1,0.0,0.0,0.0,0.0,0.0,0.53999197,8.9750004
156.59862013,0.2609977002166667,0.0009017200000000001,32,1,0.0,0.0,0.0,0.0,0.0,0.50755203,5.3249998
156.59862013,0.250557792208,0.0009017200000000001,32,1,0.0,0.0,0.0,0.0,0.0,0.51158702,4.0000001
156.59862013,0.2485692383015873,0.0009017200000000001,32,1,0.0,0.0,0.0,0.0,0.0,0.50329202,3.6999999499999996
156.59862013,0.244685343953125,0.0009017200000000001,32,1,0.0,0.0,0.0,0.0,0.0,0.496088,3.1999999499999996
156.59862013,0.24092095404615385,0.0009017200000000001,32,1,0.0,0.0,0.0,0.0,0.0,0.50486201,2.8600000000000003
156.59862013,0.23727063656060607,0.0009017200000000001,32,1,0.0,0.0,0.0,0.0,0.0,0.49248999,2.40499995
156.59862013,0.23199795574814816,0.0009017200000000001,32,1,0.0,0.0,0.0,0.0,0.0,0.499028,1.975
156.59862013,0.22371231447142856,0.0009017200000000001,32,1,0.0,0.0,0.0,0.0,0.0,0.49279201,1.31
156.59862013,0.21749808351388888,0.0009017200000000001,32,1,0.0,0.0,0.0,0.0,0.0,0.50585598,1.010000005
156.59862013,0.21599809673103448,0.0009017200000000001,32,1,0.0,0.0,0.0,0.0,0.0,0.49785,0.890000015
156.59862013,0.21451865771232878,0.0009017200000000001,32,1,0.0,0.0,0.0,0.0,0.0,0.505584,0.85499999
156.59862013,0.21161975693243243,0.0009017200000000001,32,1,0.0,0.0,0.0,0.0,0.0,0.50624698,0.724999995
156.59862013,0.20879816017333333,0.0009017200000000001,32,1,0.0,0.0,0.0,0.0,0.0,0.50982702,0.625
156.59862013,0.2020627356516129,0.0009017200000000001,32,1,0.0,0.0,0.0,0.0,0.0,0.52456403,0.450000005
156.59862013,0.1957482751625,0.0009017200000000001,32,1,0.0,0.0,0.0,0.0,0.0,0.54196602,0.33499999
156.59862013,0.18981650924848484,0.0009017200000000001,32,1,0.0,0.0,0.0,0.0,0.0,0.562132,0.260000005
156.59862013,0.18423367074117647,0.0009017200000000001,32,1,0.0,0.0,0.0,0.0,0.0,0.58970302,0.21999999999999997
156.59862013,0.16484065276842105,0.0009017200000000001,32,1,0.0,0.0,0.0,0.0,0.0,0.665003,0.100000002
156.59862013,0.28472476387272727,0.0009017200000000001,32,-1,0.0,0.0,0.0,0.0,0.0,0.52866203,0.99500001
156.59862013,0.2609977002166667,0.0009017200000000001,32,-1,0.0,0.0,0.0,0.0,0.0,0.506706,2.3999999499999998
156.59862013,0.25257841956451615,0.0009017200000000001,32,-1,0.0,0.0,0.0,0.0,0.0,0.49702999,3.2250000500000002
156.59862013,0.250557792208,0.0009017200000000001,32,-1,0.0,0.0,0.0,0.0,0.0,0.50035697,3.5
156.59862013,0.2485692383015873,0.0009017200000000001,32,-1,0.0,0.0,0.0,0.0,0.0,0.50219601,3.7750001
156.59862013,0.244685343953125,0.0009017200000000001,32,-1,0.0,0.0,0.0,0.0,0.0,0.49827999,4.29999995
156.59862013,0.24092095404615385,0.0009017200000000001,32,-1,0.0,0.0,0.0,0.0,0.0,0.492048,4.8499999
156.59862013,0.23199795574814816,0.0009017200000000001,32,-1,0.0,0.0,0.0,0.0,0.0,0.490253,6.5
156.59862013,0.22371231447142856,0.0009017200000000001,32,-1,0.0,0.0,0.0,0.0,0.0,0.48934299,8.375
156.59862013,0.2609977002166667,0.0014532821818181818,186,1,0.0,0.0,0.0,0.0,0.0,0.432482,9.125
156.59862013,0.24092095404615385,0.0014532821818181818,186,1,0.0,0.0,0.0,0.0,0.0,0.42378199,6.72500015
156.59862013,0.22371231447142856,0.0014532821818181818,186,1,0.0,0.0,0.0,0.0,0.0,0.42445701,4.97500015
156.59862013,0.20879816017333333,0.0014532821818181818,186,1,0.0,0.0,0.0,0.0,0.0,0.42127299,3.575
156.59862013,0.1957482751625,0.0014532821818181818,186,1,0.0,0.0,0.0,0.0,0.0,0.42399999,2.61000005
156.59862013,0.18423367074117647,0.0014532821818181818,186,1,0.0,0.0,0.0,0.0,0.0,0.420807,1.82499995
156.59862013,0.1739984668111111,0.0014532821818181818,186,1,0.0,0.0,0.0,0.0,0.0,0.426034,1.34499995
156.59862013,0.31319724026,0.0014532821818181818,186,-1,0.0,0.0,0.0,0.0,0.0,0.451276,2.49
156.59862013,0.2982830859619048,0.0014532821818181818,186,-1,0.0,0.0,0.0,0.0,0.0,0.445485,3.1999999499999996
156.59862013,0.28472476387272727,0.0014532821818181818,186,-1,0.0,0.0,0.0,0.0,0.0,0.43936399,4.02499995
156.59862013,0.2723454263130435,0.0014532821818181818,186,-1,0.0,0.0,0.0,0.0,0.0,0.43338999,4.97500015
156.59862013,0.2609977002166667,0.0014532821818181818,186,-1,0.0,0.0,0.0,0.0,0.0,0.427302,6.04999995
156.59862013,0.250557792208,0.0014532821818181818,186,-1,0.0,0.0,0.0,0.0,0.0,0.42532501,7.3249998
156.59862013,0.24092095404615385,0.0014532821818181818,186,-1,0.0,0.0,0.0,0.0,0.0,0.42180201,8.7000003
156.59862013,0.18423367074117647,0.0014532821818181818,186,-1,0.0,0.0,0.0,0.0,0.0,0.43268701,23.9749995
160.70066368,0.26783443946666663,0.0009339814285714284,31,1,0.0,0.0,0.0,0.0,0.0,0.518915,6.5250001
160.70066368,0.257121061888,0.0009339814285714284,31,1,0.0,0.0,0.0,0.0,0.0,0.48773599,4.7750001
160.70066368,0.251094787,0.0009339814285714284,31,1,0.0,0.0,0.0,0.0,0.0,0.49098599,4.0000001
160.70066368,0.24723179027692307,0.0009339814285714284,31,1,0.0,0.0,0.0,0.0,0.0,0.48800901,3.5
160.70066368,0.24348585406060605,0.0009339814285714284,31,1,0.0,0.0,0.0,0.0,0.0,0.48604301,3.04999995
160.70066368,0.2398517368358209,0.0009339814285714284,31,1,0.0,0.0,0.0,0.0,0.0,0.48380101,2.6399999999999997
160.70066368,0.23807505730370368,0.0009339814285714284,31,1,0.0,0.0,0.0,0.0,0.0,0.48400199,2.4600000499999997
160.70066368,0.2363245054117647,0.0009339814285714284,31,1,0.0,0.0,0.0,0.0,0.0,0.48422,2.2899999500000003
160.70066368,0.22957237668571429,0.0009339814285714284,31,1,0.0,0.0,0.0,0.0,0.0,0.486509,1.71
160.70066368,0.22165608783448273,0.0009339814285714284,31,1,0.0,0.0,0.0,0.0,0.0,0.49741301,1.21
160.70066368,0.22013789545205478,0.0009339814285714284,31,1,0.0,0.0,0.0,0.0,0.0,0.490017,1.0750000000000002
160.70066368,0.217163059027027,0.0009339814285714284,31,1,0.0,0.0,0.0,0.0,0.0,0.49991101,0.960000015
160.70066368,0.21426755157333333,0.0009339814285714284,31,1,0.0,0.0,0.0,0.0,0.0,0.502545,0.825000015
160.70066368,0.20735569507096774,0.0009339814285714284,31,1,0.0,0.0,0.0,0.0,0.0,0.51126301,0.5700000199999999
160.70066368,0.2008758296,0.0009339814285714284,31,1,0.0,0.0,0.0,0.0,0.0,0.52534503,0.41000000000000003
160.70066368,0.3383171866947368,0.0009339814285714284,31,-1,0.0,0.0,0.0,0.0,0.0,0.61661702,0.175
160.70066368,0.32140132736,0.0009339814285714284,31,-1,0.0,0.0,0.0,0.0,0.0,0.58788598,0.284999995
160.70066368,0.29218302487272724,0.0009339814285714284,31,-1,0.0,0.0,0.0,0.0,0.0,0.52727401,0.69
160.70066368,0.27947941509565216,0.0009339814285714284,31,-1,0.0,0.0,0.0,0.0,0.0,0.50890601,1.1049999499999998
160.70066368,0.26783443946666663,0.0009339814285714284,31,-1,0.0,0.0,0.0,0.0,0.0,0.49527401,1.73
160.70066368,0.25919461883870965,0.0009339814285714284,31,-1,0.0,0.0,0.0,0.0,0.0,0.48650101,2.4100001
160.70066368,0.257121061888,0.0009339814285714284,31,-1,0.0,0.0,0.0,0.0,0.0,0.48492101,2.61
160.70066368,0.25508041853968255,0.0009339814285714284,31,-1,0.0,0.0,0.0,0.0,0.0,0.48118201,2.80499995
160.70066368,0.251094787,0.0009339814285714284,31,-1,0.0,0.0,0.0,0.0,0.0,0.48022199,3.2749999499999998
160.70066368,0.24723179027692307,0.0009339814285714284,31,-1,0.0,0.0,0.0,0.0,0.0,0.47735199,3.7749999499999998
160.70066368,0.22957237668571429,0.0009339814285714284,31,-1,0.0,0.0,0.0,0.0,0.0,0.47673699,7.0
160.70066368,0.2008758296,0.0009339814285714284,31,-1,0.0,0.0,0.0,0.0,0.0,0.51240402,15.725
160.70066368,0.15304825112380951,0.001517311090909091,185,1,0.0,0.0,0.0,0.0,0.0,0.43875501,0.66500002
160.70066368,0.26783443946666663,0.001517311090909091,185,1,0.0,0.0,0.0,0.0,0.0,0.43307999,10.2
160.70066368,0.257121061888,0.001517311090909091,185,1,0.0,0.0,0.0,0.0,0.0,0.42728201,8.8249998
160.70066368,0.24723179027692307,0.001517311090909091,185,1,0.0,0.0,0.0,0.0,0.0,0.422905,7.5999999
160.70066368,0.22957237668571429,0.001517311090909091,185,1,0.0,0.0,0.0,0.0,0.0,0.41758999,5.57500005
160.70066368,0.21426755157333333,0.001517311090909091,185,1,0.0,0.0,0.0,0.0,0.0,0.41404101,4.0250001
160.70066368,0.2008758296,0.001517311090909091,185,1,0.0,0.0,0.0,0.0,0.0,0.415649,2.92999995
160.70066368,0.17855629297777778,0.001517311090909091,185,1,0.0,0.0,0.0,0.0,0.0,0.41961101,1.5350000000000001
160.70066368,0.37811920865882354,0.001517311090909091,185,-1,0.0,0.0,0.0,0.0,0.0,0.48411101,0.96499999
160.70066368,0.3383171866947368,0.001517311090909091,185,-1,0.0,0.0,0.0,0.0,0.0,0.47109199,1.7799999999999998
160.70066368,0.29218302487272724,0.001517311090909091,185,-1,0.0,0.0,0.0,0.0,0.0,0.43701699,3.5249999499999998
160.70066368,0.26783443946666663,0.001517311090909091,185,-1,0.0,0.0,0.0,0.0,0.0,0.42627299,5.4000001
160.70066368,0.24723179027692307,0.001517311090909091,185,-1,0.0,0.0,0.0,0.0,0.0,0.41671601,7.79999995
160.22830715,0.2670471785833333,0.0009156828571428571,30,1,0.0,0.0,0.0,0.0,0.0,0.49992701,6.20000005
160.22830715,0.25636529144000003,0.0009156828571428571,30,1,0.0,0.0,0.0,0.0,0.0,0.48608401,4.57500005
160.22830715,0.25433064626984125,0.0009156828571428571,30,1,0.0,0.0,0.0,0.0,0.0,0.48942301,4.32500005
160.22830715,0.250356729921875,0.0009156828571428571,30,1,0.0,0.0,0.0,0.0,0.0,0.484418,3.7749999499999998
160.22830715,0.24650508792307693,0.0009156828571428571,30,1,0.0,0.0,0.0,0.0,0.0,0.487055,3.3249999499999996
160.22830715,0.24277016234848486,0.0009156828571428571,30,1,0.0,0.0,0.0,0.0,0.0,0.48102,2.85500005
160.22830715,0.23914672708955226,0.0009156828571428571,30,1,0.0,0.0,0.0,0.0,0.0,0.48629299,2.51
160.22830715,0.23737526985185187,0.0009156828571428571,30,1,0.0,0.0,0.0,0.0,0.0,0.485102,2.3249999499999996
160.22830715,0.23562986345588235,0.0009156828571428571,30,1,0.0,0.0,0.0,0.0,0.0,0.485322,2.1600001
160.22830715,0.22889758164285715,0.0009156828571428571,30,1,0.0,0.0,0.0,0.0,0.0,0.48769301,1.6000000499999998
160.22830715,0.2210045615862069,0.0009156828571428571,30,1,0.0,0.0,0.0,0.0,0.0,0.49480301,1.09999995
160.22830715,0.21363774286666667,0.0009156828571428571,30,1,0.0,0.0,0.0,0.0,0.0,0.50466502,0.7599999900000001
160.22830715,0.20674620277419356,0.0009156828571428571,30,1,0.0,0.0,0.0,0.0,0.0,0.51881403,0.5399999900000001
160.22830715,0.2002853839375,0.0009156828571428571,30,1,0.0,0.0,0.0,0.0,0.0,0.53561699,0.395
160.22830715,0.1780314523888889,0.0009156828571428571,30,1,0.0,0.0,0.0,0.0,0.0,0.60078698,0.13
160.22830715,0.3560629047777778,0.0009156828571428571,30,-1,0.0,0.0,0.0,0.0,0.0,0.68043101,0.13500000499999998
160.22830715,0.33732275189473687,0.0009156828571428571,30,-1,0.0,0.0,0.0,0.0,0.0,0.638017,0.19999999499999999
160.22830715,0.3204566143,0.0009156828571428571,30,-1,0.0,0.0,0.0,0.0,0.0,0.58705699,0.27499998999999997
160.22830715,0.29132419481818184,0.0009156828571428571,30,-1,0.0,0.0,0.0,0.0,0.0,0.528844,0.69000003
160.22830715,0.2786579254782609,0.0009156828571428571,30,-1,0.0,0.0,0.0,0.0,0.0,0.50322402,1.0750000000000002
160.22830715,0.2670471785833333,0.0009156828571428571,30,-1,0.0,0.0,0.0,0.0,0.0,0.49619401,1.745
160.22830715,0.25843275346774197,0.0009156828571428571,30,-1,0.0,0.0,0.0,0.0,0.0,0.48552001,2.4250001
160.22830715,0.25636529144000003,0.0009156828571428571,30,-1,0.0,0.0,0.0,0.0,0.0,0.48484099,2.635
160.22830715,0.25433064626984125,0.0009156828571428571,30,-1,0.0,0.0,0.0,0.0,0.0,0.48400801,2.855
160.22830715,0.250356729921875,0.0009156828571428571,30,-1,0.0,0.0,0.0,0.0,0.0,0.485248,3.3500000500000002
160.22830715,0.24650508792307693,0.0009156828571428571,30,-1,0.0,0.0,0.0,0.0,0.0,0.48108101,3.8500000500000002
160.22830715,0.23737526985185187,0.0009156828571428571,30,-1,0.0,0.0,0.0,0.0,0.0,0.47889301,5.35000015
160.22830715,0.22889758164285715,0.0009156828571428571,30,-1,0.0,0.0,0.0,0.0,0.0,0.48080701,7.125
160.22830715,0.2670471785833333,0.0015009318181818181,184,1,0.0,0.0,0.0,0.0,0.0,0.42240301,9.875
160.22830715,0.24650508792307693,0.0015009318181818181,184,1,0.0,0.0,0.0,0.0,0.0,0.41606101,7.3499999
160.22830715,0.22889758164285715,0.0015009318181818181,184,1,0.0,0.0,0.0,0.0,0.0,0.41243199,5.375
160.22830715,0.21363774286666667,0.0015009318181818181,184,1,0.0,0.0,0.0,0.0,0.0,0.41039401,3.875
160.22830715,0.2002853839375,0.0015009318181818181,184,1,0.0,0.0,0.0,0.0,0.0,0.40790001,2.74
160.22830715,0.1885038907647059,0.0015009318181818181,184,1,0.0,0.0,0.0,0.0,0.0,0.41258299,2.00000005
160.22830715,0.3560629047777778,0.0015009318181818181,184,-1,0.0,0.0,0.0,0.0,0.0,0.466546,1.24500005
160.22830715,0.33732275189473687,0.0015009318181818181,184,-1,0.0,0.0,0.0,0.0,0.0,0.45931399,1.67500005
160.22830715,0.3051967755238095,0.0015009318181818181,184,-1,0.0,0.0,0.0,0.0,0.0,0.44053701,2.7700001
160.22830715,0.29132419481818184,0.0015009318181818181,184,-1,0.0,0.0,0.0,0.0,0.0,0.43320799,3.5
160.22830715,0.2786579254782609,0.0015009318181818181,184,-1,0.0,0.0,0.0,0.0,0.0,0.42604601,4.3499999
160.22830715,0.2670471785833333,0.0015009318181818181,184,-1,0.0,0.0,0.0,0.0,0.0,0.42056099,5.3499999
160.22830715,0.24650508792307693,0.0015009318181818181,184,-1,0.0,0.0,0.0,0.0,0.0,0.41311401,7.79999995
160.22830715,0.1885038907647059,0.0015009318181818181,184,-1,0.0,0.0,0.0,0.0,0.0,0.409069,22.45
156.74778535,0.28499597336363636,0.0009309271428571428,29,1,0.0,0.0,0.0,0.0,0.0,0.52135599,8.875
156.74778535,0.26124630891666667,0.0009309271428571428,29,1,0.0,0.0,0.0,0.0,0.0,0.50068599,5.20000005
156.74778535,0.2528190086290322,0.0009309271428571428,29,1,0.0,0.0,0.0,0.0,0.0,0.49786699,4.04999995
156.74778535,0.25079645656,0.0009309271428571428,29,1,0.0,0.0,0.0,0.0,0.0,0.498456,3.79999995
156.74778535,0.24880600849206347,0.0009309271428571428,29,1,0.0,0.0,0.0,0.0,0.0,0.49742499,3.54999995
156.74778535,0.24491841460937497,0.0009309271428571428,29,1,0.0,0.0,0.0,0.0,0.0,0.49423301,3.07500005
156.74778535,0.24115043899999997,0.0009309271428571428,29,1,0.0,0.0,0.0,0.0,0.0,0.49396801,2.66500005
156.74778535,0.23749664446969695,0.0009309271428571428,29,1,0.0,0.0,0.0,0.0,0.0,0.49264401,2.28999995
156.74778535,0.2339519184328358,0.0009309271428571428,29,1,0.0,0.0,0.0,0.0,0.0,0.49270201,1.96500005
156.74778535,0.23221894125925924,0.0009309271428571428,29,1,0.0,0.0,0.0,0.0,0.0,0.492488,1.815
156.74778535,0.23051144904411763,0.0009309271428571428,29,1,0.0,0.0,0.0,0.0,0.0,0.49238899,1.6749999999999998
156.74778535,0.22392540764285712,0.0009309271428571428,29,1,0.0,0.0,0.0,0.0,0.0,0.494753,1.21500005
156.74778535,0.2089970471333333,0.0009309271428571428,29,1,0.0,0.0,0.0,0.0,0.0,0.51640099,0.56999999
156.74778535,0.19593473168749997,0.0009309271428571428,29,1,0.0,0.0,0.0,0.0,0.0,0.55331898,0.30499999
156.74778535,0.32999533757894733,0.0009309271428571428,29,-1,0.0,0.0,0.0,0.0,0.0,0.62542301,0.22
156.74778535,0.31349557069999995,0.0009309271428571428,29,-1,0.0,0.0,0.0,0.0,0.0,0.57913297,0.32000000500000003
156.74778535,0.28499597336363636,0.0009309271428571428,29,-1,0.0,0.0,0.0,0.0,0.0,0.52462202,0.8350000049999999
156.74778535,0.2726048440869565,0.0009309271428571428,29,-1,0.0,0.0,0.0,0.0,0.0,0.50963402,1.3599999999999999
156.74778535,0.26124630891666667,0.0009309271428571428,29,-1,0.0,0.0,0.0,0.0,0.0,0.50058401,2.145
156.74778535,0.25079645656,0.0009309271428571428,29,-1,0.0,0.0,0.0,0.0,0.0,0.495534,3.2250000500000002
156.74778535,0.24880600849206347,0.0009309271428571428,29,-1,0.0,0.0,0.0,0.0,0.0,0.494524,3.4750000500000002
156.74778535,0.24115043899999997,0.0009309271428571428,29,-1,0.0,0.0,0.0,0.0,0.0,0.492479,4.60000015
156.74778535,0.23221894125925924,0.0009309271428571428,29,-1,0.0,0.0,0.0,0.0,0.0,0.49088699,6.25
156.74778535,0.2271707034057971,0.0009309271428571428,29,-1,0.0,0.0,0.0,0.0,0.0,0.493624,7.375
156.74778535,0.22392540764285712,0.0009309271428571428,29,-1,0.0,0.0,0.0,0.0,0.0,0.49291101,8.1500001
156.74778535,0.25079645656,0.0014633234545454545,183,1,0.0,0.0,0.0,0.0,0.0,0.420293,7.72500015
156.74778535,0.22392540764285712,0.0014633234545454545,183,1,0.0,0.0,0.0,0.0,0.0,0.41387001,4.77499985
156.74778535,0.2089970471333333,0.0014633234545454545,183,1,0.0,0.0,0.0,0.0,0.0,0.41324201,3.42499995
156.74778535,0.19593473168749997,0.0014633234545454545,183,1,0.0,0.0,0.0,0.0,0.0,0.41162699,2.40999995
156.74778535,0.16499766878947367,0.0014633234545454545,183,1,0.0,0.0,0.0,0.0,0.0,0.427937,0.95000001
156.74778535,0.34832841188888886,0.0014633234545454545,183,-1,0.0,0.0,0.0,0.0,0.0,0.464825,1.375
156.74778535,0.29856721019047616,0.0014633234545454545,183,-1,0.0,0.0,0.0,0.0,0.0,0.43612599,3.0
156.74778535,0.28499597336363636,0.0014633234545454545,183,-1,0.0,0.0,0.0,0.0,0.0,0.43148401,3.82500005
156.74778535,0.2726048440869565,0.0014633234545454545,183,-1,0.0,0.0,0.0,0.0,0.0,0.42659399,4.77499985
156.74778535,0.25079645656,0.0014633234545454545,183,-1,0.0,0.0,0.0,0.0,0.0,0.41565201,7.04999995
158.48804625,0.26414674374999997,0.00090072,28,1,0.0,0.0,0.0,0.0,0.0,0.50965399,5.67499995
158.48804625,0.25562588104838707,0.00090072,28,1,0.0,0.0,0.0,0.0,0.0,0.50101399,4.42499995
158.48804625,0.253580874,0.00090072,28,1,0.0,0.0,0.0,0.0,0.0,0.50398803,4.17499995
158.48804625,0.25156832738095236,0.00090072,28,1,0.0,0.0,0.0,0.0,0.0,0.50164902,3.8999999499999998
158.48804625,0.247637572265625,0.00090072,28,1,0.0,0.0,0.0,0.0,0.0,0.49932,3.3999999499999998
158.48804625,0.24382776346153845,0.00090072,28,1,0.0,0.0,0.0,0.0,0.0,0.50064898,2.97000005
158.48804625,0.2401334034090909,0.00090072,28,1,0.0,0.0,0.0,0.0,0.0,0.49861401,2.55999995
158.48804625,0.23654932276119403,0.00090072,28,1,0.0,0.0,0.0,0.0,0.0,0.496986,2.19500005
158.48804625,0.23479710555555555,0.00090072,28,1,0.0,0.0,0.0,0.0,0.0,0.496521,2.02999995
158.48804625,0.23307065625,0.00090072,28,1,0.0,0.0,0.0,0.0,0.0,0.49613801,1.875
158.48804625,0.22969282065217392,0.00090072,28,1,0.0,0.0,0.0,0.0,0.0,0.491669,1.57
158.48804625,0.22641149464285715,0.00090072,28,1,0.0,0.0,0.0,0.0,0.0,0.49709001,1.3599999999999999
158.48804625,0.22322260035211267,0.00090072,28,1,0.0,0.0,0.0,0.0,0.0,0.50019503,1.165
158.48804625,0.22012228645833332,0.00090072,28,1,0.0,0.0,0.0,0.0,0.0,0.49823499,0.97
158.48804625,0.21860420172413791,0.00090072,28,1,0.0,0.0,0.0,0.0,0.0,0.499755,0.89500001
158.48804625,0.21710691267123286,0.00090072,28,1,0.0,0.0,0.0,0.0,0.0,0.50223798,0.83000001
158.48804625,0.211317395,0.00090072,28,1,0.0,0.0,0.0,0.0,0.0,0.51242,0.61499998
158.48804625,0.20853690296052632,0.00090072,28,1,0.0,0.0,0.0,0.0,0.0,0.51891601,0.534999995
158.48804625,0.20450070483870966,0.00090072,28,1,0.0,0.0,0.0,0.0,0.0,0.52695698,0.42999999499999997
158.48804625,0.1981100578125,0.00090072,28,1,0.0,0.0,0.0,0.0,0.0,0.54793799,0.32000000500000003
158.48804625,0.19210672272727272,0.00090072,28,1,0.0,0.0,0.0,0.0,0.0,0.56486601,0.235000005
158.48804625,0.4528229892857143,0.00090072,28,-1,0.0,0.0,0.0,0.0,0.0,1.104399,0.1349999949
158.48804625,0.2881600840909091,0.00090072,28,-1,0.0,0.0,0.0,0.0,0.0,0.53267699,0.724999995
158.48804625,0.2756313847826087,0.00090072,28,-1,0.0,0.0,0.0,0.0,0.0,0.51343399,1.1749999999999998
158.48804625,0.26414674374999997,0.00090072,28,-1,0.0,0.0,0.0,0.0,0.0,0.50628603,1.8999999500000002
158.48804625,0.25562588104838707,0.00090072,28,-1,0.0,0.0,0.0,0.0,0.0,0.50089097,2.6699999500000002
158.48804625,0.253580874,0.00090072,28,-1,0.0,0.0,0.0,0.0,0.0,0.498788,2.885
158.48804625,0.247637572265625,0.00090072,28,-1,0.0,0.0,0.0,0.0,0.0,0.496371,3.625
158.48804625,0.23479710555555555,0.00090072,28,-1,0.0,0.0,0.0,0.0,0.0,0.49265301,5.75
158.48804625,0.21417303547297298,0.00090072,28,-1,0.0,0.0,0.0,0.0,0.0,0.499163,10.925
158.48804625,0.42263479,0.0014258523636363637,182,1,0.0,0.0,0.0,0.0,0.0,0.50090897,26.7750005
158.48804625,0.3169760925,0.0014258523636363637,182,1,0.0,0.0,0.0,0.0,0.0,0.45818499,16.1499995
158.48804625,0.253580874,0.0014258523636363637,182,1,0.0,0.0,0.0,0.0,0.0,0.42404699,8.1750002
158.48804625,0.24382776346153845,0.0014258523636363637,182,1,0.0,0.0,0.0,0.0,0.0,0.420028,7.0
158.48804625,0.211317395,0.0014258523636363637,182,1,0.0,0.0,0.0,0.0,0.0,0.413818,3.65
158.48804625,0.20450070483870966,0.0014258523636363637,182,1,0.0,0.0,0.0,0.0,0.0,0.41457599,3.1000000500000002
158.48804625,0.1981100578125,0.0014258523636363637,182,1,0.0,0.0,0.0,0.0,0.0,0.41308501,2.59500005
158.48804625,0.396220115625,0.0014258523636363637,182,-1,0.0,0.0,0.0,0.0,0.0,0.49729201,0.75
158.48804625,0.26414674374999997,0.0014258523636363637,182,-1,0.0,0.0,0.0,0.0,0.0,0.42289299,5.5999999
158.48804625,0.24382776346153845,0.0014258523636363637,182,-1,0.0,0.0,0.0,0.0,0.0,0.41548401,8.125
159.78081149,0.249657517953125,0.0009683900000000001,32,1,0.0,0.0,0.0,0.0,0.0,0.48362201,3.79999995
159.78081149,0.24581663306153845,0.0009683900000000001,32,1,0.0,0.0,0.0,0.0,0.0,0.48190001,3.32500005
159.78081149,0.23847882311940297,0.0009683900000000001,32,1,0.0,0.0,0.0,0.0,0.0,0.48160601,2.5249999499999998
159.78081149,0.23497178160294116,0.0009683900000000001,32,1,0.0,0.0,0.0,0.0,0.0,0.48563501,2.2149998999999996
159.78081149,0.2315663934637681,0.0009683900000000001,32,1,0.0,0.0,0.0,0.0,0.0,0.4804,1.875
159.78081149,0.22825830212857143,0.0009683900000000001,32,1,0.0,0.0,0.0,0.0,0.0,0.48456201,1.63500005
159.78081149,0.22504339646478871,0.0009683900000000001,32,1,0.0,0.0,0.0,0.0,0.0,0.488897,1.425
159.78081149,0.24581663306153845,0.0009683900000000001,32,-1,0.0,0.0,0.0,0.0,0.0,0.47530901,4.0
159.78081149,0.1521722014190476,0.0014490463636363635,179,1,0.0,0.0,0.0,0.0,0.0,0.44374499,0.620000005
159.78081149,0.31956162297999996,0.0014490463636363635,179,1,0.0,0.0,0.0,0.0,0.0,0.459566,16.5500005
159.78081149,0.2663013524833333,0.0014490463636363635,179,1,0.0,0.0,0.0,0.0,0.0,0.432365,9.8249998
159.78081149,0.25564929838399997,0.0014490463636363635,179,1,0.0,0.0,0.0,0.0,0.0,0.42715499,8.4749999
159.78081149,0.24581663306153845,0.0014490463636363635,179,1,0.0,0.0,0.0,0.0,0.0,0.42461699,7.29999995
159.78081149,0.22825830212857143,0.0014490463636363635,179,1,0.0,0.0,0.0,0.0,0.0,0.419907,5.32500005
159.78081149,0.19972601436249998,0.0014490463636363635,179,1,0.0,0.0,0.0,0.0,0.0,0.414882,2.7100000499999997
159.78081149,0.17753423498888887,0.0014490463636363635,179,1,0.0,0.0,0.0,0.0,0.0,0.41862899,1.385
159.78081149,0.1681903278842105,0.0014490463636363635,179,1,0.0,0.0,0.0,0.0,0.0,0.42425701,1.02000001
159.78081149,0.35506846997777775,0.0014490463636363635,179,-1,0.0,0.0,0.0,0.0,0.0,0.47966599,1.3199999500000001
159.78081149,0.336380655768421,0.0014490463636363635,179,-1,0.0,0.0,0.0,0.0,0.0,0.474711,1.79000005
159.78081149,0.2905105663454545,0.0014490463636363635,179,-1,0.0,0.0,0.0,0.0,0.0,0.44120499,3.57500005
159.78081149,0.2663013524833333,0.0014490463636363635,179,-1,0.0,0.0,0.0,0.0,0.0,0.43003899,5.47500015
159.78081149,0.24581663306153845,0.0014490463636363635,179,-1,0.0,0.0,0.0,0.0,0.0,0.42118299,7.92499995
159.78081149,0.22825830212857143,0.0014490463636363635,179,-1,0.0,0.0,0.0,0.0,0.0,0.41518101,10.925
159.78081149,0.21304108198666666,0.0014490463636363635,179,-1,0.0,0.0,0.0,0.0,0.0,0.41202399,14.425
155.03238532,0.24223810206250002,0.0009849296428571428,31,1,0.0,0.0,0.0,0.0,0.0,0.49385601,2.83499995
155.03238532,0.31006477064,0.0009849296428571428,31,-1,0.0,0.0,0.0,0.0,0.0,0.587861,0.44999999
155.03238532,0.2719866409122807,0.0009849296428571428,31,-1,0.0,0.0,0.0,0.0,0.0,0.52671897,1.595
155.03238532,0.2460831513015873,0.0009849296428571428,31,-1,0.0,0.0,0.0,0.0,0.0,0.50995803,4.0749999
155.03238532,0.15503238532,0.0014653792727272728,178,1,0.0,0.0,0.0,0.0,0.0,0.445761,0.689999995
155.03238532,0.25838730886666667,0.0014653792727272728,178,1,0.0,0.0,0.0,0.0,0.0,0.43823099,8.7000003
155.03238532,0.248051816512,0.0014653792727272728,178,1,0.0,0.0,0.0,0.0,0.0,0.434293,7.47500015
155.03238532,0.23851136203076923,0.0014653792727272728,178,1,0.0,0.0,0.0,0.0,0.0,0.433173,6.42499995
155.03238532,0.22147483617142857,0.0014653792727272728,178,1,0.0,0.0,0.0,0.0,0.0,0.42902499,4.6500001
155.03238532,0.20670984709333334,0.0014653792727272728,178,1,0.0,0.0,0.0,0.0,0.0,0.42848799,3.35
155.03238532,0.2000417875096774,0.0014653792727272728,178,1,0.0,0.0,0.0,0.0,0.0,0.42889199,2.84000005
155.03238532,0.19379048165,0.0014653792727272728,178,1,0.0,0.0,0.0,0.0,0.0,0.43015599,2.4149999500000003
155.03238532,0.1722582059111111,0.0014653792727272728,178,1,0.0,0.0,0.0,0.0,0.0,0.43922499,1.295
155.03238532,0.5167746177333333,0.0014653792727272728,178,-1,0.0,0.0,0.0,0.0,0.0,0.58807099,0.260000005
155.03238532,0.31006477064,0.0014653792727272728,178,-1,0.0,0.0,0.0,0.0,0.0,0.456875,2.54999995
155.03238532,0.2952997815619048,0.0014653792727272728,178,-1,0.0,0.0,0.0,0.0,0.0,0.45438099,3.32500005
155.03238532,0.2818770642181818,0.0014653792727272728,178,-1,0.0,0.0,0.0,0.0,0.0,0.44805801,4.17499995
155.03238532,0.25838730886666667,0.0014653792727272728,178,-1,0.0,0.0,0.0,0.0,0.0,0.436802,6.27499985
155.03238532,0.248051816512,0.0014653792727272728,178,-1,0.0,0.0,0.0,0.0,0.0,0.432978,7.54999995
155.03238532,0.22967760788148148,0.0014653792727272728,178,-1,0.0,0.0,0.0,0.0,0.0,0.426714,10.5
157.91624624,0.24674413474999998,0.0010099378571428572,30,1,0.0,0.0,0.0,0.0,0.0,0.49164799,3.3500000500000002
157.91624624,0.31583249248,0.0010099378571428572,30,-1,0.0,0.0,0.0,0.0,0.0,0.59961301,0.36
157.91624624,0.28199329685714286,0.0010099378571428572,30,-1,0.0,0.0,0.0,0.0,0.0,0.51605803,0.96500001
157.91624624,0.2631937437333333,0.0010099378571428572,30,-1,0.0,0.0,0.0,0.0,0.0,0.487342,1.9599999499999998
157.91624624,0.2506607083174603,0.0010099378571428572,30,-1,0.0,0.0,0.0,0.0,0.0,0.48846099,3.2749999499999998
157.91624624,0.2631937437333333,0.0014737441818181817,177,1,0.0,0.0,0.0,0.0,0.0,0.436643,9.375
157.91624624,0.25266599398399997,0.0014737441818181817,177,1,0.0,0.0,0.0,0.0,0.0,0.434865,8.125
157.91624624,0.24294807113846154,0.0014737441818181817,177,1,0.0,0.0,0.0,0.0,0.0,0.43144399,6.97500015
157.91624624,0.23394999442962963,0.0014737441818181817,177,1,0.0,0.0,0.0,0.0,0.0,0.428123,5.95000005
157.91624624,0.22559463748571426,0.0014737441818181817,177,1,0.0,0.0,0.0,0.0,0.0,0.429575,5.125
157.91624624,0.1973953078,0.0014737441818181817,177,1,0.0,0.0,0.0,0.0,0.0,0.426864,2.6499999499999998
157.91624624,0.5263874874666666,0.0014737441818181817,177,-1,0.0,0.0,0.0,0.0,0.0,0.609155,0.28
157.91624624,0.2871204477090909,0.0014737441818181817,177,-1,0.0,0.0,0.0,0.0,0.0,0.44227999,3.75
157.91624624,0.2746369499826087,0.0014737441818181817,177,-1,0.0,0.0,0.0,0.0,0.0,0.43531701,4.6500001
157.91624624,0.2631937437333333,0.0014737441818181817,177,-1,0.0,0.0,0.0,0.0,0.0,0.432816,5.75
157.91624624,0.24294807113846154,0.0014737441818181817,177,-1,0.0,0.0,0.0,0.0,0.0,0.42370999,8.2750001
160.25316801999998,0.2811459088070175,0.001005665,29,1,0.0,0.0,0.0,0.0,0.0,0.53894103,8.5500002
160.25316801999998,0.25847285164516126,0.001005665,29,1,0.0,0.0,0.0,0.0,0.0,0.519117,5.0500002
160.25316801999998,0.2465433354153846,0.001005665,29,1,0.0,0.0,0.0,0.0,0.0,0.48961401,3.29999995
160.25316801999998,0.22893309717142854,0.001005665,29,1,0.0,0.0,0.0,0.0,0.0,0.49362701,1.595
160.25316801999998,0.2913693964,0.001005665,29,-1,0.0,0.0,0.0,0.0,0.0,0.53256398,0.6649999950000001
160.25316801999998,0.2861663714642857,0.001005665,29,-1,0.0,0.0,0.0,0.0,0.0,0.51424003,0.765000015
161.42162891,0.16142162891,0.000980089642857143,28,1,0.0,0.0,0.0,0.0,0.0,0.75088501,0.115
161.42162891,0.22735440691549297,0.000980089642857143,28,1,0.0,0.0,0.0,0.0,0.0,0.50182498,1.48
161.42162891,0.2562248077936508,0.000980089642857143,28,-1,0.0,0.0,0.0,0.0,0.0,0.49619901,2.625
160.82496802999998,0.23650730592647057,0.0010412857142857142,32,1,0.0,0.0,0.0,0.0,0.0,0.49333099,2.42499995
160.82496802999998,0.2297499543285714,0.0010412857142857142,32,1,0.0,0.0,0.0,0.0,0.0,0.48552001,1.765
160.82496802999998,0.21443329070666664,0.0010412857142857142,32,1,0.0,0.0,0.0,0.0,0.0,0.50561899,0.88500002
160.82496802999998,0.28214906671929824,0.0010412857142857142,32,-1,0.0,0.0,0.0,0.0,0.0,0.51668602,1.065
164.42979418,0.2529689141230769,0.001038472142857143,31,1,0.0,0.0,0.0,0.0,0.0,0.49557999,4.375
164.42979418,0.24913605178787876,0.001038472142857143,31,1,0.0,0.0,0.0,0.0,0.0,0.49205899,3.85
164.42979418,0.283499645137931,0.001038472142857143,31,-1,0.0,0.0,0.0,0.0,0.0,0.52625698,1.030000055
161.44648977999998,0.2603975641612903,0.0010335907142857142,30,1,0.0,0.0,0.0,0.0,0.0,0.55258602,5.64999985
161.44648977999998,0.24096491011940296,0.0010335907142857142,30,1,0.0,0.0,0.0,0.0,0.0,0.52371001,3.005
161.44648977999998,0.23398041997101446,0.0010335907142857142,30,1,0.0,0.0,0.0,0.0,0.0,0.51993901,2.275
161.44648977999998,0.18993704679999998,0.0010335907142857142,30,1,0.0,0.0,0.0,0.0,0.0,0.58891499,0.295000005
161.44648977999998,0.2306378425428571,0.0010335907142857142,30,-1,0.0,0.0,0.0,0.0,0.0,0.50053298,6.89999985
166.74185508999997,0.24520861042647055,0.0010701064285714287,29,1,0.0,0.0,0.0,0.0,0.0,0.39570299,2.5250001
166.74185508999997,0.2382026501285714,0.0010701064285714287,29,1,0.0,0.0,0.0,0.0,0.0,0.37309599,1.615
166.74185508999997,0.2874859570517241,0.0010701064285714287,29,-1,0.0,0.0,0.0,0.0,0.0,0.44317499,0.47999999000000004
166.74185508999997,0.2826133137118644,0.0010701064285714287,29,-1,0.0,0.0,0.0,0.0,0.0,0.417808,0.530000005
166.74185508999997,0.2382026501285714,0.0010701064285714287,29,-1,0.0,0.0,0.0,0.0,0.0,0.404502,4.8499999
170.94334212,0.25900506381818184,0.0010682414285714287,28,1,0.0,0.0,0.0,0.0,0.0,0.377213,4.3499999
170.94334212,0.25513931659701494,0.0010682414285714287,28,1,0.0,0.0,0.0,0.0,0.0,0.37411901,3.7249999
170.94334212,0.24420477445714286,0.0010682414285714287,28,1,0.0,0.0,0.0,0.0,0.0,0.35569301,2.1149999999999998
170.94334212,0.2407652705915493,0.0010682414285714287,28,1,0.0,0.0,0.0,0.0,0.0,0.35802901,1.755
170.94334212,0.2374213085,0.0010682414285714287,28,1,0.0,0.0,0.0,0.0,0.0,0.36302501,1.4649999500000002
170.94334212,0.22792445616,0.0010682414285714287,28,1,0.0,0.0,0.0,0.0,0.0,0.37278301,0.810000005
170.94334212,0.21367917765000002,0.0010682414285714287,28,1,0.0,0.0,0.0,0.0,0.0,0.386666,0.275000005
170.94334212,0.2849055702,0.0010682414285714287,28,-1,0.0,0.0,0.0,0.0,0.0,0.412027,0.42500001
170.94334212,0.28023498708196726,0.0010682414285714287,28,-1,0.0,0.0,0.0,0.0,0.0,0.38815999,0.47499999
170.94334212,0.25138726782352944,0.0010682414285714287,28,-1,0.0,0.0,0.0,0.0,0.0,0.36748201,2.4499999
170.94334212,0.24774397408695653,0.0010682414285714287,28,-1,0.0,0.0,0.0,0.0,0.0,0.35226101,2.8450000500000003
170.94334212,0.2407652705915493,0.0010682414285714287,28,-1,0.0,0.0,0.0,0.0,0.0,0.35055801,4.02499995
168.08434207,0.24012048867142857,0.0009706325000000001,32,1,0.0,0.0,0.0,0.0,0.0,0.37679699,2.015
168.08434207,0.27110377753225806,0.0009706325000000001,32,-1,0.0,0.0,0.0,0.0,0.0,0.364618,0.83500001
168.08434207,0.26680054296825395,0.0009706325000000001,32,-1,0.0,0.0,0.0,0.0,0.0,0.36863801,1.11000005
168.08434207,0.2585912954923077,0.0009706325000000001,32,-1,0.0,0.0,0.0,0.0,0.0,0.359824,1.7
168.08434207,0.25467324556060605,0.0009706325000000001,32,-1,0.0,0.0,0.0,0.0,0.0,0.35681,2.08000005
162.8386985,0.24672530075757573,0.0009783600000000002,31,1,0.0,0.0,0.0,0.0,0.0,0.373101,2.57000005
162.8386985,0.2505210746153846,0.0009783600000000002,31,-1,0.0,0.0,0.0,0.0,0.0,0.36855701,2.59
165.87172464,0.24756973826865672,0.0009756133333333333,30,1,0.0,0.0,0.0,0.0,0.0,0.36794901,2.6699999500000002
165.87172464,0.23037739533333332,0.0009756133333333333,30,1,0.0,0.0,0.0,0.0,0.0,0.36250499,0.97
165.87172464,0.24756973826865672,0.0009756133333333333,30,-1,0.0,0.0,0.0,0.0,0.0,0.36868399,2.96500005
155.08210706,0.2461620746984127,0.0009606191666666666,29,1,0.0,0.0,0.0,0.0,0.0,0.37663901,2.31000005
155.08210706,0.23858785701538462,0.0009606191666666666,29,1,0.0,0.0,0.0,0.0,0.0,0.38259199,1.5899999500000002
155.08210706,0.22154586722857142,0.0009606191666666666,29,1,0.0,0.0,0.0,0.0,0.0,0.47657901,0.94
155.08210706,0.193852633825,0.0009606191666666666,29,1,0.0,0.0,0.0,0.0,0.0,0.55241197,0.25
155.08210706,0.18244953771764705,0.0009606191666666666,29,1,0.0,0.0,0.0,0.0,0.0,0.65794599,0.25999999
155.08210706,0.28196746738181816,0.0009606191666666666,29,-1,0.0,0.0,0.0,0.0,0.0,0.42541701,0.545000005
155.08210706,0.2720738720350877,0.0009606191666666666,29,-1,0.0,0.0,0.0,0.0,0.0,0.41344801,0.895000065
155.08210706,0.2501324307419355,0.0009606191666666666,29,-1,0.0,0.0,0.0,0.0,0.0,0.37948999,2.51499995
155.08210706,0.2461620746984127,0.0009606191666666666,29,-1,0.0,0.0,0.0,0.0,0.0,0.37812501,3.03999995
156.99639405,0.24920062547619046,0.0009330575000000001,28,1,0.0,0.0,0.0,0.0,0.0,0.37740499,2.6999999499999996
156.99639405,0.2532199904032258,0.0009330575000000001,28,-1,0.0,0.0,0.0,0.0,0.0,0.38293499,2.115
153.76448095,0.24602316952,0.0009197234285714286,32,1,0.0,0.0,0.0,0.0,0.0,0.40798301,2.6650001
153.76448095,0.23656073992307694,0.0009197234285714286,32,1,0.0,0.0,0.0,0.0,0.0,0.40325901,1.69
153.76448095,0.22779923103703706,0.0009197234285714286,32,1,0.0,0.0,0.0,0.0,0.0,0.40426099,1.03999995
153.76448095,0.21966354421428572,0.0009197234285714286,32,1,0.0,0.0,0.0,0.0,0.0,0.407915,0.625
153.76448095,0.2120889392413793,0.0009197234285714286,32,1,0.0,0.0,0.0,0.0,0.0,0.416145,0.379999995
153.76448095,0.20501930793333334,0.0009197234285714286,32,1,0.0,0.0,0.0,0.0,0.0,0.43461901,0.255
153.76448095,0.3075289619,0.0009197234285714286,32,-1,0.0,0.0,0.0,0.0,0.0,0.52044702,0.33000001
153.76448095,0.29288472561904766,0.0009197234285714286,32,-1,0.0,0.0,0.0,0.0,0.0,0.486386,0.52499999
153.76448095,0.27957178354545453,0.0009197234285714286,32,-1,0.0,0.0,0.0,0.0,0.0,0.45574099,0.840000005
153.76448095,0.26741648860869566,0.0009197234285714286,32,-1,0.0,0.0,0.0,0.0,0.0,0.435682,1.38
153.76448095,0.2562741349166667,0.0009197234285714286,32,-1,0.0,0.0,0.0,0.0,0.0,0.42167699,2.21000005
153.76448095,0.24602316952,0.0009197234285714286,32,-1,0.0,0.0,0.0,0.0,0.0,0.40820599,3.3500000500000002
153.76448095,0.23656073992307694,0.0009197234285714286,32,-1,0.0,0.0,0.0,0.0,0.0,0.40343601,4.875
151.99935918,0.27636247123636365,0.0009044577142857143,31,1,0.0,0.0,0.0,0.0,0.0,0.50171602,7.25000025
151.99935918,0.2533322653,0.0009044577142857143,31,1,0.0,0.0,0.0,0.0,0.0,0.431615,3.6000000500000002
151.99935918,0.243198974688,0.0009044577142857143,31,1,0.0,0.0,0.0,0.0,0.0,0.42320299,2.375
151.99935918,0.23384516796923077,0.0009044577142857143,31,1,0.0,0.0,0.0,0.0,0.0,0.42313501,1.52
151.99935918,0.22518423582222222,0.0009044577142857143,31,1,0.0,0.0,0.0,0.0,0.0,0.42688701,0.94999999
151.99935918,0.2171419416857143,0.0009044577142857143,31,1,0.0,0.0,0.0,0.0,0.0,0.43174201,0.58000001
151.99935918,0.20965428852413792,0.0009044577142857143,31,1,0.0,0.0,0.0,0.0,0.0,0.44723001,0.38000001
151.99935918,0.20266581224,0.0009044577142857143,31,1,0.0,0.0,0.0,0.0,0.0,0.459714,0.24499999500000003
151.99935918,0.46769033593846154,0.0009044577142857143,31,-1,0.0,0.0,0.0,0.0,0.0,1.18681,0.2050000049
151.99935918,0.30399871836,0.0009044577142857143,31,-1,0.0,0.0,0.0,0.0,0.0,0.52896601,0.39
151.99935918,0.28952258891428573,0.0009044577142857143,31,-1,0.0,0.0,0.0,0.0,0.0,0.493536,0.61499998
151.99935918,0.27636247123636365,0.0009044577142857143,31,-1,0.0,0.0,0.0,0.0,0.0,0.46572599,0.995000015
151.99935918,0.2643467116173913,0.0009044577142857143,31,-1,0.0,0.0,0.0,0.0,0.0,0.447061,1.62
151.99935918,0.2533322653,0.0009044577142857143,31,-1,0.0,0.0,0.0,0.0,0.0,0.43238699,2.5399999500000003
151.99935918,0.243198974688,0.0009044577142857143,31,-1,0.0,0.0,0.0,0.0,0.0,0.42155099,3.79999995
151.99935918,0.23384516796923077,0.0009044577142857143,31,-1,0.0,0.0,0.0,0.0,0.0,0.42580101,5.47500015
151.99935918,0.2171419416857143,0.0009044577142857143,31,-1,0.0,0.0,0.0,0.0,0.0,0.42118701,9.474999799999999
151.67616787,0.242681868592,0.0009173548571428572,30,1,0.0,0.0,0.0,0.0,0.0,0.41407901,2.24
151.67616787,0.23334795056923077,0.0009173548571428572,30,1,0.0,0.0,0.0,0.0,0.0,0.41124699,1.385
151.67616787,0.22470543388148148,0.0009173548571428572,30,1,0.0,0.0,0.0,0.0,0.0,0.41690099,0.849999995
151.67616787,0.21668023981428572,0.0009173548571428572,30,1,0.0,0.0,0.0,0.0,0.0,0.43212101,0.544999985
151.67616787,0.20223489049333335,0.0009173548571428572,30,1,0.0,0.0,0.0,0.0,0.0,0.46448401,0.235000005
151.67616787,0.46669590113846154,0.0009173548571428572,30,-1,0.0,0.0,0.0,0.0,0.0,1.062552,0.09500000489999999
151.67616787,0.2889069864190476,0.0009173548571428572,30,-1,0.0,0.0,0.0,0.0,0.0,0.48647001,0.565
151.67616787,0.2757748506727273,0.0009173548571428572,30,-1,0.0,0.0,0.0,0.0,0.0,0.453053,0.905000005
151.67616787,0.26378463977391303,0.0009173548571428572,30,-1,0.0,0.0,0.0,0.0,0.0,0.42824799,1.475
151.67616787,0.25279361311666665,0.0009173548571428572,30,-1,0.0,0.0,0.0,0.0,0.0,0.408948,2.35
151.67616787,0.242681868592,0.0009173548571428572,30,-1,0.0,0.0,0.0,0.0,0.0,0.403139,3.6499999499999998
151.67616787,0.23334795056923077,0.0009173548571428572,30,-1,0.0,0.0,0.0,0.0,0.0,0.399876,5.29999995
151.67616787,0.22470543388148148,0.0009173548571428572,30,-1,0.0,0.0,0.0,0.0,0.0,0.394925,7.22500015
151.67616787,0.21668023981428572,0.0009173548571428572,30,-1,0.0,0.0,0.0,0.0,0.0,0.36867699,9.3000002
151.67616787,0.20920850740689656,0.0009173548571428572,30,-1,0.0,0.0,0.0,0.0,0.0,0.362387,11.625
151.67616787,0.25279361311666665,0.0012102214285714286,93,1,0.0,0.0,0.0,0.0,0.0,0.45621899,6.07500005
151.67616787,0.242681868592,0.0012102214285714286,93,1,0.0,0.0,0.0,0.0,0.0,0.44768,4.8499999
151.67616787,0.22470543388148148,0.0012102214285714286,93,1,0.0,0.0,0.0,0.0,0.0,0.444879,3.07500005
151.67616787,0.21668023981428572,0.0012102214285714286,93,1,0.0,0.0,0.0,0.0,0.0,0.442224,2.39499995
151.67616787,0.20920850740689656,0.0012102214285714286,93,1,0.0,0.0,0.0,0.0,0.0,0.44387501,1.88499995
151.67616787,0.20223489049333335,0.0012102214285714286,93,1,0.0,0.0,0.0,0.0,0.0,0.446004,1.48
151.67616787,0.30335233574,0.0012102214285714286,93,-1,0.0,0.0,0.0,0.0,0.0,0.487111,1.595
151.67616787,0.2757748506727273,0.0012102214285714286,93,-1,0.0,0.0,0.0,0.0,0.0,0.46348101,2.90999995
151.67616787,0.26378463977391303,0.0012102214285714286,93,-1,0.0,0.0,0.0,0.0,0.0,0.45425799,3.82500005
151.67616787,0.242681868592,0.0012102214285714286,93,-1,0.0,0.0,0.0,0.0,0.0,0.441843,6.25
151.67616787,0.22470543388148148,0.0012102214285714286,93,-1,0.0,0.0,0.0,0.0,0.0,0.43444401,9.4250002
151.67616787,0.21668023981428572,0.0012102214285714286,93,-1,0.0,0.0,0.0,0.0,0.0,0.431499,11.25
151.67616787,0.20920850740689656,0.0012102214285714286,93,-1,0.0,0.0,0.0,0.0,0.0,0.43314499,13.25
151.67616787,0.20223489049333335,0.0012102214285714286,93,-1,0.0,0.0,0.0,0.0,0.0,0.43748,15.375
148.09620259,0.26926582289090906,0.0009169085714285715,29,1,0.0,0.0,0.0,0.0,0.0,0.45261601,5.70000005
148.09620259,0.2575586132,0.0009169085714285715,29,1,0.0,0.0,0.0,0.0,0.0,0.43178099,3.95000005
148.09620259,0.24682700431666665,0.0009169085714285715,29,1,0.0,0.0,0.0,0.0,0.0,0.420546,2.57999995
148.09620259,0.236953924144,0.0009169085714285715,29,1,0.0,0.0,0.0,0.0,0.0,0.41638201,1.6
148.09620259,0.22784031167692306,0.0009169085714285715,29,1,0.0,0.0,0.0,0.0,0.0,0.42024499,0.97
148.09620259,0.2194017816148148,0.0009169085714285715,29,1,0.0,0.0,0.0,0.0,0.0,0.42879,0.5850000049999999
148.09620259,0.21156600369999998,0.0009169085714285715,29,1,0.0,0.0,0.0,0.0,0.0,0.44317001,0.364999995
148.09620259,0.20427062426206896,0.0009169085714285715,29,1,0.0,0.0,0.0,0.0,0.0,0.459892,0.235000005
148.09620259,0.19746160345333333,0.0009169085714285715,29,1,0.0,0.0,0.0,0.0,0.0,0.485569,0.170000005
148.09620259,0.31178147913684207,0.0009169085714285715,29,-1,0.0,0.0,0.0,0.0,0.0,0.56467199,0.299999995
148.09620259,0.2820880049333333,0.0009169085714285715,29,-1,0.0,0.0,0.0,0.0,0.0,0.48470899,0.744999975
148.09620259,0.26926582289090906,0.0009169085714285715,29,-1,0.0,0.0,0.0,0.0,0.0,0.45552099,1.2149999999999999
148.09620259,0.2575586132,0.0009169085714285715,29,-1,0.0,0.0,0.0,0.0,0.0,0.43442899,1.97000005
148.09620259,0.24682700431666665,0.0009169085714285715,29,-1,0.0,0.0,0.0,0.0,0.0,0.422658,3.1000000500000002
148.09620259,0.236953924144,0.0009169085714285715,29,-1,0.0,0.0,0.0,0.0,0.0,0.415187,4.60000015
148.09620259,0.22784031167692306,0.0009169085714285715,29,-1,0.0,0.0,0.0,0.0,0.0,0.42903799,6.5250001
148.09620259,0.2194017816148148,0.0009169085714285715,29,-1,0.0,0.0,0.0,0.0,0.0,0.43631101,8.625
148.09620259,0.21156600369999998,0.0009169085714285715,29,-1,0.0,0.0,0.0,0.0,0.0,0.44355699,10.875
148.09620259,0.20427062426206896,0.0009169085714285715,29,-1,0.0,0.0,0.0,0.0,0.0,0.42724401,13.175
148.09620259,0.19746160345333333,0.0009169085714285715,29,-1,0.0,0.0,0.0,0.0,0.0,0.497105,15.7
148.09620259,0.20427062426206896,0.001277537142857143,92,1,0.0,0.0,0.0,0.0,0.0,0.44912601,1.55
148.09620259,0.29619240518,0.001277537142857143,92,-1,0.0,0.0,0.0,0.0,0.0,0.49145299,1.89499995
148.09620259,0.26926582289090906,0.001277537142857143,92,-1,0.0,0.0,0.0,0.0,0.0,0.468521,3.3999999499999998
148.09620259,0.2575586132,0.001277537142857143,92,-1,0.0,0.0,0.0,0.0,0.0,0.45957699,4.42499995
148.09620259,0.24682700431666665,0.001277537142857143,92,-1,0.0,0.0,0.0,0.0,0.0,0.45463601,5.67499995
148.09620259,0.22784031167692306,0.001277537142857143,92,-1,0.0,0.0,0.0,0.0,0.0,0.44699699,8.7249999
148.09620259,0.19746160345333333,0.001277537142857143,92,-1,0.0,0.0,0.0,0.0,0.0,0.45589101,16.725
149.26466348,0.2595907190956522,0.000890682,28,1,0.0,0.0,0.0,0.0,0.0,0.40187699,4.07500005
149.26466348,0.24877443913333333,0.000890682,28,1,0.0,0.0,0.0,0.0,0.0,0.38812801,2.595
149.26466348,0.238823461568,0.000890682,28,1,0.0,0.0,0.0,0.0,0.0,0.38354599,1.55000005
149.26466348,0.2296379438153846,0.000890682,28,1,0.0,0.0,0.0,0.0,0.0,0.389294,0.905000005
149.26466348,0.22113283478518517,0.000890682,28,1,0.0,0.0,0.0,0.0,0.0,0.398388,0.52000001
149.26466348,0.21323523354285714,0.000890682,28,1,0.0,0.0,0.0,0.0,0.0,0.41514599,0.314999995
149.26466348,0.3142413968,0.000890682,28,-1,0.0,0.0,0.0,0.0,0.0,0.54844397,0.215000005
149.26466348,0.29852932696,0.000890682,28,-1,0.0,0.0,0.0,0.0,0.0,0.49835601,0.325
149.26466348,0.2843136447238095,0.000890682,28,-1,0.0,0.0,0.0,0.0,0.0,0.455311,0.519999995
149.26466348,0.27139029723636365,0.000890682,28,-1,0.0,0.0,0.0,0.0,0.0,0.42429,0.890000015
149.26466348,0.2595907190956522,0.000890682,28,-1,0.0,0.0,0.0,0.0,0.0,0.40085301,1.525
149.26466348,0.24877443913333333,0.000890682,28,-1,0.0,0.0,0.0,0.0,0.0,0.383439,2.52
149.26466348,0.238823461568,0.000890682,28,-1,0.0,0.0,0.0,0.0,0.0,0.38259199,4.0000001
149.26466348,0.2296379438153846,0.000890682,28,-1,0.0,0.0,0.0,0.0,0.0,0.38240901,5.82500005
149.26466348,0.21323523354285714,0.000890682,28,-1,0.0,0.0,0.0,0.0,0.0,0.42479101,10.3000002
149.26466348,0.20588229445517242,0.000890682,28,-1,0.0,0.0,0.0,0.0,0.0,0.46459001,12.725
149.26466348,0.29852932696,0.00122865,91,1,0.0,0.0,0.0,0.0,0.0,0.488978,11.8
149.26466348,0.27139029723636365,0.00122865,91,1,0.0,0.0,0.0,0.0,0.0,0.46083501,8.1750002
149.26466348,0.24877443913333333,0.00122865,91,1,0.0,0.0,0.0,0.0,0.0,0.44388399,5.32500005
149.26466348,0.238823461568,0.00122865,91,1,0.0,0.0,0.0,0.0,0.0,0.43784201,4.20000005
149.26466348,0.22113283478518517,0.00122865,91,1,0.0,0.0,0.0,0.0,0.0,0.429129,2.505
149.26466348,0.21323523354285714,0.00122865,91,1,0.0,0.0,0.0,0.0,0.0,0.43178901,1.955
149.26466348,0.19901955130666665,0.00122865,91,1,0.0,0.0,0.0,0.0,0.0,0.43654799,1.17
149.26466348,0.3142413968,0.00122865,91,-1,0.0,0.0,0.0,0.0,0.0,0.49802601,1.22499995
149.26466348,0.29852932696,0.00122865,91,-1,0.0,0.0,0.0,0.0,0.0,0.48223099,1.69
149.26466348,0.2843136447238095,0.00122865,91,-1,0.0,0.0,0.0,0.0,0.0,0.46707699,2.28499995
149.26466348,0.27139029723636365,0.00122865,91,-1,0.0,0.0,0.0,0.0,0.0,0.45671001,3.07500005
149.26466348,0.2595907190956522,0.00122865,91,-1,0.0,0.0,0.0,0.0,0.0,0.445528,4.02499995
149.26466348,0.24877443913333333,0.00122865,91,-1,0.0,0.0,0.0,0.0,0.0,0.438209,5.20000005
154.83349836,0.2457674577142857,0.0009433534285714286,32,1,0.0,0.0,0.0,0.0,0.0,0.379022,2.45999995
154.83349836,0.24192734118749998,0.0009433534285714286,32,1,0.0,0.0,0.0,0.0,0.0,0.38037801,2.06000005
154.83349836,0.23820538209230768,0.0009433534285714286,32,1,0.0,0.0,0.0,0.0,0.0,0.37348899,1.655
154.83349836,0.23459620963636363,0.0009433534285714286,32,1,0.0,0.0,0.0,0.0,0.0,0.37276,1.345
151.05464612,0.25175774353333336,0.0009589131428571429,31,1,0.0,0.0,0.0,0.0,0.0,0.38418001,3.0500000500000004
151.05464612,0.243636526,0.0009589131428571429,31,1,0.0,0.0,0.0,0.0,0.0,0.37702399,2.08
151.05464612,0.2360228845625,0.0009589131428571429,31,1,0.0,0.0,0.0,0.0,0.0,0.383825,1.4300000499999999
151.05464612,0.27464481112727274,0.0009589131428571429,31,-1,0.0,0.0,0.0,0.0,0.0,0.41780999,0.8350000099999999
151.05464612,0.2697404395,0.0009589131428571429,31,-1,0.0,0.0,0.0,0.0,0.0,0.41302201,1.059999995
151.05464612,0.2650081510877193,0.0009589131428571429,31,-1,0.0,0.0,0.0,0.0,0.0,0.40588501,1.315
162.8386985,0.2584741246031746,0.0009693685714285714,30,1,0.0,0.0,0.0,0.0,0.0,0.48785201,4.875
162.8386985,0.25443546640625,0.0009693685714285714,30,1,0.0,0.0,0.0,0.0,0.0,0.47140899,4.20000005
162.8386985,0.2505210746153846,0.0009693685714285714,30,1,0.0,0.0,0.0,0.0,0.0,0.500063,3.9000001
162.8386985,0.24672530075757573,0.0009693685714285714,30,1,0.0,0.0,0.0,0.0,0.0,0.488785,3.3500000500000002
162.8386985,0.23946867426470586,0.0009693685714285714,30,1,0.0,0.0,0.0,0.0,0.0,0.490253,2.55499995
162.8386985,0.23262671214285713,0.0009693685714285714,30,1,0.0,0.0,0.0,0.0,0.0,0.51037699,2.04500005
162.8386985,0.22616485902777778,0.0009693685714285714,30,1,0.0,0.0,0.0,0.0,0.0,0.51562297,1.555
162.8386985,0.21711826466666664,0.0009693685714285714,30,1,0.0,0.0,0.0,0.0,0.0,0.53265399,1.065
162.8386985,0.2960703609090909,0.0009693685714285714,30,-1,0.0,0.0,0.0,0.0,0.0,0.502698,0.49000001
162.8386985,0.28568192719298247,0.0009693685714285714,30,-1,0.0,0.0,0.0,0.0,0.0,0.48094299,0.71500002
162.8386985,0.2807563767241379,0.0009693685714285714,30,-1,0.0,0.0,0.0,0.0,0.0,0.48587501,0.934999995
162.8386985,0.24672530075757573,0.0009693685714285714,30,-1,0.0,0.0,0.0,0.0,0.0,0.49015701,4.0250001
162.8386985,0.23946867426470586,0.0009693685714285714,30,-1,0.0,0.0,0.0,0.0,0.0,0.411226,4.6500001
155.55446358999998,0.2592574393166666,0.0009460588571428572,29,1,0.0,0.0,0.0,0.0,0.0,0.479195,4.7249999
155.55446358999998,0.23568858119696967,0.0009460588571428572,29,1,0.0,0.0,0.0,0.0,0.0,0.51469898,2.2399999999999998
155.55446358999998,0.22222066227142856,0.0009460588571428572,29,1,0.0,0.0,0.0,0.0,0.0,0.50082302,1.124999985
155.55446358999998,0.20740595145333332,0.0009460588571428572,29,1,0.0,0.0,0.0,0.0,0.0,0.565341,0.689999995
155.55446358999998,0.17283829287777777,0.0009460588571428572,29,1,0.0,0.0,0.0,0.0,0.0,0.70136201,0.19
155.55446358999998,0.2828262974363636,0.0009460588571428572,29,-1,0.0,0.0,0.0,0.0,0.0,0.45781499,0.6349999900000001
155.55446358999998,0.2636516332033898,0.0009460588571428572,29,-1,0.0,0.0,0.0,0.0,0.0,0.495819,1.9049999499999999
155.55446358999998,0.2592574393166666,0.0009460588571428572,29,-1,0.0,0.0,0.0,0.0,0.0,0.47341901,2.145
155.55446358999998,0.23931455936923074,0.0009460588571428572,29,-1,0.0,0.0,0.0,0.0,0.0,0.45699599,4.6500001
157.22014188,0.253580874,0.0009356462857142858,28,1,0.0,0.0,0.0,0.0,0.0,0.44139099,3.70000005
157.22014188,0.24187714135384616,0.0009356462857142858,28,1,0.0,0.0,0.0,0.0,0.0,0.45379201,2.3999999499999998
157.22014188,0.23821233618181817,0.0009356462857142858,28,1,0.0,0.0,0.0,0.0,0.0,0.47239801,2.1600001
157.22014188,0.23465692817910447,0.0009356462857142858,28,1,0.0,0.0,0.0,0.0,0.0,0.46016201,1.75500005
157.22014188,0.2246002026857143,0.0009356462857142858,28,1,0.0,0.0,0.0,0.0,0.0,0.46783301,1.0599999850000001
157.22014188,0.17468904653333334,0.0009356462857142858,28,1,0.0,0.0,0.0,0.0,0.0,0.68570799,0.174999995
157.22014188,0.24187714135384616,0.0009356462857142858,28,-1,0.0,0.0,0.0,0.0,0.0,0.456467,4.20000005
154.31142008999998,0.23740218475384614,0.0009655285714285715,32,1,0.0,0.0,0.0,0.0,0.0,0.53793198,2.61999995
154.31142008999998,0.22692855895588232,0.0009655285714285715,32,1,0.0,0.0,0.0,0.0,0.0,0.60140502,2.145
157.1206984,0.2310598505882353,0.0009602671428571429,31,1,0.0,0.0,0.0,0.0,0.0,0.46225801,1.625
157.1206984,0.23450850507462687,0.0009602671428571429,31,-1,0.0,0.0,0.0,0.0,0.0,0.45086101,5.6500001
151.75075048,0.2408742071111111,0.0009561308571428571,30,1,0.0,0.0,0.0,0.0,0.0,0.455809,2.3249999
151.75075048,0.237110547625,0.0009561308571428571,30,1,0.0,0.0,0.0,0.0,0.0,0.45648301,1.9750000499999998
151.75075048,0.23346269304615383,0.0009561308571428571,30,1,0.0,0.0,0.0,0.0,0.0,0.45357901,1.64500005
151.75075048,0.20233433397333334,0.0009561308571428571,30,1,0.0,0.0,0.0,0.0,0.0,0.58265001,0.58499999
153.24240268,0.24716516561290322,0.0009537437142857143,29,1,0.0,0.0,0.0,0.0,0.0,0.46128801,3.02999995
153.24240268,0.228720004,0.0009537437142857143,29,1,0.0,0.0,0.0,0.0,0.0,0.49869999,1.54
153.24240268,0.19155300335,0.0009537437142857143,29,1,0.0,0.0,0.0,0.0,0.0,0.59116697,0.2950000105
153.24240268,0.2512170535737705,0.0009537437142857143,29,-1,0.0,0.0,0.0,0.0,0.0,0.412186,2.53000005
152.67060267,0.24624290753225805,0.0009383631428571429,28,1,0.0,0.0,0.0,0.0,0.0,0.45851499,2.84
152.67060267,0.23487785026153846,0.0009383631428571429,28,1,0.0,0.0,0.0,0.0,0.0,0.46388599,1.7549999500000002
150.1596548,0.3003193096,0.0008474363636363636,31,-1,0.0,0.0,0.0,0.0,0.0,0.51649898,0.425
150.1596548,0.27301755418181817,0.0008474363636363636,31,-1,0.0,0.0,0.0,0.0,0.0,0.45732799,1.12
144.39193296,0.28878386592,0.00085924,30,-1,0.0,0.0,0.0,0.0,0.0,0.488042,0.559999985
144.39193296,0.2578427374285714,0.00085924,30,-1,0.0,0.0,0.0,0.0,0.0,0.44658199,2.02500005
144.39193296,0.24895160855172413,0.00085924,30,-1,0.0,0.0,0.0,0.0,0.0,0.44433299,2.9549999
146.03275038,0.182540937975,0.0008326813043478261,29,1,0.0,0.0,0.0,0.0,0.0,0.88295299,0.87499995
146.03275038,0.17180323574117648,0.0008326813043478261,29,1,0.0,0.0,0.0,0.0,0.0,1.0788471,1.15999995
146.03275038,0.16225861153333335,0.0008326813043478261,29,1,0.0,0.0,0.0,0.0,0.0,0.78545702,0.1649999945
146.03275038,0.15371868461052632,0.0008326813043478261,29,1,0.0,0.0,0.0,0.0,0.0,0.960585,0.305000005
146.03275038,0.24751313623728816,0.0008326813043478261,29,-1,0.0,0.0,0.0,0.0,0.0,0.425464,2.94500005
145.46095036999998,0.29092190073999996,0.0008594000000000001,32,1,0.0,0.0,0.0,0.0,0.0,0.46620399,8.9500003
145.46095036999998,0.2644744552181818,0.0008594000000000001,32,1,0.0,0.0,0.0,0.0,0.0,0.42777801,4.92499995
145.46095036999998,0.2529755658608695,0.0008594000000000001,32,1,0.0,0.0,0.0,0.0,0.0,0.411439,3.32500005
145.46095036999998,0.2424349172833333,0.0008594000000000001,32,1,0.0,0.0,0.0,0.0,0.0,0.417478,2.21500005
145.46095036999998,0.23273752059199995,0.0008594000000000001,32,1,0.0,0.0,0.0,0.0,0.0,0.42460001,1.43
145.46095036999998,0.22378607749230767,0.0008594000000000001,32,1,0.0,0.0,0.0,0.0,0.0,0.442617,0.955000015
145.46095036999998,0.21549770425185183,0.0008594000000000001,32,1,0.0,0.0,0.0,0.0,0.0,0.46474901,0.6599999999999999
145.46095036999998,0.20780135767142854,0.0008594000000000001,32,1,0.0,0.0,0.0,0.0,0.0,0.487957,0.47
145.46095036999998,0.20063579361379308,0.0008594000000000001,32,1,0.0,0.0,0.0,0.0,0.0,0.52222902,0.375
145.46095036999998,0.19394793382666664,0.0008594000000000001,32,1,0.0,0.0,0.0,0.0,0.0,0.54816902,0.290000005
145.46095036999998,0.1876915488645161,0.0008594000000000001,32,1,0.0,0.0,0.0,0.0,0.0,0.57619601,0.23499999
145.46095036999998,0.18182618796249997,0.0008594000000000001,32,1,0.0,0.0,0.0,0.0,0.0,0.61780697,0.220000005
145.46095036999998,0.1711305298470588,0.0008594000000000001,32,1,0.0,0.0,0.0,0.0,0.0,0.65170503,0.1349999945
145.46095036999998,0.16162327818888886,0.0008594000000000001,32,1,0.0,0.0,0.0,0.0,0.0,0.71762002,0.12000000050000001
145.46095036999998,0.15311678986315788,0.0008594000000000001,32,1,0.0,0.0,0.0,0.0,0.0,0.76358801,0.0949999995
145.46095036999998,0.30623357972631576,0.0008594000000000001,32,-1,0.0,0.0,0.0,0.0,0.0,0.504695,0.29500000000000004
145.46095036999998,0.29092190073999996,0.0008594000000000001,32,-1,0.0,0.0,0.0,0.0,0.0,0.473795,0.50499998
145.46095036999998,0.27706847689523806,0.0008594000000000001,32,-1,0.0,0.0,0.0,0.0,0.0,0.44675201,0.859999985
145.46095036999998,0.2644744552181818,0.0008594000000000001,32,-1,0.0,0.0,0.0,0.0,0.0,0.42776099,1.45999995
145.46095036999998,0.2529755658608695,0.0008594000000000001,32,-1,0.0,0.0,0.0,0.0,0.0,0.413371,2.375
145.46095036999998,0.2424349172833333,0.0008594000000000001,32,-1,0.0,0.0,0.0,0.0,0.0,0.41703099,3.75
145.46095036999998,0.23273752059199995,0.0008594000000000001,32,-1,0.0,0.0,0.0,0.0,0.0,0.425625,5.47500015
143.04944598,0.1362375676,0.000861945,31,1,0.0,0.0,0.0,0.0,0.0,0.84386802,0.045000002
143.04944598,0.2487816451826087,0.000861945,31,1,0.0,0.0,0.0,0.0,0.0,0.41411901,2.78999995
143.04944598,0.2384157433,0.000861945,31,1,0.0,0.0,0.0,0.0,0.0,0.42070401,1.81
143.04944598,0.228879113568,0.000861945,31,1,0.0,0.0,0.0,0.0,0.0,0.43205199,1.1600000499999998
143.04944598,0.22007607073846155,0.000861945,31,1,0.0,0.0,0.0,0.0,0.0,0.45270899,0.775000005
143.04944598,0.21192510515555557,0.000861945,31,1,0.0,0.0,0.0,0.0,0.0,0.47582799,0.534999995
143.04944598,0.2043563514,0.000861945,31,1,0.0,0.0,0.0,0.0,0.0,0.50273103,0.39
143.04944598,0.19730958066206897,0.000861945,31,1,0.0,0.0,0.0,0.0,0.0,0.53626102,0.31
143.04944598,0.19073259464,0.000861945,31,1,0.0,0.0,0.0,0.0,0.0,0.564758,0.24500000500000002
143.04944598,0.1845799302967742,0.000861945,31,1,0.0,0.0,0.0,0.0,0.0,0.59637702,0.20500000499999999
143.04944598,0.28609889196,0.000861945,31,-1,0.0,0.0,0.0,0.0,0.0,0.469583,0.58000001
143.04944598,0.2724751352,0.000861945,31,-1,0.0,0.0,0.0,0.0,0.0,0.44207701,0.99
143.04944598,0.2600899017818182,0.000861945,31,-1,0.0,0.0,0.0,0.0,0.0,0.418504,1.6499999500000002
143.04944598,0.2487816451826087,0.000861945,31,-1,0.0,0.0,0.0,0.0,0.0,0.41023201,2.72000005
143.04944598,0.2384157433,0.000861945,31,-1,0.0,0.0,0.0,0.0,0.0,0.418235,4.25
143.04944598,0.228879113568,0.000861945,31,-1,0.0,0.0,0.0,0.0,0.0,0.42922601,6.0999999
143.04944598,0.22007607073846155,0.000861945,31,-1,0.0,0.0,0.0,0.0,0.0,0.45144901,8.2249999
143.04944598,0.19730958066206897,0.000861945,31,-1,0.0,0.0,0.0,0.0,0.0,0.401447,15.0249995
144.83942861999998,0.2633444156727272,0.00085295,30,1,0.0,0.0,0.0,0.0,0.0,0.424097,4.625
144.83942861999998,0.25189465846956516,0.00085295,30,1,0.0,0.0,0.0,0.0,0.0,0.41905001,3.125
144.83942861999998,0.24139904769999995,0.00085295,30,1,0.0,0.0,0.0,0.0,0.0,0.42093799,2.025
144.83942861999998,0.23174308579199995,0.00085295,30,1,0.0,0.0,0.0,0.0,0.0,0.42635301,1.2699999499999999
144.83942861999998,0.22282989018461535,0.00085295,30,1,0.0,0.0,0.0,0.0,0.0,0.44865501,0.849999995
144.83942861999998,0.21457693128888886,0.00085295,30,1,0.0,0.0,0.0,0.0,0.0,0.468766,0.56999999
144.83942861999998,0.2069134694571428,0.00085295,30,1,0.0,0.0,0.0,0.0,0.0,0.49234101,0.399999995
144.83942861999998,0.19977852223448272,0.00085295,30,1,0.0,0.0,0.0,0.0,0.0,0.53607899,0.34000000500000005
144.83942861999998,0.19311923815999998,0.00085295,30,1,0.0,0.0,0.0,0.0,0.0,0.544927,0.22499998999999998
144.83942861999998,0.186889585316129,0.00085295,30,1,0.0,0.0,0.0,0.0,0.0,0.57616502,0.185
144.83942861999998,0.18104928577499999,0.00085295,30,1,0.0,0.0,0.0,0.0,0.0,0.64073002,0.21000000000000002
144.83942861999998,0.16093269846666663,0.00085295,30,1,0.0,0.0,0.0,0.0,0.0,0.72826499,0.0999999995
144.83942861999998,0.34079865557647054,0.00085295,30,-1,0.0,0.0,0.0,0.0,0.0,0.64231902,0.1650000045
144.83942861999998,0.28967885724,0.00085295,30,-1,0.0,0.0,0.0,0.0,0.0,0.47452399,0.48999999499999997
144.83942861999998,0.2758846259428571,0.00085295,30,-1,0.0,0.0,0.0,0.0,0.0,0.44384199,0.8350000049999999
144.83942861999998,0.2633444156727272,0.00085295,30,-1,0.0,0.0,0.0,0.0,0.0,0.42184901,1.43
144.83942861999998,0.25189465846956516,0.00085295,30,-1,0.0,0.0,0.0,0.0,0.0,0.41419601,2.4150001
144.83942861999998,0.24139904769999995,0.00085295,30,-1,0.0,0.0,0.0,0.0,0.0,0.41722301,3.82500005
144.83942861999998,0.23174308579199995,0.00085295,30,-1,0.0,0.0,0.0,0.0,0.0,0.43143401,5.625
144.83942861999998,0.22282989018461535,0.00085295,30,-1,0.0,0.0,0.0,0.0,0.0,0.44324499,7.6500001
144.83942861999998,0.19311923815999998,0.00085295,30,-1,0.0,0.0,0.0,0.0,0.0,0.50258702,16.975
144.83942861999998,0.18104928577499999,0.00085295,30,-1,0.0,0.0,0.0,0.0,0.0,0.58326101,21.95
144.83942861999998,0.17039932778823527,0.00085295,30,-1,0.0,0.0,0.0,0.0,0.0,0.64842999,26.924999
144.83942861999998,0.25189465846956516,0.0012182233333333334,93,1,0.0,0.0,0.0,0.0,0.0,0.437235,5.4749999
144.83942861999998,0.24139904769999995,0.0012182233333333334,93,1,0.0,0.0,0.0,0.0,0.0,0.43751299,4.375
144.83942861999998,0.2069134694571428,0.0012182233333333334,93,1,0.0,0.0,0.0,0.0,0.0,0.43436599,1.5699999999999998
144.83942861999998,0.28967885724,0.0012182233333333334,93,-1,0.0,0.0,0.0,0.0,0.0,0.45923799,1.90499995
144.83942861999998,0.25189465846956516,0.0012182233333333334,93,-1,0.0,0.0,0.0,0.0,0.0,0.43830201,4.72500015
144.83942861999998,0.24139904769999995,0.0012182233333333334,93,-1,0.0,0.0,0.0,0.0,0.0,0.43648699,6.0999999
144.83942861999998,0.23174308579199995,0.0012182233333333334,93,-1,0.0,0.0,0.0,0.0,0.0,0.43397301,7.6500001
144.88915036,0.25198113106086956,0.0008800604347826087,29,1,0.0,0.0,0.0,0.0,0.0,0.40028799,3.005
144.88915036,0.24148191726666668,0.0008800604347826087,29,1,0.0,0.0,0.0,0.0,0.0,0.40223899,1.895
144.88915036,0.231822640576,0.0008800604347826087,29,1,0.0,0.0,0.0,0.0,0.0,0.40611199,1.1400000000000001
144.88915036,0.22290638516923078,0.0008800604347826087,29,1,0.0,0.0,0.0,0.0,0.0,0.42892301,0.73999998
144.88915036,0.21465059312592594,0.0008800604347826087,29,1,0.0,0.0,0.0,0.0,0.0,0.457277,0.510000005
144.88915036,0.2069845005142857,0.0008800604347826087,29,1,0.0,0.0,0.0,0.0,0.0,0.47714901,0.33999999999999997
144.88915036,0.19984710394482758,0.0008800604347826087,29,1,0.0,0.0,0.0,0.0,0.0,0.52241999,0.289999995
144.88915036,0.19318553381333334,0.0008800604347826087,29,1,0.0,0.0,0.0,0.0,0.0,0.53574502,0.195
144.88915036,0.1869537424,0.0008800604347826087,29,1,0.0,0.0,0.0,0.0,0.0,0.55773902,0.144999994
144.88915036,0.18111143795,0.0008800604347826087,29,1,0.0,0.0,0.0,0.0,0.0,0.63692898,0.19
144.88915036,0.30502979023157895,0.0008800604347826087,29,-1,0.0,0.0,0.0,0.0,0.0,0.49603,0.23499999
144.88915036,0.28977830072,0.0008800604347826087,29,-1,0.0,0.0,0.0,0.0,0.0,0.46047801,0.41000000000000003
144.88915036,0.2759793340190476,0.0008800604347826087,29,-1,0.0,0.0,0.0,0.0,0.0,0.43145299,0.72999999
144.88915036,0.26343481883636366,0.0008800604347826087,29,-1,0.0,0.0,0.0,0.0,0.0,0.40556499,1.27
144.88915036,0.25198113106086956,0.0008800604347826087,29,-1,0.0,0.0,0.0,0.0,0.0,0.39885601,2.23
144.88915036,0.24148191726666668,0.0008800604347826087,29,-1,0.0,0.0,0.0,0.0,0.0,0.39765301,3.6000000500000002
144.88915036,0.231822640576,0.0008800604347826087,29,-1,0.0,0.0,0.0,0.0,0.0,0.40620801,5.375
144.88915036,0.22290638516923078,0.0008800604347826087,29,-1,0.0,0.0,0.0,0.0,0.0,0.42357999,7.45000005
144.88915036,0.24148191726666668,0.0012648944444444443,92,1,0.0,0.0,0.0,0.0,0.0,0.43195599,4.29999995
144.88915036,0.3219758896888889,0.0012648944444444443,92,-1,0.0,0.0,0.0,0.0,0.0,0.48672199,0.9249999849999999
144.88915036,0.28977830072,0.0012648944444444443,92,-1,0.0,0.0,0.0,0.0,0.0,0.45155799,1.81
144.88915036,0.26343481883636366,0.0012648944444444443,92,-1,0.0,0.0,0.0,0.0,0.0,0.43735799,3.4750000500000002
143.99415904,0.25042462441739133,0.0008376499999999999,28,1,0.0,0.0,0.0,0.0,0.0,0.40966401,2.81499995
143.99415904,0.23999026506666665,0.0008376499999999999,28,1,0.0,0.0,0.0,0.0,0.0,0.40937999,1.745
143.99415904,0.230390654464,0.0008376499999999999,28,1,0.0,0.0,0.0,0.0,0.0,0.42039299,1.0750000000000002
143.99415904,0.22152947544615384,0.0008376499999999999,28,1,0.0,0.0,0.0,0.0,0.0,0.44013101,0.685000005
143.99415904,0.21332468005925925,0.0008376499999999999,28,1,0.0,0.0,0.0,0.0,0.0,0.46229899,0.45000000500000004
143.99415904,0.20570594148571428,0.0008376499999999999,28,1,0.0,0.0,0.0,0.0,0.0,0.48723799,0.31
143.99415904,0.19861263315862068,0.0008376499999999999,28,1,0.0,0.0,0.0,0.0,0.0,0.52150601,0.24
143.99415904,0.19199221205333333,0.0008376499999999999,28,1,0.0,0.0,0.0,0.0,0.0,0.54787302,0.18
143.99415904,0.30314559797894736,0.0008376499999999999,28,-1,0.0,0.0,0.0,0.0,0.0,0.495603,0.24
143.99415904,0.28798831807999997,0.0008376499999999999,28,-1,0.0,0.0,0.0,0.0,0.0,0.46513599,0.44
143.99415904,0.27427458864761906,0.0008376499999999999,28,-1,0.0,0.0,0.0,0.0,0.0,0.438288,0.794999985
143.99415904,0.2618075618909091,0.0008376499999999999,28,-1,0.0,0.0,0.0,0.0,0.0,0.41910499,1.41500005
143.99415904,0.25042462441739133,0.0008376499999999999,28,-1,0.0,0.0,0.0,0.0,0.0,0.41338399,2.44000005
143.99415904,0.23999026506666665,0.0008376499999999999,28,-1,0.0,0.0,0.0,0.0,0.0,0.409908,3.8500000500000002
143.99415904,0.230390654464,0.0008376499999999999,28,-1,0.0,0.0,0.0,0.0,0.0,0.420044,5.67499995
143.99415904,0.22152947544615384,0.0008376499999999999,28,-1,0.0,0.0,0.0,0.0,0.0,0.437374,7.77499985
143.99415904,0.20570594148571428,0.0008376499999999999,28,-1,0.0,0.0,0.0,0.0,0.0,0.55906898,12.625
143.99415904,0.19199221205333333,0.0008376499999999999,28,-1,0.0,0.0,0.0,0.0,0.0,0.668679,17.5500005
143.99415904,0.25042462441739133,0.001254591111111111,91,1,0.0,0.0,0.0,0.0,0.0,0.43172699,5.17499995
143.99415904,0.23999026506666665,0.001254591111111111,91,1,0.0,0.0,0.0,0.0,0.0,0.42994499,4.07500005
143.99415904,0.19199221205333333,0.001254591111111111,91,1,0.0,0.0,0.0,0.0,0.0,0.44431299,0.879999995
143.99415904,0.1799926988,0.001254591111111111,91,1,0.0,0.0,0.0,0.0,0.0,0.46403599,0.5850000049999999
143.99415904,0.3199870200888889,0.001254591111111111,91,-1,0.0,0.0,0.0,0.0,0.0,0.48536101,0.945000025
143.99415904,0.27427458864761906,0.001254591111111111,91,-1,0.0,0.0,0.0,0.0,0.0,0.45096701,2.6949999499999997
140.76224593999999,0.28152449187999995,0.0008721642857142857,32,1,0.0,0.0,0.0,0.0,0.0,0.49360201,7.32500005
140.76224593999999,0.25136115346428567,0.0008721642857142857,32,1,0.0,0.0,0.0,0.0,0.0,0.44344801,3.15
137.90324589,0.24625579623214286,0.0008538342857142857,31,1,0.0,0.0,0.0,0.0,0.0,0.444042,2.62
137.90324589,0.21547382170312498,0.0008538342857142857,31,1,0.0,0.0,0.0,0.0,0.0,0.473939,0.6399999999999999
137.90324589,0.26019480356603775,0.0008538342857142857,31,-1,0.0,0.0,0.0,0.0,0.0,0.441001,1.71500005
137.90324589,0.21889404109523808,0.0008538342857142857,31,-1,0.0,0.0,0.0,0.0,0.0,0.38468799,7.9499998
140.66280246,0.2511835758214286,0.0008579157142857142,30,1,0.0,0.0,0.0,0.0,0.0,0.409958,2.93999995
142.92514163,0.24642265798275864,0.0008831828571428571,29,1,0.0,0.0,0.0,0.0,0.0,0.391361,2.2949999500000002
142.92514163,0.20417877375714288,0.0008831828571428571,29,1,0.0,0.0,0.0,0.0,0.0,0.56035602,0.51
144.04388078,0.28808776156,0.0008684185714285714,28,-1,0.0,0.0,0.0,0.0,0.0,0.42188901,0.31
146.82829822,0.24471383036666666,0.0009336517857142856,32,1,0.0,0.0,0.0,0.0,0.0,0.45416901,2.70000005
146.82829822,0.22588968956923075,0.0009336517857142856,32,1,0.0,0.0,0.0,0.0,0.0,0.48493299,1.315
146.82829822,0.17273917437647057,0.0009336517857142856,32,1,0.0,0.0,0.0,0.0,0.0,0.646411,0.144999995
144.98859384,0.23014062514285713,0.0009179053571428571,31,1,0.0,0.0,0.0,0.0,0.0,0.49221301,1.610000015
144.98859384,0.22305937513846152,0.0009179053571428571,31,1,0.0,0.0,0.0,0.0,0.0,0.48111901,1.0799999599999999
140.9611329,0.24303643603448274,0.0009174499999999999,30,1,0.0,0.0,0.0,0.0,0.0,0.445501,2.2750000000000004
140.9611329,0.23493522149999999,0.0009174499999999999,30,1,0.0,0.0,0.0,0.0,0.0,0.486792,1.8250000000000002
140.9611329,0.2168632813846154,0.0009174499999999999,30,1,0.0,0.0,0.0,0.0,0.0,0.65961999,1.549999995
140.9611329,0.2819222658,0.0009174499999999999,30,-1,0.0,0.0,0.0,0.0,0.0,0.505961,0.8399999899999999
140.9611329,0.22735666596774193,0.0009174499999999999,30,-1,0.0,0.0,0.0,0.0,0.0,0.45881599,6.5250001
140.31475028,0.23002418078688525,0.0009005253571428572,29,1,0.0,0.0,0.0,0.0,0.0,0.50070602,1.48
140.31475028,0.23385791713333334,0.0009005253571428572,29,-1,0.0,0.0,0.0,0.0,0.0,0.60897201,6.0749998
141.93070683,0.2447081152241379,0.0008841649999999999,28,1,0.0,0.0,0.0,0.0,0.0,0.54955,3.0
141.93070683,0.23267328988524588,0.0008841649999999999,28,1,0.0,0.0,0.0,0.0,0.0,0.58523297,2.1300000999999997
141.93070683,0.22892049488709676,0.0008841649999999999,28,1,0.0,0.0,0.0,0.0,0.0,0.55187201,1.65
141.93070683,0.28386141366,0.0008841649999999999,28,-1,0.0,0.0,0.0,0.0,0.0,0.52943498,0.799999985
141.58265465,0.2022609352142857,0.0009980157142857144,32,1,0.0,0.0,0.0,0.0,0.0,0.57567698,0.57000005
141.58265465,0.3146281214444444,0.0009980157142857144,32,-1,0.0,0.0,0.0,0.0,0.0,0.87175,1.299999945
141.58265465,0.2831653093,0.0009980157142857144,32,-1,0.0,0.0,0.0,0.0,0.0,0.56297702,1.13500001
141.60751552,0.20229645074285713,0.00100031,31,1,0.0,0.0,0.0,0.0,0.0,0.51745498,0.37499998949999996
141.60751552,0.18881002069333333,0.00100031,31,1,0.0,0.0,0.0,0.0,0.0,0.58486599,0.25
141.60751552,0.23601252586666666,0.00100031,31,-1,0.0,0.0,0.0,0.0,0.0,0.46014601,4.875
140.28988941,0.2646979045471698,0.0010270914285714285,30,-1,0.0,0.0,0.0,0.0,0.0,0.49429399,1.75
140.28988941,0.2550725262,0.0010270914285714285,30,-1,0.0,0.0,0.0,0.0,0.0,0.492724,2.57500005
142.67653293,0.23779422155000002,0.0010057721428571428,29,1,0.0,0.0,0.0,0.0,0.0,0.455185,1.85499995
140.68766333,0.2344794388833333,0.0010229435714285715,28,1,0.0,0.0,0.0,0.0,0.0,0.383944,1.130000005
140.68766333,0.21316312625757575,0.0010229435714285715,28,1,0.0,0.0,0.0,0.0,0.0,0.67297101,1.3049999995
140.68766333,0.2557957515090909,0.0010229435714285715,28,-1,0.0,0.0,0.0,0.0,0.0,0.45978701,2.110000045
139.64350679,0.2148361642923077,0.001425412087912088,185,1,0.0,0.0,0.0,0.0,0.0,0.40627,3.42499995
139.64350679,0.27928701358,0.001425412087912088,185,-1,0.0,0.0,0.0,0.0,0.0,0.41976199,3.67499995
134.7459154,0.2694918308,0.0014789380219780218,184,1,0.0,0.0,0.0,0.0,0.0,0.46592399,9.125
134.7459154,0.24499257345454545,0.0014789380219780218,184,1,0.0,0.0,0.0,0.0,0.0,0.41419801,5.9749999
134.7459154,0.2343407224347826,0.0014789380219780218,184,1,0.0,0.0,0.0,0.0,0.0,0.41286901,4.97500015
134.7459154,0.3170492127058824,0.0014789380219780218,184,-1,0.0,0.0,0.0,0.0,0.0,0.47099599,2.175
134.7459154,0.29943536755555555,0.0014789380219780218,184,-1,0.0,0.0,0.0,0.0,0.0,0.44876,2.71
134.7459154,0.17966122053333333,0.0014789380219780218,184,-1,0.0,0.0,0.0,0.0,0.0,0.451397,22.450001
134.77077627,0.24066210048214284,0.0009075575,30,1,0.0,0.0,0.0,0.0,0.0,0.46311599,2.11
134.77077627,0.23643995836842105,0.0009075575,30,1,0.0,0.0,0.0,0.0,0.0,0.46106601,1.745
134.77077627,0.2073396558,0.0015290187912087912,183,1,0.0,0.0,0.0,0.0,0.0,0.40492401,2.71500005
134.77077627,0.1996604092888889,0.0015290187912087912,183,1,0.0,0.0,0.0,0.0,0.0,0.39705101,2.115
134.77077627,0.1684634703375,0.0015290187912087912,183,1,0.0,0.0,0.0,0.0,0.0,0.41830599,0.86
140.58821985,0.23431369975,0.0008599291666666667,29,1,0.0,0.0,0.0,0.0,0.0,0.42865899,1.4100000000000001
140.58821985,0.22315590452380954,0.0008599291666666667,29,1,0.0,0.0,0.0,0.0,0.0,0.51111299,1.125
140.58821985,0.24450125191304348,0.0014823413186813186,182,1,0.0,0.0,0.0,0.0,0.0,0.40417701,6.02499985
140.58821985,0.193914786,0.0014823413186813186,182,1,0.0,0.0,0.0,0.0,0.0,0.38480601,1.7
140.58821985,0.1757352748125,0.0014823413186813186,182,1,0.0,0.0,0.0,0.0,0.0,0.42550799,1.24000005
140.58821985,0.2811764397,0.0014823413186813186,182,-1,0.0,0.0,0.0,0.0,0.0,0.422151,3.5500000500000004
140.58821985,0.2556149451818182,0.0014823413186813186,182,-1,0.0,0.0,0.0,0.0,0.0,0.40323299,5.54999995
137.75408066999998,0.27010604052941173,0.00080797125,28,-1,0.0,0.0,0.0,0.0,0.0,0.45414001,1.04000001
137.75408066999998,0.24167382573684207,0.00080797125,28,-1,0.0,0.0,0.0,0.0,0.0,0.441167,3.6499999499999998
137.75408066999998,0.2504619648545454,0.00163537,181,1,0.0,0.0,0.0,0.0,0.0,0.40091401,6.4250002
137.75408066999998,0.19679154381428568,0.00163537,181,1,0.0,0.0,0.0,0.0,0.0,0.39484799,1.935
137.75408066999998,0.27550816133999995,0.00163537,181,-1,0.0,0.0,0.0,0.0,0.0,0.407796,3.67499995
137.72921979999998,0.2504167632727272,0.0009065257142857143,32,1,0.0,0.0,0.0,0.0,0.0,0.429427,3.005
137.72921979999998,0.24594503535714282,0.0009065257142857143,32,1,0.0,0.0,0.0,0.0,0.0,0.42474401,2.50499995
137.72921979999998,0.23952907791304345,0.0009065257142857143,32,1,0.0,0.0,0.0,0.0,0.0,0.418493,1.865
137.72921979999998,0.23746417206896547,0.0009065257142857143,32,1,0.0,0.0,0.0,0.0,0.0,0.41573301,1.6749999999999998
137.72921979999998,0.23343935559322032,0.0009065257142857143,32,1,0.0,0.0,0.0,0.0,0.0,0.416188,1.37
137.72921979999998,0.22954869966666663,0.0009065257142857143,32,1,0.0,0.0,0.0,0.0,0.0,0.41458499,1.1
137.72921979999998,0.22578560622950816,0.0009065257142857143,32,1,0.0,0.0,0.0,0.0,0.0,0.41722599,0.89500001
137.72921979999998,0.22036675167999997,0.0009065257142857143,32,1,0.0,0.0,0.0,0.0,0.0,0.41984501,0.6450000149999999
137.72921979999998,0.21189110738461536,0.0009065257142857143,32,1,0.0,0.0,0.0,0.0,0.0,0.429277,0.38000001
137.72921979999998,0.20404328859259258,0.0009065257142857143,32,1,0.0,0.0,0.0,0.0,0.0,0.44440201,0.23499999500000002
137.72921979999998,0.19675602828571426,0.0009065257142857143,32,1,0.0,0.0,0.0,0.0,0.0,0.46377,0.155000005
137.72921979999998,0.1836389597333333,0.0009065257142857143,32,1,0.0,0.0,0.0,0.0,0.0,0.498384,0.07000000249999999
137.72921979999998,0.30606493288888886,0.0009065257142857143,32,-1,0.0,0.0,0.0,0.0,0.0,0.507828,0.28500000999999997
137.72921979999998,0.2899562522105263,0.0009065257142857143,32,-1,0.0,0.0,0.0,0.0,0.0,0.47959599,0.515000015
137.72921979999998,0.27545843959999994,0.0009065257142857143,32,-1,0.0,0.0,0.0,0.0,0.0,0.453915,0.905000005
137.72921979999998,0.2648638842307692,0.0009065257142857143,32,-1,0.0,0.0,0.0,0.0,0.0,0.44081199,1.415
137.72921979999998,0.262341371047619,0.0009065257142857143,32,-1,0.0,0.0,0.0,0.0,0.0,0.43817201,1.5750000000000002
137.72921979999998,0.2504167632727272,0.0009065257142857143,32,-1,0.0,0.0,0.0,0.0,0.0,0.426999,2.5849999
137.72921979999998,0.24594503535714282,0.0009065257142857143,32,-1,0.0,0.0,0.0,0.0,0.0,0.420809,3.07500005
137.72921979999998,0.23952907791304345,0.0009065257142857143,32,-1,0.0,0.0,0.0,0.0,0.0,0.42074201,3.9750001500000005
137.72921979999998,0.22954869966666663,0.00172786,178,1,0.0,0.0,0.0,0.0,0.0,0.392874,4.27499985
137.72921979999998,0.19675602828571426,0.00172786,178,1,0.0,0.0,0.0,0.0,0.0,0.39084399,1.84499995
137.72921979999998,0.18997133765517238,0.00172786,178,1,0.0,0.0,0.0,0.0,0.0,0.39632401,1.54
137.72921979999998,0.3443230495,0.00172786,178,-1,0.0,0.0,0.0,0.0,0.0,0.45143801,1.14500005
137.72921979999998,0.2504167632727272,0.00172786,178,-1,0.0,0.0,0.0,0.0,0.0,0.39435399,5.82500005
137.72921979999998,0.22954869966666663,0.00172786,178,-1,0.0,0.0,0.0,0.0,0.0,0.38609999,8.7250004
138.35074154999998,0.2562050769444444,0.0009065442857142858,31,1,0.0,0.0,0.0,0.0,0.0,0.43136299,3.625
138.35074154999998,0.25154680281818176,0.0009065442857142858,31,1,0.0,0.0,0.0,0.0,0.0,0.42574501,3.04999995
138.35074154999998,0.24705489562499997,0.0009065442857142858,31,1,0.0,0.0,0.0,0.0,0.0,0.425228,2.56499995
138.35074154999998,0.2406099853043478,0.0009065442857142858,31,1,0.0,0.0,0.0,0.0,0.0,0.41836399,1.90500005
138.35074154999998,0.23058456924999995,0.0009065442857142858,31,1,0.0,0.0,0.0,0.0,0.0,0.414509,1.12
138.35074154999998,0.22680449434426225,0.0009065442857142858,31,1,0.0,0.0,0.0,0.0,0.0,0.414354,0.89500001
138.35074154999998,0.22136118647999997,0.0009065442857142858,31,1,0.0,0.0,0.0,0.0,0.0,0.41800499,0.64500001
138.35074154999998,0.21284729469230768,0.0009065442857142858,31,1,0.0,0.0,0.0,0.0,0.0,0.42720699,0.375
138.35074154999998,0.20496406155555552,0.0009065442857142858,31,1,0.0,0.0,0.0,0.0,0.0,0.44059801,0.22499998999999998
138.35074154999998,0.19764391649999996,0.0009065442857142858,31,1,0.0,0.0,0.0,0.0,0.0,0.462228,0.15000000000000002
138.35074154999998,0.19082860903448273,0.0009065442857142858,31,1,0.0,0.0,0.0,0.0,0.0,0.481006,0.100000002
138.35074154999998,0.34587685387499995,0.0009065442857142858,31,-1,0.0,0.0,0.0,0.0,0.0,0.62989801,0.125000005
138.35074154999998,0.3255311565882352,0.0009065442857142858,31,-1,0.0,0.0,0.0,0.0,0.0,0.58307803,0.19999999499999999
138.35074154999998,0.3074460923333333,0.0009065442857142858,31,-1,0.0,0.0,0.0,0.0,0.0,0.515504,0.269999995
138.35074154999998,0.2912647190526315,0.0009065442857142858,31,-1,0.0,0.0,0.0,0.0,0.0,0.47914299,0.46499999000000003
138.35074154999998,0.2823484521428571,0.0009065442857142858,31,-1,0.0,0.0,0.0,0.0,0.0,0.464322,0.664999995
138.35074154999998,0.2767014831,0.0009065442857142858,31,-1,0.0,0.0,0.0,0.0,0.0,0.456581,0.844999995
138.35074154999998,0.27127596382352936,0.0009065442857142858,31,-1,0.0,0.0,0.0,0.0,0.0,0.44742101,1.0550000000000002
138.35074154999998,0.26352522199999995,0.0009065442857142858,31,-1,0.0,0.0,0.0,0.0,0.0,0.43844101,1.47500005
138.35074154999998,0.2562050769444444,0.0009065442857142858,31,-1,0.0,0.0,0.0,0.0,0.0,0.42909601,2.005
138.35074154999998,0.25154680281818176,0.0009065442857142858,31,-1,0.0,0.0,0.0,0.0,0.0,0.42736501,2.4550000499999998
138.35074154999998,0.22136118647999997,0.0009065442857142858,31,-1,0.0,0.0,0.0,0.0,0.0,0.39013001,7.42499995
138.35074154999998,0.36893531079999997,0.00171946,177,1,0.0,0.0,0.0,0.0,0.0,0.469448,18.975
138.35074154999998,0.19764391649999996,0.00171946,177,1,0.0,0.0,0.0,0.0,0.0,0.39363301,1.92000005
138.35074154999998,0.42569458938461535,0.00171946,177,-1,0.0,0.0,0.0,0.0,0.0,0.52777702,0.489999995
138.35074154999998,0.36893531079999997,0.00171946,177,-1,0.0,0.0,0.0,0.0,0.0,0.46358299,0.78
140.24016766999998,0.28048033533999994,0.0008917214285714286,30,1,0.0,0.0,0.0,0.0,0.0,0.45535699,7.07500005
140.24016766999998,0.2549821230363636,0.0008917214285714286,30,1,0.0,0.0,0.0,0.0,0.0,0.433981,3.5249999499999998
140.24016766999998,0.25042887083928567,0.0008917214285714286,30,1,0.0,0.0,0.0,0.0,0.0,0.42808801,2.96000005
140.24016766999998,0.24603538187719295,0.0008917214285714286,30,1,0.0,0.0,0.0,0.0,0.0,0.423509,2.46000005
140.24016766999998,0.243895943773913,0.0008917214285714286,30,1,0.0,0.0,0.0,0.0,0.0,0.425661,2.26
140.24016766999998,0.24179339253448273,0.0008917214285714286,30,1,0.0,0.0,0.0,0.0,0.0,0.42094299,2.02999995
140.24016766999998,0.2337336127833333,0.0008917214285714286,30,1,0.0,0.0,0.0,0.0,0.0,0.41610199,1.33499995
140.24016766999998,0.2299019142131147,0.0008917214285714286,30,1,0.0,0.0,0.0,0.0,0.0,0.415032,1.07
140.24016766999998,0.22438426827199998,0.0008917214285714286,30,1,0.0,0.0,0.0,0.0,0.0,0.41714799,0.77000001
140.24016766999998,0.21575410410769227,0.0008917214285714286,30,1,0.0,0.0,0.0,0.0,0.0,0.42343301,0.44
140.24016766999998,0.20776321136296294,0.0008917214285714286,30,1,0.0,0.0,0.0,0.0,0.0,0.43567801,0.25999999500000004
140.24016766999998,0.20034309667142855,0.0008917214285714286,30,1,0.0,0.0,0.0,0.0,0.0,0.453904,0.16500000999999997
140.24016766999998,0.19343471402758616,0.0008917214285714286,30,1,0.0,0.0,0.0,0.0,0.0,0.51060998,0.165
140.24016766999998,0.35060041917499996,0.0008917214285714286,30,-1,0.0,0.0,0.0,0.0,0.0,0.66706198,0.12999999950000002
140.24016766999998,0.3299768651058823,0.0008917214285714286,30,-1,0.0,0.0,0.0,0.0,0.0,0.60685098,0.185
140.24016766999998,0.2952424582526315,0.0008917214285714286,30,-1,0.0,0.0,0.0,0.0,0.0,0.49434,0.399999995
140.24016766999998,0.2862044238163265,0.0008917214285714286,30,-1,0.0,0.0,0.0,0.0,0.0,0.47419801,0.554999975
140.24016766999998,0.28048033533999994,0.0008917214285714286,30,-1,0.0,0.0,0.0,0.0,0.0,0.46282399,0.695000025
140.24016766999998,0.27498072092156856,0.0008917214285714286,30,-1,0.0,0.0,0.0,0.0,0.0,0.455915,0.88500002
140.24016766999998,0.26712412889523807,0.0008917214285714286,30,-1,0.0,0.0,0.0,0.0,0.0,0.446594,1.25
140.24016766999998,0.25970401420370365,0.0008917214285714286,30,-1,0.0,0.0,0.0,0.0,0.0,0.43904901,1.73
140.24016766999998,0.2549821230363636,0.0008917214285714286,30,-1,0.0,0.0,0.0,0.0,0.0,0.43478999,2.12
140.24016766999998,0.25042887083928567,0.0008917214285714286,30,-1,0.0,0.0,0.0,0.0,0.0,0.43200701,2.57499995
140.24016766999998,0.24603538187719295,0.0008917214285714286,30,-1,0.0,0.0,0.0,0.0,0.0,0.42353401,3.04999995
140.24016766999998,0.243895943773913,0.0008917214285714286,30,-1,0.0,0.0,0.0,0.0,0.0,0.42179799,3.32500005
140.24016766999998,0.23769519944067793,0.0008917214285714286,30,-1,0.0,0.0,0.0,0.0,0.0,0.41509101,4.22500015
140.24016766999998,0.21575410410769227,0.0008917214285714286,30,-1,0.0,0.0,0.0,0.0,0.0,0.429281,9.0500002
140.24016766999998,0.20776321136296294,0.0008917214285714286,30,-1,0.0,0.0,0.0,0.0,0.0,0.445692,11.375
140.24016766999998,0.2952424582526315,0.0014729922222222222,93,1,0.0,0.0,0.0,0.0,0.0,0.41143399,10.15
140.24016766999998,0.2549821230363636,0.0014729922222222222,93,1,0.0,0.0,0.0,0.0,0.0,0.37695399,4.97500015
140.24016766999998,0.243895943773913,0.0014729922222222222,93,1,0.0,0.0,0.0,0.0,0.0,0.37230599,3.75
140.24016766999998,0.2337336127833333,0.0014729922222222222,93,1,0.0,0.0,0.0,0.0,0.0,0.371672,2.79500005
140.24016766999998,0.22438426827199998,0.0014729922222222222,93,1,0.0,0.0,0.0,0.0,0.0,0.37368199,2.07000005
140.24016766999998,0.21575410410769227,0.0014729922222222222,93,1,0.0,0.0,0.0,0.0,0.0,0.371443,1.475
140.24016766999998,0.20776321136296294,0.0014729922222222222,93,1,0.0,0.0,0.0,0.0,0.0,0.37578499,1.08
140.24016766999998,0.20034309667142855,0.0014729922222222222,93,1,0.0,0.0,0.0,0.0,0.0,0.379704,0.784999995
140.24016766999998,0.3116448170444444,0.0014729922222222222,93,-1,0.0,0.0,0.0,0.0,0.0,0.42642301,0.814999995
140.24016766999998,0.28048033533999994,0.0014729922222222222,93,-1,0.0,0.0,0.0,0.0,0.0,0.398213,1.79
140.24016766999998,0.26712412889523807,0.0014729922222222222,93,-1,0.0,0.0,0.0,0.0,0.0,0.38383299,2.5249999499999998
140.24016766999998,0.243895943773913,0.0014729922222222222,93,-1,0.0,0.0,0.0,0.0,0.0,0.37058601,4.79999995
140.24016766999998,0.21575410410769227,0.0014729922222222222,93,-1,0.0,0.0,0.0,0.0,0.0,0.36939901,10.024999900000001
141.2097416,0.25674498472727275,0.0009156442857142857,29,1,0.0,0.0,0.0,0.0,0.0,0.43276599,3.6999999499999996
141.2097416,0.2521602528571429,0.0009156442857142857,29,1,0.0,0.0,0.0,0.0,0.0,0.424849,3.1
141.2097416,0.24773638877192983,0.0009156442857142857,29,1,0.0,0.0,0.0,0.0,0.0,0.428379,2.63
141.2097416,0.24558215930434782,0.0009156442857142857,29,1,0.0,0.0,0.0,0.0,0.0,0.42518201,2.38499995
141.2097416,0.23933854508474575,0.0009156442857142857,29,1,0.0,0.0,0.0,0.0,0.0,0.42177501,1.775
141.2097416,0.23534956933333334,0.0009156442857142857,29,1,0.0,0.0,0.0,0.0,0.0,0.42013499,1.44
141.2097416,0.23149137967213115,0.0009156442857142857,29,1,0.0,0.0,0.0,0.0,0.0,0.42397001,1.18500005
141.2097416,0.2277576477419355,0.0009156442857142857,29,1,0.0,0.0,0.0,0.0,0.0,0.42367899,0.95
141.2097416,0.22593558656,0.0009156442857142857,29,1,0.0,0.0,0.0,0.0,0.0,0.42502901,0.8550000200000001
141.2097416,0.224142446984127,0.0009156442857142857,29,1,0.0,0.0,0.0,0.0,0.0,0.42564499,0.765000015
141.2097416,0.22064022125,0.0009156442857142857,29,1,0.0,0.0,0.0,0.0,0.0,0.431858,0.6299999949999999
141.2097416,0.2172457563076923,0.0009156442857142857,29,1,0.0,0.0,0.0,0.0,0.0,0.43025199,0.49000001000000004
141.2097416,0.20172820228571428,0.0009156442857142857,29,1,0.0,0.0,0.0,0.0,0.0,0.46599999,0.195
141.2097416,0.353024354,0.0009156442857142857,29,-1,0.0,0.0,0.0,0.0,0.0,0.67878401,0.1199999945
141.2097416,0.2824194832,0.0009156442857142857,29,-1,0.0,0.0,0.0,0.0,0.0,0.472936,0.64500001
141.2097416,0.25674498472727275,0.0009156442857142857,29,-1,0.0,0.0,0.0,0.0,0.0,0.43590799,1.94
141.2097416,0.24558215930434782,0.0009156442857142857,29,-1,0.0,0.0,0.0,0.0,0.0,0.42417601,3.1
141.2097416,0.25674498472727275,0.0015449666666666668,92,1,0.0,0.0,0.0,0.0,0.0,0.378205,5.20000005
141.2097416,0.22593558656,0.0015449666666666668,92,1,0.0,0.0,0.0,0.0,0.0,0.36750901,2.11500005
141.2097416,0.2172457563076923,0.0015449666666666668,92,1,0.0,0.0,0.0,0.0,0.0,0.370601,1.5499999999999998
141.2097416,0.176512177,0.0015449666666666668,92,1,0.0,0.0,0.0,0.0,0.0,0.40485099,0.259999995
141.2097416,0.4706991386666667,0.0015449666666666668,92,-1,0.0,0.0,0.0,0.0,0.0,0.65267599,0.13
141.2097416,0.24558215930434782,0.0015449666666666668,92,-1,0.0,0.0,0.0,0.0,0.0,0.369827,4.5749998
141.2097416,0.18827965546666667,0.0015449666666666668,92,-1,0.0,0.0,0.0,0.0,0.0,0.41907001,18.775
141.83126335,0.2578750242727273,0.0009049471428571428,28,1,0.0,0.0,0.0,0.0,0.0,0.44913101,3.92499995
141.83126335,0.24882677780701754,0.0009049471428571428,28,1,0.0,0.0,0.0,0.0,0.0,0.441926,2.80999995
141.83126335,0.24666306669565216,0.0009049471428571428,28,1,0.0,0.0,0.0,0.0,0.0,0.43991601,2.56499995
141.83126335,0.24453666094827586,0.0009049471428571428,28,1,0.0,0.0,0.0,0.0,0.0,0.43883601,2.34000005
141.83126335,0.240391971779661,0.0009049471428571428,28,1,0.0,0.0,0.0,0.0,0.0,0.438831,1.945
141.83126335,0.23638543891666666,0.0009049471428571428,28,1,0.0,0.0,0.0,0.0,0.0,0.43667999,1.5899999999999999
141.83126335,0.23251026778688524,0.0009049471428571428,28,1,0.0,0.0,0.0,0.0,0.0,0.43364501,1.28000005
141.83126335,0.22876010217741935,0.0009049471428571428,28,1,0.0,0.0,0.0,0.0,0.0,0.43692499,1.05000001
141.83126335,0.22693002136,0.0009049471428571428,28,1,0.0,0.0,0.0,0.0,0.0,0.43159401,0.91499999
141.83126335,0.22512898944444446,0.0009049471428571428,28,1,0.0,0.0,0.0,0.0,0.0,0.43541801,0.83499998
141.83126335,0.2182019436153846,0.0009049471428571428,28,1,0.0,0.0,0.0,0.0,0.0,0.44275701,0.5499999799999999
141.83126335,0.21012039014814815,0.0009049471428571428,28,1,0.0,0.0,0.0,0.0,0.0,0.45304599,0.32499999999999996
141.83126335,0.2026160905,0.0009049471428571428,28,1,0.0,0.0,0.0,0.0,0.0,0.48227301,0.230000005
141.83126335,0.33372061964705885,0.0009049471428571428,28,-1,0.0,0.0,0.0,0.0,0.0,0.654387,0.19500000699999998
141.83126335,0.29859213336842105,0.0009049471428571428,28,-1,0.0,0.0,0.0,0.0,0.0,0.51360703,0.345
141.83126335,0.28366252670000003,0.0009049471428571428,28,-1,0.0,0.0,0.0,0.0,0.0,0.47748801,0.5900000000000001
141.83126335,0.2727524295192308,0.0009049471428571428,28,-1,0.0,0.0,0.0,0.0,0.0,0.45800301,0.93500001
141.83126335,0.2701547873333333,0.0009049471428571428,28,-1,0.0,0.0,0.0,0.0,0.0,0.45857999,1.07
141.83126335,0.2578750242727273,0.0009049471428571428,28,-1,0.0,0.0,0.0,0.0,0.0,0.44468701,1.84500005
141.83126335,0.253270113125,0.0009049471428571428,28,-1,0.0,0.0,0.0,0.0,0.0,0.440557,2.255
141.83126335,0.24666306669565216,0.0009049471428571428,28,-1,0.0,0.0,0.0,0.0,0.0,0.43417799,2.975
141.83126335,0.24453666094827586,0.0009049471428571428,28,-1,0.0,0.0,0.0,0.0,0.0,0.42512599,3.1999999499999996
141.83126335,0.23638543891666666,0.0009049471428571428,28,-1,0.0,0.0,0.0,0.0,0.0,0.422086,4.45000005
141.83126335,0.2182019436153846,0.0009049471428571428,28,-1,0.0,0.0,0.0,0.0,0.0,0.430471,8.4500003
141.83126335,0.2701547873333333,0.0015143544444444442,91,1,0.0,0.0,0.0,0.0,0.0,0.39594701,6.97500015
141.83126335,0.2578750242727273,0.0015143544444444442,91,1,0.0,0.0,0.0,0.0,0.0,0.38697001,5.42499995
141.83126335,0.24666306669565216,0.0015143544444444442,91,1,0.0,0.0,0.0,0.0,0.0,0.37624899,4.07500005
141.83126335,0.23638543891666666,0.0015143544444444442,91,1,0.0,0.0,0.0,0.0,0.0,0.37452599,3.04999995
141.83126335,0.2182019436153846,0.0015143544444444442,91,1,0.0,0.0,0.0,0.0,0.0,0.374017,1.6300001
141.83126335,0.2026160905,0.0015143544444444442,91,1,0.0,0.0,0.0,0.0,0.0,0.37792501,0.845
141.83126335,0.28366252670000003,0.0015143544444444442,91,-1,0.0,0.0,0.0,0.0,0.0,0.39833,1.605
141.83126335,0.24666306669565216,0.0015143544444444442,91,-1,0.0,0.0,0.0,0.0,0.0,0.36925799,4.42499995
141.83126335,0.1772890791875,0.0015143544444444442,91,-1,0.0,0.0,0.0,0.0,0.0,0.43983701,23.3249995
140.01641984,0.2456428418245614,0.0009983875,31,1,0.0,0.0,0.0,0.0,0.0,0.43827,2.55999995
140.01641984,0.23336069973333332,0.0009983875,31,1,0.0,0.0,0.0,0.0,0.0,0.44098899,1.495
137.92810676,0.24197913466666665,0.0009930378571428571,30,1,0.0,0.0,0.0,0.0,0.0,0.43444899,2.1
142.40306336,0.23733843893333334,0.0009981335714285716,29,1,0.0,0.0,0.0,0.0,0.0,0.43844199,1.725
142.40306336,0.21908163593846156,0.0009981335714285716,29,1,0.0,0.0,0.0,0.0,0.0,0.425154,0.545000015
142.40306336,0.18987075114666668,0.0009981335714285716,29,1,0.0,0.0,0.0,0.0,0.0,0.56604201,0.194999995
129.99748922999999,0.2499951715961538,0.001014367857142857,28,1,0.0,0.0,0.0,0.0,0.0,0.35658401,2.15
129.99748922999999,0.2452782815660377,0.001014367857142857,28,1,0.0,0.0,0.0,0.0,0.0,0.34224099,1.6099999500000002
129.99748922999999,0.24073609116666664,0.001014367857142857,28,1,0.0,0.0,0.0,0.0,0.0,0.35399699,1.295
129.99748922999999,0.23213837362499998,0.001014367857142857,28,1,0.0,0.0,0.0,0.0,0.0,0.36849901,0.8000000349999999
129.99748922999999,0.22806577057894734,0.001014367857142857,28,1,0.0,0.0,0.0,0.0,0.0,0.34727299,0.5099999900000001
129.99748922999999,0.21666248204999997,0.001014367857142857,28,1,0.0,0.0,0.0,0.0,0.0,0.37066901,0.23000000199999998
129.99748922999999,0.28888330939999995,0.001014367857142857,28,-1,0.0,0.0,0.0,0.0,0.0,0.42142299,0.27500001
129.99748922999999,0.25999497845999997,0.001014367857142857,28,-1,0.0,0.0,0.0,0.0,0.0,0.34547099,1.050000005
129.99748922999999,0.25489703770588235,0.001014367857142857,28,-1,0.0,0.0,0.0,0.0,0.0,0.34920099,1.455
129.99748922999999,0.2499951715961538,0.001014367857142857,28,-1,0.0,0.0,0.0,0.0,0.0,0.329142,1.8050000000000002
134.69619366,0.2449021702909091,0.0011809457142857142,32,1,0.0,0.0,0.0,0.0,0.0,0.347563,1.835
134.69619366,0.24052891725,0.0011809457142857142,32,1,0.0,0.0,0.0,0.0,0.0,0.345976,1.44
134.69619366,0.23630911168421054,0.0011809457142857142,32,1,0.0,0.0,0.0,0.0,0.0,0.34081501,1.0899999999999999
136.80936761,0.24874430474545456,0.0011851421428571427,31,1,0.0,0.0,0.0,0.0,0.0,0.35466701,2.25
136.83422848,0.2400600499649123,0.0011346657142857143,29,1,0.0,0.0,0.0,0.0,0.0,0.34474301,1.32999995
136.83422848,0.2243184073442623,0.0011346657142857143,29,1,0.0,0.0,0.0,0.0,0.0,0.53202897,1.27
136.83422848,0.2631427470769231,0.0011346657142857143,29,-1,0.0,0.0,0.0,0.0,0.0,0.35491601,0.949999995
139.66836766,0.24940779939285715,0.0011150742857142858,28,1,0.0,0.0,0.0,0.0,0.0,0.35715601,2.2800001
139.66836766,0.23278061276666667,0.0011150742857142858,28,1,0.0,0.0,0.0,0.0,0.0,0.353807,0.839999975
138.67393286,0.2236676336451613,0.0009386320000000001,32,1,0.0,0.0,0.0,0.0,0.0,0.44308701,0.9049999900000001
138.67393286,0.27734786572000003,0.0009386320000000001,32,-1,0.0,0.0,0.0,0.0,0.0,0.42158201,0.7000000049999999
137.38116761999999,0.21135564249230768,0.00090486,30,1,0.0,0.0,0.0,0.0,0.0,0.432064,0.3300000055
146.23163734,0.2521235126551724,0.000900515652173913,29,1,0.0,0.0,0.0,0.0,0.0,0.40767699,2.995
146.23163734,0.24371939556666666,0.000900515652173913,29,1,0.0,0.0,0.0,0.0,0.0,0.41515201,2.13
150.55742872,0.2641358398596491,0.0008920760869565217,28,1,0.0,0.0,0.0,0.0,0.0,0.430691,4.8000002
150.55742872,0.25092904786666664,0.0008920760869565217,28,1,0.0,0.0,0.0,0.0,0.0,0.53659803,3.75
150.55742872,0.24681545691803278,0.0008920760869565217,28,1,0.0,0.0,0.0,0.0,0.0,0.42340899,2.52999995
150.55742872,0.2428345624516129,0.0008920760869565217,28,1,0.0,0.0,0.0,0.0,0.0,0.40364501,1.9849999999999999
150.55742872,0.2316268134153846,0.0008920760869565217,28,1,0.0,0.0,0.0,0.0,0.0,0.430709,1.215000015
150.55742872,0.21508204102857142,0.0008920760869565217,28,1,0.0,0.0,0.0,0.0,0.0,0.46989799,0.53500001
146.50510691,0.26637292165454546,0.0009837,32,1,0.0,0.0,0.0,0.0,0.0,0.401454,5.10000015
146.50510691,0.25479149027826087,0.0009837,32,1,0.0,0.0,0.0,0.0,0.0,0.40115499,3.5249999499999998
146.50510691,0.2441751781833333,0.0009837,32,1,0.0,0.0,0.0,0.0,0.0,0.39914,2.2949999500000002
146.50510691,0.23440817105599998,0.0009837,32,1,0.0,0.0,0.0,0.0,0.0,0.403189,1.4449999999999998
146.50510691,0.22539247216923075,0.0009837,32,1,0.0,0.0,0.0,0.0,0.0,0.41415,0.910000025
146.50510691,0.21704460282962962,0.0009837,32,1,0.0,0.0,0.0,0.0,0.0,0.42971301,0.585000005
146.50510691,0.20929300987142857,0.0009837,32,1,0.0,0.0,0.0,0.0,0.0,0.44859201,0.39
146.50510691,0.32556690424444445,0.0009837,32,-1,0.0,0.0,0.0,0.0,0.0,0.532686,0.144999994
146.50510691,0.30843180402105264,0.0009837,32,-1,0.0,0.0,0.0,0.0,0.0,0.463092,0.18
146.50510691,0.29301021382,0.0009837,32,-1,0.0,0.0,0.0,0.0,0.0,0.42771801,0.314999995
146.50510691,0.2790573464952381,0.0009837,32,-1,0.0,0.0,0.0,0.0,0.0,0.40952,0.61499998
146.50510691,0.26637292165454546,0.0009837,32,-1,0.0,0.0,0.0,0.0,0.0,0.39894101,1.165
146.50510691,0.25479149027826087,0.0009837,32,-1,0.0,0.0,0.0,0.0,0.0,0.40049601,2.10000005
146.50510691,0.2441751781833333,0.0009837,32,-1,0.0,0.0,0.0,0.0,0.0,0.39921701,3.375
146.50510691,0.23440817105599998,0.0009837,32,-1,0.0,0.0,0.0,0.0,0.0,0.40328401,5.02499985
146.50510691,0.22539247216923075,0.0009837,32,-1,0.0,0.0,0.0,0.0,0.0,0.41617501,7.0
145.38636775999998,0.29077273552,0.0009610100000000001,31,1,0.0,0.0,0.0,0.0,0.0,0.444572,8.7999997
145.38636775999998,0.26433885047272726,0.0009610100000000001,31,1,0.0,0.0,0.0,0.0,0.0,0.39632499,4.64999985
145.38636775999998,0.25284585697391304,0.0009610100000000001,31,1,0.0,0.0,0.0,0.0,0.0,0.38719201,3.07500005
145.38636775999998,0.2423106129333333,0.0009610100000000001,31,1,0.0,0.0,0.0,0.0,0.0,0.386004,1.9249999999999998
145.38636775999998,0.232618188416,0.0009610100000000001,31,1,0.0,0.0,0.0,0.0,0.0,0.38868701,1.1499999500000002
145.38636775999998,0.22367133501538458,0.0009610100000000001,31,1,0.0,0.0,0.0,0.0,0.0,0.40156201,0.7000000200000001
145.38636775999998,0.21538721149629628,0.0009610100000000001,31,1,0.0,0.0,0.0,0.0,0.0,0.41774601,0.43499999
145.38636775999998,0.20053292104827583,0.0009610100000000001,31,1,0.0,0.0,0.0,0.0,0.0,0.46489799,0.20500000000000002
145.38636775999998,0.27692641478095237,0.0009610100000000001,31,-1,0.0,0.0,0.0,0.0,0.0,0.38912901,0.5900000000000001
145.38636775999998,0.26433885047272726,0.0009610100000000001,31,-1,0.0,0.0,0.0,0.0,0.0,0.374971,1.1400000000000001
145.38636775999998,0.25284585697391304,0.0009610100000000001,31,-1,0.0,0.0,0.0,0.0,0.0,0.37333101,2.1000000500000002
145.38636775999998,0.2423106129333333,0.0009610100000000001,31,-1,0.0,0.0,0.0,0.0,0.0,0.386659,3.54999995
145.38636775999998,0.22367133501538458,0.0009610100000000001,31,-1,0.0,0.0,0.0,0.0,0.0,0.36874801,7.1750002
145.38636775999998,0.21538721149629628,0.0009610100000000001,31,-1,0.0,0.0,0.0,0.0,0.0,0.37751001,9.4250002
140.43905463000002,0.2553437356909091,0.0009539555555555555,30,1,0.0,0.0,0.0,0.0,0.0,0.40964299,3.42499995
140.43905463000002,0.24424183413913045,0.0009539555555555555,30,1,0.0,0.0,0.0,0.0,0.0,0.40871,2.19000005
140.43905463000002,0.23406509105000003,0.0009539555555555555,30,1,0.0,0.0,0.0,0.0,0.0,0.40968901,1.3250000000000002
140.43905463000002,0.22470248740800003,0.0009539555555555555,30,1,0.0,0.0,0.0,0.0,0.0,0.41649801,0.784999995
140.43905463000002,0.21606008404615387,0.0009539555555555555,30,1,0.0,0.0,0.0,0.0,0.0,0.42724699,0.465000005
140.43905463000002,0.20805785871111113,0.0009539555555555555,30,1,0.0,0.0,0.0,0.0,0.0,0.448154,0.29999999499999996
140.43905463000002,0.20062722090000001,0.0009539555555555555,30,1,0.0,0.0,0.0,0.0,0.0,0.47445199,0.21000000000000002
140.43905463000002,0.28087810926,0.0009539555555555555,30,-1,0.0,0.0,0.0,0.0,0.0,0.429993,0.554999975
140.43905463000002,0.26750296120000006,0.0009539555555555555,30,-1,0.0,0.0,0.0,0.0,0.0,0.410487,1.03999995
140.43905463000002,0.2553437356909091,0.0009539555555555555,30,-1,0.0,0.0,0.0,0.0,0.0,0.400639,1.875
140.43905463000002,0.24424183413913045,0.0009539555555555555,30,-1,0.0,0.0,0.0,0.0,0.0,0.397717,3.125
140.43905463000002,0.23406509105000003,0.0009539555555555555,30,-1,0.0,0.0,0.0,0.0,0.0,0.40011001,4.77499985
140.43905463000002,0.21606008404615387,0.0009539555555555555,30,-1,0.0,0.0,0.0,0.0,0.0,0.42141801,8.9500003
138.4750459,0.2517728107272727,0.0009747566666666665,29,1,0.0,0.0,0.0,0.0,0.0,0.408712,2.90999995
138.4750459,0.24082616678260868,0.0009747566666666665,29,1,0.0,0.0,0.0,0.0,0.0,0.40628099,1.7850000499999998
138.4750459,0.23079174316666667,0.0009747566666666665,29,1,0.0,0.0,0.0,0.0,0.0,0.41293401,1.065
138.4750459,0.22156007344,0.0009747566666666665,29,1,0.0,0.0,0.0,0.0,0.0,0.42419899,0.630000025
138.4750459,0.21303853215384616,0.0009747566666666665,29,1,0.0,0.0,0.0,0.0,0.0,0.44430101,0.39499999500000005
138.4750459,0.20514821614814815,0.0009747566666666665,29,1,0.0,0.0,0.0,0.0,0.0,0.471573,0.27
138.4750459,0.2769500918,0.0009747566666666665,29,-1,0.0,0.0,0.0,0.0,0.0,0.43947199,0.69000003
138.4750459,0.2637619921904762,0.0009747566666666665,29,-1,0.0,0.0,0.0,0.0,0.0,0.41732401,1.25
138.4750459,0.2517728107272727,0.0009747566666666665,29,-1,0.0,0.0,0.0,0.0,0.0,0.40047401,2.15499995
138.4750459,0.24082616678260868,0.0009747566666666665,29,-1,0.0,0.0,0.0,0.0,0.0,0.397147,3.525
138.4750459,0.23079174316666667,0.0009747566666666665,29,-1,0.0,0.0,0.0,0.0,0.0,0.406156,5.32500005
139.27059374,0.2652773214095238,0.0009897322222222223,28,1,0.0,0.0,0.0,0.0,0.0,0.42280799,4.6750002
139.27059374,0.2532192613454546,0.0009897322222222223,28,1,0.0,0.0,0.0,0.0,0.0,0.408591,3.04999995
139.27059374,0.24220972824347828,0.0009897322222222223,28,1,0.0,0.0,0.0,0.0,0.0,0.40932301,1.895
139.27059374,0.23211765623333336,0.0009897322222222223,28,1,0.0,0.0,0.0,0.0,0.0,0.42625701,1.19
139.27059374,0.22283294998400002,0.0009897322222222223,28,1,0.0,0.0,0.0,0.0,0.0,0.43963099,0.724999995
139.27059374,0.21426245190769233,0.0009897322222222223,28,1,0.0,0.0,0.0,0.0,0.0,0.46258,0.47
139.27059374,0.20632680554074076,0.0009897322222222223,28,1,0.0,0.0,0.0,0.0,0.0,0.49596101,0.33999999999999997
139.27059374,0.19895799105714287,0.0009897322222222223,28,1,0.0,0.0,0.0,0.0,0.0,0.52138102,0.23999999500000002
139.27059374,0.18569412498666668,0.0009897322222222223,28,1,0.0,0.0,0.0,0.0,0.0,0.57069898,0.130000002
139.27059374,0.17408824217500002,0.0009897322222222223,28,1,0.0,0.0,0.0,0.0,0.0,0.67842197,0.1399999995
139.27059374,0.2652773214095238,0.0009897322222222223,28,-1,0.0,0.0,0.0,0.0,0.0,0.420647,1.13999995
139.27059374,0.2532192613454546,0.0009897322222222223,28,-1,0.0,0.0,0.0,0.0,0.0,0.40595201,2.01
139.27059374,0.24220972824347828,0.0009897322222222223,28,-1,0.0,0.0,0.0,0.0,0.0,0.405902,3.35
139.27059374,0.23211765623333336,0.0009897322222222223,28,-1,0.0,0.0,0.0,0.0,0.0,0.418677,5.125
139.27059374,0.21426245190769233,0.0009897322222222223,28,-1,0.0,0.0,0.0,0.0,0.0,0.471075,9.4750004
141.53293291,0.23588822151666666,0.001129046111111111,31,1,0.0,0.0,0.0,0.0,0.0,0.45795399,1.8149999
141.53293291,0.23202120149180328,0.001129046111111111,31,1,0.0,0.0,0.0,0.0,0.0,0.456487,1.505
141.53293291,0.24830339107017543,0.001129046111111111,31,-1,0.0,0.0,0.0,0.0,0.0,0.41582799,2.7850001000000004
150.48284611,0.2550556713728814,0.0011391122222222222,30,1,0.0,0.0,0.0,0.0,0.0,0.36971399,3.1450001000000003
150.48284611,0.25080474351666665,0.0011391122222222222,30,1,0.0,0.0,0.0,0.0,0.0,0.441769,3.11000005
150.48284611,0.2466931903442623,0.0011391122222222222,30,1,0.0,0.0,0.0,0.0,0.0,0.471679,2.8549999
150.48284611,0.23151207093846154,0.0011391122222222222,30,1,0.0,0.0,0.0,0.0,0.0,0.457748,1.395
150.48284611,0.21497549444285713,0.0011391122222222222,30,1,0.0,0.0,0.0,0.0,0.0,0.52754301,0.805000005
150.48284611,0.2839298983207547,0.0011391122222222222,30,-1,0.0,0.0,0.0,0.0,0.0,0.44409499,0.6150000099999999
148.84202868999998,0.24807004781666664,0.0011159505555555554,29,1,0.0,0.0,0.0,0.0,0.0,0.45229799,2.9550000499999998
148.84202868999998,0.24400332572131145,0.0011159505555555554,29,1,0.0,0.0,0.0,0.0,0.0,0.46794701,2.62
148.84202868999998,0.2289877364461538,0.0011159505555555554,29,1,0.0,0.0,0.0,0.0,0.0,0.45322701,1.2349999999999999
143.49694164,0.23916156939999997,0.00128408,30,1,0.0,0.0,0.0,0.0,0.0,0.51199299,2.42499995
143.49694164,0.2314466800645161,0.00128408,30,1,0.0,0.0,0.0,0.0,0.0,0.54215002,1.95499995
143.49694164,0.2432151553220339,0.00128408,30,-1,0.0,0.0,0.0,0.0,0.0,0.47185001,3.82500005
141.58265465,0.21781946869230767,0.001276725,29,1,0.0,0.0,0.0,0.0,0.0,0.49601999,0.784999995
141.58265465,0.23597109108333333,0.001276725,29,-1,0.0,0.0,0.0,0.0,0.0,0.47481701,4.875
142.99972424,0.2508767091929825,0.001273145,28,1,0.0,0.0,0.0,0.0,0.0,0.53509301,3.35000005
142.99972424,0.23833287373333334,0.001273145,28,1,0.0,0.0,0.0,0.0,0.0,0.50343901,1.94500005
142.99972424,0.21999957575384615,0.001273145,28,1,0.0,0.0,0.0,0.0,0.0,0.52415299,0.859999985
142.99972424,0.28039161615686276,0.001273145,28,-1,0.0,0.0,0.0,0.0,0.0,0.57816201,1.274999995
142.99972424,0.2423724139661017,0.001273145,28,-1,0.0,0.0,0.0,0.0,0.0,0.54306602,4.6499998499999995
147.10176779,0.2334948695079365,0.0010341200000000001,31,1,0.0,0.0,0.0,0.0,0.0,0.433853,1.52
143.86985468999998,0.23204815272580642,0.005270146999999999,28,1,0.0,0.0,0.0,0.0,0.0,0.425403,1.225
138.54962851,0.20679049031343283,0.005302487333333333,32,-1,0.0,0.0,0.0,0.0,0.0,0.46440899,11.6
138.54962851,0.23091604751666664,0.005644472637362638,186,1,0.0,0.0,0.0,0.0,0.0,0.43884599,5.32500005
138.54962851,0.20525870890370368,0.005644472637362638,186,1,0.0,0.0,0.0,0.0,0.0,0.43520999,3.15
138.54962851,0.19792804072857142,0.005644472637362638,186,1,0.0,0.0,0.0,0.0,0.0,0.442812,2.74
138.54962851,0.1731870356375,0.005644472637362638,186,1,0.0,0.0,0.0,0.0,0.0,0.45391399,1.45
138.54962851,0.27709925702,0.005644472637362638,186,-1,0.0,0.0,0.0,0.0,0.0,0.44089299,4.0749999
140.09100245,0.2694057739423077,0.00541117,30,1,0.0,0.0,0.0,0.0,0.0,0.42645401,5.375
140.09100245,0.2334850040833333,0.0057192053846153845,184,1,0.0,0.0,0.0,0.0,0.0,0.43198901,5.4749999
140.09100245,0.2001300035,0.0057192053846153845,184,1,0.0,0.0,0.0,0.0,0.0,0.43342501,2.76
140.09100245,0.3113133387777778,0.0057192053846153845,184,-1,0.0,0.0,0.0,0.0,0.0,0.468927,2.44000005
140.09100245,0.2801820049,0.0057192053846153845,184,-1,0.0,0.0,0.0,0.0,0.0,0.44038999,3.85
140.09100245,0.25471091354545455,0.0057192053846153845,184,-1,0.0,0.0,0.0,0.0,0.0,0.43314999,6.0749998
140.98599377,0.20432752720289854,0.0054624545,29,1,0.0,0.0,0.0,0.0,0.0,0.53318799,0.4250000055
141.33404595,0.25697099263636364,0.005469854,28,1,0.0,0.0,0.0,0.0,0.0,0.43994001,3.365
141.33404595,0.2717962422115384,0.005469854,28,-1,0.0,0.0,0.0,0.0,0.0,0.39439899,0.859999995
141.33404595,0.2666680112264151,0.005469854,28,-1,0.0,0.0,0.0,0.0,0.0,0.3786,1.06999999
141.33404595,0.24795446657894735,0.005469854,28,-1,0.0,0.0,0.0,0.0,0.0,0.33131701,2.5749999499999996
141.33404595,0.23555674324999998,0.005765320000000001,182,1,0.0,0.0,0.0,0.0,0.0,0.43314901,5.70000005
138.97226329999998,0.26470907295238094,0.005542979333333333,32,1,0.0,0.0,0.0,0.0,0.0,0.45865399,4.92499995
138.97226329999998,0.2526768423636363,0.005542979333333333,32,1,0.0,0.0,0.0,0.0,0.0,0.43405601,3.3000000500000004
138.97226329999998,0.2481647558928571,0.005542979333333333,32,1,0.0,0.0,0.0,0.0,0.0,0.43485001,2.81000005
138.97226329999998,0.243810988245614,0.005542979333333333,32,1,0.0,0.0,0.0,0.0,0.0,0.42883301,2.33000005
138.97226329999998,0.24169089269565214,0.005542979333333333,32,1,0.0,0.0,0.0,0.0,0.0,0.42956001,2.135
138.97226329999998,0.2316204388333333,0.005542979333333333,32,1,0.0,0.0,0.0,0.0,0.0,0.4332,1.34500005
138.97226329999998,0.22782338245901637,0.005542979333333333,32,1,0.0,0.0,0.0,0.0,0.0,0.43360901,1.1
138.97226329999998,0.22414881177419352,0.005542979333333333,32,1,0.0,0.0,0.0,0.0,0.0,0.43733001,0.91
138.97226329999998,0.22235562127999997,0.005542979333333333,32,1,0.0,0.0,0.0,0.0,0.0,0.43779701,0.81999999
138.97226329999998,0.21380348199999996,0.005542979333333333,32,1,0.0,0.0,0.0,0.0,0.0,0.44787699,0.50500001
138.97226329999998,0.2058848345185185,0.005542979333333333,32,1,0.0,0.0,0.0,0.0,0.0,0.467269,0.335000005
138.97226329999998,0.1985318047142857,0.005542979333333333,32,1,0.0,0.0,0.0,0.0,0.0,0.49683401,0.24999999
138.97226329999998,0.2925731858947368,0.005542979333333333,32,-1,0.0,0.0,0.0,0.0,0.0,0.49691999,0.515000015
138.97226329999998,0.283616863877551,0.005542979333333333,32,-1,0.0,0.0,0.0,0.0,0.0,0.47546601,0.694999995
138.97226329999998,0.27794452659999996,0.005542979333333333,32,-1,0.0,0.0,0.0,0.0,0.0,0.46555901,0.86500001
138.97226329999998,0.2724946339215686,0.005542979333333333,32,-1,0.0,0.0,0.0,0.0,0.0,0.462998,1.1050000500000001
138.97226329999998,0.26725435249999996,0.005542979333333333,32,-1,0.0,0.0,0.0,0.0,0.0,0.460408,1.3900000000000001
138.97226329999998,0.26470907295238094,0.005542979333333333,32,-1,0.0,0.0,0.0,0.0,0.0,0.455547,1.52999995
138.97226329999998,0.2597612398130841,0.005542979333333333,32,-1,0.0,0.0,0.0,0.0,0.0,0.45347601,1.8900000000000001
138.97226329999998,0.25735604314814814,0.005542979333333333,32,-1,0.0,0.0,0.0,0.0,0.0,0.44373399,2.03499995
138.97226329999998,0.2526768423636363,0.005542979333333333,32,-1,0.0,0.0,0.0,0.0,0.0,0.44290099,2.4799999
138.97226329999998,0.2481647558928571,0.005542979333333333,32,-1,0.0,0.0,0.0,0.0,0.0,0.43599501,2.93999995
138.97226329999998,0.24169089269565214,0.005542979333333333,32,-1,0.0,0.0,0.0,0.0,0.0,0.42846599,3.75
138.97226329999998,0.23960735051724136,0.005542979333333333,32,-1,0.0,0.0,0.0,0.0,0.0,0.42641401,4.0500000499999995
146.72885474,0.29345770948,0.0055909946666666665,31,1,0.0,0.0,0.0,0.0,0.0,0.44938701,9.3249998
146.72885474,0.27948353283809524,0.0055909946666666665,31,1,0.0,0.0,0.0,0.0,0.0,0.427775,7.125
146.72885474,0.2667797358909091,0.0055909946666666665,31,1,0.0,0.0,0.0,0.0,0.0,0.41535801,5.17499995
146.72885474,0.2574190434035088,0.0055909946666666665,31,1,0.0,0.0,0.0,0.0,0.0,0.40546799,3.82500005
146.72885474,0.25518061693913047,0.0055909946666666665,31,1,0.0,0.0,0.0,0.0,0.0,0.39606899,3.4749999
146.72885474,0.25298078403448276,0.0055909946666666665,31,1,0.0,0.0,0.0,0.0,0.0,0.40346101,3.25
146.72885474,0.24454809123333335,0.0055909946666666665,31,1,0.0,0.0,0.0,0.0,0.0,0.39319801,2.23
146.72885474,0.24053910613114754,0.0055909946666666665,31,1,0.0,0.0,0.0,0.0,0.0,0.392349,1.835
146.72885474,0.23665944312903225,0.0055909946666666665,31,1,0.0,0.0,0.0,0.0,0.0,0.38845599,1.475
146.72885474,0.234766167584,0.0055909946666666665,31,1,0.0,0.0,0.0,0.0,0.0,0.388165,1.3250000000000002
146.72885474,0.23290294403174602,0.0055909946666666665,31,1,0.0,0.0,0.0,0.0,0.0,0.38917199,1.1949999999999998
146.72885474,0.22926383553125002,0.0055909946666666665,31,1,0.0,0.0,0.0,0.0,0.0,0.388989,0.9550000000000001
146.72885474,0.2257366996,0.0055909946666666665,31,1,0.0,0.0,0.0,0.0,0.0,0.39362201,0.78
146.72885474,0.2173760810962963,0.0055909946666666665,31,1,0.0,0.0,0.0,0.0,0.0,0.39686701,0.43499999
146.72885474,0.20961264962857143,0.0055909946666666665,31,1,0.0,0.0,0.0,0.0,0.0,0.41402701,0.269999995
146.72885474,0.19563847298666667,0.0055909946666666665,31,1,0.0,0.0,0.0,0.0,0.0,0.476235,0.154999995
146.72885474,0.1893275545032258,0.0055909946666666665,31,1,0.0,0.0,0.0,0.0,0.0,0.49969599,0.1149999995
146.72885474,0.183411068425,0.0055909946666666665,31,1,0.0,0.0,0.0,0.0,0.0,0.52929503,0.095000002
146.72885474,0.15445142604210527,0.0055909946666666665,31,1,0.0,0.0,0.0,0.0,0.0,0.72481102,0.0650000015
146.72885474,0.2994466423265306,0.0055909946666666665,31,-1,0.0,0.0,0.0,0.0,0.0,0.475934,0.314999995
146.72885474,0.29345770948,0.0055909946666666665,31,-1,0.0,0.0,0.0,0.0,0.0,0.467141,0.405
146.72885474,0.287703636745098,0.0055909946666666665,31,-1,0.0,0.0,0.0,0.0,0.0,0.45804,0.515
146.72885474,0.2821708745,0.0055909946666666665,31,-1,0.0,0.0,0.0,0.0,0.0,0.44772199,0.64500001
146.72885474,0.27948353283809524,0.0055909946666666665,31,-1,0.0,0.0,0.0,0.0,0.0,0.43554199,0.69
146.72885474,0.2667797358909091,0.0055909946666666665,31,-1,0.0,0.0,0.0,0.0,0.0,0.43033099,1.295
146.72885474,0.25518061693913047,0.0055909946666666665,31,-1,0.0,0.0,0.0,0.0,0.0,0.40627199,2.0800000499999998
146.72885474,0.25298078403448276,0.0055909946666666665,31,-1,0.0,0.0,0.0,0.0,0.0,0.40822899,2.32000005
146.72885474,0.234766167584,0.0055909946666666665,31,-1,0.0,0.0,0.0,0.0,0.0,0.38999099,4.875
146.72885474,0.20961264962857143,0.0055909946666666665,31,-1,0.0,0.0,0.0,0.0,0.0,0.41164401,11.3
146.72885474,0.19563847298666667,0.0055909946666666665,31,-1,0.0,0.0,0.0,0.0,0.0,0.54199803,16.3249995
146.72885474,0.24454809123333335,0.005839468666666666,178,1,0.0,0.0,0.0,0.0,0.0,0.43210399,6.70000005
146.72885474,0.2173760810962963,0.005839468666666666,178,1,0.0,0.0,0.0,0.0,0.0,0.433002,4.125
146.72885474,0.20961264962857143,0.005839468666666666,178,1,0.0,0.0,0.0,0.0,0.0,0.43425599,3.5
146.72885474,0.27948353283809524,0.005839468666666666,178,-1,0.0,0.0,0.0,0.0,0.0,0.444143,4.0500000499999995
148.64314173,0.29728628345999997,0.00568933,30,1,0.0,0.0,0.0,0.0,0.0,0.45522699,10.0499999
148.64314173,0.2702602576909091,0.00568933,30,1,0.0,0.0,0.0,0.0,0.0,0.406535,5.70000005
148.64314173,0.26543418166071425,0.00568933,30,1,0.0,0.0,0.0,0.0,0.0,0.400888,4.95000005
148.64314173,0.25850981170434784,0.00568933,30,1,0.0,0.0,0.0,0.0,0.0,0.393646,3.92499995
148.64314173,0.2519375283559322,0.00568933,30,1,0.0,0.0,0.0,0.0,0.0,0.39397499,3.07500005
148.64314173,0.24773856954999998,0.00568933,30,1,0.0,0.0,0.0,0.0,0.0,0.38858801,2.5449999500000002
148.64314173,0.24367728152459014,0.00568933,30,1,0.0,0.0,0.0,0.0,0.0,0.386325,2.09500005
148.64314173,0.237829026768,0.00568933,30,1,0.0,0.0,0.0,0.0,0.0,0.38789201,1.56
148.64314173,0.2359414948095238,0.00568933,30,1,0.0,0.0,0.0,0.0,0.0,0.38637701,1.39500005
148.64314173,0.2286817565076923,0.00568933,30,1,0.0,0.0,0.0,0.0,0.0,0.387775,0.900000005
148.64314173,0.22021206182222222,0.00568933,30,1,0.0,0.0,0.0,0.0,0.0,0.39421099,0.515000015
148.64314173,0.2123473453285714,0.00568933,30,1,0.0,0.0,0.0,0.0,0.0,0.41196901,0.31999999
148.64314173,0.20502502307586207,0.00568933,30,1,0.0,0.0,0.0,0.0,0.0,0.42607301,0.195
148.64314173,0.19819085564,0.00568933,30,1,0.0,0.0,0.0,0.0,0.0,0.472278,0.1750000055
148.64314173,0.5945725669199999,0.00568933,30,-1,0.0,0.0,0.0,0.0,0.0,1.3125449,0.05
148.64314173,0.31293292995789473,0.00568933,30,-1,0.0,0.0,0.0,0.0,0.0,0.50812697,0.190000005
148.64314173,0.29728628345999997,0.00568933,30,-1,0.0,0.0,0.0,0.0,0.0,0.459041,0.290000005
148.64314173,0.28312979377142855,0.00568933,30,-1,0.0,0.0,0.0,0.0,0.0,0.428597,0.515000015
148.64314173,0.2702602576909091,0.00568933,30,-1,0.0,0.0,0.0,0.0,0.0,0.415856,0.98000001
148.64314173,0.26543418166071425,0.00568933,30,-1,0.0,0.0,0.0,0.0,0.0,0.39953399,1.175
148.64314173,0.2562812788448276,0.00568933,30,-1,0.0,0.0,0.0,0.0,0.0,0.40001801,1.9
148.64314173,0.2519375283559322,0.00568933,30,-1,0.0,0.0,0.0,0.0,0.0,0.39284,2.30000005
148.64314173,0.24773856954999998,0.00568933,30,-1,0.0,0.0,0.0,0.0,0.0,0.38969001,2.78499995
148.64314173,0.24367728152459014,0.00568933,30,-1,0.0,0.0,0.0,0.0,0.0,0.385988,3.32500005
148.64314173,0.2286817565076923,0.00568933,30,-1,0.0,0.0,0.0,0.0,0.0,0.39131501,6.1500001
148.64314173,0.22021206182222222,0.00568933,30,-1,0.0,0.0,0.0,0.0,0.0,0.395432,8.25
148.64314173,0.1748742843882353,0.00568933,30,-1,0.0,0.0,0.0,0.0,0.0,0.61127901,25.3249995
148.64314173,0.16515904636666667,0.00568933,30,-1,0.0,0.0,0.0,0.0,0.0,0.66642201,30.3
148.64314173,0.237829026768,0.005896021666666667,177,1,0.0,0.0,0.0,0.0,0.0,0.42880401,6.04999995
148.64314173,0.15646646497894737,0.005896021666666667,177,1,0.0,0.0,0.0,0.0,0.0,0.458278,0.7950000150000001
148.64314173,0.28312979377142855,0.005896021666666667,177,-1,0.0,0.0,0.0,0.0,0.0,0.44440901,3.8000000500000004
148.64314173,0.24773856954999998,0.005896021666666667,177,-1,0.0,0.0,0.0,0.0,0.0,0.42856401,7.125
148.64314173,0.1748742843882353,0.005896021666666667,177,-1,0.0,0.0,0.0,0.0,0.0,0.44193199,26.4250005
148.64314173,0.16515904636666667,0.005896021666666667,177,-1,0.0,0.0,0.0,0.0,0.0,0.45557001,31.125
152.1485244,0.4347100697142858,0.005596524,29,1,0.0,0.0,0.0,0.0,0.0,1.05603,26.375
152.1485244,0.3042970488,0.005596524,29,1,0.0,0.0,0.0,0.0,0.0,0.61682397,11.8
152.1485244,0.28980671314285716,0.005596524,29,1,0.0,0.0,0.0,0.0,0.0,0.468797,9.1750002
152.1485244,0.27663368072727273,0.005596524,29,1,0.0,0.0,0.0,0.0,0.0,0.43577299,6.97500015
152.1485244,0.26460612939130435,0.005596524,29,1,0.0,0.0,0.0,0.0,0.0,0.40729499,4.97500015
152.1485244,0.26232504206896556,0.005596524,29,1,0.0,0.0,0.0,0.0,0.0,0.40092301,4.5999999
152.1485244,0.25787885491525425,0.005596524,29,1,0.0,0.0,0.0,0.0,0.0,0.39469799,3.92499995
152.1485244,0.253580874,0.005596524,29,1,0.0,0.0,0.0,0.0,0.0,0.39164501,3.32500005
152.1485244,0.2494238104918033,0.005596524,29,1,0.0,0.0,0.0,0.0,0.0,0.38811699,2.77999995
152.1485244,0.24540084580645163,0.005596524,29,1,0.0,0.0,0.0,0.0,0.0,0.38696,2.31000005
152.1485244,0.24343763904000001,0.005596524,29,1,0.0,0.0,0.0,0.0,0.0,0.38607901,2.09500005
152.1485244,0.2415055942857143,0.005596524,29,1,0.0,0.0,0.0,0.0,0.0,0.38531101,1.89500005
152.1485244,0.23773206937500002,0.005596524,29,1,0.0,0.0,0.0,0.0,0.0,0.384251,1.54
152.1485244,0.23407465292307694,0.005596524,29,1,0.0,0.0,0.0,0.0,0.0,0.38532999,1.25
152.1485244,0.22540522133333335,0.005596524,29,1,0.0,0.0,0.0,0.0,0.0,0.39296699,0.73999998
152.1485244,0.2173550348571429,0.005596524,29,1,0.0,0.0,0.0,0.0,0.0,0.40298599,0.435000005
152.1485244,0.20986003365517245,0.005596524,29,1,0.0,0.0,0.0,0.0,0.0,0.438907,0.32499999
152.1485244,0.20286469920000003,0.005596524,29,1,0.0,0.0,0.0,0.0,0.0,0.442958,0.185
152.1485244,0.1963206766451613,0.005596524,29,1,0.0,0.0,0.0,0.0,0.0,0.515347,0.22
152.1485244,0.19018565550000002,0.005596524,29,1,0.0,0.0,0.0,0.0,0.0,0.49654901,0.10500000000000001
152.1485244,0.16015634147368424,0.005596524,29,1,0.0,0.0,0.0,0.0,0.0,0.66350198,0.045
152.1485244,0.3042970488,0.005596524,29,-1,0.0,0.0,0.0,0.0,0.0,0.46970201,0.19999999499999999
152.1485244,0.28980671314285716,0.005596524,29,-1,0.0,0.0,0.0,0.0,0.0,0.43043,0.33499999
152.1485244,0.2817565266666667,0.005596524,29,-1,0.0,0.0,0.0,0.0,0.0,0.414911,0.485
152.1485244,0.27663368072727273,0.005596524,29,-1,0.0,0.0,0.0,0.0,0.0,0.40673301,0.625
152.1485244,0.2716937935714286,0.005596524,29,-1,0.0,0.0,0.0,0.0,0.0,0.39585599,0.785
152.1485244,0.26460612939130435,0.005596524,29,-1,0.0,0.0,0.0,0.0,0.0,0.387099,1.13499995
152.1485244,0.253580874,0.005596524,29,-1,0.0,0.0,0.0,0.0,0.0,0.372309,1.97
152.1485244,0.2494238104918033,0.005596524,29,-1,0.0,0.0,0.0,0.0,0.0,0.36783001,2.41499995
152.1485244,0.24343763904000001,0.005596524,29,-1,0.0,0.0,0.0,0.0,0.0,0.364952,3.2250000500000002
152.1485244,0.23407465292307694,0.005596524,29,-1,0.0,0.0,0.0,0.0,0.0,0.36055499,4.875
154.36114183,0.26162905394915253,0.0056059533333333335,32,1,0.0,0.0,0.0,0.0,0.0,0.417651,4.7499999
154.36114183,0.23747867973846154,0.0056059533333333335,32,1,0.0,0.0,0.0,0.0,0.0,0.45156801,2.11
156.22570708,0.24797731282539684,0.005547135333333333,31,1,0.0,0.0,0.0,0.0,0.0,0.47152999,3.3
156.22570708,0.22317958154285716,0.005547135333333333,31,1,0.0,0.0,0.0,0.0,0.0,0.45137599,0.980000005
156.22570708,0.22317958154285716,0.005547135333333333,31,-1,0.0,0.0,0.0,0.0,0.0,0.38172099,7.92499995
164.40493331,0.26516924727419355,0.00543304,30,1,0.0,0.0,0.0,0.0,0.0,0.440512,5.6999998
164.40493331,0.26096021160317456,0.00543304,30,1,0.0,0.0,0.0,0.0,0.0,0.44767401,5.10000015
164.40493331,0.25293066663076924,0.00543304,30,1,0.0,0.0,0.0,0.0,0.0,0.46805301,4.0999999
164.40493331,0.24538049747761193,0.00543304,30,1,0.0,0.0,0.0,0.0,0.0,0.48567599,3.2750001
164.40493331,0.23486419044285714,0.00543304,30,1,0.0,0.0,0.0,0.0,0.0,0.43224499,1.7749999
164.40493331,0.21920657774666666,0.00543304,30,1,0.0,0.0,0.0,0.0,0.0,0.49753699,1.04000001
164.40493331,0.2055061666375,0.00543304,30,1,0.0,0.0,0.0,0.0,0.0,0.51256001,0.489999995
164.40493331,0.25293066663076924,0.00543304,30,-1,0.0,0.0,0.0,0.0,0.0,0.42629299,2.65999995
164.40493331,0.24538049747761193,0.00543304,30,-1,0.0,0.0,0.0,0.0,0.0,0.41105199,3.58000005
164.40493331,0.23486419044285714,0.00543304,30,-1,0.0,0.0,0.0,0.0,0.0,0.46522701,5.875
162.51550719,0.23216501027142855,0.005404338000000001,29,1,0.0,0.0,0.0,0.0,0.0,0.46114501,1.6749999999999998
162.11773326999997,0.23495323662318837,0.005305936,28,1,0.0,0.0,0.0,0.0,0.0,0.470195,1.92000005
162.11773326999997,0.22516351843055551,0.005305936,28,1,0.0,0.0,0.0,0.0,0.0,0.487005,1.25
163.90771591,0.2825995101896552,0.005249244666666667,32,1,0.0,0.0,0.0,0.0,0.0,0.45971599,8.674999699999999
163.90771591,0.2521657167846154,0.005249244666666667,32,1,0.0,0.0,0.0,0.0,0.0,0.465065,4.04999995
168.10920294000002,0.26267062959375004,0.0051794960000000004,31,1,0.0,0.0,0.0,0.0,0.0,0.469028,5.70000005
168.10920294000002,0.48031200840000005,0.0051794960000000004,31,-1,0.0,0.0,0.0,0.0,0.0,0.90248501,0.0250000005
166.71699422,0.26049530346875,0.00506105,30,1,0.0,0.0,0.0,0.0,0.0,0.49124801,5.4250002
160.94927238,0.24022279459701493,0.0049990799999999995,29,1,0.0,0.0,0.0,0.0,0.0,0.47494501,2.46000005
163.65910721,0.2337987245857143,0.0048969980000000005,28,1,0.0,0.0,0.0,0.0,0.0,0.484054,1.91499995
162.93814198,0.21725085597333335,0.0058274679120879115,186,1,0.0,0.0,0.0,0.0,0.0,0.42584699,4.625
162.93814198,0.2506740645846154,0.0058274679120879115,186,-1,0.0,0.0,0.0,0.0,0.0,0.436243,7.72500015
164.13146374,0.36473658608888887,0.0053526038709677416,93,1,0.0,0.0,0.0,0.0,0.0,0.51341403,21.5
164.13146374,0.2344735196285714,0.0053526038709677416,93,1,0.0,0.0,0.0,0.0,0.0,0.42014101,4.0000001
164.13146374,0.22638822584827584,0.0053526038709677416,93,1,0.0,0.0,0.0,0.0,0.0,0.420656,3.20000005
164.13146374,0.2984208431636363,0.0053526038709677416,93,-1,0.0,0.0,0.0,0.0,0.0,0.45381099,1.6449999499999999
164.13146374,0.27355243956666664,0.0053526038709677416,93,-1,0.0,0.0,0.0,0.0,0.0,0.43724999,3.01
164.13146374,0.2344735196285714,0.005880634285714286,185,1,0.0,0.0,0.0,0.0,0.0,0.42365301,6.35000015
165.42422898,0.23632032711428572,0.0050801399999999995,30,1,0.0,0.0,0.0,0.0,0.0,0.478535,2.2649999999999997
165.42422898,0.36760939773333334,0.005382906129032258,92,1,0.0,0.0,0.0,0.0,0.0,0.536919,22.075001
165.42422898,0.33084845796,0.005382906129032258,92,1,0.0,0.0,0.0,0.0,0.0,0.49360099,17.475
165.42422898,0.28769431126956524,0.005382906129032258,92,1,0.0,0.0,0.0,0.0,0.0,0.44780999,11.25
165.42422898,0.22056563864,0.005382906129032258,92,1,0.0,0.0,0.0,0.0,0.0,0.41830301,2.64499995
165.42422898,0.3150937694857143,0.005382906129032258,92,-1,0.0,0.0,0.0,0.0,0.0,0.457129,1.045
165.42422898,0.27570704830000003,0.005382906129032258,92,-1,0.0,0.0,0.0,0.0,0.0,0.425383,2.70000005
165.42422898,0.2281713503172414,0.005382906129032258,92,-1,0.0,0.0,0.0,0.0,0.0,0.41543201,9.1750002
165.34964637000002,0.23288682587323947,0.005003157499999999,29,1,0.0,0.0,0.0,0.0,0.0,0.48463401,1.8599999999999999
165.34964637000002,0.2234454680675676,0.005003157499999999,29,1,0.0,0.0,0.0,0.0,0.0,0.48677501,1.15999995
165.34964637000002,0.36744365860000006,0.00533645,91,1,0.0,0.0,0.0,0.0,0.0,0.54251802,21.875
165.34964637000002,0.2875646023826087,0.00533645,91,1,0.0,0.0,0.0,0.0,0.0,0.45375001,11.075
165.34964637000002,0.27558274395000004,0.00533645,91,1,0.0,0.0,0.0,0.0,0.0,0.443809,9.2999997
165.34964637000002,0.2543840713384616,0.00533645,91,1,0.0,0.0,0.0,0.0,0.0,0.429809,6.29999995
165.34964637000002,0.2449624390666667,0.00533645,91,1,0.0,0.0,0.0,0.0,0.0,0.42413899,5.0749998
165.34964637000002,0.23621378052857145,0.00533645,91,1,0.0,0.0,0.0,0.0,0.0,0.41306299,3.9499999
165.34964637000002,0.22806847775172415,0.00533645,91,1,0.0,0.0,0.0,0.0,0.0,0.420358,3.2249999
165.34964637000002,0.22046619516000002,0.00533645,91,1,0.0,0.0,0.0,0.0,0.0,0.42360601,2.585
165.34964637000002,0.27558274395000004,0.00533645,91,-1,0.0,0.0,0.0,0.0,0.0,0.44943899,3.02999995
165.34964637000002,0.2543840713384616,0.00533645,91,-1,0.0,0.0,0.0,0.0,0.0,0.41854599,4.8249998
165.34964637000002,0.22046619516000002,0.00533645,91,-1,0.0,0.0,0.0,0.0,0.0,0.37788501,10.724999799999999
165.67283768,0.28812667422608695,0.005321255161290323,90,1,0.0,0.0,0.0,0.0,0.0,0.46826401,11.3
165.67283768,0.2548812887384615,0.005321255161290323,90,1,0.0,0.0,0.0,0.0,0.0,0.43178001,6.375
165.67283768,0.23667548239999997,0.005321255161290323,90,1,0.0,0.0,0.0,0.0,0.0,0.41644701,4.0250001
165.67283768,0.22089711690666664,0.005321255161290323,90,1,0.0,0.0,0.0,0.0,0.0,0.42433,2.61
165.67283768,0.2548812887384615,0.005321255161290323,90,-1,0.0,0.0,0.0,0.0,0.0,0.40593901,4.57500005
159.40789844,0.255052637504,0.005004603333333333,31,1,0.0,0.0,0.0,0.0,0.0,0.495433,4.52499985
159.40789844,0.24524292067692308,0.005004603333333333,31,1,0.0,0.0,0.0,0.0,0.0,0.49153599,3.2749999499999998
159.40789844,0.23615984954074073,0.005004603333333333,31,1,0.0,0.0,0.0,0.0,0.0,0.488599,2.29500005
159.40789844,0.2277255692,0.005004603333333333,31,1,0.0,0.0,0.0,0.0,0.0,0.49752,1.63
159.40789844,0.21987296336551723,0.005004603333333333,31,1,0.0,0.0,0.0,0.0,0.0,0.499928,1.10999995
159.40789844,0.21254386458666666,0.005004603333333333,31,1,0.0,0.0,0.0,0.0,0.0,0.51087999,0.78
159.40789844,0.19925987305,0.005004603333333333,31,1,0.0,0.0,0.0,0.0,0.0,0.54023701,0.41000000000000003
159.40789844,0.18753870404705883,0.005004603333333333,31,1,0.0,0.0,0.0,0.0,0.0,0.58344603,0.254999995
159.40789844,0.16779778783157895,0.005004603333333333,31,1,0.0,0.0,0.0,0.0,0.0,0.67812598,0.1349999945
159.40789844,0.31881579688,0.005004603333333333,31,-1,0.0,0.0,0.0,0.0,0.0,0.611314,0.37000000499999997
159.40789844,0.26567983073333334,0.005004603333333333,31,-1,0.0,0.0,0.0,0.0,0.0,0.49947199,1.9
159.40789844,0.255052637504,0.005004603333333333,31,-1,0.0,0.0,0.0,0.0,0.0,0.49344701,2.865
159.40789844,0.24524292067692308,0.005004603333333333,31,-1,0.0,0.0,0.0,0.0,0.0,0.48767,4.0999999
159.40789844,0.23615984954074073,0.005004603333333333,31,-1,0.0,0.0,0.0,0.0,0.0,0.48530999,5.625
159.40789844,0.21254386458666666,0.005924085333333333,178,1,0.0,0.0,0.0,0.0,0.0,0.438979,4.04999995
159.40789844,0.17711988715555554,0.005924085333333333,178,1,0.0,0.0,0.0,0.0,0.0,0.440743,1.56
159.40789844,0.3985197461,0.007408086153846153,367,1,0.0,0.0,0.0,0.0,0.0,0.47839499,26.4000005
159.40789844,0.23615984954074073,0.007408086153846153,367,1,0.0,0.0,0.0,0.0,0.0,0.43262199,9.8750002
159.40789844,0.18753870404705883,0.007408086153846153,367,1,0.0,0.0,0.0,0.0,0.0,0.43425199,5.07500005
159.40789844,0.2277255692,0.007408086153846153,367,-1,0.0,0.0,0.0,0.0,0.0,0.421087,14.1
153.98822878,0.24638116604799998,0.0049742599999999994,30,1,0.0,0.0,0.0,0.0,0.0,0.51501298,3.4
153.98822878,0.23690496735384614,0.0049742599999999994,30,1,0.0,0.0,0.0,0.0,0.0,0.51479799,2.40999995
153.98822878,0.2281307093037037,0.0049742599999999994,30,1,0.0,0.0,0.0,0.0,0.0,0.521074,1.7000000000000002
153.98822878,0.21998318397142855,0.0049742599999999994,30,1,0.0,0.0,0.0,0.0,0.0,0.52159601,1.15000005
153.98822878,0.21239755693793103,0.0049742599999999994,30,1,0.0,0.0,0.0,0.0,0.0,0.53240901,0.80500001
153.98822878,0.2053176383733333,0.0049742599999999994,30,1,0.0,0.0,0.0,0.0,0.0,0.547728,0.58000001
153.98822878,0.19248528597499998,0.0049742599999999994,30,1,0.0,0.0,0.0,0.0,0.0,0.56545901,0.27999999
153.98822878,0.29331091196190473,0.0049742599999999994,30,-1,0.0,0.0,0.0,0.0,0.0,0.55201602,0.685
153.98822878,0.2678056152695652,0.0049742599999999994,30,-1,0.0,0.0,0.0,0.0,0.0,0.52119899,1.76
153.98822878,0.25664704796666665,0.0049742599999999994,30,-1,0.0,0.0,0.0,0.0,0.0,0.508246,2.645
153.98822878,0.24638116604799998,0.0049742599999999994,30,-1,0.0,0.0,0.0,0.0,0.0,0.50997001,3.9
153.98822878,0.23690496735384614,0.0049742599999999994,30,-1,0.0,0.0,0.0,0.0,0.0,0.50818402,5.4000001
153.98822878,0.2053176383733333,0.005924165,177,1,0.0,0.0,0.0,0.0,0.0,0.44254699,3.45
153.98822878,0.38497057194999995,0.007447027582417582,366,1,0.0,0.0,0.0,0.0,0.0,0.481426,24.5
153.98822878,0.23690496735384614,0.007447027582417582,366,1,0.0,0.0,0.0,0.0,0.0,0.44171,9.8249998
153.98822878,0.2281307093037037,0.007447027582417582,366,1,0.0,0.0,0.0,0.0,0.0,0.43949699,8.875
153.98822878,0.18116262209411763,0.007447027582417582,366,1,0.0,0.0,0.0,0.0,0.0,0.42842099,4.22500015
153.98822878,0.24638116604799998,0.007447027582417582,366,-1,0.0,0.0,0.0,0.0,0.0,0.435164,10.774999999999999
153.98822878,0.17109803197777776,0.007447027582417582,366,-1,0.0,0.0,0.0,0.0,0.0,0.39257899,30.299999
148.96633304,0.2708478782545454,0.0049082815,29,1,0.0,0.0,0.0,0.0,0.0,0.54061002,6.45000005
148.96633304,0.25907188354782607,0.0049082815,29,1,0.0,0.0,0.0,0.0,0.0,0.52906102,4.79999995
148.96633304,0.238346132864,0.0049082815,29,1,0.0,0.0,0.0,0.0,0.0,0.522883,2.42999995
148.96633304,0.2291789739076923,0.0049082815,29,1,0.0,0.0,0.0,0.0,0.0,0.53091598,1.70499995
148.96633304,0.22069086376296296,0.0049082815,29,1,0.0,0.0,0.0,0.0,0.0,0.53033298,1.135
148.96633304,0.2128090472,0.0049082815,29,1,0.0,0.0,0.0,0.0,0.0,0.53822601,0.7699999799999999
148.96633304,0.20547080419310343,0.0049082815,29,1,0.0,0.0,0.0,0.0,0.0,0.54504102,0.515000015
148.96633304,0.19862177738666667,0.0049082815,29,1,0.0,0.0,0.0,0.0,0.0,0.573026,0.400000005
148.96633304,0.29793266607999996,0.0049082815,29,-1,0.0,0.0,0.0,0.0,0.0,0.572375,0.58499998
148.96633304,0.2708478782545454,0.0049082815,29,-1,0.0,0.0,0.0,0.0,0.0,0.52246499,1.48
148.96633304,0.25907188354782607,0.0049082815,29,-1,0.0,0.0,0.0,0.0,0.0,0.52028501,2.375
148.96633304,0.24827722173333333,0.0049082815,29,-1,0.0,0.0,0.0,0.0,0.0,0.52479601,3.6
148.96633304,0.238346132864,0.0049082815,29,-1,0.0,0.0,0.0,0.0,0.0,0.52115601,5.04999995
148.96633304,0.2291789739076923,0.0049082815,29,-1,0.0,0.0,0.0,0.0,0.0,0.52073097,6.7750001
148.96633304,0.350509018917647,0.00748305,365,1,0.0,0.0,0.0,0.0,0.0,0.46839699,20.700001
148.96633304,0.29793266607999996,0.00748305,365,1,0.0,0.0,0.0,0.0,0.0,0.456303,15.774999999999999
148.96633304,0.28374539626666667,0.00748305,365,1,0.0,0.0,0.0,0.0,0.0,0.45471501,14.375
148.96633304,0.238346132864,0.00748305,365,1,0.0,0.0,0.0,0.0,0.0,0.436198,9.4499998
148.96633304,0.19862177738666667,0.00748305,365,1,0.0,0.0,0.0,0.0,0.0,0.430603,5.5500002
148.96633304,0.19221462327741934,0.00748305,365,1,0.0,0.0,0.0,0.0,0.0,0.430783,5.0
148.96633304,0.1862079163,0.00748305,365,1,0.0,0.0,0.0,0.0,0.0,0.43196401,4.5250001
148.96633304,0.29793266607999996,0.00748305,365,-1,0.0,0.0,0.0,0.0,0.0,0.45418999,5.54999995
148.96633304,0.24827722173333333,0.00748305,365,-1,0.0,0.0,0.0,0.0,0.0,0.436221,10.2
143.72068947,0.28744137894,0.00496391,28,1,0.0,0.0,0.0,0.0,0.0,0.70201999,9.1999998
143.72068947,0.26131034449090906,0.00496391,28,1,0.0,0.0,0.0,0.0,0.0,0.58418298,5.22500015
143.72068947,0.2499490251652174,0.00496391,28,1,0.0,0.0,0.0,0.0,0.0,0.57467198,3.82500005
143.72068947,0.23953448245,0.00496391,28,1,0.0,0.0,0.0,0.0,0.0,0.559403,2.6549999499999997
143.72068947,0.229953103152,0.00496391,28,1,0.0,0.0,0.0,0.0,0.0,0.56861198,1.8900000000000001
143.72068947,0.2211087530307692,0.00496391,28,1,0.0,0.0,0.0,0.0,0.0,0.584782,1.365
143.72068947,0.21291953995555554,0.00496391,28,1,0.0,0.0,0.0,0.0,0.0,0.57632798,0.8799999949999999
143.72068947,0.20531527067142857,0.00496391,28,1,0.0,0.0,0.0,0.0,0.0,0.591313,0.625
143.72068947,0.19823543375172414,0.00496391,28,1,0.0,0.0,0.0,0.0,0.0,0.59493202,0.41499999
143.72068947,0.19162758595999999,0.00496391,28,1,0.0,0.0,0.0,0.0,0.0,0.62638599,0.335000005
143.72068947,0.16908316408235294,0.00496391,28,1,0.0,0.0,0.0,0.0,0.0,0.72674298,0.1499999949
143.72068947,0.15128493628421052,0.00496391,28,1,0.0,0.0,0.0,0.0,0.0,0.798226,0.06999999949999999
143.72068947,0.28744137894,0.00496391,28,-1,0.0,0.0,0.0,0.0,0.0,0.57067198,0.8199999950000001
143.72068947,0.27375369422857143,0.00496391,28,-1,0.0,0.0,0.0,0.0,0.0,0.60840303,1.63
143.72068947,0.26131034449090906,0.00496391,28,-1,0.0,0.0,0.0,0.0,0.0,0.55544603,2.2249999
143.72068947,0.2499490251652174,0.00496391,28,-1,0.0,0.0,0.0,0.0,0.0,0.563793,3.4250000500000004
143.72068947,0.23953448245,0.00496391,28,-1,0.0,0.0,0.0,0.0,0.0,0.53581297,4.6750002
143.72068947,0.229953103152,0.00496391,28,-1,0.0,0.0,0.0,0.0,0.0,0.53711498,6.375
143.72068947,0.2211087530307692,0.00496391,28,-1,0.0,0.0,0.0,0.0,0.0,0.57352298,8.47500015
143.72068947,0.13687684711428572,0.007519030760869565,364,1,0.0,0.0,0.0,0.0,0.0,0.48825899,2.044999985
143.72068947,0.2499490251652174,0.007519030760869565,364,1,0.0,0.0,0.0,0.0,0.0,0.47979301,11.25
143.72068947,0.229953103152,0.007519030760869565,364,1,0.0,0.0,0.0,0.0,0.0,0.470891,9.1499996
143.72068947,0.2211087530307692,0.007519030760869565,364,1,0.0,0.0,0.0,0.0,0.0,0.463539,8.1500001
143.72068947,0.19162758595999999,0.007519030760869565,364,1,0.0,0.0,0.0,0.0,0.0,0.436753,4.92499995
143.72068947,0.1796508618375,0.007519030760869565,364,1,0.0,0.0,0.0,0.0,0.0,0.47084099,4.67499995
143.72068947,0.41063054134285715,0.007519030760869565,364,-1,0.0,0.0,0.0,0.0,0.0,0.49194899,1.68
143.72068947,0.3193793099333333,0.007519030760869565,364,-1,0.0,0.0,0.0,0.0,0.0,0.487019,4.6
143.72068947,0.28744137894,0.007519030760869565,364,-1,0.0,0.0,0.0,0.0,0.0,0.48247799,6.6500001
143.72068947,0.27375369422857143,0.007519030760869565,364,-1,0.0,0.0,0.0,0.0,0.0,0.44299299,7.0500001999999995
143.72068947,0.15968965496666665,0.007519030760869565,364,-1,0.0,0.0,0.0,0.0,0.0,0.43607,34.2749995
141.75668074,0.22501060434920636,0.005031662,32,1,0.0,0.0,0.0,0.0,0.0,0.57945102,1.73
141.75668074,0.21808720113846156,0.005031662,32,1,0.0,0.0,0.0,0.0,0.0,0.57723403,1.27999995
141.75668074,0.3150148460888889,0.005031662,32,-1,0.0,0.0,0.0,0.0,0.0,0.733926,0.79
141.75668074,0.23626113456666667,0.005031662,32,-1,0.0,0.0,0.0,0.0,0.0,0.57592797,5.75
141.75668074,0.1350063626095238,0.007552630434782608,361,1,0.0,0.0,0.0,0.0,0.0,0.45976901,1.495
141.75668074,0.28351336148,0.007552630434782608,361,1,0.0,0.0,0.0,0.0,0.0,0.47997001,14.075
141.75668074,0.2700127252190476,0.007552630434782608,361,1,0.0,0.0,0.0,0.0,0.0,0.475676,12.75
141.75668074,0.25773941952727275,0.007552630434782608,361,1,0.0,0.0,0.0,0.0,0.0,0.47059801,11.5
141.75668074,0.23626113456666667,0.007552630434782608,361,1,0.0,0.0,0.0,0.0,0.0,0.459916,9.25
141.75668074,0.21808720113846156,0.007552630434782608,361,1,0.0,0.0,0.0,0.0,0.0,0.45566601,7.4749999
141.75668074,0.20250954391428572,0.007552630434782608,361,1,0.0,0.0,0.0,0.0,0.0,0.45149699,6.0
141.75668074,0.18900890765333334,0.007552630434782608,361,1,0.0,0.0,0.0,0.0,0.0,0.44815499,4.79999995
141.75668074,0.177195850925,0.007552630434782608,361,1,0.0,0.0,0.0,0.0,0.0,0.44764999,3.8750001000000003
141.75668074,0.35439170185,0.007552630434782608,361,-1,0.0,0.0,0.0,0.0,0.0,0.50926101,3.3249999499999996
141.75668074,0.3150148460888889,0.007552630434782608,361,-1,0.0,0.0,0.0,0.0,0.0,0.494486,4.9000001
141.75668074,0.29843511734736844,0.007552630434782608,361,-1,0.0,0.0,0.0,0.0,0.0,0.488758,5.8499999
141.75668074,0.25773941952727275,0.007552630434782608,361,-1,0.0,0.0,0.0,0.0,0.0,0.46821001,9.1750002
141.75668074,0.15750742304444446,0.007552630434782608,361,-1,0.0,0.0,0.0,0.0,0.0,0.43776399,34.9750005
136.95853283,0.21739449655555554,0.0050518429999999994,31,1,0.0,0.0,0.0,0.0,0.0,0.579404,1.19500001
136.95853283,0.20751292853030304,0.0050518429999999994,31,1,0.0,0.0,0.0,0.0,0.0,0.59510601,0.7950000100000001
136.95853283,0.13043669793333332,0.007607752282608695,360,1,0.0,0.0,0.0,0.0,0.0,0.52019298,1.97
136.95853283,0.342396332075,0.007607752282608695,360,1,0.0,0.0,0.0,0.0,0.0,0.522291,19.05
136.95853283,0.3222553713647059,0.007607752282608695,360,1,0.0,0.0,0.0,0.0,0.0,0.553855,18.0250005
136.95853283,0.27391706566,0.007607752282608695,360,1,0.0,0.0,0.0,0.0,0.0,0.47761601,12.649999999999999
136.95853283,0.24901551423636362,0.007607752282608695,360,1,0.0,0.0,0.0,0.0,0.0,0.47201601,10.3
136.95853283,0.219133652528,0.007607752282608695,360,1,0.0,0.0,0.0,0.0,0.0,0.45936799,7.3499999
136.95853283,0.2107054351230769,0.007607752282608695,360,1,0.0,0.0,0.0,0.0,0.0,0.455024,6.52499985
136.95853283,0.1956550469,0.007607752282608695,360,1,0.0,0.0,0.0,0.0,0.0,0.42747101,4.70000005
136.95853283,0.18261137710666667,0.007607752282608695,360,1,0.0,0.0,0.0,0.0,0.0,0.451123,4.17499995
136.95853283,0.17672068752258063,0.007607752282608695,360,1,0.0,0.0,0.0,0.0,0.0,0.43807,3.5
136.95853283,0.1711981660375,0.007607752282608695,360,1,0.0,0.0,0.0,0.0,0.0,0.450643,3.35
136.95853283,0.45652844276666665,0.007607752282608695,360,-1,0.0,0.0,0.0,0.0,0.0,0.55148399,1.43500005
136.95853283,0.2883337533263158,0.007607752282608695,360,-1,0.0,0.0,0.0,0.0,0.0,0.50688201,6.7249999
136.95853283,0.27391706566,0.007607752282608695,360,-1,0.0,0.0,0.0,0.0,0.0,0.47411099,7.3249998
136.95853283,0.24901551423636362,0.007607752282608695,360,-1,0.0,0.0,0.0,0.0,0.0,0.45714101,9.6999998
135.69062846,0.30153472991111113,0.005190719999999999,30,-1,0.0,0.0,0.0,0.0,0.0,0.64389998,0.705000015
135.69062846,0.27138125692,0.005190719999999999,30,-1,0.0,0.0,0.0,0.0,0.0,0.61971498,1.87000005
135.69062846,0.24671023356363636,0.005190719999999999,30,-1,0.0,0.0,0.0,0.0,0.0,0.59583199,3.9750001500000005
133.85092408,0.23901950728571428,0.0052261964999999995,29,1,0.0,0.0,0.0,0.0,0.0,0.63045901,2.8249999499999996
133.85092408,0.38243121165714283,0.0052261964999999995,29,-1,0.0,0.0,0.0,0.0,0.0,0.87981498,0.185
124.0557413,0.2481114826,0.0053044979999999995,28,1,0.0,0.0,0.0,0.0,0.0,0.48162699,2.58500005
124.0557413,0.18796324439393938,0.0053044979999999995,28,1,0.0,0.0,0.0,0.0,0.0,0.71923,0.409999995
124.0557413,0.17979092942028985,0.0053044979999999995,28,-1,0.0,0.0,0.0,0.0,0.0,0.62022197,19.25
128.63014138,0.23387298432727271,0.005318068666666667,32,1,0.0,0.0,0.0,0.0,0.0,0.42892599,1.365
130.69359359,0.2513338338269231,0.005327080666666667,31,1,0.0,0.0,0.0,0.0,0.0,0.41922,2.84000005
130.69359359,0.24659168601886794,0.005327080666666667,31,1,0.0,0.0,0.0,0.0,0.0,0.42409,2.3899999999999997
130.69359359,0.24202517331481482,0.005327080666666667,31,1,0.0,0.0,0.0,0.0,0.0,0.414015,1.9100000499999998
132.85648927999998,0.2952366428444444,0.00529122,30,-1,0.0,0.0,0.0,0.0,0.0,0.51720601,0.43999999500000003
132.85648927999998,0.20439459889230766,0.00529122,30,-1,0.0,0.0,0.0,0.0,0.0,0.40620601,11.675
129.99748922999999,0.24073609116666664,0.0053223739999999995,29,1,0.0,0.0,0.0,0.0,0.0,0.45109701,1.9
129.99748922999999,0.2363590713272727,0.0053223739999999995,29,1,0.0,0.0,0.0,0.0,0.0,0.44214299,1.505
129.99748922999999,0.23213837362499998,0.0053223739999999995,29,1,0.0,0.0,0.0,0.0,0.0,0.44346699,1.22
129.99748922999999,0.25489703770588235,0.0053223739999999995,29,-1,0.0,0.0,0.0,0.0,0.0,0.45334801,2.06
128.80416747,0.25760833494,0.005272246,28,-1,0.0,0.0,0.0,0.0,0.0,0.42694101,1.595
130.19637619,0.1627454702375,0.005241099666666666,31,1,0.0,0.0,0.0,0.0,0.0,0.575059,0.0199999995
135.44201976,0.2508185551111111,0.00504201,30,1,0.0,0.0,0.0,0.0,0.0,0.37813601,2.56000005
135.44201976,0.24625821774545453,0.00504201,30,1,0.0,0.0,0.0,0.0,0.0,0.37387899,2.06000005
135.44201976,0.3869771993142857,0.00504201,30,-1,0.0,0.0,0.0,0.0,0.0,0.80847001,0.11
134.47244583,0.24902304783333332,0.004919329500000001,29,1,0.0,0.0,0.0,0.0,0.0,0.423852,2.63
134.47244583,0.24449535605454545,0.004919329500000001,29,1,0.0,0.0,0.0,0.0,0.0,0.41518599,2.125
134.47244583,0.2279193997118644,0.004919329500000001,29,1,0.0,0.0,0.0,0.0,0.0,0.40420201,0.830000015
134.47244583,0.22412074305,0.004919329500000001,29,1,0.0,0.0,0.0,0.0,0.0,0.39872301,0.6200000050000001
134.47244583,0.1680905572875,0.004919329500000001,29,1,0.0,0.0,0.0,0.0,0.0,0.661856,0.08
134.47244583,0.26894489166,0.004919329500000001,29,-1,0.0,0.0,0.0,0.0,0.0,0.45298699,1.0850000149999999
134.47244583,0.25860085736538463,0.004919329500000001,29,-1,0.0,0.0,0.0,0.0,0.0,0.43974099,1.7000000000000002
134.47244583,0.25372159590566035,0.004919329500000001,29,-1,0.0,0.0,0.0,0.0,0.0,0.430814,2.07499995
134.47244583,0.24902304783333332,0.004919329500000001,29,-1,0.0,0.0,0.0,0.0,0.0,0.40326899,2.395
134.47244583,0.24449535605454545,0.004919329500000001,29,-1,0.0,0.0,0.0,0.0,0.0,0.40616101,2.9599998999999997
134.47244583,0.24012936755357142,0.004919329500000001,29,-1,0.0,0.0,0.0,0.0,0.0,0.39434701,3.5
133.57745451,0.23434641142105261,0.00472727,28,1,0.0,0.0,0.0,0.0,0.0,0.432493,1.33
133.57745451,0.22262909085,0.00472727,28,1,0.0,0.0,0.0,0.0,0.0,0.43383101,0.6649999900000001
133.57745451,0.2189794336229508,0.00472727,28,1,0.0,0.0,0.0,0.0,0.0,0.474139,0.67000002
133.57745451,0.2428680991090909,0.00472727,28,-1,0.0,0.0,0.0,0.0,0.0,0.412101,3.15
131.41455882,0.23893556149090908,0.0046969153333333334,32,1,0.0,0.0,0.0,0.0,0.0,0.43937001,1.845
131.41455882,0.2285470588173913,0.0046969153333333334,32,1,0.0,0.0,0.0,0.0,0.0,0.44099599,1.12000005
131.41455882,0.2190242647,0.0046969153333333334,32,1,0.0,0.0,0.0,0.0,0.0,0.44045499,0.640000015
131.41455882,0.21026329411199998,0.0046969153333333334,32,1,0.0,0.0,0.0,0.0,0.0,0.45875099,0.405
131.41455882,0.32853639705,0.0046969153333333334,32,-1,0.0,0.0,0.0,0.0,0.0,0.64631701,0.285000005
131.41455882,0.29203235293333335,0.0046969153333333334,32,-1,0.0,0.0,0.0,0.0,0.0,0.52285802,0.5850000049999999
131.41455882,0.2766622290947368,0.0046969153333333334,32,-1,0.0,0.0,0.0,0.0,0.0,0.491294,0.984999995
131.41455882,0.26282911764,0.0046969153333333334,32,-1,0.0,0.0,0.0,0.0,0.0,0.46808201,1.645
131.41455882,0.2503134453714286,0.0046969153333333334,32,-1,0.0,0.0,0.0,0.0,0.0,0.447853,2.62000005
131.41455882,0.23893556149090908,0.0046969153333333334,32,-1,0.0,0.0,0.0,0.0,0.0,0.441751,4.02499995
138.89768069,0.27779536138,0.004691629666666666,31,1,0.0,0.0,0.0,0.0,0.0,0.45830899,6.625
138.89768069,0.2645670108380952,0.004691629666666666,31,1,0.0,0.0,0.0,0.0,0.0,0.44342101,4.75
138.89768069,0.2525412376181818,0.004691629666666666,31,1,0.0,0.0,0.0,0.0,0.0,0.42771199,3.17499995
138.89768069,0.24156118380869562,0.004691629666666666,31,1,0.0,0.0,0.0,0.0,0.0,0.41389301,1.96
138.89768069,0.2314961344833333,0.004691629666666666,31,1,0.0,0.0,0.0,0.0,0.0,0.41677001,1.19
138.89768069,0.22223628910399998,0.004691629666666666,31,1,0.0,0.0,0.0,0.0,0.0,0.42310399,0.705000015
138.89768069,0.2136887395230769,0.004691629666666666,31,1,0.0,0.0,0.0,0.0,0.0,0.42914,0.405
138.89768069,0.20577434176296294,0.004691629666666666,31,1,0.0,0.0,0.0,0.0,0.0,0.45085299,0.26499998999999996
138.89768069,0.1984252581285714,0.004691629666666666,31,1,0.0,0.0,0.0,0.0,0.0,0.47310701,0.18
138.89768069,0.2924161698736842,0.004691629666666666,31,-1,0.0,0.0,0.0,0.0,0.0,0.49114501,0.47999999
138.89768069,0.27779536138,0.004691629666666666,31,-1,0.0,0.0,0.0,0.0,0.0,0.46404701,0.840000005
138.89768069,0.2645670108380952,0.004691629666666666,31,-1,0.0,0.0,0.0,0.0,0.0,0.44191799,1.435
138.89768069,0.2525412376181818,0.004691629666666666,31,-1,0.0,0.0,0.0,0.0,0.0,0.42603999,2.36000005
138.89768069,0.2314961344833333,0.004691629666666666,31,-1,0.0,0.0,0.0,0.0,0.0,0.414621,5.375
140.19044593,0.2548917198727273,0.00469686,30,1,0.0,0.0,0.0,0.0,0.0,0.425969,3.4750000500000002
140.19044593,0.2438094711826087,0.00469686,30,1,0.0,0.0,0.0,0.0,0.0,0.416307,2.20000005
140.19044593,0.23365074321666668,0.00469686,30,1,0.0,0.0,0.0,0.0,0.0,0.41436201,1.3250000000000002
140.19044593,0.22430471348800002,0.00469686,30,1,0.0,0.0,0.0,0.0,0.0,0.41925099,0.78
140.19044593,0.21567760912307693,0.00469686,30,1,0.0,0.0,0.0,0.0,0.0,0.42340899,0.43999999999999995
140.19044593,0.20768954952592594,0.00469686,30,1,0.0,0.0,0.0,0.0,0.0,0.44154999,0.275000005
140.19044593,0.20027206561428573,0.00469686,30,1,0.0,0.0,0.0,0.0,0.0,0.45930901,0.175
140.19044593,0.1752380574125,0.00469686,30,1,0.0,0.0,0.0,0.0,0.0,0.56513602,0.0599999999
140.19044593,0.3115343242888889,0.00469686,30,-1,0.0,0.0,0.0,0.0,0.0,0.54267401,0.255
140.19044593,0.29513778090526316,0.00469686,30,-1,0.0,0.0,0.0,0.0,0.0,0.49967599,0.414999995
140.19044593,0.28038089186000004,0.00469686,30,-1,0.0,0.0,0.0,0.0,0.0,0.46787,0.715000005
140.19044593,0.2548917198727273,0.00469686,30,-1,0.0,0.0,0.0,0.0,0.0,0.42364499,2.04999995
140.19044593,0.2438094711826087,0.00469686,30,-1,0.0,0.0,0.0,0.0,0.0,0.41411299,3.2749999499999998
140.19044593,0.23365074321666668,0.00469686,30,-1,0.0,0.0,0.0,0.0,0.0,0.41194299,4.9000001
140.33961115,0.2806792223,0.004694661,29,1,0.0,0.0,0.0,0.0,0.0,0.54237902,7.4499998
140.33961115,0.26731354504761906,0.004694661,29,1,0.0,0.0,0.0,0.0,0.0,0.51039702,5.5
140.33961115,0.2551629293636364,0.004694661,29,1,0.0,0.0,0.0,0.0,0.0,0.48860401,3.8500000500000002
140.33961115,0.24406888895652173,0.004694661,29,1,0.0,0.0,0.0,0.0,0.0,0.48230499,2.6000000500000002
140.33961115,0.23389935191666666,0.004694661,29,1,0.0,0.0,0.0,0.0,0.0,0.477384,1.67000005
140.33961115,0.22454337784,0.004694661,29,1,0.0,0.0,0.0,0.0,0.0,0.497132,1.13999995
140.33961115,0.21590709407692307,0.004694661,29,1,0.0,0.0,0.0,0.0,0.0,0.487075,0.660000025
140.33961115,0.20791053503703702,0.004694661,29,1,0.0,0.0,0.0,0.0,0.0,0.50161397,0.430000005
140.33961115,0.20048515878571427,0.004694661,29,1,0.0,0.0,0.0,0.0,0.0,0.51306802,0.275000005
140.33961115,0.2954518129473684,0.004694661,29,-1,0.0,0.0,0.0,0.0,0.0,0.56027597,0.565
140.33961115,0.2806792223,0.004694661,29,-1,0.0,0.0,0.0,0.0,0.0,0.51863497,0.8799999949999999
140.33961115,0.26731354504761906,0.004694661,29,-1,0.0,0.0,0.0,0.0,0.0,0.499046,1.47
140.33961115,0.2551629293636364,0.004694661,29,-1,0.0,0.0,0.0,0.0,0.0,0.47961199,2.3249999499999996
140.33961115,0.24406888895652173,0.004694661,29,-1,0.0,0.0,0.0,0.0,0.0,0.46971601,3.5500000500000004
140.33961115,0.23389935191666666,0.004694661,29,-1,0.0,0.0,0.0,0.0,0.0,0.46897101,5.14999985
140.33961115,0.21590709407692307,0.004694661,29,-1,0.0,0.0,0.0,0.0,0.0,0.47060099,9.125
138.05241111,0.2629569735428572,0.004671642,28,1,0.0,0.0,0.0,0.0,0.0,0.50086099,4.72500015
138.05241111,0.25100438383636364,0.004671642,28,1,0.0,0.0,0.0,0.0,0.0,0.486265,3.2250000500000002
138.05241111,0.24009114975652177,0.004671642,28,1,0.0,0.0,0.0,0.0,0.0,0.47483,2.07000005
138.05241111,0.23008735185,0.004671642,28,1,0.0,0.0,0.0,0.0,0.0,0.47305101,1.2850000000000001
138.05241111,0.220883857776,0.004671642,28,1,0.0,0.0,0.0,0.0,0.0,0.47763601,0.784999995
138.05241111,0.2123883247846154,0.004671642,28,1,0.0,0.0,0.0,0.0,0.0,0.48506501,0.474999995
138.05241111,0.17256551388750002,0.004671642,28,1,0.0,0.0,0.0,0.0,0.0,0.62883401,0.0749999999
138.05241111,0.3944354603142857,0.004671642,28,-1,0.0,0.0,0.0,0.0,0.0,0.90860498,0.144999994
138.05241111,0.29063665496842106,0.004671642,28,-1,0.0,0.0,0.0,0.0,0.0,0.54301101,0.599999995
138.05241111,0.27610482222,0.004671642,28,-1,0.0,0.0,0.0,0.0,0.0,0.52177399,1.045
138.05241111,0.2629569735428572,0.004671642,28,-1,0.0,0.0,0.0,0.0,0.0,0.497978,1.705
138.05241111,0.25100438383636364,0.004671642,28,-1,0.0,0.0,0.0,0.0,0.0,0.48117,2.69000005
138.05241111,0.24009114975652177,0.004671642,28,-1,0.0,0.0,0.0,0.0,0.0,0.47637001,4.07500005
138.05241111,0.23008735185,0.004671642,28,-1,0.0,0.0,0.0,0.0,0.0,0.47206399,5.77499985
138.05241111,0.220883857776,0.004671642,28,-1,0.0,0.0,0.0,0.0,0.0,0.48800299,7.8249998
132.80676754,0.22134461256666668,0.004816712,31,1,0.0,0.0,0.0,0.0,0.0,0.50454003,1.01000001
129.22680226,0.21537800376666666,0.00487411,30,1,0.0,0.0,0.0,0.0,0.0,0.50218898,0.66499999
129.22680226,0.24851308126923077,0.00487411,30,-1,0.0,0.0,0.0,0.0,0.0,0.49718401,2.9849999
128.85388921,0.25770777842000003,0.0048285985000000005,29,1,0.0,0.0,0.0,0.0,0.0,0.51022398,3.89999995
128.85388921,0.29284974820454546,0.0048285985000000005,29,-1,0.0,0.0,0.0,0.0,0.0,0.61366701,0.765000015
128.85388921,0.2863419760222222,0.0048285985000000005,29,-1,0.0,0.0,0.0,0.0,0.0,0.58097303,0.855
128.85388921,0.25770777842000003,0.0048285985000000005,29,-1,0.0,0.0,0.0,0.0,0.0,0.508578,2.1
131.63830665,0.24837416349056604,0.0047770469999999995,28,1,0.0,0.0,0.0,0.0,0.0,0.46066999,2.65999995
131.63830665,0.329095766625,0.0047770469999999995,28,-1,0.0,0.0,0.0,0.0,0.0,0.719073,0.33000001
131.63830665,0.27424647218750003,0.0047770469999999995,28,-1,0.0,0.0,0.0,0.0,0.0,0.50568402,1.01
126.64127178,0.2945145855348837,0.0048810906666666674,32,-1,0.0,0.0,0.0,0.0,0.0,0.59695703,0.7400000099999999
126.64127178,0.263835982875,0.0048810906666666674,32,-1,0.0,0.0,0.0,0.0,0.0,0.483392,1.585
123.03644563,0.24607289126,0.004928492333333334,31,-1,0.0,0.0,0.0,0.0,0.0,0.51483202,3.275
115.87651507,0.22720885307843136,0.004925300666666667,32,1,0.0,0.0,0.0,0.0,0.0,0.54319698,1.415
115.87651507,0.21863493409433962,0.004925300666666667,32,1,0.0,0.0,0.0,0.0,0.0,0.56852502,1.074999965
113.78820199,0.21882346536538463,0.004887048333333334,31,1,0.0,0.0,0.0,0.0,0.0,0.554699,0.9650000000000001
113.78820199,0.26462372555813957,0.004887048333333334,31,-1,0.0,0.0,0.0,0.0,0.0,0.58765298,1.8399999999999999
118.76037599,0.22407618111320754,0.00484426,30,1,0.0,0.0,0.0,0.0,0.0,0.49943599,0.9699999850000001
118.76037599,0.21592795634545456,0.00484426,30,1,0.0,0.0,0.0,0.0,0.0,0.494084,0.59999998
115.82679333,0.19970136781034484,0.004780943,29,1,0.0,0.0,0.0,0.0,0.0,0.54859602,0.284999995
115.82679333,0.1447834916625,0.004780943,29,1,0.0,0.0,0.0,0.0,0.0,0.81778401,0.045000002
112.61974109999998,0.22523948219999998,0.004699671999999999,28,1,0.0,0.0,0.0,0.0,0.0,0.52927297,1.044999995
110.55628888999999,0.2601324444470588,0.004768587,31,1,0.0,0.0,0.0,0.0,0.0,0.56882,3.95000005
110.55628888999999,0.24568064197777775,0.004768587,31,1,0.0,0.0,0.0,0.0,0.0,0.54529297,2.56500005
110.55628888999999,0.23275008187368418,0.004768587,31,1,0.0,0.0,0.0,0.0,0.0,0.52872699,1.5550000000000002
110.55628888999999,0.22111257777999999,0.004768587,31,1,0.0,0.0,0.0,0.0,0.0,0.52786201,0.924999985
110.55628888999999,0.2105834074095238,0.004768587,31,1,0.0,0.0,0.0,0.0,0.0,0.51421499,0.48499998499999997
110.55628888999999,0.20101143434545451,0.004768587,31,1,0.0,0.0,0.0,0.0,0.0,0.53780299,0.31
110.55628888999999,0.19227180676521738,0.004768587,31,1,0.0,0.0,0.0,0.0,0.0,0.55302399,0.190000005
110.55628888999999,0.18426048148333332,0.004768587,31,1,0.0,0.0,0.0,0.0,0.0,0.582192,0.135
110.55628888999999,0.2948167703733333,0.004768587,31,-1,0.0,0.0,0.0,0.0,0.0,0.65218502,0.784999995
110.55628888999999,0.276390722225,0.004768587,31,-1,0.0,0.0,0.0,0.0,0.0,0.60256499,1.2449999
110.55628888999999,0.2601324444470588,0.004768587,31,-1,0.0,0.0,0.0,0.0,0.0,0.571693,2.01499995
110.55628888999999,0.24568064197777775,0.004768587,31,-1,0.0,0.0,0.0,0.0,0.0,0.54707402,3.125
110.55628888999999,0.23275008187368418,0.004768587,31,-1,0.0,0.0,0.0,0.0,0.0,0.527641,4.5999999
110.55628888999999,0.22111257777999999,0.004768587,31,-1,0.0,0.0,0.0,0.0,0.0,0.527978,6.4749999
110.55628888999999,0.2105834074095238,0.004768587,31,-1,0.0,0.0,0.0,0.0,0.0,0.53563398,8.5999999
110.55628888999999,0.20101143434545451,0.004768587,31,-1,0.0,0.0,0.0,0.0,0.0,0.54529899,10.875
114.21083678,0.5076037190222222,0.004722199999999999,30,1,0.0,0.0,0.0,0.0,0.0,1.0179729,23.45
114.21083678,0.45684334711999997,0.004722199999999999,30,1,0.0,0.0,0.0,0.0,0.0,0.87814403,20.9499995
114.21083678,0.2538018595111111,0.004722199999999999,30,1,0.0,0.0,0.0,0.0,0.0,0.52807897,3.2250000500000002
114.21083678,0.24044386690526315,0.004722199999999999,30,1,0.0,0.0,0.0,0.0,0.0,0.50950199,2.0
114.21083678,0.22842167355999998,0.004722199999999999,30,1,0.0,0.0,0.0,0.0,0.0,0.502801,1.1800000000000002
114.21083678,0.2175444510095238,0.004722199999999999,30,1,0.0,0.0,0.0,0.0,0.0,0.50094402,0.6649999950000001
114.21083678,0.20765606687272725,0.004722199999999999,30,1,0.0,0.0,0.0,0.0,0.0,0.51813602,0.405
114.21083678,0.19862754222608694,0.004722199999999999,30,1,0.0,0.0,0.0,0.0,0.0,0.52037799,0.219999995
114.21083678,0.1903513946333333,0.004722199999999999,30,1,0.0,0.0,0.0,0.0,0.0,0.53369403,0.130000002
114.21083678,0.3514179593230769,0.004722199999999999,30,-1,0.0,0.0,0.0,0.0,0.0,0.76300198,0.20500000000000002
114.21083678,0.3263166765142857,0.004722199999999999,30,-1,0.0,0.0,0.0,0.0,0.0,0.72085899,0.364999995
114.21083678,0.2538018595111111,0.004722199999999999,30,-1,0.0,0.0,0.0,0.0,0.0,0.53125101,2.32500005
114.21083678,0.24044386690526315,0.004722199999999999,30,-1,0.0,0.0,0.0,0.0,0.0,0.50786901,3.57500005
114.21083678,0.22842167355999998,0.004722199999999999,30,-1,0.0,0.0,0.0,0.0,0.0,0.50542903,5.2750001
114.21083678,0.2175444510095238,0.004722199999999999,30,-1,0.0,0.0,0.0,0.0,0.0,0.50171697,7.25
114.21083678,0.20765606687272725,0.004722199999999999,30,-1,0.0,0.0,0.0,0.0,0.0,0.51397097,9.4750004
114.21083678,0.182737338848,0.004722199999999999,30,-1,0.0,0.0,0.0,0.0,0.0,0.61027497,16.725
114.21083678,0.17570897966153845,0.004722199999999999,30,-1,0.0,0.0,0.0,0.0,0.0,0.67146701,19.2249995
119.95369775,0.299884244375,0.004742506,29,1,0.0,0.0,0.0,0.0,0.0,0.60686201,8.7250004
119.95369775,0.26656377277777776,0.004742506,29,1,0.0,0.0,0.0,0.0,0.0,0.52813703,4.6500001
119.95369775,0.2525341005263158,0.004742506,29,1,0.0,0.0,0.0,0.0,0.0,0.50029898,3.04999995
119.95369775,0.2399073955,0.004742506,29,1,0.0,0.0,0.0,0.0,0.0,0.484532,1.865
119.95369775,0.22848323380952382,0.004742506,29,1,0.0,0.0,0.0,0.0,0.0,0.485201,1.1099999500000002
119.95369775,0.21809763227272727,0.004742506,29,1,0.0,0.0,0.0,0.0,0.0,0.49234799,0.650000005
119.95369775,0.20861512652173914,0.004742506,29,1,0.0,0.0,0.0,0.0,0.0,0.50111401,0.375
119.95369775,0.19992282958333335,0.004742506,29,1,0.0,0.0,0.0,0.0,0.0,0.52364802,0.23999999500000002
119.95369775,0.3427248507142857,0.004742506,29,-1,0.0,0.0,0.0,0.0,0.0,0.82890701,0.375
119.95369775,0.3198765273333333,0.004742506,29,-1,0.0,0.0,0.0,0.0,0.0,0.66063398,0.32500000500000004
119.95369775,0.299884244375,0.004742506,29,-1,0.0,0.0,0.0,0.0,0.0,0.60483098,0.519999995
119.95369775,0.28224399470588235,0.004742506,29,-1,0.0,0.0,0.0,0.0,0.0,0.56714898,0.890000015
119.95369775,0.26656377277777776,0.004742506,29,-1,0.0,0.0,0.0,0.0,0.0,0.535173,1.49
119.95369775,0.22848323380952382,0.004742506,29,-1,0.0,0.0,0.0,0.0,0.0,0.480901,5.4000001
119.95369775,0.1919259164,0.004742506,29,-1,0.0,0.0,0.0,0.0,0.0,0.552508,14.475
119.95369775,0.15993826366666666,0.004742506,29,-1,0.0,0.0,0.0,0.0,0.0,0.73458999,26.875
119.95369775,0.299884244375,0.006409598709677419,93,1,0.0,0.0,0.0,0.0,0.0,0.56849402,10.149999900000001
119.95369775,0.26656377277777776,0.006409598709677419,93,1,0.0,0.0,0.0,0.0,0.0,0.52463597,6.6750002
119.95369775,0.2525341005263158,0.006409598709677419,93,1,0.0,0.0,0.0,0.0,0.0,0.50616002,5.22500015
119.95369775,0.2399073955,0.006409598709677419,93,1,0.0,0.0,0.0,0.0,0.0,0.50155097,4.0999999
119.95369775,0.20861512652173914,0.006409598709677419,93,1,0.0,0.0,0.0,0.0,0.0,0.47793999,1.7149999999999999
119.95369775,0.19992282958333335,0.006409598709677419,93,1,0.0,0.0,0.0,0.0,0.0,0.47436401,1.255
119.95369775,0.1499421221875,0.006409598709677419,93,1,0.0,0.0,0.0,0.0,0.0,0.50886297,0.1449999945
119.95369775,0.299884244375,0.006409598709677419,93,-1,0.0,0.0,0.0,0.0,0.0,0.57962,2.02
119.95369775,0.28224399470588235,0.006409598709677419,93,-1,0.0,0.0,0.0,0.0,0.0,0.54131502,2.5799999
119.95369775,0.26656377277777776,0.006409598709677419,93,-1,0.0,0.0,0.0,0.0,0.0,0.52333403,3.4499999499999996
119.95369775,0.2525341005263158,0.006409598709677419,93,-1,0.0,0.0,0.0,0.0,0.0,0.51309198,4.57500005
119.95369775,0.2399073955,0.006409598709677419,93,-1,0.0,0.0,0.0,0.0,0.0,0.498357,5.8499999
119.95369775,0.22848323380952382,0.006409598709677419,93,-1,0.0,0.0,0.0,0.0,0.0,0.495076,7.42499995
121.47021081999999,0.30367552705,0.004735624,28,1,0.0,0.0,0.0,0.0,0.0,0.60192603,9.25
121.47021081999999,0.2699338018222222,0.004735624,28,1,0.0,0.0,0.0,0.0,0.0,0.507177,4.97500015
121.47021081999999,0.2557267596210526,0.004735624,28,1,0.0,0.0,0.0,0.0,0.0,0.47545499,3.25
121.47021081999999,0.24294042164,0.004735624,28,1,0.0,0.0,0.0,0.0,0.0,0.45650899,1.94999995
121.47021081999999,0.23137183013333332,0.004735624,28,1,0.0,0.0,0.0,0.0,0.0,0.44766101,1.085
121.47021081999999,0.22085492876363635,0.004735624,28,1,0.0,0.0,0.0,0.0,0.0,0.45396799,0.599999995
121.47021081999999,0.21125254055652173,0.004735624,28,1,0.0,0.0,0.0,0.0,0.0,0.46257901,0.325
121.47021081999999,0.20245035136666664,0.004735624,28,1,0.0,0.0,0.0,0.0,0.0,0.47268799,0.17500000500000001
121.47021081999999,0.194352337312,0.004735624,28,1,0.0,0.0,0.0,0.0,0.0,0.51609999,0.13500000699999998
121.47021081999999,0.30367552705,0.004735624,28,-1,0.0,0.0,0.0,0.0,0.0,0.60807502,0.430000005
121.47021081999999,0.28581226075294114,0.004735624,28,-1,0.0,0.0,0.0,0.0,0.0,0.54667997,0.6700000150000001
121.47021081999999,0.2699338018222222,0.004735624,28,-1,0.0,0.0,0.0,0.0,0.0,0.51002699,1.155
121.47021081999999,0.2557267596210526,0.004735624,28,-1,0.0,0.0,0.0,0.0,0.0,0.47485,1.915
121.47021081999999,0.24294042164,0.004735624,28,-1,0.0,0.0,0.0,0.0,0.0,0.45776999,3.125
121.47021081999999,0.23137183013333332,0.004735624,28,-1,0.0,0.0,0.0,0.0,0.0,0.44703501,4.75
121.47021081999999,0.22085492876363635,0.004735624,28,-1,0.0,0.0,0.0,0.0,0.0,0.456065,6.7750001
121.47021081999999,0.194352337312,0.004735624,28,-1,0.0,0.0,0.0,0.0,0.0,0.53356099,13.825
121.47021081999999,0.2699338018222222,0.006438969677419354,92,1,0.0,0.0,0.0,0.0,0.0,0.50566697,6.95000005
121.47021081999999,0.2557267596210526,0.006438969677419354,92,1,0.0,0.0,0.0,0.0,0.0,0.491716,5.47500015
121.47021081999999,0.24294042164,0.006438969677419354,92,1,0.0,0.0,0.0,0.0,0.0,0.477965,4.20000005
121.47021081999999,0.194352337312,0.006438969677419354,92,1,0.0,0.0,0.0,0.0,0.0,0.45968699,0.9399999450000001
121.47021081999999,0.1868772474153846,0.006438969677419354,92,1,0.0,0.0,0.0,0.0,0.0,0.461373,0.689999995
121.47021081999999,0.1735288726,0.006438969677419354,92,1,0.0,0.0,0.0,0.0,0.0,0.47382399,0.400000005
121.47021081999999,0.151837763525,0.006438969677419354,92,1,0.0,0.0,0.0,0.0,0.0,0.52835798,0.20500000000000002
121.47021081999999,0.3470577452,0.006438969677419354,92,-1,0.0,0.0,0.0,0.0,0.0,0.60835099,0.8650000099999999
121.47021081999999,0.24294042164,0.006438969677419354,92,-1,0.0,0.0,0.0,0.0,0.0,0.47793299,5.27499985
121.47021081999999,0.23137183013333332,0.006438969677419354,92,-1,0.0,0.0,0.0,0.0,0.0,0.46953899,6.75
122.56408909999999,0.2451281782,0.00645146,91,1,0.0,0.0,0.0,0.0,0.0,0.46250099,4.25
122.56408909999999,0.22284379836363635,0.00645146,91,1,0.0,0.0,0.0,0.0,0.0,0.44140601,2.2949999500000002
122.56408909999999,0.20427348183333333,0.00645146,91,1,0.0,0.0,0.0,0.0,0.0,0.44193199,1.2349999999999999
122.56408909999999,0.19610254255999998,0.00645146,91,1,0.0,0.0,0.0,0.0,0.0,0.44456401,0.905
122.56408909999999,0.1361823212222222,0.00645146,91,1,0.0,0.0,0.0,0.0,0.0,0.56776297,0.1149999995
122.56408909999999,0.288386092,0.00645146,91,-1,0.0,0.0,0.0,0.0,0.0,0.51258701,2.01499995
122.56408909999999,0.2723646424444444,0.00645146,91,-1,0.0,0.0,0.0,0.0,0.0,0.49552801,2.7800001
122.56408909999999,0.25802966126315785,0.00645146,91,-1,0.0,0.0,0.0,0.0,0.0,0.47542,3.6999999499999996
122.56408909999999,0.23345540780952379,0.00645146,91,-1,0.0,0.0,0.0,0.0,0.0,0.453787,6.3249998
123.63310650999999,0.23775597405769228,0.004843172,31,1,0.0,0.0,0.0,0.0,0.0,0.413647,1.47500005
123.63310650999999,0.22478746638181815,0.004843172,31,1,0.0,0.0,0.0,0.0,0.0,0.41348499,0.7100000049999999
123.63310650999999,0.1994082363064516,0.004843172,31,-1,0.0,0.0,0.0,0.0,0.0,0.48974201,12.475
121.02271515999999,0.27505162536363637,0.00480004,30,-1,0.0,0.0,0.0,0.0,0.0,0.47435701,0.8299999849999999
125.5473935,0.22826798818181818,0.0047887815,29,1,0.0,0.0,0.0,0.0,0.0,0.39722601,0.7400000099999999
125.5473935,0.22419177410714286,0.0047887815,29,1,0.0,0.0,0.0,0.0,0.0,0.40784201,0.60000001
126.04461090000001,0.22917201981818183,0.004920724666666667,32,1,0.0,0.0,0.0,0.0,0.0,0.51435202,1.47
126.04461090000001,0.28009913533333336,0.004920724666666667,32,-1,0.0,0.0,0.0,0.0,0.0,0.522358,0.955000015
129.00305443,0.21500509071666665,0.004916797,31,1,0.0,0.0,0.0,0.0,0.0,0.47923601,0.595
129.00305443,0.25800610885999997,0.004916797,31,-1,0.0,0.0,0.0,0.0,0.0,0.51032799,2.17999995
125.84572393999998,0.2926644742790697,0.00489429,30,-1,0.0,0.0,0.0,0.0,0.0,0.61815399,0.805
125.84572393999998,0.2796571643111111,0.00489429,30,-1,0.0,0.0,0.0,0.0,0.0,0.54481399,0.9799999899999999
125.84572393999998,0.2677568594468085,0.00489429,30,-1,0.0,0.0,0.0,0.0,0.0,0.52912903,1.5
123.43421955,0.24686843909999998,0.004885203500000001,29,-1,0.0,0.0,0.0,0.0,0.0,0.48186201,2.88
120.30174993,0.22698443383018868,0.004912064,28,1,0.0,0.0,0.0,0.0,0.0,0.48321301,1.004999985
120.30174993,0.26733722206666666,0.004912064,28,-1,0.0,0.0,0.0,0.0,0.0,0.510378,1.26999995
122.66353258000001,0.23589140880769233,0.005156791333333334,32,1,0.0,0.0,0.0,0.0,0.0,0.46068701,1.63
122.66353258000001,0.23144062750943398,0.005156791333333334,32,1,0.0,0.0,0.0,0.0,0.0,0.45327699,1.29
119.63050643999999,0.2300586662307692,0.005112322333333332,31,1,0.0,0.0,0.0,0.0,0.0,0.47967499,1.255
119.63050643999999,0.2098780814736842,0.005112322333333332,31,1,0.0,0.0,0.0,0.0,0.0,0.49633899,0.44499999
118.98412382,0.2428247424897959,0.0050845099999999996,30,1,0.0,0.0,0.0,0.0,0.0,0.50579798,2.27
118.98412382,0.22449834683018866,0.0050845099999999996,30,1,0.0,0.0,0.0,0.0,0.0,0.496144,0.995000015
118.98412382,0.2644091640444444,0.0050845099999999996,30,-1,0.0,0.0,0.0,0.0,0.0,0.512353,1.52
118.98412382,0.23796824764,0.0050845099999999996,30,-1,0.0,0.0,0.0,0.0,0.0,0.49764401,3.97500005
118.73551511999999,0.22833752907692306,0.005116295,29,1,0.0,0.0,0.0,0.0,0.0,0.51880097,1.27
118.73551511999999,0.21988058355555554,0.005116295,29,1,0.0,0.0,0.0,0.0,0.0,0.49868199,0.7549999949999999
118.73551511999999,0.25812068504347824,0.005116295,29,-1,0.0,0.0,0.0,0.0,0.0,0.50215501,1.85
117.3433064,0.2346866128,0.005122499,28,1,0.0,0.0,0.0,0.0,0.0,0.51299202,1.5699999999999998
116.89581074,0.24353293904166667,0.005335588666666668,32,-1,0.0,0.0,0.0,0.0,0.0,0.522506,3.4499999499999996
118.08913249999999,0.21470751363636362,0.005342537666666667,31,1,0.0,0.0,0.0,0.0,0.0,0.51160997,0.655
118.98412382,0.21633477058181816,0.00532868,30,1,0.0,0.0,0.0,0.0,0.0,0.497343,0.6349999900000001
118.98412382,0.23796824764,0.008122817741935484,93,1,0.0,0.0,0.0,0.0,0.0,0.44535899,3.42499995
118.98412382,0.2266364263238095,0.008122817741935484,93,1,0.0,0.0,0.0,0.0,0.0,0.43696499,2.49500005
118.98412382,0.21633477058181816,0.008122817741935484,93,1,0.0,0.0,0.0,0.0,0.0,0.43013799,1.775
118.98412382,0.20692891099130434,0.008122817741935484,93,1,0.0,0.0,0.0,0.0,0.0,0.42856199,1.26499995
118.98412382,0.19830687303333333,0.008122817741935484,93,1,0.0,0.0,0.0,0.0,0.0,0.433193,0.925000015
118.98412382,0.1830524981846154,0.008122817741935484,93,1,0.0,0.0,0.0,0.0,0.0,0.431281,0.444999995
118.98412382,0.33995463948571425,0.008122817741935484,93,-1,0.0,0.0,0.0,0.0,0.0,0.53357297,0.655
118.98412382,0.29746030954999997,0.008122817741935484,93,-1,0.0,0.0,0.0,0.0,0.0,0.492156,1.47
118.98412382,0.2799626442823529,0.008122817741935484,93,-1,0.0,0.0,0.0,0.0,0.0,0.47741199,2.1399999999999997
118.98412382,0.23796824764,0.008122817741935484,93,-1,0.0,0.0,0.0,0.0,0.0,0.44213599,5.45000005
118.98412382,0.1830524981846154,0.008122817741935484,93,-1,0.0,0.0,0.0,0.0,0.0,0.43664801,17.525
115.20527158,0.20946413014545454,0.005298229999999999,29,1,0.0,0.0,0.0,0.0,0.0,0.53278297,0.48000000500000006
115.20527158,0.28801317895,0.005298229999999999,29,-1,0.0,0.0,0.0,0.0,0.0,0.586631,0.724999995
115.20527158,0.24253741385263158,0.008163974193548387,92,1,0.0,0.0,0.0,0.0,0.0,0.46557,3.85
115.20527158,0.21943861253333333,0.008163974193548387,92,1,0.0,0.0,0.0,0.0,0.0,0.45473599,2.09000005
115.20527158,0.20946413014545454,0.008163974193548387,92,1,0.0,0.0,0.0,0.0,0.0,0.45315799,1.5150000000000001
115.20527158,0.19200878596666668,0.008163974193548387,92,1,0.0,0.0,0.0,0.0,0.0,0.45462999,0.784999995
115.20527158,0.1280058573111111,0.008163974193548387,92,1,0.0,0.0,0.0,0.0,0.0,0.61643797,0.1149999999
115.20527158,0.28801317895,0.008163974193548387,92,-1,0.0,0.0,0.0,0.0,0.0,0.489214,1.7550001
115.20527158,0.27107122724705884,0.008163974193548387,92,-1,0.0,0.0,0.0,0.0,0.0,0.477837,2.55999995
115.20527158,0.2560117146222222,0.008163974193548387,92,-1,0.0,0.0,0.0,0.0,0.0,0.468813,3.6000000500000002
115.20527158,0.24253741385263158,0.008163974193548387,92,-1,0.0,0.0,0.0,0.0,0.0,0.46084899,4.875
117.54219336,0.2527789104516129,0.005521294666666666,32,1,0.0,0.0,0.0,0.0,0.0,0.53315401,3.32500005
117.54219336,0.250089773106383,0.005521294666666666,32,1,0.0,0.0,0.0,0.0,0.0,0.51728398,2.99
117.54219336,0.24745724917894737,0.005521294666666666,32,1,0.0,0.0,0.0,0.0,0.0,0.52341503,2.78999995
117.54219336,0.2398820272653061,0.005521294666666666,32,1,0.0,0.0,0.0,0.0,0.0,0.51024801,2.09500005
117.54219336,0.23508438672,0.005521294666666666,32,1,0.0,0.0,0.0,0.0,0.0,0.51203501,1.755
117.54219336,0.22604267953846155,0.005521294666666666,32,1,0.0,0.0,0.0,0.0,0.0,0.50918901,1.18
117.54219336,0.2238898921142857,0.005521294666666666,32,1,0.0,0.0,0.0,0.0,0.0,0.505687,1.05
117.54219336,0.21767072844444443,0.005521294666666666,32,1,0.0,0.0,0.0,0.0,0.0,0.504664,0.76000002
117.54219336,0.21371307883636365,0.005521294666666666,32,1,0.0,0.0,0.0,0.0,0.0,0.49926001,0.5900000000000001
117.54219336,0.20442120584347825,0.005521294666666666,32,1,0.0,0.0,0.0,0.0,0.0,0.508304,0.35000001000000003
117.54219336,0.1959036556,0.005521294666666666,32,1,0.0,0.0,0.0,0.0,0.0,0.50849003,0.19
117.54219336,0.5224097482666666,0.005521294666666666,32,-1,0.0,0.0,0.0,0.0,0.0,1.157864,0.06
117.54219336,0.47016877344,0.005521294666666666,32,-1,0.0,0.0,0.0,0.0,0.0,0.87322903,0.0199999994
117.54219336,0.3918073112,0.005521294666666666,32,-1,0.0,0.0,0.0,0.0,0.0,0.82141602,0.11
117.54219336,0.31344584896,0.005521294666666666,32,-1,0.0,0.0,0.0,0.0,0.0,0.62662297,0.400000005
117.54219336,0.2798623651428571,0.005521294666666666,32,-1,0.0,0.0,0.0,0.0,0.0,0.570813,1.085
117.54219336,0.27656986672941175,0.005521294666666666,32,-1,0.0,0.0,0.0,0.0,0.0,0.56236798,1.19
117.54219336,0.2671413485454545,0.005521294666666666,32,-1,0.0,0.0,0.0,0.0,0.0,0.54952902,1.6199999
117.54219336,0.26413976035955056,0.005521294666666666,32,-1,0.0,0.0,0.0,0.0,0.0,0.54605299,1.79
117.54219336,0.2612048741333333,0.005521294666666666,32,-1,0.0,0.0,0.0,0.0,0.0,0.54699802,1.99499995
117.54219336,0.23508438672,0.012107708241758242,186,1,0.0,0.0,0.0,0.0,0.0,0.44011399,4.875
121.69395865,0.2561978076842105,0.005616690333333333,31,1,0.0,0.0,0.0,0.0,0.0,0.527412,3.70000005
121.69395865,0.2509153786597938,0.005616690333333333,31,1,0.0,0.0,0.0,0.0,0.0,0.52607799,3.17499995
121.69395865,0.24835501765306123,0.005616690333333333,31,1,0.0,0.0,0.0,0.0,0.0,0.51435101,2.87
121.69395865,0.2433879173,0.005616690333333333,31,1,0.0,0.0,0.0,0.0,0.0,0.509579,2.40499995
121.69395865,0.23861560519607844,0.005616690333333333,31,1,0.0,0.0,0.0,0.0,0.0,0.508744,2.01499995
121.69395865,0.2340268435576923,0.005616690333333333,31,1,0.0,0.0,0.0,0.0,0.0,0.50136399,1.6400000499999998
121.69395865,0.23179801647619047,0.005616690333333333,31,1,0.0,0.0,0.0,0.0,0.0,0.50128299,1.49000005
121.69395865,0.22961124273584904,0.005616690333333333,31,1,0.0,0.0,0.0,0.0,0.0,0.50096202,1.35
121.69395865,0.22535918268518518,0.005616690333333333,31,1,0.0,0.0,0.0,0.0,0.0,0.49784601,1.0899999999999999
121.69395865,0.221261743,0.005616690333333333,31,1,0.0,0.0,0.0,0.0,0.0,0.495702,0.875
121.69395865,0.21731064044642856,0.005616690333333333,31,1,0.0,0.0,0.0,0.0,0.0,0.49860501,0.715000005
121.69395865,0.21349817307017543,0.005616690333333333,31,1,0.0,0.0,0.0,0.0,0.0,0.49799401,0.56999999
121.69395865,0.2116416672173913,0.005616690333333333,31,1,0.0,0.0,0.0,0.0,0.0,0.48923799,0.480000005
121.69395865,0.20282326441666668,0.005616690333333333,31,1,0.0,0.0,0.0,0.0,0.0,0.493406,0.269999995
121.69395865,0.40564652883333335,0.005616690333333333,31,-1,0.0,0.0,0.0,0.0,0.0,0.81310999,0.0649999999
121.69395865,0.3476970247142857,0.005616690333333333,31,-1,0.0,0.0,0.0,0.0,0.0,0.67172599,0.14500000000000002
121.69395865,0.2863387262352941,0.005616690333333333,31,-1,0.0,0.0,0.0,0.0,0.0,0.56416303,0.81999999
121.69395865,0.27657717875,0.005616690333333333,31,-1,0.0,0.0,0.0,0.0,0.0,0.552517,1.15
121.69395865,0.27346957,0.005616690333333333,31,-1,0.0,0.0,0.0,0.0,0.0,0.54534602,1.2650000499999998
121.69395865,0.27043101922222224,0.005616690333333333,31,-1,0.0,0.0,0.0,0.0,0.0,0.54043102,1.40000005
121.69395865,0.2674592497802198,0.005616690333333333,31,-1,0.0,0.0,0.0,0.0,0.0,0.53634697,1.55
121.69395865,0.26455208402173913,0.005616690333333333,31,-1,0.0,0.0,0.0,0.0,0.0,0.53293902,1.7149999999999999
121.69395865,0.25892331627659576,0.005616690333333333,31,-1,0.0,0.0,0.0,0.0,0.0,0.52399898,2.07000005
121.69395865,0.2561978076842105,0.005616690333333333,31,-1,0.0,0.0,0.0,0.0,0.0,0.52020198,2.26999995
121.69395865,0.24835501765306123,0.005616690333333333,31,-1,0.0,0.0,0.0,0.0,0.0,0.51080298,2.95999995
121.69395865,0.2433879173,0.005616690333333333,31,-1,0.0,0.0,0.0,0.0,0.0,0.498032,3.45000005
121.69395865,0.2116416672173913,0.012277936043956045,185,1,0.0,0.0,0.0,0.0,0.0,0.42148799,3.04500005
121.69395865,0.20282326441666668,0.012277936043956045,185,1,0.0,0.0,0.0,0.0,0.0,0.42298001,2.49
121.69395865,0.18722147484615384,0.012277936043956045,185,1,0.0,0.0,0.0,0.0,0.0,0.41718599,1.5650001
121.69395865,0.17384851235714285,0.012277936043956045,185,1,0.0,0.0,0.0,0.0,0.0,0.42040601,1.0250000099999999
121.69395865,0.304234896625,0.012277936043956045,185,-1,0.0,0.0,0.0,0.0,0.0,0.47785899,2.4700000500000003
123.0613065,0.2590764347368421,0.005712040000000001,30,1,0.0,0.0,0.0,0.0,0.0,0.54269803,4.125
123.0613065,0.246122613,0.005712040000000001,30,1,0.0,0.0,0.0,0.0,0.0,0.52912903,2.7750001
123.0613065,0.24129667941176472,0.005712040000000001,30,1,0.0,0.0,0.0,0.0,0.0,0.52181298,2.31499995
123.0613065,0.23665635865384615,0.005712040000000001,30,1,0.0,0.0,0.0,0.0,0.0,0.51602,1.915
123.0613065,0.23440248857142856,0.005712040000000001,30,1,0.0,0.0,0.0,0.0,0.0,0.51610702,1.75
123.0613065,0.22789130833333335,0.005712040000000001,30,1,0.0,0.0,0.0,0.0,0.0,0.51003498,1.29
123.0613065,0.22374783,0.005712040000000001,30,1,0.0,0.0,0.0,0.0,0.0,0.50969601,1.0550000000000002
123.0613065,0.2197523330357143,0.005712040000000001,30,1,0.0,0.0,0.0,0.0,0.0,0.50894701,0.85499999
123.0613065,0.21401966347826087,0.005712040000000001,30,1,0.0,0.0,0.0,0.0,0.0,0.509278,0.619999975
123.0613065,0.2051021775,0.005712040000000001,30,1,0.0,0.0,0.0,0.0,0.0,0.50905102,0.349999995
123.0613065,0.18932508692307692,0.005712040000000001,30,1,0.0,0.0,0.0,0.0,0.0,0.54403901,0.144999994
123.0613065,0.35160373285714286,0.005712040000000001,30,-1,0.0,0.0,0.0,0.0,0.0,0.67350698,0.11500000399999999
123.0613065,0.30765326625,0.005712040000000001,30,-1,0.0,0.0,0.0,0.0,0.0,0.60502398,0.405000005
123.0613065,0.2895560152941177,0.005712040000000001,30,-1,0.0,0.0,0.0,0.0,0.0,0.57058299,0.705000015
123.0613065,0.27346957,0.005712040000000001,30,-1,0.0,0.0,0.0,0.0,0.0,0.554874,1.26
123.0613065,0.2590764347368421,0.005712040000000001,30,-1,0.0,0.0,0.0,0.0,0.0,0.52986997,2.03499995
123.0613065,0.246122613,0.005712040000000001,30,-1,0.0,0.0,0.0,0.0,0.0,0.51539999,3.17499995
123.0613065,0.246122613,0.012460345164835164,184,1,0.0,0.0,0.0,0.0,0.0,0.44985801,6.20000005
123.0613065,0.2051021775,0.012460345164835164,184,1,0.0,0.0,0.0,0.0,0.0,0.42744201,2.7049999
123.0613065,0.153826633125,0.012460345164835164,184,1,0.0,0.0,0.0,0.0,0.0,0.427324,0.480000005
123.0613065,0.30765326625,0.012460345164835164,184,-1,0.0,0.0,0.0,0.0,0.0,0.47745699,2.33500005
123.0613065,0.2590764347368421,0.012460345164835164,184,-1,0.0,0.0,0.0,0.0,0.0,0.444603,5.0
123.0613065,0.246122613,0.012460345164835164,184,-1,0.0,0.0,0.0,0.0,0.0,0.43835199,6.25
123.0613065,0.23440248857142856,0.012460345164835164,184,-1,0.0,0.0,0.0,0.0,0.0,0.437179,7.72500015
124.90101088,0.2629494965894737,0.0058203989999999995,29,1,0.0,0.0,0.0,0.0,0.0,0.57471901,4.72500015
124.90101088,0.25490002220408164,0.0058203989999999995,29,1,0.0,0.0,0.0,0.0,0.0,0.56136501,3.8000000500000004
124.90101088,0.2523252745050505,0.0058203989999999995,29,1,0.0,0.0,0.0,0.0,0.0,0.55862802,3.5249999499999998
124.90101088,0.24980202176,0.0058203989999999995,29,1,0.0,0.0,0.0,0.0,0.0,0.55364501,3.25
124.90101088,0.2449039429019608,0.0058203989999999995,29,1,0.0,0.0,0.0,0.0,0.0,0.549568,2.76999995
124.90101088,0.24019425169230768,0.0058203989999999995,29,1,0.0,0.0,0.0,0.0,0.0,0.54460299,2.33500005
124.90101088,0.23790668739047618,0.0058203989999999995,29,1,0.0,0.0,0.0,0.0,0.0,0.549209,2.17499995
124.90101088,0.2356622846792453,0.0058203989999999995,29,1,0.0,0.0,0.0,0.0,0.0,0.54537302,1.9799999499999998
124.90101088,0.2312981682962963,0.0058203989999999995,29,1,0.0,0.0,0.0,0.0,0.0,0.54911399,1.685
124.90101088,0.22709274705454546,0.0058203989999999995,29,1,0.0,0.0,0.0,0.0,0.0,0.550973,1.42
124.90101088,0.22303751942857142,0.0058203989999999995,29,1,0.0,0.0,0.0,0.0,0.0,0.55036902,1.18
124.90101088,0.21912458049122807,0.0058203989999999995,29,1,0.0,0.0,0.0,0.0,0.0,0.55446202,0.99499999
124.90101088,0.21721914935652173,0.0058203989999999995,29,1,0.0,0.0,0.0,0.0,0.0,0.55581099,0.91
124.90101088,0.20816835146666668,0.0058203989999999995,29,1,0.0,0.0,0.0,0.0,0.0,0.56359798,0.58000001
124.90101088,0.19215540135384615,0.0058203989999999995,29,1,0.0,0.0,0.0,0.0,0.0,0.595204,0.259999995
124.90101088,0.17843001554285715,0.0058203989999999995,29,1,0.0,0.0,0.0,0.0,0.0,0.61014098,0.10500000000000001
124.90101088,0.3122525272,0.0058203989999999995,29,-1,0.0,0.0,0.0,0.0,0.0,0.64244401,0.400000005
124.90101088,0.2973833592380952,0.0058203989999999995,29,-1,0.0,0.0,0.0,0.0,0.0,0.61247402,0.609999985
124.90101088,0.29388473148235295,0.0058203989999999995,29,-1,0.0,0.0,0.0,0.0,0.0,0.607979,0.685000005
124.90101088,0.2838659338181818,0.0058203989999999995,29,-1,0.0,0.0,0.0,0.0,0.0,0.59059602,0.94
124.90101088,0.27755780195555557,0.0058203989999999995,29,-1,0.0,0.0,0.0,0.0,0.0,0.57688099,1.13999995
124.90101088,0.2629494965894737,0.0058203989999999995,29,-1,0.0,0.0,0.0,0.0,0.0,0.55747902,1.875
124.90101088,0.25490002220408164,0.0058203989999999995,29,-1,0.0,0.0,0.0,0.0,0.0,0.54985899,2.4749999
124.90101088,0.24980202176,0.0058203989999999995,29,-1,0.0,0.0,0.0,0.0,0.0,0.54422498,2.93500005
124.90101088,0.2449039429019608,0.0058203989999999995,29,-1,0.0,0.0,0.0,0.0,0.0,0.53935897,3.4499999499999996
124.90101088,0.2629494965894737,0.01265703978021978,183,1,0.0,0.0,0.0,0.0,0.0,0.46843499,8.049999699999999
124.90101088,0.23790668739047618,0.01265703978021978,183,1,0.0,0.0,0.0,0.0,0.0,0.45265299,5.5999999
124.90101088,0.22709274705454546,0.01265703978021978,183,1,0.0,0.0,0.0,0.0,0.0,0.44746,4.625
124.90101088,0.21721914935652173,0.01265703978021978,183,1,0.0,0.0,0.0,0.0,0.0,0.443535,3.8000000500000004
124.90101088,0.20816835146666668,0.01265703978021978,183,1,0.0,0.0,0.0,0.0,0.0,0.427766,2.94000005
124.90101088,0.199841617408,0.01265703978021978,183,1,0.0,0.0,0.0,0.0,0.0,0.43169901,2.4499999499999996
124.90101088,0.19215540135384615,0.01265703978021978,183,1,0.0,0.0,0.0,0.0,0.0,0.43478599,2.03500005
124.90101088,0.17843001554285715,0.01265703978021978,183,1,0.0,0.0,0.0,0.0,0.0,0.43385199,1.3399999500000002
124.90101088,0.1561262636,0.01265703978021978,183,1,0.0,0.0,0.0,0.0,0.0,0.43174401,0.56
124.90101088,0.4541854941090909,0.01265703978021978,183,-1,0.0,0.0,0.0,0.0,0.0,0.58367002,0.47
122.96186302,0.29990698297560975,0.0058103799999999995,28,1,0.0,0.0,0.0,0.0,0.0,0.65979397,9.125
122.96186302,0.25886708004210524,0.0058103799999999995,28,1,0.0,0.0,0.0,0.0,0.0,0.58614498,4.22500015
122.96186302,0.24840780408080806,0.0058103799999999995,28,1,0.0,0.0,0.0,0.0,0.0,0.57849699,3.1499999499999998
122.96186302,0.24592372603999998,0.0058103799999999995,28,1,0.0,0.0,0.0,0.0,0.0,0.579849,2.92999995
122.96186302,0.2411016921960784,0.0058103799999999995,28,1,0.0,0.0,0.0,0.0,0.0,0.57117897,2.46500005
122.96186302,0.23646512119230767,0.0058103799999999995,28,1,0.0,0.0,0.0,0.0,0.0,0.57024503,2.09000005
122.96186302,0.23421307241904762,0.0058103799999999995,28,1,0.0,0.0,0.0,0.0,0.0,0.56885898,1.915
122.96186302,0.23200351513207546,0.0058103799999999995,28,1,0.0,0.0,0.0,0.0,0.0,0.56533498,1.74000005
122.96186302,0.22770715374074074,0.0058103799999999995,28,1,0.0,0.0,0.0,0.0,0.0,0.56680501,1.4649999999999999
122.96186302,0.22356702367272727,0.0058103799999999995,28,1,0.0,0.0,0.0,0.0,0.0,0.56986302,1.23500005
122.96186302,0.21957475539285715,0.0058103799999999995,28,1,0.0,0.0,0.0,0.0,0.0,0.57103801,1.030000055
122.96186302,0.21572256670175438,0.0058103799999999995,28,1,0.0,0.0,0.0,0.0,0.0,0.57347202,0.859999985
122.96186302,0.21384671829565216,0.0058103799999999995,28,1,0.0,0.0,0.0,0.0,0.0,0.57470697,0.784999995
122.96186302,0.20493643836666667,0.0058103799999999995,28,1,0.0,0.0,0.0,0.0,0.0,0.58677697,0.510000005
122.96186302,0.2732485844888889,0.0058103799999999995,28,-1,0.0,0.0,0.0,0.0,0.0,0.60393697,1.4
122.96186302,0.24840780408080806,0.0058103799999999995,28,-1,0.0,0.0,0.0,0.0,0.0,0.57042903,3.125
122.96186302,0.24592372603999998,0.0058103799999999995,28,-1,0.0,0.0,0.0,0.0,0.0,0.575486,3.42499995
122.96186302,0.23421307241904762,0.01282471,182,1,0.0,0.0,0.0,0.0,0.0,0.45889601,5.2750001
122.96186302,0.20493643836666667,0.01282471,182,1,0.0,0.0,0.0,0.0,0.0,0.44616601,2.9
122.96186302,0.196738980832,0.01282471,182,1,0.0,0.0,0.0,0.0,0.0,0.443259,2.35
122.96186302,0.18917209695384615,0.01282471,182,1,0.0,0.0,0.0,0.0,0.0,0.44529399,1.9449999999999998
122.96186302,0.1756598043142857,0.01282471,182,1,0.0,0.0,0.0,0.0,0.0,0.44587201,1.2999999999999998
122.96186302,0.16394915069333332,0.01282471,182,1,0.0,0.0,0.0,0.0,0.0,0.44599199,0.860000015
122.96186302,0.32789830138666665,0.01282471,182,-1,0.0,0.0,0.0,0.0,0.0,0.516864,1.9499999999999997
122.96186302,0.30740465755,0.01282471,182,-1,0.0,0.0,0.0,0.0,0.0,0.49820799,2.5249999499999998
126.81529787,0.25363059573999996,0.006133893333333334,32,1,0.0,0.0,0.0,0.0,0.0,0.57642198,3.94999995
126.81529787,0.23057326885454543,0.006133893333333334,32,1,0.0,0.0,0.0,0.0,0.0,0.549582,1.795
126.81529787,0.22645588905357142,0.006133893333333334,32,1,0.0,0.0,0.0,0.0,0.0,0.54650599,1.505
126.81529787,0.22248297871929823,0.006133893333333334,32,1,0.0,0.0,0.0,0.0,0.0,0.558909,1.33000005
126.81529787,0.2113588297833333,0.006133893333333334,32,1,0.0,0.0,0.0,0.0,0.0,0.56014198,0.790000025
126.81529787,0.202904476592,0.012937161,179,1,0.0,0.0,0.0,0.0,0.0,0.44647601,2.81000005
126.81529787,0.28181177304444444,0.012937161,179,-1,0.0,0.0,0.0,0.0,0.0,0.48361999,3.7749999499999998
123.26019346,0.23256640275471696,0.006189245666666666,31,1,0.0,0.0,0.0,0.0,0.0,0.58484298,2.04500005
123.26019346,0.2282596175185185,0.006189245666666666,31,1,0.0,0.0,0.0,0.0,0.0,0.577977,1.71
123.26019346,0.22410944265454544,0.006189245666666666,31,1,0.0,0.0,0.0,0.0,0.0,0.580001,1.46
123.26019346,0.21624595343859648,0.006189245666666666,31,1,0.0,0.0,0.0,0.0,0.0,0.57735801,1.0250000149999998
123.26019346,0.16434692461333333,0.013115420666666665,178,-1,0.0,0.0,0.0,0.0,0.0,0.44419101,25.9499995
124.42865434999999,0.22219402562499999,0.00624185,30,1,0.0,0.0,0.0,0.0,0.0,0.57279301,1.28
124.42865434999999,0.23700696066666666,0.01328442833333333,177,1,0.0,0.0,0.0,0.0,0.0,0.47255501,5.6750002
124.42865434999999,0.17775522049999998,0.01328442833333333,177,1,0.0,0.0,0.0,0.0,0.0,0.45446399,1.4300000499999999
124.42865434999999,0.24885730869999997,0.01328442833333333,177,-1,0.0,0.0,0.0,0.0,0.0,0.473961,6.375
130.79303707,0.23780552194545454,0.0063584489999999995,29,1,0.0,0.0,0.0,0.0,0.0,0.561032,2.3300000499999998
130.79303707,0.22946146854385965,0.0063584489999999995,29,1,0.0,0.0,0.0,0.0,0.0,0.55485201,1.6600000000000001
130.79303707,0.21798839511666665,0.0063584489999999995,29,1,0.0,0.0,0.0,0.0,0.0,0.55320698,0.97500001
131.93663709,0.26387327418,0.006446243000000001,28,1,0.0,0.0,0.0,0.0,0.0,0.52796203,4.79999995
131.93663709,0.2398847947090909,0.006446243000000001,28,1,0.0,0.0,0.0,0.0,0.0,0.56369501,2.49499995
131.93663709,0.2356011376607143,0.006446243000000001,28,1,0.0,0.0,0.0,0.0,0.0,0.50212902,1.78999995
131.93663709,0.23146778436842105,0.006446243000000001,28,1,0.0,0.0,0.0,0.0,0.0,0.52417701,1.6049999499999998
131.93663709,0.21989439515,0.006446243000000001,28,1,0.0,0.0,0.0,0.0,0.0,0.493159,0.78000001
134.04981104,0.2978884689777778,0.0068336966666666665,32,-1,0.0,0.0,0.0,0.0,0.0,0.579817,0.6299999949999999
134.04981104,0.28521236391489363,0.0068336966666666665,32,-1,0.0,0.0,0.0,0.0,0.0,0.55371398,0.92
153.44128963999998,0.27898416298181816,0.0069381596666666665,31,1,0.0,0.0,0.0,0.0,0.0,0.538764,7.9749999
153.44128963999998,0.2557354827333333,0.0069381596666666665,31,1,0.0,0.0,0.0,0.0,0.0,0.50283003,4.5
153.44128963999998,0.23606352252307689,0.0069381596666666665,31,1,0.0,0.0,0.0,0.0,0.0,0.49385199,2.24
153.44128963999998,0.2192018423428571,0.0069381596666666665,31,1,0.0,0.0,0.0,0.0,0.0,0.499466,1.029999985
153.44128963999998,0.3409806436444444,0.0069381596666666665,31,-1,0.0,0.0,0.0,0.0,0.0,1.013176,1.12
153.44128963999998,0.2950794031538461,0.0069381596666666665,31,-1,0.0,0.0,0.0,0.0,0.0,0.56178498,0.70000002
153.44128963999998,0.2691952449824561,0.0069381596666666665,31,-1,0.0,0.0,0.0,0.0,0.0,0.52220899,1.71
153.44128963999998,0.2557354827333333,0.0069381596666666665,31,-1,0.0,0.0,0.0,0.0,0.0,0.50703901,2.775
153.44128963999998,0.2192018423428571,0.0069381596666666665,31,-1,0.0,0.0,0.0,0.0,0.0,0.49468601,9.25
156.27542882,0.30642240945098037,0.00707665,30,1,0.0,0.0,0.0,0.0,0.0,0.60683101,12.325
156.27542882,0.27906326575,0.00707665,30,1,0.0,0.0,0.0,0.0,0.0,0.53285801,7.9499998000000005
156.27542882,0.24042373664615385,0.00707665,30,1,0.0,0.0,0.0,0.0,0.0,0.48794699,2.5449999500000002
156.27542882,0.2264861287246377,0.00707665,30,1,0.0,0.0,0.0,0.0,0.0,0.486615,1.35
156.27542882,0.2232506126,0.00707665,30,1,0.0,0.0,0.0,0.0,0.0,0.49752101,1.2000000499999999
156.27542882,0.31255085764,0.00707665,30,-1,0.0,0.0,0.0,0.0,0.0,0.68852001,0.685000005
156.27542882,0.2893989422592593,0.00707665,30,-1,0.0,0.0,0.0,0.0,0.0,0.56585801,0.90499995
156.27542882,0.27416741898245617,0.00707665,30,-1,0.0,0.0,0.0,0.0,0.0,0.53008097,1.45499995
156.27542882,0.26045904803333336,0.00707665,30,-1,0.0,0.0,0.0,0.0,0.0,0.51250899,2.3899999999999997
156.27542882,0.2232506126,0.00707665,30,-1,0.0,0.0,0.0,0.0,0.0,0.47735199,8.3499999
152.12366353,0.25353943921666666,0.007168839999999999,29,1,0.0,0.0,0.0,0.0,0.0,0.55296499,4.35000015
152.12366353,0.2340364054307692,0.007168839999999999,29,1,0.0,0.0,0.0,0.0,0.0,0.52862197,2.12
152.12366353,0.28702578024528297,0.007168839999999999,29,-1,0.0,0.0,0.0,0.0,0.0,0.62543601,1.18500005
152.12366353,0.26688362022807016,0.007168839999999999,29,-1,0.0,0.0,0.0,0.0,0.0,0.57311898,2.09
152.12366353,0.2493830549672131,0.007168839999999999,29,-1,0.0,0.0,0.0,0.0,0.0,0.54462898,3.67499995
147.79787215,0.22738134176923075,0.007235415,28,1,0.0,0.0,0.0,0.0,0.0,0.562778,1.7149999999999999
147.79787215,0.369494680375,0.007235415,28,-1,0.0,0.0,0.0,0.0,0.0,0.83710903,0.1999999955
147.79787215,0.32129972206521734,0.007235415,28,-1,0.0,0.0,0.0,0.0,0.0,0.71019298,0.460000005
147.79787215,0.24632978691666665,0.007235415,28,-1,0.0,0.0,0.0,0.0,0.0,0.57038099,4.0250001
142.60195032,0.2128387318208955,0.007695501333333334,31,1,0.0,0.0,0.0,0.0,0.0,0.56212997,0.925
142.60195032,0.47533983439999994,0.007695501333333334,31,-1,0.0,0.0,0.0,0.0,0.0,1.164009,0.150000005
138.59935025,0.4619978341666666,0.007805149999999999,30,-1,0.0,0.0,0.0,0.0,0.0,1.044717,0.085
138.10213284999998,0.25109478699999993,0.007943211,29,1,0.0,0.0,0.0,0.0,0.0,0.56195301,3.6750000500000004
145.31178515,0.48437261716666663,0.008085463000000001,28,-1,0.0,0.0,0.0,0.0,0.0,1.164745,0.095
145.31178515,0.2741731795283019,0.008085463000000001,28,-1,0.0,0.0,0.0,0.0,0.0,0.556005,1.37
143.91957643,0.28783915286,0.008518550666666666,32,1,0.0,0.0,0.0,0.0,0.0,0.57938403,8.9000001
143.91957643,0.26167195714545455,0.008518550666666666,32,1,0.0,0.0,0.0,0.0,0.0,0.531407,5.17499995
143.91957643,0.2502949155304348,0.008518550666666666,32,1,0.0,0.0,0.0,0.0,0.0,0.498833,3.6000000500000002
143.91957643,0.2398659607166667,0.008518550666666666,32,1,0.0,0.0,0.0,0.0,0.0,0.49580699,2.5
143.91957643,0.230271322288,0.008518550666666666,32,1,0.0,0.0,0.0,0.0,0.0,0.49443901,1.68
143.91957643,0.22141473296923078,0.008518550666666666,32,1,0.0,0.0,0.0,0.0,0.0,0.49783799,1.11499995
143.91957643,0.4797319214333334,0.008518550666666666,32,-1,0.0,0.0,0.0,0.0,0.0,1.069328,0.09
143.91957643,0.31982128095555556,0.008518550666666666,32,-1,0.0,0.0,0.0,0.0,0.0,0.65924501,0.459999995
143.91957643,0.30298858195789474,0.008518550666666666,32,-1,0.0,0.0,0.0,0.0,0.0,0.60933399,0.650000005
143.91957643,0.28783915286,0.008518550666666666,32,-1,0.0,0.0,0.0,0.0,0.0,0.56503499,0.94
143.91957643,0.27413252653333336,0.008518550666666666,32,-1,0.0,0.0,0.0,0.0,0.0,0.53568602,1.4300000000000002
143.91957643,0.26167195714545455,0.008518550666666666,32,-1,0.0,0.0,0.0,0.0,0.0,0.51404601,2.16499995
143.91957643,0.2502949155304348,0.008518550666666666,32,-1,0.0,0.0,0.0,0.0,0.0,0.49919799,3.20000005
143.91957643,0.2398659607166667,0.008518550666666666,32,-1,0.0,0.0,0.0,0.0,0.0,0.49638,4.60000015
152.12366353,0.30424732705999996,0.008657753333333334,31,1,0.0,0.0,0.0,0.0,0.0,0.56335801,11.625
152.12366353,0.27658847914545454,0.008657753333333334,31,1,0.0,0.0,0.0,0.0,0.0,0.511329,7.3499999
152.12366353,0.2645628930956522,0.008657753333333334,31,1,0.0,0.0,0.0,0.0,0.0,0.49385601,5.52499985
152.12366353,0.25353943921666666,0.008657753333333334,31,1,0.0,0.0,0.0,0.0,0.0,0.47998601,3.9750001500000005
152.12366353,0.24339786164799998,0.008657753333333334,31,1,0.0,0.0,0.0,0.0,0.0,0.47124299,2.745
152.12366353,0.2340364054307692,0.008657753333333334,31,1,0.0,0.0,0.0,0.0,0.0,0.46934399,1.845
152.12366353,0.2253683904148148,0.008657753333333334,31,1,0.0,0.0,0.0,0.0,0.0,0.472334,1.22
152.12366353,0.2173195193285714,0.008657753333333334,31,1,0.0,0.0,0.0,0.0,0.0,0.478237,0.80000001
152.12366353,0.2028315513733333,0.008657753333333334,31,1,0.0,0.0,0.0,0.0,0.0,0.50550801,0.375
152.12366353,0.1901545794125,0.008657753333333334,31,1,0.0,0.0,0.0,0.0,0.0,0.55711699,0.230000005
152.12366353,0.3579380318352941,0.008657753333333334,31,-1,0.0,0.0,0.0,0.0,0.0,0.71250701,0.17000000199999998
152.12366353,0.32026034427368416,0.008657753333333334,31,-1,0.0,0.0,0.0,0.0,0.0,0.616368,0.35000001000000003
152.12366353,0.30424732705999996,0.008657753333333334,31,-1,0.0,0.0,0.0,0.0,0.0,0.57385302,0.515
152.12366353,0.28975935910476186,0.008657753333333334,31,-1,0.0,0.0,0.0,0.0,0.0,0.539276,0.784999995
152.12366353,0.27658847914545454,0.008657753333333334,31,-1,0.0,0.0,0.0,0.0,0.0,0.51570201,1.23499995
152.12366353,0.2645628930956522,0.008657753333333334,31,-1,0.0,0.0,0.0,0.0,0.0,0.49890801,1.92
152.12366353,0.25353943921666666,0.008657753333333334,31,-1,0.0,0.0,0.0,0.0,0.0,0.48376799,2.865
152.12366353,0.24339786164799998,0.008657753333333334,31,-1,0.0,0.0,0.0,0.0,0.0,0.47005799,4.10000015
146.9277417,0.2798623651428572,0.00875826,30,1,0.0,0.0,0.0,0.0,0.0,0.55558097,7.7750001
146.9277417,0.26714134854545457,0.00875826,30,1,0.0,0.0,0.0,0.0,0.0,0.54123503,5.95000005
146.9277417,0.25552650730434784,0.00875826,30,1,0.0,0.0,0.0,0.0,0.0,0.51637,4.29999995
146.9277417,0.24487956950000003,0.00875826,30,1,0.0,0.0,0.0,0.0,0.0,0.50108898,2.98000005
146.9277417,0.23508438672,0.00875826,30,1,0.0,0.0,0.0,0.0,0.0,0.50141102,2.04500005
146.9277417,0.22604267953846155,0.00875826,30,1,0.0,0.0,0.0,0.0,0.0,0.49682701,1.33
146.9277417,0.21767072844444446,0.00875826,30,1,0.0,0.0,0.0,0.0,0.0,0.50650901,0.8949999799999999
146.9277417,0.1959036556,0.00875826,30,1,0.0,0.0,0.0,0.0,0.0,0.55018198,0.299999995
146.9277417,0.183659677125,0.00875826,30,1,0.0,0.0,0.0,0.0,0.0,0.602319,0.189999995
146.9277417,0.3093215614736842,0.00875826,30,-1,0.0,0.0,0.0,0.0,0.0,0.61993599,0.49500000499999997
146.9277417,0.2938554834,0.00875826,30,-1,0.0,0.0,0.0,0.0,0.0,0.59007102,0.78
146.9277417,0.2798623651428572,0.00875826,30,-1,0.0,0.0,0.0,0.0,0.0,0.56020403,1.195
146.9277417,0.26714134854545457,0.00875826,30,-1,0.0,0.0,0.0,0.0,0.0,0.53245199,1.795
146.9277417,0.25552650730434784,0.00875826,30,-1,0.0,0.0,0.0,0.0,0.0,0.521016,2.7249999
146.9277417,0.24487956950000003,0.00875826,30,-1,0.0,0.0,0.0,0.0,0.0,0.50135899,3.875
146.9277417,0.23508438672,0.00875826,30,-1,0.0,0.0,0.0,0.0,0.0,0.491777,5.375
144.21790686999998,0.26221437612727266,0.008867362,29,1,0.0,0.0,0.0,0.0,0.0,0.54184997,5.17499995
144.21790686999998,0.2508137510782608,0.008867362,29,1,0.0,0.0,0.0,0.0,0.0,0.499807,3.5249999499999998
144.21790686999998,0.24036317811666663,0.008867362,29,1,0.0,0.0,0.0,0.0,0.0,0.494528,2.39499995
144.21790686999998,0.22187370287692304,0.008867362,29,1,0.0,0.0,0.0,0.0,0.0,0.500117,1.0350000050000001
144.21790686999998,0.2747007749904761,0.008867362,29,-1,0.0,0.0,0.0,0.0,0.0,0.53174198,1.24
144.21790686999998,0.26221437612727266,0.008867362,29,-1,0.0,0.0,0.0,0.0,0.0,0.51108098,1.9449999999999998
144.21790686999998,0.2508137510782608,0.008867362,29,-1,0.0,0.0,0.0,0.0,0.0,0.49496499,2.94500005
144.21790686999998,0.24036317811666663,0.008867362,29,-1,0.0,0.0,0.0,0.0,0.0,0.47963899,4.25
144.21790686999998,0.23074865099199995,0.008867362,29,-1,0.0,0.0,0.0,0.0,0.0,0.48470801,5.97500015
141.23460247,0.28246920494,0.008971848,28,1,0.0,0.0,0.0,0.0,0.0,0.55832303,7.75
141.23460247,0.2567901863090909,0.008971848,28,1,0.0,0.0,0.0,0.0,0.0,0.50884598,4.125
141.23460247,0.2456253956,0.008971848,28,1,0.0,0.0,0.0,0.0,0.0,0.488056,2.745
141.23460247,0.23539100411666666,0.008971848,28,1,0.0,0.0,0.0,0.0,0.0,0.48652801,1.79500005
141.23460247,0.225975363952,0.008971848,28,1,0.0,0.0,0.0,0.0,0.0,0.48778,1.13500005
141.23460247,0.2172840038,0.008971848,28,1,0.0,0.0,0.0,0.0,0.0,0.494737,0.715000005
141.23460247,0.2092364481037037,0.008971848,28,1,0.0,0.0,0.0,0.0,0.0,0.50402701,0.44999999
141.23460247,0.2017637178142857,0.008971848,28,1,0.0,0.0,0.0,0.0,0.0,0.52107602,0.299999995
141.23460247,0.19480634823448276,0.008971848,28,1,0.0,0.0,0.0,0.0,0.0,0.54166102,0.21
141.23460247,0.18831280329333333,0.008971848,28,1,0.0,0.0,0.0,0.0,0.0,0.578179,0.17499999500000002
141.23460247,0.1765432530875,0.008971848,28,1,0.0,0.0,0.0,0.0,0.0,0.62990099,0.1100000005
141.23460247,0.4707820082333333,0.008971848,28,-1,0.0,0.0,0.0,0.0,0.0,1.040226,0.055
141.23460247,0.31385467215555557,0.008971848,28,-1,0.0,0.0,0.0,0.0,0.0,0.65292501,0.424999995
141.23460247,0.2973360052,0.008971848,28,-1,0.0,0.0,0.0,0.0,0.0,0.58797598,0.58000001
141.23460247,0.28246920494,0.008971848,28,-1,0.0,0.0,0.0,0.0,0.0,0.54999101,0.9099999999999999
141.23460247,0.2690182904190476,0.008971848,28,-1,0.0,0.0,0.0,0.0,0.0,0.536286,1.5249999500000002
141.23460247,0.2567901863090909,0.008971848,28,-1,0.0,0.0,0.0,0.0,0.0,0.50099498,2.27
141.23460247,0.2456253956,0.008971848,28,-1,0.0,0.0,0.0,0.0,0.0,0.49033901,3.45000005
141.23460247,0.23539100411666666,0.008971848,28,-1,0.0,0.0,0.0,0.0,0.0,0.48495999,4.97500015
141.23460247,0.225975363952,0.008971848,28,-1,0.0,0.0,0.0,0.0,0.0,0.48328,6.79999995
142.55222858,0.2416139467457627,0.009356040666666668,32,1,0.0,0.0,0.0,0.0,0.0,0.47178,2.43999995
142.55222858,0.47517409526666665,0.009356040666666668,32,-1,0.0,0.0,0.0,0.0,0.0,0.90914202,0.0299999995
140.7125242,0.4690417473333333,0.009439752000000001,31,-1,0.0,0.0,0.0,0.0,0.0,1.0348459,0.08
146.9277417,0.48975913900000007,0.0095352,30,-1,0.0,0.0,0.0,0.0,0.0,1.19727,0.129999995
150.85575916,0.24730452321311475,0.0096422845,29,1,0.0,0.0,0.0,0.0,0.0,0.459409,2.9849999
150.85575916,0.23945358596825395,0.0096422845,29,1,0.0,0.0,0.0,0.0,0.0,0.45164001,2.115
150.85575916,0.5028525305333333,0.0096422845,29,-1,0.0,0.0,0.0,0.0,0.0,1.133662,0.065
154.75891575,0.25370314057377047,0.009743851,28,1,0.0,0.0,0.0,0.0,0.0,0.44900599,3.625
154.75891575,0.24961115443548387,0.009743851,28,1,0.0,0.0,0.0,0.0,0.0,0.447092,3.1049999
154.75891575,0.23809063961538462,0.009743851,28,1,0.0,0.0,0.0,0.0,0.0,0.433391,1.8
154.75891575,0.23448320568181819,0.009743851,28,1,0.0,0.0,0.0,0.0,0.0,0.431243,1.47999995
154.75891575,0.22108416535714287,0.009743851,28,1,0.0,0.0,0.0,0.0,0.0,0.42728701,0.63000001
154.75891575,0.26682571681034484,0.009743851,28,-1,0.0,0.0,0.0,0.0,0.0,0.45974699,1.435
154.75891575,0.25370314057377047,0.009743851,28,-1,0.0,0.0,0.0,0.0,0.0,0.447281,2.53499995
154.75891575,0.24564907261904761,0.009743851,28,-1,0.0,0.0,0.0,0.0,0.0,0.428767,3.4499999499999996
154.75891575,0.23448320568181819,0.009743851,28,-1,0.0,0.0,0.0,0.0,0.0,0.42987901,5.4000001
150.88062003,0.5029354000999999,0.010114483666666667,31,-1,0.0,0.0,0.0,0.0,0.0,1.029874,0.0399999999
150.88062003,0.27432840005454545,0.010114483666666667,31,-1,0.0,0.0,0.0,0.0,0.0,0.503892,1.26
150.88062003,0.2473452787377049,0.010114483666666667,31,-1,0.0,0.0,0.0,0.0,0.0,0.45522901,3.35
153.96336791,0.2749345855535714,0.010349859999999999,29,1,0.0,0.0,0.0,0.0,0.0,0.50004399,7.0999999
153.96336791,0.5132112263666666,0.010349859999999999,29,-1,0.0,0.0,0.0,0.0,0.0,1.1482511,0.06
153.96336791,0.30792673581999996,0.010349859999999999,29,-1,0.0,0.0,0.0,0.0,0.0,0.58069098,0.40499999999999997
153.96336791,0.2566056131833333,0.010349859999999999,29,-1,0.0,0.0,0.0,0.0,0.0,0.46538901,2.3050000500000003
149.36410696,0.22979093378461538,0.010355208,28,1,0.0,0.0,0.0,0.0,0.0,0.45457399,1.285
149.36410696,0.4978803565333333,0.010355208,28,-1,0.0,0.0,0.0,0.0,0.0,0.98624003,0.0199999995
143.74555034,0.23957591723333332,0.010747819999999998,30,1,0.0,0.0,0.0,0.0,0.0,0.43793699,1.98500005
143.74555034,0.47915183446666665,0.010747819999999998,30,-1,0.0,0.0,0.0,0.0,0.0,0.906991,0.0199999995
140.66280246,0.2511835758214286,0.010664498,29,1,0.0,0.0,0.0,0.0,0.0,0.43329501,3.06500005
140.66280246,0.2099444812835821,0.010664498,29,1,0.0,0.0,0.0,0.0,0.0,0.45148501,0.34000000500000005
140.66280246,0.46887600819999997,0.010664498,29,-1,0.0,0.0,0.0,0.0,0.0,0.89742398,0.0199999995
140.66280246,0.2604866712222222,0.010664498,29,-1,0.0,0.0,0.0,0.0,0.0,0.44534901,1.65
140.66280246,0.23841152959322032,0.010664498,29,-1,0.0,0.0,0.0,0.0,0.0,0.42361799,4.0999999
134.32328061,0.23986300108928574,0.010568130999999998,28,1,0.0,0.0,0.0,0.0,0.0,0.46248001,1.94999995
134.32328061,0.23565487826315792,0.010568130999999998,28,1,0.0,0.0,0.0,0.0,0.0,0.47168201,1.6600000000000001
134.32328061,0.44774426870000006,0.010568130999999998,28,-1,0.0,0.0,0.0,0.0,0.0,1.037408,0.085
125.19934132,0.25039868264,0.010868302666666668,32,1,0.0,0.0,0.0,0.0,0.0,0.52660698,3.32500005
125.19934132,0.23847493584761906,0.010868302666666668,32,1,0.0,0.0,0.0,0.0,0.0,0.51254702,2.1750000500000004
125.19934132,0.22763516603636363,0.010868302666666668,32,1,0.0,0.0,0.0,0.0,0.0,0.494124,1.3050000000000002
125.19934132,0.21773798490434784,0.010868302666666668,32,1,0.0,0.0,0.0,0.0,0.0,0.48712599,0.7599999900000001
125.19934132,0.20866556886666668,0.010868302666666668,32,1,0.0,0.0,0.0,0.0,0.0,0.49757999,0.47
125.19934132,0.200318946112,0.010868302666666668,32,1,0.0,0.0,0.0,0.0,0.0,0.51458502,0.305000005
125.19934132,0.19261437126153846,0.010868302666666668,32,1,0.0,0.0,0.0,0.0,0.0,0.53357399,0.20500000000000002
125.19934132,0.1788562018857143,0.010868302666666668,32,1,0.0,0.0,0.0,0.0,0.0,0.601767,0.13500000499999998
125.19934132,0.16693245509333335,0.010868302666666668,32,1,0.0,0.0,0.0,0.0,0.0,0.65117902,0.085
125.19934132,0.29458668545882355,0.010868302666666668,32,-1,0.0,0.0,0.0,0.0,0.0,0.59533101,0.72
125.19934132,0.2635775606736842,0.010868302666666668,32,-1,0.0,0.0,0.0,0.0,0.0,0.54421598,1.90000005
125.19934132,0.25039868264,0.010868302666666668,32,-1,0.0,0.0,0.0,0.0,0.0,0.52582198,2.9149999500000003
125.19934132,0.23847493584761906,0.010868302666666668,32,-1,0.0,0.0,0.0,0.0,0.0,0.50075102,4.20000005
125.19934132,0.22763516603636363,0.010868302666666668,32,-1,0.0,0.0,0.0,0.0,0.0,0.48466,5.85000015
125.19934132,0.21773798490434784,0.010868302666666668,32,-1,0.0,0.0,0.0,0.0,0.0,0.49195799,7.875
125.19934132,0.16693245509333335,0.010868302666666668,32,-1,0.0,0.0,0.0,0.0,0.0,0.62860399,24.674999
122.41492388,0.24482984776,0.010960106999999998,31,1,0.0,0.0,0.0,0.0,0.0,0.50211501,2.5249999499999998
122.41492388,0.23317128358095238,0.010960106999999998,31,1,0.0,0.0,0.0,0.0,0.0,0.488381,1.54
122.41492388,0.22257258887272727,0.010960106999999998,31,1,0.0,0.0,0.0,0.0,0.0,0.48205799,0.89500001
122.41492388,0.21289551979130436,0.010960106999999998,31,1,0.0,0.0,0.0,0.0,0.0,0.47852701,0.49499999
122.41492388,0.20402487313333334,0.010960106999999998,31,1,0.0,0.0,0.0,0.0,0.0,0.49272501,0.30000001
122.41492388,0.195863878208,0.010960106999999998,31,1,0.0,0.0,0.0,0.0,0.0,0.505014,0.18
122.41492388,0.18833065212307692,0.010960106999999998,31,1,0.0,0.0,0.0,0.0,0.0,0.53769499,0.134999999
122.41492388,0.1813554427851852,0.010960106999999998,31,1,0.0,0.0,0.0,0.0,0.0,0.56486398,0.099999999
122.41492388,0.1748784626857143,0.010960106999999998,31,1,0.0,0.0,0.0,0.0,0.0,0.58968002,0.07499999900000001
122.41492388,0.3060373097,0.010960106999999998,31,-1,0.0,0.0,0.0,0.0,0.0,0.61937398,0.49499998999999995
122.41492388,0.2880351150117647,0.010960106999999998,31,-1,0.0,0.0,0.0,0.0,0.0,0.57237202,0.78999999
122.41492388,0.2720331641777778,0.010960106999999998,31,-1,0.0,0.0,0.0,0.0,0.0,0.54100102,1.31
122.41492388,0.2577156292210526,0.010960106999999998,31,-1,0.0,0.0,0.0,0.0,0.0,0.51745802,2.12
122.41492388,0.24482984776,0.010960106999999998,31,-1,0.0,0.0,0.0,0.0,0.0,0.49942899,3.2749999499999998
122.41492388,0.23317128358095238,0.010960106999999998,31,-1,0.0,0.0,0.0,0.0,0.0,0.49242601,4.82500005
122.41492388,0.22257258887272727,0.010960106999999998,31,-1,0.0,0.0,0.0,0.0,0.0,0.486224,6.67499995
122.41492388,0.20402487313333334,0.010960106999999998,31,-1,0.0,0.0,0.0,0.0,0.0,0.48934001,11.05
124.18004565000001,0.2365334202857143,0.011105190000000001,30,1,0.0,0.0,0.0,0.0,0.0,0.460996,1.61500005
124.18004565000001,0.2257819011818182,0.011105190000000001,30,1,0.0,0.0,0.0,0.0,0.0,0.45271999,0.905
124.18004565000001,0.2159652967826087,0.011105190000000001,30,1,0.0,0.0,0.0,0.0,0.0,0.45933899,0.515
124.18004565000001,0.20696674275000002,0.011105190000000001,30,1,0.0,0.0,0.0,0.0,0.0,0.46796599,0.290000005
124.18004565000001,0.19868807304000002,0.011105190000000001,30,1,0.0,0.0,0.0,0.0,0.0,0.48751,0.179999995
124.18004565000001,0.18397043800000001,0.011105190000000001,30,1,0.0,0.0,0.0,0.0,0.0,0.56024599,0.110000005
124.18004565000001,0.17740006521428572,0.011105190000000001,30,1,0.0,0.0,0.0,0.0,0.0,0.59432799,0.09000000050000001
124.18004565000001,0.1460941713529412,0.011105190000000001,30,1,0.0,0.0,0.0,0.0,0.0,0.806458,0.055
124.18004565000001,0.275955657,0.011105190000000001,30,-1,0.0,0.0,0.0,0.0,0.0,0.51634097,0.98999999
124.18004565000001,0.24836009130000003,0.011105190000000001,30,-1,0.0,0.0,0.0,0.0,0.0,0.47288901,2.72000005
124.18004565000001,0.2365334202857143,0.011105190000000001,30,-1,0.0,0.0,0.0,0.0,0.0,0.46470699,4.17499995
124.18004565000001,0.2257819011818182,0.011105190000000001,30,-1,0.0,0.0,0.0,0.0,0.0,0.44864699,5.92499995
124.18004565000001,0.2365334202857143,0.014950978064516129,93,-1,0.0,0.0,0.0,0.0,0.0,0.485663,6.2750001
124.18004565000001,0.2159652967826087,0.014950978064516129,93,-1,0.0,0.0,0.0,0.0,0.0,0.47161201,9.5999999
115.23013245,0.2425897525263158,0.0112833005,29,1,0.0,0.0,0.0,0.0,0.0,0.503488,2.12
115.23013245,0.2304602649,0.0112833005,29,1,0.0,0.0,0.0,0.0,0.0,0.48954099,1.2149999500000002
115.23013245,0.21948596657142858,0.0112833005,29,1,0.0,0.0,0.0,0.0,0.0,0.48964399,0.6800000049999999
115.23013245,0.20950933172727274,0.0112833005,29,1,0.0,0.0,0.0,0.0,0.0,0.50995702,0.414999995
115.23013245,0.19205022075,0.0112833005,29,1,0.0,0.0,0.0,0.0,0.0,0.55494398,0.17
115.23013245,0.18436821192,0.0112833005,29,1,0.0,0.0,0.0,0.0,0.0,0.60723197,0.15000000000000002
115.23013245,0.17727712684615385,0.0112833005,29,1,0.0,0.0,0.0,0.0,0.0,0.62870598,0.1050000005
115.23013245,0.17071130733333334,0.0112833005,29,1,0.0,0.0,0.0,0.0,0.0,0.66793603,0.09000000050000001
115.23013245,0.1536401766,0.0112833005,29,1,0.0,0.0,0.0,0.0,0.0,0.78797901,0.06999999999999999
115.23013245,0.2711297234117647,0.0112833005,29,-1,0.0,0.0,0.0,0.0,0.0,0.55476999,1.255
115.23013245,0.256066961,0.0112833005,29,-1,0.0,0.0,0.0,0.0,0.0,0.52825803,2.0849999
115.23013245,0.2425897525263158,0.0112833005,29,-1,0.0,0.0,0.0,0.0,0.0,0.50571299,3.2749999499999998
115.23013245,0.2304602649,0.0112833005,29,-1,0.0,0.0,0.0,0.0,0.0,0.48806301,4.8499999
115.23013245,0.21948596657142858,0.0112833005,29,-1,0.0,0.0,0.0,0.0,0.0,0.49085101,6.82500005
115.23013245,0.19205022075,0.0112833005,29,-1,0.0,0.0,0.0,0.0,0.0,0.54940403,13.8
115.23013245,0.17727712684615385,0.0112833005,29,-1,0.0,0.0,0.0,0.0,0.0,0.610116,18.725
115.23013245,0.17071130733333334,0.0112833005,29,-1,0.0,0.0,0.0,0.0,0.0,0.66606802,21.225
115.23013245,0.2304602649,0.015174727096774194,92,1,0.0,0.0,0.0,0.0,0.0,0.495419,3.19000005
115.23013245,0.21948596657142858,0.015174727096774194,92,1,0.0,0.0,0.0,0.0,0.0,0.48811299,2.375
115.23013245,0.20950933172727274,0.015174727096774194,92,1,0.0,0.0,0.0,0.0,0.0,0.48486501,1.75999995
115.23013245,0.19205022075,0.015174727096774194,92,1,0.0,0.0,0.0,0.0,0.0,0.47128499,0.88000001
115.23013245,0.256066961,0.015174727096774194,92,-1,0.0,0.0,0.0,0.0,0.0,0.51712602,4.0250001
115.23013245,0.2425897525263158,0.015174727096774194,92,-1,0.0,0.0,0.0,0.0,0.0,0.50526202,5.2750001
115.23013245,0.17071130733333334,0.015174727096774194,92,-1,0.0,0.0,0.0,0.0,0.0,0.48110899,21.3999995
115.23013245,0.256066961,0.011331921,28,1,0.0,0.0,0.0,0.0,0.0,0.50500101,3.3000000500000004
115.23013245,0.2425897525263158,0.011331921,28,1,0.0,0.0,0.0,0.0,0.0,0.484777,1.9949999000000003
115.23013245,0.2304602649,0.011331921,28,1,0.0,0.0,0.0,0.0,0.0,0.46936601,1.095
115.23013245,0.21948596657142858,0.011331921,28,1,0.0,0.0,0.0,0.0,0.0,0.46230999,0.55999997
115.23013245,0.20950933172727274,0.011331921,28,1,0.0,0.0,0.0,0.0,0.0,0.470534,0.29500000000000004
115.23013245,0.19205022075,0.011331921,28,1,0.0,0.0,0.0,0.0,0.0,0.52667898,0.12000000000000001
115.23013245,0.18436821192,0.011331921,28,1,0.0,0.0,0.0,0.0,0.0,0.61669803,0.1500000005
115.23013245,0.256066961,0.011331921,28,-1,0.0,0.0,0.0,0.0,0.0,0.49639601,1.87000005
115.23013245,0.2425897525263158,0.011331921,28,-1,0.0,0.0,0.0,0.0,0.0,0.47663,3.06500005
115.23013245,0.2304602649,0.011331921,28,-1,0.0,0.0,0.0,0.0,0.0,0.46230799,4.67499995
115.23013245,0.20950933172727274,0.011331921,28,-1,0.0,0.0,0.0,0.0,0.0,0.44330701,8.8499999
115.23013245,0.19205022075,0.011331921,28,-1,0.0,0.0,0.0,0.0,0.0,0.51376301,13.725000000000001
115.23013245,0.20950933172727274,0.015313769999999999,91,1,0.0,0.0,0.0,0.0,0.0,0.48650599,1.7449999
115.6030455,0.23120609099999997,0.011722537666666668,31,1,0.0,0.0,0.0,0.0,0.0,0.49008599,1.205
113.16668024,0.2460145222608696,0.011889229999999999,30,1,0.0,0.0,0.0,0.0,0.0,0.48048401,2.3000001
113.16668024,0.22633336048000002,0.011889229999999999,30,1,0.0,0.0,0.0,0.0,0.0,0.46219,0.9000000050000001
113.16668024,0.25148151164444443,0.011889229999999999,30,-1,0.0,0.0,0.0,0.0,0.0,0.46798599,2.15
117.02011509,0.23404023018,0.012361899,28,1,0.0,0.0,0.0,0.0,0.0,0.44099799,1.195
117.02011509,0.3900670503,0.012361899,28,-1,0.0,0.0,0.0,0.0,0.0,0.82937598,0.08000000489999999
116.19970638,0.3873323546,0.013210066,31,-1,0.0,0.0,0.0,0.0,0.0,0.82725102,0.1149999999
112.86834979999999,0.37622783266666665,0.013445990000000001,30,-1,0.0,0.0,0.0,0.0,0.0,0.89499497,0.2099999995
107.94589754,0.21589179508,0.013909654,28,1,0.0,0.0,0.0,0.0,0.0,0.48006099,0.46499998499999995
107.94589754,0.20367150479245283,0.013909654,28,1,0.0,0.0,0.0,0.0,0.0,0.62909901,0.53
107.94589754,0.25103697102325584,0.013909654,28,-1,0.0,0.0,0.0,0.0,0.0,0.50514901,2.18499995
107.94589754,0.23987977231111113,0.013909654,28,-1,0.0,0.0,0.0,0.0,0.0,0.50109899,3.2900001000000003
107.94589754,0.2346649946521739,0.013909654,28,-1,0.0,0.0,0.0,0.0,0.0,0.50214601,3.95000005
108.86574972999999,0.24192388828888886,0.014406045333333334,31,1,0.0,0.0,0.0,0.0,0.0,0.53808498,2.19000005
108.86574972999999,0.23162925474468082,0.014406045333333334,31,1,0.0,0.0,0.0,0.0,0.0,0.55937999,1.6000000499999998
108.86574972999999,0.21773149945999998,0.014406045333333334,31,1,0.0,0.0,0.0,0.0,0.0,0.53236699,0.78
108.86574972999999,0.3024048603611111,0.014406045333333334,31,-1,0.0,0.0,0.0,0.0,0.0,0.68933398,0.7000000200000001
108.86574972999999,0.27216437432499996,0.014406045333333334,31,-1,0.0,0.0,0.0,0.0,0.0,0.59746701,1.4049999999999998
108.81602799000001,0.2267000583125,0.01464573,30,1,0.0,0.0,0.0,0.0,0.0,0.50487798,1.0650000149999999
111.52586282,0.25346787004545457,0.014884297500000001,29,1,0.0,0.0,0.0,0.0,0.0,0.51785499,3.06500005
111.52586282,0.22760380167346939,0.014884297500000001,29,1,0.0,0.0,0.0,0.0,0.0,0.56969702,1.390000005
111.52586282,0.3717528760666667,0.014884297500000001,29,-1,0.0,0.0,0.0,0.0,0.0,0.93337899,0.25999999
112.47057588,0.24450125191304348,0.01513293,28,1,0.0,0.0,0.0,0.0,0.0,0.488121,2.1200000500000002
112.47057588,0.20449195614545454,0.01513293,28,1,0.0,0.0,0.0,0.0,0.0,0.506504,0.26499999
112.47057588,0.3749019196,0.01513293,28,-1,0.0,0.0,0.0,0.0,0.0,1.032205,0.35000001449999996
111.42641934,0.30115248470270267,0.015718596666666668,32,-1,0.0,0.0,0.0,0.0,0.0,0.60077101,0.510000005
114.43458461,0.3814486153666667,0.015951030666666664,31,-1,0.0,0.0,0.0,0.0,0.0,0.76250798,0.0849999995
114.43458461,0.26007860138636363,0.015951030666666664,31,-1,0.0,0.0,0.0,0.0,0.0,0.55659598,2.01000005
115.13068897000001,0.38376896323333337,0.01620506,30,-1,0.0,0.0,0.0,0.0,0.0,0.84631401,0.1299999995
114.38486286999999,0.3812828762333333,0.0164797105,29,-1,0.0,0.0,0.0,0.0,0.0,0.78231198,0.0799999995
114.38486286999999,0.25418858415555556,0.0164797105,29,-1,0.0,0.0,0.0,0.0,0.0,0.533135,2.225
117.86538466999998,0.2619230770444444,0.016745407,28,1,0.0,0.0,0.0,0.0,0.0,0.55672503,4.2249999
117.86538466999998,0.3928846155666666,0.016745407,28,-1,0.0,0.0,0.0,0.0,0.0,0.83120501,0.0749999995
116.59748029999999,0.25910551177777774,0.017335014666666666,32,1,0.0,0.0,0.0,0.0,0.0,0.54206699,4.02499995
116.59748029999999,0.24807974531914892,0.017335014666666666,32,1,0.0,0.0,0.0,0.0,0.0,0.536331,2.9550000499999998
116.59748029999999,0.24546837957894735,0.017335014666666666,32,1,0.0,0.0,0.0,0.0,0.0,0.53120601,2.70000005
116.59748029999999,0.24291141729166663,0.017335014666666666,32,1,0.0,0.0,0.0,0.0,0.0,0.51825398,2.41499995
116.59748029999999,0.2379540414285714,0.017335014666666666,32,1,0.0,0.0,0.0,0.0,0.0,0.51129699,1.99000005
116.59748029999999,0.23319496059999997,0.017335014666666666,32,1,0.0,0.0,0.0,0.0,0.0,0.50191498,1.605
116.59748029999999,0.22862251039215684,0.017335014666666666,32,1,0.0,0.0,0.0,0.0,0.0,0.50435197,1.33
116.59748029999999,0.22422592365384614,0.017335014666666666,32,1,0.0,0.0,0.0,0.0,0.0,0.50427699,1.085
116.59748029999999,0.22209043866666664,0.017335014666666666,32,1,0.0,0.0,0.0,0.0,0.0,0.496887,0.944999995
116.59748029999999,0.21999524584905658,0.017335014666666666,32,1,0.0,0.0,0.0,0.0,0.0,0.49616599,0.845
116.59748029999999,0.2159212598148148,0.017335014666666666,32,1,0.0,0.0,0.0,0.0,0.0,0.49847701,0.685000005
116.59748029999999,0.2119954187272727,0.017335014666666666,32,1,0.0,0.0,0.0,0.0,0.0,0.49991199,0.5499999799999999
116.59748029999999,0.16656782899999997,0.017335014666666666,32,1,0.0,0.0,0.0,0.0,0.0,0.62734097,0.0599999999
116.59748029999999,0.3886582676666666,0.017335014666666666,32,-1,0.0,0.0,0.0,0.0,0.0,0.786686,0.089999999
116.59748029999999,0.29149370075,0.017335014666666666,32,-1,0.0,0.0,0.0,0.0,0.0,0.58661598,0.72
116.59748029999999,0.2743470124705882,0.017335014666666666,32,-1,0.0,0.0,0.0,0.0,0.0,0.56341499,1.255
116.59748029999999,0.2711569309302325,0.017335014666666666,32,-1,0.0,0.0,0.0,0.0,0.0,0.55740798,1.38500005
116.59748029999999,0.2680401845977011,0.017335014666666666,32,-1,0.0,0.0,0.0,0.0,0.0,0.551292,1.525
116.59748029999999,0.2649942734090909,0.017335014666666666,32,-1,0.0,0.0,0.0,0.0,0.0,0.54298103,1.66500005
116.59748029999999,0.2620168096629213,0.017335014666666666,32,-1,0.0,0.0,0.0,0.0,0.0,0.54640597,1.875
116.59748029999999,0.25910551177777774,0.017335014666666666,32,-1,0.0,0.0,0.0,0.0,0.0,0.543203,2.06499995
116.59748029999999,0.24546837957894735,0.017335014666666666,32,-1,0.0,0.0,0.0,0.0,0.0,0.52538002,3.20000005
116.59748029999999,0.24291141729166663,0.017335014666666666,32,-1,0.0,0.0,0.0,0.0,0.0,0.52782798,3.5
116.59748029999999,0.23319496059999997,0.017335014666666666,32,-1,0.0,0.0,0.0,0.0,0.0,0.50922799,4.67499995
116.59748029999999,0.2119954187272727,0.02535348714285714,186,1,0.0,0.0,0.0,0.0,0.0,0.440117,3.2749999499999998
116.59748029999999,0.20277822660869563,0.02535348714285714,186,1,0.0,0.0,0.0,0.0,0.0,0.43642899,2.63
116.59748029999999,0.1943291338333333,0.02535348714285714,186,1,0.0,0.0,0.0,0.0,0.0,0.43289399,2.09500005
116.59748029999999,0.1793807389230769,0.02535348714285714,186,1,0.0,0.0,0.0,0.0,0.0,0.43252099,1.355
116.59748029999999,0.17273700785185184,0.02535348714285714,186,1,0.0,0.0,0.0,0.0,0.0,0.42991701,1.065000005
120.72438472,0.2682764104888889,0.017627751,31,1,0.0,0.0,0.0,0.0,0.0,0.55677098,5.17499995
120.72438472,0.2541565994105263,0.017627751,31,1,0.0,0.0,0.0,0.0,0.0,0.53376698,3.57500005
120.72438472,0.24637629534693878,0.017627751,31,1,0.0,0.0,0.0,0.0,0.0,0.527183,2.80499995
120.72438472,0.24144876944000002,0.017627751,31,1,0.0,0.0,0.0,0.0,0.0,0.50552398,2.26
120.72438472,0.23216227830769232,0.017627751,31,1,0.0,0.0,0.0,0.0,0.0,0.49828401,1.53
120.72438472,0.2299512089904762,0.017627751,31,1,0.0,0.0,0.0,0.0,0.0,0.49879801,1.39000005
120.72438472,0.21949888130909093,0.017627751,31,1,0.0,0.0,0.0,0.0,0.0,0.48805499,0.784999995
120.72438472,0.20995545168695653,0.017627751,31,1,0.0,0.0,0.0,0.0,0.0,0.48628801,0.435000005
120.72438472,0.20120730786666668,0.017627751,31,1,0.0,0.0,0.0,0.0,0.0,0.49437499,0.25
120.72438472,0.40241461573333337,0.017627751,31,-1,0.0,0.0,0.0,0.0,0.0,0.806126,0.0649999995
120.72438472,0.32193169258666665,0.017627751,31,-1,0.0,0.0,0.0,0.0,0.0,0.62638003,0.27
120.72438472,0.3018109618,0.017627751,31,-1,0.0,0.0,0.0,0.0,0.0,0.59100097,0.485
120.72438472,0.2840573758117647,0.017627751,31,-1,0.0,0.0,0.0,0.0,0.0,0.56138802,0.85499999
120.72438472,0.28075438306976747,0.017627751,31,-1,0.0,0.0,0.0,0.0,0.0,0.55639303,0.955000015
120.72438472,0.2712907521797753,0.017627751,31,-1,0.0,0.0,0.0,0.0,0.0,0.53991902,1.3050000000000002
120.72438472,0.2682764104888889,0.017627751,31,-1,0.0,0.0,0.0,0.0,0.0,0.53821403,1.46
120.72438472,0.2653283180659341,0.017627751,31,-1,0.0,0.0,0.0,0.0,0.0,0.53602397,1.625
120.72438472,0.2568603930212766,0.017627751,31,-1,0.0,0.0,0.0,0.0,0.0,0.522946,2.15999995
120.72438472,0.2541565994105263,0.017627751,31,-1,0.0,0.0,0.0,0.0,0.0,0.51976502,2.37
120.72438472,0.2515091348333333,0.017627751,31,-1,0.0,0.0,0.0,0.0,0.0,0.51687998,2.59500005
120.72438472,0.2489162571546392,0.017627751,31,-1,0.0,0.0,0.0,0.0,0.0,0.51780897,2.8550000000000004
120.72438472,0.24637629534693878,0.017627751,31,-1,0.0,0.0,0.0,0.0,0.0,0.51371098,3.1000000500000002
120.72438472,0.21949888130909093,0.025565128571428574,185,1,0.0,0.0,0.0,0.0,0.0,0.43941399,3.92499995
120.72438472,0.20120730786666668,0.025565128571428574,185,1,0.0,0.0,0.0,0.0,0.0,0.42384899,2.46500005
120.72438472,0.18572982264615384,0.025565128571428574,185,1,0.0,0.0,0.0,0.0,0.0,0.41854301,1.555
120.72438472,0.17246340674285715,0.025565128571428574,185,1,0.0,0.0,0.0,0.0,0.0,0.424831,1.0450000099999999
120.72438472,0.15577339963870968,0.025565128571428574,185,1,0.0,0.0,0.0,0.0,0.0,0.42889401,0.554999995
120.72438472,0.1509054809,0.025565128571428574,185,1,0.0,0.0,0.0,0.0,0.0,0.43223599,0.46000000500000005
120.72438472,0.14202868790588236,0.025565128571428574,185,1,0.0,0.0,0.0,0.0,0.0,0.451428,0.37000000499999997
120.72438472,0.16096584629333333,0.025565128571428574,185,-1,0.0,0.0,0.0,0.0,0.0,0.40406901,26.55
123.28505433000001,0.24906071581818184,0.01790748,30,1,0.0,0.0,0.0,0.0,0.0,0.51353103,2.98000005
123.28505433000001,0.24657010866,0.01790748,30,1,0.0,0.0,0.0,0.0,0.0,0.49718601,2.6549999499999997
123.28505433000001,0.23708664294230772,0.01790748,30,1,0.0,0.0,0.0,0.0,0.0,0.50265199,1.88999995
123.28505433000001,0.23482867491428572,0.01790748,30,1,0.0,0.0,0.0,0.0,0.0,0.50489199,1.73500005
123.28505433000001,0.2326133100566038,0.01790748,30,1,0.0,0.0,0.0,0.0,0.0,0.496494,1.53499995
123.28505433000001,0.22830565616666668,0.01790748,30,1,0.0,0.0,0.0,0.0,0.0,0.49657801,1.26
123.28505433000001,0.22415464423636366,0.01790748,30,1,0.0,0.0,0.0,0.0,0.0,0.48537001,0.975
123.28505433000001,0.21440879013913045,0.01790748,30,1,0.0,0.0,0.0,0.0,0.0,0.48951101,0.56999999
123.28505433000001,0.20547509055000002,0.01790748,30,1,0.0,0.0,0.0,0.0,0.0,0.49829599,0.335000005
123.28505433000001,0.308212635825,0.01790748,30,-1,0.0,0.0,0.0,0.0,0.0,0.610071,0.405
123.28505433000001,0.2739667874,0.01790748,30,-1,0.0,0.0,0.0,0.0,0.0,0.54277301,1.175
123.28505433000001,0.25160215169387756,0.01790748,30,-1,0.0,0.0,0.0,0.0,0.0,0.51343399,2.58000005
123.28505433000001,0.22415464423636366,0.02146916838709678,93,1,0.0,0.0,0.0,0.0,0.0,0.437769,2.4749999000000003
123.28505433000001,0.21440879013913045,0.02146916838709678,93,1,0.0,0.0,0.0,0.0,0.0,0.436342,1.825
123.28505433000001,0.20547509055000002,0.02146916838709678,93,1,0.0,0.0,0.0,0.0,0.0,0.43294999,1.31
123.28505433000001,0.197256086928,0.02146916838709678,93,1,0.0,0.0,0.0,0.0,0.0,0.43080199,0.93000001
123.28505433000001,0.1761215061857143,0.02146916838709678,93,1,0.0,0.0,0.0,0.0,0.0,0.43931201,0.355000005
123.28505433000001,0.24657010866,0.025776115934065934,184,1,0.0,0.0,0.0,0.0,0.0,0.44861299,6.375
123.28505433000001,0.22415464423636366,0.025776115934065934,184,1,0.0,0.0,0.0,0.0,0.0,0.43743101,4.32500005
123.28505433000001,0.197256086928,0.025776115934065934,184,1,0.0,0.0,0.0,0.0,0.0,0.417512,2.18500005
123.28505433000001,0.18966931435384618,0.025776115934065934,184,1,0.0,0.0,0.0,0.0,0.0,0.421792,1.81
123.28505433000001,0.2900824807764706,0.025776115934065934,184,-1,0.0,0.0,0.0,0.0,0.0,0.47662199,3.08
123.28505433000001,0.2739667874,0.025776115934065934,184,-1,0.0,0.0,0.0,0.0,0.0,0.477514,4.0999999
125.37336741,0.25074673482,0.018200617500000002,29,1,0.0,0.0,0.0,0.0,0.0,0.50291902,3.08
125.37336741,0.2458301321764706,0.018200617500000002,29,1,0.0,0.0,0.0,0.0,0.0,0.51349902,2.6699999500000002
125.37336741,0.24110262963461537,0.018200617500000002,29,1,0.0,0.0,0.0,0.0,0.0,0.49498099,2.15
125.37336741,0.23880641411428571,0.018200617500000002,29,1,0.0,0.0,0.0,0.0,0.0,0.49364799,1.955
125.37336741,0.23655352341509434,0.018200617500000002,29,1,0.0,0.0,0.0,0.0,0.0,0.48437399,1.73
125.37336741,0.23217290261111112,0.018200617500000002,29,1,0.0,0.0,0.0,0.0,0.0,0.489283,1.4449999999999998
125.37336741,0.22795157710909092,0.018200617500000002,29,1,0.0,0.0,0.0,0.0,0.0,0.486375,1.165
125.37336741,0.21804063897391304,0.018200617500000002,29,1,0.0,0.0,0.0,0.0,0.0,0.48396501,0.664999995
125.37336741,0.41791122470000003,0.018200617500000002,29,-1,0.0,0.0,0.0,0.0,0.0,0.85241997,0.049999999
125.37336741,0.27860748313333333,0.018200617500000002,29,-1,0.0,0.0,0.0,0.0,0.0,0.55815399,1.0150000399999999
125.37336741,0.2532795301212121,0.018200617500000002,29,-1,0.0,0.0,0.0,0.0,0.0,0.53245002,2.525
125.37336741,0.25074673482,0.021723803225806453,92,1,0.0,0.0,0.0,0.0,0.0,0.45987099,4.92499995
125.37336741,0.23880641411428571,0.021723803225806453,92,1,0.0,0.0,0.0,0.0,0.0,0.44537601,3.6999999499999996
125.37336741,0.20895561235000001,0.021723803225806453,92,1,0.0,0.0,0.0,0.0,0.0,0.427587,1.435
125.37336741,0.19288210370769232,0.021723803225806453,92,1,0.0,0.0,0.0,0.0,0.0,0.42700499,0.735000015
125.37336741,0.2639439313894737,0.021723803225806453,92,-1,0.0,0.0,0.0,0.0,0.0,0.46223101,3.125
125.37336741,0.25074673482,0.025983628021978022,183,1,0.0,0.0,0.0,0.0,0.0,0.45432699,6.9000001
125.37336741,0.23880641411428571,0.025983628021978022,183,1,0.0,0.0,0.0,0.0,0.0,0.44479799,5.70000005
125.37336741,0.22795157710909092,0.025983628021978022,183,1,0.0,0.0,0.0,0.0,0.0,0.435855,4.64999985
125.37336741,0.20895561235000001,0.025983628021978022,183,1,0.0,0.0,0.0,0.0,0.0,0.41907099,2.9699999
125.37336741,0.200597387856,0.025983628021978022,183,1,0.0,0.0,0.0,0.0,0.0,0.41830301,2.41
125.37336741,0.19288210370769232,0.025983628021978022,183,1,0.0,0.0,0.0,0.0,0.0,0.42835599,2.07
125.37336741,0.2949961586117647,0.025983628021978022,183,-1,0.0,0.0,0.0,0.0,0.0,0.48330301,2.93999995
125.37336741,0.25074673482,0.025983628021978022,183,-1,0.0,0.0,0.0,0.0,0.0,0.45300299,5.9000001
117.39302814,0.25800665525274724,0.018491926,28,1,0.0,0.0,0.0,0.0,0.0,0.54904902,3.7749999499999998
117.39302814,0.23478605628,0.018491926,28,1,0.0,0.0,0.0,0.0,0.0,0.53175402,1.69
117.39302814,0.23018240811764706,0.018491926,28,1,0.0,0.0,0.0,0.0,0.0,0.516954,1.3199999999999998
117.39302814,0.2236057678857143,0.018491926,28,1,0.0,0.0,0.0,0.0,0.0,0.51475698,0.949999995
117.39302814,0.21344186934545453,0.018491926,28,1,0.0,0.0,0.0,0.0,0.0,0.51960802,0.5499999799999999
117.39302814,0.1956550469,0.018491926,28,1,0.0,0.0,0.0,0.0,0.0,0.54806799,0.2
117.39302814,0.3913100938,0.018491926,28,-1,0.0,0.0,0.0,0.0,0.0,0.76443398,0.045000000000000005
117.39302814,0.2762188897411765,0.018491926,28,-1,0.0,0.0,0.0,0.0,0.0,0.57117099,1.06
117.39302814,0.2730070421860465,0.018491926,28,-1,0.0,0.0,0.0,0.0,0.0,0.56522,1.1800000000000002
117.39302814,0.24977240029787234,0.018491926,28,-1,0.0,0.0,0.0,0.0,0.0,0.53259403,2.63999995
117.39302814,0.2471432171368421,0.018491926,28,-1,0.0,0.0,0.0,0.0,0.0,0.52219403,2.8500000500000002
117.39302814,0.2395776084489796,0.018491926,28,-1,0.0,0.0,0.0,0.0,0.0,0.52179199,3.7250000500000002
117.39302814,0.23478605628,0.02197036,91,1,0.0,0.0,0.0,0.0,0.0,0.45840299,3.2749999499999998
117.39302814,0.2236057678857143,0.02197036,91,1,0.0,0.0,0.0,0.0,0.0,0.44874701,2.375
117.39302814,0.1956550469,0.02197036,91,1,0.0,0.0,0.0,0.0,0.0,0.446125,0.889999985
117.39302814,0.14674128517499999,0.02197036,91,1,0.0,0.0,0.0,0.0,0.0,0.59397399,0.285
117.39302814,0.3913100938,0.02197036,91,-1,0.0,0.0,0.0,0.0,0.0,0.63713902,0.394999995
117.39302814,0.33540865182857144,0.02197036,91,-1,0.0,0.0,0.0,0.0,0.0,0.57248002,0.845
117.39302814,0.2471432171368421,0.02197036,91,-1,0.0,0.0,0.0,0.0,0.0,0.46567199,4.39999985
117.39302814,0.2608733958666667,0.026174970000000002,182,1,0.0,0.0,0.0,0.0,0.0,0.47584799,7.52499985
117.39302814,0.23478605628,0.026174970000000002,182,1,0.0,0.0,0.0,0.0,0.0,0.44500801,4.9499998
117.39302814,0.2236057678857143,0.026174970000000002,182,1,0.0,0.0,0.0,0.0,0.0,0.45177999,4.17499995
117.39302814,0.21344186934545453,0.026174970000000002,182,1,0.0,0.0,0.0,0.0,0.0,0.446484,3.375
117.39302814,0.2762188897411765,0.026174970000000002,182,-1,0.0,0.0,0.0,0.0,0.0,0.47894901,3.7749999499999998
116.44831508,0.27399603548235296,0.026281347999999996,179,1,0.0,0.0,0.0,0.0,0.0,0.48084301,8.6750002
116.44831508,0.21172420923636365,0.026281347999999996,179,1,0.0,0.0,0.0,0.0,0.0,0.442265,3.17499995
116.44831508,0.19408052513333332,0.026281347999999996,179,1,0.0,0.0,0.0,0.0,0.0,0.43759099,2.03999995
116.44831508,0.17251602234074073,0.026281347999999996,179,1,0.0,0.0,0.0,0.0,0.0,0.440597,1.074999965
116.72178465,0.23344356930000001,0.02647123733333333,178,1,0.0,0.0,0.0,0.0,0.0,0.466553,5.0999999
116.72178465,0.16674540664285714,0.02647123733333333,178,1,0.0,0.0,0.0,0.0,0.0,0.44225699,0.879999995
116.72178465,0.16099556503448276,0.02647123733333333,178,1,0.0,0.0,0.0,0.0,0.0,0.44734401,0.735000015
116.72178465,0.15060875438709678,0.02647123733333333,178,1,0.0,0.0,0.0,0.0,0.0,0.45435101,0.50500001
116.72178465,0.1459022308125,0.02647123733333333,178,1,0.0,0.0,0.0,0.0,0.0,0.459849,0.43000001
116.72178465,0.291804461625,0.02647123733333333,178,-1,0.0,0.0,0.0,0.0,0.0,0.50434399,3.03499995
116.72178465,0.27463949329411763,0.02647123733333333,178,-1,0.0,0.0,0.0,0.0,0.0,0.493195,3.92499995
116.72178465,0.25938174366666666,0.02647123733333333,178,-1,0.0,0.0,0.0,0.0,0.0,0.48105299,4.95000005
116.72178465,0.24573007294736843,0.02647123733333333,178,-1,0.0,0.0,0.0,0.0,0.0,0.46895599,6.125
116.72178465,0.23344356930000001,0.02647123733333333,178,-1,0.0,0.0,0.0,0.0,0.0,0.46249399,7.52499985
116.72178465,0.22232720885714286,0.02647123733333333,178,-1,0.0,0.0,0.0,0.0,0.0,0.45806199,9.0999999
120.40119340999999,0.2006686556833333,0.02664832,177,1,0.0,0.0,0.0,0.0,0.0,0.43840501,2.48500005
120.40119340999999,0.192641909456,0.02664832,177,1,0.0,0.0,0.0,0.0,0.0,0.434569,1.975
120.40119340999999,0.17837213838518517,0.02664832,177,1,0.0,0.0,0.0,0.0,0.0,0.43453801,1.28000005
120.40119340999999,0.25347619665263155,0.02664832,177,-1,0.0,0.0,0.0,0.0,0.0,0.46807,5.47500015
122.06687170000001,0.25971674829787234,0.020357475000000003,28,1,0.0,0.0,0.0,0.0,0.0,0.54154599,4.0749999
122.06687170000001,0.2543059827083333,0.020357475000000003,28,1,0.0,0.0,0.0,0.0,0.0,0.52452701,3.42499995
122.06687170000001,0.24911606469387756,0.020357475000000003,28,1,0.0,0.0,0.0,0.0,0.0,0.51751798,2.88
122.06687170000001,0.24413374340000002,0.020357475000000003,28,1,0.0,0.0,0.0,0.0,0.0,0.50862902,2.38
122.06687170000001,0.23031485226415097,0.020357475000000003,28,1,0.0,0.0,0.0,0.0,0.0,0.49948999,1.30000005
122.06687170000001,0.24911606469387756,0.020357475000000003,28,-1,0.0,0.0,0.0,0.0,0.0,0.51297498,2.6999999499999996
122.11659343999999,0.24921753763265303,0.02094171333333333,32,1,0.0,0.0,0.0,0.0,0.0,0.52431101,3.125
122.11659343999999,0.23483960276923074,0.02094171333333333,32,1,0.0,0.0,0.0,0.0,0.0,0.50944501,1.835
122.78783693,0.20464639488333333,0.02148632,30,1,0.0,0.0,0.0,0.0,0.0,0.51491201,0.36
122.78783693,0.306969592325,0.02148632,30,-1,0.0,0.0,0.0,0.0,0.0,0.63177198,0.474999995
118.28801945999999,0.29572004864999996,0.022448909333333333,32,-1,0.0,0.0,0.0,0.0,0.0,0.49094501,0.35
115.13068897000001,0.32894482562857147,0.022673285,31,-1,0.0,0.0,0.0,0.0,0.0,0.600223,0.16
115.13068897000001,0.287826722425,0.022673285,31,-1,0.0,0.0,0.0,0.0,0.0,0.485524,0.465000005
115.13068897000001,0.26166065675,0.022673285,31,-1,0.0,0.0,0.0,0.0,0.0,0.425513,1.24500005
118.53662815999999,0.2236540153962264,0.02291951,30,1,0.0,0.0,0.0,0.0,0.0,0.37944099,0.495000005
121.96742822,0.2540988087916667,0.023146993,29,1,0.0,0.0,0.0,0.0,0.0,0.407763,2.81000005
121.96742822,0.22586560781481482,0.023146993,29,1,0.0,0.0,0.0,0.0,0.0,0.38419601,0.5799999849999999
121.96742822,0.2710387293777778,0.023146993,29,-1,0.0,0.0,0.0,0.0,0.0,0.424604,0.764999985
125.97002829,0.23767929866037737,0.023385786,28,1,0.0,0.0,0.0,0.0,0.0,0.36928999,1.18
125.97002829,0.23327783016666667,0.023385786,28,1,0.0,0.0,0.0,0.0,0.0,0.36531699,0.875
125.97002829,0.2290364150727273,0.023385786,28,1,0.0,0.0,0.0,0.0,0.0,0.368974,0.6650000199999999
125.97002829,0.21718970394827586,0.023385786,28,1,0.0,0.0,0.0,0.0,0.0,0.3788,0.274999995
125.97002829,0.4199000943,0.023385786,28,-1,0.0,0.0,0.0,0.0,0.0,0.88711798,0.055
123.33477606999999,0.24666955213999997,0.02384354066666667,32,1,0.0,0.0,0.0,0.0,0.0,0.36937699,2.0299999499999997
123.33477606999999,0.23492338299047616,0.02384354066666667,32,1,0.0,0.0,0.0,0.0,0.0,0.36192501,1.065
123.33477606999999,0.22424504739999998,0.02384354066666667,32,1,0.0,0.0,0.0,0.0,0.0,0.36362699,0.525000005
123.33477606999999,0.21449526273043476,0.02384354066666667,32,1,0.0,0.0,0.0,0.0,0.0,0.37742701,0.269999995
123.33477606999999,0.20555796011666666,0.02384354066666667,32,1,0.0,0.0,0.0,0.0,0.0,0.394876,0.14500000000000002
123.33477606999999,0.29019947310588234,0.02384354066666667,32,-1,0.0,0.0,0.0,0.0,0.0,0.44828099,0.355000005
123.33477606999999,0.27407728015555555,0.02384354066666667,32,-1,0.0,0.0,0.0,0.0,0.0,0.412572,0.674999985
123.33477606999999,0.2596521601473684,0.02384354066666667,32,-1,0.0,0.0,0.0,0.0,0.0,0.38466501,1.275
123.33477606999999,0.24666955213999997,0.02384354066666667,32,-1,0.0,0.0,0.0,0.0,0.0,0.36383501,2.2899999500000003
122.41492388,0.24482984776,0.024041968333333334,31,1,0.0,0.0,0.0,0.0,0.0,0.37027401,1.82
122.41492388,0.22257258887272727,0.024041968333333334,31,1,0.0,0.0,0.0,0.0,0.0,0.36851099,0.45499999999999996
122.41492388,0.18833065212307692,0.024041968333333334,31,1,0.0,0.0,0.0,0.0,0.0,0.48266101,0.0749999995
122.41492388,0.1813554427851852,0.024041968333333334,31,1,0.0,0.0,0.0,0.0,0.0,0.47032401,0.0300000004
122.41492388,0.4080497462666667,0.024041968333333334,31,-1,0.0,0.0,0.0,0.0,0.0,0.77026701,0.0399999999
122.41492388,0.2720331641777778,0.024041968333333334,31,-1,0.0,0.0,0.0,0.0,0.0,0.407121,0.7000000200000001
122.41492388,0.2577156292210526,0.024041968333333334,31,-1,0.0,0.0,0.0,0.0,0.0,0.382274,1.355
119.8293934,0.25227240715789473,0.02424563,30,1,0.0,0.0,0.0,0.0,0.0,0.391848,2.51999995
119.8293934,0.2396587868,0.02424563,30,1,0.0,0.0,0.0,0.0,0.0,0.37358299,1.3250000000000002
119.8293934,0.22824646361904763,0.02424563,30,1,0.0,0.0,0.0,0.0,0.0,0.37509,0.6599999999999999
119.8293934,0.19971565566666666,0.02424563,30,1,0.0,0.0,0.0,0.0,0.0,0.433045,0.10500000000000001
119.8293934,0.31954504906666664,0.02424563,30,-1,0.0,0.0,0.0,0.0,0.0,0.559358,0.16999999500000001
119.8293934,0.2995734835,0.02424563,30,-1,0.0,0.0,0.0,0.0,0.0,0.47910699,0.24
119.8293934,0.2662875408888889,0.02424563,30,-1,0.0,0.0,0.0,0.0,0.0,0.40130901,0.900000005
119.8293934,0.25227240715789473,0.02424563,30,-1,0.0,0.0,0.0,0.0,0.0,0.38367,1.755
119.8293934,0.2396587868,0.02424563,30,-1,0.0,0.0,0.0,0.0,0.0,0.387591,3.17499995
119.8293934,0.2662875408888889,0.02690467483870968,93,1,0.0,0.0,0.0,0.0,0.0,0.43990201,6.07500005
119.8293934,0.25227240715789473,0.02690467483870968,93,1,0.0,0.0,0.0,0.0,0.0,0.42607599,4.5999999
119.8293934,0.2396587868,0.02690467483870968,93,1,0.0,0.0,0.0,0.0,0.0,0.417079,3.3999999499999998
119.8293934,0.22824646361904763,0.02690467483870968,93,1,0.0,0.0,0.0,0.0,0.0,0.406582,2.41499995
119.8293934,0.21787162436363636,0.02690467483870968,93,1,0.0,0.0,0.0,0.0,0.0,0.402475,1.7
119.8293934,0.20839894504347825,0.02690467483870968,93,1,0.0,0.0,0.0,0.0,0.0,0.39846301,1.16500005
119.8293934,0.18435291292307693,0.02690467483870968,93,1,0.0,0.0,0.0,0.0,0.0,0.408005,0.400000005
119.8293934,0.4793175736,0.02690467483870968,93,-1,0.0,0.0,0.0,0.0,0.0,0.68478501,0.1249999945
121.12215864,0.2691603525333333,0.0244986675,29,1,0.0,0.0,0.0,0.0,0.0,0.39991501,4.52499985
121.12215864,0.25499401818947365,0.0244986675,29,1,0.0,0.0,0.0,0.0,0.0,0.38110501,2.7749999499999998
121.12215864,0.2307088736,0.0244986675,29,1,0.0,0.0,0.0,0.0,0.0,0.363774,0.724999995
121.12215864,0.2202221066181818,0.0244986675,29,1,0.0,0.0,0.0,0.0,0.0,0.37084901,0.33999999999999997
121.12215864,0.2106472324173913,0.0244986675,29,1,0.0,0.0,0.0,0.0,0.0,0.38821799,0.170000005
121.12215864,0.28499331444705883,0.0244986675,29,-1,0.0,0.0,0.0,0.0,0.0,0.439917,0.375
121.12215864,0.2691603525333333,0.0244986675,29,-1,0.0,0.0,0.0,0.0,0.0,0.40394801,0.7450000050000001
121.12215864,0.2691603525333333,0.027129287741935487,92,1,0.0,0.0,0.0,0.0,0.0,0.43952501,6.42499995
121.12215864,0.25499401818947365,0.027129287741935487,92,1,0.0,0.0,0.0,0.0,0.0,0.42852199,4.92499995
121.12215864,0.24224431727999998,0.027129287741935487,92,1,0.0,0.0,0.0,0.0,0.0,0.42230499,3.70000005
121.12215864,0.2307088736,0.027129287741935487,92,1,0.0,0.0,0.0,0.0,0.0,0.41157499,2.65999995
121.12215864,0.2202221066181818,0.027129287741935487,92,1,0.0,0.0,0.0,0.0,0.0,0.40282199,1.855
121.12215864,0.2106472324173913,0.027129287741935487,92,1,0.0,0.0,0.0,0.0,0.0,0.39936399,1.2850000000000001
121.12215864,0.18634178252307693,0.027129287741935487,92,1,0.0,0.0,0.0,0.0,0.0,0.404708,0.42999999499999997
121.12215864,0.24224431727999998,0.027129287741935487,92,-1,0.0,0.0,0.0,0.0,0.0,0.420414,4.64999985
118.51176729,0.24949845745263158,0.024721634000000003,28,1,0.0,0.0,0.0,0.0,0.0,0.37179199,2.08499995
118.51176729,0.23702353458,0.024721634000000003,28,1,0.0,0.0,0.0,0.0,0.0,0.356197,1.005000005
118.51176729,0.22573669959999998,0.024721634000000003,28,1,0.0,0.0,0.0,0.0,0.0,0.35947901,0.45499999999999996
118.51176729,0.21547594052727273,0.024721634000000003,28,1,0.0,0.0,0.0,0.0,0.0,0.37142,0.20500000499999999
118.51176729,0.296279418225,0.024721634000000003,28,-1,0.0,0.0,0.0,0.0,0.0,0.46136299,0.21
118.51176729,0.26335948286666666,0.024721634000000003,28,-1,0.0,0.0,0.0,0.0,0.0,0.389258,0.9099999999999999
118.51176729,0.24949845745263158,0.024721634000000003,28,-1,0.0,0.0,0.0,0.0,0.0,0.36511099,1.79499995
118.51176729,0.23702353458,0.024721634000000003,28,-1,0.0,0.0,0.0,0.0,0.0,0.35585001,3.25
118.51176729,0.23702353458,0.02733068,91,1,0.0,0.0,0.0,0.0,0.0,0.42175701,3.15
118.51176729,0.22573669959999998,0.02733068,91,1,0.0,0.0,0.0,0.0,0.0,0.409417,2.20000005
118.51176729,0.23702353458,0.02733068,91,-1,0.0,0.0,0.0,0.0,0.0,0.41661799,5.1500001
114.50916722000001,0.24893297221739133,0.025128642,32,-1,0.0,0.0,0.0,0.0,0.0,0.41717899,2.1949999
113.98708895,0.37995696316666666,0.025272212333333332,31,-1,0.0,0.0,0.0,0.0,0.0,0.76783001,0.090000005
114.88208027,0.24974365276086957,0.02537866,30,1,0.0,0.0,0.0,0.0,0.0,0.42047501,2.37
114.88208027,0.23445322504081634,0.02537866,30,1,0.0,0.0,0.0,0.0,0.0,0.399149,1.085
114.88208027,0.17674166195384616,0.02537866,30,1,0.0,0.0,0.0,0.0,0.0,0.66761398,0.159999995
119.10842816999998,0.22905466955769227,0.0255269375,29,1,0.0,0.0,0.0,0.0,0.0,0.385746,0.705000015
119.10842816999998,0.18324373564615382,0.0255269375,29,1,0.0,0.0,0.0,0.0,0.0,0.532736,0.065
111.27725412,0.24190707417391302,0.025828337333333336,32,1,0.0,0.0,0.0,0.0,0.0,0.43434101,1.7999999999999998
111.27725412,0.17119577556923077,0.025828337333333336,32,1,0.0,0.0,0.0,0.0,0.0,0.63243997,0.090000005
111.27725412,0.37092418039999997,0.025828337333333336,32,-1,0.0,0.0,0.0,0.0,0.0,0.78131902,0.14
111.27725412,0.25290285027272724,0.025828337333333336,32,-1,0.0,0.0,0.0,0.0,0.0,0.434616,1.875
107.79673231999999,0.2694918308,0.025908745999999996,31,-1,0.0,0.0,0.0,0.0,0.0,0.49115801,1.0550000050000001
107.79673231999999,0.25665888647619045,0.025908745999999996,31,-1,0.0,0.0,0.0,0.0,0.0,0.46303701,1.665
107.79673231999999,0.24499257345454542,0.025908745999999996,31,-1,0.0,0.0,0.0,0.0,0.0,0.447413,2.585
107.79673231999999,0.23434072243478257,0.025908745999999996,31,-1,0.0,0.0,0.0,0.0,0.0,0.441663,3.825
107.79673231999999,0.22935474961702126,0.025908745999999996,31,-1,0.0,0.0,0.0,0.0,0.0,0.42392999,4.47500015
107.79673231999999,0.22457652566666664,0.025908745999999996,31,-1,0.0,0.0,0.0,0.0,0.0,0.42097399,5.25
105.06203661999999,0.2443303177209302,0.02604684,30,1,0.0,0.0,0.0,0.0,0.0,0.4725,1.9899999999999998
105.06203661999999,0.2387773559545454,0.02604684,30,1,0.0,0.0,0.0,0.0,0.0,0.46184,1.545
105.06203661999999,0.23347119248888887,0.02604684,30,1,0.0,0.0,0.0,0.0,0.0,0.45835799,1.2
105.06203661999999,0.22839573178260866,0.02604684,30,1,0.0,0.0,0.0,0.0,0.0,0.45354199,0.910000025
105.06203661999999,0.2188792429583333,0.02604684,30,1,0.0,0.0,0.0,0.0,0.0,0.45137301,0.515
105.06203661999999,0.21012407324,0.02604684,30,1,0.0,0.0,0.0,0.0,0.0,0.46619099,0.314999995
105.06203661999999,0.16163390249230766,0.02604684,30,1,0.0,0.0,0.0,0.0,0.0,0.65978098,0.039999999
105.06203661999999,0.3502067887333333,0.02604684,30,-1,0.0,0.0,0.0,0.0,0.0,0.68376201,0.110000005
105.06203661999999,0.26938983748717943,0.02604684,30,-1,0.0,0.0,0.0,0.0,0.0,0.49579599,1.00500005
105.06203661999999,0.26265509154999994,0.02604684,30,-1,0.0,0.0,0.0,0.0,0.0,0.482389,1.2850000000000001
105.06203661999999,0.2501477062380952,0.02604684,30,-1,0.0,0.0,0.0,0.0,0.0,0.46270701,2.05999995
105.06203661999999,0.2443303177209302,0.02604684,30,-1,0.0,0.0,0.0,0.0,0.0,0.45289701,2.54999995
104.39079313,0.2319795402888889,0.0261797485,29,1,0.0,0.0,0.0,0.0,0.0,0.45607001,1.065
104.39079313,0.2982594089428572,0.0261797485,29,-1,0.0,0.0,0.0,0.0,0.0,0.56108499,0.364999995
104.39079313,0.2899744253611111,0.0261797485,29,-1,0.0,0.0,0.0,0.0,0.0,0.53631997,0.459999995
104.39079313,0.26097698282500004,0.0261797485,29,-1,0.0,0.0,0.0,0.0,0.0,0.48173201,1.335
104.39079313,0.24854950745238097,0.0261797485,29,-1,0.0,0.0,0.0,0.0,0.0,0.46948701,2.1800000500000003
104.39079313,0.2427692863488372,0.0261797485,29,-1,0.0,0.0,0.0,0.0,0.0,0.46273899,2.7050000499999998
103.54552355,0.23010116344444445,0.026202476,28,1,0.0,0.0,0.0,0.0,0.0,0.46402401,0.94000001
103.54552355,0.22509896423913042,0.026202476,28,1,0.0,0.0,0.0,0.0,0.0,0.47157899,0.740000005
103.54552355,0.258863808875,0.026202476,28,-1,0.0,0.0,0.0,0.0,0.0,0.47719201,1.415
103.54552355,0.2070910471,0.026202476,28,-1,0.0,0.0,0.0,0.0,0.0,0.488424,8.5750003
101.85498439,0.28293051219444443,0.026463052666666664,31,-1,0.0,0.0,0.0,0.0,0.0,0.52364498,0.63500002
101.85498439,0.26803943260526314,0.026463052666666664,31,-1,0.0,0.0,0.0,0.0,0.0,0.49774,1.08
101.85498439,0.254637460975,0.026463052666666664,31,-1,0.0,0.0,0.0,0.0,0.0,0.480055,1.78
105.43494967,0.25103559445238094,0.026756296,29,1,0.0,0.0,0.0,0.0,0.0,0.44174001,2.30999995
105.43494967,0.23429988815555555,0.026756296,29,1,0.0,0.0,0.0,0.0,0.0,0.42607799,1.050000005
105.43494967,0.22920641232608693,0.026756296,29,1,0.0,0.0,0.0,0.0,0.0,0.42355299,0.78
105.43494967,0.3514498322333333,0.026756296,29,-1,0.0,0.0,0.0,0.0,0.0,0.731336,0.1399999945
105.43494967,0.245197557372093,0.026756296,29,-1,0.0,0.0,0.0,0.0,0.0,0.43823701,2.3999999499999998
108.89061059999999,0.22685543874999997,0.026835881000000002,28,1,0.0,0.0,0.0,0.0,0.0,0.40767801,0.6200000050000001
108.89061059999999,0.3024739183333333,0.026835881000000002,28,-1,0.0,0.0,0.0,0.0,0.0,0.52084202,0.224999995
108.89061059999999,0.2865542384210526,0.026835881000000002,28,-1,0.0,0.0,0.0,0.0,0.0,0.47458699,0.375
107.57298449000001,0.22887869040425535,0.027198898666666665,32,1,0.0,0.0,0.0,0.0,0.0,0.41285399,0.82499999
107.57298449000001,0.2623731329024391,0.027198898666666665,32,-1,0.0,0.0,0.0,0.0,0.0,0.45071799,1.275
107.57298449000001,0.23905107664444447,0.027198898666666665,32,-1,0.0,0.0,0.0,0.0,0.0,0.41722101,3.125
97.75294084,0.20365196008333333,0.027293163333333332,31,1,0.0,0.0,0.0,0.0,0.0,0.47341299,0.20500000499999999
97.75294084,0.27153594677777776,0.027293163333333332,31,-1,0.0,0.0,0.0,0.0,0.0,0.49056301,0.860000015
97.75294084,0.2572445811578947,0.027293163333333332,31,-1,0.0,0.0,0.0,0.0,0.0,0.47252899,1.495
97.75294084,0.25064856625641024,0.027293163333333332,31,-1,0.0,0.0,0.0,0.0,0.0,0.46467701,1.92
97.75294084,0.24438235209999998,0.027293163333333332,31,-1,0.0,0.0,0.0,0.0,0.0,0.44620201,2.37
97.75294084,0.23842180692682927,0.027293163333333332,31,-1,0.0,0.0,0.0,0.0,0.0,0.449747,2.995
95.29171471,0.2575451748918919,0.027421920000000002,30,-1,0.0,0.0,0.0,0.0,0.0,0.490888,1.5
95.29171471,0.25076767028947367,0.027421920000000002,30,-1,0.0,0.0,0.0,0.0,0.0,0.500507,2.0049999499999998
95.29171471,0.24433773002564102,0.027421920000000002,30,-1,0.0,0.0,0.0,0.0,0.0,0.49643099,2.5250001
95.29171471,0.238229286775,0.027421920000000002,30,-1,0.0,0.0,0.0,0.0,0.0,0.471003,3.0250001
93.89950599000001,0.29343595621875,0.027618471,29,1,0.0,0.0,0.0,0.0,0.0,0.57431698,6.2750001
93.89950599000001,0.23474876497500002,0.027618471,29,1,0.0,0.0,0.0,0.0,0.0,0.474922,1.175
93.89950599000001,0.22902318534146343,0.027618471,29,1,0.0,0.0,0.0,0.0,0.0,0.46909401,0.8700000050000001
93.89950599000001,0.2845439575454546,0.027618471,29,-1,0.0,0.0,0.0,0.0,0.0,0.54090297,0.540000005
92.53215813999999,0.15422026356666665,0.027758842000000002,28,1,0.0,0.0,0.0,0.0,0.0,0.79145497,0.0549999999
92.53215813999999,0.24350567931578945,0.027758842000000002,28,-1,0.0,0.0,0.0,0.0,0.0,0.47727099,2.355
91.04050593999999,0.3310563852363636,0.028171652,32,1,0.0,0.0,0.0,0.0,0.0,0.645518,9.3249998
91.04050593999999,0.28012463366153845,0.028171652,32,1,0.0,0.0,0.0,0.0,0.0,0.54752898,4.9000001
91.04050593999999,0.24942604367123283,0.028171652,32,1,0.0,0.0,0.0,0.0,0.0,0.49738401,2.23
91.04050593999999,0.24605542145945944,0.028171652,32,1,0.0,0.0,0.0,0.0,0.0,0.48281199,1.935
91.04050593999999,0.24277468250666664,0.028171652,32,1,0.0,0.0,0.0,0.0,0.0,0.487151,1.74
91.04050593999999,0.23958027878947366,0.028171652,32,1,0.0,0.0,0.0,0.0,0.0,0.472063,1.48000005
91.04050593999999,0.2334371947179487,0.028171652,32,1,0.0,0.0,0.0,0.0,0.0,0.47638601,1.1600000000000001
91.04050593999999,0.22760126484999998,0.028171652,32,1,0.0,0.0,0.0,0.0,0.0,0.47638801,0.8849999900000001
91.04050593999999,0.21676310938095236,0.028171652,32,1,0.0,0.0,0.0,0.0,0.0,0.47498801,0.49000001
91.04050593999999,0.21421295515294114,0.028171652,32,1,0.0,0.0,0.0,0.0,0.0,0.48432401,0.444999995
91.04050593999999,0.20691024077272724,0.028171652,32,1,0.0,0.0,0.0,0.0,0.0,0.48041299,0.269999995
91.04050593999999,0.2023122354222222,0.028171652,32,1,0.0,0.0,0.0,0.0,0.0,0.50359601,0.235
91.04050593999999,0.19370320412765954,0.028171652,32,1,0.0,0.0,0.0,0.0,0.0,0.54880601,0.184999994
91.04050593999999,0.19166422303157893,0.028171652,32,1,0.0,0.0,0.0,0.0,0.0,0.55951202,0.175
91.04050593999999,0.18208101187999998,0.028171652,32,1,0.0,0.0,0.0,0.0,0.0,0.55480999,0.080000002
91.04050593999999,0.15833131467826084,0.028171652,32,1,0.0,0.0,0.0,0.0,0.0,0.77655399,0.0999999995
91.04050593999999,0.3034683531333333,0.028171652,32,-1,0.0,0.0,0.0,0.0,0.0,0.59320301,0.364999995
91.04050593999999,0.28450158106249995,0.028171652,32,-1,0.0,0.0,0.0,0.0,0.0,0.56540698,0.669999985
91.04050593999999,0.24277468250666664,0.028171652,32,-1,0.0,0.0,0.0,0.0,0.0,0.48272499,2.54999995
91.04050593999999,0.2334371947179487,0.028171652,32,-1,0.0,0.0,0.0,0.0,0.0,0.479395,3.5
91.04050593999999,0.22760126484999998,0.028171652,32,-1,0.0,0.0,0.0,0.0,0.0,0.47974199,4.22500015
91.04050593999999,0.21421295515294114,0.028171652,32,-1,0.0,0.0,0.0,0.0,0.0,0.48493001,6.27499985
88.35553198,0.32129284356363635,0.028317844333333335,31,1,0.0,0.0,0.0,0.0,0.0,0.66158998,8.3499999
88.35553198,0.31555547135714285,0.028317844333333335,31,1,0.0,0.0,0.0,0.0,0.0,0.65627903,7.9000001
88.35553198,0.30467424820689654,0.028317844333333335,31,1,0.0,0.0,0.0,0.0,0.0,0.63448602,7.0
88.35553198,0.2945184399333333,0.028317844333333335,31,1,0.0,0.0,0.0,0.0,0.0,0.62246603,6.1500001
88.35553198,0.2761110374375,0.028317844333333335,31,1,0.0,0.0,0.0,0.0,0.0,0.55868,4.45000005
88.35553198,0.25244437708571427,0.028317844333333335,31,1,0.0,0.0,0.0,0.0,0.0,0.52223098,2.46000005
88.35553198,0.24543203327777777,0.028317844333333335,31,1,0.0,0.0,0.0,0.0,0.0,0.509507,1.93
88.35553198,0.2236848910886076,0.028317844333333335,31,1,0.0,0.0,0.0,0.0,0.0,0.49246901,0.73999998
88.35553198,0.22088882994999998,0.028317844333333335,31,1,0.0,0.0,0.0,0.0,0.0,0.49420601,0.64500001
88.35553198,0.20789536936470587,0.028317844333333335,31,1,0.0,0.0,0.0,0.0,0.0,0.50273597,0.31500001
88.35553198,0.1963456266222222,0.028317844333333335,31,1,0.0,0.0,0.0,0.0,0.0,0.52664298,0.170000005
88.35553198,0.1860116462736842,0.028317844333333335,31,1,0.0,0.0,0.0,0.0,0.0,0.56546998,0.11
88.35553198,0.17671106396,0.028317844333333335,31,1,0.0,0.0,0.0,0.0,0.0,0.60895503,0.080000002
88.35553198,0.16064642178181818,0.028317844333333335,31,1,0.0,0.0,0.0,0.0,0.0,0.69335401,0.049999999
88.35553198,0.31555547135714285,0.028317844333333335,31,-1,0.0,0.0,0.0,0.0,0.0,0.64157897,0.274999995
88.35553198,0.2945184399333333,0.028317844333333335,31,-1,0.0,0.0,0.0,0.0,0.0,0.590891,0.47
88.35553198,0.25244437708571427,0.028317844333333335,31,-1,0.0,0.0,0.0,0.0,0.0,0.51343799,1.81
88.35553198,0.23879873508108107,0.028317844333333335,31,-1,0.0,0.0,0.0,0.0,0.0,0.49485299,2.8500000500000002
88.35553198,0.23561475194666665,0.028317844333333335,31,-1,0.0,0.0,0.0,0.0,0.0,0.48853901,3.1499999499999998
88.35553198,0.23251455784210526,0.028317844333333335,31,-1,0.0,0.0,0.0,0.0,0.0,0.48397899,3.4750000500000002
88.35553198,0.22949488825974024,0.028317844333333335,31,-1,0.0,0.0,0.0,0.0,0.0,0.48823601,3.8500000500000002
88.35553198,0.2265526461025641,0.028317844333333335,31,-1,0.0,0.0,0.0,0.0,0.0,0.48855999,4.22500015
88.35553198,0.2236848910886076,0.028317844333333335,31,-1,0.0,0.0,0.0,0.0,0.0,0.47697699,4.57500005
88.35553198,0.22088882994999998,0.028317844333333335,31,-1,0.0,0.0,0.0,0.0,0.0,0.484036,5.0
86.46610586,0.3144222031272727,0.02845304,30,1,0.0,0.0,0.0,0.0,0.0,0.66812003,7.6500001
86.46610586,0.2981589857241379,0.02845304,30,1,0.0,0.0,0.0,0.0,0.0,0.61508101,6.27499985
86.46610586,0.28822035286666664,0.02845304,30,1,0.0,0.0,0.0,0.0,0.0,0.59632301,5.42499995
86.46610586,0.27892292212903225,0.02845304,30,1,0.0,0.0,0.0,0.0,0.0,0.580966,4.625
86.46610586,0.2660495564923077,0.02845304,30,1,0.0,0.0,0.0,0.0,0.0,0.54433399,3.4750000500000002
86.46610586,0.2620185026060606,0.02845304,30,1,0.0,0.0,0.0,0.0,0.0,0.540892,3.1499999499999998
86.46610586,0.24704601674285714,0.02845304,30,1,0.0,0.0,0.0,0.0,0.0,0.51938999,2.0
86.46610586,0.24018362738888888,0.02845304,30,1,0.0,0.0,0.0,0.0,0.0,0.51214302,1.55
86.46610586,0.23057628229333332,0.02845304,30,1,0.0,0.0,0.0,0.0,0.0,0.50629997,1.02999995
86.46610586,0.2189015338227848,0.02845304,30,1,0.0,0.0,0.0,0.0,0.0,0.50152999,0.564999995
86.46610586,0.1921469019111111,0.02845304,30,1,0.0,0.0,0.0,0.0,0.0,0.55151898,0.14000000499999998
86.46610586,0.183970438,0.02845304,30,1,0.0,0.0,0.0,0.0,0.0,0.61810899,0.1349999945
86.46610586,0.18203390707368422,0.02845304,30,1,0.0,0.0,0.0,0.0,0.0,0.63502902,0.1350000005
86.46610586,0.14411017643333332,0.02845304,30,1,0.0,0.0,0.0,0.0,0.0,0.87205601,0.060000000000000005
86.46610586,0.2702065808125,0.02845304,30,-1,0.0,0.0,0.0,0.0,0.0,0.520441,0.875
86.46610586,0.2660495564923077,0.02845304,30,-1,0.0,0.0,0.0,0.0,0.0,0.52951401,1.07
86.46610586,0.2543120760588235,0.02845304,30,-1,0.0,0.0,0.0,0.0,0.0,0.515176,1.625
86.46610586,0.24704601674285714,0.02845304,30,-1,0.0,0.0,0.0,0.0,0.0,0.500929,2.0699999499999997
86.46610586,0.24018362738888888,0.02845304,30,-1,0.0,0.0,0.0,0.0,0.0,0.49355501,2.62
86.46610586,0.23689344071232876,0.02845304,30,-1,0.0,0.0,0.0,0.0,0.0,0.48357701,2.8999999499999998
86.46610586,0.233692178,0.02845304,30,-1,0.0,0.0,0.0,0.0,0.0,0.486983,3.25
86.46610586,0.23057628229333332,0.02845304,30,-1,0.0,0.0,0.0,0.0,0.0,0.478818,3.57500005
86.46610586,0.22754238384210526,0.02845304,30,-1,0.0,0.0,0.0,0.0,0.0,0.472379,3.92499995
86.46610586,0.22458728794805194,0.02845304,30,-1,0.0,0.0,0.0,0.0,0.0,0.47613999,4.32500005
86.46610586,0.22170796374358975,0.02845304,30,-1,0.0,0.0,0.0,0.0,0.0,0.475685,4.72500015
86.46610586,0.21089294112195123,0.02845304,30,-1,0.0,0.0,0.0,0.0,0.0,0.46476999,6.4250002
86.46610586,0.208352062313253,0.02845304,30,-1,0.0,0.0,0.0,0.0,0.0,0.461077,6.875
86.46610586,0.20344966084705882,0.02845304,30,-1,0.0,0.0,0.0,0.0,0.0,0.48983201,7.8499999
84.07946233999999,0.3057434994181818,0.0285700615,29,1,0.0,0.0,0.0,0.0,0.0,0.64494097,6.7249999
84.07946233999999,0.3002837940714285,0.0285700615,29,1,0.0,0.0,0.0,0.0,0.0,0.60346401,6.22500015
84.07946233999999,0.28026487446666665,0.0285700615,29,1,0.0,0.0,0.0,0.0,0.0,0.57161897,4.54999995
84.07946233999999,0.2712240720645161,0.0285700615,29,1,0.0,0.0,0.0,0.0,0.0,0.552351,3.7749999499999998
84.07946233999999,0.26274831981249996,0.0285700615,29,1,0.0,0.0,0.0,0.0,0.0,0.53814101,3.07500005
84.07946233999999,0.2547862495151515,0.0285700615,29,1,0.0,0.0,0.0,0.0,0.0,0.52282101,2.44000005
84.07946233999999,0.24729253629411763,0.0285700615,29,1,0.0,0.0,0.0,0.0,0.0,0.51659602,1.915
84.07946233999999,0.24022703525714284,0.0285700615,29,1,0.0,0.0,0.0,0.0,0.0,0.506616,1.455
84.07946233999999,0.22421189957333332,0.0285700615,29,1,0.0,0.0,0.0,0.0,0.0,0.499937,0.695000025
84.07946233999999,0.21558836497435896,0.0285700615,29,1,0.0,0.0,0.0,0.0,0.0,0.502289,0.435000005
84.07946233999999,0.21019865584999997,0.0285700615,29,1,0.0,0.0,0.0,0.0,0.0,0.509372,0.32499999999999996
84.07946233999999,0.1978340290352941,0.0285700615,29,1,0.0,0.0,0.0,0.0,0.0,0.54769701,0.185000005
84.07946233999999,0.18684324964444443,0.0285700615,29,1,0.0,0.0,0.0,0.0,0.0,0.597561,0.125
84.07946233999999,0.1770093944,0.0285700615,29,1,0.0,0.0,0.0,0.0,0.0,0.64518201,0.089999999
84.07946233999999,0.16815892468,0.0285700615,29,1,0.0,0.0,0.0,0.0,0.0,0.69343799,0.0699999985
84.07946233999999,0.16015135683809523,0.0285700615,29,1,0.0,0.0,0.0,0.0,0.0,0.736256,0.055
84.07946233999999,0.1528717497090909,0.0285700615,29,1,0.0,0.0,0.0,0.0,0.0,0.76564902,0.04
84.07946233999999,0.12935301898461538,0.0285700615,29,1,0.0,0.0,0.0,0.0,0.0,0.92713702,0.0249999995
84.07946233999999,0.2547862495151515,0.0285700615,29,-1,0.0,0.0,0.0,0.0,0.0,0.51371998,1.5150000000000001
84.07946233999999,0.24729253629411763,0.0285700615,29,-1,0.0,0.0,0.0,0.0,0.0,0.502729,1.97000005
84.07946233999999,0.24022703525714284,0.0285700615,29,-1,0.0,0.0,0.0,0.0,0.0,0.49532399,2.51999995
84.07946233999999,0.23355406205555554,0.0285700615,29,-1,0.0,0.0,0.0,0.0,0.0,0.48786801,3.1499999499999998
84.07946233999999,0.22421189957333332,0.0285700615,29,-1,0.0,0.0,0.0,0.0,0.0,0.49035701,4.27499985
84.07946233999999,0.21019865584999997,0.0285700615,29,-1,0.0,0.0,0.0,0.0,0.0,0.50222898,6.42499995
84.12918408,0.3004613717142857,0.028653710000000002,28,1,0.0,0.0,0.0,0.0,0.0,0.636379,6.20000005
84.12918408,0.2901006347586207,0.028653710000000002,28,1,0.0,0.0,0.0,0.0,0.0,0.59754801,5.29999995
84.12918408,0.27138446477419353,0.028653710000000002,28,1,0.0,0.0,0.0,0.0,0.0,0.55710799,3.6999999499999996
84.12918408,0.25885902793846155,0.028653710000000002,28,1,0.0,0.0,0.0,0.0,0.0,0.53396499,2.67499995
84.12918408,0.25493692145454544,0.028653710000000002,28,1,0.0,0.0,0.0,0.0,0.0,0.52649701,2.37
84.12918408,0.24743877670588235,0.028653710000000002,28,1,0.0,0.0,0.0,0.0,0.0,0.51864398,1.845
84.12918408,0.24036909737142859,0.028653710000000002,28,1,0.0,0.0,0.0,0.0,0.0,0.514781,1.415
84.12918408,0.2273761731891892,0.028653710000000002,28,1,0.0,0.0,0.0,0.0,0.0,0.49933201,0.754999995
84.12918408,0.22434449088,0.028653710000000002,28,1,0.0,0.0,0.0,0.0,0.0,0.499405,0.64500001
84.12918408,0.2103229602,0.028653710000000002,28,1,0.0,0.0,0.0,0.0,0.0,0.50943202,0.29500000000000004
84.12918408,0.1869537424,0.028653710000000002,28,1,0.0,0.0,0.0,0.0,0.0,0.61752099,0.130000005
84.12918408,0.17711407174736843,0.028653710000000002,28,1,0.0,0.0,0.0,0.0,0.0,0.660918,0.089999999
84.12918408,0.1402153068,0.028653710000000002,28,1,0.0,0.0,0.0,0.0,0.0,0.94844401,0.060000000000000005
84.12918408,0.2804306136,0.028653710000000002,28,-1,0.0,0.0,0.0,0.0,0.0,0.57603401,0.66499999
84.12918408,0.26290370025,0.028653710000000002,28,-1,0.0,0.0,0.0,0.0,0.0,0.54273897,1.195
84.12918408,0.25493692145454544,0.028653710000000002,28,-1,0.0,0.0,0.0,0.0,0.0,0.52210802,1.545
84.12918408,0.24743877670588235,0.028653710000000002,28,-1,0.0,0.0,0.0,0.0,0.0,0.524122,2.05500005
84.12918408,0.24036909737142859,0.028653710000000002,28,-1,0.0,0.0,0.0,0.0,0.0,0.51393598,2.6
84.12918408,0.233692178,0.028653710000000002,28,-1,0.0,0.0,0.0,0.0,0.0,0.47223899,3.115
84.12918408,0.2273761731891892,0.028653710000000002,28,-1,0.0,0.0,0.0,0.0,0.0,0.48667601,3.9
84.12918408,0.22434449088,0.028653710000000002,28,-1,0.0,0.0,0.0,0.0,0.0,0.489665,4.29999995
84.12918408,0.21298527615189874,0.028653710000000002,28,-1,0.0,0.0,0.0,0.0,0.0,0.49533099,6.0
84.12918408,0.2103229602,0.028653710000000002,28,-1,0.0,0.0,0.0,0.0,0.0,0.49734899,6.45000005
80.54921879999999,0.3098046876923077,0.028956908666666666,32,1,0.0,0.0,0.0,0.0,0.0,0.79820597,7.0999999
82.41378404999999,0.22273995689189185,0.02920532,30,1,0.0,0.0,0.0,0.0,0.0,0.55269402,0.819999985
80.00227966,0.26667426553333334,0.0293377475,29,1,0.0,0.0,0.0,0.0,0.0,0.62932003,3.5
80.92213184999999,0.23120609099999995,0.029417199999999998,28,1,0.0,0.0,0.0,0.0,0.0,0.56147897,1.1150000050000002
80.92213184999999,0.2247836995833333,0.029417199999999998,28,1,0.0,0.0,0.0,0.0,0.0,0.55728298,0.834999995
84.65126235,0.211628155875,0.02986126066666667,32,1,0.0,0.0,0.0,0.0,0.0,0.56334698,0.55999999
84.65126235,0.3135231938888889,0.02986126066666667,32,-1,0.0,0.0,0.0,0.0,0.0,0.756235,0.515000015
84.65126235,0.24186074957142856,0.02986126066666667,32,-1,0.0,0.0,0.0,0.0,0.0,0.58509499,2.84500005
90.64273202,0.2449803568108108,0.030055074,31,1,0.0,0.0,0.0,0.0,0.0,0.58752298,2.225
90.64273202,0.2665962706470588,0.030055074,31,-1,0.0,0.0,0.0,0.0,0.0,0.58952898,1.385
92.40785379,0.2200186995,0.030260799999999997,30,1,0.0,0.0,0.0,0.0,0.0,0.59605598,0.959999995
92.40785379,0.26402243940000003,0.030260799999999997,30,-1,0.0,0.0,0.0,0.0,0.0,0.62149,1.5899999999999999
92.40785379,0.24317856260526316,0.030260799999999997,30,-1,0.0,0.0,0.0,0.0,0.0,0.581047,2.885
92.13438422,0.24901184924324324,0.030422818,29,1,0.0,0.0,0.0,0.0,0.0,0.63615102,2.715
92.13438422,0.4005842792173913,0.030422818,29,-1,0.0,0.0,0.0,0.0,0.0,1.432856,0.67000005
92.13438422,0.2972076910322581,0.030422818,29,-1,0.0,0.0,0.0,0.0,0.0,0.76029599,0.804999995
92.13438422,0.2559288450555556,0.030422818,29,-1,0.0,0.0,0.0,0.0,0.0,0.64019299,2.09499995
88.85274938,0.22213187345000002,0.030577537000000002,28,1,0.0,0.0,0.0,0.0,0.0,0.63212699,1.06
88.85274938,0.26133161582352943,0.030577537000000002,28,-1,0.0,0.0,0.0,0.0,0.0,0.66075402,1.7349999500000002
88.85274938,0.24681319272222224,0.030577537000000002,28,-1,0.0,0.0,0.0,0.0,0.0,0.62745202,2.57500005
88.85274938,0.22782756251282052,0.030577537000000002,28,-1,0.0,0.0,0.0,0.0,0.0,0.625646,4.4749999
87.2616537,0.21815413425,0.031508596,29,1,0.0,0.0,0.0,0.0,0.0,0.664253,0.995
84.25348843,0.25924150286153846,0.03205844133333333,32,1,0.0,0.0,0.0,0.0,0.0,0.69441003,3.5
84.25348843,0.24072425265714287,0.03205844133333333,32,1,0.0,0.0,0.0,0.0,0.0,0.66065598,2.19000005
84.25348843,0.22467596914666668,0.03205844133333333,32,1,0.0,0.0,0.0,0.0,0.0,0.64913899,1.315
84.25348843,0.210633721075,0.03205844133333333,32,1,0.0,0.0,0.0,0.0,0.0,0.64533699,0.7599999900000001
84.25348843,0.16850697686000002,0.03205844133333333,32,1,0.0,0.0,0.0,0.0,0.0,0.685202,0.09
84.25348843,0.33701395372000004,0.03205844133333333,32,-1,0.0,0.0,0.0,0.0,0.0,0.83138698,0.364999995
84.25348843,0.30637632156363637,0.03205844133333333,32,-1,0.0,0.0,0.0,0.0,0.0,0.77237898,0.66999999
84.25348843,0.2808449614333334,0.03205844133333333,32,-1,0.0,0.0,0.0,0.0,0.0,0.72691202,1.2
84.25348843,0.25924150286153846,0.03205844133333333,32,-1,0.0,0.0,0.0,0.0,0.0,0.69139802,2.0399999500000003
84.25348843,0.24072425265714287,0.03205844133333333,32,-1,0.0,0.0,0.0,0.0,0.0,0.65763402,3.225
84.25348843,0.1872299742888889,0.03205844133333333,32,-1,0.0,0.0,0.0,0.0,0.0,0.689116,11.35
84.25348843,0.16850697686000002,0.038773918241758236,186,1,0.0,0.0,0.0,0.0,0.0,0.51658797,1.21
84.25348843,0.42126744215,0.038773918241758236,186,-1,0.0,0.0,0.0,0.0,0.0,0.70358902,0.905
83.55738407,0.18568307571111112,0.03216314133333333,31,1,0.0,0.0,0.0,0.0,0.0,0.66391802,0.219999995
83.55738407,0.27852461356666663,0.03216314133333333,31,-1,0.0,0.0,0.0,0.0,0.0,0.73017102,1.245
83.55738407,0.25709964329230767,0.03216314133333333,31,-1,0.0,0.0,0.0,0.0,0.0,0.68561798,2.0849999
83.55738407,0.23873538305714284,0.038988455934065934,185,1,0.0,0.0,0.0,0.0,0.0,0.54587603,4.79999995
83.55738407,0.22281969085333334,0.038988455934065934,185,1,0.0,0.0,0.0,0.0,0.0,0.53174698,3.7749999499999998
83.55738407,0.208893460175,0.038988455934065934,185,1,0.0,0.0,0.0,0.0,0.0,0.52473497,2.9750000500000002
83.55738407,0.25709964329230767,0.038988455934065934,185,-1,0.0,0.0,0.0,0.0,0.0,0.56056499,4.45000005
82.93586232,0.22116229952,0.032309489999999996,30,1,0.0,0.0,0.0,0.0,0.0,0.64362299,1.06
82.93586232,0.2551872686769231,0.032309489999999996,30,-1,0.0,0.0,0.0,0.0,0.0,0.68399799,2.13
82.93586232,0.23695960662857143,0.032309489999999996,30,-1,0.0,0.0,0.0,0.0,0.0,0.658306,3.4250000500000004
82.93586232,0.2764528744,0.03548156161290322,93,1,0.0,0.0,0.0,0.0,0.0,0.60842699,5.9000001
82.93586232,0.2551872686769231,0.03548156161290322,93,1,0.0,0.0,0.0,0.0,0.0,0.58493602,4.42499995
82.93586232,0.2764528744,0.03548156161290322,93,-1,0.0,0.0,0.0,0.0,0.0,0.60536301,2.3050000500000003
82.93586232,0.2551872686769231,0.03548156161290322,93,-1,0.0,0.0,0.0,0.0,0.0,0.58381897,3.32500005
82.93586232,0.16587172464,0.03548156161290322,93,-1,0.0,0.0,0.0,0.0,0.0,0.54628301,16.8000005
82.93586232,0.14423628229565216,0.03548156161290322,93,-1,0.0,0.0,0.0,0.0,0.0,0.627846,24.1999995
82.93586232,0.12759363433846155,0.03548156161290322,93,-1,0.0,0.0,0.0,0.0,0.0,0.71897501,31.674999
82.93586232,0.11439429285517241,0.03548156161290322,93,-1,0.0,0.0,0.0,0.0,0.0,0.77765399,39.1499995
82.93586232,0.10701401589677419,0.03548156161290322,93,-1,0.0,0.0,0.0,0.0,0.0,0.87712198,44.174999
82.93586232,0.18430191626666667,0.03923763098901099,184,1,0.0,0.0,0.0,0.0,0.0,0.51679701,1.75499995
82.93586232,0.2551872686769231,0.03923763098901099,184,-1,0.0,0.0,0.0,0.0,0.0,0.56079602,4.52499985
83.20933189,0.27736443963333335,0.032370096,29,1,0.0,0.0,0.0,0.0,0.0,0.739887,4.77499985
83.20933189,0.23774094825714287,0.032370096,29,1,0.0,0.0,0.0,0.0,0.0,0.67920202,1.95
83.20933189,0.22189155170666666,0.032370096,29,1,0.0,0.0,0.0,0.0,0.0,0.662238,1.12
83.20933189,0.208023329725,0.032370096,29,1,0.0,0.0,0.0,0.0,0.0,0.66477001,0.63999999
83.20933189,0.18490962642222222,0.032370096,29,1,0.0,0.0,0.0,0.0,0.0,0.66696501,0.184999995
83.20933189,0.2560287135076923,0.032370096,29,-1,0.0,0.0,0.0,0.0,0.0,0.686279,2.04999995
83.20933189,0.23774094825714287,0.032370096,29,-1,0.0,0.0,0.0,0.0,0.0,0.65971899,3.32500005
83.20933189,0.208023329725,0.03561525806451613,92,1,0.0,0.0,0.0,0.0,0.0,0.54640102,1.62999995
83.20933189,0.15128969434545456,0.03561525806451613,92,1,0.0,0.0,0.0,0.0,0.0,0.55731201,0.195
83.20933189,0.11477149226206897,0.03561525806451613,92,1,0.0,0.0,0.0,0.0,0.0,0.82805097,0.26
83.20933189,0.27736443963333335,0.03561525806451613,92,-1,0.0,0.0,0.0,0.0,0.0,0.61085302,2.2749999499999998
83.20933189,0.2560287135076923,0.03561525806451613,92,-1,0.0,0.0,0.0,0.0,0.0,0.58798599,3.2749999499999998
83.20933189,0.23774094825714287,0.03561525806451613,92,-1,0.0,0.0,0.0,0.0,0.0,0.56673503,4.52499985
83.20933189,0.22189155170666666,0.03561525806451613,92,-1,0.0,0.0,0.0,0.0,0.0,0.554362,6.07500005
83.20933189,0.23774094825714287,0.03945544813186813,183,1,0.0,0.0,0.0,0.0,0.0,0.55295002,4.82500005
83.20933189,0.19578666327058825,0.03945544813186813,183,1,0.0,0.0,0.0,0.0,0.0,0.52489102,2.345
83.20933189,0.18490962642222222,0.03945544813186813,183,1,0.0,0.0,0.0,0.0,0.0,0.51686698,1.8
83.20933189,0.16641866378,0.03945544813186813,183,1,0.0,0.0,0.0,0.0,0.0,0.51880902,1.1299999500000002
83.20933189,0.2560287135076923,0.03945544813186813,183,-1,0.0,0.0,0.0,0.0,0.0,0.57019502,4.52499985
83.20933189,0.23774094825714287,0.03945544813186813,183,-1,0.0,0.0,0.0,0.0,0.0,0.55497402,5.79999995
83.20933189,0.22189155170666666,0.03945544813186813,183,-1,0.0,0.0,0.0,0.0,0.0,0.54007101,7.25
83.20933189,0.19578666327058825,0.03945544813186813,183,-1,0.0,0.0,0.0,0.0,0.0,0.52645397,10.774999999999999
86.66499282,0.26666151636923074,0.032481091000000004,28,1,0.0,0.0,0.0,0.0,0.0,0.66628599,3.875
86.66499282,0.2476142652,0.032481091000000004,28,1,0.0,0.0,0.0,0.0,0.0,0.635499,2.41499995
86.66499282,0.23110664751999999,0.032481091000000004,28,1,0.0,0.0,0.0,0.0,0.0,0.61443198,1.38
86.66499282,0.21666248205,0.032481091000000004,28,1,0.0,0.0,0.0,0.0,0.0,0.598369,0.72
86.66499282,0.17332998564,0.032481091000000004,28,1,0.0,0.0,0.0,0.0,0.0,0.672221,0.0800000005
86.66499282,0.2888833094,0.032481091000000004,28,-1,0.0,0.0,0.0,0.0,0.0,0.69784701,0.765000015
86.66499282,0.26666151636923074,0.032481091000000004,28,-1,0.0,0.0,0.0,0.0,0.0,0.65855902,1.42000005
86.66499282,0.2476142652,0.032481091000000004,28,-1,0.0,0.0,0.0,0.0,0.0,0.63479,2.48000005
86.66499282,0.23110664751999999,0.032481091000000004,28,-1,0.0,0.0,0.0,0.0,0.0,0.615529,3.95000005
86.66499282,0.34665997128,0.03578043,91,1,0.0,0.0,0.0,0.0,0.0,0.66034198,10.8
86.66499282,0.2888833094,0.03578043,91,1,0.0,0.0,0.0,0.0,0.0,0.58035702,6.79999995
86.66499282,0.26666151636923074,0.03578043,91,1,0.0,0.0,0.0,0.0,0.0,0.56352502,5.20000005
86.66499282,0.2476142652,0.03578043,91,1,0.0,0.0,0.0,0.0,0.0,0.544128,3.82500005
86.66499282,0.23110664751999999,0.03578043,91,1,0.0,0.0,0.0,0.0,0.0,0.52679503,2.71000005
86.66499282,0.21666248205,0.03578043,91,1,0.0,0.0,0.0,0.0,0.0,0.51183897,1.85
86.66499282,0.20391763016470588,0.03578043,91,1,0.0,0.0,0.0,0.0,0.0,0.506468,1.25999995
86.66499282,0.19258887293333332,0.03578043,91,1,0.0,0.0,0.0,0.0,0.0,0.50312501,0.845
86.66499282,0.17332998564,0.03578043,91,1,0.0,0.0,0.0,0.0,0.0,0.50568801,0.385000005
86.66499282,0.34665997128,0.03578043,91,-1,0.0,0.0,0.0,0.0,0.0,0.65617198,0.7400000099999999
86.66499282,0.26666151636923074,0.03578043,91,-1,0.0,0.0,0.0,0.0,0.0,0.56618899,2.615
86.66499282,0.2476142652,0.03578043,91,-1,0.0,0.0,0.0,0.0,0.0,0.54276597,3.70000005
86.66499282,0.38517774586666664,0.0396813,182,-1,0.0,0.0,0.0,0.0,0.0,0.654356,1.0899999999999999
86.66499282,0.34665997128,0.0396813,182,-1,0.0,0.0,0.0,0.0,0.0,0.62685001,1.575
86.81415804,0.2226004052307692,0.032827112666666665,32,1,0.0,0.0,0.0,0.0,0.0,0.59992498,1.0899999999999999
86.81415804,0.24804045154285712,0.039791482,179,1,0.0,0.0,0.0,0.0,0.0,0.54381299,5.47500015
86.81415804,0.19292035119999998,0.039791482,179,1,0.0,0.0,0.0,0.0,0.0,0.50545698,2.07000005
86.81415804,0.17362831607999998,0.039791482,179,1,0.0,0.0,0.0,0.0,0.0,0.49627399,1.22
87.73401023,0.31333575082142856,0.03287362433333333,31,-1,0.0,0.0,0.0,0.0,0.0,0.73651499,0.474999995
87.73401023,0.25066860065714286,0.03996423133333333,178,1,0.0,0.0,0.0,0.0,0.0,0.54303902,5.625
87.73401023,0.23395736061333333,0.03996423133333333,178,1,0.0,0.0,0.0,0.0,0.0,0.52627301,4.45000005
87.73401023,0.17546802045999998,0.03996423133333333,178,1,0.0,0.0,0.0,0.0,0.0,0.48621601,1.2
87.73401023,0.23395736061333333,0.03996423133333333,178,-1,0.0,0.0,0.0,0.0,0.0,0.528337,6.20000005
87.70914936,0.23705175502702702,0.0328475,30,1,0.0,0.0,0.0,0.0,0.0,0.57578701,1.625
87.70914936,0.22489525476923075,0.0328475,30,1,0.0,0.0,0.0,0.0,0.0,0.58959401,1.07500001
87.70914936,0.25796808635294116,0.0328475,30,-1,0.0,0.0,0.0,0.0,0.0,0.607108,1.8
87.70914936,0.2505975696,0.0328475,30,-1,0.0,0.0,0.0,0.0,0.0,0.59567797,2.23500005
87.70914936,0.243636526,0.0328475,30,-1,0.0,0.0,0.0,0.0,0.0,0.58194798,2.7250000500000002
87.70914936,0.5011951392,0.04008903333333333,177,1,0.0,0.0,0.0,0.0,0.0,0.716214,18.325001
87.70914936,0.2505975696,0.04008903333333333,177,1,0.0,0.0,0.0,0.0,0.0,0.53367901,5.5
87.70914936,0.23389106496,0.04008903333333333,177,1,0.0,0.0,0.0,0.0,0.0,0.52202803,4.375
87.70914936,0.1949092208,0.04008903333333333,177,1,0.0,0.0,0.0,0.0,0.0,0.49511999,2.03499995
87.70914936,0.2505975696,0.04008903333333333,177,-1,0.0,0.0,0.0,0.0,0.0,0.53701699,4.82500005
85.37222758,0.24392065022857143,0.0327822865,29,-1,0.0,0.0,0.0,0.0,0.0,0.50221199,2.26
85.44681019,0.17089362038,0.03300915333333333,32,1,0.0,0.0,0.0,0.0,0.0,0.66213602,0.090000005
85.44681019,0.2848227006333333,0.03300915333333333,32,-1,0.0,0.0,0.0,0.0,0.0,0.53601098,0.534999995
85.44681019,0.22486002681578945,0.03300915333333333,32,-1,0.0,0.0,0.0,0.0,0.0,0.44528601,4.1750002
88.740875465,0.24650243184722223,0.032999083666666665,31,1,0.0,0.0,0.0,0.0,0.0,0.478627,1.8900000000000001
88.740875465,0.2218521886625,0.032999083666666665,31,1,0.0,0.0,0.0,0.0,0.0,0.456,0.564999995
85.96888845999999,0.17193777691999998,0.03293067,30,1,0.0,0.0,0.0,0.0,0.0,0.67444801,0.090000005
85.96888845999999,0.26865277643749996,0.03293067,30,-1,0.0,0.0,0.0,0.0,0.0,0.50373501,0.8700000050000001
85.96888845999999,0.2528496719411764,0.03293067,30,-1,0.0,0.0,0.0,0.0,0.0,0.47324499,1.54
85.96888845999999,0.22623391699999998,0.03293067,30,-1,0.0,0.0,0.0,0.0,0.0,0.43712801,3.95000005
83.80599277,0.24648821402941176,0.032942502,29,1,0.0,0.0,0.0,0.0,0.0,0.49455401,1.78
83.80599277,0.23944569362857143,0.032942502,29,1,0.0,0.0,0.0,0.0,0.0,0.48470899,1.33
83.80599277,0.16761198554,0.032942502,29,1,0.0,0.0,0.0,0.0,0.0,0.65289098,0.044999998900000004
83.80599277,0.2993071170357143,0.032942502,29,-1,0.0,0.0,0.0,0.0,0.0,0.55649298,0.27
83.80599277,0.28898618196551723,0.032942502,29,-1,0.0,0.0,0.0,0.0,0.0,0.536906,0.385000005
88.10692327999999,0.24474145355555552,0.032995114,28,1,0.0,0.0,0.0,0.0,0.0,0.46097001,1.53
88.10692327999999,0.32632193807407406,0.032995114,28,-1,0.0,0.0,0.0,0.0,0.0,0.64007902,0.149999999
88.10692327999999,0.2936897442666666,0.032995114,28,-1,0.0,0.0,0.0,0.0,0.0,0.54052103,0.329999995
88.10692327999999,0.28421588154838706,0.032995114,28,-1,0.0,0.0,0.0,0.0,0.0,0.52661401,0.474999995
88.10692327999999,0.2591380096470588,0.032995114,28,-1,0.0,0.0,0.0,0.0,0.0,0.474217,1.2000000000000002
88.10692327999999,0.24474145355555552,0.032995114,28,-1,0.0,0.0,0.0,0.0,0.0,0.46117899,2.13
91.04050593999999,0.24605542145945944,0.03345930133333333,32,1,0.0,0.0,0.0,0.0,0.0,0.464075,1.86500005
91.04050593999999,0.23958027878947366,0.03345930133333333,32,1,0.0,0.0,0.0,0.0,0.0,0.46044299,1.44
85.39708845,0.29447271879310344,0.03367689,30,-1,0.0,0.0,0.0,0.0,0.0,0.56877798,0.39
93.84978425,0.2606938451388889,0.033866304,29,1,0.0,0.0,0.0,0.0,0.0,0.49357599,3.0249999499999998
93.84978425,0.2469731164473684,0.033866304,29,1,0.0,0.0,0.0,0.0,0.0,0.46794799,1.85999995
93.84978425,0.24064047243589742,0.033866304,29,1,0.0,0.0,0.0,0.0,0.0,0.45919499,1.4100000000000001
93.84978425,0.29328057578125,0.033866304,29,-1,0.0,0.0,0.0,0.0,0.0,0.52922499,0.349999995
93.84978425,0.2843932856060606,0.033866304,29,-1,0.0,0.0,0.0,0.0,0.0,0.51896501,0.5
93.84978425,0.27602877720588237,0.033866304,29,-1,0.0,0.0,0.0,0.0,0.0,0.51447099,0.7150000000000001
93.84978425,0.2681422407142857,0.033866304,29,-1,0.0,0.0,0.0,0.0,0.0,0.478383,0.879999995
93.84978425,0.2606938451388889,0.033866304,29,-1,0.0,0.0,0.0,0.0,0.0,0.46572801,1.18
93.84978425,0.25364806554054053,0.033866304,29,-1,0.0,0.0,0.0,0.0,0.0,0.45022601,1.54
93.84978425,0.2469731164473684,0.033866304,29,-1,0.0,0.0,0.0,0.0,0.0,0.46344,2.1
98.82195825,0.2670863736486486,0.033995245,28,1,0.0,0.0,0.0,0.0,0.0,0.490201,3.8000000500000004
98.82195825,0.23529037678571427,0.033995245,28,1,0.0,0.0,0.0,0.0,0.0,0.453659,1.15
98.82195825,0.2533896365384615,0.033995245,28,-1,0.0,0.0,0.0,0.0,0.0,0.45410499,1.58
98.4490452,0.2625307872,0.034528095333333335,32,1,0.0,0.0,0.0,0.0,0.0,0.50662899,3.57500005
98.4490452,0.246122613,0.034528095333333335,32,1,0.0,0.0,0.0,0.0,0.0,0.48329699,2.13
98.4490452,0.23164481223529412,0.034528095333333335,32,1,0.0,0.0,0.0,0.0,0.0,0.46632001,1.135
98.4490452,0.218775656,0.034528095333333335,32,1,0.0,0.0,0.0,0.0,0.0,0.458864,0.5550000049999999
98.4490452,0.30292013907692306,0.034528095333333335,32,-1,0.0,0.0,0.0,0.0,0.0,0.56907398,0.34500001
98.4490452,0.2812829862857143,0.034528095333333335,32,-1,0.0,0.0,0.0,0.0,0.0,0.52396798,0.6749999849999999
98.4490452,0.2625307872,0.034528095333333335,32,-1,0.0,0.0,0.0,0.0,0.0,0.49584299,1.32
98.4490452,0.246122613,0.034528095333333335,32,-1,0.0,0.0,0.0,0.0,0.0,0.46994999,2.3550000000000004
98.10099302,0.24525248255,0.034732994333333336,31,1,0.0,0.0,0.0,0.0,0.0,0.47511199,1.9849999999999999
98.10099302,0.23082586592941176,0.034732994333333336,31,1,0.0,0.0,0.0,0.0,0.0,0.459858,1.02999995
98.10099302,0.20652840635789474,0.034732994333333336,31,1,0.0,0.0,0.0,0.0,0.0,0.46205601,0.235
98.10099302,0.2802885514857143,0.034732994333333336,31,-1,0.0,0.0,0.0,0.0,0.0,0.52369702,0.674999985
98.10099302,0.26160264805333333,0.034732994333333336,31,-1,0.0,0.0,0.0,0.0,0.0,0.49617299,1.33499995
98.10099302,0.24525248255,0.034732994333333336,31,-1,0.0,0.0,0.0,0.0,0.0,0.47170699,2.4
90.54328854,0.25869511011428575,0.034942190000000005,30,1,0.0,0.0,0.0,0.0,0.0,0.51359898,2.94000005
90.54328854,0.24144876944000002,0.034942190000000005,30,1,0.0,0.0,0.0,0.0,0.0,0.487187,1.60500005
90.54328854,0.22635822135000003,0.034942190000000005,30,1,0.0,0.0,0.0,0.0,0.0,0.46712899,0.755000025
90.54328854,0.2785947339692308,0.034942190000000005,30,-1,0.0,0.0,0.0,0.0,0.0,0.53560197,0.68000001
90.54328854,0.25869511011428575,0.034942190000000005,30,-1,0.0,0.0,0.0,0.0,0.0,0.50372702,1.385
90.54328854,0.24144876944000002,0.034942190000000005,30,-1,0.0,0.0,0.0,0.0,0.0,0.48074701,2.55999995
90.81675811,0.2594764517428571,0.035161673000000004,29,1,0.0,0.0,0.0,0.0,0.0,0.50647902,2.9300000500000003
90.81675811,0.24217802162666666,0.035161673000000004,29,1,0.0,0.0,0.0,0.0,0.0,0.48429301,1.59499995
90.81675811,0.227041895275,0.035161673000000004,29,1,0.0,0.0,0.0,0.0,0.0,0.465931,0.7450000050000001
90.81675811,0.2794361788,0.035161673000000004,29,-1,0.0,0.0,0.0,0.0,0.0,0.53631902,0.640000015
90.81675811,0.24217802162666666,0.035161673000000004,29,-1,0.0,0.0,0.0,0.0,0.0,0.48416999,2.495
91.63716681999999,0.24436577818666663,0.035359263,28,1,0.0,0.0,0.0,0.0,0.0,0.46436399,1.6400000000000001
91.63716681999999,0.22909291704999998,0.035359263,28,1,0.0,0.0,0.0,0.0,0.0,0.44926801,0.7549999949999999
91.63716681999999,0.21561686310588232,0.035359263,28,1,0.0,0.0,0.0,0.0,0.0,0.446933,0.314999995
91.63716681999999,0.18327433363999998,0.035359263,28,1,0.0,0.0,0.0,0.0,0.0,0.56115699,0.065
91.63716681999999,0.5236409532571428,0.035359263,28,-1,0.0,0.0,0.0,0.0,0.0,1.173851,0.0299999995
91.63716681999999,0.3054572227333333,0.035359263,28,-1,0.0,0.0,0.0,0.0,0.0,0.58033299,0.24500000500000002
91.63716681999999,0.2618204766285714,0.035359263,28,-1,0.0,0.0,0.0,0.0,0.0,0.484485,1.105
91.63716681999999,0.24436577818666663,0.035359263,28,-1,0.0,0.0,0.0,0.0,0.0,0.462181,2.19000005
91.63716681999999,0.22909291704999998,0.035359263,28,-1,0.0,0.0,0.0,0.0,0.0,0.45207199,3.82500005
89.37482765,0.223437069125,0.03590296666666667,32,1,0.0,0.0,0.0,0.0,0.0,0.451507,0.6349999900000001
89.37482765,0.22916622474358975,0.03590296666666667,32,-1,0.0,0.0,0.0,0.0,0.0,0.44928801,3.8000000500000004
89.37482765,0.1986107281111111,0.03590296666666667,32,-1,0.0,0.0,0.0,0.0,0.0,0.43313,9.0749998
91.985219,0.2299630475,0.03640994,30,1,0.0,0.0,0.0,0.0,0.0,0.41719201,0.73999998
92.83048858000001,0.23207622145,0.036708575,28,1,0.0,0.0,0.0,0.0,0.0,0.427201,0.815
92.83048858000001,0.299453188967742,0.036708575,28,-1,0.0,0.0,0.0,0.0,0.0,0.54138702,0.254999995
89.77260156999999,0.24936833769444441,0.03735084,32,1,0.0,0.0,0.0,0.0,0.0,0.46293199,2.0800000499999998
89.77260156999999,0.3740525065416666,0.03735084,32,-1,0.0,0.0,0.0,0.0,0.0,0.94009,0.25
89.57371461,0.24881587391666665,0.037665906,31,1,0.0,0.0,0.0,0.0,0.0,0.46900901,2.01499995
89.57371461,0.24209112056756757,0.037665906,31,1,0.0,0.0,0.0,0.0,0.0,0.45955199,1.5350000000000001
89.57371461,0.23572030160526314,0.037665906,31,1,0.0,0.0,0.0,0.0,0.0,0.45397401,1.15
89.57371461,0.24881587391666665,0.037665906,31,-1,0.0,0.0,0.0,0.0,0.0,0.46347299,1.88500005
89.57371461,0.24209112056756757,0.037665906,31,-1,0.0,0.0,0.0,0.0,0.0,0.46026999,2.42999995
91.36369725,0.261039135,0.03786595,30,1,0.0,0.0,0.0,0.0,0.0,0.47797099,3.0199999999999996
91.36369725,0.25378804791666665,0.03786595,30,1,0.0,0.0,0.0,0.0,0.0,0.46561301,2.38999995
91.36369725,0.2469289114864865,0.03786595,30,1,0.0,0.0,0.0,0.0,0.0,0.45155999,1.83
91.36369725,0.2404307822368421,0.03786595,30,1,0.0,0.0,0.0,0.0,0.0,0.44321501,1.375
91.36369725,0.3045456575,0.03786595,30,-1,0.0,0.0,0.0,0.0,0.0,0.53732097,0.214999995
91.36369725,0.2768596886363636,0.03786595,30,-1,0.0,0.0,0.0,0.0,0.0,0.49809501,0.625
91.36369725,0.26871675661764705,0.03786595,30,-1,0.0,0.0,0.0,0.0,0.0,0.48337001,0.849999995
91.36369725,0.261039135,0.03786595,30,-1,0.0,0.0,0.0,0.0,0.0,0.47100499,1.145
91.36369725,0.25378804791666665,0.03786595,30,-1,0.0,0.0,0.0,0.0,0.0,0.45825601,1.51
91.36369725,0.2469289114864865,0.03786595,30,-1,0.0,0.0,0.0,0.0,0.0,0.45295101,1.9849999500000002
91.36369725,0.2404307822368421,0.03786595,30,-1,0.0,0.0,0.0,0.0,0.0,0.44220001,2.51999995
88.13178415,0.25180509757142855,0.038259479,28,1,0.0,0.0,0.0,0.0,0.0,0.442736,2.01
88.13178415,0.24481051152777777,0.038259479,28,1,0.0,0.0,0.0,0.0,0.0,0.43743601,1.51000005
88.13178415,0.23192574776315789,0.038259479,28,1,0.0,0.0,0.0,0.0,0.0,0.42672399,0.7750000100000001
88.13178415,0.220329460375,0.038259479,28,1,0.0,0.0,0.0,0.0,0.0,0.41992,0.35500000499999995
86.49096673,0.2471170478,0.03868916533333333,32,1,0.0,0.0,0.0,0.0,0.0,0.44698501,1.79
86.49096673,0.22177170956410255,0.03868916533333333,32,1,0.0,0.0,0.0,0.0,0.0,0.431878,0.500000015
84.25348843,0.29052927044827587,0.03883348666666667,31,-1,0.0,0.0,0.0,0.0,0.0,0.52931899,0.379999995
84.25348843,0.210633721075,0.03883348666666667,31,-1,0.0,0.0,0.0,0.0,0.0,0.46228099,6.29999995
84.87501018,0.23576391716666667,0.03894608,30,-1,0.0,0.0,0.0,0.0,0.0,0.43418199,2.775
84.87501018,0.21762823123076924,0.03894608,30,-1,0.0,0.0,0.0,0.0,0.0,0.409004,5.0749998
84.87501018,0.18861113373333335,0.03894608,30,-1,0.0,0.0,0.0,0.0,0.0,0.50106198,10.875
88.77816677,0.22763632505128203,0.039363333,28,1,0.0,0.0,0.0,0.0,0.0,0.43380001,0.629999995
90.02121027,0.2433005682972973,0.03985696133333333,32,1,0.0,0.0,0.0,0.0,0.0,0.479388,1.745
90.02121027,0.40009426786666663,0.0465798812087912,186,1,0.0,0.0,0.0,0.0,0.0,0.59299397,14.925
90.02121027,0.3000707009,0.0465798812087912,186,-1,0.0,0.0,0.0,0.0,0.0,0.51484102,2.10500005
90.24495809999999,0.22561239525,0.040006769000000005,31,1,0.0,0.0,0.0,0.0,0.0,0.42627001,0.609999985
90.24495809999999,0.22561239525,0.04667279186813187,185,1,0.0,0.0,0.0,0.0,0.0,0.456081,3.6
90.24495809999999,0.21234107788235293,0.04667279186813187,185,1,0.0,0.0,0.0,0.0,0.0,0.44593501,2.7299999
90.24495809999999,0.20054435133333331,0.04667279186813187,185,1,0.0,0.0,0.0,0.0,0.0,0.43716499,2.03499995
90.24495809999999,0.24065322159999997,0.04667279186813187,185,-1,0.0,0.0,0.0,0.0,0.0,0.46495301,5.04999995
89.07649721,0.24743471447222223,0.0400507,30,1,0.0,0.0,0.0,0.0,0.0,0.440586,1.78000005
89.07649721,0.24074728975675674,0.0400507,30,1,0.0,0.0,0.0,0.0,0.0,0.42846501,1.305
80.07686227,0.23552018314705883,0.040036395,29,1,0.0,0.0,0.0,0.0,0.0,0.462239,1.004999945
80.07686227,0.21072858492105265,0.040036395,29,1,0.0,0.0,0.0,0.0,0.0,0.466286,0.24000000000000002
80.07686227,0.20532528787179488,0.040036395,29,1,0.0,0.0,0.0,0.0,0.0,0.49972701,0.21000000000000002
80.07686227,0.200192155675,0.040036395,29,1,0.0,0.0,0.0,0.0,0.0,0.505445,0.1499999945
80.07686227,0.2859887938214286,0.040036395,29,-1,0.0,0.0,0.0,0.0,0.0,0.52358001,0.39
80.07686227,0.26692287423333333,0.040036395,29,-1,0.0,0.0,0.0,0.0,0.0,0.49477199,0.815
80.07686227,0.25024019459375,0.040036395,29,-1,0.0,0.0,0.0,0.0,0.0,0.46369699,1.52500005
80.07686227,0.24265715839393942,0.040036395,29,-1,0.0,0.0,0.0,0.0,0.0,0.45547801,2.0400001
80.07686227,0.23552018314705883,0.040036395,29,-1,0.0,0.0,0.0,0.0,0.0,0.44617,2.6449999999999996
80.07686227,0.24639034544615387,0.04673929626373627,183,1,0.0,0.0,0.0,0.0,0.0,0.49115399,4.6500001
80.07686227,0.22879103505714288,0.04673929626373627,183,1,0.0,0.0,0.0,0.0,0.0,0.481812,3.57500005
80.07686227,0.21353829938666669,0.04673929626373627,183,1,0.0,0.0,0.0,0.0,0.0,0.468272,2.6550000000000002
80.07686227,0.200192155675,0.04673929626373627,183,1,0.0,0.0,0.0,0.0,0.0,0.463357,1.9849999500000002
80.07686227,0.18841614651764707,0.04673929626373627,183,1,0.0,0.0,0.0,0.0,0.0,0.45350599,1.42500005
80.07686227,0.16858286793684213,0.04673929626373627,183,1,0.0,0.0,0.0,0.0,0.0,0.45170099,0.775000005
80.07686227,0.16015372454000001,0.04673929626373627,183,1,0.0,0.0,0.0,0.0,0.0,0.44948301,0.56
80.07686227,0.15252735670476192,0.04673929626373627,183,1,0.0,0.0,0.0,0.0,0.0,0.454575,0.43000001
80.07686227,0.22879103505714288,0.04673929626373627,183,-1,0.0,0.0,0.0,0.0,0.0,0.46658099,5.5250001
79.40561878,0.22057116327777776,0.039981982000000006,28,1,0.0,0.0,0.0,0.0,0.0,0.44730699,0.39
79.40561878,0.20896215468421053,0.039981982000000006,28,1,0.0,0.0,0.0,0.0,0.0,0.46309301,0.190000005
79.40561878,0.23354593758823528,0.039981982000000006,28,-1,0.0,0.0,0.0,0.0,0.0,0.43447301,2.76
79.40561878,0.2268731965142857,0.039981982000000006,28,-1,0.0,0.0,0.0,0.0,0.0,0.43868101,3.5250001
79.40561878,0.19851404695,0.039981982000000006,28,-1,0.0,0.0,0.0,0.0,0.0,0.449453,8.0749998
79.40561878,0.24432498086153845,0.0467345,182,1,0.0,0.0,0.0,0.0,0.0,0.49065199,4.47500015
79.40561878,0.2268731965142857,0.0467345,182,1,0.0,0.0,0.0,0.0,0.0,0.47867,3.3999999499999998
79.40561878,0.21174831674666666,0.0467345,182,1,0.0,0.0,0.0,0.0,0.0,0.46799499,2.52999995
79.40561878,0.1671697237473684,0.0467345,182,1,0.0,0.0,0.0,0.0,0.0,0.440483,0.66499999
79.40561878,0.24432498086153845,0.0467345,182,-1,0.0,0.0,0.0,0.0,0.0,0.47820801,4.25
79.40561878,0.2268731965142857,0.0467345,182,-1,0.0,0.0,0.0,0.0,0.0,0.46569201,5.6500001
78.46090572,0.25309969587096776,0.040315618000000004,32,1,0.0,0.0,0.0,0.0,0.0,0.489972,2.1600001
78.46090572,0.2490822403809524,0.040315618000000004,32,1,0.0,0.0,0.0,0.0,0.0,0.479976,1.87
78.46090572,0.24141817144615385,0.040315618000000004,32,1,0.0,0.0,0.0,0.0,0.0,0.46827501,1.385
78.46090572,0.23421165886567163,0.040315618000000004,32,1,0.0,0.0,0.0,0.0,0.0,0.46014199,1.000000015
78.46090572,0.23076736976470588,0.040315618000000004,32,1,0.0,0.0,0.0,0.0,0.0,0.45503899,0.835000005
78.46090572,0.22742291513043478,0.040315618000000004,32,1,0.0,0.0,0.0,0.0,0.0,0.44993699,0.69000003
78.46090572,0.22417401634285714,0.040315618000000004,32,1,0.0,0.0,0.0,0.0,0.0,0.446877,0.56999999
78.46090572,0.21794696033333333,0.040315618000000004,32,1,0.0,0.0,0.0,0.0,0.0,0.44547001,0.39
78.46090572,0.20922908192,0.040315618000000004,32,1,0.0,0.0,0.0,0.0,0.0,0.44851899,0.219999995
78.46090572,0.20118180953846154,0.040315618000000004,32,1,0.0,0.0,0.0,0.0,0.0,0.47442499,0.15
78.46090572,0.1961522643,0.040315618000000004,32,1,0.0,0.0,0.0,0.0,0.0,0.49273801,0.12000000000000001
78.46090572,0.1868116802857143,0.040315618000000004,32,1,0.0,0.0,0.0,0.0,0.0,0.509269,0.0649999999
78.46090572,0.1846138958117647,0.040315618000000004,32,1,0.0,0.0,0.0,0.0,0.0,0.54575998,0.0799999995
78.46090572,0.17435756826666668,0.040315618000000004,32,1,0.0,0.0,0.0,0.0,0.0,0.591573,0.0549999999
78.46090572,0.15692181144,0.040315618000000004,32,1,0.0,0.0,0.0,0.0,0.0,0.71246803,0.044999999
78.46090572,0.31384362288,0.040315618000000004,32,-1,0.0,0.0,0.0,0.0,0.0,0.59493899,0.204999995
78.46090572,0.29607888950943395,0.040315618000000004,32,-1,0.0,0.0,0.0,0.0,0.0,0.557432,0.33999999999999997
78.46090572,0.28531238443636364,0.040315618000000004,32,-1,0.0,0.0,0.0,0.0,0.0,0.53693801,0.480000005
78.46090572,0.2753014235789474,0.040315618000000004,32,-1,0.0,0.0,0.0,0.0,0.0,0.517883,0.66999999
78.46090572,0.27055484731034485,0.040315618000000004,32,-1,0.0,0.0,0.0,0.0,0.0,0.50962001,0.7899999900000001
78.46090572,0.2615363524,0.040315618000000004,32,-1,0.0,0.0,0.0,0.0,0.0,0.489941,1.07
78.46090572,0.2490822403809524,0.040315618000000004,32,-1,0.0,0.0,0.0,0.0,0.0,0.467623,1.6600000499999998
78.46090572,0.245190330375,0.040315618000000004,32,-1,0.0,0.0,0.0,0.0,0.0,0.46017399,1.8999999500000002
78.46090572,0.24141817144615385,0.040315618000000004,32,-1,0.0,0.0,0.0,0.0,0.0,0.45323601,2.16500005
78.46090572,0.22417401634285714,0.040315618000000004,32,-1,0.0,0.0,0.0,0.0,0.0,0.434322,3.875
78.46090572,0.1961522643,0.040315618000000004,32,-1,0.0,0.0,0.0,0.0,0.0,0.436647,8.4500003
78.46090572,0.2615363524,0.046692839,179,1,0.0,0.0,0.0,0.0,0.0,0.50094002,5.45000005
78.46090572,0.22417401634285714,0.046692839,179,1,0.0,0.0,0.0,0.0,0.0,0.47551,3.1499999499999998
78.46090572,0.20922908192,0.046692839,179,1,0.0,0.0,0.0,0.0,0.0,0.46407801,2.30999995
78.46090572,0.17435756826666668,0.046692839,179,1,0.0,0.0,0.0,0.0,0.0,0.44125599,0.825000015
79.75367096,0.24539591064615382,0.04037791666666667,31,1,0.0,0.0,0.0,0.0,0.0,0.475366,1.63
79.75367096,0.2278676313142857,0.04037791666666667,31,1,0.0,0.0,0.0,0.0,0.0,0.459656,0.7249999949999999
79.75367096,0.224658228056338,0.04037791666666667,31,1,0.0,0.0,0.0,0.0,0.0,0.45755801,0.60499999
79.75367096,0.22153797488888888,0.04037791666666667,31,1,0.0,0.0,0.0,0.0,0.0,0.45867601,0.510000005
79.75367096,0.2044965922051282,0.04037791666666667,31,1,0.0,0.0,0.0,0.0,0.0,0.47854701,0.190000005
79.75367096,0.19938417739999997,0.04037791666666667,31,1,0.0,0.0,0.0,0.0,0.0,0.488224,0.14
79.75367096,0.31901468384,0.04037791666666667,31,-1,0.0,0.0,0.0,0.0,0.0,0.59683102,0.160000005
79.75367096,0.2900133489454545,0.04037791666666667,31,-1,0.0,0.0,0.0,0.0,0.0,0.54073602,0.39
79.75367096,0.2798374419649123,0.04037791666666667,31,-1,0.0,0.0,0.0,0.0,0.0,0.52309602,0.555000005
79.75367096,0.26584556986666663,0.04037791666666667,31,-1,0.0,0.0,0.0,0.0,0.0,0.50079501,0.91999999
79.75367096,0.26148744577049177,0.04037791666666667,31,-1,0.0,0.0,0.0,0.0,0.0,0.493076,1.0750000000000002
79.75367096,0.2572699063225806,0.04037791666666667,31,-1,0.0,0.0,0.0,0.0,0.0,0.485576,1.25
79.75367096,0.24923022174999998,0.04037791666666667,31,-1,0.0,0.0,0.0,0.0,0.0,0.474004,1.6749999999999998
79.75367096,0.24539591064615382,0.04037791666666667,31,-1,0.0,0.0,0.0,0.0,0.0,0.46815199,1.92
79.75367096,0.2278676313142857,0.04037791666666667,31,-1,0.0,0.0,0.0,0.0,0.0,0.453329,3.5249999499999998
79.75367096,0.2126764558933333,0.04037791666666667,31,-1,0.0,0.0,0.0,0.0,0.0,0.44681299,5.5999999
79.75367096,0.26584556986666663,0.046720036666666666,178,1,0.0,0.0,0.0,0.0,0.0,0.50655502,5.82500005
79.75367096,0.2126764558933333,0.046720036666666666,178,1,0.0,0.0,0.0,0.0,0.0,0.46502599,2.51
79.75367096,0.19938417739999997,0.046720036666666666,178,1,0.0,0.0,0.0,0.0,0.0,0.45731699,1.835
79.75367096,0.1772303799111111,0.046720036666666666,178,1,0.0,0.0,0.0,0.0,0.0,0.44718799,0.9500000200000001
79.75367096,0.16790246517894736,0.046720036666666666,178,1,0.0,0.0,0.0,0.0,0.0,0.44658399,0.69000003
79.75367096,0.31901468384,0.046720036666666666,178,-1,0.0,0.0,0.0,0.0,0.0,0.54165101,1.4649999500000002
79.75367096,0.2900133489454545,0.046720036666666666,178,-1,0.0,0.0,0.0,0.0,0.0,0.51834601,2.15
79.75367096,0.26584556986666663,0.046720036666666666,178,-1,0.0,0.0,0.0,0.0,0.0,0.498748,3.04999995
79.75367096,0.24539591064615382,0.046720036666666666,178,-1,0.0,0.0,0.0,0.0,0.0,0.483969,4.20000005
79.75367096,0.2278676313142857,0.046720036666666666,178,-1,0.0,0.0,0.0,0.0,0.0,0.46702501,5.54999995
79.75367096,0.2126764558933333,0.046720036666666666,178,-1,0.0,0.0,0.0,0.0,0.0,0.456938,7.17499995
78.01341006,0.24379190643749998,0.04046806,30,1,0.0,0.0,0.0,0.0,0.0,0.47423601,1.47
78.01341006,0.2400412617230769,0.04046806,30,1,0.0,0.0,0.0,0.0,0.0,0.468885,1.25
78.01341006,0.2364042729090909,0.04046806,30,1,0.0,0.0,0.0,0.0,0.0,0.46279299,1.05
78.01341006,0.22945120605882352,0.04046806,30,1,0.0,0.0,0.0,0.0,0.0,0.45522401,0.72999999
78.01341006,0.22612582626086955,0.04046806,30,1,0.0,0.0,0.0,0.0,0.0,0.458314,0.619999975
78.01341006,0.2228954573142857,0.04046806,30,1,0.0,0.0,0.0,0.0,0.0,0.455807,0.50999999
78.01341006,0.21975608467605634,0.04046806,30,1,0.0,0.0,0.0,0.0,0.0,0.460978,0.435000005
78.01341006,0.21373537002739726,0.04046806,30,1,0.0,0.0,0.0,0.0,0.0,0.47529301,0.32499999999999996
78.01341006,0.21084705421621622,0.04046806,30,1,0.0,0.0,0.0,0.0,0.0,0.47635001,0.269999995
78.01341006,0.20803576016,0.04046806,30,1,0.0,0.0,0.0,0.0,0.0,0.478293,0.22499998999999998
78.01341006,0.18356096484705883,0.04046806,30,1,0.0,0.0,0.0,0.0,0.0,0.66806102,0.17499999449999998
78.01341006,0.17336313346666665,0.04046806,30,1,0.0,0.0,0.0,0.0,0.0,0.62851799,0.060000000000000005
78.01341006,0.16423875802105262,0.04046806,30,1,0.0,0.0,0.0,0.0,0.0,0.69570601,0.0549999985
78.01341006,0.2690117588275862,0.04046806,30,-1,0.0,0.0,0.0,0.0,0.0,0.50465602,0.775000005
78.01341006,0.2600447002,0.04046806,30,-1,0.0,0.0,0.0,0.0,0.0,0.49006301,1.07999995
78.01341006,0.251656161483871,0.04046806,30,-1,0.0,0.0,0.0,0.0,0.0,0.47911,1.48
78.01341006,0.24766161923809524,0.04046806,30,-1,0.0,0.0,0.0,0.0,0.0,0.47119901,1.70499995
78.01341006,0.24379190643749998,0.04046806,30,-1,0.0,0.0,0.0,0.0,0.0,0.469446,1.975
78.01341006,0.2400412617230769,0.04046806,30,-1,0.0,0.0,0.0,0.0,0.0,0.461144,2.245
78.01341006,0.2364042729090909,0.04046806,30,-1,0.0,0.0,0.0,0.0,0.0,0.45614001,2.54999995
78.01341006,0.16423875802105262,0.04046806,30,-1,0.0,0.0,0.0,0.0,0.0,0.69380897,16.125
78.01341006,0.2400412617230769,0.04675753999999999,177,1,0.0,0.0,0.0,0.0,0.0,0.48887199,4.07500005
78.01341006,0.2228954573142857,0.04675753999999999,177,1,0.0,0.0,0.0,0.0,0.0,0.474904,3.03499995
78.01341006,0.20803576016,0.04675753999999999,177,1,0.0,0.0,0.0,0.0,0.0,0.46433699,2.22000005
78.01341006,0.19503352515,0.04675753999999999,177,1,0.0,0.0,0.0,0.0,0.0,0.46428499,1.6600000499999998
78.01341006,0.17336313346666665,0.04675753999999999,177,1,0.0,0.0,0.0,0.0,0.0,0.45217299,0.840000005
78.01341006,0.16423875802105262,0.04675753999999999,177,1,0.0,0.0,0.0,0.0,0.0,0.45014,0.599999995
78.01341006,0.15602682012,0.04675753999999999,177,1,0.0,0.0,0.0,0.0,0.0,0.45814401,0.46499999000000003
78.01341006,0.16423875802105262,0.04675753999999999,177,-1,0.0,0.0,0.0,0.0,0.0,0.432284,16.175
78.01341006,0.15602682012,0.04675753999999999,177,-1,0.0,0.0,0.0,0.0,0.0,0.43713501,18.625
78.01341006,0.14184256374545454,0.04675753999999999,177,-1,0.0,0.0,0.0,0.0,0.0,0.50862199,23.625
76.17370568,0.25391235226666664,0.040520731,29,1,0.0,0.0,0.0,0.0,0.0,0.49164101,2.04999995
76.17370568,0.24572163122580645,0.040520731,29,1,0.0,0.0,0.0,0.0,0.0,0.480259,1.52
76.17370568,0.23082941115151515,0.040520731,29,1,0.0,0.0,0.0,0.0,0.0,0.46938699,0.775000005
76.17370568,0.22738419605970148,0.040520731,29,1,0.0,0.0,0.0,0.0,0.0,0.46799901,0.64500001
76.17370568,0.21763915908571427,0.040520731,29,1,0.0,0.0,0.0,0.0,0.0,0.46577501,0.36
76.17370568,0.2145738188169014,0.040520731,29,1,0.0,0.0,0.0,0.0,0.0,0.47612101,0.314999995
76.17370568,0.20312988181333333,0.040520731,29,1,0.0,0.0,0.0,0.0,0.0,0.49042001,0.15500000000000003
76.17370568,0.19043426419999998,0.040520731,29,1,0.0,0.0,0.0,0.0,0.0,0.54134601,0.089999999
76.17370568,0.17923224865882353,0.040520731,29,1,0.0,0.0,0.0,0.0,0.0,0.617046,0.0750000005
76.17370568,0.10881957954285713,0.040520731,29,1,0.0,0.0,0.0,0.0,0.0,1.225974,0.045000002
76.17370568,0.28212483585185183,0.040520731,29,-1,0.0,0.0,0.0,0.0,0.0,0.53606802,0.47500001000000003
76.17370568,0.2672761602807017,0.040520731,29,-1,0.0,0.0,0.0,0.0,0.0,0.51225001,0.81999999
76.17370568,0.26266795062068965,0.040520731,29,-1,0.0,0.0,0.0,0.0,0.0,0.50410998,0.9700000049999999
76.17370568,0.25391235226666664,0.040520731,29,-1,0.0,0.0,0.0,0.0,0.0,0.488913,1.335
76.17370568,0.23438063286153846,0.040520731,29,-1,0.0,0.0,0.0,0.0,0.0,0.46566299,2.70000005
76.17370568,0.20312988181333333,0.040520731,29,-1,0.0,0.0,0.0,0.0,0.0,0.50344598,6.97500015
76.17370568,0.19043426419999998,0.040520731,29,-1,0.0,0.0,0.0,0.0,0.0,0.57212698,9.4250002
76.17370568,0.1692749015111111,0.040520731,29,-1,0.0,0.0,0.0,0.0,0.0,0.67619002,14.375
76.04940133,0.2304527313030303,0.04058848699999999,28,1,0.0,0.0,0.0,0.0,0.0,0.44514,0.66999999
76.04940133,0.2172840038,0.04058848699999999,28,1,0.0,0.0,0.0,0.0,0.0,0.45508799,0.314999995
76.04940133,0.2055389225135135,0.04058848699999999,28,1,0.0,0.0,0.0,0.0,0.0,0.48305699,0.164999995
76.04940133,0.19499846494871795,0.04058848699999999,28,1,0.0,0.0,0.0,0.0,0.0,0.52134299,0.1
76.04940133,0.27654327756363634,0.04058848699999999,28,-1,0.0,0.0,0.0,0.0,0.0,0.493534,0.474999995
76.04940133,0.2622393149310345,0.04058848699999999,28,-1,0.0,0.0,0.0,0.0,0.0,0.46511301,0.835000005
76.04940133,0.257794580779661,0.04058848699999999,28,-1,0.0,0.0,0.0,0.0,0.0,0.45886299,1.00500001
76.04940133,0.2534980044333333,0.04058848699999999,28,-1,0.0,0.0,0.0,0.0,0.0,0.45135501,1.1949999500000001
76.04940133,0.24142667088888886,0.04058848699999999,28,-1,0.0,0.0,0.0,0.0,0.0,0.43379,1.935
77.49133179,0.24997203803225806,0.04090010266666667,31,1,0.0,0.0,0.0,0.0,0.0,0.53492898,2.07000005
77.49133179,0.21525369941666667,0.04090010266666667,31,1,0.0,0.0,0.0,0.0,0.0,0.53072202,0.50999999
77.49133179,0.322880549125,0.04090010266666667,31,-1,0.0,0.0,0.0,0.0,0.0,0.68583298,0.235
75.10468827,0.26823102953571426,0.04095517,30,-1,0.0,0.0,0.0,0.0,0.0,0.57304603,0.96999995
75.10468827,0.2589816836896552,0.04095517,30,-1,0.0,0.0,0.0,0.0,0.0,0.556162,1.2999999999999998
78.48576659,0.2378356563333333,0.0409778395,29,1,0.0,0.0,0.0,0.0,0.0,0.52315998,1.2999999999999998
78.48576659,0.23084048997058823,0.0409778395,29,1,0.0,0.0,0.0,0.0,0.0,0.52411699,0.98000001
78.48576659,0.22424504739999998,0.0409778395,29,1,0.0,0.0,0.0,0.0,0.0,0.51414502,0.694999995
78.48576659,0.196214416475,0.0409778395,29,1,0.0,0.0,0.0,0.0,0.0,0.56322998,0.175
78.08799266999999,0.24402497709374998,0.041167780333333334,31,1,0.0,0.0,0.0,0.0,0.0,0.55781603,1.8199999999999998
78.08799266999999,0.25189675054838706,0.041167780333333334,31,-1,0.0,0.0,0.0,0.0,0.0,0.57159901,1.82499995
78.08799266999999,0.24402497709374998,0.041167780333333334,31,-1,0.0,0.0,0.0,0.0,0.0,0.55461597,2.2949999500000002
82.16517534999998,0.2489853798484848,0.04121626,30,1,0.0,0.0,0.0,0.0,0.0,0.55909503,2.16
82.16517534999998,0.2282365981944444,0.04121626,30,1,0.0,0.0,0.0,0.0,0.0,0.537893,0.9800000449999999
82.16517534999998,0.2162241456578947,0.04121626,30,1,0.0,0.0,0.0,0.0,0.0,0.54034102,0.55999999
87.58484501,0.24329123613888887,0.0412786465,29,1,0.0,0.0,0.0,0.0,0.0,0.54570198,1.865
87.58484501,0.2304864342368421,0.0412786465,29,1,0.0,0.0,0.0,0.0,0.0,0.53659898,1.125
87.58484501,0.21896211252499997,0.0412786465,29,1,0.0,0.0,0.0,0.0,0.0,0.53918302,0.6649999900000001
87.58484501,0.29194948336666665,0.0412786465,29,-1,0.0,0.0,0.0,0.0,0.0,0.60194701,0.49000001
92.40785379,0.25668848275,0.041267493,28,1,0.0,0.0,0.0,0.0,0.0,0.55709201,2.92999995
92.40785379,0.2497509561891892,0.041267493,28,1,0.0,0.0,0.0,0.0,0.0,0.54749697,2.37
92.40785379,0.24317856260526316,0.041267493,28,1,0.0,0.0,0.0,0.0,0.0,0.54186398,1.8949999499999999
92.40785379,0.23694321484615385,0.041267493,28,1,0.0,0.0,0.0,0.0,0.0,0.53781199,1.495
92.40785379,0.231019634475,0.041267493,28,1,0.0,0.0,0.0,0.0,0.0,0.53908402,1.1800000000000002
93.45201033000001,0.21239093256818184,0.04146252333333333,32,1,0.0,0.0,0.0,0.0,0.0,0.521465,0.525000005
93.45201033000001,0.20767113406666668,0.04146252333333333,32,1,0.0,0.0,0.0,0.0,0.0,0.53535402,0.43499998500000003
94.89394079,0.2497208968157895,0.04138791366666667,31,1,0.0,0.0,0.0,0.0,0.0,0.53334099,2.51
94.89394079,0.26359427997222223,0.04138791366666667,31,-1,0.0,0.0,0.0,0.0,0.0,0.54482901,1.375
95.51546254,0.280927831,0.041363029999999995,30,-1,0.0,0.0,0.0,0.0,0.0,0.56703299,0.7450000050000001
95.51546254,0.24491144241025642,0.041363029999999995,30,-1,0.0,0.0,0.0,0.0,0.0,0.51925099,2.5449999500000002
92.53215813999999,0.2103003594090909,0.0411942,28,1,0.0,0.0,0.0,0.0,0.0,0.483863,0.28500000000000003
92.53215813999999,0.24350567931578945,0.0411942,28,-1,0.0,0.0,0.0,0.0,0.0,0.491422,2.40499995
92.78076684,0.2650879052571429,0.04129288066666667,31,1,0.0,0.0,0.0,0.0,0.0,0.52950001,3.6499999499999998
92.78076684,0.24741537823999998,0.04129288066666667,31,1,0.0,0.0,0.0,0.0,0.0,0.50255603,2.155
92.78076684,0.2319519171,0.04129288066666667,31,1,0.0,0.0,0.0,0.0,0.0,0.486274,1.1400000000000001
92.78076684,0.21830768668235292,0.04129288066666667,31,1,0.0,0.0,0.0,0.0,0.0,0.478962,0.5499999799999999
92.78076684,0.28547928258461536,0.04129288066666667,31,-1,0.0,0.0,0.0,0.0,0.0,0.55501801,0.5900000000000001
92.78076684,0.2650879052571429,0.04129288066666667,31,-1,0.0,0.0,0.0,0.0,0.0,0.52477801,1.1949999999999998
92.78076684,0.24741537823999998,0.04129288066666667,31,-1,0.0,0.0,0.0,0.0,0.0,0.49814701,2.19500005
92.78076684,0.21830768668235292,0.04129288066666667,31,-1,0.0,0.0,0.0,0.0,0.0,0.48155901,5.625
92.78076684,0.24741537823999998,0.05099708846153846,367,1,0.0,0.0,0.0,0.0,0.0,0.44726399,7.2750001
92.78076684,0.3092692228,0.05099708846153846,367,-1,0.0,0.0,0.0,0.0,0.0,0.47735801,2.85
92.78076684,0.28547928258461536,0.05099708846153846,367,-1,0.0,0.0,0.0,0.0,0.0,0.47104299,3.7749999499999998
93.15367988999999,0.31051226629999995,0.04114548,30,1,0.0,0.0,0.0,0.0,0.0,0.59937799,7.82500005
93.15367988999999,0.24840981303999998,0.04114548,30,1,0.0,0.0,0.0,0.0,0.0,0.49250501,2.1550001
93.15367988999999,0.232884199725,0.04114548,30,1,0.0,0.0,0.0,0.0,0.0,0.47379199,1.1099999999999999
93.15367988999999,0.21918512915294117,0.04114548,30,1,0.0,0.0,0.0,0.0,0.0,0.46706,0.52000001
93.15367988999999,0.3387406541454545,0.04114548,30,-1,0.0,0.0,0.0,0.0,0.0,0.67142999,0.134999999
93.15367988999999,0.31051226629999995,0.04114548,30,-1,0.0,0.0,0.0,0.0,0.0,0.58402503,0.229999995
93.15367988999999,0.2661533711142857,0.04114548,30,-1,0.0,0.0,0.0,0.0,0.0,0.51144499,1.07
93.15367988999999,0.24840981303999998,0.04114548,30,-1,0.0,0.0,0.0,0.0,0.0,0.48514301,2.03499995
93.15367988999999,0.232884199725,0.04114548,30,-1,0.0,0.0,0.0,0.0,0.0,0.468088,3.5
93.15367988999999,0.21918512915294117,0.044256564516129034,93,1,0.0,0.0,0.0,0.0,0.0,0.42064101,1.56
93.15367988999999,0.2070081775333333,0.044256564516129034,93,1,0.0,0.0,0.0,0.0,0.0,0.41523099,0.990000015
93.15367988999999,0.19611301029473682,0.044256564516129034,93,1,0.0,0.0,0.0,0.0,0.0,0.41138899,0.609999985
93.15367988999999,0.4140163550666666,0.044256564516129034,93,-1,0.0,0.0,0.0,0.0,0.0,0.62437999,0.185
93.15367988999999,0.28662670735384616,0.044256564516129034,93,-1,0.0,0.0,0.0,0.0,0.0,0.47800899,1.33499995
93.15367988999999,0.2661533711142857,0.044256564516129034,93,-1,0.0,0.0,0.0,0.0,0.0,0.45774299,2.0949999
93.15367988999999,0.21918512915294117,0.05098073021978022,366,1,0.0,0.0,0.0,0.0,0.0,0.426884,5.20000005
93.15367988999999,0.31051226629999995,0.05098073021978022,366,-1,0.0,0.0,0.0,0.0,0.0,0.48332301,2.865
93.35256684999999,0.2872386672307692,0.04101151,29,1,0.0,0.0,0.0,0.0,0.0,0.56102502,5.67499995
93.35256684999999,0.26672161957142854,0.04101151,29,1,0.0,0.0,0.0,0.0,0.0,0.531569,3.75
93.35256684999999,0.24894017826666665,0.04101151,29,1,0.0,0.0,0.0,0.0,0.0,0.504296,2.2100000499999997
93.35256684999999,0.23338141712499996,0.04101151,29,1,0.0,0.0,0.0,0.0,0.0,0.484005,1.14499995
93.35256684999999,0.2196530984705882,0.04101151,29,1,0.0,0.0,0.0,0.0,0.0,0.47999901,0.5499999799999999
93.35256684999999,0.20745014855555552,0.04101151,29,1,0.0,0.0,0.0,0.0,0.0,0.487537,0.25999999500000004
93.35256684999999,0.2872386672307692,0.04101151,29,-1,0.0,0.0,0.0,0.0,0.0,0.54483098,0.480000005
93.35256684999999,0.26672161957142854,0.04101151,29,-1,0.0,0.0,0.0,0.0,0.0,0.51504999,1.03
93.35256684999999,0.24894017826666665,0.04101151,29,-1,0.0,0.0,0.0,0.0,0.0,0.49226499,1.995
93.35256684999999,0.23338141712499996,0.04101151,29,-1,0.0,0.0,0.0,0.0,0.0,0.47602499,3.45000005
93.35256684999999,0.26672161957142854,0.04416026774193548,92,1,0.0,0.0,0.0,0.0,0.0,0.472772,5.07500005
93.35256684999999,0.23338141712499996,0.04416026774193548,92,1,0.0,0.0,0.0,0.0,0.0,0.442615,2.5
93.35256684999999,0.2196530984705882,0.04416026774193548,92,1,0.0,0.0,0.0,0.0,0.0,0.43233499,1.65
93.35256684999999,0.20745014855555552,0.04416026774193548,92,1,0.0,0.0,0.0,0.0,0.0,0.427131,1.065
93.35256684999999,0.1965317196842105,0.04416026774193548,92,1,0.0,0.0,0.0,0.0,0.0,0.422645,0.664999995
93.35256684999999,0.18670513369999997,0.04416026774193548,92,1,0.0,0.0,0.0,0.0,0.0,0.42740199,0.435000005
93.35256684999999,0.26672161957142854,0.04416026774193548,92,-1,0.0,0.0,0.0,0.0,0.0,0.46159101,2.07999995
93.35256684999999,0.24894017826666665,0.04416026774193548,92,-1,0.0,0.0,0.0,0.0,0.0,0.441771,3.1000000500000002
93.35256684999999,0.20745014855555552,0.05096268,365,1,0.0,0.0,0.0,0.0,0.0,0.42445201,4.42499995
93.35256684999999,0.3111752228333333,0.05096268,365,-1,0.0,0.0,0.0,0.0,0.0,0.48458001,2.85500005
93.35256684999999,0.24894017826666665,0.05096268,365,-1,0.0,0.0,0.0,0.0,0.0,0.44856501,5.79999995
95.61490602,0.2731854457714286,0.04091205,28,1,0.0,0.0,0.0,0.0,0.0,0.52506101,4.32500005
95.61490602,0.25497308272,0.04091205,28,1,0.0,0.0,0.0,0.0,0.0,0.505822,2.6650001
95.61490602,0.23903726505,0.04091205,28,1,0.0,0.0,0.0,0.0,0.0,0.48590001,1.4449999999999998
95.61490602,0.22497624945882355,0.04091205,28,1,0.0,0.0,0.0,0.0,0.0,0.475265,0.7000000200000001
95.61490602,0.29419971083076923,0.04091205,28,-1,0.0,0.0,0.0,0.0,0.0,0.55863899,0.375
95.61490602,0.2731854457714286,0.04091205,28,-1,0.0,0.0,0.0,0.0,0.0,0.52688998,0.81999999
95.61490602,0.25497308272,0.04091205,28,-1,0.0,0.0,0.0,0.0,0.0,0.50508499,1.645
95.61490602,0.22497624945882355,0.04091205,28,-1,0.0,0.0,0.0,0.0,0.0,0.474347,4.67499995
95.61490602,0.25497308272,0.04408549,91,1,0.0,0.0,0.0,0.0,0.0,0.45259801,4.10000015
95.61490602,0.23903726505,0.04408549,91,1,0.0,0.0,0.0,0.0,0.0,0.437076,2.84500005
95.61490602,0.21247756893333336,0.04408549,91,1,0.0,0.0,0.0,0.0,0.0,0.42060801,1.2349999999999999
95.61490602,0.22497624945882355,0.050918931521739125,364,1,0.0,0.0,0.0,0.0,0.0,0.431059,5.70000005
95.61490602,0.19122981204,0.050918931521739125,364,1,0.0,0.0,0.0,0.0,0.0,0.40167999,3.1500001
95.61490602,0.17384528367272728,0.050918931521739125,364,1,0.0,0.0,0.0,0.0,0.0,0.394568,2.13000005
95.61490602,0.15935817670000002,0.050918931521739125,364,1,0.0,0.0,0.0,0.0,0.0,0.39526299,1.49000005
103.89357573,0.259733939325,0.04111887533333333,32,1,0.0,0.0,0.0,0.0,0.0,0.512393,3.5
103.89357573,0.24736565649999998,0.04111887533333333,32,1,0.0,0.0,0.0,0.0,0.0,0.49197599,2.355
103.89357573,0.24161296681395347,0.04111887533333333,32,1,0.0,0.0,0.0,0.0,0.0,0.48548099,1.89500005
103.89357573,0.2734041466578947,0.04111887533333333,32,-1,0.0,0.0,0.0,0.0,0.0,0.53653997,1.0500000649999999
103.89357573,0.259733939325,0.047419631000000004,179,1,0.0,0.0,0.0,0.0,0.0,0.440323,6.42499995
103.89357573,0.24445547230588235,0.047419631000000004,179,1,0.0,0.0,0.0,0.0,0.0,0.42823699,5.0999999
103.89357573,0.21872331732631578,0.047419631000000004,179,1,0.0,0.0,0.0,0.0,0.0,0.41005901,3.0550000500000003
103.89357573,0.20778715145999999,0.047419631000000004,179,1,0.0,0.0,0.0,0.0,0.0,0.40697801,2.35
103.89357573,0.1888974104181818,0.047419631000000004,179,1,0.0,0.0,0.0,0.0,0.0,0.394133,1.28000005
103.89357573,0.3777948208363636,0.047419631000000004,179,-1,0.0,0.0,0.0,0.0,0.0,0.544976,0.78
103.89357573,0.24445547230588235,0.05085395695652174,361,1,0.0,0.0,0.0,0.0,0.0,0.42172399,7.42499995
103.89357573,0.23087461273333332,0.05085395695652174,361,1,0.0,0.0,0.0,0.0,0.0,0.421244,6.42499995
103.89357573,0.21872331732631578,0.05085395695652174,361,1,0.0,0.0,0.0,0.0,0.0,0.41495699,5.45000005
103.89357573,0.20778715145999999,0.05085395695652174,361,1,0.0,0.0,0.0,0.0,0.0,0.41101301,4.625
103.89357573,0.18068447953043476,0.05085395695652174,361,1,0.0,0.0,0.0,0.0,0.0,0.399176,2.7299999
103.89357573,0.17315595955,0.05085395695652174,361,1,0.0,0.0,0.0,0.0,0.0,0.39321101,2.2350000000000003
103.89357573,0.1484193939,0.05085395695652174,361,1,0.0,0.0,0.0,0.0,0.0,0.38906899,1.09499995
103.89357573,0.11543730636666666,0.05085395695652174,361,1,0.0,0.0,0.0,0.0,0.0,0.401575,0.33000000500000004
103.89357573,0.3777948208363636,0.05085395695652174,361,-1,0.0,0.0,0.0,0.0,0.0,0.50801897,1.61500005
103.89357573,0.3463119191,0.05085395695652174,361,-1,0.0,0.0,0.0,0.0,0.0,0.48806101,2.1000000500000002
103.89357573,0.3196725407076923,0.05085395695652174,361,-1,0.0,0.0,0.0,0.0,0.0,0.47231501,2.71500005
103.89357573,0.2968387878,0.05085395695652174,361,-1,0.0,0.0,0.0,0.0,0.0,0.456083,3.42499995
103.89357573,0.27704953528,0.05085395695652174,361,-1,0.0,0.0,0.0,0.0,0.0,0.443921,4.29999995
103.89357573,0.259733939325,0.05085395695652174,361,-1,0.0,0.0,0.0,0.0,0.0,0.43355101,5.32500005
103.89357573,0.24445547230588235,0.05085395695652174,361,-1,0.0,0.0,0.0,0.0,0.0,0.42597699,6.52499985
102.1781757,0.212871199375,0.041061951666666666,31,1,0.0,0.0,0.0,0.0,0.0,0.47161299,0.39999998999999997
102.1781757,0.22706261266666666,0.047383871333333334,178,1,0.0,0.0,0.0,0.0,0.0,0.415656,3.6
102.1781757,0.18577850127272727,0.047383871333333334,178,1,0.0,0.0,0.0,0.0,0.0,0.393179,1.11499995
102.1781757,0.4087127028,0.047383871333333334,178,-1,0.0,0.0,0.0,0.0,0.0,0.567761,0.5550000049999999
102.1781757,0.22706261266666666,0.047383871333333334,178,-1,0.0,0.0,0.0,0.0,0.0,0.41511899,6.625
102.1781757,0.21511194884210524,0.050824100000000004,360,1,0.0,0.0,0.0,0.0,0.0,0.41205201,5.07500005
102.1781757,0.2043563514,0.050824100000000004,360,1,0.0,0.0,0.0,0.0,0.0,0.40289801,4.20000005
102.1781757,0.19462509657142857,0.050824100000000004,360,1,0.0,0.0,0.0,0.0,0.0,0.401337,3.5500000500000004
102.1781757,0.2043563514,0.050824100000000004,360,-1,0.0,0.0,0.0,0.0,0.0,0.40485799,11.35
102.70025397,0.17116708995000002,0.0410644,30,1,0.0,0.0,0.0,0.0,0.0,0.56429499,0.0299999995
102.70025397,0.28527848325,0.0410644,30,-1,0.0,0.0,0.0,0.0,0.0,0.55402702,0.6349999900000001
102.70025397,0.256750634925,0.04736674,177,1,0.0,0.0,0.0,0.0,0.0,0.44389799,6.125
102.70025397,0.24164765640000002,0.04736674,177,1,0.0,0.0,0.0,0.0,0.0,0.42839101,4.79999995
102.70025397,0.20540050794,0.04736674,177,1,0.0,0.0,0.0,0.0,0.0,0.40244201,2.11500005
102.70025397,0.34233417990000004,0.04736674,177,-1,0.0,0.0,0.0,0.0,0.0,0.518224,1.15
108.79116712,0.25300271423255816,0.041083036,29,1,0.0,0.0,0.0,0.0,0.0,0.49587899,2.8449999999999998
108.79116712,0.24725265254545453,0.041083036,29,1,0.0,0.0,0.0,0.0,0.0,0.49522299,2.35000005
108.79116712,0.24175814915555555,0.041083036,29,1,0.0,0.0,0.0,0.0,0.0,0.48348099,1.865
108.79116712,0.23147056834042554,0.041083036,29,1,0.0,0.0,0.0,0.0,0.0,0.48047,1.1800000499999999
108.79116712,0.21758233424,0.041083036,29,1,0.0,0.0,0.0,0.0,0.0,0.48560399,0.569999995
111.79933238999999,0.28666495484615384,0.041064484,28,1,0.0,0.0,0.0,0.0,0.0,0.56986302,6.7249999
111.79933238999999,0.22359866477999998,0.041064484,28,1,0.0,0.0,0.0,0.0,0.0,0.49525499,0.8500000249999999
111.79933238999999,0.3105537010833333,0.041064484,28,-1,0.0,0.0,0.0,0.0,0.0,0.645872,0.355000005
111.79933238999999,0.2942087694473684,0.041064484,28,-1,0.0,0.0,0.0,0.0,0.0,0.58584398,0.5
109.26352365000001,0.17623148975806455,0.04117466633333334,31,1,0.0,0.0,0.0,0.0,0.0,0.57164598,0.065
109.26352365000001,0.32136330485294123,0.04117466633333334,31,-1,0.0,0.0,0.0,0.0,0.0,0.61093497,0.22
107.69728884,0.2626763142439024,0.041099119999999996,30,1,0.0,0.0,0.0,0.0,0.0,0.44287601,3.5
107.69728884,0.25642211628571426,0.041099119999999996,30,1,0.0,0.0,0.0,0.0,0.0,0.412696,2.75
107.69728884,0.29107375362162163,0.041099119999999996,30,-1,0.0,0.0,0.0,0.0,0.0,0.482054,0.34499999
107.69728884,0.283413918,0.041099119999999996,30,-1,0.0,0.0,0.0,0.0,0.0,0.46169499,0.44999999999999996
110.82975846,0.25188581468181814,0.041080037,29,1,0.0,0.0,0.0,0.0,0.0,0.40891999,2.3999999499999998
107.52326275,0.3162448904411765,0.041021352999999997,28,1,0.0,0.0,0.0,0.0,0.0,0.59878302,9.5500002
107.52326275,0.29867572986111113,0.041021352999999997,28,1,0.0,0.0,0.0,0.0,0.0,0.46552101,7.52499985
107.10062796,0.28946115664864863,0.04123719433333333,31,-1,0.0,0.0,0.0,0.0,0.0,0.46842101,0.345
107.10062796,0.25500149514285714,0.04123719433333333,31,-1,0.0,0.0,0.0,0.0,0.0,0.40161499,1.435
107.10062796,0.24341051809090908,0.04123719433333333,31,-1,0.0,0.0,0.0,0.0,0.0,0.38701001,2.375
104.39079313,0.26097698282500004,0.041228995,29,-1,0.0,0.0,0.0,0.0,0.0,0.43366501,1.115
107.00118447999999,0.23778040995555555,0.041461652,32,1,0.0,0.0,0.0,0.0,0.0,0.39611799,1.27999995
107.00118447999999,0.22526565153684208,0.041461652,32,1,0.0,0.0,0.0,0.0,0.0,0.38957399,0.5999999899999999
107.00118447999999,0.3566706149333333,0.041461652,32,-1,0.0,0.0,0.0,0.0,0.0,0.68588102,0.10499999950000001
107.00118447999999,0.3057176699428571,0.041461652,32,-1,0.0,0.0,0.0,0.0,0.0,0.51700199,0.229999995
107.00118447999999,0.23778040995555555,0.041461652,32,-1,0.0,0.0,0.0,0.0,0.0,0.386639,3.04999995
108.49283668,0.2712320917,0.04146797666666667,31,1,0.0,0.0,0.0,0.0,0.0,0.42386901,4.47500015
108.49283668,0.25527726277647056,0.04146797666666667,31,1,0.0,0.0,0.0,0.0,0.0,0.39298901,2.67500005
108.49283668,0.2410951926222222,0.04146797666666667,31,1,0.0,0.0,0.0,0.0,0.0,0.37275201,1.375
108.49283668,0.22840597195789472,0.04146797666666667,31,1,0.0,0.0,0.0,0.0,0.0,0.36656201,0.625
108.49283668,0.21698567336,0.04146797666666667,31,1,0.0,0.0,0.0,0.0,0.0,0.361835,0.24499999500000003
108.49283668,0.3099795333714286,0.04146797666666667,31,-1,0.0,0.0,0.0,0.0,0.0,0.505265,0.160000005
108.49283668,0.25527726277647056,0.04146797666666667,31,-1,0.0,0.0,0.0,0.0,0.0,0.38217399,1.3399999500000002
108.49283668,0.2410951926222222,0.04146797666666667,31,-1,0.0,0.0,0.0,0.0,0.0,0.36105099,2.53499995
108.56741929,0.2895131181066667,0.04148146,30,1,0.0,0.0,0.0,0.0,0.0,0.44098499,6.54999995
108.56741929,0.24126093175555557,0.04148146,30,1,0.0,0.0,0.0,0.0,0.0,0.350593,1.24
108.56741929,0.21713483858000002,0.04148146,30,1,0.0,0.0,0.0,0.0,0.0,0.356868,0.219999995
108.56741929,0.33405359781538463,0.04148146,30,-1,0.0,0.0,0.0,0.0,0.0,0.54757702,0.0649999995
108.56741929,0.25545275127058825,0.04148146,30,-1,0.0,0.0,0.0,0.0,0.0,0.368157,1.24
108.56741929,0.24126093175555557,0.04148146,30,-1,0.0,0.0,0.0,0.0,0.0,0.35094801,2.45000005
105.83272359,0.24901817315294117,0.041471418,29,1,0.0,0.0,0.0,0.0,0.0,0.37880701,1.91499995
105.83272359,0.2351838302,0.041471418,29,1,0.0,0.0,0.0,0.0,0.0,0.36309701,0.870000005
105.83272359,0.22280573387368421,0.041471418,29,1,0.0,0.0,0.0,0.0,0.0,0.36301699,0.355000005
105.83272359,0.30237921025714287,0.041471418,29,-1,0.0,0.0,0.0,0.0,0.0,0.481298,0.165
105.83272359,0.264581808975,0.041471418,29,-1,0.0,0.0,0.0,0.0,0.0,0.400058,0.80999997
105.83272359,0.2351838302,0.041471418,29,-1,0.0,0.0,0.0,0.0,0.0,0.345624,3.1000000500000002
103.37149745999999,0.25842874364999996,0.041338929,28,1,0.0,0.0,0.0,0.0,0.0,0.39890701,2.775
103.37149745999999,0.24322705284705878,0.041338929,28,1,0.0,0.0,0.0,0.0,0.0,0.37306499,1.365
103.37149745999999,0.22971443879999998,0.041338929,28,1,0.0,0.0,0.0,0.0,0.0,0.357501,0.544999985
103.37149745999999,0.21762420517894734,0.041338929,28,1,0.0,0.0,0.0,0.0,0.0,0.362432,0.20500000499999999
103.37149745999999,0.25842874364999996,0.041338929,28,-1,0.0,0.0,0.0,0.0,0.0,0.386278,1.02
103.37149745999999,0.24322705284705878,0.041338929,28,-1,0.0,0.0,0.0,0.0,0.0,0.36148599,2.11
103.37149745999999,0.22971443879999998,0.041338929,28,-1,0.0,0.0,0.0,0.0,0.0,0.34966999,3.82500005
99.56778435,0.22629041897727273,0.04146529166666666,31,1,0.0,0.0,0.0,0.0,0.0,0.39967,0.610000015
99.56778435,0.22126174299999998,0.04146529166666666,31,1,0.0,0.0,0.0,0.0,0.0,0.40142301,0.439999995
99.56778435,0.1991355687,0.04146529166666666,31,1,0.0,0.0,0.0,0.0,0.0,0.42363399,0.0849999999
99.56778435,0.248919460875,0.04146529166666666,31,-1,0.0,0.0,0.0,0.0,0.0,0.40920201,1.815
98.37446259,0.25224221176923073,0.041389079999999995,30,1,0.0,0.0,0.0,0.0,0.0,0.420917,2.23000005
98.37446259,0.23422491092857142,0.041389079999999995,30,1,0.0,0.0,0.0,0.0,0.0,0.398698,0.91500002
98.92140173,0.23552714697619048,0.041353720999999996,29,1,0.0,0.0,0.0,0.0,0.0,0.391379,0.935
98.92140173,0.247303504325,0.041353720999999996,29,-1,0.0,0.0,0.0,0.0,0.0,0.40149099,1.8599999999999999
98.92140173,0.24127171153658536,0.041353720999999996,29,-1,0.0,0.0,0.0,0.0,0.0,0.399988,2.42999995
97.23086257,0.23714844529268292,0.041272718,28,1,0.0,0.0,0.0,0.0,0.0,0.394104,0.99999995
95.73921037,0.25875462262162163,0.041552120666666664,32,1,0.0,0.0,0.0,0.0,0.0,0.426516,2.82500005
95.66462775999999,0.25174902042105257,0.041585198999999996,31,-1,0.0,0.0,0.0,0.0,0.0,0.39967901,1.49000005
94.76963643999999,0.2561341525405405,0.04162168,30,-1,0.0,0.0,0.0,0.0,0.0,0.40888,1.205
95.41601906000001,0.27261719731428574,0.041675006,29,-1,0.0,0.0,0.0,0.0,0.0,0.44105101,0.5799999849999999
95.41601906000001,0.2578811325945946,0.041675006,29,-1,0.0,0.0,0.0,0.0,0.0,0.41611001,1.115
92.13438422,0.23624201082051283,0.042418877,28,1,0.0,0.0,0.0,0.0,0.0,0.405509,0.94499994
87.80859284,0.2832535252903226,0.042891904,32,-1,0.0,0.0,0.0,0.0,0.0,0.53728002,0.58500001
87.80859284,0.274401852625,0.042891904,32,-1,0.0,0.0,0.0,0.0,0.0,0.50784701,0.745000005
87.80859284,0.266086644969697,0.042891904,32,-1,0.0,0.0,0.0,0.0,0.0,0.50007302,1.0250000099999999
87.80859284,0.2582605671764706,0.042891904,32,-1,0.0,0.0,0.0,0.0,0.0,0.456779,1.23500005
87.80859284,0.25088169382857145,0.042891904,32,-1,0.0,0.0,0.0,0.0,0.0,0.460987,1.7000000000000002
87.80859284,0.2439127578888889,0.042891904,32,-1,0.0,0.0,0.0,0.0,0.0,0.45085999,2.18999995
85.49653193,0.21374132982500002,0.043028659999999996,30,1,0.0,0.0,0.0,0.0,0.0,0.450721,0.280000005
85.49653193,0.2442758055142857,0.046370891612903226,93,1,0.0,0.0,0.0,0.0,0.0,0.467462,3.125
85.49653193,0.21374132982500002,0.046370891612903226,93,1,0.0,0.0,0.0,0.0,0.0,0.437875,1.295
85.49653193,0.18999229317777777,0.046370891612903226,93,1,0.0,0.0,0.0,0.0,0.0,0.43624899,0.510000005
85.49653193,0.17999269880000002,0.046370891612903226,93,1,0.0,0.0,0.0,0.0,0.0,0.434196,0.30499999
85.49653193,0.2630662520923077,0.046370891612903226,93,-1,0.0,0.0,0.0,0.0,0.0,0.48455399,2.255
85.49653193,0.2442758055142857,0.046370891612903226,93,-1,0.0,0.0,0.0,0.0,0.0,0.46568501,3.375
87.85831458000001,0.2584068075882353,0.0430680435,29,-1,0.0,0.0,0.0,0.0,0.0,0.44575199,1.11000005
87.85831458000001,0.27033327563076925,0.04634217161290323,92,1,0.0,0.0,0.0,0.0,0.0,0.48517099,5.125
87.85831458000001,0.2510237559428572,0.04634217161290323,92,1,0.0,0.0,0.0,0.0,0.0,0.45978001,3.6000000500000002
87.85831458000001,0.23428883888000004,0.04634217161290323,92,1,0.0,0.0,0.0,0.0,0.0,0.44566199,2.43500005
87.85831458000001,0.21964578645000002,0.04634217161290323,92,1,0.0,0.0,0.0,0.0,0.0,0.432594,1.56
87.85831458000001,0.29286104860000006,0.04634217161290323,92,-1,0.0,0.0,0.0,0.0,0.0,0.50569499,1.1949999999999998
87.85831458000001,0.27033327563076925,0.04634217161290323,92,-1,0.0,0.0,0.0,0.0,0.0,0.47488999,1.8599999999999999
87.21193195999999,0.21802982989999997,0.046251480000000005,91,1,0.0,0.0,0.0,0.0,0.0,0.44027701,1.505
87.21193195999999,0.24917694845714283,0.046251480000000005,91,-1,0.0,0.0,0.0,0.0,0.0,0.46630901,3.0249999499999998
87.5102624,0.2465077814084507,0.04333266266666667,32,1,0.0,0.0,0.0,0.0,0.0,0.43132499,1.7149999999999999
87.5102624,0.24308406222222223,0.04333266266666667,32,1,0.0,0.0,0.0,0.0,0.0,0.42850801,1.4849999999999999
87.5102624,0.23975414356164385,0.04333266266666667,32,1,0.0,0.0,0.0,0.0,0.0,0.424108,1.27
87.5102624,0.23336069973333334,0.04333266266666667,32,1,0.0,0.0,0.0,0.0,0.0,0.41829699,0.914999995
87.5102624,0.22729938285714285,0.04333266266666667,32,1,0.0,0.0,0.0,0.0,0.0,0.41021499,0.630000025
87.5102624,0.2243852882051282,0.04333266266666667,32,1,0.0,0.0,0.0,0.0,0.0,0.415802,0.544999985
87.5102624,0.22154496810126584,0.04333266266666667,32,1,0.0,0.0,0.0,0.0,0.0,0.41401601,0.450000005
87.5102624,0.218775656,0.04333266266666667,32,1,0.0,0.0,0.0,0.0,0.0,0.41645399,0.38000001
87.5102624,0.21607472197530864,0.04333266266666667,32,1,0.0,0.0,0.0,0.0,0.0,0.420874,0.32499999999999996
87.5102624,0.20835776761904762,0.04333266266666667,32,1,0.0,0.0,0.0,0.0,0.0,0.43201199,0.20000000499999998
87.5102624,0.20590649976470587,0.04333266266666667,32,1,0.0,0.0,0.0,0.0,0.0,0.42944399,0.160000005
87.5102624,0.1944672497777778,0.04333266266666667,32,1,0.0,0.0,0.0,0.0,0.0,0.45792699,0.080000002
87.5102624,0.2692623458461538,0.04333266266666667,32,-1,0.0,0.0,0.0,0.0,0.0,0.462975,0.77000001
87.5102624,0.25002932114285714,0.04333266266666667,32,-1,0.0,0.0,0.0,0.0,0.0,0.42878401,1.62
87.5102624,0.2465077814084507,0.04333266266666667,32,-1,0.0,0.0,0.0,0.0,0.0,0.42166999,1.85
87.5102624,0.23336069973333334,0.04333266266666667,32,-1,0.0,0.0,0.0,0.0,0.0,0.40017799,3.0249999499999998
87.5102624,0.2302901642105263,0.04333266266666667,32,-1,0.0,0.0,0.0,0.0,0.0,0.409262,3.42499995
87.5102624,0.218775656,0.04333266266666667,32,-1,0.0,0.0,0.0,0.0,0.0,0.397975,5.02499985
87.5102624,0.1944672497777778,0.04333266266666667,32,-1,0.0,0.0,0.0,0.0,0.0,0.47691199,9.8249998
88.18150589,0.2713277104307692,0.043346625333333326,31,1,0.0,0.0,0.0,0.0,0.0,0.47266001,3.79999995
88.18150589,0.2519471596857143,0.043346625333333326,31,1,0.0,0.0,0.0,0.0,0.0,0.42934799,2.0699999499999997
88.18150589,0.24839860814084505,0.043346625333333326,31,1,0.0,0.0,0.0,0.0,0.0,0.42503399,1.8
88.18150589,0.2415931668219178,0.043346625333333326,31,1,0.0,0.0,0.0,0.0,0.0,0.41360101,1.315
88.18150589,0.2383283942972973,0.043346625333333326,31,1,0.0,0.0,0.0,0.0,0.0,0.411302,1.12
88.18150589,0.23515068237333334,0.043346625333333326,31,1,0.0,0.0,0.0,0.0,0.0,0.40735999,0.94000003
88.18150589,0.20995596640476188,0.043346625333333326,31,1,0.0,0.0,0.0,0.0,0.0,0.42420101,0.19999999499999999
88.18150589,0.3206600214181818,0.043346625333333326,31,-1,0.0,0.0,0.0,0.0,0.0,0.58449203,0.15000000000000002
88.18150589,0.28911969144262295,0.043346625333333326,31,-1,0.0,0.0,0.0,0.0,0.0,0.49557,0.344999995
88.18150589,0.25559856779710144,0.043346625333333326,31,-1,0.0,0.0,0.0,0.0,0.0,0.42453301,1.2349999999999999
88.18150589,0.2519471596857143,0.043346625333333326,31,-1,0.0,0.0,0.0,0.0,0.0,0.41366801,1.41500005
88.18150589,0.24839860814084505,0.043346625333333326,31,-1,0.0,0.0,0.0,0.0,0.0,0.409666,1.645
88.18150589,0.23515068237333334,0.043346625333333326,31,-1,0.0,0.0,0.0,0.0,0.0,0.39404401,2.79999995
88.18150589,0.220453764725,0.043346625333333326,31,-1,0.0,0.0,0.0,0.0,0.0,0.38418701,4.75
86.2672189,0.2464777682857143,0.04336059,30,1,0.0,0.0,0.0,0.0,0.0,0.44171,1.67000005
86.2672189,0.2430062504225352,0.04336059,30,1,0.0,0.0,0.0,0.0,0.0,0.43857801,1.44
86.2672189,0.23963116361111111,0.04336059,30,1,0.0,0.0,0.0,0.0,0.0,0.42850599,1.20500005
86.2672189,0.23315464567567568,0.04336059,30,1,0.0,0.0,0.0,0.0,0.0,0.42095,0.8499999899999999
86.2672189,0.2300459170666667,0.04336059,30,1,0.0,0.0,0.0,0.0,0.0,0.41614601,0.7000000200000001
86.2672189,0.22701899710526316,0.04336059,30,1,0.0,0.0,0.0,0.0,0.0,0.41616699,0.5850000049999999
86.2672189,0.21566804725,0.04336059,30,1,0.0,0.0,0.0,0.0,0.0,0.42350599,0.284999995
86.2672189,0.26141581484848486,0.04336059,30,-1,0.0,0.0,0.0,0.0,0.0,0.44097099,0.9500000200000001
86.2672189,0.2537271144117647,0.04336059,30,-1,0.0,0.0,0.0,0.0,0.0,0.42286301,1.2850000499999998
86.2672189,0.2464777682857143,0.04336059,30,-1,0.0,0.0,0.0,0.0,0.0,0.41033101,1.73
86.2672189,0.2430062504225352,0.04336059,30,-1,0.0,0.0,0.0,0.0,0.0,0.404414,1.99
86.2672189,0.2300459170666667,0.04336059,30,-1,0.0,0.0,0.0,0.0,0.0,0.38124001,3.2749999499999998
86.2672189,0.22407069844155844,0.04336059,30,-1,0.0,0.0,0.0,0.0,0.0,0.387155,4.0999999
87.68428849,0.2369845634864865,0.043355498,29,1,0.0,0.0,0.0,0.0,0.0,0.430646,1.06
87.68428849,0.219210721225,0.043355498,29,1,0.0,0.0,0.0,0.0,0.0,0.427571,0.364999995
87.68428849,0.18459850208421053,0.043355498,29,1,0.0,0.0,0.0,0.0,0.0,0.51202202,0.044999998900000004
87.68428849,0.32475662403703703,0.043355498,29,-1,0.0,0.0,0.0,0.0,0.0,0.63319498,0.154999995
87.68428849,0.27401340153125,0.043355498,29,-1,0.0,0.0,0.0,0.0,0.0,0.48807701,0.625
87.68428849,0.26979781073846154,0.043355498,29,-1,0.0,0.0,0.0,0.0,0.0,0.47809801,0.72999999
87.68428849,0.26570996512121214,0.043355498,29,-1,0.0,0.0,0.0,0.0,0.0,0.46671399,0.844999995
87.68428849,0.25052653854285717,0.043355498,29,-1,0.0,0.0,0.0,0.0,0.0,0.43536499,1.53499995
87.68428849,0.23382476930666668,0.043355498,29,-1,0.0,0.0,0.0,0.0,0.0,0.407801,2.94000005
87.65942761999999,0.2540852974492753,0.043350023999999994,28,1,0.0,0.0,0.0,0.0,0.0,0.44489399,2.16499995
87.65942761999999,0.25045550748571427,0.043350023999999994,28,1,0.0,0.0,0.0,0.0,0.0,0.43823901,1.875
87.65942761999999,0.24016281539726025,0.043350023999999994,28,1,0.0,0.0,0.0,0.0,0.0,0.42427501,1.16500005
87.65942761999999,0.2247677631282051,0.043350023999999994,28,1,0.0,0.0,0.0,0.0,0.0,0.412323,0.45499999999999996
87.65942761999999,0.21914856904999996,0.043350023999999994,28,1,0.0,0.0,0.0,0.0,0.0,0.417344,0.314999995
87.65942761999999,0.19479872804444442,0.043350023999999994,28,1,0.0,0.0,0.0,0.0,0.0,0.48318499,0.0750000005
87.65942761999999,0.2827723471612903,0.043350023999999994,28,-1,0.0,0.0,0.0,0.0,0.0,0.50622803,0.43499999
87.65942761999999,0.25045550748571427,0.043350023999999994,28,-1,0.0,0.0,0.0,0.0,0.0,0.43841499,1.53499995
87.65942761999999,0.2337584736533333,0.043350023999999994,28,-1,0.0,0.0,0.0,0.0,0.0,0.42072299,2.98500005
87.53512327,0.2652579493030303,0.043626630666666666,32,-1,0.0,0.0,0.0,0.0,0.0,0.528584,1.16000001
86.04347107,0.2325499218108108,0.04367995866666666,31,1,0.0,0.0,0.0,0.0,0.0,0.47239199,1.015
86.04347107,0.34417388428,0.04367995866666666,31,-1,0.0,0.0,0.0,0.0,0.0,0.78557003,0.229999999
86.04347107,0.26888584709374996,0.04367995866666666,31,-1,0.0,0.0,0.0,0.0,0.0,0.52020198,0.950000005
86.04347107,0.2607377911212121,0.04367995866666666,31,-1,0.0,0.0,0.0,0.0,0.0,0.50205702,1.245
90.99078420000001,0.25275217833333335,0.04374973,30,1,0.0,0.0,0.0,0.0,0.0,0.50332302,2.43499995
90.99078420000001,0.23944943210526318,0.04374973,30,1,0.0,0.0,0.0,0.0,0.0,0.44646499,1.31
90.99078420000001,0.28434620062500005,0.04374973,30,-1,0.0,0.0,0.0,0.0,0.0,0.522838,0.504999995
90.99078420000001,0.27572964909090913,0.04374973,30,-1,0.0,0.0,0.0,0.0,0.0,0.50412798,0.6800000049999999
90.99078420000001,0.25275217833333335,0.04374973,30,-1,0.0,0.0,0.0,0.0,0.0,0.480591,1.67500005
92.68132336000001,0.24389821936842107,0.043829357500000006,29,1,0.0,0.0,0.0,0.0,0.0,0.44448701,1.5899999999999999
92.68132336000001,0.25049006313513517,0.043829357500000006,29,-1,0.0,0.0,0.0,0.0,0.0,0.47863701,1.81
93.65089729,0.26014138136111115,0.04390775,28,1,0.0,0.0,0.0,0.0,0.0,0.47637299,2.95999995
93.65089729,0.2464497297105263,0.04390775,28,1,0.0,0.0,0.0,0.0,0.0,0.43016899,1.695
93.65089729,0.2284168226585366,0.04390775,28,1,0.0,0.0,0.0,0.0,0.0,0.42374,0.66499999
93.65089729,0.26757399225714285,0.04390775,28,-1,0.0,0.0,0.0,0.0,0.0,0.47593799,0.8299999849999999
92.48243640000001,0.2642355325714286,0.044192748000000004,32,-1,0.0,0.0,0.0,0.0,0.0,0.477054,1.075
92.48243640000001,0.23120609100000003,0.044192748000000004,32,-1,0.0,0.0,0.0,0.0,0.0,0.428927,3.57500005
87.16221022,0.25635944182352943,0.04433821,30,-1,0.0,0.0,0.0,0.0,0.0,0.49232399,1.4100000000000001
87.38595805,0.218464895125,0.044360225499999996,29,1,0.0,0.0,0.0,0.0,0.0,0.47005999,0.44499999
87.38595805,0.2427387723611111,0.044360225499999996,29,-1,0.0,0.0,0.0,0.0,0.0,0.47696301,2.32000005
94.57074947999999,0.248870393368421,0.044580926666666666,32,1,0.0,0.0,0.0,0.0,0.0,0.47907099,2.23500005
95.39115818999998,0.2805622299705882,0.04465665766666667,31,-1,0.0,0.0,0.0,0.0,0.0,0.52783298,0.655
95.39115818999998,0.2725461662571428,0.04465665766666667,31,-1,0.0,0.0,0.0,0.0,0.0,0.508654,0.8500000249999999
94.471306,0.236178265,0.04482128999999999,30,1,0.0,0.0,0.0,0.0,0.0,0.46926001,1.28
91.68688856,0.2957641566451613,0.04494880500000001,29,-1,0.0,0.0,0.0,0.0,0.0,0.57492203,0.37999999500000003
88.15664502,0.25928425005882355,0.04501871700000001,28,-1,0.0,0.0,0.0,0.0,0.0,0.50083601,1.2349999999999999
89.54885374,0.23879694330666668,0.04527164066666667,32,1,0.0,0.0,0.0,0.0,0.0,0.45848501,1.3900000000000001
89.54885374,0.22387213435,0.04527164066666667,32,1,0.0,0.0,0.0,0.0,0.0,0.448937,0.6500000100000001
89.54885374,0.19899745275555555,0.04527164066666667,32,1,0.0,0.0,0.0,0.0,0.0,0.47080901,0.14
89.54885374,0.2984961791333333,0.04527164066666667,32,-1,0.0,0.0,0.0,0.0,0.0,0.54565102,0.32499999999999996
89.54885374,0.25585386782857145,0.04527164066666667,32,-1,0.0,0.0,0.0,0.0,0.0,0.46825999,1.44
89.54885374,0.23879694330666668,0.04527164066666667,32,-1,0.0,0.0,0.0,0.0,0.0,0.44598401,2.68500005
88.80302764,0.23680807370666665,0.045331238,31,1,0.0,0.0,0.0,0.0,0.0,0.46186599,1.25
88.80302764,0.2220075691,0.045331238,31,1,0.0,0.0,0.0,0.0,0.0,0.45172399,0.564999995
88.80302764,0.1973400614222222,0.045331238,31,1,0.0,0.0,0.0,0.0,0.0,0.48172101,0.125
88.80302764,0.2732400850461538,0.045331238,31,-1,0.0,0.0,0.0,0.0,0.0,0.50310802,0.75
88.80302764,0.2537229361142857,0.045331238,31,-1,0.0,0.0,0.0,0.0,0.0,0.46960199,1.5350000000000001
88.80302764,0.23680807370666665,0.045331238,31,-1,0.0,0.0,0.0,0.0,0.0,0.446226,2.8399999
88.80302764,0.2732400850461538,0.04944435021978021,185,-1,0.0,0.0,0.0,0.0,0.0,0.45681301,2.67500005
88.80302764,0.2537229361142857,0.04944435021978021,185,-1,0.0,0.0,0.0,0.0,0.0,0.440413,3.6750000500000004
86.06833194,0.2648256367384615,0.04538238,30,1,0.0,0.0,0.0,0.0,0.0,0.50317401,3.25
86.06833194,0.2459095198285714,0.04538238,30,1,0.0,0.0,0.0,0.0,0.0,0.471477,1.75
86.06833194,0.22951555183999997,0.04538238,30,1,0.0,0.0,0.0,0.0,0.0,0.457546,0.81999999
86.06833194,0.21517082985,0.04538238,30,1,0.0,0.0,0.0,0.0,0.0,0.45871899,0.355000005
86.06833194,0.19126295986666664,0.04538238,30,1,0.0,0.0,0.0,0.0,0.0,0.48853099,0.07000000249999999
86.06833194,0.3825259197333333,0.04538238,30,-1,0.0,0.0,0.0,0.0,0.0,0.77751797,0.060000000000000005
86.06833194,0.3129757525090909,0.04538238,30,-1,0.0,0.0,0.0,0.0,0.0,0.59869802,0.21000000000000002
86.06833194,0.28689443979999996,0.04538238,30,-1,0.0,0.0,0.0,0.0,0.0,0.54342699,0.46499999000000003
86.06833194,0.2648256367384615,0.04538238,30,-1,0.0,0.0,0.0,0.0,0.0,0.49948701,1.00000001
86.06833194,0.2459095198285714,0.04538238,30,-1,0.0,0.0,0.0,0.0,0.0,0.469147,2.0
86.06833194,0.22951555183999997,0.04538238,30,-1,0.0,0.0,0.0,0.0,0.0,0.44797501,3.54999995
86.06833194,0.21517082985,0.047462900645161295,93,1,0.0,0.0,0.0,0.0,0.0,0.40724999,1.19
86.06833194,0.2025137222117647,0.047462900645161295,93,1,0.0,0.0,0.0,0.0,0.0,0.40102899,0.7000000200000001
86.06833194,0.19126295986666664,0.047462900645161295,93,1,0.0,0.0,0.0,0.0,0.0,0.39898801,0.405000005
86.06833194,0.3825259197333333,0.047462900645161295,93,-1,0.0,0.0,0.0,0.0,0.0,0.60419399,0.274999995
86.06833194,0.2648256367384615,0.047462900645161295,93,-1,0.0,0.0,0.0,0.0,0.0,0.44773901,1.93
86.06833194,0.2459095198285714,0.047462900645161295,93,-1,0.0,0.0,0.0,0.0,0.0,0.42912301,3.0
86.06833194,0.2459095198285714,0.04952197285714286,184,1,0.0,0.0,0.0,0.0,0.0,0.44121701,4.5250001
86.06833194,0.21517082985,0.04952197285714286,184,1,0.0,0.0,0.0,0.0,0.0,0.415831,2.47000005
86.06833194,0.19126295986666664,0.04952197285714286,184,1,0.0,0.0,0.0,0.0,0.0,0.403604,1.27000005
86.06833194,0.4918190396571428,0.04952197285714286,184,-1,0.0,0.0,0.0,0.0,0.0,0.64197999,0.284999995
86.06833194,0.2648256367384615,0.04952197285714286,184,-1,0.0,0.0,0.0,0.0,0.0,0.45571801,3.01
86.06833194,0.2459095198285714,0.04952197285714286,184,-1,0.0,0.0,0.0,0.0,0.0,0.43591499,4.07500005
82.83641884,0.2548812887384615,0.045430749500000006,29,1,0.0,0.0,0.0,0.0,0.0,0.50782198,2.38
82.83641884,0.23667548239999997,0.045430749500000006,29,1,0.0,0.0,0.0,0.0,0.0,0.48266599,1.1749999999999998
82.83641884,0.22089711690666664,0.045430749500000006,29,1,0.0,0.0,0.0,0.0,0.0,0.47371799,0.50999999
82.83641884,0.20709104709999998,0.045430749500000006,29,1,0.0,0.0,0.0,0.0,0.0,0.48697099,0.225
82.83641884,0.18408093075555554,0.045430749500000006,29,1,0.0,0.0,0.0,0.0,0.0,0.54483199,0.060000000500000004
82.83641884,0.33134567536,0.045430749500000006,29,-1,0.0,0.0,0.0,0.0,0.0,0.65954602,0.135
82.83641884,0.30122334123636363,0.045430749500000006,29,-1,0.0,0.0,0.0,0.0,0.0,0.59525901,0.30499999
82.83641884,0.2761213961333333,0.045430749500000006,29,-1,0.0,0.0,0.0,0.0,0.0,0.544765,0.685000005
82.83641884,0.2548812887384615,0.045430749500000006,29,-1,0.0,0.0,0.0,0.0,0.0,0.50685102,1.4449999999999998
82.83641884,0.23667548239999997,0.045430749500000006,29,-1,0.0,0.0,0.0,0.0,0.0,0.48184299,2.74
82.83641884,0.22089711690666664,0.045430749500000006,29,-1,0.0,0.0,0.0,0.0,0.0,0.469888,4.57500005
82.83641884,0.23667548239999997,0.04752595709677419,92,1,0.0,0.0,0.0,0.0,0.0,0.44277301,2.4150001000000003
82.83641884,0.20709104709999998,0.04752595709677419,92,1,0.0,0.0,0.0,0.0,0.0,0.41591299,0.879999995
82.83641884,0.19490922079999998,0.04752595709677419,92,1,0.0,0.0,0.0,0.0,0.0,0.41075301,0.50500001
82.83641884,0.18408093075555554,0.04752595709677419,92,1,0.0,0.0,0.0,0.0,0.0,0.40884599,0.284999995
82.83641884,0.3681618615111111,0.04752595709677419,92,-1,0.0,0.0,0.0,0.0,0.0,0.59114897,0.32000000500000003
82.83641884,0.33134567536,0.04752595709677419,92,-1,0.0,0.0,0.0,0.0,0.0,0.54333299,0.540000005
82.83641884,0.30122334123636363,0.04752595709677419,92,-1,0.0,0.0,0.0,0.0,0.0,0.51369399,0.9500000200000001
82.83641884,0.2761213961333333,0.04752595709677419,92,-1,0.0,0.0,0.0,0.0,0.0,0.48170099,1.55000005
82.83641884,0.2548812887384615,0.04752595709677419,92,-1,0.0,0.0,0.0,0.0,0.0,0.45643401,2.44500005
82.83641884,0.23667548239999997,0.04959875659340659,183,1,0.0,0.0,0.0,0.0,0.0,0.44500899,3.82500005
82.83641884,0.30122334123636363,0.04959875659340659,183,-1,0.0,0.0,0.0,0.0,0.0,0.498757,1.75
82.83641884,0.2548812887384615,0.04959875659340659,183,-1,0.0,0.0,0.0,0.0,0.0,0.45886099,3.5
82.83641884,0.23667548239999997,0.04959875659340659,183,-1,0.0,0.0,0.0,0.0,0.0,0.43996599,4.70000005
83.13474928,0.23752785508571428,0.045438735,28,1,0.0,0.0,0.0,0.0,0.0,0.470718,1.145
83.13474928,0.22169266474666666,0.045438735,28,1,0.0,0.0,0.0,0.0,0.0,0.46419501,0.485
83.13474928,0.2078368732,0.045438735,28,1,0.0,0.0,0.0,0.0,0.0,0.47391799,0.19999999499999999
83.13474928,0.19561117477647058,0.045438735,28,1,0.0,0.0,0.0,0.0,0.0,0.506769,0.099999999
83.13474928,0.36948777457777776,0.045438735,28,-1,0.0,0.0,0.0,0.0,0.0,0.79889101,0.0850000005
83.13474928,0.33253899711999996,0.045438735,28,-1,0.0,0.0,0.0,0.0,0.0,0.64233398,0.10499999900000001
83.13474928,0.30230817919999997,0.045438735,28,-1,0.0,0.0,0.0,0.0,0.0,0.58487803,0.25999999500000004
83.13474928,0.2771158309333333,0.045438735,28,-1,0.0,0.0,0.0,0.0,0.0,0.52531898,0.5850000049999999
83.13474928,0.2557992285538461,0.045438735,28,-1,0.0,0.0,0.0,0.0,0.0,0.48688599,1.2999999500000001
83.13474928,0.23752785508571428,0.045438735,28,-1,0.0,0.0,0.0,0.0,0.0,0.465561,2.5849998999999997
83.13474928,0.22169266474666666,0.045438735,28,-1,0.0,0.0,0.0,0.0,0.0,0.46433699,4.45000005
83.13474928,0.2557992285538461,0.04755848,91,1,0.0,0.0,0.0,0.0,0.0,0.44755399,3.625
83.13474928,0.22169266474666666,0.04755848,91,1,0.0,0.0,0.0,0.0,0.0,0.415254,1.44999995
83.13474928,0.30230817919999997,0.04755848,91,-1,0.0,0.0,0.0,0.0,0.0,0.50149202,0.86499998
83.13474928,0.2557992285538461,0.04755848,91,-1,0.0,0.0,0.0,0.0,0.0,0.44577199,2.31499995
83.13474928,0.23752785508571428,0.04755848,91,-1,0.0,0.0,0.0,0.0,0.0,0.42423299,3.525
83.13474928,0.22169266474666666,0.04755848,91,-1,0.0,0.0,0.0,0.0,0.0,0.41127199,5.125
83.13474928,0.2557992285538461,0.04965678,182,1,0.0,0.0,0.0,0.0,0.0,0.45430499,5.07500005
83.13474928,0.18474388728888888,0.04965678,182,1,0.0,0.0,0.0,0.0,0.0,0.407379,1.0100000150000001
83.13474928,0.4156737464,0.04965678,182,-1,0.0,0.0,0.0,0.0,0.0,0.59852999,0.515000015
83.13474928,0.30230817919999997,0.04965678,182,-1,0.0,0.0,0.0,0.0,0.0,0.49288601,1.6749999999999998
83.13474928,0.23752785508571428,0.04965678,182,-1,0.0,0.0,0.0,0.0,0.0,0.43380699,4.57500005
83.13474928,0.22169266474666666,0.04965678,182,-1,0.0,0.0,0.0,0.0,0.0,0.42123699,6.04999995
81.79226229999999,0.18176058288888886,0.04564898266666666,32,1,0.0,0.0,0.0,0.0,0.0,0.55762702,0.075000005
81.79226229999999,0.1778092658695652,0.04564898266666666,32,1,0.0,0.0,0.0,0.0,0.0,0.61388999,0.09500000489999999
81.79226229999999,0.24785534030303027,0.04564898266666666,32,-1,0.0,0.0,0.0,0.0,0.0,0.47713301,1.845
81.79226229999999,0.21811269946666664,0.049672339,179,1,0.0,0.0,0.0,0.0,0.0,0.42884299,2.55499995
81.79226229999999,0.19245238188235292,0.049672339,179,1,0.0,0.0,0.0,0.0,0.0,0.41714799,1.3050000000000002
81.79226229999999,0.18176058288888886,0.049672339,179,1,0.0,0.0,0.0,0.0,0.0,0.41187999,0.905
81.79226229999999,0.15579478533333332,0.049672339,179,1,0.0,0.0,0.0,0.0,0.0,0.41121501,0.314999995
81.79226229999999,0.2726408743333333,0.049672339,179,-1,0.0,0.0,0.0,0.0,0.0,0.466429,2.5149999999999997
79.77853183,0.26592843943333333,0.04969210733333333,178,1,0.0,0.0,0.0,0.0,0.0,0.47832701,5.625
79.77853183,0.24547240563076925,0.04969210733333333,178,1,0.0,0.0,0.0,0.0,0.0,0.46190599,4.27499985
79.77853183,0.2127427515466667,0.04969210733333333,178,1,0.0,0.0,0.0,0.0,0.0,0.43678501,2.28499995
79.77853183,0.17728562628888891,0.04969210733333333,178,1,0.0,0.0,0.0,0.0,0.0,0.42075101,0.7999999799999999
79.77853183,0.2279386623714286,0.04969210733333333,178,-1,0.0,0.0,0.0,0.0,0.0,0.441921,5.29999995
81.24532316,0.32498129264,0.045667540000000006,30,-1,0.0,0.0,0.0,0.0,0.0,0.66624099,0.190000005
81.24532316,0.20311330789999998,0.04970894666666666,177,1,0.0,0.0,0.0,0.0,0.0,0.424577,1.76499995
81.24532316,0.19116546625882352,0.04970894666666666,177,1,0.0,0.0,0.0,0.0,0.0,0.41990501,1.25
85.62083627999999,0.31711420844444443,0.045724485,28,-1,0.0,0.0,0.0,0.0,0.0,0.64713299,0.21000001000000001
85.62083627999999,0.2594570796363636,0.045724485,28,-1,0.0,0.0,0.0,0.0,0.0,0.50365102,1.2
83.15961015,0.2445870886764706,0.04608704400000001,28,1,0.0,0.0,0.0,0.0,0.0,0.52159101,1.71
84.97445366,0.23604014905555554,0.046304452,32,1,0.0,0.0,0.0,0.0,0.0,0.477992,1.25
84.97445366,0.21243613414999998,0.046304452,32,1,0.0,0.0,0.0,0.0,0.0,0.46520999,0.33999999000000003
84.97445366,0.28324817886666664,0.046304452,32,-1,0.0,0.0,0.0,0.0,0.0,0.54317302,0.5799999849999999
84.97445366,0.2574983444242424,0.046304452,32,-1,0.0,0.0,0.0,0.0,0.0,0.49057499,1.3599999500000002
83.5325232,0.23203478666666666,0.046361787999999994,31,1,0.0,0.0,0.0,0.0,0.0,0.37373599,0.640000015
83.5325232,0.21982242947368422,0.046361787999999994,31,1,0.0,0.0,0.0,0.0,0.0,0.37171501,0.265000005
83.5325232,0.29833044,0.046361787999999994,31,-1,0.0,0.0,0.0,0.0,0.0,0.46781099,0.165
81.74254056000001,0.2477046683636364,0.046424070000000005,30,-1,0.0,0.0,0.0,0.0,0.0,0.376214,1.42
91.36369725,0.3045456575,0.04659115666666667,32,1,0.0,0.0,0.0,0.0,0.0,0.573475,7.1750002
91.36369725,0.28111906846153845,0.04659115666666667,32,1,0.0,0.0,0.0,0.0,0.0,0.47817701,4.875
91.36369725,0.261039135,0.04659115666666667,32,1,0.0,0.0,0.0,0.0,0.0,0.45237499,3.005
91.36369725,0.243636526,0.04659115666666667,32,1,0.0,0.0,0.0,0.0,0.0,0.41914099,1.55
91.36369725,0.228409243125,0.04659115666666667,32,1,0.0,0.0,0.0,0.0,0.0,0.414451,0.72
91.36369725,0.21497340529411765,0.04659115666666667,32,1,0.0,0.0,0.0,0.0,0.0,0.43096799,0.339999995
91.36369725,0.20303043833333334,0.04659115666666667,32,1,0.0,0.0,0.0,0.0,0.0,0.43547201,0.14000000499999998
91.36369725,0.3045456575,0.04659115666666667,32,-1,0.0,0.0,0.0,0.0,0.0,0.49954301,0.179999995
91.36369725,0.28111906846153845,0.04659115666666667,32,-1,0.0,0.0,0.0,0.0,0.0,0.471071,0.47500001000000003
91.36369725,0.261039135,0.04659115666666667,32,-1,0.0,0.0,0.0,0.0,0.0,0.42736,1.02
91.36369725,0.243636526,0.04659115666666667,32,-1,0.0,0.0,0.0,0.0,0.0,0.40517399,2.1000000500000002
91.36369725,0.228409243125,0.04659115666666667,32,-1,0.0,0.0,0.0,0.0,0.0,0.411127,3.82500005
91.01564506999999,0.2600447002,0.046613765333333335,31,1,0.0,0.0,0.0,0.0,0.0,0.45624101,2.895
91.01564506999999,0.24270838685333332,0.046613765333333335,31,1,0.0,0.0,0.0,0.0,0.0,0.439367,1.54
91.01564506999999,0.227539112675,0.046613765333333335,31,1,0.0,0.0,0.0,0.0,0.0,0.42792299,0.705000015
91.01564506999999,0.21415445898823526,0.046613765333333335,31,1,0.0,0.0,0.0,0.0,0.0,0.425437,0.289999995
91.01564506999999,0.20225698904444442,0.046613765333333335,31,1,0.0,0.0,0.0,0.0,0.0,0.452959,0.14500000000000002
91.01564506999999,0.3033854835666666,0.046613765333333335,31,-1,0.0,0.0,0.0,0.0,0.0,0.49700201,0.175
91.01564506999999,0.2800481386769231,0.046613765333333335,31,-1,0.0,0.0,0.0,0.0,0.0,0.460172,0.450000005
91.01564506999999,0.2600447002,0.046613765333333335,31,-1,0.0,0.0,0.0,0.0,0.0,0.432506,1.06
91.01564506999999,0.24270838685333332,0.046613765333333335,31,-1,0.0,0.0,0.0,0.0,0.0,0.41451499,2.19000005
91.93549725999999,0.2626728493142857,0.04661475,30,1,0.0,0.0,0.0,0.0,0.0,0.42321199,2.99500005
91.93549725999999,0.24516132602666665,0.04661475,30,1,0.0,0.0,0.0,0.0,0.0,0.40642899,1.54500005
91.93549725999999,0.22983874314999997,0.04661475,30,1,0.0,0.0,0.0,0.0,0.0,0.40084299,0.685000005
91.93549725999999,0.3064516575333333,0.04661475,30,-1,0.0,0.0,0.0,0.0,0.0,0.488399,0.13
91.93549725999999,0.2828784531076923,0.04661475,30,-1,0.0,0.0,0.0,0.0,0.0,0.44069001,0.329999995
91.93549725999999,0.2626728493142857,0.04661475,30,-1,0.0,0.0,0.0,0.0,0.0,0.41218701,0.844999995
91.93549725999999,0.24516132602666665,0.04661475,30,-1,0.0,0.0,0.0,0.0,0.0,0.39859301,1.8999999500000002
96.31101038,0.32103670126666667,0.04658769149999999,29,1,0.0,0.0,0.0,0.0,0.0,0.57156801,8.9749999
96.31101038,0.2963415704,0.04658769149999999,29,1,0.0,0.0,0.0,0.0,0.0,0.49966601,6.5999999
96.31101038,0.27517431537142856,0.04658769149999999,29,1,0.0,0.0,0.0,0.0,0.0,0.449821,4.39999985
96.31101038,0.2568293610133333,0.04658769149999999,29,1,0.0,0.0,0.0,0.0,0.0,0.41786599,2.55999995
96.31101038,0.24077752595,0.04658769149999999,29,1,0.0,0.0,0.0,0.0,0.0,0.40331599,1.28
96.31101038,0.22661414207058822,0.04658769149999999,29,1,0.0,0.0,0.0,0.0,0.0,0.40316001,0.5700000199999999
96.31101038,0.21402446751111112,0.04658769149999999,29,1,0.0,0.0,0.0,0.0,0.0,0.41874,0.255
96.31101038,0.32103670126666667,0.04658769149999999,29,-1,0.0,0.0,0.0,0.0,0.0,0.517681,0.0750000005
96.31101038,0.2963415704,0.04658769149999999,29,-1,0.0,0.0,0.0,0.0,0.0,0.46961001,0.189999995
96.31101038,0.27517431537142856,0.04658769149999999,29,-1,0.0,0.0,0.0,0.0,0.0,0.42808399,0.47
96.31101038,0.2568293610133333,0.04658769149999999,29,-1,0.0,0.0,0.0,0.0,0.0,0.40384901,1.13
96.31101038,0.24077752595,0.04658769149999999,29,-1,0.0,0.0,0.0,0.0,0.0,0.39101401,2.355
95.26685384,0.27219101097142856,0.046542183,28,1,0.0,0.0,0.0,0.0,0.0,0.43809101,4.0000001
95.26685384,0.25404494357333335,0.046542183,28,1,0.0,0.0,0.0,0.0,0.0,0.405745,2.21500005
95.26685384,0.2381671346,0.046542183,28,1,0.0,0.0,0.0,0.0,0.0,0.38992101,1.025
95.26685384,0.22415730315294116,0.046542183,28,1,0.0,0.0,0.0,0.0,0.0,0.38769999,0.41000000999999997
95.26685384,0.3464249230545454,0.046542183,28,-1,0.0,0.0,0.0,0.0,0.0,0.58045799,0.0350000005
95.26685384,0.2931287810461538,0.046542183,28,-1,0.0,0.0,0.0,0.0,0.0,0.46865001,0.21000000000000002
95.26685384,0.27219101097142856,0.046542183,28,-1,0.0,0.0,0.0,0.0,0.0,0.42036399,0.50499998
95.26685384,0.25404494357333335,0.046542183,28,-1,0.0,0.0,0.0,0.0,0.0,0.39157999,1.21000005
95.26685384,0.2381671346,0.046542183,28,-1,0.0,0.0,0.0,0.0,0.0,0.37496999,2.52
98.72251477,0.2350536065952381,0.046704549000000005,28,1,0.0,0.0,0.0,0.0,0.0,0.42599201,1.03500001
98.72251477,0.30850785865625,0.046704549000000005,28,-1,0.0,0.0,0.0,0.0,0.0,0.53394902,0.16
98.72251477,0.25313465325641027,0.046704549000000005,28,-1,0.0,0.0,0.0,0.0,0.0,0.42803201,1.47
98.72251477,0.2407866213902439,0.046704549000000005,28,-1,0.0,0.0,0.0,0.0,0.0,0.41533899,2.49000005
99.31917565,0.248297939125,0.046930098,31,1,0.0,0.0,0.0,0.0,0.0,0.41971201,1.9849999999999999
99.31917565,0.2422418918292683,0.046930098,31,1,0.0,0.0,0.0,0.0,0.0,0.41109401,1.50499995
96.28614950999999,0.24071537377499996,0.04702074,30,1,0.0,0.0,0.0,0.0,0.0,0.40843299,1.33
100.04014088,0.2501003522,0.047108139,28,1,0.0,0.0,0.0,0.0,0.0,0.39705199,1.955
96.957393,0.26932609166666666,0.04732904866666667,32,-1,0.0,0.0,0.0,0.0,0.0,0.37228,0.53
99.49320174,0.2842662906857143,0.04742027,30,1,0.0,0.0,0.0,0.0,0.0,0.41423199,5.42499995
99.6920887,0.24315143585365853,0.047426318999999995,29,1,0.0,0.0,0.0,0.0,0.0,0.36519399,1.315
98.89654086,0.26728794827027025,0.047424844,28,-1,0.0,0.0,0.0,0.0,0.0,0.38885999,0.5850000049999999
100.88541045999999,0.24020335823809522,0.047724566333333336,31,1,0.0,0.0,0.0,0.0,0.0,0.36097601,1.17
100.88541045999999,0.28824402988571424,0.047724566333333336,31,-1,0.0,0.0,0.0,0.0,0.0,0.42067701,0.24000000000000002
102.12845395999999,0.25532113489999997,0.047775880500000006,29,1,0.0,0.0,0.0,0.0,0.0,0.3635,2.31500005
102.12845395999999,0.22695211991111108,0.047775880500000006,29,1,0.0,0.0,0.0,0.0,0.0,0.36432001,0.47500001000000003
100.61194089,0.2453949777804878,0.047728415999999996,28,1,0.0,0.0,0.0,0.0,0.0,0.35733399,1.42
97.25572344,0.25934859584,0.04788478933333333,31,1,0.0,0.0,0.0,0.0,0.0,0.378638,2.71000005
97.25572344,0.2431393086,0.04788478933333333,31,1,0.0,0.0,0.0,0.0,0.0,0.36232799,1.3250000000000002
97.25572344,0.23720908156097562,0.04788478933333333,31,1,0.0,0.0,0.0,0.0,0.0,0.36096701,0.955000015
97.25572344,0.23156124628571428,0.04788478933333333,31,1,0.0,0.0,0.0,0.0,0.0,0.35872799,0.664999995
97.25572344,0.22883699632941176,0.04788478933333333,31,1,0.0,0.0,0.0,0.0,0.0,0.36087799,0.56
97.25572344,0.2261761010232558,0.04788478933333333,31,1,0.0,0.0,0.0,0.0,0.0,0.36157101,0.465000005
97.25572344,0.21612382986666667,0.04788478933333333,31,1,0.0,0.0,0.0,0.0,0.0,0.37125099,0.22499998999999998
97.25572344,0.20692707114893616,0.04788478933333333,31,1,0.0,0.0,0.0,0.0,0.0,0.39123401,0.12
97.25572344,0.20474889145263156,0.04788478933333333,31,1,0.0,0.0,0.0,0.0,0.0,0.393819,0.099999999
97.25572344,0.30392413575,0.04788478933333333,31,-1,0.0,0.0,0.0,0.0,0.0,0.46742901,0.14
97.25572344,0.2992483798153846,0.04788478933333333,31,-1,0.0,0.0,0.0,0.0,0.0,0.45297301,0.160000005
97.25572344,0.29471431345454546,0.04788478933333333,31,-1,0.0,0.0,0.0,0.0,0.0,0.44271401,0.189999995
97.25572344,0.2860462454117647,0.04788478933333333,31,-1,0.0,0.0,0.0,0.0,0.0,0.42837599,0.28
97.25572344,0.2778734955428571,0.04788478933333333,31,-1,0.0,0.0,0.0,0.0,0.0,0.41198701,0.399999995
97.25572344,0.25934859584,0.04788478933333333,31,-1,0.0,0.0,0.0,0.0,0.0,0.37752301,0.944999995
97.25572344,0.25593611431578944,0.04788478933333333,31,-1,0.0,0.0,0.0,0.0,0.0,0.372684,1.115
97.25572344,0.2431393086,0.04788478933333333,31,-1,0.0,0.0,0.0,0.0,0.0,0.362533,2.06499995
97.25572344,0.25934859584,0.0537379310989011,367,1,0.0,0.0,0.0,0.0,0.0,0.409237,8.00000025
97.25572344,0.22883699632941176,0.0537379310989011,367,-1,0.0,0.0,0.0,0.0,0.0,0.39160901,7.125
95.51546254,0.24491144241025642,0.04787625,30,1,0.0,0.0,0.0,0.0,0.0,0.356424,1.37
95.51546254,0.23878865635000002,0.04787625,30,1,0.0,0.0,0.0,0.0,0.0,0.35451999,0.974999995
95.51546254,0.2329645427804878,0.04787625,30,1,0.0,0.0,0.0,0.0,0.0,0.35510999,0.68000001
95.51546254,0.2247422648,0.04787625,30,1,0.0,0.0,0.0,0.0,0.0,0.36063901,0.39
95.51546254,0.21225658342222223,0.04787625,30,1,0.0,0.0,0.0,0.0,0.0,0.379888,0.160000005
95.51546254,0.2729013215428571,0.04787625,30,-1,0.0,0.0,0.0,0.0,0.0,0.38426301,0.420000005
95.51546254,0.2653207292777778,0.04787625,30,-1,0.0,0.0,0.0,0.0,0.0,0.37174699,0.620000005
95.51546254,0.25470790010666666,0.04787625,30,-1,0.0,0.0,0.0,0.0,0.0,0.35641301,1.0750000000000002
95.51546254,0.24181129756962025,0.04787625,30,-1,0.0,0.0,0.0,0.0,0.0,0.346982,2.06499995
95.51546254,0.23015774106024098,0.04787625,30,-1,0.0,0.0,0.0,0.0,0.0,0.35172701,3.5
95.51546254,0.2247422648,0.05387404252747253,366,-1,0.0,0.0,0.0,0.0,0.0,0.38797799,7.4000001
95.34143645,0.2508985169736842,0.0478835095,29,1,0.0,0.0,0.0,0.0,0.0,0.35589901,1.77999995
95.34143645,0.2476400946753247,0.0478835095,29,1,0.0,0.0,0.0,0.0,0.0,0.35389301,1.52
95.34143645,0.24446522166666668,0.0478835095,29,1,0.0,0.0,0.0,0.0,0.0,0.35291901,1.29000005
95.34143645,0.24137072518987343,0.0478835095,29,1,0.0,0.0,0.0,0.0,0.0,0.35306501,1.09000005
95.34143645,0.23835359112500001,0.0478835095,29,1,0.0,0.0,0.0,0.0,0.0,0.35341901,0.9149999950000001
95.34143645,0.22700342011904762,0.0478835095,29,1,0.0,0.0,0.0,0.0,0.0,0.35567299,0.425
95.34143645,0.22433279164705883,0.0478835095,29,1,0.0,0.0,0.0,0.0,0.0,0.35801601,0.350000005
95.34143645,0.2191757159770115,0.0478835095,29,1,0.0,0.0,0.0,0.0,0.0,0.36493599,0.23999999500000002
95.34143645,0.21186985877777778,0.0478835095,29,1,0.0,0.0,0.0,0.0,0.0,0.37522599,0.13500000499999998
95.34143645,0.2804159895588235,0.0478835095,29,-1,0.0,0.0,0.0,0.0,0.0,0.40243101,0.28500000999999997
95.34143645,0.27240410414285715,0.0478835095,29,-1,0.0,0.0,0.0,0.0,0.0,0.38746899,0.425
95.34143645,0.2648373234722222,0.0478835095,29,-1,0.0,0.0,0.0,0.0,0.0,0.37369999,0.625
95.34143645,0.2542438305333333,0.0478835095,29,-1,0.0,0.0,0.0,0.0,0.0,0.35869899,1.09000005
95.34143645,0.2508985169736842,0.0478835095,29,-1,0.0,0.0,0.0,0.0,0.0,0.35569,1.30000005
95.34143645,0.2476400946753247,0.0478835095,29,-1,0.0,0.0,0.0,0.0,0.0,0.35367301,1.53999995
95.34143645,0.23835359112500001,0.0478835095,29,-1,0.0,0.0,0.0,0.0,0.0,0.351215,2.4300000500000003
95.34143645,0.2542438305333333,0.054008310000000004,365,1,0.0,0.0,0.0,0.0,0.0,0.40522099,7.42499995
95.34143645,0.22433279164705883,0.054008310000000004,365,1,0.0,0.0,0.0,0.0,0.0,0.38839099,5.125
95.34143645,0.22433279164705883,0.054008310000000004,365,-1,0.0,0.0,0.0,0.0,0.0,0.38724899,7.4250002
94.12325382,0.2689235823428571,0.047842582,28,1,0.0,0.0,0.0,0.0,0.0,0.39241099,3.5
94.12325382,0.25099534352,0.047842582,28,1,0.0,0.0,0.0,0.0,0.0,0.36551201,1.78
94.12325382,0.24769277321052632,0.047842582,28,1,0.0,0.0,0.0,0.0,0.0,0.359979,1.505
94.12325382,0.24447598394805195,0.047842582,28,1,0.0,0.0,0.0,0.0,0.0,0.357871,1.27
94.12325382,0.24134167646153848,0.047842582,28,1,0.0,0.0,0.0,0.0,0.0,0.35678801,1.065
94.12325382,0.23828671853164557,0.047842582,28,1,0.0,0.0,0.0,0.0,0.0,0.355735,0.88500002
94.12325382,0.23530813455,0.047842582,28,1,0.0,0.0,0.0,0.0,0.0,0.35512701,0.72999999
94.12325382,0.2214664795764706,0.047842582,28,1,0.0,0.0,0.0,0.0,0.0,0.36352,0.269999995
94.12325382,0.21637529613793105,0.047842582,28,1,0.0,0.0,0.0,0.0,0.0,0.37464601,0.189999995
94.12325382,0.20916278626666668,0.047842582,28,1,0.0,0.0,0.0,0.0,0.0,0.39220399,0.115
94.12325382,0.19208827310204082,0.047842582,28,1,0.0,0.0,0.0,0.0,0.0,0.52376997,0.0999999999
94.12325382,0.18824650764,0.047842582,28,1,0.0,0.0,0.0,0.0,0.0,0.54590797,0.0899999999
94.12325382,0.18455539964705883,0.047842582,28,1,0.0,0.0,0.0,0.0,0.0,0.58267498,0.095
94.12325382,0.17928238822857143,0.047842582,28,1,0.0,0.0,0.0,0.0,0.0,0.60345501,0.0749999999
94.12325382,0.17113318876363637,0.047842582,28,1,0.0,0.0,0.0,0.0,0.0,0.65802699,0.0649999999
94.12325382,0.14480500587692308,0.047842582,28,1,0.0,0.0,0.0,0.0,0.0,0.86207998,0.05
94.12325382,0.3137441794,0.047842582,28,-1,0.0,0.0,0.0,0.0,0.0,0.55149001,0.1349999945
94.12325382,0.27683309947058826,0.047842582,28,-1,0.0,0.0,0.0,0.0,0.0,0.38762,0.299999995
94.12325382,0.2689235823428571,0.047842582,28,-1,0.0,0.0,0.0,0.0,0.0,0.37256801,0.45499999999999996
94.12325382,0.25099534352,0.047842582,28,-1,0.0,0.0,0.0,0.0,0.0,0.34961,1.225
94.12325382,0.24769277321052632,0.047842582,28,-1,0.0,0.0,0.0,0.0,0.0,0.34665999,1.46000005
94.12325382,0.24447598394805195,0.047842582,28,-1,0.0,0.0,0.0,0.0,0.0,0.344311,1.725
94.12325382,0.24134167646153848,0.047842582,28,-1,0.0,0.0,0.0,0.0,0.0,0.34386101,2.025
94.12325382,0.23530813455,0.047842582,28,-1,0.0,0.0,0.0,0.0,0.0,0.33835,2.68500005
94.12325382,0.25099534352,0.05411037826086956,364,1,0.0,0.0,0.0,0.0,0.0,0.40199599,7.0749998
94.12325382,0.2214664795764706,0.05411037826086956,364,1,0.0,0.0,0.0,0.0,0.0,0.38653901,4.8499999
94.12325382,0.2214664795764706,0.05411037826086956,364,-1,0.0,0.0,0.0,0.0,0.0,0.38299701,7.5999999
93.37742772,0.26679265062857144,0.048052062666666666,32,-1,0.0,0.0,0.0,0.0,0.0,0.391655,0.659999995
93.37742772,0.2873151622153846,0.05420226739130435,361,-1,0.0,0.0,0.0,0.0,0.0,0.424373,3.04999995
93.37742772,0.2197115946352941,0.05420226739130435,361,-1,0.0,0.0,0.0,0.0,0.0,0.38281101,7.75
94.99338426999999,0.2567388764054054,0.048072642000000006,31,-1,0.0,0.0,0.0,0.0,0.0,0.38765499,1.12000001
94.99338426999999,0.22351384534117646,0.054296696195652173,360,1,0.0,0.0,0.0,0.0,0.0,0.38363299,4.9250002
94.99338426999999,0.18998676854,0.054296696195652173,360,1,0.0,0.0,0.0,0.0,0.0,0.365132,2.59
94.99338426999999,0.1461436681076923,0.054296696195652173,360,1,0.0,0.0,0.0,0.0,0.0,0.357133,0.69499999
94.99338426999999,0.22351384534117646,0.054296696195652173,360,-1,0.0,0.0,0.0,0.0,0.0,0.38248801,7.4000001
94.09839295,0.25431998094594593,0.04810730999999999,30,-1,0.0,0.0,0.0,0.0,0.0,0.380629,1.195
94.29727991,0.24815073660526316,0.048109063,28,1,0.0,0.0,0.0,0.0,0.0,0.34394801,1.475
94.29727991,0.2417878972051282,0.048109063,28,1,0.0,0.0,0.0,0.0,0.0,0.34226799,1.035
94.29727991,0.26942079974285715,0.048109063,28,-1,0.0,0.0,0.0,0.0,0.0,0.365199,0.42
94.29727991,0.2548575132702703,0.048109063,28,-1,0.0,0.0,0.0,0.0,0.0,0.33849701,0.935000005
95.73921037,0.2454851547948718,0.048300397999999994,32,1,0.0,0.0,0.0,0.0,0.0,0.361918,1.495
92.88021031999999,0.2580005842222222,0.048259392000000005,29,-1,0.0,0.0,0.0,0.0,0.0,0.38908899,0.970000005
92.88021031999999,0.2381543854358974,0.048259392000000005,29,-1,0.0,0.0,0.0,0.0,0.0,0.37034601,2.4649999
93.65089729,0.2464497297105263,0.048254596999999996,28,-1,0.0,0.0,0.0,0.0,0.0,0.37307799,1.67000005
94.14811468999999,0.2296295480243902,0.048494671333333336,32,1,0.0,0.0,0.0,0.0,0.0,0.38842201,0.69
95.36629732,0.2384157433,0.048536262,31,1,0.0,0.0,0.0,0.0,0.0,0.39561099,1.15500005
97.85238432,0.23298186742857144,0.048587240999999996,29,1,0.0,0.0,0.0,0.0,0.0,0.40075499,0.8500000249999999
97.85238432,0.238664352,0.048587240999999996,29,-1,0.0,0.0,0.0,0.0,0.0,0.39925599,2.65499995
98.59821041999999,0.24649552604999997,0.048586913,28,1,0.0,0.0,0.0,0.0,0.0,0.43851399,1.805
97.30544517999999,0.2594811871466666,0.048847664,32,1,0.0,0.0,0.0,0.0,0.0,0.43659401,3.0
97.30544517999999,0.24326361294999999,0.048847664,32,1,0.0,0.0,0.0,0.0,0.0,0.41080499,1.59000005
97.30544517999999,0.22895398865882352,0.048847664,32,1,0.0,0.0,0.0,0.0,0.0,0.404708,0.754999995
97.30544517999999,0.2162343226222222,0.048847664,32,1,0.0,0.0,0.0,0.0,0.0,0.41416299,0.349999995
97.30544517999999,0.3243514839333333,0.048847664,32,-1,0.0,0.0,0.0,0.0,0.0,0.592399,0.16000000550000001
97.30544517999999,0.2780155576571428,0.048847664,32,-1,0.0,0.0,0.0,0.0,0.0,0.447543,0.515000015
97.30544517999999,0.2594811871466666,0.048847664,32,-1,0.0,0.0,0.0,0.0,0.0,0.42456201,1.1549999999999998
97.30544517999999,0.24326361294999999,0.048847664,32,-1,0.0,0.0,0.0,0.0,0.0,0.40550601,2.27
95.61490602,0.25497308272,0.048840289666666675,31,1,0.0,0.0,0.0,0.0,0.0,0.42925599,2.5
95.61490602,0.23903726505,0.048840289666666675,31,1,0.0,0.0,0.0,0.0,0.0,0.413993,1.275
95.61490602,0.22497624945882355,0.048840289666666675,31,1,0.0,0.0,0.0,0.0,0.0,0.40921101,0.575000015
95.61490602,0.2731854457714286,0.048840289666666675,31,-1,0.0,0.0,0.0,0.0,0.0,0.444989,0.61499998
95.61490602,0.23903726505,0.048840289666666675,31,-1,0.0,0.0,0.0,0.0,0.0,0.40756401,2.6399999999999997
95.61490602,0.23903726505,0.05374420879120879,185,1,0.0,0.0,0.0,0.0,0.0,0.36760199,3.8000000500000004
95.61490602,0.31871635340000004,0.05374420879120879,185,-1,0.0,0.0,0.0,0.0,0.0,0.42230901,0.98999999
96.78336691,0.25808897842666667,0.04884338,30,1,0.0,0.0,0.0,0.0,0.0,0.44469601,2.8299999
96.78336691,0.241958417275,0.04884338,30,1,0.0,0.0,0.0,0.0,0.0,0.42552999,1.495
96.78336691,0.2277255692,0.04884338,30,1,0.0,0.0,0.0,0.0,0.0,0.416363,0.69
96.78336691,0.21507414868888888,0.04884338,30,1,0.0,0.0,0.0,0.0,0.0,0.41596699,0.28999999
96.78336691,0.27652390545714284,0.04884338,30,-1,0.0,0.0,0.0,0.0,0.0,0.46237999,0.554999975
96.78336691,0.25808897842666667,0.04884338,30,-1,0.0,0.0,0.0,0.0,0.0,0.433624,1.21
96.78336691,0.241958417275,0.04884338,30,-1,0.0,0.0,0.0,0.0,0.0,0.41534001,2.375
96.78336691,0.2277255692,0.04884338,30,-1,0.0,0.0,0.0,0.0,0.0,0.409879,4.0999999
96.78336691,0.25808897842666667,0.05128840612903225,93,1,0.0,0.0,0.0,0.0,0.0,0.37872899,3.95000005
96.78336691,0.241958417275,0.05128840612903225,93,1,0.0,0.0,0.0,0.0,0.0,0.36938599,2.645
96.78336691,0.2277255692,0.05128840612903225,93,1,0.0,0.0,0.0,0.0,0.0,0.36248401,1.68
96.78336691,0.21507414868888888,0.05128840612903225,93,1,0.0,0.0,0.0,0.0,0.0,0.35820001,1.020000005
96.78336691,0.19356673382,0.05128840612903225,93,1,0.0,0.0,0.0,0.0,0.0,0.352521,0.33
96.78336691,0.1843492703047619,0.05128840612903225,93,1,0.0,0.0,0.0,0.0,0.0,0.35567001,0.189999995
96.78336691,0.32261122303333334,0.05128840612903225,93,-1,0.0,0.0,0.0,0.0,0.0,0.432906,0.375
96.78336691,0.27652390545714284,0.05128840612903225,93,-1,0.0,0.0,0.0,0.0,0.0,0.387584,1.19999995
96.78336691,0.25808897842666667,0.05128840612903225,93,-1,0.0,0.0,0.0,0.0,0.0,0.37173501,2.01
96.78336691,0.32261122303333334,0.053776119450549456,184,-1,0.0,0.0,0.0,0.0,0.0,0.41855901,0.89500001
95.16741036,0.25377976096,0.048848037999999996,29,1,0.0,0.0,0.0,0.0,0.0,0.44268501,2.38
95.16741036,0.2379185259,0.048848037999999996,29,1,0.0,0.0,0.0,0.0,0.0,0.42944399,1.205
95.16741036,0.22392331849411765,0.048848037999999996,29,1,0.0,0.0,0.0,0.0,0.0,0.419036,0.52000001
95.16741036,0.3172247012,0.048848037999999996,29,-1,0.0,0.0,0.0,0.0,0.0,0.53260899,0.1050000005
95.16741036,0.2719068867428572,0.048848037999999996,29,-1,0.0,0.0,0.0,0.0,0.0,0.455268,0.63999999
95.16741036,0.25377976096,0.048848037999999996,29,-1,0.0,0.0,0.0,0.0,0.0,0.43620899,1.435
95.16741036,0.2379185259,0.048848037999999996,29,-1,0.0,0.0,0.0,0.0,0.0,0.42266101,2.76
95.16741036,0.25377976096,0.0513062793548387,92,1,0.0,0.0,0.0,0.0,0.0,0.37513101,3.5
95.16741036,0.2379185259,0.0513062793548387,92,1,0.0,0.0,0.0,0.0,0.0,0.364207,2.27
95.16741036,0.21148313413333333,0.0513062793548387,92,1,0.0,0.0,0.0,0.0,0.0,0.35440999,0.8250000150000001
95.16741036,0.2928228011076923,0.0513062793548387,92,-1,0.0,0.0,0.0,0.0,0.0,0.40751201,0.7750000050000001
95.16741036,0.2719068867428572,0.0513062793548387,92,-1,0.0,0.0,0.0,0.0,0.0,0.386803,1.3500000499999998
95.16741036,0.25377976096,0.0513062793548387,92,-1,0.0,0.0,0.0,0.0,0.0,0.36962599,2.23000005
95.16741036,0.2379185259,0.0513062793548387,92,-1,0.0,0.0,0.0,0.0,0.0,0.355896,3.4750000500000002
95.16741036,0.2379185259,0.05381240769230769,183,1,0.0,0.0,0.0,0.0,0.0,0.36726099,3.67499995
95.16741036,0.3172247012,0.05381240769230769,183,-1,0.0,0.0,0.0,0.0,0.0,0.41205201,0.94000003
95.16741036,0.25377976096,0.05381240769230769,183,-1,0.0,0.0,0.0,0.0,0.0,0.37692499,3.2250000500000002
95.16741036,0.22392331849411765,0.05381240769230769,183,-1,0.0,0.0,0.0,0.0,0.0,0.35546699,5.92499995
95.21713209999999,0.25391235226666664,0.04876943499999999,28,1,0.0,0.0,0.0,0.0,0.0,0.43392301,2.30499995
95.21713209999999,0.23804283024999998,0.04876943499999999,28,1,0.0,0.0,0.0,0.0,0.0,0.417281,1.12
95.21713209999999,0.22404031082352938,0.04876943499999999,28,1,0.0,0.0,0.0,0.0,0.0,0.412514,0.474999995
95.21713209999999,0.2720489488571428,0.04876943499999999,28,-1,0.0,0.0,0.0,0.0,0.0,0.454519,0.61499998
95.21713209999999,0.25391235226666664,0.04876943499999999,28,-1,0.0,0.0,0.0,0.0,0.0,0.42352,1.355
95.21713209999999,0.25391235226666664,0.05126161,91,1,0.0,0.0,0.0,0.0,0.0,0.36913499,3.45000005
95.21713209999999,0.23804283024999998,0.05126161,91,1,0.0,0.0,0.0,0.0,0.0,0.36002299,2.23
95.21713209999999,0.21159362688888886,0.05126161,91,1,0.0,0.0,0.0,0.0,0.0,0.35142201,0.7999999799999999
95.21713209999999,0.25391235226666664,0.053811090000000006,182,1,0.0,0.0,0.0,0.0,0.0,0.377399,4.92499995
96.75850604,0.2845838412941176,0.048978252666666666,32,-1,0.0,0.0,0.0,0.0,0.0,0.47947901,0.44500001
96.75850604,0.24809873343589744,0.048978252666666666,32,-1,0.0,0.0,0.0,0.0,0.0,0.43400201,1.96
96.75850604,0.25802268277333335,0.053790736,179,1,0.0,0.0,0.0,0.0,0.0,0.36886001,5.17499995
96.75850604,0.2418962651,0.053790736,179,1,0.0,0.0,0.0,0.0,0.0,0.357829,3.85
96.75850604,0.22766707303529413,0.053790736,179,1,0.0,0.0,0.0,0.0,0.0,0.35215801,2.81500005
96.75850604,0.21501890231111112,0.053790736,179,1,0.0,0.0,0.0,0.0,0.0,0.347103,2.00499995
96.75850604,0.20370211797894736,0.053790736,179,1,0.0,0.0,0.0,0.0,0.0,0.339535,1.36500005
96.75850604,0.19351701208,0.053790736,179,1,0.0,0.0,0.0,0.0,0.0,0.33738199,0.935
96.75850604,0.12094813255,0.053790736,179,1,0.0,0.0,0.0,0.0,0.0,0.43990901,0.06999999999999999
96.75850604,0.3225283534666667,0.053790736,179,-1,0.0,0.0,0.0,0.0,0.0,0.409235,0.814999995
96.75850604,0.25802268277333335,0.053790736,179,-1,0.0,0.0,0.0,0.0,0.0,0.36468101,2.8300000499999998
96.75850604,0.2418962651,0.053790736,179,-1,0.0,0.0,0.0,0.0,0.0,0.35763299,4.02499995
96.06240168,0.22872000399999998,0.049003831,31,1,0.0,0.0,0.0,0.0,0.0,0.429928,0.805000005
96.06240168,0.28253647552941175,0.049003831,31,-1,0.0,0.0,0.0,0.0,0.0,0.474702,0.45499999999999996
96.06240168,0.24631385046153845,0.049003831,31,-1,0.0,0.0,0.0,0.0,0.0,0.43597999,2.07500005
96.06240168,0.2744640048,0.05383325066666666,178,-1,0.0,0.0,0.0,0.0,0.0,0.38053101,2.0299999499999997
96.65906256000001,0.2543659541052632,0.049092460000000004,30,1,0.0,0.0,0.0,0.0,0.0,0.44958201,2.51999995
96.65906256000001,0.2842913604705883,0.049092460000000004,30,-1,0.0,0.0,0.0,0.0,0.0,0.48552901,0.42999999499999997
96.65906256000001,0.2543659541052632,0.049092460000000004,30,-1,0.0,0.0,0.0,0.0,0.0,0.444646,1.49000005
96.65906256000001,0.2478437501538462,0.049092460000000004,30,-1,0.0,0.0,0.0,0.0,0.0,0.43799499,1.9449999999999998
96.65906256000001,0.25775750016000004,0.05390649166666666,177,1,0.0,0.0,0.0,0.0,0.0,0.37241,5.17499995
96.65906256000001,0.2274330883764706,0.05390649166666666,177,1,0.0,0.0,0.0,0.0,0.0,0.352319,2.78499995
96.65906256000001,0.2761687501714286,0.05390649166666666,177,-1,0.0,0.0,0.0,0.0,0.0,0.384435,1.98999995
96.65906256000001,0.20349276328421054,0.05390649166666666,177,-1,0.0,0.0,0.0,0.0,0.0,0.337185,9.125
103.62010615999999,0.25273196624390243,0.0491711075,29,1,0.0,0.0,0.0,0.0,0.0,0.44164199,2.49500005
103.62010615999999,0.24671453847619046,0.0491711075,29,1,0.0,0.0,0.0,0.0,0.0,0.442626,2.0
103.62010615999999,0.23550024127272726,0.0491711075,29,1,0.0,0.0,0.0,0.0,0.0,0.43752399,1.2
103.62010615999999,0.23026690257777777,0.0491711075,29,1,0.0,0.0,0.0,0.0,0.0,0.43917799,0.9200000150000001
103.62010615999999,0.30476501811764706,0.0491711075,29,-1,0.0,0.0,0.0,0.0,0.0,0.50674999,0.17500000500000001
103.62010615999999,0.2878336282222222,0.0491711075,29,-1,0.0,0.0,0.0,0.0,0.0,0.477319,0.344999995
103.62010615999999,0.2726844898947368,0.0491711075,29,-1,0.0,0.0,0.0,0.0,0.0,0.46281099,0.694999995
103.62010615999999,0.2656925798974359,0.0491711075,29,-1,0.0,0.0,0.0,0.0,0.0,0.44638899,0.91499999
103.62010615999999,0.24671453847619046,0.0491711075,29,-1,0.0,0.0,0.0,0.0,0.0,0.439843,2.15499995
104.49023661,0.24878627764285713,0.049186354,28,1,0.0,0.0,0.0,0.0,0.0,0.42630699,2.04999995
104.49023661,0.22715268828260868,0.049186354,28,1,0.0,0.0,0.0,0.0,0.0,0.42067099,0.6700000150000001
104.49023661,0.3073242253235294,0.049186354,28,-1,0.0,0.0,0.0,0.0,0.0,0.48688501,0.12000000000000001
104.49023661,0.2679236836153846,0.049186354,28,-1,0.0,0.0,0.0,0.0,0.0,0.433878,0.7599999900000001
104.49023661,0.26122559152499997,0.049186354,28,-1,0.0,0.0,0.0,0.0,0.0,0.43002099,1.06
104.49023661,0.23747781047727273,0.049186354,28,-1,0.0,0.0,0.0,0.0,0.0,0.42337,3.07500005
105.80786272,0.2519234826666667,0.049454863333333335,32,1,0.0,0.0,0.0,0.0,0.0,0.41828299,2.4750000500000002
105.80786272,0.23512858382222224,0.049454863333333335,32,1,0.0,0.0,0.0,0.0,0.0,0.41143399,1.185
105.80786272,0.2645196568,0.049454863333333335,32,-1,0.0,0.0,0.0,0.0,0.0,0.42133701,0.970000015
105.80786272,0.25806795785365855,0.049454863333333335,32,-1,0.0,0.0,0.0,0.0,0.0,0.41563901,1.3
105.80786272,0.2519234826666667,0.049454863333333335,32,-1,0.0,0.0,0.0,0.0,0.0,0.413513,1.72
105.80786272,0.24606479702325582,0.049454863333333335,32,-1,0.0,0.0,0.0,0.0,0.0,0.40603399,2.19000005
106.57854968999999,0.25994768217073166,0.049524145,31,1,0.0,0.0,0.0,0.0,0.0,0.34321499,2.88499995
106.57854968999999,0.2537584516428571,0.049524145,31,1,0.0,0.0,0.0,0.0,0.0,0.33933601,2.245
106.57854968999999,0.2368412215333333,0.049524145,31,1,0.0,0.0,0.0,0.0,0.0,0.32981899,0.88499999
106.57854968999999,0.32296530209090907,0.049524145,31,-1,0.0,0.0,0.0,0.0,0.0,0.46049601,0.045000002
105.45981054,0.23435513453333334,0.04959709,30,1,0.0,0.0,0.0,0.0,0.0,0.34248599,0.77000001
105.45981054,0.22926045769565218,0.04959709,30,1,0.0,0.0,0.0,0.0,0.0,0.34513599,0.544999985
105.45981054,0.20280732796153847,0.04959709,30,1,0.0,0.0,0.0,0.0,0.0,0.392151,0.08
105.45981054,0.24525537334883724,0.04959709,30,-1,0.0,0.0,0.0,0.0,0.0,0.34368801,1.8999999500000002
107.54812362,0.26231249663414635,0.04964655900000001,29,1,0.0,0.0,0.0,0.0,0.0,0.38367701,3.2749999499999998
107.54812362,0.23899583026666665,0.04964655900000001,29,1,0.0,0.0,0.0,0.0,0.0,0.35599801,1.0899999999999999
107.54812362,0.2288257949361702,0.04964655900000001,29,1,0.0,0.0,0.0,0.0,0.0,0.353293,0.544999985
107.54812362,0.256066961,0.04964655900000001,29,-1,0.0,0.0,0.0,0.0,0.0,0.34814599,1.0550000000000002
107.54812362,0.2501119153953488,0.04964655900000001,29,-1,0.0,0.0,0.0,0.0,0.0,0.34419301,1.47
108.02048015,0.24004551144444444,0.049667091000000003,28,1,0.0,0.0,0.0,0.0,0.0,0.34788799,1.095
108.02048015,0.23482713076086956,0.049667091000000003,28,1,0.0,0.0,0.0,0.0,0.0,0.34845799,0.784999995
108.02048015,0.24550109125,0.049667091000000003,28,-1,0.0,0.0,0.0,0.0,0.0,0.34911501,1.8950000500000002
107.29951492,0.23844336648888886,0.05001698966666667,31,1,0.0,0.0,0.0,0.0,0.0,0.341818,1.04500005
104.11732356,0.2813981717837838,0.05016245700000001,28,1,0.0,0.0,0.0,0.0,0.0,0.37080601,5.22500015
104.11732356,0.24789838942857143,0.05016245700000001,28,1,0.0,0.0,0.0,0.0,0.0,0.332277,1.5550000000000002
104.11732356,0.24789838942857143,0.05016245700000001,28,-1,0.0,0.0,0.0,0.0,0.0,0.332495,1.52999995
104.11732356,0.23663028081818183,0.05016245700000001,28,-1,0.0,0.0,0.0,0.0,0.0,0.32617599,2.74
105.90730620000001,0.26476826550000004,0.050421948,32,1,0.0,0.0,0.0,0.0,0.0,0.36542499,3.5
105.90730620000001,0.23534956933333334,0.050421948,32,1,0.0,0.0,0.0,0.0,0.0,0.33036301,0.824999985
105.90730620000001,0.22296274989473686,0.050421948,32,1,0.0,0.0,0.0,0.0,0.0,0.33512399,0.33499999
105.90730620000001,0.26476826550000004,0.050421948,32,-1,0.0,0.0,0.0,0.0,0.0,0.35343799,0.6799999800000001
105.90730620000001,0.24919366164705883,0.050421948,32,-1,0.0,0.0,0.0,0.0,0.0,0.33356899,1.54500005
102.05387135,0.255134678375,0.05047363600000001,31,1,0.0,0.0,0.0,0.0,0.0,0.36401299,2.39
102.05387135,0.24012675611764706,0.05047363600000001,31,1,0.0,0.0,0.0,0.0,0.0,0.349733,1.135
102.05387135,0.22678638077777777,0.05047363600000001,31,1,0.0,0.0,0.0,0.0,0.0,0.34320301,0.45000000500000004
102.05387135,0.2148502554736842,0.05047363600000001,31,1,0.0,0.0,0.0,0.0,0.0,0.35063401,0.170000005
102.05387135,0.20410774269999998,0.05047363600000001,31,1,0.0,0.0,0.0,0.0,0.0,0.363812,0.0649999995
102.05387135,0.2721436569333333,0.05047363600000001,31,-1,0.0,0.0,0.0,0.0,0.0,0.38499501,0.48999999499999997
102.05387135,0.255134678375,0.05047363600000001,31,-1,0.0,0.0,0.0,0.0,0.0,0.35700899,1.145
102.05387135,0.24012675611764706,0.05047363600000001,31,-1,0.0,0.0,0.0,0.0,0.0,0.340011,2.38
100.48763654,0.25121909135,0.05048234,30,1,0.0,0.0,0.0,0.0,0.0,0.35762599,1.94999995
100.48763654,0.23644149774117645,0.05048234,30,1,0.0,0.0,0.0,0.0,0.0,0.34541899,0.8549999850000001
100.48763654,0.22330585897777777,0.05048234,30,1,0.0,0.0,0.0,0.0,0.0,0.34765899,0.329999995
100.48763654,0.21155291903157894,0.05048234,30,1,0.0,0.0,0.0,0.0,0.0,0.35990599,0.125
100.48763654,0.20097527308,0.05048234,30,1,0.0,0.0,0.0,0.0,0.0,0.377563,0.05000000189999999
100.48763654,0.3091927278153846,0.05048234,30,-1,0.0,0.0,0.0,0.0,0.0,0.48284,0.1149999995
100.48763654,0.28710753297142855,0.05048234,30,-1,0.0,0.0,0.0,0.0,0.0,0.41555101,0.229999995
100.48763654,0.26796703077333334,0.05048234,30,-1,0.0,0.0,0.0,0.0,0.0,0.37541199,0.564999995
100.48763654,0.25121909135,0.05048234,30,-1,0.0,0.0,0.0,0.0,0.0,0.35125801,1.3450000000000002
100.48763654,0.23644149774117645,0.05048234,30,-1,0.0,0.0,0.0,0.0,0.0,0.33697,2.75
100.16444523,0.25041111307499997,0.0504804695,29,1,0.0,0.0,0.0,0.0,0.0,0.37201801,1.90999995
100.16444523,0.2356810476,0.0504804695,29,1,0.0,0.0,0.0,0.0,0.0,0.357418,0.8350000049999999
100.16444523,0.22258765606666667,0.0504804695,29,1,0.0,0.0,0.0,0.0,0.0,0.35596699,0.314999995
100.16444523,0.3338814841,0.0504804695,29,-1,0.0,0.0,0.0,0.0,0.0,0.54964101,0.0549999999
100.16444523,0.25041111307499997,0.0504804695,29,-1,0.0,0.0,0.0,0.0,0.0,0.35311601,1.385
100.16444523,0.2356810476,0.0504804695,29,-1,0.0,0.0,0.0,0.0,0.0,0.336032,2.81499995
98.79709738,0.24699274345,0.05045989799999999,28,1,0.0,0.0,0.0,0.0,0.0,0.34626001,1.46
98.79709738,0.23246375854117646,0.05045989799999999,28,1,0.0,0.0,0.0,0.0,0.0,0.34052601,0.574999985
98.79709738,0.21954910528888888,0.05045989799999999,28,1,0.0,0.0,0.0,0.0,0.0,0.353293,0.21500000000000002
98.79709738,0.20799388922105264,0.05045989799999999,28,1,0.0,0.0,0.0,0.0,0.0,0.37469399,0.0849999995
98.79709738,0.19759419475999998,0.05045989799999999,28,1,0.0,0.0,0.0,0.0,0.0,0.41899899,0.05000000189999999
98.79709738,0.2634589263466667,0.05045989799999999,28,-1,0.0,0.0,0.0,0.0,0.0,0.36737999,0.6599999999999999
98.79709738,0.24699274345,0.05045989799999999,28,-1,0.0,0.0,0.0,0.0,0.0,0.345153,1.59
98.79709738,0.23246375854117646,0.05045989799999999,28,-1,0.0,0.0,0.0,0.0,0.0,0.34256101,3.2250000500000002
98.79709738,0.21954910528888888,0.05045989799999999,28,-1,0.0,0.0,0.0,0.0,0.0,0.35180101,5.375
100.43791479999999,0.2335765460465116,0.05067444466666667,32,1,0.0,0.0,0.0,0.0,0.0,0.349731,0.775000005
100.48763654,0.23925627747619047,0.050703439999999995,31,1,0.0,0.0,0.0,0.0,0.0,0.34666601,1.05
100.48763654,0.2791323237222222,0.050703439999999995,31,-1,0.0,0.0,0.0,0.0,0.0,0.390293,0.32499999999999996
102.94886266999998,0.2339746878863636,0.050935650666666665,32,1,0.0,0.0,0.0,0.0,0.0,0.34625399,0.7999999799999999
102.94886266999998,0.25737215667499996,0.050935650666666665,32,-1,0.0,0.0,0.0,0.0,0.0,0.35576901,1.03499995
103.29691485,0.25194369475609757,0.050960597,31,-1,0.0,0.0,0.0,0.0,0.0,0.340379,1.315
105.70841924000001,0.27104722882051285,0.050964380000000004,30,-1,0.0,0.0,0.0,0.0,0.0,0.35981199,0.43999999999999995
105.70841924000001,0.2578254127804878,0.050964380000000004,30,-1,0.0,0.0,0.0,0.0,0.0,0.34371901,0.935000005
111.873915,0.2486087,0.050970961,29,1,0.0,0.0,0.0,0.0,0.0,0.34913501,1.855
111.873915,0.24320416304347825,0.050970961,29,1,0.0,0.0,0.0,0.0,0.0,0.34525901,1.38500005
111.873915,0.2380296063829787,0.050970961,29,1,0.0,0.0,0.0,0.0,0.0,0.33983001,0.994999995
111.873915,0.2542588977272727,0.050970961,29,-1,0.0,0.0,0.0,0.0,0.0,0.344962,1.205
111.873915,0.2486087,0.050970961,29,-1,0.0,0.0,0.0,0.0,0.0,0.34208599,1.65
